step,time,mass,peak,area,gyradius,cx_cells,cy_cells,alive,growth,x_cells,y_cells,speed
0,0,0.559902541,1,1.23076923,0.550166772,60.7764319,63.8756455,1,nan,60.7764319,63.8756455,nan
10,1,0.519860017,1,1.14792899,0.517481323,60.9477646,57.4646947,1,0.534016752,60.9477646,57.4646947,0.493326142
20,2,0.522501638,1,1.18934911,0.516002053,66.7430373,58.555876,1,0.598645881,66.7430373,58.555876,0.453623561
30,3,0.534218261,1,1.15976331,0.516599629,65.0762441,64.090337,1,0.667647472,65.0762441,64.090337,0.44461577
40,4,0.539346364,1,1.17159763,0.514728909,59.9417971,61.8280048,1,0.583966784,59.9417971,61.8280048,0.431597371
50,5,0.530673972,1,1.25443787,0.514652505,62.4760127,56.8713603,1,0.516112766,62.4760127,56.8713603,0.428224447
60,6,0.521795404,1,1.20710059,0.518360776,67.2770117,59.8472323,1,0.513988995,67.2770117,59.8472323,0.434499
70,7,0.506798493,1,1.15976331,0.509851996,63.8529003,64.8568088,1,0.513975711,63.8529003,64.8568088,0.466767787
80,8,0.505416891,1,1.0887574,0.50637635,59.2015293,60.9693535,1,0.503343368,59.2015293,60.9693535,0.46630589
90,9,0.507809747,1,1.13609467,0.512778063,63.3743023,56.7440122,1,0.527835289,63.3743023,56.7440122,0.456806146
100,10,0.524976925,1,1.13017751,0.517461924,66.9188672,61.3294576,1,0.641817235,66.9188672,61.3294576,0.445823816
110,11,0.540354735,1,1.20118343,0.518311419,62.0940568,64.1572269,1,0.646113158,62.0940568,64.1572269,0.430185558
120,12,0.530834669,1,1.20118343,0.514515049,59.8600802,58.9717929,1,0.523246651,59.8600802,58.9717929,0.434321734
130,13,0.522648178,1,1.21301775,0.51540811,65.214189,57.0796746,1,0.510275078,65.214189,57.0796746,0.436816031
140,14,0.522475955,1,1.18343195,0.519176646,67.0354983,62.4648283,1,0.514198669,67.0354983,62.4648283,0.437292967
150,15,0.517799811,1,1.13017751,0.519647991,61.4855232,64.0364907,1,0.498666691,61.4855232,64.0364907,0.443709124
160,16,0.518777667,1,1.14792899,0.519069615,60.2236964,58.2888405,1,0.526726733,60.2236964,58.2888405,0.45265613
170,17,0.517406701,1,1.17751479,0.514820573,66.1650625,57.5363362,1,0.582246907,66.1650625,57.5363362,0.460679291
180,18,0.520587415,1,1.13609467,0.515940461,66.1774286,63.2634181,1,0.623472347,66.1774286,63.2634181,0.44054579
190,19,0.535776968,1,1.17159763,0.512520723,60.5568733,62.7435425,1,0.659238416,60.5568733,62.7435425,0.434195934
200,20,0.52709404,1,1.19526627,0.518047154,61.985813,57.279473,1,0.510614445,61.985813,57.279473,0.43444806
210,21,0.521954689,1,1.20118343,0.51561934,67.4264569,58.7663199,1,0.512957463,67.4264569,58.7663199,0.433857881
220,22,0.516188947,1,1.14792899,0.516248691,65.7291741,64.3637122,1,0.491575855,65.7291741,64.3637122,0.449928134
230,23,0.517501907,1,1.10650888,0.51538935,60.3096235,62.4440455,1,0.492674054,60.3096235,62.4440455,0.442268556
240,24,0.513454476,1,1.13017751,0.521080879,62.6322868,57.0730817,1,0.508032231,62.6322868,57.0730817,0.450128302
250,25,0.526003992,1,1.18343195,0.523271438,67.7309068,59.8740712,1,0.606827581,67.7309068,59.8740712,0.447487842
260,26,0.537860303,1,1.15976331,0.517131289,64.1090116,64.5109691,1,0.658064838,64.1090116,64.5109691,0.452598979
270,27,0.532515387,1,1.25443787,0.516911993,60.1465679,60.3052194,1,0.526909184,60.1465679,60.3052194,0.444488207
280,28,0.520969236,1,1.21301775,0.509811825,64.5154666,56.54187,1,0.510229622,64.5154666,56.54187,0.443560602
290,29,0.521809521,1,1.19526627,0.513230108,67.9421549,61.0572609,1,0.511634736,67.9421549,61.0572609,0.436032048
300,30,0.512815562,1,1.13609467,0.51342179,63.087254,64.5136225,1,0.490349884,63.087254,64.5136225,0.458428611
310,31,0.51717422,1,1.1183432,0.518265388,60.0150689,59.7725297,1,0.490831518,60.0150689,59.7725297,0.434573057
320,32,0.508588554,1,1.14792899,0.517062395,65.2035987,56.9730434,1,0.520133677,65.2035987,56.9730434,0.453506815
330,33,0.533484019,1,1.20118343,0.521848296,67.2553048,62.3226388,1,0.635113108,67.2553048,62.3226388,0.440734118
340,34,0.537004322,1,1.14792899,0.514664317,61.5333696,63.6788352,1,0.65858474,61.5333696,63.6788352,0.452343085
350,35,0.531366899,1,1.23668639,0.516027817,61.1297006,57.9254067,1,0.510379861,61.1297006,57.9254067,0.443659398
360,36,0.528949788,1,1.23668639,0.511532012,66.7008662,57.6014419,1,0.517513661,66.7008662,57.6014419,0.429275148
370,37,0.523452735,1,1.18934911,0.520874293,66.6989416,63.2044543,1,0.506132039,66.6989416,63.2044543,0.43100098
380,38,0.51492397,1,1.14201183,0.514420445,60.8382953,63.0630646,1,0.499630577,60.8382953,63.0630646,0.450950121
390,39,0.516587554,1,1.13017751,0.52075573,61.4203861,57.3075565,1,0.510651924,61.4203861,57.3075565,0.444989879
400,40,0.518193902,1,1.14792899,0.516371818,67.2843612,58.4964026,1,0.574376224,67.2843612,58.4964026,0.460251788
410,41,0.530303536,1,1.16568047,0.516390276,65.1580254,64.0137114,1,0.66115619,65.1580254,64.0137114,0.454835947
420,42,0.539333243,1,1.19526627,0.51387325,60.0875597,61.3136254,1,0.608927457,60.0875597,61.3136254,0.441890011
430,43,0.535327896,1,1.24260355,0.517986816,63.1089053,56.6038012,1,0.530237823,63.1089053,56.6038012,0.430432377
440,44,0.530670165,1,1.21301775,0.517232964,67.6922521,59.6544519,1,0.521018826,67.6922521,59.6544519,0.423521006
450,45,0.521503173,1,1.19526627,0.51843464,64.1094179,64.1994843,1,0.498180298,64.1094179,64.1994843,0.445184757
460,46,0.513388295,1,1.16568047,0.516217753,59.6119815,60.5185938,1,0.491976783,59.6119815,60.5185938,0.447054054
470,47,0.513658778,1,1.11242604,0.517950071,63.5471578,56.2295463,1,0.51146,63.5471578,56.2295463,0.447752715
480,48,0.511970895,1,1.17159763,0.515358862,67.5326087,60.5697252,1,0.545281245,67.5326087,60.5697252,0.453265417
490,49,0.534016569,1,1.12426036,0.518628871,62.4613311,63.6299142,1,0.661058628,62.4613311,63.6299142,0.455619832
500,50,0.536447012,1,1.18343195,0.512587038,60.0380272,58.4778911,1,0.636540561,60.0380272,58.4778911,0.437960201
510,51,0.530178282,1,1.22485207,0.519787534,65.3815231,56.6931917,1,0.51135752,65.3815231,56.6931917,0.433358299
520,52,0.515959384,1,1.20118343,0.510352738,66.9444842,62.3086481,1,0.508889332,66.9444842,62.3086481,0.448377731
530,53,0.514835289,1,1.14201183,0.515336491,61.2101491,63.6139894,1,0.499208198,61.2101491,63.6139894,0.452386929
540,54,0.514465334,1,1.11242604,0.514840264,59.9470102,58.023078,1,0.468701717,59.9470102,58.023078,0.44090956
550,55,0.519702732,1,1.14201183,0.522178501,65.5980164,57.3087015,1,0.524475813,65.5980164,57.3087015,0.438152423
560,56,0.509147888,1,1.14792899,0.514790668,65.8328673,63.2755307,1,0.578926092,65.8328673,63.2755307,0.45934225
570,57,0.536720128,1,1.17751479,0.517014464,60.1769187,62.5832597,1,0.658611393,60.1769187,62.5832597,0.438319768
580,58,0.539906712,1,1.23076923,0.521843301,61.6610322,57.1704545,1,0.556696919,61.6610322,57.1704545,0.431736909
590,59,0.535876809,1,1.21893491,0.514185924,66.9915322,58.6889626,1,0.524366966,66.9915322,58.6889626,0.426351645
600,60,0.521898881,1,1.19526627,0.516314985,64.9891342,63.9952425,1,0.514172768,64.9891342,63.9952425,0.436271212
610,61,0.514402134,1,1.16568047,0.517330267,59.61587,61.6927099,1,0.504922625,59.61587,61.6927099,0.449678545
620,62,0.514672641,1,1.15384615,0.514163756,62.4898097,56.4449232,1,0.537403248,62.4898097,56.4449232,0.460246874
630,63,0.504377793,1,1.14792899,0.506046531,67.600686,59.6931521,1,0.530027151,67.600686,59.6931521,0.465826536
640,64,0.493052136,1,1.10059172,0.509145382,64.2914792,64.2618679,1,0.499852275,64.2914792,64.2618679,0.433944437
650,65,0.528469797,1,1.13017751,0.521396419,60.3015373,60.5910207,1,0.649723885,60.3015373,60.5910207,0.417053309
660,66,0.533454854,1,1.17159763,0.510072669,64.4444652,56.8344479,1,0.642197133,64.4444652,56.8344479,0.430189795
670,67,0.526995438,1,1.17159763,0.516688557,67.4406973,61.449243,1,0.499305685,67.4406973,61.449243,0.423242915
680,68,0.520450334,1,1.19526627,0.51878405,62.4969152,64.3675069,1,0.517374099,62.4969152,64.3675069,0.441603089
690,69,0.510657449,1,1.13609467,0.512040501,59.5762949,59.2056087,1,0.495234341,59.5762949,59.2056087,0.45622075
700,70,0.508510058,1,1.06508876,0.512841811,64.7439367,56.5137914,1,0.471356881,64.7439367,56.5137914,0.448207493
710,71,0.514908857,1,1.13609467,0.522096157,67.013496,61.739787,1,0.524059083,67.013496,61.739787,0.438272082
720,72,0.533424926,1,1.17751479,0.521267496,61.2429999,63.1064058,1,0.660519386,61.2429999,63.1064058,0.456162745
730,73,0.530746042,1,1.20118343,0.50856031,60.7567643,57.2771731,1,0.609243339,60.7567643,57.2771731,0.449959748
740,74,0.526968255,1,1.21301775,0.514521594,66.491832,57.5097409,1,0.517946433,66.491832,57.5097409,0.441521637
750,75,0.529590602,1,1.24260355,0.511596378,66.3654256,62.9933206,1,0.515348158,66.3654256,62.9933206,0.42192588
760,76,0.524508189,1,1.15976331,0.521180191,60.8537882,62.5250262,1,0.50522592,60.8537882,62.5250262,0.425499681
770,77,0.519235903,1,1.13609467,0.522138319,61.4429556,56.7628313,1,0.503119446,61.4429556,56.7628313,0.445556681
780,78,0.514593428,1,1.11242604,0.516029604,67.3587162,57.9334803,1,0.537008987,67.3587162,57.9334803,0.463882777
790,79,0.512901718,1,1.18343195,0.509092032,65.5495538,63.7340189,1,0.581331874,65.5495538,63.7340189,0.467394368
800,80,0.513743465,1,1.19526627,0.50900462,60.0786232,61.6461707,1,0.598703433,60.0786232,61.6461707,0.450444826
810,81,0.532197727,1,1.16568047,0.512866648,62.7260017,56.6627147,1,0.66585126,62.7260017,56.6627147,0.434076907
820,82,0.538255204,1,1.26627219,0.514894305,67.2240717,59.824215,1,0.553068357,67.2240717,59.824215,0.422921075
830,83,0.532296494,1,1.22485207,0.516836717,63.9754484,64.1093001,1,0.518812683,63.9754484,64.1093001,0.413639549
840,84,0.514498668,1,1.18343195,0.514839274,59.6378305,60.1700342,1,0.50424849,59.6378305,60.1700342,0.450724237
850,85,0.508625723,1,1.0887574,0.506173318,63.8906377,55.8814183,1,0.51432893,63.8906377,55.8814183,0.464596253
860,86,0.508291975,1,1.10650888,0.511208528,67.9691639,60.3134041,1,0.482764467,67.9691639,60.3134041,0.463309895
870,87,0.501318965,1,1.1183432,0.513621343,63.8063008,64.2342071,1,0.464762864,63.8063008,64.2342071,0.439890552
880,88,0.514150987,1,1.15384615,0.520887898,60.446125,59.9100037,1,0.554544761,60.446125,59.9100037,0.421251426
890,89,0.512646063,1,1.13609467,0.514461547,65.0026323,56.7993735,1,0.610992494,65.0026323,56.7993735,0.424388034
900,90,0.53912698,1,1.20710059,0.51715944,67.2298374,62.0482154,1,0.562694538,67.2298374,62.0482154,0.438601756
910,91,0.521642424,1,1.20710059,0.513357569,61.7137503,63.6624267,1,0.512172026,61.7137503,63.6624267,0.44210962
920,92,0.519131956,1,1.17159763,0.514773809,60.3183655,58.0629218,1,0.513065992,60.3183655,58.0629218,0.443903839
930,93,0.512940292,1,1.10650888,0.514264992,66.1128607,56.8009101,1,0.487593983,66.1128607,56.8009101,0.456179453
940,94,0.514100093,1,1.13609467,0.517049858,67.1632394,62.4602476,1,0.498131294,67.1632394,62.4602476,0.442768296
950,95,0.511671714,1,1.14201183,0.519003637,61.3064004,63.0501366,1,0.542885712,61.3064004,63.0501366,0.45280541
960,96,0.521818615,1,1.13609467,0.518425881,61.4483696,57.306714,1,0.622475744,61.4483696,57.306714,0.441936689
970,97,0.544739315,1,1.18934911,0.519804693,67.0733285,58.2486224,1,0.610500739,67.0733285,58.2486224,0.438713513
980,98,0.527588198,1,1.21301775,0.513233441,65.4834819,63.8446147,1,0.519191708,65.4834819,63.8446147,0.447496275
990,99,0.52849737,1,1.22485207,0.511202686,60.207721,62.2057551,1,0.524180714,60.207721,62.2057551,0.424957463
1000,100,0.519688897,1,1.19526627,0.520141641,62.2380919,56.800823,1,0.500675029,62.2380919,56.800823,0.444131338
1010,101,0.513070055,1,1.1183432,0.514223499,67.574926,58.7952293,1,0.485533202,67.574926,58.7952293,0.438255386
1020,102,0.512855937,1,1.12426036,0.516503938,64.9827095,63.9483664,1,0.506635014,64.9827095,63.9483664,0.443722874
1030,103,0.523474598,1,1.16568047,0.521845141,60.0609676,60.8312897,1,0.590787395,60.0609676,60.8312897,0.44813691
1040,104,0.539411789,1,1.17159763,0.521104851,63.7685369,56.3206411,1,0.665569799,63.7685369,56.3206411,0.449141327
1050,105,0.537225891,1,1.21301775,0.51099429,67.7411345,60.5643964,1,0.586792275,67.7411345,60.5643964,0.447153994
1060,106,0.525019434,1,1.23668639,0.512163697,63.0875729,64.0142925,1,0.516454501,63.0875729,64.0142925,0.44560589
1070,107,0.515454419,1,1.19526627,0.508028589,59.6645512,59.3250482,1,0.504361853,59.6645512,59.3250482,0.446591885
1080,108,0.524364885,1,1.18343195,0.517059106,64.0094218,56.2047576,1,0.510791106,64.0094218,56.2047576,0.411478167
1090,109,0.519102486,1,1.13609467,0.520061749,67.1058952,61.0260759,1,0.487172437,67.1058952,61.0260759,0.440771636
1100,110,0.517743149,1,1.15384615,0.516826564,61.8748398,63.807103,1,0.530366235,61.8748398,63.807103,0.455720074
1110,111,0.527552932,1,1.20118343,0.51995282,59.6828243,58.2803605,1,0.600929812,59.6828243,58.2803605,0.457351616
1120,112,0.529106685,1,1.14201183,0.515522039,65.263513,56.6653486,1,0.645047006,65.263513,56.6653486,0.446898255
1130,113,0.538712431,1,1.19526627,0.51352511,66.2030618,62.323512,1,0.630395651,66.2030618,62.323512,0.441203065
1140,114,0.535222876,1,1.21301775,0.517778397,60.6327484,62.7863963,1,0.528227551,60.6327484,62.7863963,0.429962521
1150,115,0.527703997,1,1.19526627,0.518233609,60.4057253,57.2083843,1,0.522823519,60.4057253,57.2083843,0.429433076
1160,116,0.522604502,1,1.17751479,0.520151531,66.1611097,57.2416027,1,0.496792028,66.1611097,57.2416027,0.442729251
1170,117,0.513465797,1,1.10059172,0.514226049,66.0071185,63.2224833,1,0.5051657,66.0071185,63.2224833,0.460220211
1180,118,0.514046881,1,1.13609467,0.517136246,60.1223775,62.5055462,1,0.527680717,60.1223775,62.5055462,0.456019409
1190,119,0.519739761,1,1.14201183,0.515811678,61.5246072,56.6936486,1,0.600300563,61.5246072,56.6936486,0.45989709
1200,120,0.531401763,1,1.18934911,0.514922032,67.0290656,58.9062725,1,0.665377078,67.0290656,58.9062725,0.45634752
1210,121,0.534876853,1,1.18934911,0.512642993,64.2822644,63.9075212,1,0.57651807,64.2822644,63.9075212,0.438916139
1220,122,0.528505297,1,1.24852071,0.518691903,59.6321831,60.7158347,1,0.511533265,59.6321831,60.7158347,0.433849693
1230,123,0.520618041,1,1.19526627,0.512416405,62.8641841,56.0440582,1,0.512098762,62.8641841,56.0440582,0.436983514
1240,124,0.51353334,1,1.16568047,0.515945287,67.3791678,59.800843,1,0.495667614,67.3791678,59.800843,0.451811019
1250,125,0.511352426,1,1.0887574,0.512837052,63.6414128,64.188661,1,0.487196016,63.6414128,64.188661,0.44338504
1260,126,0.510101237,1,1.14201183,0.518839088,59.4502718,60.1557485,1,0.49966619,59.4502718,60.1557485,0.447412332
1270,127,0.515712424,1,1.17751479,0.517315783,63.9273942,56.4893257,1,0.585528745,63.9273942,56.4893257,0.445139972
1280,128,0.538884839,1,1.15384615,0.515649996,66.6542469,61.6349658,1,0.63678575,66.6542469,61.6349658,0.447962764
1290,129,0.529020061,1,1.21893491,0.513950267,61.2675875,63.6914931,1,0.521004878,61.2675875,63.6914931,0.443529451
1300,130,0.525319961,1,1.20710059,0.516626943,59.4834072,58.2904324,1,0.508241987,59.4834072,58.2904324,0.437548009
1310,131,0.515831414,1,1.15976331,0.512175689,65.0700732,56.5545531,1,0.500037907,65.0700732,56.5545531,0.450010616
1320,132,0.512041467,1,1.1183432,0.512537632,66.6873182,62.1921209,1,0.490927918,66.6873182,62.1921209,0.451150091
1330,133,0.510331086,1,1.12426036,0.515696261,61.2148914,63.689187,1,0.464086689,61.2148914,63.689187,0.436423481
1340,134,0.525323622,1,1.20710059,0.527242969,60.2562133,58.1737134,1,0.563299546,60.2562133,58.1737134,0.430628499
1350,135,0.53053854,1,1.15384615,0.517472644,66.1684402,57.9708054,1,0.651913087,66.1684402,57.9708054,0.455054442
1360,136,0.536863334,1,1.21301775,0.514710787,65.3612434,63.8310519,1,0.611657218,65.3612434,63.8310519,0.455044413
1370,137,0.525131072,1,1.20710059,0.506287306,59.7563708,62.3744737,1,0.517509678,59.7563708,62.3744737,0.445465093
1380,138,0.522724046,1,1.17751479,0.513478975,61.5804182,57.1329875,1,0.515113129,61.5804182,57.1329875,0.426908011
1390,139,0.520119953,1,1.14792899,0.520716783,66.9224328,59.172396,1,0.500204405,66.9224328,59.172396,0.439851423
1400,140,0.511256695,1,1.10059172,0.515133918,64.7102088,64.6697549,1,0.490860492,64.7102088,64.6697549,0.455829376
1410,141,0.511715538,1,1.09467456,0.516004833,59.4254047,62.0290167,1,0.518809355,59.4254047,62.0290167,0.45444975
1420,142,0.519899979,1,1.15976331,0.515147161,62.7878701,57.120812,1,0.601878735,62.7878701,57.120812,0.457654465
1430,143,0.537640988,1,1.17159763,0.521745378,67.0362735,61.1392545,1,0.662000683,67.0362735,61.1392545,0.449831074
1440,144,0.535750135,1,1.24260355,0.516643406,62.7118906,64.8917106,1,0.541433829,62.7118906,64.8917106,0.440422163
1450,145,0.528054394,1,1.21893491,0.509635574,59.2876567,60.3570372,1,0.504504447,59.2876567,60.3570372,0.437100719
1460,146,0.525293796,1,1.20710059,0.523337631,64.0449423,57.2949273,1,0.513930381,64.0449423,57.2949273,0.435198946
1470,147,0.512542224,1,1.10059172,0.5155121,67.2822568,62.1786328,1,0.480819044,67.2822568,62.1786328,0.45071137
1480,148,0.520337168,1,1.14201183,0.522654832,62.7242068,65.0103696,1,0.48727026,62.7242068,65.0103696,0.412773511
1490,149,0.512054112,1,1.16568047,0.517462279,60.0260845,59.7435444,1,0.53001994,60.0260845,59.7435444,0.455208591
1500,150,0.522872796,1,1.18343195,0.517014941,65.4579484,57.740979,1,0.603815747,65.4579484,57.740979,0.445326913
1510,151,0.534244369,1,1.16568047,0.515852414,66.5658397,63.5514609,1,0.668366267,66.5658397,63.5514609,0.455012344
1520,152,0.539463332,1,1.21893491,0.517955644,61.0036016,63.8932419,1,0.545422302,61.0036016,63.8932419,0.428671449
1530,153,0.526655103,1,1.23076923,0.512947945,60.904254,58.1885975,1,0.50674312,60.904254,58.1885975,0.43888534
1540,154,0.521398367,1,1.18934911,0.518125972,66.5788467,58.4133338,1,0.507986638,66.5788467,58.4133338,0.436849321
1550,155,0.512505977,1,1.12426036,0.513016431,66.0880898,64.2634233,1,0.511971848,66.0880898,64.2634233,0.451587526
1560,156,0.511172059,1,1.11242604,0.515020588,60.2458177,63.3480813,1,0.505331149,60.2458177,63.3480813,0.454887948
1570,157,0.515527804,1,1.14792899,0.515531829,61.6423177,57.5615514,1,0.54796711,61.6423177,57.5615514,0.45789679
1580,158,0.519223162,1,1.15384615,0.51471929,67.0786716,59.7015516,1,0.634972075,67.0786716,59.7015516,0.449414769
1590,159,0.542529307,1,1.15976331,0.516853174,64.2493517,64.626755,1,0.641100362,64.2493517,64.626755,0.436924967
1600,160,0.53404329,1,1.22485207,0.520759081,59.6989323,61.1937037,1,0.529704936,59.6989323,61.1937037,0.4384761
1610,161,0.531061426,1,1.22485207,0.518195016,63.026396,56.8192381,1,0.520458258,63.026396,56.8192381,0.422782862
1620,162,0.515348353,1,1.14201183,0.513671793,67.4079635,60.6557182,1,0.506095518,67.4079635,60.6557182,0.447985064
1630,163,0.512876216,1,1.1183432,0.513642631,63.2832936,64.8583075,1,0.503834344,63.2832936,64.8583075,0.452963014
1640,164,0.509864285,1,1.09467456,0.514931818,59.2668509,60.5535759,1,0.479052953,59.2668509,60.5535759,0.452883765
1650,165,0.51492266,1,1.13609467,0.520495413,63.6593715,57.0193862,1,0.527931669,63.6593715,57.0193862,0.433676547
1660,166,0.530311611,1,1.18934911,0.521639647,66.6494004,61.9307824,1,0.646310765,66.6494004,61.9307824,0.442304913
1670,167,0.539652258,1,1.14201183,0.514312985,61.4799676,64.3396905,1,0.64111164,61.4799676,64.3396905,0.43870353
1680,168,0.531314605,1,1.21893491,0.516554689,59.8422453,58.8612235,1,0.519504905,59.8422453,58.8612235,0.439847572
1690,169,0.51906974,1,1.18343195,0.51334883,65.5408289,57.4940731,1,0.508570434,65.5408289,57.4940731,0.450791256
1700,170,0.515014302,1,1.13017751,0.513583832,66.6757004,63.2230165,1,0.502976656,66.6757004,63.2230165,0.449251357
1710,171,0.514033281,1,1.14201183,0.516195274,60.9321008,64.1251803,1,0.47687067,60.9321008,64.1251803,0.447232353
1720,172,0.51982751,1,1.12426036,0.519126883,60.3838147,58.3429453,1,0.529047594,60.3838147,58.3429453,0.44678244
1730,173,0.520025186,1,1.17159763,0.518129273,66.3924714,58.4800587,1,0.592228124,66.3924714,58.4800587,0.462324687
1740,174,0.51734064,1,1.10650888,0.513373513,65.8836116,64.1540801,1,0.619637137,65.8836116,64.1540801,0.438214896
1750,175,0.538511745,1,1.21893491,0.519176833,60.3744642,62.4206524,1,0.565426906,60.3744642,62.4206524,0.444263084
1760,176,0.534107648,1,1.26035503,0.513714104,62.182942,57.1991014,1,0.522278774,62.182942,57.1991014,0.425066552
1770,177,0.528113829,1,1.24852071,0.520018476,67.2991866,59.2198508,1,0.514002402,67.2991866,59.2198508,0.423142562
1780,178,0.521058329,1,1.18343195,0.518615898,65.0736119,64.3995109,1,0.502918686,65.0736119,64.3995109,0.433658319
1790,179,0.513171163,1,1.10650888,0.513118051,59.9201658,61.5280876,1,0.520071772,59.9201658,61.5280876,0.453801033
1800,180,0.506898521,1,1.15384615,0.511245761,63.4248879,56.5782407,1,0.547258668,63.4248879,56.5782407,0.466537419
1810,181,0.525804913,1,1.14792899,0.514064671,67.810759,60.6136142,1,0.641728562,67.810759,60.6136142,0.458451891
1820,182,0.526325218,1,1.17159763,0.512722128,63.5120539,64.4216995,1,0.667787523,63.5120539,64.4216995,0.441758048
1830,183,0.536671512,1,1.24260355,0.51451036,60.3980846,59.7000075,1,0.544585942,60.3980846,59.7000075,0.435082661
1840,184,0.521808846,1,1.20118343,0.513167144,65.4237474,56.9275531,1,0.507589536,65.4237474,56.9275531,0.441512935
1850,185,0.521116598,1,1.17751479,0.513974739,68.0624783,61.9060336,1,0.506659349,68.0624783,61.9060336,0.433427025
1860,186,0.518703851,1,1.10650888,0.518060864,62.9272073,64.3807332,1,0.49873607,62.9272073,64.3807332,0.438496261
1870,187,0.512656647,1,1.11242604,0.514290348,60.7021862,58.8717222,1,0.510959455,60.7021862,58.8717222,0.457028744
1880,188,0.516078347,1,1.18343195,0.517977779,66.4189555,57.2215712,1,0.556699145,66.4189555,57.2215712,0.457704913
1890,189,0.521242154,1,1.1183432,0.512968996,67.3441626,63.0554698,1,0.640301546,67.3441626,63.0554698,0.454369851
1900,190,0.531524089,1,1.20710059,0.51394235,61.456351,62.7459437,1,0.559453459,61.456351,62.7459437,0.453533995
1910,191,0.516023791,1,1.18343195,0.510642616,62.4093602,57.0324804,1,0.502653973,62.4093602,57.0324804,0.44556917
1920,192,0.519223637,1,1.20710059,0.514057628,68.0548731,58.2224752,1,0.506302536,68.0548731,58.2224752,0.443812842
1930,193,0.515629243,1,1.13609467,0.51211936,66.8842724,63.8105144,1,0.483818908,66.8842724,63.8105144,0.439179494
1940,194,0.51887842,1,1.12426036,0.520850425,61.5398382,62.4468362,1,0.481618325,61.5398382,62.4468362,0.424282167
1950,195,0.511754769,1,1.15976331,0.520962602,63.1499436,56.9151943,1,0.500918562,63.1499436,56.9151943,0.443169736
1960,196,0.53194764,1,1.17751479,0.520017512,68.4277968,59.6055443,1,0.639874983,68.4277968,59.6055443,0.455691926
1970,197,0.532425774,1,1.16568047,0.512721584,64.8760051,64.3353424,1,0.630076134,64.8760051,64.3353424,0.454993428
1980,198,0.534655311,1,1.24260355,0.515175146,60.7231449,60.4596959,1,0.533271523,60.7231449,60.4596959,0.436953433
1990,199,0.520696883,1,1.14792899,0.509065076,64.7765637,56.3730638,1,0.512177402,64.7765637,56.3730638,0.442764085
2000,200,0.52228969,1,1.17751479,0.517220355,68.4468067,60.6226827,1,0.504506487,68.4468067,60.6226827,0.431934857
2010,201,0.519464501,1,1.13609467,0.521135325,64.1777321,64.3029673,1,0.498182329,64.1777321,64.3029673,0.43357256
2020,202,0.508485634,1,1.13017751,0.518137015,60.6190452,59.6309324,1,0.507208518,60.6190452,59.6309324,0.451769449
2030,203,0.516972484,1,1.14792899,0.515114933,65.8879708,56.8833611,1,0.60367023,65.8879708,56.8833611,0.457098676
2040,204,0.532598542,1,1.18934911,0.513030456,67.6038323,62.6635837,1,0.650504525,67.6038323,62.6635837,0.463809499
2050,205,0.527616433,1,1.21893491,0.510513645,61.7568711,63.5158556,1,0.542864239,61.7568711,63.5158556,0.454519209
2060,206,0.526546415,1,1.23076923,0.511047598,61.2294527,57.8396089,1,0.523571182,61.2294527,57.8396089,0.438515152
2070,207,0.534551169,1,1.27218935,0.512829043,66.6140232,57.3241151,1,0.512965827,66.6140232,57.3241151,0.416091519
2080,208,0.527071324,1,1.19526627,0.521348529,67.0346406,62.7585573,1,0.511795965,67.0346406,62.7585573,0.41928427
2090,209,0.518202758,1,1.15976331,0.518932975,61.5246672,63.1695388,1,0.47962428,61.5246672,63.1695388,0.425021496
2100,210,0.517091925,1,1.15384615,0.517053133,61.8305907,57.2877151,1,0.524915247,61.8305907,57.2877151,0.453059545
2110,211,0.531241686,1,1.20118343,0.521493769,67.6121806,58.4389175,1,0.609214679,67.6121806,58.4389175,0.453468219
2120,212,0.528287786,1,1.19526627,0.510445443,65.6835946,64.1396369,1,0.664565799,65.6835946,64.1396369,0.462931523
2130,213,0.535345878,1,1.20118343,0.513818228,60.6818107,61.5854201,1,0.5622675,60.6818107,61.5854201,0.432016501
2140,214,0.532473862,1,1.21893491,0.516648155,63.4703475,56.7724681,1,0.520028298,63.4703475,56.7724681,0.427877966
2150,215,0.527781505,1,1.21893491,0.517484822,68.2483449,59.5470422,1,0.519619414,68.2483449,59.5470422,0.425013194
2160,216,0.511293611,1,1.16568047,0.516653125,64.8879811,64.317224,1,0.505653481,64.8879811,64.317224,0.448842557
2170,217,0.509086981,1,1.15976331,0.510533428,60.2428483,60.4967572,1,0.531280606,60.2428483,60.4967572,0.46264755
2180,218,0.507214652,1,1.13609467,0.507486938,64.4581615,56.2197816,1,0.537853359,64.4581615,56.2197816,0.461931793
2190,219,0.507960418,1,1.15384615,0.514979742,68.2588912,60.4143381,1,0.543324213,68.2588912,60.4143381,0.4354135
2200,220,0.539511747,1,1.15976331,0.519045497,63.5095865,63.6222229,1,0.662024679,63.5095865,63.6222229,0.440859971
2210,221,0.538268147,1,1.21893491,0.51558975,60.9098083,58.70551,1,0.585499401,60.9098083,58.70551,0.427825881
2220,222,0.52743207,1,1.22485207,0.518582681,66.0103099,56.5458458,1,0.509284048,66.0103099,56.5458458,0.426068206
2230,223,0.513896803,1,1.12426036,0.512406761,67.9946192,62.0668764,1,0.510662826,67.9946192,62.0668764,0.451291786
2240,224,0.510958848,1,1.14792899,0.512226816,62.2406109,63.7350636,1,0.501302451,62.2406109,63.7350636,0.460842168
2250,225,0.509338462,1,1.0887574,0.511377741,60.6608781,58.0882161,1,0.482737257,60.6608781,58.0882161,0.451050333
2260,226,0.520937137,1,1.16568047,0.521959534,66.3269835,57.213859,1,0.556920563,66.3269835,57.213859,0.441013165
2270,227,0.519991623,1,1.14792899,0.515785935,66.660764,63.0924444,1,0.63053333,66.660764,63.0924444,0.452927204
2280,228,0.535048406,1,1.18934911,0.512998056,61.0419343,62.5398299,1,0.665115474,61.0419343,62.5398299,0.434303024
2290,229,0.539662194,1,1.26035503,0.520021876,62.1934445,57.1888286,1,0.534543115,62.1934445,57.1888286,0.42103838
2300,230,0.534050342,1,1.26035503,0.513214638,67.5859646,58.2837967,1,0.518831088,67.5859646,58.2837967,0.423274275
2310,231,0.525067928,1,1.15976331,0.522037289,65.9990132,63.6360758,1,0.512505942,65.9990132,63.6360758,0.429429965
2320,232,0.514182516,1,1.12426036,0.517562458,60.3700428,62.0101356,1,0.489593043,60.3700428,62.0101356,0.450699582
2330,233,0.516231667,1,1.1183432,0.520353129,62.4484383,56.5554525,1,0.516413679,62.4484383,56.5554525,0.449017962
2340,234,0.516791632,1,1.15976331,0.512131056,67.8089361,59.4826692,1,0.598323096,67.8089361,59.4826692,0.469820147
2350,235,0.529786058,1,1.17751479,0.515946678,64.1019161,64.1323368,1,0.667860807,64.1019161,64.1323368,0.457426592
2360,236,0.535646612,1,1.24260355,0.516837846,60.0056977,59.9874041,1,0.579379894,60.0056977,59.9874041,0.448267352
2370,237,0.532684699,1,1.23668639,0.507028873,64.1473143,56.1792525,1,0.546375733,64.1473143,56.1792525,0.432790631
2380,238,0.533757274,1,1.17159763,0.517776607,67.5729709,60.4309064,1,0.516124692,67.5729709,60.4309064,0.420000592
2390,239,0.516524156,1,1.15384615,0.515280614,62.8795853,63.8692301,1,0.500430249,62.8795853,63.8692301,0.447543841
2400,240,0.510109184,1,1.11242604,0.512576693,59.5911798,58.9089385,1,0.493895728,59.5911798,58.9089385,0.45779316
2410,241,0.51215618,1,1.14201183,0.515126812,64.6844841,56.0173062,1,0.523964969,64.6844841,56.0173062,0.450530827
2420,242,0.509456492,1,1.17751479,0.514109969,66.9865259,61.5060253,1,0.58203576,66.9865259,61.5060253,0.457840526
2430,243,0.534595007,1,1.17751479,0.517406128,61.5347827,63.0390616,1,0.664544938,61.5347827,63.0390616,0.435629888
2440,244,0.536753275,1,1.20710059,0.513942914,60.8528333,57.2525295,1,0.576450791,60.8528333,57.2525295,0.448198298
2450,245,0.52926972,1,1.21893491,0.515930266,66.4487629,57.083069,1,0.508811898,66.4487629,57.083069,0.430653455
2460,246,0.526334026,1,1.19526627,0.515782904,66.5358245,62.6469479,1,0.522042263,66.5358245,62.6469479,0.428043077
2470,247,0.517202302,1,1.15976331,0.518157576,60.7726452,62.3137118,1,0.506984494,60.7726452,62.3137118,0.444061955
2480,248,0.51038325,1,1.0887574,0.51474948,61.1896938,56.4277186,1,0.481301851,61.1896938,56.4277186,0.453903819
2490,249,0.519325187,1,1.15384615,0.521630973,66.8289398,57.3964346,1,0.544486224,66.8289398,57.3964346,0.440141895
2500,250,0.52900464,1,1.20710059,0.521216051,65.0294766,63.0004802,1,0.648969345,65.0294766,63.0004802,0.452758769
2510,251,0.539164709,1,1.21301775,0.516024891,59.823208,60.4063158,1,0.647887317,59.823208,60.4063158,0.447444564
2520,252,0.529613926,1,1.25443787,0.5122814,63.0306259,55.5625672,1,0.536128908,63.0306259,55.5625672,0.446878917
2530,253,0.528644484,1,1.23076923,0.51716895,67.4619473,58.8848757,1,0.516858891,67.4619473,58.8848757,0.426034031
2540,254,0.524453637,1,1.21893491,0.517933091,64.1001313,63.327744,1,0.5070875,64.1001313,63.327744,0.428571901
2550,255,0.524669846,1,1.17159763,0.522538908,59.8156355,59.8966771,1,0.504397542,59.8156355,59.8966771,0.422230791
2560,256,0.500300945,1,1.08284024,0.508574325,63.9850318,55.4327926,1,0.502385254,63.9850318,55.4327926,0.469861678
2570,257,0.520555643,1,1.18934911,0.517460383,67.6491583,59.9498656,1,0.573820898,67.6491583,59.9498656,0.447410509
2580,258,0.520113381,1,1.13609467,0.514215141,62.7766674,63.2099787,1,0.626239752,62.7766674,63.2099787,0.450965458
2590,259,0.542358673,1,1.18934911,0.516742546,60.4650066,57.964749,1,0.608079909,60.4650066,57.964749,0.440925668
2600,260,0.53080894,1,1.26627219,0.511746579,65.7878889,56.1193799,1,0.530047368,65.7878889,56.1193799,0.433360768
2610,261,0.524504998,1,1.19526627,0.518945841,67.2240044,61.5391896,1,0.514112275,67.2240044,61.5391896,0.43129614
2620,262,0.519768169,1,1.15976331,0.514426971,61.6498911,62.8894475,1,0.513180545,61.6498911,62.8894475,0.441178722
2630,263,0.513740402,1,1.14792899,0.515370458,60.5995482,57.0387503,1,0.485582389,60.5995482,57.0387503,0.457248512
2640,264,0.512703578,1,1.14201183,0.51367438,66.4016518,56.1796263,1,0.493725698,66.4016518,56.1796263,0.451181878
2650,265,0.519114501,1,1.20710059,0.521526167,66.5700296,62.0020131,1,0.566504725,66.5700296,62.0020131,0.448063153
2660,266,0.495833586,1,1.06508876,0.51091603,60.8968224,61.9128445,1,0.546733419,60.8968224,61.9128445,0.436454454
2670,267,0.541492439,1,1.14792899,0.517519413,62.1652164,56.485134,1,0.638484399,62.1652164,56.485134,0.428765012
2680,268,0.531568601,1,1.24260355,0.515864425,67.492209,58.1923686,1,0.523213341,67.492209,58.1923686,0.430298514
2690,269,0.525434905,1,1.17159763,0.517228691,65.3632199,63.4089011,1,0.513537156,65.3632199,63.4089011,0.433404067
2700,270,0.518801069,1,1.14792899,0.515448702,60.0247217,61.1074632,1,0.499202452,60.0247217,61.1074632,0.447188322
2710,271,0.520431744,1,1.13609467,0.52034806,62.3691747,56.0002637,1,0.482666305,62.3691747,56.0002637,0.432277217
2720,272,0.509736342,1,1.05325444,0.519407822,67.6454892,58.5003183,1,0.47789854,67.6454892,58.5003183,0.449126485
2730,273,0.515497145,1,1.16568047,0.521014702,64.5784978,63.3471288,1,0.556103123,64.5784978,63.3471288,0.441206039
2740,274,0.533622003,1,1.17159763,0.513020986,60.2197637,59.1251558,1,0.656544079,60.2197637,59.1251558,0.46678822
2750,275,0.528946181,1,1.17159763,0.510364411,64.8290455,55.6053757,1,0.595300223,64.8290455,55.6053757,0.446116246
2760,276,0.528154448,1,1.22485207,0.517910762,67.8345937,60.4630089,1,0.506404311,67.8345937,60.4630089,0.439404657
2770,277,0.521109783,1,1.17751479,0.508526344,63.0467696,63.5053818,1,0.519221376,63.0467696,63.5053818,0.436359955
2780,278,0.525523346,1,1.20710059,0.521789771,60.4422322,58.5863093,1,0.506380288,60.4422322,58.5863093,0.428157524
2790,279,0.50848456,1,1.10650888,0.51548071,65.642801,55.8100983,1,0.463290279,65.642801,55.8100983,0.453476142
2800,280,0.51425003,1,1.14201183,0.523661266,67.8598327,60.7785427,1,0.507380032,67.8598327,60.7785427,0.418511513
2810,281,0.522096222,1,1.17159763,0.518022567,62.1446246,62.4267933,1,0.613030463,62.1446246,62.4267933,0.457549
2820,282,0.5318703,1,1.16568047,0.511902304,61.7305681,56.4535716,1,0.633765017,61.7305681,56.4535716,0.460581189
2830,283,0.533563666,1,1.24260355,0.513559443,67.3643902,56.7376476,1,0.552177417,67.3643902,56.7376476,0.433921503
2840,284,0.53131019,1,1.20118343,0.514120123,66.8238169,62.3085213,1,0.526242021,66.8238169,62.3085213,0.430541516
2850,285,0.521095219,1,1.18343195,0.517746338,61.1542484,61.5158027,1,0.496801071,61.1542484,61.5158027,0.44036301
2860,286,0.52402728,1,1.19526627,0.517527875,61.7491365,56.1245819,1,0.507980936,61.7491365,56.1245819,0.417226352
2870,287,0.513539078,1,1.10650888,0.518154158,67.3988766,57.2476964,1,0.496634604,67.3988766,57.2476964,0.44309929
2880,288,0.51635085,1,1.18343195,0.519002198,65.7883347,62.8436226,1,0.532923598,65.7883347,62.8436226,0.447929063
2890,289,0.531793876,1,1.19526627,0.52066946,60.3686239,60.2658997,1,0.649830218,60.3686239,60.2658997,0.461653324
2900,290,0.529857521,1,1.15976331,0.508357072,63.5627952,55.3486627,1,0.652116229,63.5627952,55.3486627,0.451047106
2910,291,0.535983102,1,1.24852071,0.521295753,67.8012301,59.1258602,1,0.519969962,67.8012301,59.1258602,0.436714137
2920,292,0.524498963,1,1.18934911,0.516078937,63.9091782,63.3778757,1,0.511760546,63.9091782,63.3778757,0.443411361
2930,293,0.531622689,1,1.23076923,0.515567065,59.9304023,59.819396,1,0.526348695,59.9304023,59.819396,0.410609558
2940,294,0.520965748,1,1.18343195,0.521412165,64.0704647,55.8974617,1,0.488891814,64.0704647,55.8974617,0.438675289
2950,295,0.517591813,1,1.15976331,0.519730882,68.0201973,60.0119558,1,0.479840702,68.0201973,60.0119558,0.438727653
2960,296,0.520042035,1,1.20710059,0.520981638,63.3560296,63.5988174,1,0.543778355,63.3560296,63.5988174,0.452606108
2970,297,0.521763675,1,1.12426036,0.515070184,60.3879017,58.5137572,1,0.613861555,60.3879017,58.5137572,0.45291705
2980,298,0.527889519,1,1.1183432,0.513095281,65.6344593,56.1999443,1,0.659104416,65.6344593,56.1999443,0.44108592
2990,299,0.53954971,1,1.26035503,0.520255901,67.2563559,61.5972546,1,0.536088839,67.2563559,61.5972546,0.433518061
3000,300,0.526297206,1,1.21301775,0.513422449,61.7781955,62.9220443,1,0.521849377,61.7781955,62.9220443,0.433544013
3010,301,0.519062658,1,1.18343195,0.516400612,61.0119731,57.1642723,1,0.509262261,61.0119731,57.1642723,0.446810096
3020,302,0.506270887,1,1.1183432,0.508573547,67.087929,56.500647,1,0.500073544,67.087929,56.500647,0.470160737
3030,303,0.514330058,1,1.13609467,0.515117351,67.3903517,62.3227244,1,0.484104268,67.3903517,62.3227244,0.4484559
3040,304,0.515999042,1,1.15976331,0.519524799,61.6095219,62.2324967,1,0.507620056,61.6095219,62.2324967,0.444733373
3050,305,0.528604588,1,1.15384615,0.521227694,62.487179,56.4778851,1,0.628803642,62.487179,56.4778851,0.447781096
3060,306,0.534745888,1,1.14201183,0.511929793,68.0743843,58.1196837,1,0.642254724,68.0743843,58.1196837,0.447956343
3070,307,0.533094399,1,1.24852071,0.513635125,65.7830056,63.1836932,1,0.528432192,65.7830056,63.1836932,0.427560917
3080,308,0.524269768,1,1.18934911,0.516858616,60.7884814,60.6078092,1,0.515344276,60.7884814,60.6078092,0.432280659
3090,309,0.508984068,1,1.15384615,0.511813893,63.8347165,55.5083101,1,0.515061566,63.8347165,55.5083101,0.456928516
3100,310,0.50824001,1,1.10059172,0.507752104,68.7829436,58.8952439,1,0.508563614,68.7829436,58.8952439,0.46125807
3110,311,0.505791088,1,1.10650888,0.510653901,65.2141006,63.6494819,1,0.479121658,65.2141006,63.6494819,0.457284361
3120,312,0.507167343,1,1.15976331,0.516987892,61.022226,59.8638649,1,0.531426793,61.022226,59.8638649,0.434480632
3130,313,0.530188635,1,1.17159763,0.519138617,65.3320161,56.1970697,1,0.658793946,65.3320161,56.1970697,0.435276406
3140,314,0.540795101,1,1.24260355,0.519859605,68.343372,60.9024033,1,0.566845939,68.343372,60.9024033,0.429726953
3150,315,0.519779141,1,1.21301775,0.511815698,63.1996949,63.4897217,1,0.505146783,63.1996949,63.4897217,0.442903479
3160,316,0.511536689,1,1.15976331,0.509731768,60.9069712,58.0226676,1,0.506747567,60.9069712,58.0226676,0.456026457
3170,317,0.514236995,1,1.12426036,0.51215655,66.2964011,55.8896171,1,0.499766268,66.2964011,55.8896171,0.445861044
3180,318,0.514982888,1,1.10059172,0.516639814,68.2329936,61.3606037,1,0.487108531,68.2329936,61.3606037,0.446432839
3190,319,0.510925813,1,1.13017751,0.517727032,62.62115,62.9146799,1,0.505408768,62.62115,62.9146799,0.447927122
3200,320,0.522069864,1,1.1183432,0.520945921,61.867298,57.1073193,1,0.614351828,61.867298,57.1073193,0.450468067
3210,321,0.53558568,1,1.18934911,0.512044514,67.7234989,57.3113662,1,0.63632087,67.7234989,57.3113662,0.450750358
3220,322,0.518870357,1,1.20118343,0.509620862,66.445634,63.0912365,1,0.517005179,66.445634,63.0912365,0.45534199
3230,323,0.515228665,1,1.18343195,0.508866856,60.9164109,61.4455792,1,0.50381896,60.9164109,61.4455792,0.443763466
3240,324,0.521939987,1,1.17751479,0.517392567,62.5334621,56.0861112,1,0.505508043,62.5334621,56.0861112,0.430623272
3250,325,0.512222093,1,1.13017751,0.51455093,67.9988548,57.8818,1,0.472884125,67.9988548,57.8818,0.44252513
3260,326,0.518819377,1,1.17751479,0.520878802,65.7226163,63.1253774,1,0.520859728,65.7226163,63.1253774,0.439717266
3270,327,0.526749609,1,1.20118343,0.517262807,60.574854,60.059562,1,0.627999961,60.574854,60.059562,0.460888523
3280,328,0.523488563,1,1.12426036,0.505576225,64.3300496,55.476014,1,0.663136913,64.3300496,55.476014,0.455800268
3290,329,0.5413277,1,1.23668639,0.51888597,68.0573249,59.7137469,1,0.568277644,68.0573249,59.7137469,0.434128128
3300,330,0.527924203,1,1.24260355,0.511578469,63.7827609,63.4289361,1,0.52160521,63.7827609,63.4289361,0.435649069
3310,331,0.51953504,1,1.14201183,0.511393956,60.4717576,58.7424738,1,0.511978066,60.4717576,58.7424738,0.441391507
3320,332,0.510689533,1,1.0887574,0.510425962,65.4377104,55.4652259,1,0.493163052,65.4377104,55.4652259,0.457682879
3330,333,0.516748562,1,1.13609467,0.520836149,68.4588298,60.2930307,1,0.479136092,68.4588298,60.2930307,0.438089329
3340,334,0.506843633,1,1.15384615,0.518538605,63.4944082,63.2204843,1,0.497941245,63.4944082,63.2204843,0.443329701
3350,335,0.530726245,1,1.17159763,0.521968444,61.6554458,57.6781638,1,0.647930409,61.6554458,57.6781638,0.449187956
3360,336,0.529391742,1,1.14201183,0.509198918,67.4262496,56.6353808,1,0.632250594,67.4262496,56.6353808,0.451097105
3370,337,0.532823437,1,1.23076923,0.516727684,67.7610476,62.267677,1,0.525974614,67.7610476,62.267677,0.434018307
3380,338,0.534249268,1,1.23668639,0.512500471,62.243805,62.7566524,1,0.529035131,62.243805,62.7566524,0.426066798
3390,339,0.530668572,1,1.19526627,0.523554166,62.1264838,57.2567513,1,0.504853581,62.1264838,57.2567513,0.423165554
3400,340,0.521033682,1,1.14792899,0.52099945,67.8440796,57.1260295,1,0.493680547,67.8440796,57.1260295,0.439929996
3410,341,0.5168371,1,1.13017751,0.519538696,67.3781981,63.0180075,1,0.527956942,67.3781981,63.0180075,0.454643694
3420,342,0.509853172,1,1.18343195,0.509242831,61.334771,61.9069147,1,0.564579496,61.334771,61.9069147,0.472670483
3430,343,0.518146771,1,1.15384615,0.509569101,63.0104365,56.2988019,1,0.628968643,63.0104365,56.2988019,0.450238486
3440,344,0.532181254,1,1.13609467,0.513137965,68.2028993,58.383444,1,0.675665146,68.2028993,58.383444,0.430407831
3450,345,0.539309743,1,1.21301775,0.513064076,65.6307172,63.252843,1,0.592318681,65.6307172,63.252843,0.42361621
3460,346,0.528335965,1,1.19526627,0.517119502,61.0314967,60.36751,1,0.51000526,61.0314967,60.36751,0.417643254
3470,347,0.51881406,1,1.21301775,0.520039271,64.374429,55.7460976,1,0.514449505,64.374429,55.7460976,0.438749225
3480,348,0.506851153,1,1.1183432,0.509095967,69.1261086,59.4121404,1,0.517251457,69.1261086,59.4121404,0.461655943
3490,349,0.50542384,1,1.09467456,0.506718508,65.0862659,63.9433818,1,0.502798395,65.0862659,63.9433818,0.466971089
3500,350,0.507584969,1,1.14201183,0.514777317,60.8645223,59.9458528,1,0.496396127,60.8645223,59.9458528,0.447235808
3510,351,0.527067427,1,1.14792899,0.523051982,65.2231767,56.2915587,1,0.622375815,65.2231767,56.2915587,0.437527575
3520,352,0.531185267,1,1.16568047,0.514529598,68.4296446,60.8982548,1,0.670187616,68.4296446,60.8982548,0.431750839
3530,353,0.53310172,1,1.22485207,0.514827532,63.2170102,63.2527794,1,0.524682829,63.2170102,63.2527794,0.439979447
3540,354,0.515558927,1,1.18934911,0.513941247,61.3037771,57.7040289,1,0.506897762,61.3037771,57.7040289,0.451487305
3550,355,0.517038427,1,1.14201183,0.512000817,66.8612778,55.9969608,1,0.508142413,66.8612778,55.9969608,0.4472129
3560,356,0.510307482,1,1.12426036,0.51493178,68.3664155,61.7059786,1,0.486680803,68.3664155,61.7059786,0.45416106
3570,357,0.516197748,1,1.13017751,0.519304511,62.8011617,62.9001837,1,0.507767189,62.8011617,62.9001837,0.437841502
3580,358,0.52701907,1,1.18343195,0.519685127,62.427868,56.9896211,1,0.617775867,62.427868,56.9896211,0.455564533
3590,359,0.523632462,1,1.1183432,0.511136934,68.3182022,57.217501,1,0.657060638,68.3182022,57.217501,0.453441586
3600,360,0.540252988,1,1.23076923,0.516657293,67.1131661,62.8557366,1,0.572810905,67.1131661,62.8557366,0.443505489
3610,361,0.52286378,1,1.20710059,0.508234826,61.5680052,61.2205159,1,0.510701212,61.5680052,61.2205159,0.444710909
3620,362,0.522242731,1,1.17159763,0.516161404,63.5606165,56.037739,1,0.513881627,63.5606165,56.037739,0.427125217
3630,363,0.517659285,1,1.14792899,0.517876429,68.9123121,58.315637,1,0.495393165,68.9123121,58.315637,0.447408484
3640,364,0.5113552,1,1.09467456,0.515441745,66.4671257,63.7512466,1,0.489770683,66.4671257,63.7512466,0.458482112
3650,365,0.521201095,1,1.15976331,0.520984198,61.3798833,60.8445331,1,0.551232008,61.3798833,60.8445331,0.450699778
3660,366,0.52595003,1,1.17159763,0.515787663,65.0596407,56.0831725,1,0.637672659,65.0596407,56.0831725,0.462890134
3670,367,0.537406018,1,1.19526627,0.518956523,69.0877917,60.2686425,1,0.644219424,69.0877917,60.2686425,0.446844027
3680,368,0.533290085,1,1.27218935,0.517613376,64.6014275,63.7874679,1,0.513549399,64.6014275,63.7874679,0.43859374
3690,369,0.526568237,1,1.20118343,0.510960582,61.3352509,59.1501958,1,0.51696473,61.3352509,59.1501958,0.436311879
3700,370,0.522353035,1,1.21893491,0.522380152,66.2928269,56.1866882,1,0.510714679,66.2928269,56.1866882,0.444292786
3710,371,0.513262756,1,1.10059172,0.515926358,69.4248012,61.1292506,1,0.472948865,69.4248012,61.1292506,0.45010312
3720,372,0.521090241,1,1.15976331,0.524187943,64.6502116,63.7675311,1,0.492639409,64.6502116,63.7675311,0.419616829
3730,373,0.508044489,1,1.15976331,0.517015493,62.1430909,58.4190883,1,0.5173834,62.1430909,58.4190883,0.454377099
3740,374,0.526217397,1,1.16568047,0.520744823,67.5678056,56.6896211,1,0.613621572,67.5678056,56.6896211,0.437979405
3750,375,0.537627932,1,1.18343195,0.515293564,68.5664006,62.5276897,1,0.654281351,68.5664006,62.5276897,0.455604397
3760,376,0.532466612,1,1.22485207,0.51700961,62.8974213,62.5834281,1,0.52292944,62.8974213,62.5834281,0.436096414
3770,377,0.525433042,1,1.20118343,0.514685848,63.0130644,56.9346273,1,0.507192488,63.0130644,56.9346273,0.434614184
3780,378,0.519070627,1,1.15976331,0.515346143,68.6999264,57.1260943,1,0.491901114,68.6999264,57.1260943,0.437698786
3790,379,0.519646743,1,1.16568047,0.517955257,68.2620439,62.7346152,1,0.483071747,68.2620439,62.7346152,0.432737583
3800,380,0.512164308,1,1.14201183,0.515210786,62.4334423,61.5880418,1,0.527030147,62.4334423,61.5880418,0.456946564
3810,381,0.512819091,1,1.17751479,0.514758211,64.0931196,55.911776,1,0.576094957,64.0931196,55.911776,0.454917391
3820,382,0.539845119,1,1.17751479,0.519565863,69.3853077,58.4851811,1,0.66425209,69.3853077,58.4851811,0.452669066
3830,383,0.538078804,1,1.21893491,0.517428745,66.1685375,63.3052889,1,0.582560655,66.1685375,63.3052889,0.445762758
3840,384,0.528150785,1,1.20118343,0.512914148,61.7086474,59.8208669,1,0.523264068,61.7086474,59.8208669,0.435358896
3850,385,0.526032449,1,1.19526627,0.519896079,65.3317906,55.6124309,1,0.513910072,65.3317906,55.6124309,0.427169715
3860,386,0.508728136,1,1.13609467,0.510056733,69.7691947,59.5365848,1,0.4981766,69.7691947,59.5365848,0.455664804
3870,387,0.520483335,1,1.13609467,0.523010201,65.6241153,63.2978365,1,0.503168603,65.6241153,63.2978365,0.430554188
3880,388,0.515152469,1,1.17159763,0.515600561,61.9228236,58.5864993,1,0.568369854,61.9228236,58.5864993,0.460872967
3890,389,0.527772688,1,1.18934911,0.516821275,66.9406677,55.5984396,1,0.636548296,66.9406677,55.5984396,0.449241698
3900,390,0.535547751,1,1.15976331,0.513568723,69.2338969,60.906734,1,0.661607753,69.2338969,60.906734,0.444804921
3910,391,0.536750194,1,1.21893491,0.512130091,63.8104707,62.5355838,1,0.559893158,63.8104707,62.5355838,0.435595917
3920,392,0.528096364,1,1.21301775,0.519583432,62.5140052,57.1445859,1,0.513964132,62.5140052,57.1445859,0.42651527
3930,393,0.524098984,1,1.16568047,0.520647251,68.0048674,55.9330425,1,0.501766444,68.0048674,55.9330425,0.432533513
3940,394,0.510478707,1,1.14792899,0.512089992,68.9006957,61.8593595,1,0.511587398,68.9006957,61.8593595,0.461049364
3950,395,0.504004464,1,1.0591716,0.506758177,62.8518087,62.3794981,1,0.507073046,62.8518087,62.3794981,0.467016077
3960,396,0.509144489,1,1.14792899,0.514084813,62.6586861,56.5875271,1,0.521578548,62.6586861,56.5875271,0.445783832
3970,397,0.528171092,1,1.20710059,0.521228707,68.2859255,57.0914794,1,0.625485931,68.2859255,57.0914794,0.434596945
3980,398,0.534505896,1,1.21301775,0.513300363,67.1034752,62.6828224,1,0.666535786,67.1034752,62.6828224,0.439615925
3990,399,0.529722618,1,1.20710059,0.515619648,61.8674058,60.5996131,1,0.506307589,61.8674058,60.5996131,0.433481733
4000,400,0.515815734,1,1.20118343,0.511714081,64.2870071,55.3509451,1,0.513551265,64.2870071,55.3509451,0.444579354
4010,401,0.515959365,1,1.15384615,0.514973231,69.3767854,58.1320008,1,0.507991239,69.3767854,58.1320008,0.446154601
4020,402,0.51142369,1,1.12426036,0.511512197,66.1607266,63.1334954,1,0.521394381,66.1607266,63.1334954,0.457404452
4030,403,0.499385046,1,1.10059172,0.509205362,61.2092915,59.8265761,1,0.477832912,61.2092915,59.8265761,0.458014911
4040,404,0.508510069,1,1.14792899,0.519192851,64.7138947,55.4510528,1,0.517574952,64.7138947,55.4510528,0.431232223
4050,405,0.519703038,1,1.15976331,0.511243606,68.6784258,59.6122089,1,0.640653517,68.6784258,59.6122089,0.442108492
4060,406,0.538366727,1,1.21893491,0.516648856,63.9799287,62.7317935,1,0.571933586,63.9799287,62.7317935,0.433833083
4070,407,0.525069838,1,1.23668639,0.516700144,61.3269807,57.7019837,1,0.512159391,61.3269807,57.7019837,0.437428738
4080,408,0.512154771,1,1.18934911,0.511581748,66.632511,55.1579693,1,0.501725086,66.632511,55.1579693,0.452610189
4090,409,0.50866367,1,1.15384615,0.510211675,68.9630964,60.5274124,1,0.48753336,68.9630964,60.5274124,0.450263222
4100,410,0.51898787,1,1.1183432,0.519718355,63.6135397,62.4418893,1,0.504875854,63.6135397,62.4418893,0.437062396
4110,411,0.524985027,1,1.20118343,0.51857007,62.1722339,56.6600447,1,0.590602557,62.1722339,56.6600447,0.45836789
4120,412,0.523780541,1,1.13017751,0.512989183,68.0442671,55.8729406,1,0.631473658,68.0442671,55.8729406,0.45573471
4130,413,0.53123209,1,1.17751479,0.509220581,67.8492194,61.7892195,1,0.641450258,67.8492194,61.7892195,0.45534563
4140,414,0.52888776,1,1.24852071,0.512461546,62.3940409,60.9437238,1,0.523801241,62.3940409,60.9437238,0.424639322
4150,415,0.522656132,1,1.17159763,0.517698323,63.5836079,55.4769714,1,0.512915945,63.5836079,55.4769714,0.43036005
4160,416,0.516916161,1,1.14792899,0.517988666,69.260752,56.7670433,1,0.494651058,69.260752,56.7670433,0.447836679
4170,417,0.517462586,1,1.11242604,0.518164182,67.8169578,62.2971893,1,0.487695894,67.8169578,62.2971893,0.439654628
4180,418,0.51133509,1,1.13017751,0.516501493,62.2511724,60.2776148,1,0.522543388,62.2511724,60.2776148,0.455451193
4190,419,0.524590122,1,1.18934911,0.521575436,64.8955365,55.0604462,1,0.609449318,64.8955365,55.0604462,0.44992774
4200,420,0.538163212,1,1.18934911,0.517661139,69.7424572,58.500829,1,0.645509266,69.7424572,58.500829,0.457216132
4210,421,0.533736838,1,1.16568047,0.508847514,65.8470049,62.7756805,1,0.577681949,65.8470049,62.7756805,0.444884827
4220,422,0.531381272,1,1.24260355,0.520835284,62.0862357,58.5912023,1,0.509775438,62.0862357,58.5912023,0.432778576
4230,423,0.52303194,1,1.18934911,0.517185961,66.2245726,54.733053,1,0.508253361,66.2245726,54.733053,0.435218424
4240,424,0.520807069,1,1.18343195,0.51647652,69.8893914,58.7969261,1,0.496504865,69.8893914,58.7969261,0.420945409
4250,425,0.513470072,1,1.1183432,0.519445346,65.3721869,62.3208624,1,0.476599217,65.3721869,62.3208624,0.440704543
4260,426,0.519225114,1,1.18343195,0.519701854,62.2238584,57.5919195,1,0.538816714,62.2238584,57.5919195,0.437007525
4270,427,0.515287023,1,1.17751479,0.51568182,67.3828311,54.7725846,1,0.576174613,67.3828311,54.7725846,0.452237356
4280,428,0.542317226,1,1.18934911,0.521105285,69.1299341,60.407659,1,0.633633813,69.1299341,60.407659,0.45382289
4290,429,0.53508363,1,1.18343195,0.50909753,63.6323601,61.7161744,1,0.606262039,63.6323601,61.7161744,0.434704092
4300,430,0.530211726,1,1.20118343,0.519055209,62.8936473,56.2010054,1,0.505460226,62.8936473,56.2010054,0.428032418
4310,431,0.518946386,1,1.19526627,0.513573374,68.6326443,55.60901,1,0.511532998,68.6326443,55.60901,0.443803795
4320,432,0.518619802,1,1.17159763,0.51969086,68.9625811,61.3183343,1,0.493256184,68.9625811,61.3183343,0.439911517
4330,433,0.513731482,1,1.0887574,0.51406684,63.0197046,61.2700241,1,0.526741997,63.0197046,61.2700241,0.457159449
4340,434,0.511912408,1,1.21301775,0.512935564,63.6445321,55.3245248,1,0.558919866,63.6445321,55.3245248,0.459864729
4350,435,0.524229463,1,1.18934911,0.516482001,69.2841994,56.4611837,1,0.6155985,69.2841994,56.4611837,0.442544016
4360,436,0.539656912,1,1.18934911,0.518639497,67.2969755,61.9277977,1,0.652274222,67.2969755,61.9277977,0.447431376
4370,437,0.536107515,1,1.15384615,0.507812722,62.2268771,59.6898432,1,0.627046346,62.2268771,59.6898432,0.426311677
4380,438,0.529517905,1,1.19526627,0.519225352,65.1579954,55.0331069,1,0.514749324,65.1579954,55.0331069,0.423263233
4390,439,0.523020723,1,1.15384615,0.516749042,69.9994663,57.9842593,1,0.504471025,69.9994663,57.9842593,0.436155476
4400,440,0.519830803,1,1.14201183,0.519267508,66.7991216,62.7870349,1,0.498680959,66.7991216,62.7870349,0.443952525
4410,441,0.510054417,1,1.1183432,0.51216518,62.0223336,59.1367341,1,0.502168481,62.0223336,59.1367341,0.462450383
4420,442,0.510063484,1,1.16568047,0.515251228,65.8395654,54.7180617,1,0.511773055,65.8395654,54.7180617,0.449167045
4430,443,0.521902749,1,1.13017751,0.519804898,69.7772486,58.9651278,1,0.610726418,69.7772486,58.9651278,0.44550961
4440,444,0.532110959,1,1.17751479,0.516008291,65.181426,62.3074803,1,0.667573246,65.181426,62.3074803,0.437129594
4450,445,0.531536355,1,1.20118343,0.516710995,62.6698507,57.1842456,1,0.517162725,62.6698507,57.1842456,0.438903588
4460,446,0.519903247,1,1.21301775,0.512063407,68.0571831,54.9524965,1,0.506314654,68.0571831,54.9524965,0.448561506
4470,447,0.524127409,1,1.19526627,0.517376709,70.0531988,60.1887736,1,0.518147366,70.0531988,60.1887736,0.43106224
4480,448,0.518861748,1,1.13609467,0.51857837,64.5794981,62.0420476,1,0.499244214,64.5794981,62.0420476,0.444533023
4490,449,0.515002125,1,1.1183432,0.515956524,62.885346,56.4071321,1,0.495981277,62.885346,56.4071321,0.452621718
4500,450,0.514680861,1,1.18343195,0.518476105,68.6278906,55.1980645,1,0.531870938,68.6278906,55.1980645,0.451418947
4510,451,0.525797917,1,1.14201183,0.519896521,69.0136672,61.0614976,1,0.632747724,69.0136672,61.0614976,0.452008476
4520,452,0.536503043,1,1.20710059,0.511787971,63.2010791,60.5396685,1,0.617921813,63.2010791,60.5396685,0.448920372
4530,453,0.518183871,1,1.17159763,0.508890325,64.7137557,54.841789,1,0.517170651,64.7137557,54.841789,0.453481087
4540,454,0.512930631,1,1.17159763,0.508588551,70.2325953,56.7248391,1,0.505793762,70.2325953,56.7248391,0.448557634
4550,455,0.520758082,1,1.15976331,0.517311282,68.4121894,62.0241971,1,0.499288695,68.4121894,62.0241971,0.43102378
4560,456,0.512923608,1,1.12426036,0.516498059,63.0997503,60.028785,1,0.473589265,63.0997503,60.028785,0.436525271
4570,457,0.513278607,1,1.14792899,0.520472105,65.4876476,54.8409489,1,0.50846786,65.4876476,54.8409489,0.439308872
4580,458,0.533691615,1,1.19526627,0.521334256,70.3700376,58.1160854,1,0.64451688,70.3700376,58.1160854,0.452241303
4590,459,0.530130674,1,1.13609467,0.50712566,66.3075877,62.4529645,1,0.65205642,66.3075877,62.4529645,0.457107055
4600,460,0.538462816,1,1.25443787,0.519683563,62.8406545,58.0695963,1,0.543005016,62.8406545,58.0695963,0.429899827
4610,461,0.526866097,1,1.22485207,0.515566603,67.2849352,54.5567915,1,0.510653729,67.2849352,54.5567915,0.435763823
4620,462,0.523299422,1,1.18343195,0.514283795,70.5246976,59.1969999,1,0.511568365,70.5246976,59.1969999,0.435330213
4630,463,0.512363448,1,1.0887574,0.51245126,65.6363368,62.4220607,1,0.484832781,65.6363368,62.4220607,0.450490123
4640,464,0.515468047,1,1.1183432,0.522272504,62.7122206,57.6384933,1,0.484060759,62.7122206,57.6384933,0.431270131
4650,465,0.512648162,1,1.18934911,0.518500513,67.9360265,55.0316715,1,0.551550542,67.9360265,55.0316715,0.449086308
4660,466,0.526955187,1,1.20118343,0.514844939,69.2801488,60.9934644,1,0.663463877,69.2801488,60.9934644,0.470110397
4670,467,0.526047617,1,1.21893491,0.507778659,63.4181467,61.2945407,1,0.548267284,63.4181467,61.2945407,0.451517599
4680,468,0.530737139,1,1.24260355,0.512498041,63.4890024,55.6672751,1,0.522023292,63.4890024,55.6672751,0.432900893
4690,469,0.535415504,1,1.25443787,0.509403197,68.9582829,55.4550614,1,0.527235541,68.9582829,55.4550614,0.421030468
4700,470,0.529137506,1,1.18343195,0.521124859,68.8457414,60.8608222,1,0.509169829,68.8457414,60.8608222,0.415917864
4710,471,0.524030126,1,1.18934911,0.520437684,63.4182352,60.9767046,1,0.492594491,63.4182352,60.9767046,0.417595623
4720,472,0.518737549,1,1.14201183,0.518073924,63.9209967,55.2165429,1,0.495669148,63.9209967,55.2165429,0.444773938
4730,473,0.519164193,1,1.15976331,0.516430282,69.7148648,56.3835033,1,0.566085598,69.7148648,56.3835033,0.454632327
4740,474,0.524412079,1,1.20710059,0.515372616,67.8465447,62.034687,1,0.643873365,67.8465447,62.034687,0.457847401
4750,475,0.537203011,1,1.17159763,0.51504213,62.6749404,59.5902006,1,0.666739527,62.6749404,59.5902006,0.440017512
4760,476,0.537594624,1,1.24852071,0.517012185,65.7476685,54.7723282,1,0.549611585,65.7476685,54.7723282,0.439563739
4770,477,0.534809452,1,1.26627219,0.5157908,70.3299829,57.7692106,1,0.524948111,70.3299829,57.7692106,0.421176917
4780,478,0.520953351,1,1.19526627,0.513879989,67.0191975,62.3107352,1,0.516166521,67.0191975,62.3107352,0.432323744
4790,479,0.517402127,1,1.17159763,0.519033606,62.7624992,58.535323,1,0.518653546,62.7624992,58.535323,0.437672829
4800,480,0.501716301,1,1.09467456,0.506088137,67.1009289,54.1693617,1,0.525918883,67.1009289,54.1693617,0.47345882
4810,481,0.514002757,1,1.14201183,0.509625325,70.706581,58.9555004,1,0.575904648,70.706581,58.9555004,0.460947386
4820,482,0.508071551,1,1.10650888,0.511031283,65.9295967,62.2266783,1,0.572151094,65.9295967,62.2266783,0.445358599
4830,483,0.541550196,1,1.18343195,0.51730029,63.4665511,57.1581312,1,0.655828978,63.4665511,57.1581312,0.433485686
4840,484,0.532424526,1,1.23076923,0.512636349,68.696055,55.248042,1,0.5376819,68.696055,55.248042,0.428262986
4850,485,0.524463949,1,1.19526627,0.519186804,70.1470377,60.6133432,1,0.51056886,70.1470377,60.6133432,0.427541529
4860,486,0.516630454,1,1.15976331,0.5128902,64.4888608,61.9725628,1,0.516678992,64.4888608,61.9725628,0.447626511
4870,487,0.51055384,1,1.15976331,0.513418472,63.3297906,56.0870373,1,0.484576557,63.3297906,56.0870373,0.461428539
4880,488,0.511504618,1,1.11242604,0.513599297,68.9811905,54.9720688,1,0.464239281,68.9811905,54.9720688,0.443102797
4890,489,0.525384087,1,1.18934911,0.525416353,69.4214274,60.6444974,1,0.549348037,69.4214274,60.6444974,0.437652796
4900,490,0.516284807,1,1.14201183,0.514347784,63.533751,60.6285139,1,0.614482838,63.533751,60.6285139,0.452899858
4910,491,0.53831293,1,1.20710059,0.512861876,64.6941598,54.9354951,1,0.620556858,64.6941598,54.9354951,0.446929112
4920,492,0.534776771,1,1.23076923,0.519382285,69.9198471,56.6592045,1,0.524144082,69.9198471,56.6592045,0.423279544
4930,493,0.521563056,1,1.20710059,0.516464127,67.9181373,62.0174862,1,0.5138652,67.9181373,62.0174862,0.439997479
4940,494,0.513935321,1,1.16568047,0.514803901,62.5274547,59.675757,1,0.504120216,62.5274547,59.675757,0.452103267
4950,495,0.511446588,1,1.13017751,0.513510925,65.0298458,54.4108488,1,0.481294186,65.0298458,54.4108488,0.448410862
4960,496,0.511139637,1,1.14201183,0.513985469,70.030645,57.250539,1,0.48803253,70.030645,57.250539,0.442370114
4970,497,0.521887603,1,1.15384615,0.524083073,66.700191,61.8696701,1,0.583987337,66.700191,61.8696701,0.438044987
4980,498,0.539162754,1,1.17159763,0.521741345,62.4185057,58.1158553,1,0.670020705,62.4185057,58.1158553,0.438015656
4990,499,0.53288357,1,1.22485207,0.510568238,66.9534408,54.4191822,1,0.549671442,66.9534408,54.4191822,0.450056066
5000,500,0.516874029,1,1.22485207,0.512816546,70.0124844,59.4375166,1,0.496696386,70.0124844,59.4375166,0.452091964
5010,501,0.511261236,1,1.15976331,0.505115317,64.9706725,62.5275589,1,0.509638191,64.9706725,62.5275589,0.454876466
5020,502,0.515424668,1,1.18343195,0.513597754,62.2503393,57.3665507,1,0.501620911,62.2503393,57.3665507,0.448773597
5030,503,0.503063582,1,1.08284024,0.510458545,67.4591599,54.5610367,1,0.440655162,67.4591599,54.5610367,0.455100749
5040,504,0.514472893,1,1.15976331,0.523963399,69.6221531,59.3695122,1,0.499839884,69.6221531,59.3695122,0.405582179
5050,505,0.517653906,1,1.17751479,0.522494779,64.2846288,61.4318858,1,0.563488053,64.2846288,61.4318858,0.440162355
5060,506,0.535447398,1,1.18934911,0.517772936,63.3086615,55.6891795,1,0.668242384,63.3086615,55.6891795,0.44808064
5070,507,0.535927726,1,1.21893491,0.51779293,68.9652099,55.6976669,1,0.525255894,68.9652099,55.6976669,0.4351196
5080,508,0.530734739,1,1.22485207,0.516584463,68.6726101,61.3636752,1,0.515804419,68.6726101,61.3636752,0.436427567
5090,509,0.52776149,1,1.21301775,0.515361336,63.1544236,61.1071167,1,0.521187614,63.1544236,61.1071167,0.424934417
5100,510,0.520466337,1,1.14201183,0.52023864,63.7317339,55.4760615,1,0.499879257,63.7317339,55.4760615,0.435428579
5110,511,0.51184241,1,1.10059172,0.514855486,69.5489974,56.3239282,1,0.4929673,69.5489974,56.3239282,0.452209778
5120,512,0.517872906,1,1.17751479,0.520530976,68.2195038,61.9212432,1,0.531403435,68.2195038,61.9212432,0.442541662
5130,513,0.526797575,1,1.13017751,0.518198345,62.6366452,59.8242767,1,0.629464202,62.6366452,59.8242767,0.458745257
5140,514,0.536956966,1,1.18343195,0.517171194,65.5128266,54.8004279,1,0.663822393,65.5128266,54.8004279,0.445300755
5150,515,0.531706779,1,1.27810651,0.513929539,70.1093703,58.241189,1,0.521912018,70.1093703,58.241189,0.441668775
5160,516,0.524219347,1,1.19526627,0.517598218,66.4340118,62.5713499,1,0.511660549,66.4340118,62.5713499,0.436897032
5170,517,0.524980392,1,1.16568047,0.518834868,62.2194174,58.8377902,1,0.510353215,62.2194174,58.8377902,0.433113636
5180,518,0.516183215,1,1.15976331,0.516591828,66.3207316,54.5884269,1,0.483455727,66.3207316,54.5884269,0.454288351
5190,519,0.518186402,1,1.14792899,0.520864009,70.2131276,58.559822,1,0.49541155,70.2131276,58.559822,0.427755431
5200,520,0.505032938,1,1.14792899,0.516069132,65.5998894,62.2872831,1,0.537572907,65.5998894,62.2872831,0.456225397
5210,521,0.526599264,1,1.17159763,0.517619597,62.6691763,57.3235061,1,0.63737148,62.6691763,57.3235061,0.443414411
5220,522,0.539114201,1,1.20118343,0.518745226,68.1271537,55.3251606,1,0.589597512,68.1271537,55.3251606,0.447100464
5230,523,0.528372174,1,1.21893491,0.513265516,69.5582016,60.8473698,1,0.511127963,69.5582016,60.8473698,0.438816945
5240,524,0.527403882,1,1.21301775,0.519979762,64.137286,62.0803262,1,0.510463549,64.137286,62.0803262,0.427643247
5250,525,0.520494733,1,1.19526627,0.516279318,62.9816729,56.4643228,1,0.509172847,62.9816729,56.4643228,0.4410513
5260,526,0.510135561,1,1.13609467,0.513298617,68.8415585,55.608585,1,0.486305506,68.8415585,55.608585,0.455541463
5270,527,0.513140203,1,1.12426036,0.517072041,69.3666239,61.376831,1,0.494637369,69.3666239,61.376831,0.445545711
5280,528,0.514890796,1,1.17751479,0.51912112,63.6309734,61.3816715,1,0.538764059,63.6309734,61.3816715,0.441204048
5290,529,0.534439772,1,1.17159763,0.519180845,64.5607383,55.6395605,1,0.663488799,64.5607383,55.6395605,0.447453688
5300,530,0.535005245,1,1.24260355,0.51399335,70.0236816,57.4806185,1,0.55127939,70.0236816,57.4806185,0.443448321
5310,531,0.520153671,1,1.21893491,0.509528599,67.5959074,62.7071314,1,0.507310518,67.5959074,62.7071314,0.443296719
5320,532,0.521403125,1,1.20118343,0.516930019,62.5379395,60.0492533,1,0.502154894,62.5379395,60.0492533,0.439522033
5330,533,0.518609407,1,1.13017751,0.512438255,65.0123361,54.9486592,1,0.488258847,65.0123361,54.9486592,0.43608464
5340,534,0.523197333,1,1.15976331,0.523128293,69.8351654,57.5504083,1,0.48188688,69.8351654,57.5504083,0.421527095
5350,535,0.509839286,1,1.11242604,0.517838409,67.0013764,62.712958,1,0.486145499,67.0013764,62.712958,0.45301279
5360,536,0.526377307,1,1.19526627,0.52274328,62.3912578,59.1784846,1,0.592662849,62.3912578,59.1784846,0.446854195
5370,537,0.533068349,1,1.16568047,0.516243746,66.7552106,55.0936097,1,0.663056859,66.7552106,55.0936097,0.459806282
5380,538,0.536465526,1,1.20118343,0.519017292,70.0292748,59.817154,1,0.564270311,70.0292748,59.817154,0.442099396
5390,539,0.526479153,1,1.21301775,0.51693382,65.0965355,62.7772207,1,0.505484633,65.0965355,62.7772207,0.442517758
5400,540,0.523072498,1,1.21301775,0.511578858,62.2400484,57.8896997,1,0.518607363,62.2400484,57.8896997,0.43546466
5410,541,0.52445216,1,1.19526627,0.523005582,67.2616777,55.348773,1,0.508327535,67.2616777,55.348773,0.432914095
5420,542,0.509411768,1,1.14201183,0.516841687,69.8456557,60.6245344,1,0.469493731,69.8456557,60.6245344,0.451890188
5430,543,0.511483957,1,1.13017751,0.518421707,64.5822844,62.75341,1,0.506557045,64.5822844,62.75341,0.436738782
5440,544,0.538413826,1,1.19526627,0.525723577,63.0966132,57.1917584,1,0.635241712,63.0966132,57.1917584,0.442820354
5450,545,0.535709209,1,1.15976331,0.51579923,68.7996859,56.2165969,1,0.662173835,68.7996859,56.2165969,0.44506484
5460,546,0.537354491,1,1.21893491,0.514357839,68.9043711,62.0012739,1,0.588849503,68.9043711,62.0012739,0.445048008
5470,547,0.528947648,1,1.21301775,0.520530683,63.3290835,61.6172392,1,0.504613411,63.3290835,61.6172392,0.429884492
5480,548,0.522114057,1,1.17751479,0.516090218,63.7418173,55.8985122,1,0.513614408,63.7418173,55.8985122,0.441046276
5490,549,0.519069761,1,1.10650888,0.518479417,69.4930009,56.5758914,1,0.500764645,69.4930009,56.5758914,0.445456722
5500,550,0.512697877,1,1.0887574,0.516020725,68.6498187,62.4093721,1,0.496443022,68.6498187,62.4093721,0.453392561
5510,551,0.515848375,1,1.14792899,0.519753887,63.038556,61.2417721,1,0.512205184,63.038556,61.2417721,0.440881037
5520,552,0.526669536,1,1.18934911,0.518140528,65.0934515,55.6090897,1,0.618763229,65.0934515,55.6090897,0.461215956
5530,553,0.528246698,1,1.17751479,0.511110921,70.2870457,58.4612787,1,0.670338778,70.2870457,58.4612787,0.455787261
5540,554,0.534380731,1,1.26627219,0.51405418,66.81554,63.0414533,1,0.539665823,66.81554,63.0414533,0.442085906
5550,555,0.525568286,1,1.18343195,0.518235113,62.4637237,59.3185424,1,0.510268107,62.4637237,59.3185424,0.440537399
5560,556,0.527620501,1,1.23076923,0.517147437,66.077264,55.1589661,1,0.517568259,66.077264,55.1589661,0.423843698
5570,557,0.519721572,1,1.12426036,0.518914227,70.2102471,59.2849635,1,0.486970325,70.2102471,59.2849635,0.449229476
5580,558,0.512535628,1,1.13017751,0.519827683,66.2196827,63.2756016,1,0.468781963,66.2196827,63.2756016,0.434120189
5590,559,0.505871035,1,1.15384615,0.518822087,62.4759844,59.0386264,1,0.501162198,62.4759844,59.0386264,0.434919815
5600,560,0.52416553,1,1.16568047,0.521189334,67.3916534,56.0570124,1,0.631194973,67.3916534,56.0570124,0.442249651
5610,561,0.538309139,1,1.21893491,0.515330183,69.5089672,61.5224603,1,0.609304351,69.5089672,61.5224603,0.450864642
5620,562,0.529363437,1,1.23668639,0.512619677,63.9458456,62.969393,1,0.523507315,63.9458456,62.969393,0.44217012
5630,563,0.520003706,1,1.18934911,0.514998417,62.9486546,57.270234,1,0.509772991,62.9486546,57.270234,0.445057031
5640,564,0.516815861,1,1.14201183,0.51118812,68.7546364,56.4220423,1,0.514980056,68.7546364,56.4220423,0.451354656
5650,565,0.517753403,1,1.13609467,0.518496539,69.442776,62.0905727,1,0.484855889,69.442776,62.0905727,0.439242038
5660,566,0.517529152,1,1.14792899,0.519641991,63.6482035,62.3807866,1,0.505914801,63.6482035,62.3807866,0.446295031
5670,567,0.524511274,1,1.17159763,0.520188163,64.1087313,56.5110647,1,0.579270088,64.1087313,56.5110647,0.45290464
5680,568,0.533557712,1,1.17159763,0.516124838,69.9378028,57.7726068,1,0.662095772,69.9378028,57.7726068,0.458770958
5690,569,0.537346393,1,1.15384615,0.513458954,68.0230125,63.1248978,1,0.608829231,68.0230125,63.1248978,0.437268559
5700,570,0.533997395,1,1.23076923,0.515953613,62.902543,60.8063245,1,0.51425955,62.902543,60.8063245,0.432380157
5710,571,0.527108563,1,1.20710059,0.516888183,65.312971,55.8370074,1,0.517186843,65.312971,55.8370074,0.424851356
5720,572,0.509617143,1,1.17159763,0.512801451,70.4461243,58.9134626,1,0.50811729,70.4461243,58.9134626,0.46034358
5730,573,0.510134966,1,1.10059172,0.509668421,67.1393194,63.8469905,1,0.510424952,67.1393194,63.8469905,0.456865166
5740,574,0.505027777,1,1.11242604,0.511988898,62.2884977,60.4554723,1,0.474891211,62.2884977,60.4554723,0.455296681
5750,575,0.515408429,1,1.16568047,0.519884846,65.9283035,56.2080658,1,0.546665331,65.9283035,56.2080658,0.430278899
5760,576,0.53404355,1,1.15976331,0.521536379,69.7985095,60.4044237,1,0.660721185,69.7985095,60.4044237,0.439121732
5770,577,0.541257385,1,1.24260355,0.521664061,65.1503329,63.5490919,1,0.538480504,65.1503329,63.5490919,0.431691894
5780,578,0.517223413,1,1.19526627,0.510867316,62.3265602,58.3927277,1,0.499290696,62.3265602,58.3927277,0.452225159
5790,579,0.512051591,1,1.14792899,0.507440194,67.6545124,55.7930904,1,0.500487374,67.6545124,55.7930904,0.456025983
5800,580,0.517552661,1,1.12426036,0.513297096,70.1674153,60.961811,1,0.489767796,70.1674153,60.961811,0.442092621
5810,581,0.515745162,1,1.10650888,0.520134625,65.1727762,63.3595367,1,0.465725091,65.1727762,63.3595367,0.426180982
5820,582,0.512229683,1,1.11242604,0.523730204,63.0832551,58.1661572,1,0.498080861,63.0832551,58.1661572,0.430613221
5830,583,0.526939046,1,1.15976331,0.519649656,68.8364582,56.8649122,1,0.62795699,68.8364582,56.8649122,0.45373261
5840,584,0.525794848,1,1.17159763,0.507319705,68.948008,62.9676616,1,0.619036531,68.948008,62.9676616,0.469520677
5850,585,0.531736142,1,1.24260355,0.513642228,63.3803034,62.4318371,1,0.534649496,63.3803034,62.4318371,0.430263736
5860,586,0.526592228,1,1.21301775,0.51002557,64.0195859,56.7454477,1,0.516251552,64.0195859,56.7454477,0.440170131
5870,587,0.524054591,1,1.17159763,0.517768072,69.4958015,57.6940335,1,0.51234689,69.4958015,57.6940335,0.427520392
5880,588,0.520376592,1,1.12426036,0.520119807,68.4243346,63.297764,1,0.501614939,68.4243346,63.297764,0.43886511
5890,589,0.516733287,1,1.14792899,0.520047885,62.669549,61.8590352,1,0.511866275,62.669549,61.8590352,0.456300394
5900,590,0.511354238,1,1.15384615,0.512067662,64.7404331,56.1786939,1,0.5571288,64.7404331,56.1786939,0.465081519
5910,591,0.523585014,1,1.20118343,0.517268918,70.0227061,58.8781189,1,0.639556464,70.0227061,58.8781189,0.456312097
5920,592,0.536528956,1,1.13609467,0.514865716,66.888014,63.6684163,1,0.667096896,66.888014,63.6684163,0.440368617
5930,593,0.540955174,1,1.17159763,0.515466501,62.5532976,60.245343,1,0.621636574,62.5532976,60.245343,0.424871699
5940,594,0.526525332,1,1.20118343,0.51644302,66.5381106,56.230554,1,0.509467604,66.5381106,56.230554,0.435124042
5950,595,0.514122067,1,1.14792899,0.51175898,70.4978454,60.6427543,1,0.505369223,70.4978454,60.6427543,0.456037805
5960,596,0.518441704,1,1.15384615,0.517310916,66.2631212,64.3435796,1,0.501494832,66.2631212,64.3435796,0.432612786
5970,597,0.512742319,1,1.13017751,0.521145223,62.6074458,59.8890123,1,0.496276572,62.6074458,59.8890123,0.443274078
5980,598,0.512581012,1,1.15976331,0.516035883,67.6338348,56.824704,1,0.574906007,67.6338348,56.824704,0.452831798
5990,599,0.532201737,1,1.17751479,0.514374684,69.585234,62.5640392,1,0.658910188,69.585234,62.5640392,0.466308221
6000,600,0.528874986,1,1.22485207,0.510761199,63.7880331,63.6084619,1,0.549628912,63.7880331,63.6084619,0.453117776
6010,601,0.527472872,1,1.25443787,0.512189712,63.1225541,57.9360053,1,0.514582206,63.1225541,57.9360053,0.439335341
6020,602,0.534948601,1,1.29585799,0.510984606,68.5410327,57.2368954,1,0.516376193,68.5410327,57.2368954,0.42026101
6030,603,0.526799376,1,1.18934911,0.520648882,69.0233568,62.6781782,1,0.512312557,69.0233568,62.6781782,0.420201375
6040,604,0.520258553,1,1.15384615,0.519058515,63.550379,63.2056849,1,0.483317924,63.550379,63.2056849,0.422949276
6050,605,0.51543119,1,1.13609467,0.517039066,63.6818327,57.3027567,1,0.516465294,63.6818327,57.3027567,0.454183975
6060,606,0.527736953,1,1.16568047,0.520366404,69.5166244,58.2180329,1,0.589999746,69.5166244,58.2180329,0.454318691
6070,607,0.52872166,1,1.14792899,0.511697789,67.706213,63.9932744,1,0.663603954,67.706213,63.9932744,0.46556579
6080,608,0.535686789,1,1.18343195,0.51114751,62.632519,61.6576721,1,0.599039998,62.632519,61.6576721,0.429651079
6090,609,0.535878546,1,1.23668639,0.519287934,65.3205842,56.8662376,1,0.52150142,65.3205842,56.8662376,0.422611905
6100,610,0.526672803,1,1.22485207,0.517705463,70.1866329,59.5840573,1,0.520179253,70.1866329,59.5840573,0.428738168
6110,611,0.507916017,1,1.16568047,0.514256655,66.798667,64.4715701,1,0.512696895,66.798667,64.4715701,0.457456919
6120,612,0.510385978,1,1.1183432,0.50971932,62.1369988,60.7341815,1,0.526607933,62.1369988,60.7341815,0.459606367
6130,613,0.501614174,1,1.12426036,0.506597566,66.1958564,56.2508151,1,0.503504367,66.1958564,56.2508151,0.465209122
6140,614,0.507543774,1,1.15384615,0.515967398,70.0150045,60.4293686,1,0.542092301,70.0150045,60.4293686,0.435456655
6150,615,0.540717654,1,1.17751479,0.519720557,65.3403964,63.6690157,1,0.660467365,65.3403964,63.6690157,0.437497415
6160,616,0.539962902,1,1.22485207,0.516327626,62.6302305,58.8476263,1,0.570734501,62.6302305,58.8476263,0.425453434
6170,617,0.519806285,1,1.16568047,0.512816063,67.977562,56.6959614,1,0.50763943,67.977562,56.6959614,0.443384079
6180,618,0.506044758,1,1.15384615,0.50672765,69.9808041,62.4402604,1,0.512496644,69.9808041,62.4402604,0.467967716
6190,619,0.516893106,1,1.13017751,0.512746621,64.5821191,64.2152446,1,0.494189667,64.5821191,64.2152446,0.437153028
6200,620,0.51867276,1,1.10059172,0.520995191,62.9456585,58.7391242,1,0.475357576,62.9456585,58.7391242,0.439646831
6210,621,0.503020246,1,1.14201183,0.515282959,68.6354491,57.3288374,1,0.496988114,68.6354491,57.3288374,0.450920333
6220,622,0.520819947,1,1.13017751,0.520738717,69.0887467,62.972995,1,0.6123124,69.0887467,62.972995,0.435563933
6230,623,0.535451199,1,1.19526627,0.512619191,63.2462425,62.4942588,1,0.617465444,63.2462425,62.4942588,0.450929633
6240,624,0.516269858,1,1.19526627,0.507203209,64.8035016,56.7672341,1,0.511137465,64.8035016,56.7672341,0.456536146
6250,625,0.510508976,1,1.17751479,0.507120564,70.3574142,58.74465,1,0.505080679,70.3574142,58.74465,0.453494767
6260,626,0.517845713,1,1.14201183,0.51343099,68.4761508,64.1017568,1,0.500719916,68.4761508,64.1017568,0.436756095
6270,627,0.516263129,1,1.14201183,0.518535228,63.3042279,62.2380767,1,0.473829544,63.3042279,62.2380767,0.422881705
6280,628,0.510320888,1,1.14792899,0.520117472,65.487685,56.9788245,1,0.484571235,65.487685,56.9788245,0.438037708
6290,629,0.527814362,1,1.15976331,0.523814092,70.4487598,59.9388546,1,0.615253589,70.4487598,59.9388546,0.444386693
6300,630,0.533031177,1,1.18343195,0.512501624,66.53503,64.4541068,1,0.653038524,66.53503,64.4541068,0.459642153
6310,631,0.537273201,1,1.21893491,0.516814666,62.8180402,60.1436728,1,0.561011051,62.8180402,60.1436728,0.437825818
6320,632,0.529715942,1,1.22485207,0.513315476,67.1616309,56.4819859,1,0.518061964,67.1616309,56.4819859,0.437006569
6330,633,0.528778134,1,1.18343195,0.516633427,70.4280001,60.9234684,1,0.514032325,70.4280001,60.9234684,0.424096215
6340,634,0.515061807,1,1.14201183,0.514430468,65.6739139,64.27948,1,0.496662264,65.6739139,64.27948,0.447637783
6350,635,0.515011787,1,1.10059172,0.520744296,62.6046709,59.6237744,1,0.48671594,62.6046709,59.6237744,0.428951163
6360,636,0.51480709,1,1.15976331,0.518410623,67.713429,56.7842248,1,0.529360267,67.713429,56.7842248,0.44960503
6370,637,0.524550696,1,1.19526627,0.517986487,69.5342266,62.5347196,1,0.648157954,69.5342266,62.5347196,0.463990247
6380,638,0.526057879,1,1.14792899,0.506179112,63.6180826,63.3563748,1,0.618128864,63.6180826,63.3563748,0.459456048
6390,639,0.533976512,1,1.23668639,0.514137111,63.4372734,57.7315094,1,0.543122778,63.4372734,57.7315094,0.432905436
6400,640,0.534285203,1,1.26627219,0.510884581,68.9659519,57.503424,1,0.524329133,68.9659519,57.503424,0.425644723
6410,641,0.526470057,1,1.18934911,0.519039806,68.8360342,62.9699124,1,0.501837578,68.8360342,62.9699124,0.420617845
6420,642,0.522696337,1,1.15384615,0.521046989,63.2264852,62.864932,1,0.496714817,63.2264852,62.864932,0.431579325
6430,643,0.515070216,1,1.14792899,0.516831091,63.9040009,56.9046676,1,0.523240158,63.9040009,56.9046676,0.461434472
6440,644,0.511021826,1,1.19526627,0.51022128,69.80893,58.0818447,1,0.56215642,69.80893,58.0818447,0.463163377
6450,645,0.525350117,1,1.17751479,0.51571662,67.9668088,63.646915,1,0.628386123,67.9668088,63.646915,0.450925531
6460,646,0.523954056,1,1.13017751,0.509285191,62.7026127,61.479448,1,0.667701883,62.7026127,61.479448,0.437919188
6470,647,0.538113721,1,1.23668639,0.516577131,65.6486546,56.8069652,1,0.53943269,65.6486546,56.8069652,0.424899974
6480,648,0.530061256,1,1.21301775,0.518427665,70.1667455,59.885258,1,0.520463617,70.1667455,59.885258,0.420545094
6490,649,0.517597131,1,1.16568047,0.517764092,66.7240353,64.4576182,1,0.516211364,66.7240353,64.4576182,0.440271105
6500,650,0.51194957,1,1.1183432,0.515928867,62.3404751,60.6469132,1,0.506758978,62.3404751,60.6469132,0.446797102
6510,651,0.515678127,1,1.18343195,0.514136088,66.8020846,56.5860578,1,0.553021346,66.8020846,56.5860578,0.464073206
6520,652,0.521201487,1,1.17751479,0.511985533,70.1831892,61.6852898,1,0.63939214,70.1831892,61.6852898,0.470641233
6530,653,0.524211165,1,1.16568047,0.509645951,65.009322,64.3541593,1,0.664168593,65.009322,64.3541593,0.447820272
6540,654,0.525554444,1,1.13017751,0.507344603,62.8702632,59.3377847,1,0.67068145,62.8702632,59.3377847,0.41949241
6550,655,0.539977651,1,1.24852071,0.515087698,68.0210822,57.6346406,1,0.553246094,68.0210822,57.6346406,0.417314866
6560,656,0.525973172,1,1.20118343,0.510515331,69.7080153,62.8941313,1,0.526909424,69.7080153,62.8941313,0.42487719
6570,657,0.518651144,1,1.14201183,0.516776049,64.1279993,64.0201909,1,0.497301818,64.1279993,64.0201909,0.437884835
6580,658,0.516255221,1,1.0887574,0.516907115,63.1438589,58.255696,1,0.518338259,63.1438589,58.255696,0.449838457
6590,659,0.50930136,1,1.13017751,0.513056807,69.1722361,57.7734536,1,0.541695923,69.1722361,57.7734536,0.465202693
6600,660,0.52619697,1,1.18934911,0.514696179,68.9875444,63.6046551,1,0.626775957,68.9875444,63.6046551,0.448778901
6610,661,0.536925801,1,1.18343195,0.516200081,63.2836497,62.6517706,1,0.662289855,63.2836497,62.6517706,0.444841597
6620,662,0.542731254,1,1.20710059,0.514902963,64.5985943,57.1841306,1,0.61044418,64.5985943,57.1841306,0.432579759
6630,663,0.525816733,1,1.20710059,0.517071458,69.9016285,59.1294237,1,0.512886135,69.9016285,59.1294237,0.434505346
6640,664,0.514588211,1,1.19526627,0.515286944,67.553644,64.4924075,1,0.508397972,67.553644,64.4924075,0.450342578
6650,665,0.509479682,1,1.13017751,0.511453491,62.2374026,61.915766,1,0.505038388,62.2374026,61.915766,0.454442265
6660,666,0.506838673,1,1.14201183,0.511289116,65.0058058,56.6496578,1,0.476640417,65.0058058,56.6496578,0.457649983
6670,667,0.517040952,1,1.15384615,0.519213354,69.8453577,59.786368,1,0.536946756,69.8453577,59.786368,0.44362822
6680,668,0.521698285,1,1.18934911,0.521157444,66.2790265,64.2930363,1,0.611509472,66.2790265,64.2930363,0.442082072
6690,669,0.540219857,1,1.17751479,0.515767395,62.3954363,59.9048958,1,0.617305474,62.3954363,59.9048958,0.450759058
6700,670,0.527090676,1,1.21893491,0.510824494,67.1865338,56.7095061,1,0.539298402,67.1865338,56.7095061,0.442993656
6710,671,0.522959849,1,1.20710059,0.518825007,69.9415833,61.7186303,1,0.502589336,69.9415833,61.7186303,0.439752639
6720,672,0.5162066,1,1.13609467,0.510639243,64.9423485,64.6157457,1,0.501976077,64.9423485,64.6157457,0.444463821
6730,673,0.521754175,1,1.15976331,0.519908623,62.4178324,59.6194668,1,0.496714834,62.4178324,59.6194668,0.430604259
6740,674,0.507119954,1,1.13609467,0.515085805,67.79836,57.0221084,1,0.476566624,67.79836,57.0221084,0.459587853
6750,675,0.502356362,1,1.13609467,0.51635215,69.7835034,62.3749417,1,0.501324163,69.7835034,62.3749417,0.439160163
6760,676,0.520763983,1,1.17159763,0.519116588,64.2767875,63.5973422,1,0.616510984,64.2767875,63.5973422,0.433904677
6770,677,0.533801165,1,1.16568047,0.511321589,63.9722372,57.8304785,1,0.616214916,63.9722372,57.8304785,0.444223058
6780,678,0.524749559,1,1.21301775,0.518246328,69.5612949,58.4129023,1,0.508503855,69.5612949,58.4129023,0.432255567
6790,679,0.515828895,1,1.18343195,0.510543339,68.8600467,64.21377,1,0.511950142,68.8600467,64.21377,0.449469219
6800,680,0.512219001,1,1.14792899,0.51347686,63.0574612,63.326893,1,0.495122722,63.0574612,63.326893,0.451536168
6810,681,0.516391827,1,1.14201183,0.516364344,64.0076291,57.8486659,1,0.486313992,64.0076291,57.8486659,0.427693626
6820,682,0.514013232,1,1.16568047,0.519730521,69.6027094,59.3120819,1,0.510565282,69.6027094,59.3120819,0.444868912
6830,683,0.522074115,1,1.19526627,0.521636029,67.4702624,64.7536185,1,0.602688593,67.4702624,64.7536185,0.44957344
6840,684,0.536375087,1,1.16568047,0.515698738,62.4237108,61.6473515,1,0.644144749,62.4237108,61.6473515,0.45584032
6850,685,0.537290182,1,1.23076923,0.519654545,66.0368909,57.2784116,1,0.538996708,66.0368909,57.2784116,0.436111831
6860,686,0.524127802,1,1.21301775,0.515842352,70.250583,61.212245,1,0.505816279,70.250583,61.212245,0.443428323
6870,687,0.528872114,1,1.21301775,0.516676701,66.6650409,65.2314202,1,0.521007232,66.6650409,65.2314202,0.414314015
6880,688,0.518317689,1,1.17751479,0.518313642,62.6474031,61.0972638,1,0.498101364,62.6474031,61.0972638,0.443444449
6890,689,0.512523029,1,1.13017751,0.515979081,67.0875027,57.2280254,1,0.494461013,67.0875027,57.2280254,0.453033762
6900,690,0.512809208,1,1.17159763,0.517844266,70.4295647,62.0588796,1,0.529005758,70.4295647,62.0588796,0.451863537
6910,691,0.532358002,1,1.18343195,0.519984354,65.2183818,64.6515806,1,0.640556177,65.2183818,64.6515806,0.447732791
6920,692,0.534753062,1,1.16568047,0.513847239,63.3349526,59.0828589,1,0.638959158,63.3349526,59.0828589,0.452200191
6930,693,0.531951145,1,1.23668639,0.516489966,68.8864588,57.9415468,1,0.514991102,68.8864588,57.9415468,0.43597007
6940,694,0.521544017,1,1.19526627,0.512853537,69.7393326,63.6102035,1,0.517969691,69.7393326,63.6102035,0.440958223
6950,695,0.518819905,1,1.18934911,0.517399538,63.9613233,64.1439488,1,0.504573148,63.9613233,64.1439488,0.44635457
6960,696,0.511980824,1,1.1183432,0.513983817,63.6004588,58.2501806,1,0.493213981,63.6004588,58.2501806,0.454215806
6970,697,0.512703756,1,1.13609467,0.516901631,69.4102398,58.3611729,1,0.504975119,69.4102398,58.3611729,0.446987778
6980,698,0.524916228,1,1.20118343,0.520043983,68.6946498,64.1417167,1,0.596722834,68.6946498,64.1417167,0.448051374
6990,699,0.537791955,1,1.20118343,0.519625188,62.9932504,62.5087223,1,0.665316735,62.9932504,62.5087223,0.456203947
7000,700,0.537600685,1,1.17159763,0.513567037,65.1885219,57.2108142,1,0.596889955,65.1885219,57.2108142,0.441132536
7010,701,0.525498163,1,1.19526627,0.515595189,70.1640974,60.0242771,1,0.508306148,70.1640974,60.0242771,0.439687386
7020,702,0.52085064,1,1.17751479,0.512507974,67.3133986,64.8899937,1,0.507359482,67.3133986,64.8899937,0.433792153
7030,703,0.519078434,1,1.15384615,0.518925275,62.4810948,61.7592499,1,0.489465935,62.4810948,61.7592499,0.44291074
7040,704,0.517245842,1,1.11242604,0.517275397,65.5229776,57.0449372,1,0.479889869,65.5229776,57.0449372,0.431577508
7050,705,0.514948671,1,1.14201183,0.520059488,70.1459908,60.5800083,1,0.506446829,70.1459908,60.5800083,0.447669693
7060,706,0.516177424,1,1.14201183,0.518539288,66.1622516,64.8591384,1,0.588390361,66.1622516,64.8591384,0.449727944
7070,707,0.53764222,1,1.17751479,0.519839832,62.6421733,60.2636153,1,0.662367512,62.6421733,60.2636153,0.445289505
7080,708,0.530228581,1,1.23668639,0.51259758,67.6851244,57.5013717,1,0.521111184,67.6851244,57.5013717,0.442299973
7090,709,0.52136347,1,1.17159763,0.510970616,70.0450582,62.8168899,1,0.506318698,70.0450582,62.8168899,0.447372486
7100,710,0.518883394,1,1.19526627,0.513872529,64.6449826,64.9499274,1,0.51680721,64.6449826,64.9499274,0.446622204
7110,711,0.517586583,1,1.15384615,0.515163011,62.6240936,59.6979719,1,0.494264633,62.6240936,59.6979719,0.43287281
7120,712,0.521911732,1,1.1183432,0.522808291,68.0337247,57.968084,1,0.494804861,68.0337247,57.968084,0.436883948
7130,713,0.508629652,1,1.17159763,0.515170577,69.6065269,63.7307687,1,0.509650002,69.6065269,63.7307687,0.459497039
7140,714,0.519374879,1,1.17751479,0.51827564,63.8946744,64.4484657,1,0.60363832,63.8946744,64.4484657,0.442828113
7150,715,0.538131088,1,1.14201183,0.516048144,64.0355072,58.667549,1,0.6472556,64.0355072,58.667549,0.444817837
7160,716,0.526140345,1,1.25443787,0.515295622,69.7160481,59.7777267,1,0.515962235,69.7160481,59.7777267,0.445231398
7170,717,0.517347712,1,1.20710059,0.511540815,68.3177654,65.3973628,1,0.506807142,68.3177654,65.3973628,0.445460361
7180,718,0.517425534,1,1.16568047,0.515204872,62.6925758,63.9635527,1,0.492997223,62.6925758,63.9635527,0.446542066
7190,719,0.523254965,1,1.13609467,0.519623505,64.0875443,58.6493007,1,0.492012692,64.0875443,58.6493007,0.422637616
7200,720,0.514732209,1,1.1183432,0.521732739,69.6261754,60.3925099,1,0.486538055,69.6261754,60.3925099,0.446652321
7210,721,0.521396898,1,1.18934911,0.522796258,67.2618548,65.7374285,1,0.575914353,67.2618548,65.7374285,0.449576831
7220,722,0.536579293,1,1.18934911,0.517640966,62.2797643,62.291361,1,0.660079532,62.2797643,62.291361,0.465982491
7230,723,0.527543735,1,1.21301775,0.503898602,66.2205243,57.8757899,1,0.601166584,66.2205243,57.8757899,0.455257627
7240,724,0.528117635,1,1.23076923,0.50548556,70.2198916,61.9888767,1,0.540463289,70.2198916,61.9888767,0.44130268
7250,725,0.530826255,1,1.21301775,0.513518862,66.2748807,65.6649555,1,0.515032209,66.2748807,65.6649555,0.414790646
7260,726,0.521969406,1,1.17159763,0.517624625,62.6493948,61.3445394,1,0.50595178,62.6493948,61.3445394,0.433849857
7270,727,0.514394386,1,1.16568047,0.5171557,67.1868991,57.8238881,1,0.503641963,67.1868991,57.8238881,0.441781842
7280,728,0.507941256,1,1.15384615,0.514567078,70.4242344,62.7742071,1,0.514074436,70.4242344,62.7742071,0.454992018
7290,729,0.520770968,1,1.17159763,0.516442118,65.2822793,65.4980007,1,0.576524677,65.2822793,65.4980007,0.447602119
7300,730,0.535865438,1,1.18934911,0.518716553,63.4577171,59.7835208,1,0.666962624,63.4577171,59.7835208,0.461437856
7310,731,0.534043272,1,1.22485207,0.513067643,69.1434279,58.8319061,1,0.54306315,69.1434279,58.8319061,0.44344588
7320,732,0.531858513,1,1.25443787,0.514418349,69.7347998,64.404376,1,0.522156772,69.7347998,64.404376,0.431058566
7330,733,0.523166408,1,1.18343195,0.517232125,64.0895607,64.7405201,1,0.507900747,64.0895607,64.7405201,0.435018314
7340,734,0.519835297,1,1.13609467,0.516571158,63.9690654,58.9341905,1,0.502351384,63.9690654,58.9341905,0.446736903
7350,735,0.51495553,1,1.14792899,0.517661003,69.8596701,59.0955404,1,0.497710352,69.8596701,59.0955404,0.453293387
7360,736,0.509224027,1,1.10650888,0.513819966,69.4016618,65.0142746,1,0.507486444,69.4016618,65.0142746,0.456648367
7370,737,0.523294506,1,1.14792899,0.518138856,63.6484631,63.7540984,1,0.601526487,63.6484631,63.7540984,0.453045836
7380,738,0.533001071,1,1.14792899,0.514662733,65.7216557,58.2189936,1,0.655451316,65.7216557,58.2189936,0.454663628
7390,739,0.534394117,1,1.22485207,0.513474708,70.6842368,60.8770558,1,0.554843537,70.6842368,60.8770558,0.433046904
7400,740,0.527809528,1,1.20118343,0.519396331,67.6994343,65.6537646,1,0.508580499,67.6994343,65.6537646,0.433275629
7410,741,0.512799503,1,1.17159763,0.512073225,62.7027181,62.4449067,1,0.499699046,62.7027181,62.4449067,0.456795776
7420,742,0.516954054,1,1.1183432,0.515537051,65.9681654,57.8459656,1,0.50155896,65.9681654,57.8459656,0.433872103
7430,743,0.5076291,1,1.1183432,0.515906218,70.7341325,61.3921544,1,0.47806331,70.7341325,61.3921544,0.456963848
7440,744,0.508130627,1,1.13609467,0.516737385,66.9668695,65.6733501,1,0.518745268,66.9668695,65.6733501,0.438670034
7450,745,0.535216002,1,1.14792899,0.518886551,63.3823122,61.0665454,1,0.657926474,63.3823122,61.0665454,0.449007458
7460,746,0.536028828,1,1.17751479,0.514755114,68.3415211,58.1439292,1,0.594757312,68.3415211,58.1439292,0.442795306
7470,747,0.530571634,1,1.20710059,0.521297942,70.6594192,63.3244673,1,0.50231647,70.6594192,63.3244673,0.43657236
7480,748,0.516793828,1,1.21301775,0.512714802,65.2501501,65.6013197,1,0.493336388,65.2501501,65.6013197,0.451455557
7490,749,0.513012178,1,1.14792899,0.511207953,63.101081,60.214042,1,0.491203752,63.101081,60.214042,0.446162194
7500,750,0.512213818,1,1.16568047,0.515140059,68.4498368,58.2701536,1,0.472018805,68.4498368,58.2701536,0.437772002
7510,751,0.524174248,1,1.20118343,0.523442351,69.94594,63.7607606,1,0.54372039,69.94594,63.7607606,0.437753076
7520,752,0.524926871,1,1.14792899,0.518077185,64.1238632,64.6159456,1,0.611139599,64.1238632,64.6159456,0.452657629
7530,753,0.529795513,1,1.14792899,0.512930019,63.9850209,58.7418732,1,0.65970092,63.9850209,58.7418732,0.451977923
7540,754,0.530214817,1,1.26035503,0.51609645,69.7767386,59.6769763,1,0.521836424,69.7767386,59.6769763,0.451286205
7550,755,0.518810022,1,1.19526627,0.508960239,68.5648325,65.239762,1,0.508204943,68.5648325,65.239762,0.437943693
7560,756,0.521548952,1,1.18343195,0.517287879,63.0893098,63.7655449,1,0.504009857,63.0893098,63.7655449,0.436192951
7570,757,0.51452525,1,1.10059172,0.515731985,64.6929298,58.2879965,1,0.484917616,64.6929298,58.2879965,0.439035618
7580,758,0.51084832,1,1.11242604,0.518824711,70.1365453,60.1237922,1,0.478639856,70.1365453,60.1237922,0.441910161
7590,759,0.524184501,1,1.19526627,0.519433343,67.5322611,65.3623009,1,0.587719415,67.5322611,65.3623009,0.450011632
7600,760,0.525206578,1,1.14792899,0.510632301,62.6983163,61.8468772,1,0.662075121,62.6983163,61.8468772,0.45977371
7610,761,0.541424486,1,1.17159763,0.516786387,66.5804258,57.7562959,1,0.615744135,66.5804258,57.7562959,0.433805434
7620,762,0.53115508,1,1.22485207,0.516917035,70.3870868,61.938209,1,0.532905027,70.3870868,61.938209,0.435000271
7630,763,0.521306815,1,1.16568047,0.512704197,65.9280798,65.5541705,1,0.510488881,65.9280798,65.5541705,0.441607614
7640,764,0.518791545,1,1.14201183,0.513065711,62.3984521,61.0429872,1,0.498469409,62.3984521,61.0429872,0.440609091
7650,765,0.521057999,1,1.15384615,0.522973632,66.9575614,57.7384129,1,0.4892134,66.9575614,57.7384129,0.433136959
7660,766,0.509877237,1,1.13609467,0.51720479,70.1914998,62.60409,1,0.509476198,70.1914998,62.60409,0.449412314
7670,767,0.521128926,1,1.20118343,0.517610704,64.6024133,64.870261,1,0.626967591,64.6024133,64.870261,0.463925997
7680,768,0.531210402,1,1.17751479,0.510059921,63.3006339,59.0481683,1,0.648856253,63.3006339,59.0481683,0.458911709
7690,769,0.53639236,1,1.16568047,0.510697233,68.9512832,58.393376,1,0.611180385,68.9512832,58.393376,0.437573933
7700,770,0.534148005,1,1.23668639,0.512326051,69.2788258,63.9688491,1,0.527610601,69.2788258,63.9688491,0.429621994
7710,771,0.521438278,1,1.15976331,0.516305853,63.7151415,63.9676817,1,0.507589369,63.7151415,63.9676817,0.427975728
7720,772,0.519362413,1,1.16568047,0.516725964,63.8791031,58.2693419,1,0.501735989,63.8791031,58.2693419,0.438515244
7730,773,0.509288294,1,1.10650888,0.51400844,69.7869105,58.8477228,1,0.486756997,69.7869105,58.8477228,0.456619378
7740,774,0.51595525,1,1.15384615,0.516912257,68.7082409,64.5474297,1,0.543764197,68.7082409,64.5474297,0.446221393
7750,775,0.520518662,1,1.18934911,0.516453759,63.0444771,62.8694157,1,0.616867643,63.0444771,62.8694157,0.454393096
7760,776,0.539282525,1,1.18343195,0.516007722,65.5057608,57.6906923,1,0.665462812,65.5057608,57.6906923,0.441065773
7770,777,0.536099621,1,1.24260355,0.51654185,70.2677831,60.8194155,1,0.543764488,70.2677831,60.8194155,0.438297978
7780,778,0.533042106,1,1.24852071,0.516633574,67.1877076,65.3604995,1,0.522119719,67.1877076,65.3604995,0.422084916
7790,779,0.52241774,1,1.20118343,0.514668744,62.6641575,62.0884753,1,0.513499761,62.6641575,62.0884753,0.429452989
7800,780,0.51993782,1,1.15976331,0.519875682,66.3309197,57.8297644,1,0.513601001,66.3309197,57.8297644,0.432289653
7810,781,0.499550321,1,1.0887574,0.506314707,70.7471602,62.1261321,1,0.512282912,70.7471602,62.1261321,0.473948265
7820,782,0.51737497,1,1.15976331,0.512538046,66.067124,65.7262511,1,0.579682866,66.067124,65.7262511,0.454195406
7830,783,0.514281313,1,1.14792899,0.512809618,62.7885266,60.9315751,1,0.598104667,62.7885266,60.9315751,0.446804028
7840,784,0.542397553,1,1.18343195,0.516748694,67.9062397,58.4493099,1,0.647465835,67.9062397,58.4493099,0.437533622
7850,785,0.531968143,1,1.24260355,0.512193014,69.8007037,63.708966,1,0.534766087,69.8007037,63.708966,0.430033551
7860,786,0.524326724,1,1.18934911,0.519248461,64.4174527,65.1687428,1,0.512681193,64.4174527,65.1687428,0.429051107
7870,787,0.517660676,1,1.16568047,0.51325577,63.0246733,59.5521997,1,0.516537643,63.0246733,59.5521997,0.445127404
7880,788,0.511002517,1,1.18343195,0.513381785,68.9082025,58.4242559,1,0.485827053,68.9082025,58.4242559,0.46082106
7890,789,0.512484961,1,1.1183432,0.513566506,69.9560919,64.1322518,1,0.474316916,69.9560919,64.1322518,0.446414311
7900,790,0.524477211,1,1.20118343,0.523329829,64.1704173,64.4029665,1,0.569575539,64.1704173,64.4029665,0.445538813
7910,791,0.506785215,1,1.09467456,0.511669794,64.1797321,58.6126269,1,0.587113041,64.1797321,58.6126269,0.445411314
7920,792,0.538665318,1,1.20118343,0.513931991,69.7732861,59.7906455,1,0.64338061,69.7732861,59.7906455,0.439711937
7930,793,0.527719003,1,1.21301775,0.514329935,68.0302712,65.1136089,1,0.517178899,68.0302712,65.1136089,0.43085192
7940,794,0.513030956,1,1.20118343,0.509617083,62.667435,62.737445,1,0.513406165,62.667435,62.737445,0.451205927
7950,795,0.507599504,1,1.15384615,0.508218711,65.4108897,57.3959157,1,0.508854796,65.4108897,57.3959157,0.461913173
7960,796,0.509065622,1,1.12426036,0.512013783,70.5776528,60.1133125,1,0.457689182,70.5776528,60.1133125,0.449060071
7970,797,0.508068303,1,1.11242604,0.516329592,67.7890796,64.8829046,1,0.475594343,67.7890796,64.8829046,0.424996689
7980,798,0.518312691,1,1.17751479,0.524535062,63.2110437,61.6631555,1,0.568839943,63.2110437,61.6631555,0.430530136
7990,799,0.541648241,1,1.15976331,0.520861201,67.1647993,57.4827663,1,0.666208969,67.1647993,57.4827663,0.442610849
8000,800,0.527606884,1,1.24260355,0.510623661,70.6619981,62.190637,1,0.530263961,70.6619981,62.190637,0.451129061
8010,801,0.515848006,1,1.20118343,0.508757196,65.6065927,65.2191033,1,0.505082823,65.6065927,65.2191033,0.453316065
8020,802,0.518137339,1,1.17159763,0.512047276,62.6765431,60.3018348,1,0.506066605,62.6765431,60.3018348,0.440311352
8030,803,0.519573682,1,1.15976331,0.515714259,67.5533213,57.4912545,1,0.494527144,67.5533213,57.4912545,0.432977358
8040,804,0.511079334,1,1.09467456,0.516096064,70.2109719,62.6415906,1,0.466795429,70.2109719,62.6415906,0.445815977
8050,805,0.513116851,1,1.17751479,0.522495919,64.9201345,64.7826222,1,0.532897183,64.9201345,64.7826222,0.439048035
8060,806,0.51912493,1,1.13017751,0.51260088,63.4945678,59.0044963,1,0.632126767,63.4945678,59.0044963,0.45779882
8070,807,0.533180702,1,1.20118343,0.513583011,69.3560714,58.8409014,1,0.595933676,69.3560714,58.8409014,0.451060473
8080,808,0.52099164,1,1.21893491,0.511890206,68.6945233,64.6360521,1,0.519041139,68.6945233,64.6360521,0.448676017
8090,809,0.513208352,1,1.21301775,0.510276281,62.8924837,63.648506,1,0.501873334,62.8924837,63.648506,0.452729469
8100,810,0.515277765,1,1.17751479,0.510935451,63.7924467,57.904046,1,0.496240348,63.7924467,57.904046,0.447271502
8110,811,0.518052519,1,1.15384615,0.517262223,69.1546106,58.7982124,1,0.479156599,69.1546106,58.7982124,0.418169691
8120,812,0.510224049,1,1.14201183,0.522458981,68.1622489,64.2414565,1,0.451243196,68.1622489,64.2414565,0.425612604
8130,813,0.513382261,1,1.18934911,0.522127751,62.8190248,62.8127574,1,0.522593169,62.8190248,62.8127574,0.425456418
8140,814,0.53056664,1,1.16568047,0.515325788,65.4789174,57.4725298,1,0.656411392,65.4789174,57.4725298,0.458922458
8150,815,0.533066827,1,1.25443787,0.517523647,70.0349917,61.1086763,1,0.523699348,70.0349917,61.1086763,0.44839869
8160,816,0.516180592,1,1.20710059,0.507610036,66.1373635,65.538591,1,0.51073035,66.1373635,65.538591,0.453882985
8170,817,0.524869507,1,1.20710059,0.516160327,62.2330035,61.5270194,1,0.515570955,62.2330035,61.5270194,0.430609401
8180,818,0.515470527,1,1.14201183,0.51686955,66.4270661,57.4508177,1,0.488913526,66.4270661,57.4508177,0.449888751
8190,819,0.522103084,1,1.15384615,0.522156929,70.1984744,61.2003157,1,0.476663044,70.1984744,61.2003157,0.40908511
8200,820,0.516801013,1,1.18343195,0.518955107,65.7324061,64.8974825,1,0.522175117,65.7324061,64.8974825,0.445986761
8210,821,0.523351778,1,1.16568047,0.516486729,62.5377255,59.9201582,1,0.595286712,62.5377255,59.9201582,0.45495134
8220,822,0.538239261,1,1.18343195,0.517458393,67.9937675,57.6066446,1,0.665433586,67.9937675,57.6066446,0.455867334
8230,823,0.536609315,1,1.18934911,0.510530435,69.7430981,63.0365548,1,0.616006542,69.7430981,63.0365548,0.438826314
8240,824,0.531341032,1,1.21893491,0.519198219,64.2805373,64.2178189,1,0.508318611,64.2805373,64.2178189,0.429909551
8250,825,0.517754707,1,1.14792899,0.512734519,63.2890045,58.4994609,1,0.517391965,63.2890045,58.4994609,0.446437282
8260,826,0.51724415,1,1.15384615,0.518097873,69.0344218,57.8109385,1,0.49627604,69.0344218,57.8109385,0.445117382
8270,827,0.514079831,1,1.11242604,0.515167283,69.4586672,63.6778043,1,0.510542552,69.4586672,63.6778043,0.452475756
8280,828,0.515756802,1,1.18343195,0.51696519,63.5822297,63.5801085,1,0.527870959,63.5822297,63.5801085,0.45209612
8290,829,0.525098802,1,1.18934911,0.518642492,64.3674241,57.7723815,1,0.627275331,64.3674241,57.7723815,0.4508127
8300,830,0.539409375,1,1.16568047,0.517818908,69.9596931,59.5136417,1,0.635108108,69.9596931,59.5136417,0.450545103
8310,831,0.535204499,1,1.22485207,0.512665122,67.7821081,64.7584112,1,0.561717921,67.7821081,64.7584112,0.436835606
8320,832,0.528255957,1,1.21893491,0.519229214,62.8237066,62.0930249,1,0.511377637,62.8237066,62.0930249,0.433029983
8330,833,0.52168386,1,1.17159763,0.514150044,65.4272324,57.1052221,1,0.514050374,65.4272324,57.1052221,0.432801002
8340,834,0.51867784,1,1.17159763,0.52112524,70.3105103,60.0588027,1,0.489221708,70.3105103,60.0588027,0.439001292
8350,835,0.516418819,1,1.10059172,0.517789619,67.3372145,64.9246111,1,0.493566071,67.3372145,64.9246111,0.438640854
8360,836,0.508989677,1,1.15384615,0.517215986,62.5917885,61.4940532,1,0.508266235,62.5917885,61.4940532,0.450429086
8370,837,0.5311517,1,1.15384615,0.520901211,66.7575328,57.3814875,1,0.637248536,66.7575328,57.3814875,0.45028999
8380,838,0.533687631,1,1.20710059,0.515037121,70.1681829,62.187558,1,0.637758174,70.1681829,62.187558,0.453329877
8390,839,0.534872834,1,1.20710059,0.513688225,65.2202597,64.9540617,1,0.537624801,65.2202597,64.9540617,0.436062844
8400,840,0.526537994,1,1.21301775,0.518368041,62.8044709,59.8642886,1,0.517981701,62.8044709,59.8642886,0.433383728
8410,841,0.523103775,1,1.18343195,0.522148474,67.9678104,57.6786875,1,0.508188922,67.9678104,57.6786875,0.431297252
8420,842,0.5156893,1,1.10650888,0.518057818,70.0774841,63.1675213,1,0.496244071,70.0774841,63.1675213,0.452331373
8430,843,0.50944291,1,1.1183432,0.511915313,64.3362426,64.9671053,1,0.511185455,64.3362426,64.9671053,0.462821012
8440,844,0.509762552,1,1.14792899,0.515719222,62.9715138,59.416671,1,0.503110523,62.9715138,59.416671,0.439673131
8450,845,0.524884639,1,1.16568047,0.521492267,68.6713585,58.6460116,1,0.619707626,68.6713585,58.6460116,0.442439076
8460,846,0.53619262,1,1.22485207,0.516635444,68.3585933,64.4267431,1,0.566542155,68.3585933,64.4267431,0.445322024
8470,847,0.529313904,1,1.21893491,0.514338751,62.8233692,63.5411779,1,0.514617306,62.8233692,63.5411779,0.431201232
8480,848,0.518980087,1,1.19526627,0.515533468,63.993556,57.8136545,1,0.496114909,63.993556,57.8136545,0.44968011
8490,849,0.518976776,1,1.14792899,0.511687959,69.648234,58.9760021,1,0.50098133,69.648234,58.9760021,0.444069631
8500,850,0.521378713,1,1.15976331,0.522754661,68.2233588,64.4159577,1,0.49154534,68.2233588,64.4159577,0.43257442
8510,851,0.513564114,1,1.11242604,0.520257119,62.5361421,62.8363003,1,0.496601649,62.5361421,62.8363003,0.454040059
8520,852,0.522455886,1,1.15976331,0.518528449,64.9094734,57.4266318,1,0.588582721,64.9094734,57.4266318,0.454414342
8530,853,0.528842121,1,1.17159763,0.512116916,69.9626866,60.7166436,1,0.665475438,69.9626866,60.7166436,0.463834942
8540,854,0.53324355,1,1.19526627,0.509277509,66.4214453,65.1919346,1,0.644226277,66.4214453,65.1919346,0.438991716
8550,855,0.530302851,1,1.21301775,0.509165522,62.3639156,61.2538724,1,0.532297821,62.3639156,61.2538724,0.434951409
8560,856,0.530382395,1,1.20710059,0.515334746,66.3570704,57.5398413,1,0.515926442,66.3570704,57.5398413,0.41949048
8570,857,0.524185171,1,1.20710059,0.522970814,70.0108008,61.6986553,1,0.502267956,70.0108008,61.6986553,0.425833536
8580,858,0.504876874,1,1.10650888,0.512323721,65.2786276,65.4402809,1,0.501246145,65.2786276,65.4402809,0.46405229
8590,859,0.512210143,1,1.15384615,0.509216352,62.1085829,60.4308874,1,0.536075107,62.1085829,60.4308874,0.456013122
8600,860,0.507062195,1,1.18343195,0.512452056,67.2141853,57.5287421,1,0.528815036,67.2141853,57.5287421,0.451752819
8610,861,0.52624394,1,1.15384615,0.520429941,69.4411603,62.6314068,1,0.624897958,69.4411603,62.6314068,0.428266112
8620,862,0.537842926,1,1.17159763,0.513876784,63.9372931,64.2984162,1,0.640024335,63.9372931,64.2984162,0.442367725
8630,863,0.536666885,1,1.25443787,0.517264305,62.8837498,58.854577,1,0.524388297,62.8837498,58.854577,0.426526764
8640,864,0.51976626,1,1.19526627,0.516513632,68.6225365,58.2497772,1,0.512082773,68.6225365,58.2497772,0.443889845
8650,865,0.512489677,1,1.19526627,0.513784772,68.9911328,64.1792865,1,0.502863391,68.9911328,64.1792865,0.456996521
8660,866,0.510252776,1,1.09467456,0.509918923,62.9926756,64.2684278,1,0.506267733,62.9926756,64.2684278,0.461470729
8670,867,0.502653771,1,1.1183432,0.510581998,63.0832695,58.3430219,1,0.479195582,63.0832695,58.3430219,0.455853717
8680,868,0.515161331,1,1.17751479,0.522945134,68.5791212,58.8931412,1,0.530571403,68.5791212,58.8931412,0.424870443
8690,869,0.539938353,1,1.16568047,0.522527816,67.0342034,64.4628527,1,0.663893873,67.0342034,64.4628527,0.444615761
8700,870,0.537535433,1,1.20710059,0.511222147,61.7411788,62.4340951,1,0.624975078,61.7411788,62.4340951,0.436038967
8710,871,0.529547161,1,1.20710059,0.516589893,64.4815002,57.4988358,1,0.525389391,64.4815002,57.4988358,0.434231592
8720,872,0.522729574,1,1.20710059,0.517965009,69.3351314,60.5194127,1,0.509163058,69.3351314,60.5194127,0.439752624
8730,873,0.525639722,1,1.17159763,0.521523873,66.5380647,65.2128056,1,0.500820843,66.5380647,65.2128056,0.420281106
8740,874,0.515010406,1,1.15976331,0.519872513,61.724646,61.9992124,1,0.493094976,61.724646,61.9992124,0.445199114
8750,875,0.515070468,1,1.16568047,0.517778227,65.4578897,57.4310267,1,0.54568477,65.4578897,57.4310267,0.453816351
8760,876,0.527270677,1,1.15384615,0.514461776,69.344019,62.1296121,1,0.656064519,69.344019,62.1296121,0.469033416
8770,877,0.531150243,1,1.19526627,0.508870924,64.3098497,65.1980215,1,0.647647632,64.3098497,65.1980215,0.453507026
8780,878,0.534548134,1,1.17751479,0.507318316,61.7291285,60.2077359,1,0.628175119,61.7291285,60.2077359,0.432161709
8790,879,0.538708447,1,1.17159763,0.507139224,66.5429304,57.8080108,1,0.595572306,66.5429304,57.8080108,0.413752987
8800,880,0.531267304,1,1.21301775,0.521299647,68.6914692,62.8140411,1,0.51162527,68.6914692,62.8140411,0.419047658
8810,881,0.521709459,1,1.20118343,0.512383405,63.6549829,65.0510184,1,0.524764507,63.6549829,65.0510184,0.423917083
8820,882,0.514547051,1,1.13017751,0.516067755,61.8683561,59.5125135,1,0.497445612,61.8683561,59.5125135,0.447657099
8830,883,0.512518407,1,1.12426036,0.516319912,67.5770603,58.0230433,1,0.509923231,67.5770603,58.0230433,0.453831969
8840,884,0.515724541,1,1.13017751,0.518640633,68.3673566,63.7947248,1,0.578267257,68.3673566,63.7947248,0.44811819
8850,885,0.539488134,1,1.20118343,0.516746606,62.4575076,63.5630508,1,0.648747334,62.4575076,63.5630508,0.454952936
8860,886,0.521502713,1,1.21893491,0.50715004,63.6229385,57.7560246,1,0.51493927,63.6229385,57.7560246,0.455601439
8870,887,0.518698976,1,1.21301775,0.512057899,69.0744984,59.3708864,1,0.506549053,69.0744984,59.3708864,0.437362212
8880,888,0.513588289,1,1.15384615,0.511188993,67.1853877,64.8989945,1,0.51278787,67.1853877,64.8989945,0.449382999
8890,889,0.505907095,1,1.1183432,0.511337463,61.5995714,62.786567,1,0.470121904,61.5995714,62.786567,0.459377596
8900,890,0.512961103,1,1.1183432,0.51899991,63.7349804,57.7238243,1,0.475354704,63.7349804,57.7238243,0.422666483
8910,891,0.510912644,1,1.14792899,0.51518037,68.8203856,60.5836473,1,0.556688539,68.8203856,60.5836473,0.448798094
8920,892,0.533850748,1,1.15384615,0.522555376,65.1675549,65.0175934,1,0.668535622,65.1675549,65.0175934,0.441909855
8930,893,0.537870508,1,1.27218935,0.51944158,61.2861003,60.7658228,1,0.539118293,61.2861003,60.7658228,0.442847451
8940,894,0.52697919,1,1.20710059,0.50953155,65.8271596,57.214748,1,0.515319854,65.8271596,57.214748,0.443435698
8950,895,0.518959497,1,1.17159763,0.518699656,69.0573143,61.9521839,1,0.508959932,69.0573143,61.9521839,0.441066476
8960,896,0.52017422,1,1.20118343,0.517307654,64.4485243,65.2192309,1,0.497966831,64.4485243,65.2192309,0.434561203
8970,897,0.516026381,1,1.10650888,0.51696309,61.337271,60.4671124,1,0.482418979,61.337271,60.4671124,0.436923933
8980,898,0.511455153,1,1.13609467,0.518863932,66.4458702,57.6434416,1,0.500290217,66.4458702,57.6434416,0.4490022
8990,899,0.528862333,1,1.15384615,0.522563736,68.4296395,63.1142565,1,0.626576636,68.4296395,63.1142565,0.447644439
9000,900,0.530971428,1,1.15384615,0.511801561,62.707025,64.3440659,1,0.654574289,62.707025,64.3440659,0.45025139
9010,901,0.532641051,1,1.22485207,0.515828201,62.2020566,58.6351767,1,0.534955166,62.2020566,58.6351767,0.440859897
9020,902,0.5313773,1,1.21893491,0.513820146,67.8006099,58.2474498,1,0.524054793,67.8006099,58.2474498,0.431689479
9030,903,0.529534785,1,1.21301775,0.522579753,67.9060912,63.8116785,1,0.501565551,67.9060912,63.8116785,0.428094497
9040,904,0.520621368,1,1.14792899,0.519366199,62.1284954,63.9270216,1,0.494177401,62.1284954,63.9270216,0.444519002
9050,905,0.517409233,1,1.14792899,0.519507462,62.5593357,58.033565,1,0.520705847,62.5593357,58.033565,0.454552612
9060,906,0.510130449,1,1.18934911,0.510149367,68.6073754,59.0043121,1,0.549987261,68.6073754,59.0043121,0.471188436
9070,907,0.516549278,1,1.13609467,0.510748531,67.0895907,64.6494082,1,0.613518343,67.0895907,64.6494082,0.449659833
9080,908,0.526195013,1,1.12426036,0.512696586,61.8276744,62.7419008,1,0.665156267,61.8276744,62.7419008,0.430538037
9090,909,0.53958489,1,1.20118343,0.514051908,64.3674835,57.8386099,1,0.588068674,64.3674835,57.8386099,0.424772069
9100,910,0.527312036,1,1.18934911,0.516755288,69.0064445,60.7264915,1,0.513407521,69.0064445,60.7264915,0.42033953
9110,911,0.51699429,1,1.21893491,0.51972028,65.6228623,65.372411,1,0.514608166,65.6228623,65.372411,0.442111639
9120,912,0.504840129,1,1.12426036,0.506836523,60.8304273,61.7586034,1,0.508264331,60.8304273,61.7586034,0.461711758
9130,913,0.504433168,1,1.0591716,0.509704422,64.6795798,57.1981631,1,0.483672454,64.6795798,57.1981631,0.459054793
9140,914,0.510315124,1,1.11242604,0.516320901,68.8692123,61.0520796,1,0.500039101,68.8692123,61.0520796,0.437892294
9150,915,0.534536466,1,1.18343195,0.524635751,64.4438364,64.7204427,1,0.635711036,64.4438364,64.7204427,0.442162782
9160,916,0.539597346,1,1.20118343,0.516837621,61.3210537,59.7900699,1,0.630806746,61.3210537,59.7900699,0.448932643
9170,917,0.531859244,1,1.22485207,0.51901429,66.6046203,57.4900097,1,0.510634293,66.6046203,57.4900097,0.443268875
9180,918,0.517081865,1,1.20118343,0.511260413,68.7019881,63.0160287,1,0.505532833,68.7019881,63.0160287,0.454665736
9190,919,0.515032483,1,1.13609467,0.510923942,63.1203962,64.8896177,1,0.499441359,63.1203962,64.8896177,0.452896682
9200,920,0.515455717,1,1.15384615,0.51355666,61.2611385,59.4634714,1,0.477284373,61.2611385,59.4634714,0.441218745
9210,921,0.518958809,1,1.13017751,0.521593651,66.3859164,57.7827472,1,0.483404162,66.3859164,57.7827472,0.414872781
9220,922,0.514790823,1,1.14201183,0.52062975,67.8225458,63.3705822,1,0.501384582,67.8225458,63.3705822,0.443812186
9230,923,0.518600505,1,1.15976331,0.516884943,61.9544782,63.9761486,1,0.608745888,61.9544782,63.9761486,0.453787014
9240,924,0.532115882,1,1.17159763,0.512412471,62.6073078,58.0742151,1,0.626824283,62.6073078,58.0742151,0.456763799
9250,925,0.531191366,1,1.24852071,0.512708069,68.0416945,59.3640947,1,0.521120279,68.0416945,59.3640947,0.429643774
9260,926,0.528512402,1,1.22485207,0.516241074,66.531415,64.7000555,1,0.514867222,66.531415,64.7000555,0.426582835
9270,927,0.523132003,1,1.16568047,0.520241659,61.1653746,63.0152441,1,0.509424838,61.1653746,63.0152441,0.432640025
9280,928,0.515775791,1,1.15976331,0.51844719,63.0483625,57.5024962,1,0.493903716,63.0483625,57.5024962,0.448112624
9290,929,0.510970319,1,1.09467456,0.515547921,68.4980357,59.8077973,1,0.507393189,68.4980357,59.8077973,0.45516985
9300,930,0.515092782,1,1.17159763,0.513111373,65.4205338,64.9145308,1,0.577365911,65.4205338,64.9145308,0.45864313
9310,931,0.532826643,1,1.15976331,0.520859227,60.9212408,61.1942432,1,0.668238537,60.9212408,61.1942432,0.449089655
9320,932,0.539981075,1,1.23076923,0.518396497,65.0080109,57.2139138,1,0.585921807,65.0080109,57.2139138,0.438830558
9330,933,0.530954033,1,1.23076923,0.509263949,68.665128,61.5720732,1,0.515684117,68.665128,61.5720732,0.437637952
9340,934,0.525891956,1,1.18343195,0.523010959,63.9507144,64.7523358,1,0.517359562,63.9507144,64.7523358,0.43744664
9350,935,0.512433635,1,1.10650888,0.515819861,60.5570692,59.9187449,1,0.491740005,60.5570692,59.9187449,0.454305036
9360,936,0.521597433,1,1.15976331,0.522751121,65.1566681,56.9587815,1,0.490399183,65.1566681,56.9587815,0.420746682
9370,937,0.510625854,1,1.16568047,0.515604167,68.0192834,62.1999957,1,0.525155534,68.0192834,62.1999957,0.459385315
9380,938,0.523241696,1,1.18343195,0.517712607,62.68753,64.4234181,1,0.593578964,62.68753,64.4234181,0.444367786
9390,939,0.532037274,1,1.15976331,0.517540578,61.2256008,58.7196058,1,0.666564834,61.2256008,58.7196058,0.452937235
9400,940,0.540675299,1,1.18934911,0.515514865,66.8281553,58.0448418,1,0.587363609,66.8281553,58.0448418,0.434080157
9410,941,0.530942802,1,1.23668639,0.513628187,67.1271174,63.6867548,1,0.508444409,67.1271174,63.6867548,0.434602181
9420,942,0.524155663,1,1.20710059,0.518868516,61.5135573,63.7260875,1,0.511093063,61.5135573,63.7260875,0.431822915
9430,943,0.51192411,1,1.16568047,0.513345996,61.7876114,57.8490353,1,0.518178345,61.7876114,57.8490353,0.45257219
9440,944,0.509357796,1,1.1183432,0.513064658,67.6980213,58.5791362,1,0.507835764,67.6980213,58.5791362,0.45810255
9450,945,0.514617003,1,1.16568047,0.51312565,66.5149183,64.4650753,1,0.544222058,66.5149183,64.4650753,0.461820506
9460,946,0.507200176,1,1.14792899,0.512317225,60.9221119,62.8176529,1,0.560971333,60.9221119,62.8176529,0.448491783
9470,947,0.537782247,1,1.15384615,0.519840596,63.3530055,57.6775192,1,0.672719942,63.3530055,57.6775192,0.437382062
9480,948,0.537050085,1,1.23076923,0.518207068,68.1264301,60.7974556,1,0.550478096,68.1264301,60.7974556,0.438661125
9490,949,0.533626897,1,1.24260355,0.513989872,65.0568463,65.3124576,1,0.521911081,65.0568463,65.3124576,0.419971737
9500,950,0.51812055,1,1.17159763,0.51522146,60.6791055,61.6354575,1,0.524482663,60.6791055,61.6354575,0.439774983
9510,951,0.509155267,1,1.15384615,0.515369792,64.8283511,57.3691768,1,0.519731195,64.8283511,57.3691768,0.457788555
9520,952,0.504258241,1,1.0887574,0.507285144,68.9435405,61.7477983,1,0.503647429,68.9435405,61.7477983,0.462224556
9530,953,0.512818848,1,1.17751479,0.51549674,64.3177709,65.3315744,1,0.538131499,64.3177709,65.3315744,0.450122898
9540,954,0.533373564,1,1.14792899,0.519488814,61.411373,60.3017014,1,0.651151816,61.411373,60.3017014,0.446861315
9550,955,0.51732303,1,1.10059172,0.508547883,66.3542448,57.7360055,1,0.645408857,66.3542448,57.7360055,0.428391635
9560,956,0.538756749,1,1.23668639,0.517023469,68.0130784,63.1037373,1,0.552673852,68.0130784,63.1037373,0.432169926
9570,957,0.523841397,1,1.20710059,0.515963791,62.5686159,64.4607982,1,0.512498591,62.5686159,64.4607982,0.431618569
9580,958,0.517595687,1,1.13609467,0.516847168,61.4286778,58.7609693,1,0.506600435,61.4286778,58.7609693,0.447130948
9590,959,0.511401099,1,1.14201183,0.515061533,67.2984293,57.8125978,1,0.491503033,67.2984293,57.8125978,0.457374756
9600,960,0.513687924,1,1.13609467,0.516148539,67.8596379,63.6302723,1,0.517167981,67.8596379,63.6302723,0.449590815
9610,961,0.519116988,1,1.18934911,0.518902658,61.9090368,63.5319398,1,0.590343346,61.9090368,63.5319398,0.457801037
9620,962,0.504077089,1,1.07692308,0.509605139,62.3463292,57.8515133,1,0.585557922,62.3463292,57.8515133,0.438248737
9630,963,0.54114516,1,1.16568047,0.518605929,67.7421954,59.3514063,1,0.610519457,67.7421954,59.3514063,0.430803919
9640,964,0.531514123,1,1.24852071,0.513549881,66.025131,64.6616575,1,0.529539036,66.025131,64.6616575,0.429304364
9650,965,0.526162848,1,1.19526627,0.519725701,60.9404226,62.5068108,1,0.508248602,60.9404226,62.5068108,0.424805032
9660,966,0.520818147,1,1.12426036,0.517139886,63.0591803,57.2423908,1,0.508077722,63.0591803,57.2423908,0.436522381
9670,967,0.513938975,1,1.14792899,0.517748909,68.4081976,59.6935813,1,0.489091543,68.4081976,59.6935813,0.452607958
9680,968,0.516818451,1,1.12426036,0.515744918,65.6332327,64.7783881,1,0.516439788,65.6332327,64.7783881,0.445594415
9690,969,0.51461111,1,1.21893491,0.517594375,60.749739,61.4582243,1,0.562043277,60.749739,61.4582243,0.454250137
9700,970,0.528897282,1,1.15976331,0.517476818,64.621533,57.0816894,1,0.649209798,64.621533,57.0816894,0.449489166
9710,971,0.539480068,1,1.20118343,0.518673081,68.2850667,61.4188302,1,0.608574819,68.2850667,61.4188302,0.436719008
9720,972,0.531504333,1,1.21301775,0.519588644,63.665821,64.6005247,1,0.5069543,63.665821,64.6005247,0.431459684
9730,973,0.520061749,1,1.15976331,0.51162943,60.6578008,59.770923,1,0.523525128,60.6578008,59.770923,0.437672962
9740,974,0.519165358,1,1.18343195,0.516868764,65.779943,57.0361007,1,0.505080941,65.779943,57.0361007,0.446654843
9750,975,0.50958183,1,1.11242604,0.514551269,68.5331294,62.3515624,1,0.477734536,68.5331294,62.3515624,0.460474218
9760,976,0.521474915,1,1.14792899,0.521476665,63.2857281,64.553417,1,0.528717525,63.2857281,64.553417,0.437741547
9770,977,0.513087556,1,1.17159763,0.517759948,61.3918034,59.0123329,1,0.547055438,61.3918034,59.0123329,0.45044727
9780,978,0.523614744,1,1.13609467,0.517387823,66.9795268,57.801344,1,0.627011123,66.9795268,57.801344,0.439803256
9790,979,0.539250832,1,1.20118343,0.515181128,67.4036908,63.5658975,1,0.603263664,67.4036908,63.5658975,0.444625976
9800,980,0.525401277,1,1.21893491,0.516747732,61.7431135,63.2041481,1,0.514620429,61.7431135,63.2041481,0.436317282
9810,981,0.514908026,1,1.18934911,0.512505465,62.4602018,57.364079,1,0.506862067,62.4602018,57.364079,0.452609941
9820,982,0.513429882,1,1.15976331,0.510744535,68.2413596,58.2540714,1,0.514330751,68.2413596,58.2540714,0.449943272
9830,983,0.508149225,1,1.10059172,0.513796512,67.1209553,64.0454835,1,0.475616359,67.1209553,64.0454835,0.453753309
9840,984,0.513375556,1,1.12426036,0.517211232,61.6021749,62.3467432,1,0.544634598,61.6021749,62.3467432,0.44417769
9850,985,0.528431404,1,1.20710059,0.519015672,64.0562784,57.0722199,1,0.640047029,64.0562784,57.0722199,0.447499431
9860,986,0.535184706,1,1.14792899,0.513651078,68.9936773,60.049435,1,0.667353474,68.9936773,60.049435,0.44350485
9870,987,0.532047815,1,1.20118343,0.513315045,65.4413354,64.4677663,1,0.532470544,65.4413354,64.4677663,0.436098792
9880,988,0.520591694,1,1.19526627,0.513223165,61.3021122,60.5518212,1,0.513640342,61.3021122,60.5518212,0.438311681
9890,989,0.521484462,1,1.17751479,0.519252515,65.4594461,56.6363128,1,0.511648547,65.4594461,56.6363128,0.439301703
9900,990,0.508874214,1,1.14201183,0.514354496,69.4971356,60.9080846,1,0.49374361,69.4971356,60.9080846,0.452154418
9910,991,0.51274769,1,1.17159763,0.518485762,64.836761,64.3334515,1,0.532379322,64.836761,64.3334515,0.44490694
9920,992,0.522394285,1,1.15976331,0.51311232,62.0693235,58.935953,1,0.643686476,62.0693235,58.935953,0.466585863
9930,993,0.53287774,1,1.17751479,0.511858818,67.7384947,57.1625167,1,0.640404287,67.7384947,57.1625167,0.456929415
9940,994,0.530550581,1,1.20710059,0.510213275,68.9396875,62.8080326,1,0.564328938,68.9396875,62.8080326,0.44399154
9950,995,0.53615456,1,1.25443787,0.510296735,63.5600312,63.7404798,1,0.5380279,63.5600312,63.7404798,0.419989854
9960,996,0.527618143,1,1.20710059,0.520115007,62.84939,58.2806098,1,0.510126275,62.84939,58.2806098,0.423532557
9970,997,0.520004926,1,1.16568047,0.517977976,68.4474931,57.5846276,1,0.497423478,68.4474931,57.5846276,0.433938548
9980,998,0.516439291,1,1.14201183,0.51863552,68.6393518,63.4299673,1,0.499895177,68.6393518,63.4299673,0.449883656
9990,999,0.525043077,1,1.15976331,0.517373246,62.6624112,62.9074478,1,0.58572357,62.6624112,62.9074478,0.461518243
10000,1000,0.516400316,1,1.14792899,0.507610837,63.8949749,56.9222767,1,0.643589217,63.8949749,56.9222767,0.470059083
10010,1001,0.53802672,1,1.16568047,0.514458531,69.1781849,58.7381768,1,0.66265389,69.1781849,58.7381768,0.429736407
10020,1002,0.532396889,1,1.21893491,0.518158229,66.6908787,63.889205,1,0.514432418,66.6908787,63.889205,0.440009304
10030,1003,0.527322412,1,1.21893491,0.51485248,61.7115409,61.3417232,1,0.512418054,61.7115409,61.3417232,0.430243278
10040,1004,0.521464174,1,1.15976331,0.517543196,64.4877615,56.5169495,1,0.521251966,64.4877615,56.5169495,0.428191755
10050,1005,0.517708503,1,1.14792899,0.516403786,69.3103923,59.6969134,1,0.504133456,69.3103923,59.6969134,0.444359382
10060,1006,0.515683161,1,1.17751479,0.516698447,65.3592328,64.249176,1,0.563635913,65.3592328,64.249176,0.463679364
10070,1007,0.517445416,1,1.14201183,0.512436839,61.265339,59.8869145,1,0.611273505,61.265339,59.8869145,0.460185791
10080,1008,0.529611978,1,1.17751479,0.513172194,65.9013105,56.4269917,1,0.660074962,65.9013105,56.4269917,0.444980538
10090,1009,0.538074587,1,1.14792899,0.512577811,68.7223498,61.4583094,1,0.600637751,68.7223498,61.4583094,0.443709624
10100,1010,0.530718011,1,1.24852071,0.519581979,63.5428441,63.7239112,1,0.506068723,63.5428441,63.7239112,0.434872157
10110,1011,0.526083517,1,1.19526627,0.51865748,61.3785505,58.4995813,1,0.508289778,61.3785505,58.4995813,0.4349916
10120,1012,0.515664456,1,1.14792899,0.515079917,66.794742,56.3895828,1,0.489765925,66.794742,56.3895828,0.447129065
10130,1013,0.51108604,1,1.10650888,0.516275985,68.5194375,61.9523268,1,0.489394128,68.5194375,61.9523268,0.447998142
10140,1014,0.514406129,1,1.18343195,0.518891762,62.8550572,63.17921,1,0.542553212,62.8550572,63.17921,0.445825121
10150,1015,0.530353911,1,1.16568047,0.518888069,62.3832657,57.3339586,1,0.650552534,62.3832657,57.3339586,0.451096956
10160,1016,0.540240795,1,1.14792899,0.518008476,68.1678887,57.7090819,1,0.634066246,68.1678887,57.7090819,0.445905639
10170,1017,0.540870341,1,1.20118343,0.513411271,67.5186162,63.2201963,1,0.580031551,67.5186162,63.2201963,0.426863735
10180,1018,0.52788073,1,1.20710059,0.520483839,61.9901572,62.0949887,1,0.503779416,61.9901572,62.0949887,0.433984919
10190,1019,0.523485642,1,1.17751479,0.516424654,63.1513943,56.5944866,1,0.512658941,63.1513943,56.5944866,0.432441767
10200,1020,0.518211109,1,1.13609467,0.519677852,68.7637784,58.2194307,1,0.497874512,68.7637784,58.2194307,0.449452645
10210,1021,0.509106813,1,1.08284024,0.514653518,66.8966874,63.9062117,1,0.497561825,66.8966874,63.9062117,0.460418556
10220,1022,0.522935136,1,1.15384615,0.519990249,61.5236431,61.6286637,1,0.56744891,61.5236431,61.6286637,0.44890946
10230,1023,0.508938886,1,1.13609467,0.511187584,64.1954274,56.4171789,1,0.576210988,64.1954274,56.4171789,0.450496147
10240,1024,0.542187875,1,1.19526627,0.516765879,68.7214547,60.0167148,1,0.623798159,68.7214547,60.0167148,0.444836137
10250,1025,0.527726128,1,1.24852071,0.514019636,64.7073671,64.1098352,1,0.509485761,64.7073671,64.1098352,0.440994935
10260,1026,0.529129361,1,1.23668639,0.513719103,60.8634662,60.1728205,1,0.512537553,60.8634662,60.1728205,0.423256311
10270,1027,0.52277691,1,1.15976331,0.518742075,65.0257047,56.3927436,1,0.504785226,65.0257047,56.3927436,0.432504815
10280,1028,0.521322103,1,1.14792899,0.519604871,68.7261755,60.7236545,1,0.490569411,68.7261755,60.7236545,0.438193394
10290,1029,0.513056738,1,1.11242604,0.516724309,63.9047157,64.219162,1,0.508524881,63.9047157,64.219162,0.458096441
10300,1030,0.513371044,1,1.15976331,0.513618527,61.0513703,58.9295589,1,0.591888621,61.0513703,58.9295589,0.462316532
10310,1031,0.530599559,1,1.16568047,0.51486348,66.6062883,56.9254225,1,0.66800159,66.6062883,56.9254225,0.454261062
10320,1032,0.537141533,1,1.18934911,0.512656265,67.8759081,62.457798,1,0.625935023,67.8759081,62.457798,0.436629867
10330,1033,0.532729978,1,1.22485207,0.516354861,62.2552696,63.1352908,1,0.504291334,62.2552696,63.1352908,0.435486357
10340,1034,0.523275147,1,1.17751479,0.515450127,61.6970909,57.4841308,1,0.508760919,61.6970909,57.4841308,0.436819958
10350,1035,0.523265294,1,1.17159763,0.522004433,67.3103641,57.1093197,1,0.499139346,67.3103641,57.1093197,0.432751753
10360,1036,0.509897742,1,1.0887574,0.512154736,67.4203818,63.1173968,1,0.510835142,67.4203818,63.1173968,0.46223726
10370,1037,0.502124383,1,1.1183432,0.507687549,61.3963274,62.9294068,1,0.500726108,61.3963274,62.9294068,0.463614378
10380,1038,0.518176942,1,1.18934911,0.521535972,61.9532434,57.3462857,1,0.529056436,61.9532434,57.3462857,0.431602192
10390,1039,0.52991603,1,1.15976331,0.521090308,67.5838692,58.6699221,1,0.636840962,67.5838692,58.6699221,0.444931747
10400,1040,0.533901326,1,1.14792899,0.509182532,65.7455349,64.0604591,1,0.659429784,65.7455349,64.0604591,0.438106213
10410,1041,0.529511402,1,1.20710059,0.514102759,60.8324861,61.3611717,1,0.513512846,60.8324861,61.3611717,0.431209943
10420,1042,0.516332848,1,1.23076923,0.514458036,63.9620052,56.4981288,1,0.520910504,63.9620052,56.4981288,0.444846073
10430,1043,0.507157955,1,1.13017751,0.508726741,68.8262435,59.9135282,1,0.502057981,68.8262435,59.9135282,0.457196028
10440,1044,0.514886698,1,1.11242604,0.515272127,65.2396026,64.4478805,1,0.492757342,65.2396026,64.4478805,0.444721465
10450,1045,0.519798542,1,1.14792899,0.519355206,61.008487,60.3764006,1,0.563202212,61.008487,60.3764006,0.451685128
10460,1046,0.50312067,1,1.16568047,0.513085825,65.1953642,56.4251991,1,0.54761449,65.1953642,56.4251991,0.442838702
10470,1047,0.534703308,1,1.13609467,0.517263964,68.2408653,61.3242883,1,0.66381675,68.2408653,61.3242883,0.4437345
10480,1048,0.530650978,1,1.23668639,0.513397648,63.0375122,63.6890606,1,0.526719764,63.0375122,63.6890606,0.439654464
10490,1049,0.523596672,1,1.21893491,0.51468585,61.0935892,58.3088017,1,0.509552036,61.0935892,58.3088017,0.440051254
10500,1050,0.520602977,1,1.18343195,0.518996599,66.5765352,56.5479872,1,0.503792323,66.5765352,56.5479872,0.44298052
10510,1051,0.517150589,1,1.13609467,0.51724386,68.2302602,62.0592232,1,0.495668808,68.2302602,62.0592232,0.442615473
10520,1052,0.514918882,1,1.13609467,0.51881291,62.3778417,63.2025154,1,0.535123221,62.3778417,63.2025154,0.458695857
10530,1053,0.501658436,1,1.14201183,0.511100017,61.3120744,57.434711,1,0.508390727,61.3120744,57.434711,0.451187963
10540,1054,0.535143745,1,1.15976331,0.521609238,67.1122111,57.5863217,1,0.653227662,67.1122111,57.5863217,0.446316758
10550,1055,0.533226228,1,1.15384615,0.51016732,66.4318826,63.3097095,1,0.645676242,66.4318826,63.3097095,0.443360048
10560,1056,0.538255949,1,1.23668639,0.518125292,61.1391609,62.0677835,1,0.541763555,61.1391609,62.0677835,0.418190545
10570,1057,0.525026489,1,1.19526627,0.516660411,62.5666644,56.6031683,1,0.51578658,62.5666644,56.6031683,0.434460734
10580,1058,0.51544319,1,1.13609467,0.515766184,68.119406,58.3729095,1,0.49763868,68.119406,58.3729095,0.448303335
10590,1059,0.51528597,1,1.11242604,0.516300721,66.2500747,63.6637197,1,0.487538321,66.2500747,63.6637197,0.431641103
10600,1060,0.50949081,1,1.12426036,0.518905459,60.8476105,61.5328825,1,0.486677196,60.8476105,61.5328825,0.446730971
10610,1061,0.520643198,1,1.13609467,0.520286337,63.5901086,56.4283672,1,0.581255546,63.5901086,56.4283672,0.445738351
10620,1062,0.533555334,1,1.18343195,0.518629913,68.2094567,60.0986367,1,0.666593198,68.2094567,60.0986367,0.453841302
10630,1063,0.538085937,1,1.20710059,0.518565381,64.0871778,64.0639815,1,0.58212986,64.0871778,64.0639815,0.439991546
10640,1064,0.529619616,1,1.23668639,0.512071754,60.4392685,59.7489593,1,0.518212434,60.4392685,59.7489593,0.434643692
10650,1065,0.526770466,1,1.17751479,0.518743072,64.9591127,56.4812172,1,0.513773031,64.9591127,56.4812172,0.429028967
10660,1066,0.511534488,1,1.12426036,0.512032565,68.3574607,61.333692,1,0.491849653,68.3574607,61.333692,0.455702077
10670,1067,0.51554886,1,1.11242604,0.521744257,63.7603489,64.4202145,1,0.477439204,63.7603489,64.4202145,0.425934812
10680,1068,0.51017984,1,1.14792899,0.518903975,60.8673592,59.4599917,1,0.515446011,60.8673592,59.4599917,0.441709966
10690,1069,0.52944317,1,1.16568047,0.52060054,66.5583157,57.6904169,1,0.65718098,66.5583157,57.6904169,0.458440763
10700,1070,0.527353615,1,1.15384615,0.505930719,67.493179,63.494728,1,0.634430272,67.493179,63.494728,0.452239636
10710,1071,0.534750325,1,1.24260355,0.515723405,61.8659375,63.7008075,1,0.531987609,61.8659375,63.7008075,0.4331549
10720,1072,0.533573986,1,1.26627219,0.511687121,61.5478953,58.168653,1,0.517195462,61.5478953,58.168653,0.426253005
10730,1073,0.529089981,1,1.19526627,0.52088782,66.9837335,58.1764545,1,0.505119496,66.9837335,58.1764545,0.418141837
10740,1074,0.521994648,1,1.15384615,0.521220711,66.905703,63.8507112,1,0.494666406,66.905703,63.8507112,0.436522555
10750,1075,0.516694225,1,1.13017751,0.518249876,60.987524,63.2173826,1,0.529016442,60.987524,63.2173826,0.457843847
10760,1076,0.514201137,1,1.19526627,0.51007488,62.270133,57.2295904,1,0.582861572,62.270133,57.2295904,0.471047812
10770,1077,0.510889724,1,1.14201183,0.508006028,67.8965588,58.8077345,1,0.594249375,67.8965588,58.8077345,0.449504693
10780,1078,0.532196601,1,1.14792899,0.516089401,65.781833,64.0119238,1,0.667986085,65.781833,64.0119238,0.4321109
10790,1079,0.537903251,1,1.21893491,0.514024162,60.8899143,61.302644,1,0.554731531,60.8899143,61.302644,0.430157979
10800,1080,0.528468411,1,1.21893491,0.518002799,64.0065358,56.7245786,1,0.516851179,64.0065358,56.7245786,0.426017836
10810,1081,0.508201141,1,1.15384615,0.508268239,68.7205867,60.3574154,1,0.513704248,68.7205867,60.3574154,0.457803993
10820,1082,0.510733432,1,1.09467456,0.5128345,64.7935446,64.6560851,1,0.496216858,64.7935446,64.6560851,0.447876123
10830,1083,0.512583512,1,1.15976331,0.516731672,60.6378704,60.4638502,1,0.513494784,60.6378704,60.4638502,0.454070749
10840,1084,0.525183978,1,1.20118343,0.519445955,65.4148747,56.9339082,1,0.618556522,65.4148747,56.9339082,0.456901454
10850,1085,0.530497941,1,1.17159763,0.51400003,68.232737,62.1095721,1,0.668226989,68.232737,62.1095721,0.453310279
10860,1086,0.536278699,1,1.19526627,0.512574706,62.9207695,64.0975013,1,0.592532522,62.9207695,64.0975013,0.436289224
10870,1087,0.533698129,1,1.23076923,0.51541444,61.3775193,58.7354048,1,0.515409643,61.3775193,58.7354048,0.429212163
10880,1088,0.523943851,1,1.18934911,0.52000016,66.7885153,57.3144785,1,0.515044186,66.7885153,57.3144785,0.43034257
10890,1089,0.518611937,1,1.10650888,0.518654896,68.0302669,62.909423,1,0.495576895,68.0302669,62.909423,0.440852795
10900,1090,0.517860408,1,1.1183432,0.517412715,62.2153048,63.7307166,1,0.528873159,62.2153048,63.7307166,0.451744202
10910,1091,0.506251492,1,1.14201183,0.510040668,61.8740905,57.6007811,1,0.553685669,61.8740905,57.6007811,0.472263438
10920,1092,0.525513642,1,1.18934911,0.515689211,67.5630151,57.7869256,1,0.622177791,67.5630151,57.7869256,0.437843786
10930,1093,0.54061251,1,1.16568047,0.517991633,66.452342,63.5389854,1,0.643001006,66.452342,63.5389854,0.450639171
10940,1094,0.539862022,1,1.20118343,0.512328491,61.0137335,62.129849,1,0.587937634,61.0137335,62.129849,0.432168935
10950,1095,0.524702664,1,1.21893491,0.513324831,63.0291394,56.8079981,1,0.511752616,63.0291394,56.8079981,0.43774542
10960,1096,0.515997021,1,1.17751479,0.512960287,68.247067,59.1642908,1,0.51104436,68.247067,59.1642908,0.440406505
10970,1097,0.512000221,1,1.14792899,0.514317247,65.2927376,64.3202608,1,0.526576133,65.2927376,64.3202608,0.457107502
10980,1098,0.504694644,1,1.14201183,0.505295861,60.1201254,61.0850201,1,0.51803096,60.1201254,61.0850201,0.469310832
10990,1099,0.499284808,1,1.14792899,0.511550557,63.2899143,56.2611945,1,0.47171141,63.2899143,56.2611945,0.444005801
11000,1100,0.517850154,1,1.13609467,0.519967845,67.5457144,59.8561339,1,0.593163451,67.5457144,59.8561339,0.428534201
11010,1101,0.513314381,1,1.13017751,0.511016179,63.8154534,63.8428675,1,0.637265586,63.8154534,63.8428675,0.419980923
11020,1102,0.537857945,1,1.22485207,0.513542068,60.4929447,59.396419,1,0.545774756,60.4929447,59.396419,0.426974827
11030,1103,0.531162498,1,1.27218935,0.518016772,65.0451062,56.3765024,1,0.532066661,65.0451062,56.3765024,0.420214587
11040,1104,0.522891772,1,1.21301775,0.523240902,67.856732,61.3436371,1,0.515512887,67.856732,61.3436371,0.439052689
11050,1105,0.504451124,1,1.07100592,0.509362223,62.4484791,64.1849871,1,0.497721571,62.4484791,64.1849871,0.469939369
11060,1106,0.511851049,1,1.11242604,0.512949494,60.2245016,58.8164404,1,0.516187085,60.2245016,58.8164404,0.446997678
11070,1107,0.51395172,1,1.22485207,0.51596365,65.8171292,56.9128512,1,0.566038795,65.8171292,56.9128512,0.454439865
11080,1108,0.535882987,1,1.17751479,0.518266364,66.9078928,62.5608411,1,0.65792264,66.9078928,62.5608411,0.442488622
11090,1109,0.539898077,1,1.18934911,0.516965523,61.0651075,62.7499991,1,0.597228274,61.0651075,62.7499991,0.449680502
11100,1110,0.534221511,1,1.25443787,0.51431901,61.2095389,57.1268102,1,0.520635934,61.2095389,57.1268102,0.432695648
11110,1111,0.526506731,1,1.19526627,0.519322357,66.8436774,57.5469476,1,0.506063062,66.8436774,57.5469476,0.43459859
11120,1112,0.521006643,1,1.14201183,0.519521085,66.3272238,63.2375316,1,0.50605587,66.3272238,63.2375316,0.439536273
11130,1113,0.52058944,1,1.13609467,0.521461511,60.5815537,62.4560531,1,0.497191009,60.5815537,62.4560531,0.446043972
11140,1114,0.514264985,1,1.14792899,0.516449844,61.6973972,56.5210366,1,0.521171102,61.6973972,56.5210366,0.464538503
11150,1115,0.519347661,1,1.15976331,0.514870407,67.4440797,58.3654756,1,0.58169945,67.4440797,58.3654756,0.464263206
11160,1116,0.523733568,1,1.15976331,0.5119694,64.9761192,63.7509477,1,0.649742263,64.9761192,63.7509477,0.455694662
11170,1117,0.530984771,1,1.13609467,0.508412145,60.0058656,60.8353191,1,0.662337798,60.0058656,60.8353191,0.44325524
11180,1118,0.535195003,1,1.24260355,0.513811744,63.318002,56.4494686,1,0.521512071,63.318002,56.4494686,0.422768642
11190,1119,0.522627255,1,1.16568047,0.518378749,67.5898198,60.0724214,1,0.518722756,67.5898198,60.0724214,0.43086684
11200,1120,0.519865637,1,1.17751479,0.519003127,63.7338764,64.3035727,1,0.503236435,63.7338764,64.3035727,0.440353149
11210,1121,0.51510393,1,1.15976331,0.520858278,59.6073293,60.3377629,1,0.504497627,59.6073293,60.3377629,0.44025301
11220,1122,0.508764624,1,1.14792899,0.513327312,64.1445835,56.4155987,1,0.545542351,64.1445835,56.4155987,0.461346416
11230,1123,0.51896058,1,1.16568047,0.513548946,67.2679194,61.4506199,1,0.613274869,67.2679194,61.4506199,0.455775988
11240,1124,0.537250452,1,1.18934911,0.516505653,61.7711391,63.6612802,1,0.642756861,61.7711391,63.6612802,0.455743187
11250,1125,0.532191608,1,1.21893491,0.510525191,60.1875467,58.2308234,1,0.549258372,60.1875467,58.2308234,0.435126494
11260,1126,0.522439711,1,1.19526627,0.519031903,65.7187224,57.2430469,1,0.513558877,65.7187224,57.2430469,0.432206444
11270,1127,0.51488138,1,1.15384615,0.513763698,66.7328184,62.9787358,1,0.50378262,66.7328184,62.9787358,0.448049803
11280,1128,0.517572821,1,1.15384615,0.518304786,61.172351,63.7655775,1,0.486158866,61.172351,63.7655775,0.431989457
11290,1129,0.516110555,1,1.12426036,0.519537557,60.6535804,58.0447197,1,0.500809117,60.6535804,58.0447197,0.441871603
11300,1130,0.515938802,1,1.16568047,0.516724844,66.5239078,58.0768483,1,0.56103301,66.5239078,58.0768483,0.451570409
11310,1131,0.53888073,1,1.20118343,0.519230298,65.4366349,63.8456166,1,0.662203214,65.4366349,63.8456166,0.451564347
11320,1132,0.538645605,1,1.17159763,0.515096116,59.970281,62.1045635,1,0.599509253,59.970281,62.1045635,0.441301809
11330,1133,0.535364614,1,1.27810651,0.514034608,62.0294412,56.8595104,1,0.53322799,62.0294412,56.8595104,0.433444453
11340,1134,0.530859346,1,1.18343195,0.51718211,67.0253748,59.0479622,1,0.518236567,67.0253748,59.0479622,0.419556498
11350,1135,0.516630689,1,1.17159763,0.516928869,64.2684174,64.1876859,1,0.5045756,64.2684174,64.1876859,0.448650666
11360,1136,0.512098653,1,1.10650888,0.512450308,59.1321066,61.1450973,1,0.518632289,59.1321066,61.1450973,0.459218743
11370,1137,0.508506754,1,1.09467456,0.511470471,62.4035448,56.1140173,1,0.498215438,62.4035448,56.1140173,0.461628666
11380,1138,0.516479044,1,1.17159763,0.519515309,66.9532046,59.6629276,1,0.55246243,66.9532046,59.6629276,0.443854607
11390,1139,0.541025135,1,1.17751479,0.524827421,62.8393031,63.7104207,1,0.665764048,62.8393031,63.7104207,0.443936036
11400,1140,0.539595564,1,1.18343195,0.516404382,59.3928535,59.2046407,1,0.5848363,59.3928535,59.2046407,0.436365217
11410,1141,0.520812178,1,1.20118343,0.512356641,64.437764,56.3161335,1,0.502309908,64.437764,56.3161335,0.447177839
11420,1142,0.5108256,1,1.15384615,0.506499179,67.2027273,61.6110476,1,0.504887233,67.2027273,61.6110476,0.45948993
11430,1143,0.515675244,1,1.14201183,0.510452218,62.0298041,64.2323154,1,0.496521007,62.0298041,64.2323154,0.446088719
11440,1144,0.516393108,1,1.12426036,0.520378592,59.5465018,59.23769,1,0.462194805,59.5465018,59.23769,0.429069956
11450,1145,0.511681593,1,1.1183432,0.523790133,64.5576148,56.90574,1,0.478531169,64.5576148,56.90574,0.425164396
11460,1146,0.52215384,1,1.19526627,0.520061421,66.1985937,62.4437788,1,0.605032491,66.1985937,62.4437788,0.444311089
11470,1147,0.532202019,1,1.18343195,0.512912252,60.1512723,62.9168909,1,0.642264104,60.1512723,62.9168909,0.466600011
11480,1148,0.52611069,1,1.24852071,0.511748653,60.586037,57.0642623,1,0.519831018,60.586037,57.0642623,0.451442666
11490,1149,0.528196366,1,1.24260355,0.51440253,66.2732912,57.6768943,1,0.503090704,66.2732912,57.6768943,0.440011955
11500,1150,0.529236334,1,1.24260355,0.512454272,65.9020983,63.2287663,1,0.518724359,65.9020983,63.2287663,0.42802054
11510,1151,0.523418717,1,1.16568047,0.519985597,60.3849797,62.5868894,1,0.494336891,60.3849797,62.5868894,0.427256309
11520,1152,0.517838631,1,1.15976331,0.518205638,61.2377937,57.0041246,1,0.491016593,61.2377937,57.0041246,0.434425108
11530,1153,0.51865429,1,1.18343195,0.518266423,66.8617257,58.6016946,1,0.546503515,66.8617257,58.6016946,0.449726023
11540,1154,0.521931781,1,1.17751479,0.51710292,64.8322832,64.0614856,1,0.600342453,64.8322832,64.0614856,0.448059294
11550,1155,0.537729953,1,1.14201183,0.520584582,59.7441517,61.2549153,1,0.667004097,59.7441517,61.2549153,0.446988074
11560,1156,0.53812163,1,1.23076923,0.516736351,63.1107385,56.6693636,1,0.565616854,63.1107385,56.6693636,0.437591521
11570,1157,0.52660114,1,1.20118343,0.512758505,67.4843583,60.3827286,1,0.509349932,67.4843583,60.3827286,0.441337598
11580,1158,0.524972189,1,1.20710059,0.518924336,63.7112724,64.4735905,1,0.510104233,63.7112724,64.4735905,0.428091466
11590,1159,0.516772379,1,1.15976331,0.517438461,59.5728855,60.6214605,1,0.501358393,59.5728855,60.6214605,0.434905633
11600,1160,0.520878063,1,1.18343195,0.52335532,63.772162,56.8629601,1,0.524819372,63.772162,56.8629601,0.433509467
11610,1161,0.500646004,1,1.14201183,0.50537259,67.4452015,61.7958697,1,0.556136022,67.4452015,61.7958697,0.473091408
11620,1162,0.530829929,1,1.15384615,0.516069269,62.2344549,64.3977826,1,0.651400753,62.2344549,64.3977826,0.448018849
11630,1163,0.52677063,1,1.1183432,0.510275548,59.9812711,59.1109431,1,0.664473004,59.9812711,59.1109431,0.44207358
11640,1164,0.542031836,1,1.27218935,0.518162515,65.3538049,57.692099,1,0.534999536,65.3538049,57.692099,0.427440696
11650,1165,0.525143047,1,1.19526627,0.514929972,66.5280319,63.1925023,1,0.514402468,66.5280319,63.1925023,0.432641846
11660,1166,0.519687158,1,1.14792899,0.518404248,60.8930825,64.1145124,1,0.500291519,60.8930825,64.1145124,0.439221722
11670,1167,0.514143621,1,1.17751479,0.513402222,60.2214318,58.2412195,1,0.514210691,60.2214318,58.2412195,0.45473631
11680,1168,0.503416844,1,1.13609467,0.507449383,66.30746,57.9177837,1,0.492753617,66.30746,57.9177837,0.468816656
11690,1169,0.515463883,1,1.17159763,0.515526171,66.237073,63.6885985,1,0.546694272,66.237073,63.6885985,0.443941848
11700,1170,0.532728202,1,1.17159763,0.519506963,60.4420137,62.6195431,1,0.651831427,60.4420137,62.6195431,0.453295569
11710,1171,0.510550949,1,1.08284024,0.505854725,61.58088,57.2685316,1,0.634970786,61.58088,57.2685316,0.420835606
11720,1172,0.539631438,1,1.21893491,0.515861689,66.7620446,59.3256906,1,0.555473801,66.7620446,59.3256906,0.428816797
11730,1173,0.525046103,1,1.20710059,0.515895636,64.4866648,64.3404817,1,0.52317714,64.4866648,64.3404817,0.423604441
11740,1174,0.52153558,1,1.20118343,0.517766282,59.5669049,61.6614539,1,0.508310696,59.5669049,61.6614539,0.430914997
11750,1175,0.513564094,1,1.10650888,0.513158673,62.7746318,56.6695687,1,0.521442063,62.7746318,56.6695687,0.456436084
11760,1176,0.507512098,1,1.15384615,0.511558256,67.6044459,60.280944,1,0.522332013,67.6044459,60.280944,0.463898687
11770,1177,0.508573319,1,1.14201183,0.512329434,63.7413638,64.691152,1,0.548262836,63.7413638,64.691152,0.450990612
11780,1178,0.529649475,1,1.14201183,0.515470547,60.0643598,60.2259401,1,0.660371636,60.0643598,60.2259401,0.444948475
11790,1179,0.541829229,1,1.21301775,0.520071152,64.8184716,57.1845164,1,0.570394684,64.8184716,57.1845164,0.434134092
11800,1180,0.531455944,1,1.26035503,0.518394459,67.4466596,62.1148361,1,0.514587209,67.4466596,62.1148361,0.42977512
11810,1181,0.512918757,1,1.14792899,0.511690698,62.0915373,64.5679819,1,0.503073174,62.0915373,64.5679819,0.453097552
11820,1182,0.509693971,1,1.11242604,0.509650411,59.8223444,59.0373467,1,0.494341221,59.8223444,59.0373467,0.459850511
11830,1183,0.510305643,1,1.10059172,0.513181026,65.331677,56.9624129,1,0.483806669,65.331677,56.9624129,0.452854824
11840,1184,0.509217923,1,1.13017751,0.517600201,67.0989011,62.3644957,1,0.483258415,67.0989011,62.3644957,0.437215364
11850,1185,0.524730963,1,1.15976331,0.524188518,61.5136584,63.556219,1,0.595183556,61.5136584,63.556219,0.439305132
11860,1186,0.538287236,1,1.21893491,0.517192671,61.3692309,57.6307825,1,0.614276101,61.3692309,57.6307825,0.455938187
11870,1187,0.522171267,1,1.21893491,0.509979135,67.173798,58.4189671,1,0.516400351,67.173798,58.4189671,0.450602714
11880,1188,0.51746192,1,1.22485207,0.513089876,66.0256567,64.1252562,1,0.495116284,66.0256567,64.1252562,0.44774229
11890,1189,0.52012728,1,1.17751479,0.511209902,60.4330657,63.097617,1,0.510317033,60.4330657,63.097617,0.437401665
11900,1190,0.523007015,1,1.14792899,0.521313736,61.6614363,57.6550816,1,0.493082991,61.6614363,57.6550816,0.42918725
11910,1191,0.514972905,1,1.1183432,0.521123048,67.354581,58.9930307,1,0.475475353,67.354581,58.9930307,0.449865232
11920,1192,0.515256702,1,1.13609467,0.519094297,65.3987409,64.4860015,1,0.541279439,65.3987409,64.4860015,0.448521829
11930,1193,0.527051806,1,1.18343195,0.515923083,60.1857914,61.527988,1,0.649917662,60.1857914,61.527988,0.461055424
11940,1194,0.531470136,1,1.20710059,0.509902354,63.6118948,56.8385089,1,0.658490392,63.6118948,56.8385089,0.446746281
11950,1195,0.53051248,1,1.20710059,0.508148132,67.8245805,60.6926528,1,0.554413731,67.8245805,60.6926528,0.439210868
11960,1196,0.533730333,1,1.22485207,0.516839627,63.9165355,64.4496461,1,0.519439621,63.9165355,64.4496461,0.417004067
11970,1197,0.524417548,1,1.18343195,0.521643091,60.1658359,60.343855,1,0.506691214,60.1658359,60.343855,0.427773018
11980,1198,0.512733938,1,1.13017751,0.517427076,64.6519054,56.6269461,1,0.49787129,64.6519054,56.6269461,0.448140346
11990,1199,0.511769275,1,1.15976331,0.515505174,67.9097128,61.547079,1,0.549684534,67.9097128,61.547079,0.453917965
12000,1200,0.512893245,1,1.16568047,0.507858418,62.5997188,64.3871643,1,0.595283958,62.5997188,64.3871643,0.463215676
12010,1201,0.533538863,1,1.15976331,0.514710426,60.6871792,58.8575173,1,0.660526761,60.6871792,58.8575173,0.450080883
12020,1202,0.533188839,1,1.15384615,0.509193513,66.121422,57.314353,1,0.662384238,66.121422,57.314353,0.434546287
12030,1203,0.535882676,1,1.25443787,0.517359283,67.0592779,62.7859601,1,0.513532097,67.0592779,62.7859601,0.427030882
12040,1204,0.523340136,1,1.21893491,0.511948174,61.554464,63.4648266,1,0.516921981,61.554464,63.4648266,0.426655051
12050,1205,0.520544981,1,1.15384615,0.521037868,61.228135,57.7845354,1,0.499989238,61.228135,57.7845354,0.437665936
12060,1206,0.509327819,1,1.06508876,0.510727574,67.239958,57.6646234,1,0.500573998,67.239958,57.6646234,0.462539907
12070,1207,0.50865414,1,1.13017751,0.513578101,67.0157055,63.5992634,1,0.504703551,67.0157055,63.5992634,0.456836567
12080,1208,0.513801366,1,1.17159763,0.51894365,61.3643624,63.0790429,1,0.519746889,61.3643624,63.0790429,0.436556648
12090,1209,0.540920511,1,1.16568047,0.523938804,62.89806,57.5017265,1,0.661099798,62.89806,57.5017265,0.444949878
12100,1210,0.53621362,1,1.20118343,0.510626326,68.2885003,59.4375215,1,0.6371184,68.2885003,59.4375215,0.440576205
12110,1211,0.535913536,1,1.23668639,0.517470062,65.7350221,64.3499311,1,0.522661687,65.7350221,64.3499311,0.42587896
12120,1212,0.524584855,1,1.18934911,0.51878093,60.8362266,61.5282611,1,0.510742618,60.8362266,61.5282611,0.434870718
12130,1213,0.511194607,1,1.16568047,0.514406101,63.9881879,56.604928,1,0.511480467,63.9881879,56.604928,0.449681471
12140,1214,0.509090084,1,1.11242604,0.510020057,68.8173464,60.1818117,1,0.516931072,68.8173464,60.1818117,0.462274215
12150,1215,0.499932282,1,1.0887574,0.505093594,64.9917646,64.8542109,1,0.483450337,64.9917646,64.8542109,0.464518528
12160,1216,0.510256937,1,1.14201183,0.518614887,61.0139144,60.8711527,1,0.533488672,61.0139144,60.8711527,0.433016424
12170,1217,0.534603378,1,1.20710059,0.520480431,65.4516994,57.2951309,1,0.659386283,65.4516994,57.2951309,0.438406654
12180,1218,0.539618913,1,1.23076923,0.517401117,68.3658931,62.1154441,1,0.575199321,68.3658931,62.1154441,0.433288953
12190,1219,0.517514313,1,1.18343195,0.511429787,63.0136899,64.4334149,1,0.506536896,63.0136899,64.4334149,0.44866052
12200,1220,0.510445717,1,1.15976331,0.507309859,60.9384496,58.8197725,1,0.51651362,60.9384496,58.8197725,0.460380616
12210,1221,0.516756381,1,1.15384615,0.512650675,66.3905058,56.9007743,1,0.505089665,66.3905058,56.9007743,0.444609198
12220,1222,0.515854136,1,1.12426036,0.51763995,68.1907742,62.3323077,1,0.473003562,68.1907742,62.3323077,0.440162164
12230,1223,0.506440328,1,1.09467456,0.518671674,62.6738602,63.8815769,1,0.479419462,62.6738602,63.8815769,0.440793894
12240,1224,0.524360293,1,1.16568047,0.522591331,61.9445459,58.2092607,1,0.606462894,61.9445459,58.2092607,0.439923809
12250,1225,0.532451387,1,1.17751479,0.512793152,67.8884891,58.5549491,1,0.64003263,67.8884891,58.5549491,0.457999
12260,1226,0.527442851,1,1.26035503,0.51052351,66.7059194,64.210001,1,0.518333422,66.7059194,64.210001,0.444413608
12270,1227,0.529515085,1,1.21301775,0.515845237,61.2943437,62.8758745,1,0.522419608,61.2943437,62.8758745,0.428738658
12280,1228,0.525096369,1,1.18343195,0.515993559,62.7203051,57.4709839,1,0.514389012,62.7203051,57.4709839,0.429986982
12290,1229,0.520472938,1,1.14201183,0.520610437,68.2493082,59.0486214,1,0.49084635,68.2493082,59.0486214,0.442283045
12300,1230,0.520078654,1,1.1183432,0.520063182,66.5092389,64.4475046,1,0.496876593,66.5092389,64.4475046,0.436336156
12310,1231,0.513774881,1,1.15976331,0.518965835,61.0853463,62.1449929,1,0.527146433,61.0853463,62.1449929,0.453260187
12320,1232,0.5220564,1,1.18343195,0.520112809,63.8552677,56.9930629,1,0.60198394,63.8552677,56.9930629,0.449949683
12330,1233,0.539939973,1,1.15976331,0.519053182,68.4621704,60.5894731,1,0.648606623,68.4621704,60.5894731,0.449573884
12340,1234,0.540005284,1,1.21893491,0.515803537,64.547973,64.6417505,1,0.564869966,64.547973,64.6417505,0.433384189
12350,1235,0.529958304,1,1.18343195,0.522227293,60.9342905,60.3363202,1,0.518678451,60.9342905,60.3363202,0.43238318
12360,1236,0.514453055,1,1.17751479,0.514221567,65.3636482,56.5117747,1,0.504541654,65.3636482,56.5117747,0.450156827
12370,1237,0.525031714,1,1.15976331,0.520040759,68.7364848,60.8960003,1,0.501949989,68.7364848,60.8960003,0.425499787
12380,1238,0.51171845,1,1.09467456,0.516891083,63.8734174,64.3129498,1,0.482474433,63.8734174,64.3129498,0.45719086
12390,1239,0.513845719,1,1.14201183,0.521382219,61.10164,59.2767483,1,0.555695424,61.10164,59.2767483,0.442197817
12400,1240,0.514574816,1,1.13017751,0.509513021,66.7092569,57.1692419,1,0.643550607,66.7092569,57.1692419,0.460813221
12410,1241,0.535914339,1,1.20118343,0.515754691,67.6333478,62.8622201,1,0.584387146,67.6333478,62.8622201,0.443653098
12420,1242,0.52330535,1,1.23076923,0.513125027,61.847164,63.1406125,1,0.513207759,61.847164,63.1406125,0.445605937
12430,1243,0.520420082,1,1.17751479,0.512055986,61.7286627,57.4641638,1,0.512374078,61.7286627,57.4641638,0.436745042
12440,1244,0.515510121,1,1.16568047,0.514191805,67.5001715,57.5527432,1,0.489163886,67.5001715,57.5527432,0.444014505
12450,1245,0.515260198,1,1.11242604,0.517251293,67.2337082,63.1772387,1,0.482050995,67.2337082,63.1772387,0.43313876
12460,1246,0.517338168,1,1.14792899,0.523550268,61.6049004,62.5686824,1,0.511791856,61.6049004,62.5686824,0.435508396
12470,1247,0.520322757,1,1.17751479,0.519272805,62.7870297,56.8092729,1,0.592017819,62.7870297,56.8092729,0.45226731
12480,1248,0.539867737,1,1.17751479,0.521307114,68.2031119,59.0523721,1,0.669515747,68.2031119,59.0523721,0.450938802
12490,1249,0.531678176,1,1.23076923,0.513958484,65.1232403,64.0902247,1,0.535222328,65.1232403,64.0902247,0.45420825
12500,1250,0.529630525,1,1.26035503,0.51418237,60.4840341,60.9711027,1,0.511595785,60.4840341,60.9711027,0.430021026
12510,1251,0.52964131,1,1.23076923,0.51472906,63.5781533,56.4618298,1,0.519437017,63.5781533,56.4618298,0.420672297
12520,1252,0.522515432,1,1.15976331,0.520599215,67.9913669,59.8464876,1,0.493343268,67.9913669,59.8464876,0.427822081
12530,1253,0.509405377,1,1.11242604,0.512246198,64.0914973,64.3953152,1,0.495879752,64.0914973,64.3953152,0.460902227
12540,1254,0.520367317,1,1.17159763,0.519015417,60.120998,60.046627,1,0.561554215,60.120998,60.046627,0.452971475
12550,1255,0.517803942,1,1.15976331,0.513638352,64.6446015,56.3120754,1,0.591441066,64.6446015,56.3120754,0.451230165
12560,1256,0.542664235,1,1.15384615,0.519478162,67.6322611,61.260439,1,0.663152311,67.6322611,61.260439,0.444642087
12570,1257,0.536862712,1,1.20710059,0.516008609,62.3366111,63.7089237,1,0.570756752,62.3366111,63.7089237,0.448791841
12580,1258,0.532152577,1,1.21893491,0.518560307,60.4102075,58.4679797,1,0.510370301,60.4102075,58.4679797,0.429521024
12590,1259,0.517287817,1,1.17159763,0.515081398,65.9842132,56.7790888,1,0.498968118,65.9842132,56.7790888,0.448019257
12600,1260,0.504158968,1,1.14792899,0.50655747,67.6282364,62.6278959,1,0.500859287,67.6282364,62.6278959,0.46734398
12610,1261,0.515663048,1,1.11242604,0.512106957,62.1545065,64.1094397,1,0.479152937,62.1545065,64.1094397,0.436206696
12620,1262,0.512772313,1,1.13609467,0.520160821,60.9945931,58.4923875,1,0.496001798,60.9945931,58.4923875,0.441197096
12630,1263,0.491433576,1,1.0887574,0.513442158,66.6774227,57.5931549,1,0.485080796,66.6774227,57.5931549,0.442579659
12640,1264,0.532806221,1,1.14792899,0.520790642,66.4220547,63.1350849,1,0.661317472,66.4220547,63.1350849,0.426754647
12650,1265,0.535831294,1,1.19526627,0.514994966,60.7809207,62.1336137,1,0.576905264,60.7809207,62.1336137,0.440718466
12660,1266,0.529318803,1,1.20118343,0.514870665,62.3703691,56.6927086,1,0.514335857,62.3703691,56.6927086,0.436024225
12670,1267,0.521568658,1,1.18343195,0.51616666,67.7991864,58.4879,1,0.508269007,67.7991864,58.4879,0.439841076
12680,1268,0.524979062,1,1.17751479,0.519763706,66.0483987,63.7253531,1,0.50582107,66.0483987,63.7253531,0.424794919
12690,1269,0.513416544,1,1.10650888,0.51980816,60.5393094,61.837564,1,0.469935511,60.5393094,61.837564,0.447965903
12700,1270,0.51747146,1,1.13609467,0.521182811,62.7055093,56.6424932,1,0.502491708,62.7055093,56.6424932,0.43296954
12710,1271,0.519352571,1,1.18343195,0.515240447,67.8462317,59.7514467,1,0.598291305,67.8462317,59.7514467,0.462131792
12720,1272,0.53008435,1,1.15384615,0.517922844,64.068095,64.1826352,1,0.668837258,64.068095,64.1826352,0.447939053
12730,1273,0.537184278,1,1.24260355,0.519161305,60.2137672,59.9016701,1,0.553094353,60.2137672,59.9016701,0.443109675
12740,1274,0.528085422,1,1.23668639,0.507079168,64.6407823,56.2853328,1,0.513661032,64.6407823,56.2853328,0.439717217
12750,1275,0.526834436,1,1.18343195,0.522947263,67.745826,60.963033,1,0.515259216,67.745826,60.963033,0.431881638
12760,1276,0.51386768,1,1.12426036,0.516821238,62.9147078,64.2955039,1,0.484782723,62.9147078,64.2955039,0.451460916
12770,1277,0.521793515,1,1.13609467,0.522736757,59.9501182,59.8639139,1,0.488220527,59.9501182,59.8639139,0.410136226
12780,1278,0.512663087,1,1.17751479,0.518216562,65.111018,56.9936144,1,0.522935393,65.111018,56.9936144,0.454259952
12790,1279,0.522586181,1,1.17751479,0.517299868,67.326927,62.3721275,1,0.59986735,67.326927,62.3721275,0.447469249
12800,1280,0.534263128,1,1.16568047,0.516967038,61.574641,63.6675244,1,0.669880044,61.574641,63.6675244,0.45356476
12810,1281,0.539711312,1,1.20118343,0.516552208,61.0351292,58.0825778,1,0.562055857,61.0351292,58.0825778,0.431611144
12820,1282,0.528773987,1,1.23076923,0.512958159,66.7250066,57.852738,1,0.508664299,66.7250066,57.852738,0.43803982
12830,1283,0.523256159,1,1.19526627,0.518649239,66.6494713,63.4794367,1,0.509581619,66.6494713,63.4794367,0.432861977
12840,1284,0.513497773,1,1.13017751,0.513387159,60.797971,63.1368458,1,0.51463659,60.797971,63.1368458,0.450886207
12850,1285,0.510874335,1,1.10650888,0.514642927,61.5257086,57.2695098,1,0.501349281,61.5257086,57.2695098,0.454791933
12860,1286,0.514555796,1,1.15976331,0.514804652,67.3519332,58.4880576,1,0.539141981,67.3519332,58.4880576,0.457868429
12870,1287,0.516353638,1,1.18343195,0.514084196,65.409699,64.0294347,1,0.616113378,65.409699,64.0294347,0.451684114
12880,1288,0.5395134,1,1.15384615,0.516277086,60.3584278,61.4015423,1,0.653715448,60.3584278,61.4015423,0.437996779
12890,1289,0.534266487,1,1.21893491,0.521042087,63.6586603,56.7557687,1,0.527081396,63.6586603,56.7557687,0.438358604
12900,1290,0.532419103,1,1.23668639,0.516711242,68.1157975,59.9474804,1,0.518533574,68.1157975,59.9474804,0.421697719
12910,1291,0.516540925,1,1.18343195,0.515668762,64.3216819,64.3775805,1,0.502036062,64.3216819,64.3775805,0.448673917
12920,1292,0.513923267,1,1.11242604,0.510928321,59.9601284,60.4459928,1,0.500897903,59.9601284,60.4459928,0.451693268
12930,1293,0.511914881,1,1.11242604,0.516931503,64.0993571,56.2695565,1,0.472217374,64.0993571,56.2695565,0.452317073
12940,1294,0.51068341,1,1.13609467,0.51842735,67.9148977,60.3962916,1,0.502125233,67.9148977,60.3962916,0.432334325
12950,1295,0.523439576,1,1.18934911,0.520914707,63.2974739,63.7177207,1,0.609804925,63.2974739,63.7177207,0.43753271
12960,1296,0.541543119,1,1.17159763,0.518182701,60.4939805,58.6748503,1,0.65851897,60.4939805,58.6748503,0.443827602
12970,1297,0.533237882,1,1.22485207,0.517854088,65.8634492,56.6629543,1,0.517890334,65.8634492,56.6629543,0.441078023
12980,1298,0.520480383,1,1.17751479,0.513302657,67.4712969,62.298412,1,0.510801997,67.4712969,62.298412,0.450795209
12990,1299,0.512140577,1,1.15976331,0.510863307,61.6184177,63.6352064,1,0.510423757,61.6184177,63.6352064,0.461815397
13000,1300,0.508378937,1,1.1183432,0.509100995,60.3649453,57.7380973,1,0.486886188,60.3649453,57.7380973,0.463758055
13010,1301,0.512466923,1,1.12426036,0.516048079,65.8876137,56.6052284,1,0.453786083,65.8876137,56.6052284,0.433666485
13020,1302,0.51899973,1,1.14792899,0.523575079,66.6489673,62.131841,1,0.524412816,66.6489673,62.131841,0.42913913
13030,1303,0.530738635,1,1.18934911,0.520305615,60.8041353,62.1099528,1,0.639220354,60.8041353,62.1099528,0.449605611
13040,1304,0.534079381,1,1.17159763,0.512283603,61.6469293,56.2849643,1,0.66311986,61.6469293,56.2849643,0.45274177
13050,1305,0.534030833,1,1.23076923,0.51207931,67.1016331,57.8822808,1,0.537638495,67.1016331,57.8822808,0.437212891
13060,1306,0.520442982,1,1.20118343,0.512773406,65.0043759,63.1957648,1,0.508509461,65.0043759,63.1957648,0.439415965
13070,1307,0.516243284,1,1.18343195,0.513874847,59.7970841,60.7356597,1,0.511663331,59.7970841,60.7356597,0.443012849
13080,1308,0.509663446,1,1.12426036,0.513770465,62.6878544,55.4973511,1,0.513836835,62.6878544,55.4973511,0.460231676
13090,1309,0.508765584,1,1.16568047,0.509371373,67.7176269,58.8079252,1,0.522939669,67.7176269,58.8079252,0.463192633
13100,1310,0.510850349,1,1.17159763,0.514648445,64.1473599,63.3736674,1,0.54576954,64.1473599,63.3736674,0.445840788
13110,1311,0.528784741,1,1.13017751,0.516572994,60.1037641,59.2263938,1,0.655965386,60.1037641,59.2263938,0.445560249
13120,1312,0.539402617,1,1.18343195,0.518499827,64.5985062,55.8780263,1,0.594951219,64.5985062,55.8780263,0.431141813
13130,1313,0.528690461,1,1.20118343,0.520122236,67.501314,60.5825325,1,0.500712292,67.501314,60.5825325,0.425229987
13140,1314,0.520827688,1,1.17159763,0.51659703,62.4508346,63.3442102,1,0.511434275,62.4508346,63.3442102,0.442787071
13150,1315,0.513631045,1,1.10650888,0.516420759,59.8331309,58.01913,1,0.501108553,59.8331309,58.01913,0.456438822
13160,1316,0.50983815,1,1.1183432,0.512609249,65.1412871,55.4816872,1,0.479642636,65.1412871,55.4816872,0.452574088
13170,1317,0.522976637,1,1.15976331,0.521463368,67.0091157,60.9690546,1,0.547343555,67.0091157,60.9690546,0.445888416
13180,1318,0.520927295,1,1.14792899,0.515537525,61.1899644,62.2921281,1,0.619832914,61.1899644,62.2921281,0.459051281
13190,1319,0.530455844,1,1.15976331,0.510501154,61.0358689,56.3086632,1,0.640580231,61.0358689,56.3086632,0.460419144
13200,1320,0.5306744,1,1.25443787,0.514841339,66.6015883,56.8937639,1,0.526169482,66.6015883,56.8937639,0.430491498
13210,1321,0.522419024,1,1.21301775,0.513385488,65.7024909,62.5212185,1,0.519479475,65.7024909,62.5212185,0.438371249
13220,1322,0.514034419,1,1.14792899,0.513803717,59.9330969,61.3306672,1,0.494033475,59.9330969,61.3306672,0.453150183
13230,1323,0.51926866,1,1.16568047,0.518959855,61.1758959,55.9222772,1,0.482882628,61.1758959,55.9222772,0.426872705
13240,1324,0.511564539,1,1.14792899,0.515927718,66.7327073,57.7732432,1,0.520323689,66.7327073,57.7732432,0.450537009
13250,1325,0.519299057,1,1.18934911,0.520141259,64.2900156,63.0501412,1,0.589280909,64.2900156,63.0501412,0.447295588
13260,1326,0.54236699,1,1.16568047,0.520201716,59.438436,59.7166663,1,0.641763954,59.438436,59.7166663,0.452801144
13270,1327,0.534228835,1,1.19526627,0.51172936,63.2540022,55.4085491,1,0.567530577,63.2540022,55.4085491,0.442681575
13280,1328,0.530182452,1,1.20710059,0.520396662,67.0643026,59.5730669,1,0.517349289,67.0643026,59.5730669,0.434200607
13290,1329,0.518341145,1,1.15384615,0.51758654,62.8667651,63.5369374,1,0.50636178,62.8667651,63.5369374,0.444103981
13300,1330,0.526608609,1,1.17159763,0.51960954,59.2133975,59.370356,1,0.500488884,59.2133975,59.370356,0.426264191
13310,1331,0.513230989,1,1.10059172,0.517147915,63.8502035,55.6812046,1,0.474800992,63.8502035,55.6812046,0.455796385
13320,1332,0.511193791,1,1.13609467,0.521384874,67.0363146,60.3672411,1,0.513810267,67.0363146,60.3672411,0.435891539
13330,1333,0.507713227,1,1.15384615,0.512387227,61.7591199,63.0579067,1,0.596104552,61.7591199,63.0579067,0.455657823
13340,1334,0.537269945,1,1.18934911,0.516015384,60.2737348,57.4234141,1,0.623101098,60.2737348,57.4234141,0.448230419
13350,1335,0.523192362,1,1.26035503,0.513394252,66.0802274,56.789068,1,0.511888892,66.0802274,56.789068,0.449310792
13360,1336,0.52171295,1,1.20710059,0.510643982,66.5390569,62.4744679,1,0.511241854,66.5390569,62.4744679,0.438760331
13370,1337,0.518835488,1,1.16568047,0.516133902,60.8295487,62.6935566,1,0.499061557,60.8295487,62.6935566,0.439516167
13380,1338,0.51757619,1,1.12426036,0.516884395,60.7027597,56.9872478,1,0.495570063,60.7027597,56.9872478,0.43905517
13390,1339,0.517305123,1,1.13609467,0.522026078,66.4042142,57.2015035,1,0.498388384,66.4042142,57.2015035,0.438882992
13400,1340,0.523068884,1,1.18343195,0.520512709,65.4684524,63.0522988,1,0.604290425,65.4684524,63.0522988,0.455781113
13410,1341,0.53470128,1,1.18343195,0.518765453,59.8905141,61.1847961,1,0.665759132,59.8905141,61.1847961,0.4524814
13420,1342,0.533581323,1,1.23668639,0.514229141,62.5530696,55.9692145,1,0.564937113,62.5530696,55.9692145,0.450453376
13430,1343,0.531878495,1,1.25443787,0.513607889,67.3952173,58.8045313,1,0.522644724,67.3952173,58.8045313,0.431629745
13440,1344,0.521786277,1,1.21893491,0.50936318,64.4208368,63.5714807,1,0.514319581,64.4208368,63.5714807,0.432214239
13450,1345,0.52706276,1,1.18934911,0.521464833,60.0277316,60.6283612,1,0.511883597,60.0277316,60.6283612,0.406757461
13460,1346,0.519777688,1,1.13017751,0.520047646,63.5304694,55.9959699,1,0.504735747,63.5304694,55.9959699,0.446738478
13470,1347,0.513236127,1,1.17751479,0.513161924,68.069215,60.0773325,1,0.534950033,68.069215,60.0773325,0.46953163
13480,1348,0.521412151,1,1.17751479,0.517384865,63.4894275,63.962863,1,0.617930152,63.4894275,63.962863,0.461998496
13490,1349,0.535891118,1,1.15976331,0.516561424,60.2633475,59.1433839,1,0.66517379,60.2633475,59.1433839,0.446120498
13500,1350,0.53705025,1,1.23076923,0.518840795,65.3724102,56.6464848,1,0.540428504,65.3724102,56.6464848,0.43742811
13510,1351,0.524937822,1,1.18934911,0.511684219,67.5765272,61.9030133,1,0.511163478,67.5765272,61.9030133,0.438456302
13520,1352,0.517883797,1,1.14201183,0.514185921,62.0635977,63.8093595,1,0.502891705,62.0635977,63.8093595,0.448709833
13530,1353,0.513469279,1,1.17159763,0.512717473,60.1779978,58.205268,1,0.48920097,60.1779978,58.205268,0.454831577
13540,1354,0.512617555,1,1.10059172,0.514635876,65.627518,56.6260165,1,0.483409193,65.627518,56.6260165,0.436441405
13550,1355,0.524926239,1,1.17751479,0.523260881,66.7052068,62.2806024,1,0.549196303,66.7052068,62.2806024,0.442797416
13560,1356,0.517297809,1,1.14792899,0.514669796,60.7483779,62.7394253,1,0.616825484,60.7483779,62.7394253,0.459574851
13570,1357,0.532460539,1,1.15976331,0.510435703,61.3793733,56.889925,1,0.637705905,61.3793733,56.889925,0.45257194
13580,1358,0.53713454,1,1.24852071,0.520338833,66.7315563,58.2552169,1,0.529075815,66.7315563,58.2552169,0.424890415
13590,1359,0.53170257,1,1.23076923,0.51296195,65.4599514,63.6936004,1,0.518276977,65.4599514,63.6936004,0.429620677
13600,1360,0.522944613,1,1.15384615,0.520058924,60.1183024,61.9938552,1,0.509311154,60.1183024,61.9938552,0.431197227
13610,1361,0.51552243,1,1.16568047,0.517393022,61.9793087,56.4523296,1,0.498748896,61.9793087,56.4523296,0.449666875
13620,1362,0.510136087,1,1.08284024,0.515725634,67.4477666,58.7633586,1,0.504977492,67.4477666,58.7633586,0.456672338
13630,1363,0.51571244,1,1.15384615,0.511611698,64.3447479,63.9015037,1,0.585421638,64.3447479,63.9015037,0.461725987
13640,1364,0.530031087,1,1.14792899,0.519056698,59.8520124,60.1661985,1,0.666760045,59.8520124,60.1661985,0.44943868
13650,1365,0.540073612,1,1.21301775,0.518448991,63.944548,56.1861134,1,0.592396852,63.944548,56.1861134,0.439135275
13660,1366,0.529749023,1,1.23668639,0.508055684,67.6113906,60.5382301,1,0.517266625,67.6113906,60.5382301,0.437763641
13670,1367,0.526817995,1,1.20710059,0.521869829,62.9263782,63.681203,1,0.517013037,62.9263782,63.681203,0.433969017
13680,1368,0.513424747,1,1.0887574,0.516100163,59.6316652,58.8120493,1,0.492852116,59.6316652,58.8120493,0.452238296
13690,1369,0.517473779,1,1.10650888,0.521884612,64.3197652,55.8701989,1,0.48992526,64.3197652,55.8701989,0.425745186
13700,1370,0.513316324,1,1.17751479,0.516142693,66.9813217,61.1846561,1,0.547735739,66.9813217,61.1846561,0.457206195
13710,1371,0.520560422,1,1.17751479,0.513570087,61.3496839,63.0548338,1,0.624976444,61.3496839,63.0548338,0.456465127
13720,1372,0.531080476,1,1.15976331,0.512909949,60.2580235,57.3623018,1,0.666253355,60.2580235,57.3623018,0.445866244
13730,1373,0.541034456,1,1.18934911,0.51578518,65.8371552,56.983607,1,0.578844236,65.8371552,56.983607,0.430151484
13740,1374,0.52857242,1,1.20710059,0.516431876,65.8793248,62.5931901,1,0.501485046,65.8793248,62.5931901,0.431518582
13750,1375,0.526166318,1,1.20118343,0.51754958,60.3170444,62.5771547,1,0.519958673,60.3170444,62.5771547,0.427869506
13760,1376,0.515252571,1,1.16568047,0.517131879,60.7174334,56.771098,1,0.505181313,60.7174334,56.771098,0.447680455
13770,1377,0.513160773,1,1.10650888,0.51603479,66.5707739,57.4165741,1,0.499722084,66.5707739,57.4165741,0.452986376
13780,1378,0.517985977,1,1.17751479,0.51717429,65.3674002,63.2380412,1,0.546910672,65.3674002,63.2380412,0.457272508
13790,1379,0.516309148,1,1.16568047,0.513972414,59.7754329,61.460168,1,0.601317704,59.7754329,61.460168,0.451368271
13800,1380,0.544760275,1,1.17751479,0.521052054,62.4808996,56.2995318,1,0.628175485,62.4808996,56.2995318,0.448216156
13810,1381,0.532778097,1,1.24852071,0.518117785,67.3230782,59.4855922,1,0.523932678,67.3230782,59.4855922,0.445873082
13820,1382,0.533318138,1,1.21301775,0.513948149,64.1654229,64.0004065,1,0.517719389,64.1654229,64.0004065,0.423805912
13830,1383,0.520887852,1,1.20118343,0.519556851,59.7546323,60.3124331,1,0.498171558,59.7546323,60.3124331,0.442265688
13840,1384,0.517947029,1,1.11242604,0.515232186,63.3330665,55.936613,1,0.491355931,63.3330665,55.936613,0.434822907
13850,1385,0.513588055,1,1.10059172,0.51800289,67.5702336,59.9007972,1,0.486543661,67.5702336,59.9007972,0.446341746
13860,1386,0.521527844,1,1.15384615,0.519375862,63.2267358,63.7300264,1,0.564276119,63.2267358,63.7300264,0.445416961
13870,1387,0.512094077,1,1.14792899,0.512882933,59.7003031,59.0407987,1,0.585282175,59.7003031,59.0407987,0.451326675
13880,1388,0.54113931,1,1.19526627,0.516906446,64.9249234,56.4929735,1,0.640504273,64.9249234,56.4929735,0.447134674
13890,1389,0.533487087,1,1.22485207,0.511224369,66.9844137,61.7159781,1,0.55948398,66.9844137,61.7159781,0.431875486
13900,1390,0.52783267,1,1.21893491,0.519939741,61.6495843,63.2440937,1,0.514383491,61.6495843,63.2440937,0.426874857
13910,1391,0.518933878,1,1.17751479,0.514154805,60.1611424,57.5826141,1,0.512227412,60.1611424,57.5826141,0.450297801
13920,1392,0.515098891,1,1.10650888,0.515287016,65.8724285,56.3464619,1,0.484519894,65.8724285,56.3464619,0.449502427
13930,1393,0.51611283,1,1.11242604,0.517394669,66.8365183,62.0219339,1,0.484646912,66.8365183,62.0219339,0.442828796
13940,1394,0.525744983,1,1.20710059,0.52225613,61.022575,62.3983387,1,0.565764224,61.022575,62.3983387,0.448162699
13950,1395,0.515842415,1,1.14201183,0.512839139,61.1222868,56.4904506,1,0.610477903,61.1222868,56.4904506,0.454517654
13960,1396,0.534036551,1,1.15384615,0.513910235,66.6822711,57.4961591,1,0.670434339,66.6822711,57.4961591,0.434631549
13970,1397,0.532784647,1,1.24852071,0.51382373,65.0828361,62.8367765,1,0.526269565,65.0828361,62.8367765,0.428844513
13980,1398,0.513838063,1,1.20118343,0.515097474,59.72067,60.5264288,1,0.505399454,59.72067,60.5264288,0.449131517
13990,1399,0.512046437,1,1.1183432,0.510058715,62.1042316,55.2406778,1,0.502746151,62.1042316,55.2406778,0.446024707
14000,1400,0.509518982,1,1.11242604,0.513393573,67.3884175,57.8156949,1,0.470638419,67.3884175,57.8156949,0.452169876
14010,1401,0.514135702,1,1.10650888,0.518887893,64.7208137,62.7384778,1,0.497081039,64.7208137,62.7384778,0.430699872
14020,1402,0.516901371,1,1.21301775,0.521284275,59.9480563,59.5016659,1,0.569896323,59.9480563,59.5016659,0.443601213
14030,1403,0.541331454,1,1.16568047,0.52147676,63.9794888,55.2741556,1,0.66675423,63.9794888,55.2741556,0.449353847
14040,1404,0.534527698,1,1.24852071,0.514583947,67.5560779,59.824412,1,0.547201032,67.5560779,59.824412,0.445203389
14050,1405,0.516285029,1,1.21301775,0.512012331,62.533314,62.9739228,1,0.498847562,62.533314,62.9739228,0.456041469
14060,1406,0.514287599,1,1.16568047,0.505912342,59.4840023,58.0071891,1,0.510914142,59.4840023,58.0071891,0.448315356
14070,1407,0.51949877,1,1.18343195,0.516038931,64.5274814,55.299625,1,0.501890775,64.5274814,55.299625,0.440330594
14080,1408,0.505219108,1,1.07692308,0.512680013,67.3430275,60.4437013,1,0.444739591,67.3430275,60.4437013,0.451092174
14090,1409,0.514203394,1,1.15976331,0.523531283,62.65798,62.7579316,1,0.488273569,62.65798,62.7579316,0.401957721
14100,1410,0.514230727,1,1.18343195,0.522368652,60.484792,57.4867655,1,0.549173444,60.484792,57.4867655,0.438582561
14110,1411,0.532884388,1,1.16568047,0.517199055,66.2076919,56.4001663,1,0.666380353,66.2076919,56.4001663,0.448087856
14120,1412,0.535118954,1,1.21893491,0.517231061,66.2478481,62.0548261,1,0.534418556,66.2478481,62.0548261,0.434984802
14130,1413,0.529937479,1,1.20118343,0.51709547,60.6214846,61.7081487,1,0.513817604,60.6214846,61.7081487,0.433617988
14140,1414,0.523892394,1,1.19526627,0.515181911,61.0079426,56.0900282,1,0.516635399,61.0079426,56.0900282,0.433184357
14150,1415,0.517448441,1,1.15976331,0.517766454,66.7148425,56.8078784,1,0.497275047,66.7148425,56.8078784,0.442451588
14160,1416,0.511466529,1,1.09467456,0.51341886,65.6342658,62.5813243,1,0.501034816,65.6342658,62.5813243,0.45182289
14170,1417,0.513853236,1,1.14201183,0.518528403,60.0150855,61.1369182,1,0.51753128,60.0150855,61.1369182,0.446296364
14180,1418,0.524973003,1,1.12426036,0.519474786,62.1795638,55.653193,1,0.615295693,62.1795638,55.653193,0.45349536
14190,1419,0.536683915,1,1.20118343,0.516531019,67.1584313,58.6469024,1,0.661012062,67.1584313,58.6469024,0.446892079
14200,1420,0.531223181,1,1.27810651,0.512412452,63.6642344,63.1307603,1,0.529211736,63.6642344,63.1307603,0.437275
14210,1421,0.523596658,1,1.18343195,0.518901482,59.4709984,59.293329,1,0.511059303,59.4709984,59.293329,0.437239238
14220,1422,0.523455313,1,1.15976331,0.517068287,63.3322819,55.1249345,1,0.511657684,63.3322819,55.1249345,0.437076236
14230,1423,0.517515261,1,1.14201183,0.518236559,67.3944573,59.31289,1,0.48218927,67.3944573,59.31289,0.448800108
14240,1424,0.518596895,1,1.13017751,0.521385916,63.3547379,63.1128111,1,0.492935901,63.3547379,63.1128111,0.426619667
14250,1425,0.502866447,1,1.13017751,0.514354287,59.6474269,58.5319487,1,0.515329937,59.6474269,58.5319487,0.453314261
14260,1426,0.531623618,1,1.18934911,0.521652741,64.6672048,55.6779386,1,0.643173706,64.6672048,55.6779386,0.444183602
14270,1427,0.536126474,1,1.17751479,0.515082543,66.7233867,61.167509,1,0.613158244,66.7233867,61.167509,0.450924538
14280,1428,0.529122383,1,1.22485207,0.51430021,61.2133468,62.4746498,1,0.507357135,61.2133468,62.4746498,0.435612589
14290,1429,0.528060924,1,1.21301775,0.518153175,60.0598297,57.0374086,1,0.515925099,60.0598297,57.0374086,0.427558037
14300,1430,0.519808092,1,1.20710059,0.51718863,65.7529937,56.1633208,1,0.512086478,65.7529937,56.1633208,0.443067213
14310,1431,0.510485072,1,1.10650888,0.514364096,66.3158666,62.0614518,1,0.497895845,66.3158666,62.0614518,0.455763715
14320,1432,0.5109648,1,1.1183432,0.513087341,60.4006085,62.3269272,1,0.509084884,60.4006085,62.3269272,0.455477879
14330,1433,0.511650019,1,1.15384615,0.519366587,60.5714977,56.6228488,1,0.515791846,60.5714977,56.6228488,0.438972131
14340,1434,0.527198325,1,1.16568047,0.519929003,66.2333425,57.4995257,1,0.647194913,66.2333425,57.4995257,0.440716528
14350,1435,0.539214471,1,1.25443787,0.515794166,64.4130653,62.8859662,1,0.563976124,64.4130653,62.8859662,0.43736131
14360,1436,0.523352127,1,1.20118343,0.511893525,59.2327663,60.4834168,1,0.509428861,59.2327663,60.4834168,0.4392553
14370,1437,0.519637148,1,1.17159763,0.516335315,61.9846195,55.3664824,1,0.502890319,61.9846195,55.3664824,0.446920523
14380,1438,0.514000587,1,1.13609467,0.510083529,67.139486,58.1653637,1,0.491941113,67.139486,58.1653637,0.451207356
14390,1439,0.51775068,1,1.13609467,0.519990152,64.216133,63.0126416,1,0.486863189,64.216133,63.0126416,0.435428754
14400,1440,0.509900933,1,1.14201183,0.519248815,59.2800145,59.9252286,1,0.49532044,59.2800145,59.9252286,0.447857396
14410,1441,0.529163275,1,1.19526627,0.522774425,63.1053013,55.554507,1,0.614077935,63.1053013,55.554507,0.446790174
14420,1442,0.533711159,1,1.15976331,0.511986701,66.8690385,60.2413024,1,0.636652647,66.8690385,60.2413024,0.462382361
14430,1443,0.532317851,1,1.21301775,0.512079344,61.9850391,63.2568967,1,0.591185092,61.9850391,63.2568967,0.441536175
14440,1444,0.528117089,1,1.20710059,0.52021185,59.5008327,58.2826433,1,0.506557058,59.5008327,58.2826433,0.427698385
14450,1445,0.520333369,1,1.16568047,0.514693283,64.6529085,55.7512066,1,0.503049351,64.6529085,55.7512066,0.441568322
14460,1446,0.517252252,1,1.13609467,0.518936089,66.8788263,61.0663659,1,0.489042907,66.8788263,61.0663659,0.443264039
14470,1447,0.513091454,1,1.11242604,0.514579177,61.3802968,63.1576088,1,0.503034778,61.3802968,63.1576088,0.452521691
14480,1448,0.521076406,1,1.15384615,0.5188747,60.1078593,57.4364223,1,0.571886661,60.1078593,57.4364223,0.450844523
14490,1449,0.525442511,1,1.13609467,0.516067443,65.9597342,56.6531143,1,0.631264616,65.9597342,56.6531143,0.454159028
14500,1450,0.534826669,1,1.18343195,0.512217484,65.680448,62.6077769,1,0.609447544,65.680448,62.6077769,0.4585545
14510,1451,0.520676312,1,1.21893491,0.509315973,60.0128923,61.5086321,1,0.509143405,60.0128923,61.5086321,0.444088767
14520,1452,0.515038134,1,1.17159763,0.512111296,61.5353783,55.9129563,1,0.510546259,61.5353783,55.9129563,0.446084552
14530,1453,0.513552493,1,1.15384615,0.510428287,67.1336679,57.6748702,1,0.502229524,67.1336679,57.6748702,0.451461709
14540,1454,0.51200845,1,1.11242604,0.514092478,65.2276664,63.1438974,1,0.469482034,65.2276664,63.1438974,0.445510813
14550,1455,0.506233768,1,1.10650888,0.515690745,59.9926018,61.0578256,1,0.490099225,59.9926018,61.0578256,0.433491382
14560,1456,0.515202778,1,1.14201183,0.521346736,62.4978059,56.0886255,1,0.560975496,62.4978059,56.0886255,0.428075353
14570,1457,0.540809705,1,1.17751479,0.52061906,67.1599674,59.4146346,1,0.6619172,67.1599674,59.4146346,0.440535491
14580,1458,0.529682896,1,1.18934911,0.517471418,63.0741571,63.4581664,1,0.534895821,63.0741571,63.4581664,0.442183893
14590,1459,0.521600202,1,1.20118343,0.515644764,59.3421752,59.0340354,1,0.509697443,59.3421752,59.0340354,0.445228643
14600,1460,0.522498386,1,1.18934911,0.51400484,63.7019584,55.3779521,1,0.511269206,63.7019584,55.3779521,0.437682537
14610,1461,0.521687824,1,1.17159763,0.52254258,67.2054941,59.7994044,1,0.491299704,67.2054941,59.7994044,0.433944367
14620,1462,0.509416246,1,1.1183432,0.516876243,62.5909676,63.2289047,1,0.483444302,62.5909676,63.2289047,0.442259715
14630,1463,0.516690699,1,1.17751479,0.521185654,59.8720242,58.0816823,1,0.569664209,59.8720242,58.0816823,0.447785816
14640,1464,0.526978443,1,1.17159763,0.512647104,65.557707,56.2438535,1,0.665158701,65.557707,56.2438535,0.459640989
14650,1465,0.532289956,1,1.15976331,0.512783868,66.380127,62.0723324,1,0.577091503,66.380127,62.0723324,0.452785862
14660,1466,0.523426812,1,1.20118343,0.510114583,60.5269428,62.3223403,1,0.528788975,60.5269428,62.3223403,0.450655468
14670,1467,0.524062702,1,1.19526627,0.514091796,60.5328175,56.6909896,1,0.513406402,60.5328175,56.6909896,0.433181056
14680,1468,0.521913462,1,1.17751479,0.516975918,66.0647505,56.769026,1,0.507954052,66.0647505,56.769026,0.425575644
14690,1469,0.518681538,1,1.15976331,0.521072153,65.9089482,62.3801298,1,0.47953643,65.9089482,62.3801298,0.431789732
14700,1470,0.516253413,1,1.14792899,0.521118236,60.1247789,61.7119216,1,0.531885394,60.1247789,61.7119216,0.447895259
14710,1471,0.52550499,1,1.21301775,0.519084836,61.7427715,56.0104479,1,0.639001908,61.7427715,56.0104479,0.455893049
14720,1472,0.540045131,1,1.23076923,0.517066308,67.0418191,58.5449935,1,0.633145516,67.0418191,58.5449935,0.451845835
14730,1473,0.527720497,1,1.22485207,0.509622245,64.0230139,63.5746368,1,0.550464723,64.0230139,63.5746368,0.451234319
14740,1474,0.537763072,1,1.24260355,0.514985524,59.5180129,60.526135,1,0.543328873,59.5180129,60.526135,0.418424753
14750,1475,0.522387569,1,1.17751479,0.519249186,62.950764,56.0037907,1,0.506405584,62.950764,56.0037907,0.436740065
14760,1476,0.517817124,1,1.17159763,0.51880384,67.4296356,59.5539822,1,0.500238917,67.4296356,59.5539822,0.439635076
14770,1477,0.514731047,1,1.09467456,0.515167558,63.652869,63.9247186,1,0.496528949,63.652869,63.9247186,0.44434183
14780,1478,0.506951523,1,1.15384615,0.514962746,59.4518912,59.6769262,1,0.513802457,59.4518912,59.6769262,0.459559569
14790,1479,0.530872616,1,1.15976331,0.5204448,64.2121268,56.3439129,1,0.637789624,64.2121268,56.3439129,0.447007281
14800,1480,0.533802447,1,1.17751479,0.514274523,66.9155242,61.5550982,1,0.64685162,66.9155242,61.5550982,0.451590286
14810,1481,0.533845095,1,1.23076923,0.516768506,61.6149509,63.5137343,1,0.520124216,61.6149509,63.5137343,0.434682316
14820,1482,0.522496864,1,1.17159763,0.515638666,59.9720856,58.0573821,1,0.507993961,59.9720856,58.0573821,0.438331871
14830,1483,0.518229591,1,1.18934911,0.514618497,65.6140735,56.6172421,1,0.504083467,65.6140735,56.6172421,0.447914501
14840,1484,0.514159198,1,1.0887574,0.513748246,66.8714145,62.331919,1,0.496823173,66.8714145,62.331919,0.450104773
14850,1485,0.511983622,1,1.12426036,0.51773639,61.128298,63.2263046,1,0.493703964,61.128298,63.2263046,0.447103187
14860,1486,0.514678695,1,1.17751479,0.519946935,60.5557817,57.5255516,1,0.533524947,60.5557817,57.5255516,0.440725333
14870,1487,0.541181784,1,1.21301775,0.519978706,66.3914754,58.1646971,1,0.666805687,66.3914754,58.1646971,0.451583851
14880,1488,0.537614737,1,1.24260355,0.515916794,65.0526038,63.7984307,1,0.566695756,65.0526038,63.7984307,0.445433978
14890,1489,0.524618285,1,1.26035503,0.511144529,59.6034143,61.9244107,1,0.50792927,59.6034143,61.9244107,0.443263958
14900,1490,0.514980352,1,1.14792899,0.509124608,61.9090363,56.5544949,1,0.516171651,61.9090363,56.5544949,0.449535516
14910,1491,0.515547038,1,1.13609467,0.513858814,67.0634803,59.2281363,1,0.499532519,67.0634803,59.2281363,0.446661857
14920,1492,0.506301639,1,1.09467456,0.513436633,64.2595778,64.4691279,1,0.471967708,64.2595778,64.4691279,0.457222529
14930,1493,0.511850591,1,1.16568047,0.520324086,59.4949588,61.4616328,1,0.513829191,59.4949588,61.4616328,0.433416462
14940,1494,0.527326078,1,1.17159763,0.516525015,63.3822991,57.0791708,1,0.643359028,63.3822991,57.0791708,0.450623419
14950,1495,0.53851037,1,1.18934911,0.518717009,67.0397264,61.5276417,1,0.630001843,67.0397264,61.5276417,0.44299724
14960,1496,0.531894536,1,1.23668639,0.519356144,62.2741446,64.6132906,1,0.505167336,62.2741446,64.6132906,0.436717174
14970,1497,0.521743776,1,1.23668639,0.511955244,59.2872453,59.7347519,1,0.521428519,59.2872453,59.7347519,0.440022236
14980,1498,0.520314408,1,1.18934911,0.520072334,64.3891685,57.013415,1,0.506272525,64.3891685,57.013415,0.44479432
14990,1499,0.512122285,1,1.1183432,0.51380753,67.2461821,62.1305383,1,0.473282711,67.2461821,62.1305383,0.450820932
15000,1500,0.514565614,1,1.0887574,0.520296207,62.2868894,64.4629437,1,0.487907066,62.2868894,64.4629437,0.421568638
15010,1501,0.513464551,1,1.17751479,0.519684741,60.2539927,58.9697498,1,0.55117389,60.2539927,58.9697498,0.450560781
15020,1502,0.532281473,1,1.18934911,0.515999061,66.1106777,58.0125909,1,0.660928473,66.1106777,58.0125909,0.456491068
15030,1503,0.529066562,1,1.24852071,0.510804724,66.0786232,63.8486044,1,0.544503314,66.0786232,63.8486044,0.448930885
15040,1504,0.518147362,1,1.19526627,0.511419688,60.2676279,63.1859006,1,0.505965198,60.2676279,63.1859006,0.449897052
15050,1505,0.524747284,1,1.21301775,0.51223766,60.8087041,57.682728,1,0.515033752,60.8087041,57.682728,0.425362168
15060,1506,0.524165905,1,1.15976331,0.519700641,66.2334376,58.3056284,1,0.506921993,66.2334376,58.3056284,0.42002915
15070,1507,0.519127166,1,1.15976331,0.521937325,65.5118763,63.9660847,1,0.479776673,65.5118763,63.9660847,0.438943167
15080,1508,0.517383859,1,1.16568047,0.520019616,59.8167304,62.5372698,1,0.546273451,59.8167304,62.5372698,0.451664897
15090,1509,0.522572238,1,1.21893491,0.51247204,62.3277628,57.0450171,1,0.644603219,62.3277628,57.0450171,0.464542299
15100,1510,0.527587603,1,1.13017751,0.509121416,67.3086723,59.9205937,1,0.672583865,67.3086723,59.9205937,0.442414037
15110,1511,0.539257842,1,1.24260355,0.514818717,63.8929533,64.3784042,1,0.580363515,63.8929533,64.3784042,0.431998321
15120,1512,0.530958256,1,1.21301775,0.51515652,59.6655198,60.6855124,1,0.514373313,59.6655198,60.6855124,0.431788923
15130,1513,0.530056676,1,1.21301775,0.519652077,63.2138666,56.6274415,1,0.51595048,63.2138666,56.6274415,0.414662512
15140,1514,0.514978766,1,1.15976331,0.516572826,67.319559,60.6012408,1,0.509435224,67.319559,60.6012408,0.439524965
15150,1515,0.512255205,1,1.16568047,0.518441279,62.7185295,64.2883647,1,0.5358495,62.7185295,64.2883647,0.453548497
15160,1516,0.511604289,1,1.13609467,0.507646599,59.4229534,59.1980202,1,0.590789246,59.4229534,59.1980202,0.466463655
15170,1517,0.52394268,1,1.15384615,0.510844251,64.8255359,56.7288624,1,0.648556562,64.8255359,56.7288624,0.456929801
15180,1518,0.526454518,1,1.13017751,0.508629682,66.7765573,62.1354575,1,0.66550736,66.7765573,62.1354575,0.442142142
15190,1519,0.535229964,1,1.25443787,0.516970022,61.3058797,63.2413501,1,0.506449207,61.3058797,63.2413501,0.429333541
15200,1520,0.52882527,1,1.21301775,0.513865437,60.2893341,57.8898763,1,0.519354608,60.2893341,57.8898763,0.419012911
15210,1521,0.520710869,1,1.15384615,0.518873107,65.8906804,57.2717228,1,0.51513568,65.8906804,57.2717228,0.433488631
15220,1522,0.511559157,1,1.10059172,0.514821425,66.3177175,63.1607052,1,0.49647484,66.3177175,63.1607052,0.454188099
15230,1523,0.515423202,1,1.13609467,0.515639905,60.399271,63.1633187,1,0.522670632,60.399271,63.1633187,0.455265158
15240,1524,0.51593903,1,1.17159763,0.517555121,60.7773214,57.3417027,1,0.5385731,60.7773214,57.3417027,0.448759859
15250,1525,0.539294129,1,1.16568047,0.522160289,66.4889859,58.7212405,1,0.665105184,66.4889859,58.7212405,0.451992538
15260,1526,0.535459652,1,1.14792899,0.510644429,64.7412678,64.1857074,1,0.641216912,64.7412678,64.1857074,0.441319413
15270,1527,0.535419716,1,1.23668639,0.510938569,59.6789133,61.9098883,1,0.538756632,59.6789133,61.9098883,0.426952772
15280,1528,0.527761685,1,1.16568047,0.518451363,62.1648822,57.049828,1,0.514220255,62.1648822,57.049828,0.419919878
15290,1529,0.513070746,1,1.15384615,0.515254378,67.1861471,60.0325883,1,0.507426971,67.1861471,60.0325883,0.449259484
15300,1530,0.510442815,1,1.11242604,0.512861678,63.8337543,65.0017129,1,0.522194377,63.8337543,65.0017129,0.461094258
15310,1531,0.511896035,1,1.13609467,0.510847244,59.0136155,61.4092651,1,0.531975051,59.0136155,61.4092651,0.462431308
15320,1532,0.515061136,1,1.14792899,0.516679913,62.8285681,56.9605951,1,0.559974878,62.8285681,56.9605951,0.450801573
15330,1533,0.5312755,1,1.15976331,0.520570783,66.7646853,61.1751404,1,0.652677534,66.7646853,61.1751404,0.443596186
15340,1534,0.541468525,1,1.19526627,0.515821297,62.1713893,64.4186295,1,0.610211079,62.1713893,64.4186295,0.432541606
15350,1535,0.523600065,1,1.21301775,0.514459025,59.5453835,59.3961594,1,0.512327366,59.5453835,59.3961594,0.435965314
15360,1536,0.51201597,1,1.16568047,0.51108319,64.9265915,56.8969104,1,0.505893318,64.9265915,56.8969104,0.456405079
15370,1537,0.513848379,1,1.12426036,0.511101298,67.3101545,62.2083687,1,0.498284365,67.3101545,62.2083687,0.447828169
15380,1538,0.517341301,1,1.0887574,0.517193225,62.007344,64.2899498,1,0.487844311,62.007344,64.2899498,0.438210314
15390,1539,0.506107693,1,1.12426036,0.514976272,60.0386109,58.7515545,1,0.479052494,60.0386109,58.7515545,0.452146318
15400,1540,0.511776591,1,1.15976331,0.52225998,65.5570939,57.4351318,1,0.555556426,65.5570939,57.4351318,0.436409662
15410,1541,0.531548378,1,1.13609467,0.513690796,65.9604831,63.2823126,1,0.66386947,65.9604831,63.2823126,0.45085222
15420,1542,0.523719106,1,1.21301775,0.511690062,60.1894052,62.4549078,1,0.515218953,60.1894052,62.4549078,0.44846839
15430,1543,0.513815173,1,1.20710059,0.509410385,61.4854383,56.7914696,1,0.50968765,61.4854383,56.7914696,0.446910722
15440,1544,0.517866534,1,1.18343195,0.515362924,67.104604,58.1214024,1,0.500155243,67.104604,58.1214024,0.44418494
15450,1545,0.521380512,1,1.16568047,0.516814798,66.016827,63.4485811,1,0.490063726,66.016827,63.4485811,0.418238715
15460,1546,0.520551395,1,1.12426036,0.526201719,60.5862957,62.1490021,1,0.466737907,60.5862957,62.1490021,0.429528265
15470,1547,0.518914046,1,1.15384615,0.52269627,62.3431304,56.640343,1,0.536166822,62.3431304,56.640343,0.444771018
15480,1548,0.532176658,1,1.16568047,0.515649881,67.6304622,59.6480482,1,0.655537001,67.6304622,59.6480482,0.467918522
15490,1549,0.525766634,1,1.17159763,0.505446771,63.8413982,64.3425048,1,0.606403428,63.8413982,64.3425048,0.464063149
15500,1550,0.534117144,1,1.25443787,0.512602833,59.7345186,60.441037,1,0.542545856,59.7345186,60.441037,0.435739942
15510,1551,0.529933298,1,1.18343195,0.511624502,63.5690737,56.3998949,1,0.512847722,63.5690737,56.3998949,0.428528805
15520,1552,0.527380896,1,1.21301775,0.519492095,67.3016812,60.3392763,1,0.511270158,67.3016812,60.3392763,0.417452722
15530,1553,0.517611879,1,1.17159763,0.517819599,63.0950338,64.0957878,1,0.507407626,63.0950338,64.0957878,0.4338302
15540,1554,0.509980476,1,1.14201183,0.516042915,59.5787092,59.302681,1,0.516407461,59.5787092,59.302681,0.45727784
15550,1555,0.513007197,1,1.15976331,0.51101799,64.4987943,56.1272494,1,0.543704292,64.4987943,56.1272494,0.450447528
15560,1556,0.516310288,1,1.16568047,0.515373843,67.1433511,61.3316864,1,0.60245832,67.1433511,61.3316864,0.449061122
15570,1557,0.542312187,1,1.15384615,0.517323039,61.6768252,63.1925373,1,0.646552582,61.6768252,63.1925373,0.444197773
15580,1558,0.537519829,1,1.21893491,0.512918272,60.4448601,57.7616284,1,0.55759388,60.4448601,57.7616284,0.42837597
15590,1559,0.525222718,1,1.17751479,0.519568376,65.9878328,56.9603958,1,0.509634922,65.9878328,56.9603958,0.430814006
15600,1560,0.513171712,1,1.15384615,0.511254823,66.5758107,62.8705674,1,0.520675376,66.5758107,62.8705674,0.456872871
15610,1561,0.508960394,1,1.1183432,0.511819686,60.6287294,63.2066327,1,0.493638072,60.6287294,63.2066327,0.458197627
15620,1562,0.512803728,1,1.07692308,0.515569309,60.3983637,57.5043467,1,0.477995971,60.3983637,57.5043467,0.438995181
15630,1563,0.523212062,1,1.16568047,0.524782128,66.1037459,58.0192067,1,0.557474349,66.1037459,58.0192067,0.440658911
15640,1564,0.523551761,1,1.10059172,0.513447246,64.8359315,63.9035942,1,0.650704321,64.8359315,63.9035942,0.463032007
15650,1565,0.538747401,1,1.17751479,0.51561507,59.5337756,61.7343159,1,0.59157921,59.5337756,61.7343159,0.440673407
15660,1566,0.527194873,1,1.21301775,0.517398491,62.3011298,56.7165047,1,0.504391592,62.3011298,56.7165047,0.440794592
15670,1567,0.525650455,1,1.20118343,0.515776726,67.1925639,59.4331165,1,0.513202222,67.1925639,59.4331165,0.430398931
15680,1568,0.509878882,1,1.17159763,0.514130866,63.987724,64.3825502,1,0.505832778,63.987724,64.3825502,0.453571581
15690,1569,0.510671321,1,1.10059172,0.512097155,59.2263973,60.8592722,1,0.511454149,59.2263973,60.8592722,0.455627005
15700,1570,0.504786883,1,1.11242604,0.509273286,63.113347,56.3007755,1,0.506940312,63.113347,56.3007755,0.460821689
15710,1571,0.516184026,1,1.14792899,0.516835157,66.9523018,60.5892596,1,0.579927815,66.9523018,60.5892596,0.442750077
15720,1572,0.537265093,1,1.16568047,0.517277063,62.2496733,63.8348618,1,0.665924405,62.2496733,63.8348618,0.439530736
15730,1573,0.540070591,1,1.26627219,0.519727516,59.6356945,58.9538457,1,0.543222853,59.6356945,58.9538457,0.425914973
15740,1574,0.518600534,1,1.17751479,0.511008187,64.9140816,56.6524018,1,0.50959481,64.9140816,56.6524018,0.442946124
15750,1575,0.511354022,1,1.18343195,0.512312974,66.9492018,62.2634191,1,0.511858373,66.9492018,62.2634191,0.459129802
15760,1576,0.515813927,1,1.13017751,0.511875743,61.5939623,64.2866637,1,0.49550914,61.5939623,64.2866637,0.440360986
15770,1577,0.518289947,1,1.10059172,0.520329498,59.9233233,58.8001223,1,0.486365353,59.9233233,58.8001223,0.441173603
15780,1578,0.503980359,1,1.15976331,0.51470736,65.6512792,57.3121815,1,0.501316613,65.6512792,57.3121815,0.455235464
15790,1579,0.517824679,1,1.10650888,0.520157258,66.244825,62.9450253,1,0.603721447,66.244825,62.9450253,0.43569455
15800,1580,0.536766003,1,1.17751479,0.513194592,60.4368297,62.6799042,1,0.639471924,60.4368297,62.6799042,0.447234089
15810,1581,0.517595523,1,1.20118343,0.510518102,61.8538072,56.9569091,1,0.511207086,61.8538072,56.9569091,0.453523345
15820,1582,0.511191,1,1.18934911,0.507831075,67.4279303,58.7126787,1,0.50753736,67.4279303,58.7126787,0.449546617
15830,1583,0.517884024,1,1.15384615,0.5158249,65.722581,64.1680909,1,0.489982794,65.722581,64.1680909,0.439672673
15840,1584,0.519007069,1,1.14201183,0.516987885,60.5317285,62.8406027,1,0.486232958,60.5317285,62.8406027,0.412146749
15850,1585,0.512352501,1,1.1183432,0.524167069,62.0614814,57.534785,1,0.448959428,62.0614814,57.534785,0.424764785
15860,1586,0.513501227,1,1.17751479,0.523532025,67.2047022,59.4254576,1,0.526062609,67.2047022,59.4254576,0.42151715
15870,1587,0.531134533,1,1.15384615,0.516390155,64.1482728,64.4156855,1,0.650088867,64.1482728,64.4156855,0.450142217
15880,1588,0.541076224,1,1.20118343,0.519247191,59.9504523,60.4914513,1,0.561793748,59.9504523,60.4914513,0.442032094
15890,1589,0.527606783,1,1.22485207,0.508631303,64.1031334,56.399595,1,0.540961655,64.1031334,56.399595,0.448455913
15900,1590,0.531251497,1,1.21893491,0.516891304,67.6923034,60.6642304,1,0.515208454,67.6923034,60.6642304,0.428767716
15910,1591,0.517114064,1,1.16568047,0.513612392,63.1793648,64.3300875,1,0.498919022,63.1793648,64.3300875,0.447247488
15920,1592,0.525591452,1,1.18343195,0.521696069,59.7615301,60.2890538,1,0.498834941,59.7615301,60.2890538,0.407122585
15930,1593,0.515925298,1,1.15976331,0.52030164,64.4154531,56.8936492,1,0.497548944,64.4154531,56.8936492,0.443144841
15940,1594,0.516807427,1,1.18934911,0.51768072,67.2197244,62.163896,1,0.580375445,67.2197244,62.163896,0.45922136
15950,1595,0.530627418,1,1.16568047,0.515521478,61.6877013,64.0405444,1,0.656775681,61.6877013,64.0405444,0.449359095
15960,1596,0.537358316,1,1.18934911,0.513940103,60.6682555,58.3001541,1,0.62408548,60.6682555,58.3001541,0.448477703
15970,1597,0.529028059,1,1.23076923,0.512840168,66.3402443,57.8375417,1,0.516823691,66.3402443,57.8375417,0.437755625
15980,1598,0.529950054,1,1.23668639,0.514872906,66.6998635,63.3372092,1,0.521039991,66.6998635,63.3372092,0.423954814
15990,1599,0.519483474,1,1.16568047,0.517878808,61.0121806,63.2534819,1,0.516368017,61.0121806,63.2534819,0.43756147
16000,1600,0.512795214,1,1.15976331,0.516801621,61.2666947,57.3804007,1,0.494914799,61.2666947,57.3804007,0.452199494
16010,1601,0.515509485,1,1.15384615,0.515578337,67.1227378,58.1821812,1,0.536212605,67.1227378,58.1821812,0.454667397
16020,1602,0.514484402,1,1.18343195,0.513956496,65.6095691,63.9322714,1,0.593097474,65.6095691,63.9322714,0.457373618
16030,1603,0.534379137,1,1.14792899,0.515985949,60.3044672,61.7580684,1,0.661125083,60.3044672,61.7580684,0.441026668
16040,1604,0.538378715,1,1.25443787,0.52024915,63.2257889,56.8195654,1,0.535568836,63.2257889,56.8195654,0.441373137
16050,1605,0.532476998,1,1.19526627,0.513160579,67.9103834,59.7955228,1,0.512722519,67.9103834,59.7955228,0.426917861
16060,1606,0.525067512,1,1.20118343,0.522075906,64.4414899,64.1987795,1,0.506352626,64.4414899,64.1987795,0.431194099
16070,1607,0.518125425,1,1.13017751,0.516220727,59.9220133,60.7094699,1,0.499265197,59.9220133,60.7094699,0.439209556
16080,1608,0.511039737,1,1.0591716,0.514505589,63.8677564,56.2735464,1,0.493017506,63.8677564,56.2735464,0.456681534
16090,1609,0.516334792,1,1.15976331,0.515678069,67.8468055,60.5991414,1,0.545139798,67.8468055,60.5991414,0.452106206
16100,1610,0.513370089,1,1.17751479,0.514997994,63.3007407,64.216345,1,0.582137943,63.3007407,64.216345,0.446888439
16110,1611,0.537025498,1,1.16568047,0.516232539,60.4013135,59.1582444,1,0.663169058,60.4013135,59.1582444,0.448475782
16120,1612,0.535477291,1,1.22485207,0.512181688,65.5514954,56.9272274,1,0.584286551,65.5514954,56.9272274,0.431742111
16130,1613,0.524806307,1,1.21893491,0.51872009,67.1560934,62.3274959,1,0.509724518,67.1560934,62.3274959,0.433355109
16140,1614,0.516750474,1,1.20710059,0.512617707,61.5200847,63.9220849,1,0.51289325,61.5200847,63.9220849,0.450557232
16150,1615,0.521543173,1,1.16568047,0.518827256,60.1650152,58.4645641,1,0.500135016,60.1650152,58.4645641,0.432556365
16160,1616,0.515815668,1,1.09467456,0.516163257,65.9204344,57.303276,1,0.489360019,65.9204344,57.303276,0.451646821
16170,1617,0.516130406,1,1.15976331,0.517549386,66.7411619,63.0973464,1,0.519591999,66.7411619,63.0973464,0.450146884
16180,1618,0.525177878,1,1.17159763,0.520022106,60.8786237,63.1927319,1,0.607795169,60.8786237,63.1927319,0.451024163
16190,1619,0.536531388,1,1.21893491,0.515937651,61.6282493,57.4026616,1,0.665199526,61.6282493,57.4026616,0.449107288
16200,1620,0.533941254,1,1.21893491,0.511969825,67.0969016,58.8973158,1,0.534436913,67.0969016,58.8973158,0.436094479
16210,1621,0.515060205,1,1.19526627,0.510832316,64.9423985,64.334368,1,0.508666787,64.9423985,64.334368,0.449874543
16220,1622,0.514171084,1,1.17751479,0.51057453,59.6863499,61.8899981,1,0.506839664,59.6863499,61.8899981,0.445895098
16230,1623,0.515822298,1,1.14201183,0.516425569,62.3944454,56.7943824,1,0.49943234,62.3944454,56.7943824,0.443887355
16240,1624,0.506052869,1,1.1183432,0.512112413,67.578388,59.7671658,1,0.49173849,67.578388,59.7671658,0.459680244
16250,1625,0.510107701,1,1.15976331,0.516566837,64.2186088,64.4448866,1,0.536161431,64.2186088,64.4448866,0.443020747
16260,1626,0.525840552,1,1.13017751,0.512218608,60.0747775,60.3075908,1,0.657212674,60.0747775,60.3075908,0.450434068
16270,1627,0.539548993,1,1.21301775,0.520374168,64.600322,56.9618902,1,0.579262115,64.600322,56.9618902,0.432922265
16280,1628,0.528677499,1,1.20118343,0.518888847,67.6274061,61.6800605,1,0.50203918,67.6274061,61.6800605,0.431211103
16290,1629,0.519871489,1,1.19526627,0.516336405,62.5975614,64.5608652,1,0.513735305,62.5975614,64.5608652,0.44587772
16300,1630,0.510777054,1,1.13609467,0.514828002,59.8501274,59.3111856,1,0.496189847,59.8501274,59.3111856,0.45578159
16310,1631,0.511455836,1,1.1183432,0.513150576,65.0132533,56.6512836,1,0.478993511,65.0132533,56.6512836,0.446769787
16320,1632,0.517895776,1,1.15976331,0.520823355,67.238116,61.9216013,1,0.51630659,67.238116,61.9216013,0.440052867
16330,1633,0.506612221,1,1.10059172,0.516340618,61.7295361,63.8493918,1,0.543448728,61.7295361,63.8493918,0.448935818
16340,1634,0.539246198,1,1.18934911,0.519860962,61.0793413,58.0185999,1,0.639636138,61.0793413,58.0185999,0.451302441
16350,1635,0.528371627,1,1.24260355,0.509869553,66.7865103,58.0347439,1,0.537399161,66.7865103,58.0347439,0.439014757
16360,1636,0.524622119,1,1.20710059,0.517172744,66.3189988,63.6682631,1,0.507224381,66.3189988,63.6682631,0.434837281
16370,1637,0.521910591,1,1.17159763,0.514342635,60.6819021,63.2103523,1,0.517369079,60.6819021,63.2103523,0.435051119
16380,1638,0.523081417,1,1.15384615,0.521804886,61.3732702,57.6589263,1,0.494723151,61.3732702,57.6589263,0.430331649
16390,1639,0.517503801,1,1.14201183,0.519541865,67.1692995,58.4707763,1,0.492792169,67.1692995,58.4707763,0.45020085
16400,1640,0.517234995,1,1.13609467,0.519111681,65.6603802,64.1836691,1,0.552104383,65.6603802,64.1836691,0.454523498
16410,1641,0.533891516,1,1.20118343,0.515679871,60.1990813,61.6227079,1,0.653553587,60.1990813,61.6227079,0.463995438
16420,1642,0.527261442,1,1.20710059,0.505632787,63.3833825,56.5805402,1,0.607501505,63.3833825,56.5805402,0.458730104
16430,1643,0.533751543,1,1.23076923,0.512504146,67.7958589,60.0422225,1,0.543115332,67.7958589,60.0422225,0.43140881
16440,1644,0.52004228,1,1.21301775,0.51261094,63.9322752,64.3420737,1,0.511502855,63.9322752,64.3420737,0.444665949
16450,1645,0.522845148,1,1.17751479,0.514002671,59.8640147,60.7343968,1,0.521209617,59.8640147,60.7343968,0.418266891
16460,1646,0.518490832,1,1.18934911,0.522600557,63.9493733,56.7671039,1,0.48623939,63.9493733,56.7671039,0.438053571
16470,1647,0.517007763,1,1.15384615,0.515314115,67.8556542,61.1778588,1,0.523934995,67.8556542,61.1778588,0.453218535
16480,1648,0.522566697,1,1.18343195,0.515314261,62.8021939,64.4608032,1,0.594587205,62.8021939,64.4608032,0.463554471
16490,1649,0.527143606,1,1.17751479,0.512753692,60.2517361,59.1268918,1,0.655637074,60.2517361,59.1268918,0.45479331
16500,1650,0.534327407,1,1.13609467,0.511441493,65.564414,57.1309024,1,0.659919959,65.564414,57.1309024,0.436558086
16510,1651,0.530468171,1,1.24852071,0.514352648,66.9111758,62.5944791,1,0.516392736,66.9111758,62.5944791,0.432855099
16520,1652,0.5203476,1,1.15384615,0.514147742,61.3181338,63.5336422,1,0.510234535,61.3181338,63.5336422,0.436257254
16530,1653,0.519621588,1,1.17751479,0.520028822,60.3475609,57.9511583,1,0.494216097,60.3475609,57.9511583,0.435863682
16540,1654,0.517847776,1,1.14201183,0.52070368,65.9285646,57.102808,1,0.471743508,65.9285646,57.102808,0.43423946
16550,1655,0.522340795,1,1.15384615,0.52336831,66.2084156,62.860685,1,0.554408761,66.2084156,62.860685,0.443436449
16560,1656,0.515553122,1,1.15384615,0.512474199,60.1973438,62.478194,1,0.600625538,60.1973438,62.478194,0.463325279
16570,1657,0.539997657,1,1.23668639,0.51932333,61.6939509,56.7675969,1,0.620999464,61.6939509,56.7675969,0.45411174
16580,1658,0.532848107,1,1.21301775,0.514234197,67.1391964,58.8198628,1,0.544155286,67.1391964,58.8198628,0.447626834
16590,1659,0.537316863,1,1.20710059,0.507287529,65.3160333,63.9640599,1,0.572139275,65.3160333,63.9640599,0.419824472
16600,1660,0.528722059,1,1.18343195,0.521539567,60.3160878,61.5974505,1,0.515225521,60.3160878,61.5974505,0.425519486
16610,1661,0.518734083,1,1.17751479,0.516641173,62.6482349,56.3541288,1,0.494830587,62.6482349,56.3541288,0.441429446
16620,1662,0.5190684,1,1.13017751,0.519939484,67.6356164,59.1816902,1,0.507098896,67.6356164,59.1816902,0.441012005
16630,1663,0.514708346,1,1.15384615,0.514320542,64.2692621,64.1591549,1,0.549526812,64.2692621,64.1591549,0.462227024
16640,1664,0.514119474,1,1.17751479,0.514994851,59.7511986,60.4940846,1,0.580620699,59.7511986,60.4940846,0.447515417
16650,1665,0.540615443,1,1.19526627,0.519153293,63.9639584,56.6047863,1,0.666253029,63.9639584,56.6047863,0.441044932
16660,1666,0.53606018,1,1.17751479,0.507151468,67.3430266,61.1940376,1,0.594934924,67.3430266,61.1940376,0.438389533
16670,1667,0.52944133,1,1.19526627,0.52213231,62.523373,63.8714479,1,0.507123941,62.523373,63.8714479,0.424107745
16680,1668,0.516147945,1,1.17159763,0.511200605,59.6352611,58.7962615,1,0.515058749,59.6352611,58.7962615,0.449185373
16690,1669,0.51954714,1,1.15976331,0.517488468,64.8442105,56.27975,1,0.500487237,64.8442105,56.27975,0.444998396
16700,1670,0.510129349,1,1.0887574,0.514943044,67.3678512,61.5863892,1,0.467324571,67.3678512,61.5863892,0.452011822
16710,1671,0.520412443,1,1.20710059,0.524584419,62.0635967,63.4646123,1,0.535498066,62.0635967,63.4646123,0.432844166
16720,1672,0.518802802,1,1.13609467,0.516618198,60.7326918,57.7002983,1,0.616565756,60.7326918,57.7002983,0.455074112
16730,1673,0.542435066,1,1.18343195,0.51955647,66.4473932,57.2898383,1,0.656182347,66.4473932,57.2898383,0.440724854
16740,1674,0.535880964,1,1.23668639,0.516104932,66.2827113,63.0602293,1,0.544758339,66.2827113,63.0602293,0.444056964
16750,1675,0.533429986,1,1.21301775,0.516419795,60.7565498,62.5451806,1,0.510837857,60.7565498,62.5451806,0.426931648
16760,1676,0.523484096,1,1.16568047,0.519005538,61.3839322,56.9178605,1,0.503297219,61.3839322,56.9178605,0.435552707
16770,1677,0.520704082,1,1.16568047,0.520499575,67.0301904,57.6324184,1,0.493754622,67.0301904,57.6324184,0.437791825
16780,1678,0.512185536,1,1.1183432,0.516735254,65.7711557,63.3828125,1,0.506233459,65.7711557,63.3828125,0.452816304
16790,1679,0.518543667,1,1.18934911,0.516825214,60.171036,61.3664304,1,0.582137434,60.171036,61.3664304,0.457851537
16800,1680,0.52454437,1,1.20118343,0.513477797,62.8364662,55.9541466,1,0.66372795,62.8364662,55.9541466,0.464078485
16810,1681,0.533308362,1,1.13017751,0.510994836,67.6652071,59.0835293,1,0.664050251,67.6652071,59.0835293,0.442623793
16820,1682,0.539890479,1,1.17159763,0.512363684,64.3129266,63.4623996,1,0.632702023,64.3129266,63.4623996,0.424210291
16830,1683,0.527864071,1,1.21893491,0.516346022,60.2507286,59.642331,1,0.506898296,60.2507286,59.642331,0.428941012
16840,1684,0.516632944,1,1.15384615,0.513648292,64.4337796,55.6417393,1,0.514473479,64.4337796,55.6417393,0.445242106
16850,1685,0.511281809,1,1.13017751,0.513714208,68.3397911,59.9299062,1,0.503842454,68.3397911,59.9299062,0.446189002
16860,1686,0.509756924,1,1.14201183,0.516363903,63.6361918,63.5107604,1,0.511715031,63.6361918,63.5107604,0.454734227
16870,1687,0.512782115,1,1.14201183,0.513816309,60.4926443,58.5821974,1,0.554304319,60.4926443,58.5821974,0.449671968
16880,1688,0.530578611,1,1.14792899,0.517872088,65.9045046,56.3203009,1,0.653530942,65.9045046,56.3203009,0.451194387
16890,1689,0.537398135,1,1.18934911,0.514140188,67.375976,61.9010824,1,0.591199211,67.375976,61.9010824,0.443962455
16900,1690,0.534176409,1,1.24852071,0.511533051,61.9642783,62.9757291,1,0.529616948,61.9642783,62.9757291,0.424412845
16910,1691,0.521558726,1,1.18343195,0.516478112,61.4282569,57.3197161,1,0.517087479,61.4282569,57.3197161,0.437027357
16920,1692,0.513192443,1,1.17159763,0.515792149,67.3070119,56.8995985,1,0.497348401,67.3070119,56.8995985,0.453365189
16930,1693,0.514643041,1,1.1183432,0.513659997,67.3988014,62.6858106,1,0.509778052,67.3988014,62.6858106,0.445149235
16940,1694,0.512102193,1,1.15384615,0.515414764,61.4845822,62.1602829,1,0.524555764,61.4845822,62.1602829,0.456732461
16950,1695,0.519373742,1,1.15384615,0.515321561,62.4693849,56.4641034,1,0.584654913,62.4693849,56.4641034,0.444667936
16960,1696,0.538197412,1,1.15976331,0.516932878,68.0041256,58.461414,1,0.646274202,68.0041256,58.461414,0.452622886
16970,1697,0.534648491,1,1.20118343,0.512424777,65.560416,63.4941149,1,0.573482584,65.560416,63.4941149,0.430355539
16980,1698,0.532681307,1,1.23076923,0.517889722,60.8537101,60.6840064,1,0.512641293,60.8537101,60.6840064,0.421674527
16990,1699,0.523435431,1,1.20710059,0.51828273,63.7205407,55.9243772,1,0.51115692,63.7205407,55.9243772,0.427409897
17000,1700,0.506824607,1,1.13609467,0.512750471,68.6098468,59.3454902,1,0.5022606,68.6098468,59.3454902,0.459027328
17010,1701,0.513301088,1,1.13017751,0.512991828,64.8255049,63.8176544,1,0.526747485,64.8255049,63.8176544,0.450650393
17020,1702,0.505679806,1,1.15976331,0.509995754,60.5012317,59.6605392,1,0.532358203,60.5012317,59.6605392,0.461416304
17030,1703,0.526810555,1,1.13609467,0.516975966,65.0614647,56.1356561,1,0.638672456,65.0614647,56.1356561,0.443363463
17040,1704,0.533208021,1,1.15384615,0.513869368,68.0642985,60.9499432,1,0.664977001,68.0642985,60.9499432,0.436462183
17050,1705,0.533780957,1,1.20118343,0.518012187,63.0309253,63.2187826,1,0.521944997,63.0309253,63.2187826,0.424699537
17060,1706,0.522141593,1,1.19526627,0.514402419,60.9516623,57.9664503,1,0.510232099,60.9516623,57.9664503,0.434532519
17070,1707,0.520414648,1,1.17751479,0.518690689,66.3560432,56.0479834,1,0.511552794,66.3560432,56.0479834,0.441137906
17080,1708,0.51494414,1,1.12426036,0.515533781,68.1497368,61.5880444,1,0.496618014,68.1497368,61.5880444,0.447938159
17090,1709,0.519931212,1,1.12426036,0.518604604,62.4616221,62.9532309,1,0.517767431,62.4616221,62.9532309,0.449972928
17100,1710,0.509255397,1,1.15976331,0.514813788,61.3675792,57.0908329,1,0.535621605,61.3675792,57.0908329,0.4587392
17110,1711,0.514830764,1,1.10059172,0.518308233,67.027508,56.716495,1,0.596470961,67.027508,56.716495,0.436330329
17120,1712,0.537169579,1,1.15384615,0.512541379,66.5599026,62.4303709,1,0.642364055,66.5599026,62.4303709,0.440998277
17130,1713,0.52318397,1,1.18343195,0.5171072,61.0452394,60.9870576,1,0.504383402,61.0452394,60.9870576,0.438493008
17140,1714,0.520360553,1,1.20710059,0.513630026,62.5646667,55.5491215,1,0.514563599,62.5646667,55.5491215,0.434324669
17150,1715,0.513562194,1,1.13609467,0.513570777,68.1556711,57.3386665,1,0.486108569,68.1556711,57.3386665,0.451570582
17160,1716,0.515810235,1,1.11242604,0.516234837,66.3235247,62.6119362,1,0.485412321,66.3235247,62.6119362,0.429421887
17170,1717,0.513423478,1,1.14792899,0.521234479,61.0357614,60.3552657,1,0.50710351,61.0357614,60.3552657,0.442244163
17180,1718,0.5279212,1,1.15976331,0.522672293,63.9498236,55.2805112,1,0.617762664,63.9498236,55.2805112,0.450147191
17190,1719,0.536997351,1,1.18934911,0.516024818,68.5353624,59.0375786,1,0.655190969,68.5353624,59.0375786,0.456009974
17200,1720,0.529854344,1,1.27218935,0.515489549,64.1882149,62.9310967,1,0.528983288,64.1882149,62.9310967,0.448911738
17210,1721,0.517779572,1,1.21893491,0.506163413,60.4566657,58.4278866,1,0.507656953,60.4566657,58.4278866,0.449874147
17220,1722,0.522170453,1,1.20118343,0.512541958,65.0618354,55.1154412,1,0.5110245,65.0618354,55.1154412,0.436363954
17230,1723,0.515144735,1,1.16568047,0.514922163,68.4356879,59.8916378,1,0.480563685,68.4356879,59.8916378,0.44981873
17240,1724,0.5176559,1,1.15384615,0.520947609,63.9745595,62.8791092,1,0.480933223,63.9745595,62.8791092,0.413003518
17250,1725,0.51664159,1,1.15384615,0.520855965,61.1718709,57.7862552,1,0.528036855,61.1718709,57.7862552,0.44716216
17260,1726,0.531197472,1,1.19526627,0.521197503,66.5985363,55.6293372,1,0.626259302,66.5985363,55.6293372,0.449200424
17270,1727,0.538625388,1,1.17751479,0.517004476,67.8709963,61.5042385,1,0.651907246,67.8709963,61.5042385,0.462394205
17280,1728,0.534426197,1,1.17751479,0.508709975,62.1829651,62.1779072,1,0.614846206,62.1829651,62.1779072,0.440598894
17290,1729,0.530967353,1,1.22485207,0.515479268,61.950786,56.6169266,1,0.517886627,61.950786,56.6169266,0.428140414
17300,1730,0.527141195,1,1.19526627,0.516491324,67.4535306,56.4245206,1,0.523084691,67.4535306,56.4245206,0.42354672
17310,1731,0.515924442,1,1.13609467,0.517475699,67.1627572,62.1728677,1,0.50863493,67.1627572,62.1728677,0.442745888
17320,1732,0.509937606,1,1.0887574,0.514747455,61.289716,61.7378742,1,0.490135967,61.289716,61.7378742,0.453009869
17330,1733,0.51971341,1,1.17159763,0.519512652,62.3651716,56.0262775,1,0.558667173,62.3651716,56.0262775,0.447074256
17340,1734,0.528951895,1,1.18343195,0.520143053,67.9364056,57.9470453,1,0.651240107,67.9364056,57.9470453,0.453311272
17350,1735,0.536692082,1,1.18343195,0.512455002,65.3172455,63.1432266,1,0.637327102,65.3172455,63.1432266,0.447612338
17360,1736,0.528147419,1,1.23076923,0.515639068,60.6291543,59.90265,1,0.51922367,60.6291543,59.90265,0.438390922
17370,1737,0.525203375,1,1.22485207,0.516543691,63.943074,55.4304051,1,0.513472482,63.943074,55.4304051,0.428172384
17380,1738,0.524633523,1,1.19526627,0.517185971,68.3788456,58.8657141,1,0.503753871,68.3788456,58.8657141,0.431574912
17390,1739,0.526580278,1,1.18934911,0.523273858,65.0430802,63.1052049,1,0.49493053,65.0430802,63.1052049,0.414961417
17400,1740,0.505727062,1,1.07692308,0.512354333,60.5422977,59.1200958,1,0.488596376,60.5422977,59.1200958,0.462423116
17410,1741,0.519071732,1,1.18934911,0.520410528,64.8643591,55.2803809,1,0.56228471,64.8643591,55.2803809,0.444716687
17420,1742,0.517430183,1,1.15976331,0.514544175,68.3701275,59.885387,1,0.605271594,68.3701275,59.885387,0.445201193
17430,1743,0.543811066,1,1.18934911,0.519902546,63.1371853,62.4199861,1,0.596617824,63.1371853,62.4199861,0.447265696
17440,1744,0.527248118,1,1.20710059,0.511687513,61.1230375,57.0300322,1,0.529231773,61.1230375,57.0300322,0.442614573
17450,1745,0.528550944,1,1.23076923,0.519869404,66.4240268,55.3552358,1,0.516694557,66.4240268,55.3552358,0.42763579
17460,1746,0.517100648,1,1.12426036,0.516599083,67.9803511,60.9387763,1,0.500134257,67.9803511,60.9387763,0.445875705
17470,1747,0.515010934,1,1.13017751,0.516802049,62.2751975,62.1619126,1,0.503045732,62.2751975,62.1619126,0.448830433
17480,1748,0.515038549,1,1.14792899,0.515641612,61.3984512,56.2995203,1,0.52614452,61.3984512,56.2995203,0.455968491
17490,1749,0.514273502,1,1.15384615,0.514741956,67.3464231,55.9911981,1,0.576367151,67.3464231,55.9911981,0.458150589
17500,1750,0.52851572,1,1.15976331,0.518394134,67.0927398,61.6031309,1,0.638583161,67.0927398,61.6031309,0.432127972
17510,1751,0.543849047,1,1.20710059,0.520532405,61.4811668,60.5253783,1,0.593517594,61.4811668,60.5253783,0.439548601
17520,1752,0.525534495,1,1.20710059,0.514246453,63.0938483,55.059868,1,0.516020559,63.0938483,55.059868,0.438343742
17530,1753,0.520459126,1,1.20710059,0.515185594,68.4562758,57.1037833,1,0.507352542,68.4562758,57.1037833,0.441442087
17540,1754,0.511398719,1,1.13609467,0.512341479,66.2349745,62.6271386,1,0.502152639,66.2349745,62.6271386,0.457945197
17550,1755,0.513940012,1,1.13017751,0.511950093,60.9672224,60.3272783,1,0.47980129,60.9672224,60.3272783,0.442147601
17560,1756,0.522123944,1,1.14792899,0.522484249,63.661017,55.2459377,1,0.524199472,63.661017,55.2459377,0.442401672
17570,1757,0.516497116,1,1.16568047,0.520050684,68.7478256,58.2043437,1,0.555986706,68.7478256,58.2043437,0.45265677
17580,1758,0.536794116,1,1.18343195,0.518234917,64.8696826,62.7025474,1,0.663880038,64.8696826,62.7025474,0.45685981
17590,1759,0.531716946,1,1.22485207,0.51371624,61.0827428,58.1768275,1,0.560736028,61.0827428,58.1768275,0.453931236
17600,1760,0.525179268,1,1.21301775,0.509207701,65.7373329,54.8415349,1,0.51889942,65.7373329,54.8415349,0.440477055
17610,1761,0.521484536,1,1.21301775,0.51025506,68.8954441,59.4997835,1,0.50308208,68.8954441,59.4997835,0.432913256
17620,1762,0.523499943,1,1.13609467,0.519620766,64.1749339,62.3871885,1,0.499479118,64.1749339,62.3871885,0.425658719
17630,1763,0.516721131,1,1.11242604,0.519539285,61.2947985,57.3761428,1,0.495247979,61.2947985,57.3761428,0.444597814
17640,1764,0.512162545,1,1.14201183,0.513836688,66.7630721,54.8596909,1,0.532445688,66.7630721,54.8596909,0.463039529
17650,1765,0.524152475,1,1.19526627,0.516199615,68.3327957,60.6879262,1,0.640592837,68.3327957,60.6879262,0.464301722
17660,1766,0.528975721,1,1.20118343,0.508161048,62.4706718,61.4421847,1,0.657347464,62.4706718,61.4421847,0.454649896
17670,1767,0.539551319,1,1.23668639,0.518250644,62.4277055,55.8820208,1,0.537847822,62.4277055,55.8820208,0.427717684
17680,1768,0.531476349,1,1.24852071,0.509753057,68.0671173,55.8443621,1,0.533172393,68.0671173,55.8443621,0.433810581
17690,1769,0.526720174,1,1.21301775,0.520219679,67.7126276,61.3389596,1,0.508841427,67.7126276,61.3389596,0.423540059
17700,1770,0.519217335,1,1.14201183,0.517094209,62.035805,60.9340707,1,0.498626111,62.035805,60.9340707,0.437787942
17710,1771,0.516658117,1,1.09467456,0.517690496,63.0421448,55.1827668,1,0.514460276,63.0421448,55.1827668,0.449129446
17720,1772,0.517632347,1,1.18343195,0.512575912,68.8363347,56.8021102,1,0.57534197,68.8363347,56.8021102,0.4627862
17730,1773,0.51310151,1,1.13609467,0.513610639,66.9563367,62.3058461,1,0.582054397,66.9563367,62.3058461,0.44738227
17740,1774,0.499241827,1,1.13609467,0.513463113,61.8274909,60.423279,1,0.547706575,61.8274909,60.423279,0.420264204
17750,1775,0.545536102,1,1.22485207,0.523239784,64.7722132,55.5550139,1,0.591215494,64.7722132,55.5550139,0.437660502
17760,1776,0.533143299,1,1.28994083,0.511670756,69.2669932,58.7002013,1,0.53518925,69.2669932,58.7002013,0.421993372
17770,1777,0.526867686,1,1.21301775,0.51171824,65.9057177,62.9871281,1,0.523056169,65.9057177,62.9871281,0.419043112
17780,1778,0.519205421,1,1.19526627,0.519058238,61.7586775,59.0302374,1,0.490394228,61.7586775,59.0302374,0.440917051
17790,1779,0.517012184,1,1.14201183,0.516350001,65.7398615,54.8629956,1,0.496627734,65.7398615,54.8629956,0.443331456
17800,1780,0.512326519,1,1.15384615,0.516968751,69.7097542,59.2604416,1,0.508445437,69.7097542,59.2604416,0.455716999
17810,1781,0.524931137,1,1.17159763,0.519258358,64.8733115,62.5654294,1,0.606701842,64.8733115,62.5654294,0.450601973
17820,1782,0.532986137,1,1.1183432,0.51502986,62.2541204,57.3402742,1,0.665624473,62.2541204,57.3402742,0.449604748
17830,1783,0.537045393,1,1.21893491,0.514799433,67.5986547,55.4029675,1,0.567565572,67.5986547,55.4029675,0.437294022
17840,1784,0.534469288,1,1.23668639,0.520143574,69.1478164,60.7130002,1,0.512237129,69.1478164,60.7130002,0.425492051
17850,1785,0.521508461,1,1.23076923,0.515221991,63.5901177,62.0400123,1,0.51351157,63.5901177,62.0400123,0.439532941
17860,1786,0.513459346,1,1.15384615,0.515329294,62.598057,56.2254618,1,0.504459335,62.598057,56.2254618,0.453736502
17870,1787,0.508534382,1,1.06508876,0.510750068,68.5132115,55.3717938,1,0.493932515,68.5132115,55.3717938,0.459725938
17880,1788,0.512909227,1,1.1183432,0.518610933,68.8540157,61.0745143,1,0.502156318,68.8540157,61.0745143,0.439453456
17890,1789,0.522840058,1,1.15384615,0.522462323,63.1238531,60.8993882,1,0.597020067,63.1238531,60.8993882,0.440987548
17900,1790,0.542982571,1,1.20710059,0.518876388,64.3239932,55.2049093,1,0.639951167,64.3239932,55.2049093,0.447659433
17910,1791,0.531343524,1,1.28402367,0.513528836,69.820552,57.1147166,1,0.524654484,69.820552,57.1147166,0.447607198
17920,1792,0.517157188,1,1.22485207,0.511777043,67.3454715,62.4485148,1,0.510896314,67.3454715,62.4485148,0.452314411
17930,1793,0.512186916,1,1.14792899,0.505211699,62.0863445,59.8117999,1,0.502614914,62.0863445,59.8117999,0.452544957
17940,1794,0.518524058,1,1.13609467,0.518686908,64.9082423,54.8867772,1,0.48824321,64.9082423,54.8867772,0.436628794
17950,1795,0.513928835,1,1.0887574,0.518843925,69.9340905,57.6433974,1,0.472927984,69.9340905,57.6433974,0.440938381
17960,1796,0.513914679,1,1.14792899,0.522770656,66.9099769,62.4215394,1,0.507565028,66.9099769,62.4215394,0.434978768
17970,1797,0.533183144,1,1.18343195,0.518890511,62.5188772,58.4374313,1,0.648755597,62.5188772,58.4374313,0.456088812
17980,1798,0.531750998,1,1.17159763,0.511203697,67.1679561,54.7556741,1,0.653115305,67.1679561,54.7556741,0.456182189
17990,1799,0.537722087,1,1.20118343,0.508455227,70.2851706,59.4092466,1,0.613226927,70.2851706,59.4092466,0.430856878
18000,1800,0.539134302,1,1.21301775,0.521032247,65.6522768,62.1630076,1,0.522421784,65.6522768,62.1630076,0.414578306
18010,1801,0.521466749,1,1.16568047,0.518462215,62.9538136,57.1895752,1,0.50926191,62.9538136,57.1895752,0.435256399
18020,1802,0.513625866,1,1.1183432,0.512500106,68.1967441,54.6061725,1,0.506155515,68.1967441,54.6061725,0.449603968
18030,1803,0.512001482,1,1.0887574,0.514043686,70.3889507,60.1108423,1,0.505030871,70.3889507,60.1108423,0.455779188
18040,1804,0.50347924,1,1.11242604,0.511913562,64.8236721,62.1127486,1,0.490186507,64.8236721,62.1127486,0.454952724
18050,1805,0.506658176,1,1.15976331,0.516506924,63.4359725,56.5594257,1,0.551032625,63.4359725,56.5594257,0.440313944
18060,1806,0.539930206,1,1.21301775,0.520043558,69.2431792,56.3734758,1,0.618808328,69.2431792,56.3734758,0.446937155
18070,1807,0.529860458,1,1.23076923,0.508336745,68.9447436,61.9769328,1,0.537828655,68.9447436,61.9769328,0.431646045
18080,1808,0.522810277,1,1.20118343,0.516552419,63.3534219,61.1009492,1,0.514667294,63.3534219,61.1009492,0.435348101
18090,1809,0.51707209,1,1.1183432,0.514025017,64.3323793,55.5063391,1,0.504859071,64.3323793,55.5063391,0.436893414
18100,1810,0.514150293,1,1.14201183,0.517188904,69.9795867,56.6468218,1,0.476915898,69.9795867,56.6468218,0.443170748
18110,1811,0.516872665,1,1.14792899,0.517541519,68.4103021,62.2097768,1,0.522124649,68.4103021,62.2097768,0.444620192
18120,1812,0.517784317,1,1.19526627,0.514166066,62.9574835,59.7788194,1,0.595116341,62.9574835,59.7788194,0.459242913
18130,1813,0.529841322,1,1.13017751,0.516706825,65.9776027,54.8286954,1,0.668637159,65.9776027,54.8286954,0.446053352
18140,1814,0.53696054,1,1.18343195,0.518380328,70.3587537,58.5151676,1,0.56324636,70.3587537,58.5151676,0.440444643
18150,1815,0.528598031,1,1.18343195,0.514049426,66.4032568,62.5657589,1,0.515058449,66.4032568,62.5657589,0.435504506
18160,1816,0.523303406,1,1.16568047,0.514347286,62.4998257,58.4473084,1,0.509965012,62.4998257,58.4473084,0.436489555
18170,1817,0.524040909,1,1.18343195,0.522828587,66.6036623,54.7148048,1,0.505293103,66.6036623,54.7148048,0.426718992
18180,1818,0.508966934,1,1.14792899,0.514600935,70.4210046,59.210795,1,0.49713017,70.4210046,59.210795,0.453689874
18190,1819,0.516063403,1,1.17159763,0.517674623,65.3646464,62.3227109,1,0.56474882,65.3646464,62.3227109,0.456710508
18200,1820,0.523318586,1,1.14792899,0.512293025,62.9933637,56.7761153,1,0.649476639,62.9933637,56.7761153,0.464017091
18210,1821,0.53258233,1,1.13017751,0.510924305,68.5858111,55.2031984,1,0.666163448,68.5858111,55.2031984,0.446879614
18220,1822,0.533494234,1,1.24260355,0.515085338,69.4082507,60.8285611,1,0.533869904,69.4082507,60.8285611,0.437320459
18230,1823,0.52213156,1,1.18343195,0.51254801,63.8509993,61.3295597,1,0.515958274,63.8509993,61.3295597,0.429214515
18240,1824,0.519342578,1,1.14792899,0.518379734,63.6765925,55.6554674,1,0.505012121,63.6765925,55.6554674,0.436674773
18250,1825,0.50956814,1,1.1183432,0.513249789,69.5741318,55.6101833,1,0.475357446,69.5741318,55.6101833,0.453670241
18260,1826,0.513046246,1,1.08284024,0.516842619,69.1945546,61.3308323,1,0.497524626,69.1945546,61.3308323,0.44101754
18270,1827,0.514374346,1,1.17751479,0.517668946,63.4033863,60.4604501,1,0.565417875,63.4033863,60.4604501,0.45047769
18280,1828,0.533383601,1,1.17159763,0.517414529,65.139419,54.943744,1,0.669195109,65.139419,54.943744,0.444877856
18290,1829,0.535168041,1,1.20118343,0.516241299,70.2722491,57.5775153,1,0.561339344,70.2722491,57.5775153,0.443778137
18300,1830,0.533207306,1,1.22485207,0.514978686,67.4385759,62.3175724,1,0.525612138,67.4385759,62.3175724,0.424806569
18310,1831,0.525478041,1,1.24260355,0.516552034,62.6951645,59.3470973,1,0.513969724,62.6951645,59.3470973,0.430519664
18320,1832,0.521769764,1,1.19526627,0.519660743,65.8685098,54.794742,1,0.5075462,65.8685098,54.794742,0.426864579
18330,1833,0.503229738,1,1.09467456,0.510335354,70.5583505,58.722565,1,0.51767548,70.5583505,58.722565,0.470568075
18340,1834,0.515929569,1,1.18934911,0.512428507,66.3276015,62.8257695,1,0.555695372,66.3276015,62.8257695,0.453360391
18350,1835,0.505238384,1,1.14792899,0.513909444,62.415285,58.6330003,1,0.530017935,62.415285,58.6330003,0.441122381
18360,1836,0.538840645,1,1.1183432,0.518838101,67.2360921,55.5340845,1,0.662755384,67.2360921,55.5340845,0.44084011
18370,1837,0.535030282,1,1.21301775,0.516745951,69.7479594,60.5918261,1,0.540178359,69.7479594,60.5918261,0.434395639
18380,1838,0.525966665,1,1.23076923,0.518940814,64.4460797,62.6230031,1,0.510014965,64.4460797,62.6230031,0.436741618
18390,1839,0.511773445,1,1.15976331,0.511318009,62.5400641,56.9674477,1,0.495232458,62.5400641,56.9674477,0.459084517
18400,1840,0.506305886,1,1.1183432,0.508284648,68.2136969,55.1729547,1,0.49464093,68.2136969,55.1729547,0.457742816
18410,1841,0.509405359,1,1.12426036,0.514014487,69.8315296,60.6353883,1,0.46513079,69.8315296,60.6353883,0.438229109
18420,1842,0.515299675,1,1.14792899,0.523533037,64.4079161,61.8624508,1,0.515106282,64.4079161,61.8624508,0.427745333
18430,1843,0.527358429,1,1.13609467,0.521932648,63.9051033,56.084598,1,0.625423016,63.9051033,56.084598,0.446129997
18440,1844,0.5369682,1,1.21893491,0.513795555,69.789592,56.6638375,1,0.608032441,69.789592,56.6638375,0.454840672
18450,1845,0.51868616,1,1.19526627,0.504724646,68.3490177,62.4212521,1,0.511829754,68.3490177,62.4212521,0.456531027
18460,1846,0.521020931,1,1.20118343,0.516010808,62.9731914,60.6867711,1,0.505698343,62.9731914,60.6867711,0.434516203
18470,1847,0.513879846,1,1.14792899,0.510651247,64.7853421,55.1715821,1,0.508530467,64.7853421,55.1715821,0.446559497
18480,1848,0.509898775,1,1.14201183,0.515879029,70.2091697,57.2654668,1,0.471034035,70.2091697,57.2654668,0.447228542
18490,1849,0.516388585,1,1.12426036,0.519684377,67.8861712,62.3767207,1,0.516798329,67.8861712,62.3767207,0.431875224
18500,1850,0.517857976,1,1.18934911,0.51407956,62.8732938,59.1975733,1,0.598452981,62.8732938,59.1975733,0.456614232
18510,1851,0.523207673,1,1.1183432,0.515465324,66.3670693,54.7468452,1,0.641245868,66.3670693,54.7468452,0.435247651
18520,1852,0.545984273,1,1.18343195,0.521099917,70.2521856,58.7959219,1,0.597784256,70.2521856,58.7959219,0.431655348
18530,1853,0.526441541,1,1.20710059,0.52014249,65.8024848,62.2620722,1,0.509644825,65.8024848,62.2620722,0.433876397
18540,1854,0.519155636,1,1.20710059,0.512245248,62.4128835,57.574504,1,0.505991999,62.4128835,57.574504,0.444976514
18550,1855,0.516984278,1,1.10650888,0.512089115,67.2873609,54.407699,1,0.49764151,67.2873609,54.407699,0.447142037
18560,1856,0.511286004,1,1.10059172,0.51824756,70.314772,59.383128,1,0.470848208,70.314772,59.383128,0.448007499
18570,1857,0.509532325,1,1.13609467,0.519089525,65.3265506,62.0875152,1,0.510584492,65.3265506,62.0875152,0.436473644
18580,1858,0.526946894,1,1.18934911,0.521211429,63.6183932,56.4252218,1,0.64935895,63.6183932,56.4252218,0.454948908
18590,1859,0.527268151,1,1.13609467,0.505565192,69.4334934,55.5494832,1,0.642201673,69.4334934,55.5494832,0.452359423
18600,1860,0.533153137,1,1.25443787,0.514954515,69.4569164,61.2037714,1,0.526757965,69.4569164,61.2037714,0.434948972
18610,1861,0.524931981,1,1.18343195,0.513761594,63.8043341,61.025426,1,0.514742465,63.8043341,61.025426,0.435030398
18620,1862,0.520141784,1,1.14792899,0.516467696,64.1658234,55.3770244,1,0.491643607,64.1658234,55.3770244,0.435381317
18630,1863,0.517585755,1,1.17159763,0.515351566,69.77253,55.854144,1,0.481866248,69.77253,55.854144,0.43284392
18640,1864,0.511608157,1,1.13017751,0.515830971,68.6172252,61.6009386,1,0.513230833,68.6172252,61.6009386,0.450905579
18650,1865,0.514731053,1,1.16568047,0.518711199,63.0040795,59.9712412,1,0.566755105,63.0040795,59.9712412,0.44961074
18660,1866,0.541776737,1,1.16568047,0.52175344,65.6625954,54.7141354,1,0.66186546,65.6625954,54.7141354,0.453160299
18670,1867,0.535488806,1,1.21301775,0.516593478,70.4465595,57.9903515,1,0.573948116,70.4465595,57.9903515,0.446020567
18680,1868,0.529943305,1,1.23668639,0.514184395,66.8402913,62.4500699,1,0.51788581,66.8402913,62.4500699,0.441180902
18690,1869,0.527633106,1,1.19526627,0.519126645,62.6276532,58.8462782,1,0.511548673,62.6276532,58.8462782,0.426445573
18700,1870,0.517246885,1,1.18343195,0.516012212,66.3326385,54.5676824,1,0.507469499,66.3326385,54.5676824,0.435368969
18710,1871,0.519338214,1,1.18934911,0.522622798,70.189398,58.7440972,1,0.52484739,70.189398,58.7440972,0.437292872
18720,1872,0.502016634,1,1.14792899,0.506043023,65.3192908,62.4906304,1,0.559827992,65.3192908,62.4906304,0.472651186
18730,1873,0.526495814,1,1.13609467,0.514354277,62.5394136,57.3765183,1,0.634166049,62.5394136,57.3765183,0.44775482
18740,1874,0.518129555,1,1.1183432,0.511930763,67.5897175,54.8416931,1,0.631460229,67.5897175,54.8416931,0.434672621
18750,1875,0.543909641,1,1.21893491,0.517480425,69.366976,60.1391103,1,0.57603826,69.366976,60.1391103,0.4298154
18760,1876,0.528796775,1,1.21301775,0.515962589,64.0062415,61.5451447,1,0.521758793,64.0062415,61.5451447,0.426312158
18770,1877,0.51839486,1,1.15384615,0.517068873,62.9462209,55.8731998,1,0.499307356,62.9462209,55.8731998,0.443857505
18780,1878,0.509900353,1,1.12426036,0.510780926,68.8659365,54.926488,1,0.508965043,68.8659365,54.926488,0.461149174
18790,1879,0.506605086,1,1.04142012,0.510491887,69.5952743,60.8383133,1,0.492273039,69.5952743,60.8383133,0.458203412
18800,1880,0.508488374,1,1.13609467,0.516283296,63.8870511,61.3364441,1,0.50208886,63.8870511,61.3364441,0.440762835
18810,1881,0.522382829,1,1.15384615,0.520238987,64.1628193,55.640118,1,0.6088761,64.1628193,55.640118,0.438692106
18820,1882,0.538138292,1,1.14792899,0.515047964,69.788838,56.8115659,1,0.644700204,69.788838,56.8115659,0.442052614
18830,1883,0.525753127,1,1.23668639,0.512559476,67.8126841,62.2340908,1,0.516387967,67.8126841,62.2340908,0.443953196
18840,1884,0.517046755,1,1.23668639,0.51129655,62.6457274,59.8210187,1,0.508137703,62.6457274,59.8210187,0.438666342
18850,1885,0.515340629,1,1.15384615,0.512367161,65.3804588,54.6798434,1,0.509455789,65.3804588,54.6798434,0.44794362
18860,1886,0.51196388,1,1.12426036,0.514839032,70.3949137,57.8656995,1,0.51455149,70.3949137,57.8656995,0.456993242
18870,1887,0.506189495,1,1.11242604,0.512786628,66.8665553,62.6467777,1,0.522563434,66.8665553,62.6467777,0.457081184
18880,1888,0.508172639,1,1.17159763,0.513542574,62.5657552,58.8547471,1,0.552939166,62.5657552,58.8547471,0.441060966
18890,1889,0.535334714,1,1.14792899,0.515205153,67.0912804,55.204897,1,0.666130302,67.0912804,55.204897,0.447225398
18900,1890,0.536508725,1,1.21893491,0.51688707,70.0512531,60.01678,1,0.565529383,70.0512531,60.01678,0.434568788
18910,1891,0.525762905,1,1.20710059,0.519646613,65.0490903,62.4919568,1,0.505728183,65.0490903,62.4919568,0.429311634
18920,1892,0.517226139,1,1.17159763,0.515036417,62.6276204,57.2099336,1,0.502279089,62.6276204,57.2099336,0.44697064
18930,1893,0.510386146,1,1.13609467,0.515654586,68.2327913,55.037525,1,0.502007206,68.2327913,55.037525,0.462417749
18940,1894,0.506255658,1,1.08284024,0.508121762,70.3404475,60.6068236,1,0.489843654,70.3404475,60.6068236,0.458059331
18950,1895,0.521332714,1,1.15384615,0.51978544,64.6903022,61.8703984,1,0.557694406,64.6903022,61.8703984,0.445362452
18960,1896,0.514857981,1,1.13017751,0.516257904,63.6343422,56.1903962,1,0.589982784,63.6343422,56.1903962,0.444409561
18970,1897,0.538963199,1,1.17751479,0.515084963,69.501805,56.2882824,1,0.628111064,69.501805,56.2882824,0.451406093
18980,1898,0.522339042,1,1.21301775,0.507870618,68.6807601,61.9219155,1,0.510825094,68.6807601,61.9219155,0.437934478
18990,1899,0.517360844,1,1.18934911,0.514514758,63.138717,60.4766321,1,0.51585708,63.138717,60.4766321,0.44056907
19000,1900,0.504609718,1,1.13609467,0.50442511,64.8893779,54.590512,1,0.506467664,64.8893779,54.590512,0.472380493
19010,1901,0.509347859,1,1.07100592,0.511325086,70.4400801,56.2954558,1,0.464937652,70.4400801,56.2954558,0.44666501
19020,1902,0.51326116,1,1.12426036,0.520709523,68.676697,61.4893999,1,0.494014207,68.676697,61.4893999,0.421932545
19030,1903,0.507299626,1,1.15976331,0.521576922,63.4188736,59.4931551,1,0.513317285,63.4188736,59.4931551,0.432617606
19040,1904,0.529924835,1,1.13609467,0.517082706,66.3447418,54.5633765,1,0.656335704,66.3447418,54.5633765,0.44097405
19050,1905,0.538821604,1,1.22485207,0.517696723,70.6953982,58.31895,1,0.54516558,70.6953982,58.31895,0.442107267
19060,1906,0.524374706,1,1.20710059,0.516313429,66.5137226,62.2545198,1,0.506260305,66.5137226,62.2545198,0.441722824
19070,1907,0.514225111,1,1.1183432,0.511439308,62.6828642,57.9420042,1,0.509773439,62.6828642,57.9420042,0.443715259
19080,1908,0.517476733,1,1.15384615,0.515083526,67.0632181,54.2517912,1,0.49438973,67.0632181,54.2517912,0.440583071
19090,1909,0.514879455,1,1.12426036,0.51749896,70.6173726,58.6869374,1,0.471101172,70.6173726,58.6869374,0.437194766
19100,1910,0.518602615,1,1.17751479,0.522935195,65.8922536,61.8198706,1,0.525463967,65.8922536,61.8198706,0.436107173
19110,1911,0.522020753,1,1.14792899,0.516300938,63.2409629,56.5172366,1,0.624446746,63.2409629,56.5172366,0.45603948
19120,1912,0.536085709,1,1.20710059,0.515897989,69.0081488,54.876776,1,0.597387213,69.0081488,54.876776,0.461227742
19130,1913,0.533234443,1,1.23076923,0.514200584,70.1002643,60.5342048,1,0.549517832,70.1002643,60.5342048,0.443221246
19140,1914,0.530689053,1,1.20118343,0.511757429,64.4865359,61.398643,1,0.516176759,64.4865359,61.398643,0.436914949
19150,1915,0.525120484,1,1.17159763,0.520004139,63.8196545,55.9122634,1,0.509279823,63.8196545,55.9122634,0.425135491
19160,1916,0.518508697,1,1.15384615,0.516943121,69.3977517,55.3585031,1,0.490882403,69.3977517,55.3585031,0.431193603
19170,1917,0.515092086,1,1.14201183,0.516780798,69.4733697,61.2272756,1,0.505035574,69.4733697,61.2272756,0.451481513
19180,1918,0.50957635,1,1.15384615,0.512191509,63.5175442,60.8484941,1,0.524767783,63.5175442,60.8484941,0.459066026
19190,1919,0.529044781,1,1.18343195,0.517501602,64.7386701,55.1488607,1,0.632691015,64.7386701,55.1488607,0.44838282
19200,1920,0.538325982,1,1.14201183,0.515695799,70.138087,57.1322338,1,0.6351814,70.138087,57.1322338,0.442474697
19210,1921,0.537807022,1,1.21893491,0.513641555,67.8191772,62.148095,1,0.55690549,67.8191772,62.148095,0.425073658
19220,1922,0.531274243,1,1.21893491,0.51710604,62.8740106,59.6128671,1,0.516335178,62.8740106,59.6128671,0.427474031
19230,1923,0.516427989,1,1.14201183,0.5159775,65.8380322,54.7264144,1,0.511064663,65.8380322,54.7264144,0.439626281
19240,1924,0.510441502,1,1.14201183,0.512228861,70.7505466,58.1875491,1,0.52146021,70.7505466,58.1875491,0.462257462
19250,1925,0.498410076,1,1.06508876,0.501770506,66.922533,62.99053,1,0.492401103,66.922533,62.99053,0.472449947
19260,1926,0.506066353,1,1.15384615,0.515620247,62.6336623,59.2517585,1,0.492229137,62.6336623,59.2517585,0.437670163
19270,1927,0.527787445,1,1.15384615,0.522493005,66.8329305,55.3949356,1,0.617107438,66.8329305,55.3949356,0.438589289
19280,1928,0.534142621,1,1.20710059,0.513785956,70.0646542,60.1088814,1,0.658705458,70.0646542,60.1088814,0.439642965
19290,1929,0.537084169,1,1.24852071,0.518078639,65.114553,62.676749,1,0.523683205,65.114553,62.676749,0.428962182
19300,1930,0.519561374,1,1.16568047,0.514845218,62.8305822,57.3671299,1,0.512587547,62.8305822,57.3671299,0.444616568
19310,1931,0.514514141,1,1.17159763,0.513871606,68.3394364,55.3117679,1,0.509410207,68.3394364,55.3117679,0.452291907
19320,1932,0.512188917,1,1.11242604,0.509982123,70.3391124,60.8720914,1,0.490892357,70.3391124,60.8720914,0.454535994
19330,1933,0.514520355,1,1.12426036,0.519409264,64.8047923,62.4839654,1,0.480924242,64.8047923,62.4839654,0.443405575
19340,1934,0.503755403,1,1.13609467,0.518893338,63.3033024,56.9317185,1,0.499426257,63.3033024,56.9317185,0.44243755
19350,1935,0.527843137,1,1.17159763,0.520614896,68.8753102,56.4729239,1,0.626024665,68.8753102,56.4729239,0.430066484
19360,1936,0.537752959,1,1.17159763,0.515356198,68.5357437,62.2522876,1,0.632044095,68.5357437,62.2522876,0.445333136
19370,1937,0.534578903,1,1.20118343,0.518996017,63.0144245,61.2049895,1,0.512793845,63.0144245,61.2049895,0.432289891
19380,1938,0.525440146,1,1.22485207,0.516470286,64.2472373,55.6426664,1,0.515947809,64.2472373,55.6426664,0.43825411
19390,1939,0.51528149,1,1.14201183,0.513658309,69.9191037,57.2566209,1,0.497007329,69.9191037,57.2566209,0.453617395
19400,1940,0.513059407,1,1.10650888,0.515491833,68.2333587,62.733777,1,0.479171551,68.2333587,62.733777,0.440823436
19410,1941,0.512204145,1,1.12426036,0.519703773,62.8085731,60.9451642,1,0.477111052,62.8085731,60.9451642,0.439387917
19420,1942,0.521147648,1,1.21301775,0.518704268,65.4349369,55.7238562,1,0.577442072,65.4349369,55.7238562,0.449587871
19430,1943,0.52879633,1,1.15976331,0.511460747,70.2000697,59.3613095,1,0.662452829,70.2000697,59.3613095,0.461138013
19440,1944,0.538257829,1,1.18343195,0.514591694,66.2601699,63.4442181,1,0.61942947,66.2601699,63.4442181,0.436452573
19450,1945,0.533247087,1,1.21301775,0.517990282,62.6323155,59.1908066,1,0.529386848,62.6323155,59.1908066,0.430032594
19460,1946,0.521757971,1,1.17751479,0.515707655,67.0779104,55.6233676,1,0.516205744,67.0779104,55.6233676,0.4384611
19470,1947,0.516130317,1,1.11242604,0.51405573,70.6074976,60.2495607,1,0.500744514,70.6074976,60.2495607,0.447608038
19480,1948,0.519619447,1,1.13609467,0.519564681,65.8967305,63.5041954,1,0.491955709,65.8967305,63.5041954,0.440440704
19490,1949,0.510247591,1,1.14792899,0.515936247,62.8032081,58.4539436,1,0.50736999,62.8032081,58.4539436,0.455569893
19500,1950,0.521050476,1,1.18343195,0.51896121,68.3520564,56.2757805,1,0.622362683,68.3520564,56.2757805,0.458542278
19510,1951,0.529345579,1,1.17159763,0.509796781,69.648312,62.083193,1,0.647220659,69.648312,62.083193,0.457716986
19520,1952,0.535620213,1,1.18934911,0.512308688,64.0348142,62.6498208,1,0.57606554,64.0348142,62.6498208,0.434001781
19530,1953,0.533296369,1,1.25443787,0.514428798,63.7479087,57.0826536,1,0.515175708,63.7479087,57.0826536,0.428811935
19540,1954,0.522621148,1,1.17159763,0.518152654,69.3089743,57.0247988,1,0.507002886,69.3089743,57.0247988,0.427797423
19550,1955,0.519989183,1,1.16568047,0.517019205,69.1786985,62.7098331,1,0.502535054,69.1786985,62.7098331,0.437425139
19560,1956,0.509603924,1,1.1183432,0.513623828,63.2478558,62.0495584,1,0.495451273,63.2478558,62.0495584,0.459037181
19570,1957,0.51444929,1,1.16568047,0.515698897,64.3212888,56.3252955,1,0.543895484,64.3212888,56.3252955,0.448003087
19580,1958,0.527416569,1,1.17751479,0.519584139,69.9214263,58.0508443,1,0.632383349,69.9214263,58.0508443,0.450765674
19590,1959,0.538582267,1,1.18934911,0.515643686,67.4707113,63.2632429,1,0.662925608,67.4707113,63.2632429,0.443060246
19600,1960,0.536681428,1,1.25443787,0.515194536,62.6616394,60.2228519,1,0.555349592,62.6616394,60.2228519,0.437658845
19610,1961,0.532002381,1,1.23076923,0.518114819,65.8190535,55.7137729,1,0.520276388,65.8190535,55.7137729,0.423433818
19620,1962,0.518406629,1,1.15384615,0.5134666,70.3949347,59.0876209,1,0.516348401,70.3949347,59.0876209,0.437323347
19630,1963,0.517607869,1,1.16568047,0.520222027,66.6275306,63.3313383,1,0.518354467,66.6275306,63.3313383,0.436517092
19640,1964,0.503211234,1,1.10650888,0.507908231,62.3381448,58.9446881,1,0.541327155,62.3381448,58.9446881,0.4719438
19650,1965,0.510721225,1,1.15976331,0.509153311,66.9531996,55.258331,1,0.546529159,66.9531996,55.258331,0.454354078
19660,1966,0.502494982,1,1.14201183,0.515306971,70.3574169,59.7729738,1,0.527853151,70.3574169,59.7729738,0.43494334
19670,1967,0.53571235,1,1.13017751,0.516666288,65.4549483,62.481696,1,0.668292909,65.4549483,62.481696,0.430847343
19680,1968,0.537206922,1,1.22485207,0.51257171,63.3166896,57.4326021,1,0.565251866,63.3166896,57.4326021,0.421784735
19690,1969,0.524745993,1,1.18934911,0.520220361,68.6377628,55.8833859,1,0.510205882,68.6377628,55.8833859,0.426308569
19700,1970,0.51395521,1,1.14792899,0.512662057,70.2124261,61.5549034,1,0.512568799,70.2124261,61.5549034,0.452773666
19710,1971,0.511657725,1,1.10059172,0.511979232,64.444695,62.8321641,1,0.505759766,64.444695,62.8321641,0.454420212
19720,1972,0.508776684,1,1.09467456,0.512402271,63.2940743,57.0286809,1,0.485215294,63.2940743,57.0286809,0.45511131
19730,1973,0.518363048,1,1.20118343,0.520683597,68.9590818,56.3659988,1,0.540994262,68.9590818,56.3659988,0.438741192
19740,1974,0.520610564,1,1.13017751,0.516478414,68.9337342,62.1941793,1,0.621425131,68.9337342,62.1941793,0.448325817
19750,1975,0.537490683,1,1.21893491,0.515093892,63.1744495,61.0972324,1,0.600730259,63.1744495,61.0972324,0.450986116
19760,1976,0.526798617,1,1.24260355,0.509445637,64.8360151,55.7020939,1,0.510805696,64.8360151,55.7020939,0.434246402
19770,1977,0.517305414,1,1.17751479,0.513775812,70.1647136,57.9325813,1,0.521377161,70.1647136,57.9325813,0.444360462
19780,1978,0.50985649,1,1.14792899,0.51121345,67.5280876,63.290316,1,0.514416362,67.5280876,63.290316,0.459335242
19790,1979,0.504437369,1,1.08284024,0.508371808,62.232889,60.431792,1,0.500919865,62.232889,60.431792,0.462884493
19800,1980,0.500123682,1,1.07692308,0.511066082,65.070912,55.3960085,1,0.463103583,65.070912,55.3960085,0.444649247
19810,1981,0.502165154,1,1.13609467,0.515502245,69.5927427,58.5504584,1,0.515896021,69.5927427,58.5504584,0.424107182
19820,1982,0.516236047,1,1.17159763,0.515577125,65.9247108,62.7681723,1,0.628870881,65.9247108,62.7681723,0.429968824
19830,1983,0.539860553,1,1.23076923,0.515140963,62.4448834,58.3937176,1,0.54975099,62.4448834,58.3937176,0.429979034
19840,1984,0.519394817,1,1.22485207,0.51219125,67.3134741,55.3353917,1,0.517960415,67.3134741,55.3353917,0.442267775
19850,1985,0.513797558,1,1.19526627,0.513148478,70.1528791,60.5243153,1,0.511368114,70.1528791,60.5243153,0.454999507
19860,1986,0.507222968,1,1.1183432,0.507139226,64.9305287,63.3924649,1,0.491267575,64.9305287,63.3924649,0.458317127
19870,1987,0.516466538,1,1.07692308,0.517699451,62.5765658,58.2666694,1,0.483013871,62.5765658,58.2666694,0.433882433
19880,1988,0.513662091,1,1.14792899,0.521401642,67.9025991,55.9701449,1,0.50729328,67.9025991,55.9701449,0.446158196
19890,1989,0.528130553,1,1.18343195,0.520093837,69.2237862,61.7311711,1,0.645462727,69.2237862,61.7311711,0.454660017
19900,1990,0.526031889,1,1.21301775,0.509273981,63.2319326,61.8742613,1,0.561484921,63.2319326,61.8742613,0.461043223
19910,1991,0.522407399,1,1.21893491,0.513062813,63.7876027,56.1446446,1,0.508566559,63.7876027,56.1446446,0.44280759
19920,1992,0.521707022,1,1.21893491,0.512003449,69.4720973,56.7257894,1,0.511632715,69.4720973,56.7257894,0.43954797
19930,1993,0.525631158,1,1.20118343,0.515724852,68.9002409,62.1598425,1,0.517132733,68.9002409,62.1598425,0.420312314
19940,1994,0.519749729,1,1.17159763,0.522695749,63.3226157,61.4205967,1,0.476628671,63.3226157,61.4205967,0.432800068
19950,1995,0.513663537,1,1.14201183,0.518437509,64.4272547,55.7180843,1,0.50495671,64.4272547,55.7180843,0.446809034
19960,1996,0.521240961,1,1.18934911,0.519411835,69.941403,57.7455383,1,0.600714672,69.941403,57.7455383,0.451928158
19970,1997,0.537204959,1,1.18343195,0.518628952,66.9917568,62.8836277,1,0.654174863,66.9917568,62.8836277,0.455735154
19980,1998,0.530360605,1,1.17751479,0.506707056,62.2977819,59.4694387,1,0.594454721,62.2977819,59.4694387,0.446485862
19990,1999,0.540911318,1,1.18934911,0.512943732,65.7626619,55.2253414,1,0.57485175,65.7626619,55.2253414,0.421449701
20000,2000,0.523404471,1,1.20118343,0.517170372,69.9203796,59.1417907,1,0.50708495,69.9203796,59.1417907,0.439372818
20010,2001,0.518896752,1,1.18343195,0.513958702,66.0990152,63.2533863,1,0.492070219,66.0990152,63.2533863,0.431784815
20020,2002,0.521286267,1,1.15976331,0.520885246,62.1765962,59.4580426,1,0.486851868,62.1765962,59.4580426,0.419847856
20030,2003,0.510414392,1,1.13017751,0.518929574,66.3535477,55.3590527,1,0.463052601,66.3535477,55.3590527,0.450171842
20040,2004,0.51903253,1,1.14792899,0.522640462,69.792467,59.7234632,1,0.551629221,69.792467,59.7234632,0.427419985
20050,2005,0.531271534,1,1.13609467,0.519434281,64.6939378,62.629226,1,0.661248038,64.6939378,62.629226,0.451417606
20060,2006,0.539874052,1,1.18934911,0.514940572,62.5207977,57.3642287,1,0.602688588,62.5207977,57.3642287,0.438142494
20070,2007,0.529135625,1,1.23076923,0.518265235,68.0177768,55.8364412,1,0.510857846,68.0177768,55.8364412,0.438872375
20080,2008,0.51741132,1,1.16568047,0.513167127,69.3190797,61.5514491,1,0.510306706,69.3190797,61.5514491,0.450868356
20090,2009,0.510957948,1,1.14792899,0.510591789,63.4024297,62.5169482,1,0.510906742,63.4024297,62.5169482,0.461146857
20100,2010,0.505047512,1,1.09467456,0.508339437,62.5159002,56.5146344,1,0.482582932,62.5159002,56.5146344,0.466725379
20110,2011,0.507973269,1,1.11242604,0.516490101,68.0896152,55.9121247,1,0.465270364,68.0896152,55.9121247,0.431245045
20120,2012,0.524283906,1,1.17751479,0.525006353,68.1058147,61.5718759,1,0.579748693,68.1058147,61.5718759,0.435367263
20130,2013,0.539883439,1,1.21301775,0.518344109,62.3606528,60.6148439,1,0.656548953,62.3606528,60.6148439,0.448025219
20140,2014,0.536215494,1,1.23668639,0.514193064,64.0139948,55.0623025,1,0.568674117,64.0139948,55.0623025,0.445651276
20150,2015,0.527347665,1,1.24260355,0.512876067,69.2722835,57.1656937,1,0.513203123,69.2722835,57.1656937,0.435644495
20160,2016,0.516584952,1,1.20118343,0.511963371,66.6841203,62.3502791,1,0.512604591,66.6841203,62.3502791,0.445745928
20170,2017,0.514118421,1,1.14201183,0.51425245,61.6671978,59.3597006,1,0.514399179,61.6671978,59.3597006,0.449279966
20180,2018,0.508672569,1,1.1183432,0.512278475,65.044428,54.3954456,1,0.515673248,65.044428,54.3954456,0.461855731
20190,2019,0.508564767,1,1.13017751,0.511116437,69.6393896,58.1638434,1,0.543938624,69.6393896,58.1638434,0.457123072
20200,2020,0.522561856,1,1.14201183,0.514920113,65.3880052,62.0788305,1,0.629407989,65.3880052,62.0788305,0.444568754
20210,2021,0.542866197,1,1.18343195,0.517829082,62.0556063,57.500175,1,0.637289328,62.0556063,57.500175,0.435611304
20220,2022,0.537557027,1,1.27810651,0.51834536,66.7373209,54.67119,1,0.525334485,66.7373209,54.67119,0.420774211
20230,2023,0.521354684,1,1.19526627,0.51783008,69.3203625,59.7076037,1,0.500579544,69.3203625,59.7076037,0.43539798
20240,2024,0.511440119,1,1.13017751,0.514783548,63.9031352,62.1378862,1,0.502127925,63.9031352,62.1378862,0.456722466
20250,2025,0.508867056,1,1.0887574,0.510002069,61.6618509,56.6248494,1,0.497475768,61.6618509,56.6248494,0.457785578
20260,2026,0.513212868,1,1.1183432,0.513473567,67.2568248,54.7748034,1,0.50551507,67.2568248,54.7748034,0.453300866
20270,2027,0.506923749,1,1.16568047,0.518931157,68.8748836,60.3546177,1,0.508255418,68.8748836,60.3546177,0.446898863
20280,2028,0.521704703,1,1.15976331,0.516730198,63.2079092,61.1597063,1,0.636663772,63.2079092,61.1597063,0.440298221
20290,2029,0.533034505,1,1.26627219,0.517431056,63.5700002,55.4160768,1,0.531709097,63.5700002,55.4160768,0.442694742
20300,2030,0.525362362,1,1.18343195,0.512648695,69.1649012,56.1848827,1,0.516566997,69.1649012,56.1848827,0.434421194
20310,2031,0.519571797,1,1.20118343,0.515717863,68.1017575,61.8529142,1,0.499943196,68.1017575,61.8529142,0.443605825
20320,2032,0.521226815,1,1.14201183,0.516059481,62.6771221,60.9152921,1,0.501475331,62.6771221,60.9152921,0.423466984
20330,2033,0.51814807,1,1.1183432,0.522277802,63.924121,55.3913281,1,0.481406207,63.924121,55.3913281,0.435612773
20340,2034,0.518706128,1,1.17159763,0.521737661,69.5610476,57.0909128,1,0.537067635,69.5610476,57.0909128,0.452890315
20350,2035,0.528568069,1,1.17751479,0.517429507,66.9000849,62.4899908,1,0.637247131,66.9000849,62.4899908,0.463015364
20360,2036,0.531697145,1,1.19526627,0.510232382,62.003484,59.0070567,1,0.624785012,62.003484,59.0070567,0.46222725
20370,2037,0.525938287,1,1.21301775,0.505130258,65.7581265,54.5748296,1,0.553079431,65.7581265,54.5748296,0.446829576
20380,2038,0.528783074,1,1.21893491,0.512955456,69.6782355,58.4696099,1,0.510178677,69.6782355,58.4696099,0.425076171
20390,2039,0.523830699,1,1.19526627,0.518338672,65.6417543,62.3194693,1,0.509501221,65.6417543,62.3194693,0.429080465
20400,2040,0.517200817,1,1.15384615,0.516761725,61.8448039,58.2676488,1,0.503487825,61.8448039,58.2676488,0.427141882
20410,2041,0.510540272,1,1.17159763,0.51880959,66.5807818,54.7642488,1,0.516834297,66.5807818,54.7642488,0.453150038
20420,2042,0.51909926,1,1.17751479,0.51254983,69.7141603,59.7814648,1,0.584595781,69.7141603,59.7814648,0.455021405
20430,2043,0.527913113,1,1.17159763,0.514067426,64.212879,62.1218863,1,0.651400846,64.212879,62.1218863,0.459879506
20440,2044,0.538885419,1,1.21301775,0.515084274,62.7443954,56.5197709,1,0.608755676,62.7443954,56.5197709,0.445491162
20450,2045,0.533007286,1,1.24260355,0.51068953,68.2887017,55.4647795,1,0.538756621,68.2887017,55.4647795,0.43413752
20460,2046,0.522970761,1,1.18343195,0.517977134,68.9115359,61.0728196,1,0.508805396,68.9115359,61.0728196,0.434040029
20470,2047,0.515903693,1,1.16568047,0.511454925,63.0825288,61.5070126,1,0.515073836,63.0825288,61.5070126,0.449627373
20480,2048,0.514974382,1,1.10650888,0.518243669,62.9286884,55.6957689,1,0.490549105,62.9286884,55.6957689,0.447175354
20490,2049,0.514992621,1,1.15384615,0.517231103,68.7709403,55.8245207,1,0.515458708,68.7709403,55.8245207,0.449513108
20500,2050,0.525281551,1,1.19526627,0.521208759,67.8057746,61.5942266,1,0.575251847,67.8057746,61.5942266,0.449990473
20510,2051,0.533387835,1,1.15384615,0.515168594,62.1534313,59.83169,1,0.661094169,62.1534313,59.83169,0.455443861
20520,2052,0.536683266,1,1.22485207,0.512370101,64.5205223,54.6988464,1,0.58176127,64.5205223,54.6988464,0.434797124
20530,2053,0.532753862,1,1.22485207,0.517204208,69.3068094,57.4285111,1,0.524248738,69.3068094,57.4285111,0.423842759
20540,2054,0.524664944,1,1.22485207,0.519120115,66.3801617,62.2236289,1,0.510969703,66.3801617,62.2236289,0.432129865
20550,2055,0.508390726,1,1.15384615,0.514181402,61.5534876,58.8323869,1,0.510516266,61.5534876,58.8323869,0.45376339
20560,2056,0.509940441,1,1.13609467,0.510304093,65.3912263,54.2199852,1,0.530385245,65.3912263,54.2199852,0.461554413
20570,2057,0.504185851,1,1.13017751,0.507505137,69.7315527,58.3688817,1,0.52035929,69.7315527,58.3688817,0.461870233
20580,2058,0.506960376,1,1.14201183,0.515320306,65.4934721,62.1056948,1,0.544272099,65.4934721,62.1056948,0.434633076
20590,2059,0.540624027,1,1.17751479,0.519029725,62.3783871,57.3251478,1,0.651072752,62.3783871,57.3251478,0.438915989
20600,2060,0.53673073,1,1.23668639,0.514397369,67.2912734,54.7511591,1,0.567334774,67.2912734,54.7511591,0.426641417
20610,2061,0.520914985,1,1.19526627,0.514767979,69.342581,60.0682394,1,0.507452363,69.342581,60.0682394,0.438388701
20620,2062,0.510358866,1,1.14792899,0.509847156,63.7245031,62.023892,1,0.515149616,63.7245031,62.023892,0.457594536
20630,2063,0.514566995,1,1.11242604,0.513789882,62.0572001,56.4573849,1,0.497020751,62.0572001,56.4573849,0.446987952
20640,2064,0.514295742,1,1.13017751,0.516344985,67.7130195,54.9983377,1,0.500092696,67.7130195,54.9983377,0.449306575
20650,2065,0.515442579,1,1.16568047,0.517780479,68.6608328,60.7812281,1,0.54684659,68.6608328,60.7812281,0.450772979
20660,2066,0.526567807,1,1.15384615,0.517912007,62.7677225,60.8568914,1,0.648759225,62.7677225,60.8568914,0.453353541
20670,2067,0.536183711,1,1.21301775,0.512254816,63.641785,55.1140712,1,0.580057663,63.641785,55.1140712,0.446842765
20680,2068,0.513932002,1,1.18934911,0.507267664,69.2846197,56.8914207,1,0.512724648,69.2846197,56.8914207,0.455086668
20690,2069,0.511063439,1,1.17159763,0.508426102,67.1306995,62.348654,1,0.504696502,67.1306995,62.348654,0.451301653
20700,2070,0.518076217,1,1.14201183,0.515082218,61.8497642,60.3264599,1,0.490431837,61.8497642,60.3264599,0.434989942
20710,2071,0.512388996,1,1.1183432,0.517261761,64.0416815,55.1427917,1,0.47226181,64.0416815,55.1427917,0.432926721
20720,2072,0.509292909,1,1.14792899,0.520523232,69.1239866,57.6641116,1,0.507043932,69.1239866,57.6641116,0.436411395
20730,2073,0.534608825,1,1.16568047,0.522579933,65.7505989,62.3756193,1,0.647871656,65.7505989,62.3756193,0.44574284
20740,2074,0.53355105,1,1.16568047,0.510024354,61.6127535,58.130986,1,0.618902364,61.6127535,58.130986,0.455983729
20750,2075,0.534152968,1,1.21301775,0.519625425,66.1107857,54.7943762,1,0.5193354,66.1107857,54.7943762,0.430805349
20760,2076,0.524671506,1,1.18343195,0.51507378,69.4997609,59.3611606,1,0.503696989,69.4997609,59.3611606,0.437452773
20770,2077,0.524647472,1,1.18343195,0.516974915,64.8597557,62.4529698,1,0.513092786,64.8597557,62.4529698,0.428903461
20780,2078,0.511827633,1,1.13609467,0.513038176,61.6883589,57.4884382,1,0.483879829,61.6883589,57.4884382,0.453156789
20790,2079,0.512760767,1,1.08284024,0.520831841,66.5320459,54.6316496,1,0.479822233,66.5320459,54.6316496,0.432568664
20800,2080,0.507777754,1,1.17751479,0.518494535,69.1133611,59.7902899,1,0.521816142,69.1133611,59.7902899,0.443725208
20810,2081,0.536620242,1,1.18343195,0.521412755,63.3522441,61.1144873,1,0.664171322,63.3522441,61.1144873,0.454718633
20820,2082,0.528300293,1,1.18934911,0.508403032,62.8492691,55.2785097,1,0.578448088,62.8492691,55.2785097,0.450585538
20830,2083,0.52731627,1,1.23076923,0.515721042,68.5447245,55.3309948,1,0.515414082,68.5447245,55.3309948,0.438130556
20840,2084,0.533154894,1,1.22485207,0.513835725,68.6515922,60.8017077,1,0.520493704,68.6515922,60.8017077,0.420904353
20850,2085,0.525049521,1,1.14792899,0.523288364,63.0397742,60.5519826,1,0.505029755,63.0397742,60.5519826,0.432105507
20860,2086,0.519444601,1,1.14201183,0.520514353,63.2908559,54.8302024,1,0.498557559,63.2908559,54.8302024,0.440560499
20870,2087,0.517403094,1,1.14201183,0.52016184,69.158109,55.7841357,1,0.53887571,69.158109,55.7841357,0.457253489
20880,2088,0.514284115,1,1.18934911,0.510862447,67.6108427,61.6025657,1,0.575627337,67.6108427,61.6025657,0.463126502
20890,2089,0.522874827,1,1.15384615,0.508947811,62.1408054,59.3551398,1,0.649147407,62.1408054,59.3551398,0.454902492
20900,2090,0.535362049,1,1.18343195,0.509998832,64.8019887,54.4746425,1,0.65278624,64.8019887,54.4746425,0.427606175
20910,2091,0.531549123,1,1.21301775,0.516642806,69.278624,57.6788514,1,0.528501518,69.278624,57.6788514,0.423476856
20920,2092,0.520447617,1,1.19526627,0.51752548,65.8357286,62.1132755,1,0.516661835,65.8357286,62.1132755,0.431850603
20930,2093,0.51205968,1,1.13609467,0.517088816,61.3454535,58.3145969,1,0.505320034,61.3454535,58.3145969,0.452426266
20940,2094,0.508906281,1,1.08284024,0.509581227,65.2219317,53.9340533,1,0.483070776,65.2219317,53.9340533,0.44995888
20950,2095,0.511470861,1,1.14201183,0.517022058,69.2174589,58.2126163,1,0.519033399,69.2174589,58.2126163,0.450314405
20960,2096,0.52039254,1,1.14792899,0.518657232,64.6565737,61.7902632,1,0.597348479,64.6565737,61.7902632,0.445896683
20970,2097,0.532816464,1,1.18934911,0.516687885,61.7155487,56.8790569,1,0.661194798,61.7155487,56.8790569,0.440343971
20980,2098,0.537149935,1,1.23668639,0.518334625,67.0717753,54.7576623,1,0.534412216,67.0717753,54.7576623,0.443156236
20990,2099,0.518968136,1,1.23668639,0.509285698,68.7674061,60.4008602,1,0.506677268,68.7674061,60.4008602,0.453264601
21000,2100,0.52508631,1,1.15976331,0.516443689,63.4176302,61.874294,1,0.522455978,63.4176302,61.874294,0.426844135
21010,2101,0.521742654,1,1.13609467,0.521641484,62.0993776,56.4198629,1,0.499406884,62.0993776,56.4198629,0.431651627
21020,2102,0.517605759,1,1.13017751,0.518877156,67.7911801,55.3326633,1,0.504772392,67.7911801,55.3326633,0.445746623
21030,2103,0.514323016,1,1.12426036,0.515350428,68.4029578,61.2770976,1,0.540050699,68.4029578,61.2770976,0.459679401
21040,2104,0.523609904,1,1.20118343,0.517383807,62.6030629,61.3312703,1,0.607432,62.6030629,61.3312703,0.446165227
21050,2105,0.536946297,1,1.16568047,0.516028146,63.4447402,55.5493211,1,0.665352509,63.4447402,55.5493211,0.449453038
21060,2106,0.537315572,1,1.23076923,0.514364819,68.8987925,57.0344615,1,0.548438643,68.8987925,57.0344615,0.43481839
21070,2107,0.521311076,1,1.21893491,0.512898293,66.9006881,62.3966545,1,0.506934978,66.9006881,62.3966545,0.440182414
21080,2108,0.513018015,1,1.15976331,0.511091892,61.5620648,59.9789391,1,0.514729176,61.5620648,59.9789391,0.45081285
21090,2109,0.508170022,1,1.14792899,0.509056073,64.4420569,54.7395836,1,0.506138843,64.4420569,54.7395836,0.45990223
21100,2110,0.502504825,1,1.10059172,0.509367373,69.540675,57.8955225,1,0.495096667,69.540675,57.8955225,0.461255408
21110,2111,0.505398216,1,1.15976331,0.514938306,66.230052,62.5465437,1,0.512327514,66.230052,62.5465437,0.439150763
21120,2112,0.516002081,1,1.12426036,0.512273577,62.0714228,58.6649411,1,0.616903189,62.0714228,58.6649411,0.437590467
21130,2113,0.541998969,1,1.18934911,0.521367046,66.5340396,55.2225272,1,0.59913109,66.5340396,55.2225272,0.433543007
21140,2114,0.535227773,1,1.24260355,0.514934198,69.5903776,59.8256072,1,0.519910617,69.5903776,59.8256072,0.425027306
21150,2115,0.523473928,1,1.21301775,0.519473954,64.6164753,62.6048812,1,0.516317179,64.6164753,62.6048812,0.43828652
21160,2116,0.512608083,1,1.14201183,0.514985273,61.8748179,57.3646193,1,0.503434659,61.8748179,57.3646193,0.454933702
21170,2117,0.510067043,1,1.1183432,0.510209948,67.1911222,54.7132711,1,0.484309424,67.1911222,54.7132711,0.456982244
21180,2118,0.510548902,1,1.10059172,0.516822821,69.4839022,59.943327,1,0.4792324,69.4839022,59.943327,0.439272701
21190,2119,0.504097279,1,1.14792899,0.519294997,64.1620039,61.9307602,1,0.509032084,64.1620039,61.9307602,0.436991409
21200,2120,0.536443676,1,1.17159763,0.520421976,63.1892599,56.3281379,1,0.661841345,63.1892599,56.3281379,0.437418513
21210,2121,0.537610952,1,1.21893491,0.514391943,68.8951966,56.131844,1,0.590664549,68.8951966,56.131844,0.439177858
21220,2122,0.524611906,1,1.18934911,0.51614738,68.477583,61.915931,1,0.506274479,68.477583,61.915931,0.446087949
21230,2123,0.520662508,1,1.19526627,0.514101687,62.6747729,61.3819212,1,0.512614736,62.6747729,61.3819212,0.448256135
21240,2124,0.520670375,1,1.20118343,0.517947896,63.2786101,55.737217,1,0.503828253,63.2786101,55.737217,0.43668537
21250,2125,0.516976909,1,1.14201183,0.52001671,68.9577598,56.4170663,1,0.475857773,68.9577598,56.4170663,0.439976712
21260,2126,0.516316138,1,1.16568047,0.518889365,67.707564,62.0996595,1,0.527200344,67.707564,62.0996595,0.447576343
21270,2127,0.527289714,1,1.18343195,0.516536096,62.1978505,59.8299523,1,0.637091146,62.1978505,59.8299523,0.458377084
21280,2128,0.524174744,1,1.11242604,0.508380289,64.8804824,54.657493,1,0.669268689,64.8804824,54.657493,0.448210438
21290,2129,0.539802657,1,1.26035503,0.515748089,69.4190897,58.0068363,1,0.573231096,69.4190897,58.0068363,0.433897004
21300,2130,0.526094492,1,1.20710059,0.513811175,65.7306287,62.3442566,1,0.509811582,65.7306287,62.3442566,0.437975169
21310,2131,0.53143682,1,1.21893491,0.518171683,61.5768213,58.9306358,1,0.5196879,61.5768213,58.9306358,0.413578145
21320,2132,0.516303463,1,1.15976331,0.516565282,65.3588063,54.706772,1,0.503485862,65.3588063,54.706772,0.436123562
21330,2133,0.516347882,1,1.18343195,0.519115168,69.1590338,59.0256993,1,0.52461836,69.1590338,59.0256993,0.442524108
21340,2134,0.510806787,1,1.14201183,0.509061801,64.2633698,62.6299387,1,0.569846688,64.2633698,62.6299387,0.467639594
21350,2135,0.525882693,1,1.17159763,0.511763504,61.5497628,57.2936908,1,0.653037845,61.5497628,57.2936908,0.460506566
21360,2136,0.525545778,1,1.1183432,0.509218617,66.7998316,55.0343037,1,0.663439503,66.7998316,55.0343037,0.439661326
21370,2137,0.542918025,1,1.24260355,0.51821657,68.36035,60.3632921,1,0.550233861,68.36035,60.3632921,0.427136708
21380,2138,0.526070883,1,1.16568047,0.512957991,62.9207753,61.6083247,1,0.51622468,62.9207753,61.6083247,0.429249236
21390,2139,0.51990832,1,1.14201183,0.518070025,61.9857182,56.014878,1,0.504249568,61.9857182,56.014878,0.436235769
21400,2140,0.515697338,1,1.14792899,0.514453411,67.7918023,55.2654581,1,0.513957058,67.7918023,55.2654581,0.450326923
21410,2141,0.506677984,1,1.11242604,0.51073023,68.2385902,61.3077547,1,0.485471543,68.2385902,61.3077547,0.466060968
21420,2142,0.514191648,1,1.18343195,0.516215656,62.5169469,61.5088607,1,0.509879658,62.5169469,61.5088607,0.440398187
21430,2143,0.532562484,1,1.20118343,0.52250113,63.2827271,55.7020924,1,0.644451039,63.2827271,55.7020924,0.450541937
21440,2144,0.521676853,1,1.13017751,0.508119456,68.8633608,56.7839482,1,0.658968299,68.8633608,56.7839482,0.437271555
21450,2145,0.535204701,1,1.24852071,0.513734614,66.7849182,62.0298452,1,0.531770012,66.7849182,62.0298452,0.434049047
21460,2146,0.521638444,1,1.20118343,0.515539342,61.7277252,59.6182098,1,0.517451862,61.7277252,59.6182098,0.430983371
21470,2147,0.510873919,1,1.17159763,0.510803948,64.6764586,54.4712804,1,0.519098391,64.6764586,54.4712804,0.456290099
21480,2148,0.505072621,1,1.11242604,0.506176668,69.7780171,57.7530714,1,0.49750946,69.7780171,57.7530714,0.466613447
21490,2149,0.507495592,1,1.09467456,0.514612077,66.4838198,62.5056541,1,0.465870263,66.4838198,62.5056541,0.444817485
21500,2150,0.512812018,1,1.15384615,0.520089215,62.2170989,58.8752218,1,0.55446779,62.2170989,58.8752218,0.430940535
21510,2151,0.528207056,1,1.17159763,0.517922476,66.4109902,55.0657928,1,0.660297569,66.4109902,55.0657928,0.435825229
21520,2152,0.540864599,1,1.21893491,0.522368402,69.5117078,59.7858582,1,0.541159608,69.5117078,59.7858582,0.434417702
21530,2153,0.521798686,1,1.21301775,0.510770638,64.4862917,62.5952187,1,0.507232328,64.4862917,62.5952187,0.442874643
21540,2154,0.514734064,1,1.18343195,0.512264305,62.0049098,57.2361952,1,0.495811923,62.0049098,57.2361952,0.454278734
21550,2155,0.513651503,1,1.13017751,0.509743064,67.1960983,54.7330996,1,0.494138725,67.1960983,54.7330996,0.443319419
21560,2156,0.517310984,1,1.1183432,0.519679247,69.3273423,59.8560282,1,0.479644268,69.3273423,59.8560282,0.426812865
21570,2157,0.507376867,1,1.14792899,0.517337958,63.826634,61.8608509,1,0.494621015,63.826634,61.8608509,0.450358864
21580,2158,0.520059671,1,1.13609467,0.519010094,62.7618757,56.1213149,1,0.610292006,62.7618757,56.1213149,0.449035674
21590,2159,0.532793796,1,1.18934911,0.511377971,68.678517,56.1131679,1,0.638954156,68.678517,56.1131679,0.455126688
21600,2160,0.527476611,1,1.24852071,0.511710621,67.8026584,61.7483782,1,0.525152449,67.8026584,61.7483782,0.438682292
21610,2161,0.516791577,1,1.15384615,0.511952495,62.174544,60.3627976,1,0.515414135,62.174544,60.3627976,0.445858694
21620,2162,0.508868702,1,1.15384615,0.508740914,63.8286509,54.5914344,1,0.508577696,63.8286509,54.5914344,0.461824926
21630,2163,0.51126056,1,1.0887574,0.509679673,69.4565606,56.201149,1,0.478344975,69.4565606,56.201149,0.450276367
21640,2164,0.510407105,1,1.07692308,0.517131614,67.6459439,61.5360822,1,0.474902941,67.6459439,61.5360822,0.433370205
21650,2165,0.512534483,1,1.16568047,0.52397102,62.4275702,59.4309083,1,0.527048268,62.4275702,59.4309083,0.432846512
21660,2166,0.530766467,1,1.17159763,0.519447873,65.3193114,54.4322994,1,0.647570242,65.3193114,54.4322994,0.444215002
21670,2167,0.533030346,1,1.21301775,0.510673904,69.7982566,58.2953701,1,0.552267205,69.7982566,58.2953701,0.45498076
21680,2168,0.518843737,1,1.21893491,0.512125579,65.3988595,62.1878476,1,0.498162148,65.3988595,62.1878476,0.45186056
21690,2169,0.51582807,1,1.14792899,0.509012132,61.6398744,57.9205023,1,0.513380745,61.6398744,57.9205023,0.437449611
21700,2170,0.520575956,1,1.14792899,0.516837839,65.9487845,54.3722876,1,0.495553763,65.9487845,54.3722876,0.429369526
21710,2171,0.519100848,1,1.13609467,0.521650564,69.4475428,58.7580773,1,0.474398413,69.4475428,58.7580773,0.431568355
21720,2172,0.518480068,1,1.15384615,0.524444541,64.703304,61.8784926,1,0.537070073,64.703304,61.8784926,0.436803836
21730,2173,0.51539744,1,1.15384615,0.510850648,62.0803143,56.4725356,1,0.618304568,62.0803143,56.4725356,0.462207497
21740,2174,0.537124928,1,1.22485207,0.516013748,67.8091492,54.9470998,1,0.612501699,67.8091492,54.9470998,0.456034514
21750,2175,0.533274612,1,1.20118343,0.510347699,69.0059926,60.502559,1,0.616816901,69.0059926,60.502559,0.437147566
21760,2176,0.539079026,1,1.27218935,0.518011695,63.5560698,61.2407826,1,0.52096388,63.5560698,61.2407826,0.423053372
21770,2177,0.522343173,1,1.17159763,0.519456646,62.9685583,55.5378473,1,0.507127325,62.9685583,55.5378473,0.441009075
21780,2178,0.520623177,1,1.17751479,0.517714696,68.6884324,55.147432,1,0.507294503,68.6884324,55.147432,0.441014059
21790,2179,0.511911077,1,1.13609467,0.514805989,68.7015362,61.1483422,1,0.505015033,68.7015362,61.1483422,0.461609583
21800,2180,0.505594962,1,1.13017751,0.50955925,62.6880451,60.9024313,1,0.500183017,62.6880451,60.9024313,0.462962843
21810,2181,0.513842635,1,1.19526627,0.518562559,63.4111949,55.2297327,1,0.555158706,63.4111949,55.2297327,0.439892777
21820,2182,0.522757323,1,1.15976331,0.517375756,68.8731871,56.5476223,1,0.631815497,68.8731871,56.5476223,0.432210439
21830,2183,0.541051836,1,1.20118343,0.515684144,66.6594974,61.7526748,1,0.57175126,66.6594974,61.7526748,0.435094991
21840,2184,0.520997628,1,1.21301775,0.515168137,61.6996027,58.8327532,1,0.503881556,61.6996027,58.8327532,0.44273556
21850,2185,0.514195397,1,1.18343195,0.508639247,64.8445445,53.9510071,1,0.505138294,64.8445445,53.9510071,0.446697973
21860,2186,0.510508979,1,1.13609467,0.512193966,69.6677043,57.37401,1,0.492662559,69.6677043,57.37401,0.454951844
21870,2187,0.515398534,1,1.10059172,0.514790247,66.3992608,61.9806913,1,0.473574836,66.3992608,61.9806913,0.434491036
21880,2188,0.511523043,1,1.17159763,0.519470305,61.9033056,58.3692803,1,0.492341481,61.9033056,58.3692803,0.443599467
21890,2189,0.522320116,1,1.15384615,0.522669121,65.990481,54.2697273,1,0.598473923,65.990481,54.2697273,0.445299833
21900,2190,0.539133112,1,1.20118343,0.518321103,69.3993887,59.0668473,1,0.647165172,69.3993887,59.0668473,0.452690916
21910,2191,0.526487261,1,1.20710059,0.511037057,64.1177629,61.6425426,1,0.516967318,64.1177629,61.6425426,0.452015715
21920,2192,0.518190762,1,1.19526627,0.510217748,61.9826756,56.1566289,1,0.505333625,61.9826756,56.1566289,0.452827065
21930,2193,0.519942169,1,1.20118343,0.515910915,67.4211044,54.2193044,1,0.511979262,67.4211044,54.2193044,0.444091608
21940,2194,0.519525967,1,1.15976331,0.516032805,69.3857459,59.3981303,1,0.49317189,69.3857459,59.3981303,0.426073675
21950,2195,0.52329414,1,1.13609467,0.523958213,64.0315081,61.0032812,1,0.491919685,64.0315081,61.0032812,0.42997435
21960,2196,0.507927136,1,1.14201183,0.514087256,62.6217319,55.1577831,1,0.510090036,62.6217319,55.1577831,0.462545806
21970,2197,0.531293677,1,1.21893491,0.521142097,68.4228063,54.7136275,1,0.628581757,68.4228063,54.7136275,0.447542527
21980,2198,0.54007427,1,1.20118343,0.519159417,67.9298647,60.5049874,1,0.628274774,67.9298647,60.5049874,0.447100066
21990,2199,0.537457459,1,1.18934911,0.510880456,62.3328314,59.6256793,1,0.588994075,62.3328314,59.6256793,0.43582177
22000,2200,0.528600637,1,1.18343195,0.516361987,63.7274129,54.1934909,1,0.518676801,63.7274129,54.1934909,0.431411122
22010,2201,0.518426228,1,1.18934911,0.516295806,69.244592,55.7503624,1,0.511464217,69.244592,55.7503624,0.440971997
22020,2202,0.519180684,1,1.14201183,0.517424197,67.3750311,61.2164506,1,0.506893531,67.3750311,61.2164506,0.444382284
22030,2203,0.508411241,1,1.1183432,0.508855302,61.8380771,58.7578826,1,0.513679564,61.8380771,58.7578826,0.466019379
22040,2204,0.507449578,1,1.15384615,0.514132795,64.384959,53.5878975,1,0.50587536,64.384959,53.5878975,0.443328948
22050,2205,0.497831126,1,1.11242604,0.514198688,69.2429695,56.3229298,1,0.51512769,69.2429695,56.3229298,0.428846445
22060,2206,0.529773332,1,1.14201183,0.519347697,65.9581425,60.6932006,1,0.666623111,65.9581425,60.6932006,0.420547376
22070,2207,0.532307645,1,1.22485207,0.509945086,61.9463954,56.7348582,1,0.561798531,61.9463954,56.7348582,0.433525452
22080,2208,0.527444233,1,1.20710059,0.514230104,66.1656558,53.3238171,1,0.511264962,66.1656558,53.3238171,0.417355432
22090,2209,0.518009089,1,1.14201183,0.517718824,69.5543515,58.0204089,1,0.504578625,69.5543515,58.0204089,0.44549841
22100,2210,0.506057299,1,1.09467456,0.511988073,64.6015231,61.4145198,1,0.495329576,64.6015231,61.4145198,0.461862047
22110,2211,0.507262176,1,1.13609467,0.515055744,61.5214503,56.5281017,1,0.485018447,61.5214503,56.5281017,0.444319377
22120,2212,0.520349241,1,1.18343195,0.522427224,66.8067684,54.1698638,1,0.591846338,66.8067684,54.1698638,0.445197073
22130,2213,0.531956625,1,1.13609467,0.513313327,68.2501278,59.9391739,1,0.648547587,68.2501278,59.9391739,0.457470696
22140,2214,0.533020324,1,1.23668639,0.513642066,62.5645726,60.5237538,1,0.552474887,62.5645726,60.5237538,0.439656078
22150,2215,0.522833425,1,1.18934911,0.513742429,62.3986212,54.7871277,1,0.513442706,62.3986212,54.7871277,0.441463539
22160,2216,0.523079571,1,1.17751479,0.512916886,67.9688079,54.729373,1,0.515689348,67.9688079,54.729373,0.428498931
22170,2217,0.52156328,1,1.12426036,0.521411593,67.9473308,60.3521944,1,0.486189163,67.9473308,60.3521944,0.43252788
22180,2218,0.514826893,1,1.13017751,0.516315913,62.228521,60.1890368,1,0.483527893,62.228521,60.1890368,0.440087442
22190,2219,0.516297148,1,1.18343195,0.518913965,63.0116845,54.4402125,1,0.531383351,63.0116845,54.4402125,0.446301869
22200,2220,0.524650243,1,1.15976331,0.516898159,68.7019175,56.0023161,1,0.628525639,68.7019175,56.0023161,0.453904288
22210,2221,0.534433336,1,1.18934911,0.512917431,66.3073983,61.3381117,1,0.64080244,66.3073983,61.3381117,0.449881225
22220,2222,0.531235584,1,1.22485207,0.515576761,61.5019958,58.3108495,1,0.536214496,61.5019958,58.3108495,0.436881153
22230,2223,0.528754745,1,1.20710059,0.518121634,64.6986928,53.737843,1,0.513786498,64.6986928,53.737843,0.42919534
22240,2224,0.52433769,1,1.19526627,0.517607897,69.3381137,56.871041,1,0.511307694,69.3381137,56.871041,0.430639789
22250,2225,0.513748096,1,1.16568047,0.517445159,65.7548608,61.3550201,1,0.503624374,65.7548608,61.3550201,0.441526199
22260,2226,0.511594892,1,1.18934911,0.513362711,61.488565,57.1204732,1,0.55024458,61.488565,57.1204732,0.462388109
22270,2227,0.515936292,1,1.17159763,0.510466513,66.1523453,53.3810941,1,0.5929343,66.1523453,53.3810941,0.459828904
22280,2228,0.521898923,1,1.14201183,0.513785285,69.2899265,58.2020447,1,0.627963684,69.2899265,58.2020447,0.442464726
22290,2229,0.540989768,1,1.18934911,0.515193223,64.0499983,60.6058658,1,0.608876082,64.0499983,60.6058658,0.443461395
22300,2230,0.5325635,1,1.24260355,0.515287611,62.1531631,55.4010032,1,0.521037889,62.1531631,55.4010032,0.426132866
22310,2231,0.52733048,1,1.18934911,0.522113467,67.382429,53.7495965,1,0.517568952,67.382429,53.7495965,0.4218329
22320,2232,0.513635929,1,1.12426036,0.512929723,68.8933812,59.436153,1,0.518225524,68.8933812,59.436153,0.452605223
22330,2233,0.505048084,1,1.11242604,0.508440892,62.904342,60.6102469,1,0.489492877,62.904342,60.6102469,0.469464544
22340,2234,0.502446441,1,1.07100592,0.508830579,61.6739563,54.9302146,1,0.45036536,61.6739563,54.9302146,0.447058869
22350,2235,0.516894091,1,1.17751479,0.524856554,67.0193684,54.2353378,1,0.531803596,67.0193684,54.2353378,0.41464524
22360,2236,0.495492331,1,1.10650888,0.512684064,67.6440579,59.8481037,1,0.524966901,67.6440579,59.8481037,0.434417095
22370,2237,0.503979376,1,1.1183432,0.509194644,62.2059988,59.6368588,1,0.611828169,62.2059988,59.6368588,0.418627728
22380,2238,0.538453998,1,1.21893491,0.517133061,63.2015808,54.3610857,1,0.578163366,63.2015808,54.3610857,0.41299144
22390,2239,0.535810554,1,1.24852071,0.512209127,68.4684463,55.4578708,1,0.529347772,68.4684463,55.4578708,0.413834788
22400,2240,0.520646221,1,1.15384615,0.517134544,66.6259646,60.8849185,1,0.507550578,66.6259646,60.8849185,0.440867795
22410,2241,0.514487766,1,1.14792899,0.518029478,61.1130139,58.92501,1,0.494193609,61.1130139,58.92501,0.450074725
22420,2242,0.515590799,1,1.1183432,0.518318928,63.2672958,53.5004485,1,0.508222323,63.2672958,53.5004485,0.448975151
22430,2243,0.513405739,1,1.13609467,0.515196552,68.5761065,56.3163321,1,0.567317815,68.5761065,56.3163321,0.462260152
22440,2244,0.525040014,1,1.12426036,0.511390072,64.9563654,61.0453227,1,0.649297637,64.9563654,61.0453227,0.458101807
22450,2245,0.537416937,1,1.19526627,0.51934117,60.9174256,56.8639431,1,0.608878091,60.9174256,56.8639431,0.447193554
22460,2246,0.534274474,1,1.24852071,0.514830249,65.1807314,53.2557336,1,0.529119128,65.1807314,53.2557336,0.429634167
22470,2247,0.531626822,1,1.18934911,0.520490852,68.4839502,57.6113853,1,0.514122488,68.4839502,57.6113853,0.420502349
22480,2248,0.517256381,1,1.17751479,0.514797623,63.5919582,60.9162941,1,0.501590115,63.5919582,60.9162941,0.454132948
22490,2249,0.514251071,1,1.10650888,0.51389635,60.4443941,55.9351858,1,0.48455017,60.4443941,55.9351858,0.453249931
22500,2250,0.516910075,1,1.13017751,0.519827617,65.4670816,53.1397173,1,0.503885371,65.4670816,53.1397173,0.442170772
22510,2251,0.509551588,1,1.17751479,0.515151356,67.8591453,58.5634616,1,0.540771548,67.8591453,58.5634616,0.455985643
22520,2252,0.540763001,1,1.20118343,0.522652301,62.2803324,60.0262272,1,0.663932839,62.2803324,60.0262272,0.443645715
22530,2253,0.537636824,1,1.16568047,0.513404864,61.2539656,54.3710734,1,0.652725677,61.2539656,54.3710734,0.442118311
22540,2254,0.536247112,1,1.26627219,0.515753828,66.906344,54.1027907,1,0.522050348,66.906344,54.1027907,0.435287822
22550,2255,0.524854914,1,1.20710059,0.517294806,66.9770608,59.7655244,1,0.499823343,66.9770608,59.7655244,0.435628861
22560,2256,0.523642469,1,1.20118343,0.520424473,61.3015972,59.7224717,1,0.506482504,61.3015972,59.7224717,0.436586687
22570,2257,0.51041469,1,1.1183432,0.515890352,61.7208727,53.8007337,1,0.509624331,61.7208727,53.8007337,0.456658644
22580,2258,0.509839333,1,1.13017751,0.51338575,67.6292865,54.634312,1,0.519646569,67.6292865,54.634312,0.458994309
22590,2259,0.519170892,1,1.17751479,0.515709324,66.1856669,60.4072738,1,0.583468671,66.1856669,60.4072738,0.457748062
22600,2260,0.513953707,1,1.11242604,0.511882726,60.7590958,58.5663017,1,0.606785056,60.7590958,58.5663017,0.44079576
22610,2261,0.543508186,1,1.23668639,0.518619241,63.4927752,53.5539106,1,0.612704954,63.4927752,53.5539106,0.439183399
22620,2262,0.524833468,1,1.20710059,0.513081854,68.1926292,56.9265395,1,0.515406526,68.1926292,56.9265395,0.444980249
22630,2263,0.530195597,1,1.24852071,0.512945359,65.035758,61.3875045,1,0.514112413,65.035758,61.3875045,0.420383347
22640,2264,0.522720247,1,1.17159763,0.518228273,60.6087384,57.9790977,1,0.511570932,60.6087384,57.9790977,0.429777292
22650,2265,0.513290827,1,1.13017751,0.518019048,64.5014306,53.7508762,1,0.511775843,64.5014306,53.7508762,0.442096331
22660,2266,0.508686063,1,1.15976331,0.511504715,68.4396318,58.3356894,1,0.565691742,68.4396318,58.3356894,0.464923109
22670,2267,0.527257818,1,1.16568047,0.512844679,63.3889145,61.4953945,1,0.643298061,63.3889145,61.4953945,0.45828005
22680,2268,0.522307434,1,1.12426036,0.509717894,60.632295,56.5299139,1,0.643357972,60.632295,56.5299139,0.436872619
22690,2269,0.542597982,1,1.20118343,0.517453295,65.933139,54.5171143,1,0.583524795,65.933139,54.5171143,0.436163405
22700,2270,0.53259096,1,1.21893491,0.519247528,67.615844,59.8154452,1,0.518495799,67.615844,59.8154452,0.427624557
22710,2271,0.524325989,1,1.13609467,0.520039722,62.1311255,61.2504732,1,0.504169166,62.1311255,61.2504732,0.43610325
22720,2272,0.511194598,1,1.12426036,0.511943505,60.8545826,55.4358592,1,0.51654445,60.8545826,55.4358592,0.457930107
22730,2273,0.502444317,1,1.07692308,0.50683756,66.7904383,54.3145431,1,0.487044083,66.7904383,54.3145431,0.464679903
22740,2274,0.511772138,1,1.15384615,0.51697502,67.6554084,59.9562352,1,0.491549559,67.6554084,59.9562352,0.439047266
22750,2275,0.514319857,1,1.18343195,0.520502278,62.0004474,60.3404703,1,0.554540832,62.0004474,60.3404703,0.435999973
22760,2276,0.53208681,1,1.18934911,0.516534687,62.5234939,54.5816875,1,0.668745621,62.5234939,54.5816875,0.444806699
22770,2277,0.529834061,1,1.22485207,0.514521212,68.0303584,56.1395956,1,0.514382113,68.0303584,56.1395956,0.440230134
22780,2278,0.510708789,1,1.19526627,0.50591256,65.8881363,61.7087074,1,0.504631506,65.8881363,61.7087074,0.458993761
22790,2279,0.513899785,1,1.20118343,0.512546544,60.5147497,59.379406,1,0.502103732,60.5147497,59.379406,0.450502205
22800,2280,0.516967915,1,1.13017751,0.513743506,62.6756664,54.0894763,1,0.490011793,62.6756664,54.0894763,0.439559473
22810,2281,0.520042374,1,1.1183432,0.520602496,67.7662596,56.4956592,1,0.499157874,67.7662596,56.4956592,0.433124433
22820,2282,0.515714787,1,1.14792899,0.518859538,64.8267524,61.681153,1,0.542580316,64.8267524,61.681153,0.458516057
22830,2283,0.530458186,1,1.20118343,0.516119463,60.1827007,57.9152043,1,0.64298759,60.1827007,57.9152043,0.459930444
22840,2284,0.536400325,1,1.20118343,0.518433992,64.6543274,53.9921502,1,0.615399441,64.6543274,53.9921502,0.457584337
22850,2285,0.529325406,1,1.24852071,0.515267022,68.0422777,58.6833649,1,0.521074651,68.0422777,58.6833649,0.44512948
22860,2286,0.527390791,1,1.21301775,0.511568019,63.3892491,61.85076,1,0.498546223,63.3892491,61.85076,0.432982412
22870,2287,0.530427921,1,1.22485207,0.521107997,60.4153773,57.3429111,1,0.512974018,60.4153773,57.3429111,0.41541748
22880,2288,0.518819773,1,1.14792899,0.517244609,65.3673795,54.4537921,1,0.49657193,65.3673795,54.4537921,0.441013722
22890,2289,0.505919563,1,1.0887574,0.512498923,68.1179536,59.823551,1,0.489284602,68.1179536,59.823551,0.464095285
22900,2290,0.507623755,1,1.16568047,0.515129903,62.739464,62.0435915,1,0.520988022,62.739464,62.0435915,0.447588736
22910,2291,0.519368381,1,1.15976331,0.518975004,61.1999014,56.5266268,1,0.611863804,61.1999014,56.5266268,0.440596371
22920,2292,0.536437439,1,1.16568047,0.514080981,66.9979682,56.0405812,1,0.620434714,66.9979682,56.0405812,0.447569495
22930,2293,0.527067213,1,1.22485207,0.516664834,66.7446627,61.678241,1,0.50601595,66.7446627,61.678241,0.434103656
22940,2294,0.518146325,1,1.18343195,0.514257113,60.9326007,61.1659169,1,0.511816663,60.9326007,61.1659169,0.448815273
22950,2295,0.514321844,1,1.15976331,0.513386164,61.571784,55.332755,1,0.50396453,61.571784,55.332755,0.451390573
22960,2296,0.516538735,1,1.15384615,0.515929149,67.1713142,56.1044706,1,0.498266433,67.1713142,56.1044706,0.434804472
22970,2297,0.514479681,1,1.15384615,0.519488925,66.0482568,61.7626629,1,0.498466915,66.0482568,61.7626629,0.443736136
22980,2298,0.525990615,1,1.18343195,0.520937965,60.4382725,59.9191663,1,0.597943355,60.4382725,59.9191663,0.454239753
22990,2299,0.520309894,1,1.0887574,0.51117956,62.9110531,54.5719441,1,0.647076544,62.9110531,54.5719441,0.45317702
23000,2300,0.541105475,1,1.17159763,0.51840547,67.6466741,57.8410312,1,0.600634843,67.6466741,57.8410312,0.442645603
23010,2301,0.528846029,1,1.21893491,0.517753156,63.9552836,62.2060464,1,0.514723911,63.9552836,62.2060464,0.439739845
23020,2302,0.531212555,1,1.23668639,0.516223817,59.7692281,58.7987973,1,0.519560968,59.7692281,58.7987973,0.415188038
23030,2303,0.519061972,1,1.17159763,0.516862583,63.7056524,54.6179806,1,0.505906154,63.7056524,54.6179806,0.441719767
23040,2304,0.512280959,1,1.14792899,0.514836594,67.7655128,58.9255533,1,0.503224516,67.7655128,58.9255533,0.45532776
23050,2305,0.508645521,1,1.09467456,0.514547617,63.1572667,62.6074909,1,0.500026213,63.1572667,62.6074909,0.453732693
23060,2306,0.523435653,1,1.17159763,0.520565117,60.150472,57.6578477,1,0.593395069,60.150472,57.6578477,0.445488775
23070,2307,0.535815767,1,1.18934911,0.517726096,65.5446974,55.3738189,1,0.662614061,65.5446974,55.3738189,0.450604165
23080,2308,0.537381244,1,1.23076923,0.515793693,67.1560253,60.7768819,1,0.545641292,67.1560253,60.7768819,0.433708842
23090,2309,0.526032631,1,1.20710059,0.513610713,61.5490326,61.927489,1,0.523635504,61.5490326,61.927489,0.440294843
23100,2310,0.520122541,1,1.19526627,0.516251996,60.7187296,56.2094838,1,0.505399673,60.7187296,56.2094838,0.444459555
23110,2311,0.513202819,1,1.14201183,0.514298738,66.6161431,55.5520653,1,0.500426391,66.6161431,55.5520653,0.456457189
23120,2312,0.51154768,1,1.12426036,0.514577771,66.9819379,61.4288337,1,0.486106096,66.9819379,61.4288337,0.452933971
23130,2313,0.522611281,1,1.20118343,0.520862443,61.1548968,61.218941,1,0.578613607,61.1548968,61.218941,0.448524617
23140,2314,0.531303948,1,1.16568047,0.518963515,62.2020265,55.3395202,1,0.648447459,62.2020265,55.3395202,0.459380015
23150,2315,0.524062702,1,1.11242604,0.508036378,67.6710056,56.7147653,1,0.664890386,67.6710056,56.7147653,0.433787715
23160,2316,0.533818436,1,1.23076923,0.517186468,65.339114,61.8604265,1,0.517128882,65.339114,61.8604265,0.434568051
23170,2317,0.524818883,1,1.16568047,0.514938254,60.2713472,59.4041043,1,0.507482939,60.2713472,59.4041043,0.433205872
23180,2318,0.523409151,1,1.17751479,0.518349815,62.9325295,54.3977244,1,0.505481285,62.9325295,54.3977244,0.436132343
23190,2319,0.514445369,1,1.12426036,0.514041292,68.0137748,57.291057,1,0.482850228,68.0137748,57.291057,0.449789087
23200,2320,0.514954871,1,1.1183432,0.518251821,64.9313925,62.1431149,1,0.482598657,64.9313925,62.1431149,0.442180891
23210,2321,0.515922504,1,1.16568047,0.52138785,60.2226344,58.7748926,1,0.543207516,60.2226344,58.7748926,0.445339606
23220,2322,0.527672825,1,1.17751479,0.519515511,64.2528213,54.4995965,1,0.635221654,64.2528213,54.4995965,0.451955409
23230,2323,0.534014389,1,1.18934911,0.511602487,67.6956804,59.3567793,1,0.578440541,67.6956804,59.3567793,0.457970205
23240,2324,0.524155578,1,1.24260355,0.512490619,62.4746122,62.0831745,1,0.518760858,62.4746122,62.0831745,0.453081395
23250,2325,0.521167863,1,1.21301775,0.514124679,60.014052,56.8756445,1,0.520434903,60.014052,56.8756445,0.443044373
23260,2326,0.520676379,1,1.18343195,0.514990803,65.0580622,54.4578316,1,0.507434413,65.0580622,54.4578316,0.430273469
23270,2327,0.525217828,1,1.15384615,0.522586465,67.2331494,59.4780066,1,0.494542957,67.2331494,59.4780066,0.420855438
23280,2328,0.51406062,1,1.13017751,0.515922445,61.6446907,61.5310705,1,0.498961969,61.6446907,61.5310705,0.457973041
23290,2329,0.515007526,1,1.18343195,0.515937221,60.2206791,55.7608874,1,0.548152034,60.2206791,55.7608874,0.457176968
23300,2330,0.530361995,1,1.15976331,0.517899154,66.0511295,55.1656453,1,0.64355705,66.0511295,55.1656453,0.450827406
23310,2331,0.530842055,1,1.15976331,0.508790744,65.8716058,61.0436043,1,0.640616071,65.8716058,61.0436043,0.452361526
23320,2332,0.53820223,1,1.24852071,0.519820337,60.4269753,60.2058224,1,0.531692311,60.4269753,60.2058224,0.423746881
23330,2333,0.520060359,1,1.18343195,0.512085842,61.414328,54.5377841,1,0.514955902,61.414328,54.5377841,0.442568649
23340,2334,0.517180687,1,1.14201183,0.51786328,66.9880281,55.8656619,1,0.496608886,66.9880281,55.8656619,0.440745684
23350,2335,0.518182871,1,1.14792899,0.516514108,65.4677522,61.3675423,1,0.50433848,65.4677522,61.3675423,0.439081395
23360,2336,0.512551151,1,1.14792899,0.517411108,59.9322284,59.2824816,1,0.521283255,59.9322284,59.2824816,0.455014806
23370,2337,0.509211968,1,1.15384615,0.513712147,62.2621891,53.9464787,1,0.539474592,62.2621891,53.9464787,0.44788552
23380,2338,0.533826301,1,1.15384615,0.522866597,67.0673947,57.1167442,1,0.661964005,67.0673947,57.1167442,0.442829686
23390,2339,0.538412031,1,1.18934911,0.517787661,63.3019892,61.3854387,1,0.575499034,63.3019892,61.3854387,0.437854042
23400,2340,0.52589963,1,1.15976331,0.515463472,59.5022388,57.1445685,1,0.518364147,59.5022388,57.1445685,0.438009772
23410,2341,0.517202344,1,1.13017751,0.512417681,63.9983313,53.4833768,1,0.506618581,63.9983313,53.4833768,0.44601571
23420,2342,0.516475916,1,1.14792899,0.516688289,67.5783938,57.9884227,1,0.491034546,67.5783938,57.9884227,0.442640584
23430,2343,0.517733521,1,1.13017751,0.521148976,63.2536375,61.407737,1,0.475869396,63.2536375,61.407737,0.424091279
23440,2344,0.519501862,1,1.17751479,0.52512069,60.2061383,56.6149011,1,0.543613617,60.2061383,56.6149011,0.43689685
23450,2345,0.516127748,1,1.15384615,0.511195399,65.5511749,54.0370769,1,0.616297731,65.5511749,54.0370769,0.456476037
23460,2346,0.538639499,1,1.21301775,0.518566835,66.9613368,59.788915,1,0.595603628,66.9613368,59.788915,0.455552189
23470,2347,0.533241778,1,1.20118343,0.508921848,61.4168905,60.9121818,1,0.609971846,61.4168905,60.9121818,0.435160399
23480,2348,0.537427728,1,1.23668639,0.517976653,60.8014959,55.4608516,1,0.513988482,60.8014959,55.4608516,0.4219966
23490,2349,0.521017204,1,1.16568047,0.519052237,66.5388145,54.9520962,1,0.506652061,66.5388145,54.9520962,0.443063947
23500,2350,0.518429751,1,1.17159763,0.518186522,66.8000183,60.7511301,1,0.513279248,66.8000183,60.7511301,0.446531812
23510,2351,0.508326572,1,1.14201183,0.510922156,60.6822032,60.7098226,1,0.497218177,60.6822032,60.7098226,0.470611886
23520,2352,0.508828414,1,1.14792899,0.511376896,61.0458193,54.7821592,1,0.511617556,61.0458193,54.7821592,0.456831184
23530,2353,0.511330796,1,1.17159763,0.516966235,66.7201407,55.5579614,1,0.556186148,66.7201407,55.5579614,0.440546949
23540,2354,0.534103039,1,1.15976331,0.517542184,65.0681702,61.0274911,1,0.668439941,65.0681702,61.0274911,0.439504572
23550,2355,0.535428113,1,1.18343195,0.51618957,59.9918309,58.6208028,1,0.530077441,59.9918309,58.6208028,0.432150049
23560,2356,0.518549191,1,1.21301775,0.512373774,62.8503827,53.6106011,1,0.508200146,62.8503827,53.6106011,0.443716416
23570,2357,0.517308378,1,1.14792899,0.513790844,67.6170379,56.6957907,1,0.517585838,67.6170379,56.6957907,0.436767293
23580,2358,0.518118279,1,1.15976331,0.518044251,64.2005213,61.3846957,1,0.502705932,64.2005213,61.3846957,0.446275948
23590,2359,0.512062081,1,1.13017751,0.514501176,59.6632535,57.524425,1,0.518609958,59.6632535,57.524425,0.458247816
23600,2360,0.518333653,1,1.18343195,0.516750624,64.0730361,53.5231431,1,0.593953874,64.0730361,53.5231431,0.458040847
23610,2361,0.531596581,1,1.15976331,0.513491196,67.3119156,58.5293574,1,0.663916214,67.3119156,58.5293574,0.458661042
23620,2362,0.536974773,1,1.17751479,0.512021644,62.1171221,60.9851213,1,0.60573396,62.1171221,60.9851213,0.44200094
23630,2363,0.53249462,1,1.23668639,0.511334022,60.0243453,55.7973357,1,0.528556982,60.0243453,55.7973357,0.430307679
23640,2364,0.532032445,1,1.20710059,0.519553261,65.0404618,53.929064,1,0.511330813,65.0404618,53.929064,0.411749509
23650,2365,0.52304808,1,1.15976331,0.521089798,66.9185262,59.133536,1,0.50641526,66.9185262,59.133536,0.425612365
23660,2366,0.514922826,1,1.12426036,0.515268246,61.27316,60.7618939,1,0.501125477,61.27316,60.7618939,0.451962904
23670,2367,0.515006677,1,1.09467456,0.513086772,60.041545,54.9303547,1,0.52617835,60.041545,54.9303547,0.45847525
23680,2368,0.520743039,1,1.17751479,0.516901374,65.9881359,54.3706285,1,0.584734888,65.9881359,54.3706285,0.45945193
23690,2369,0.512370893,1,1.11242604,0.512961998,66.1365387,60.1297033,1,0.600273719,66.1365387,60.1297033,0.443152804
23700,2370,0.539454943,1,1.17159763,0.513031249,60.5104878,59.2893088,1,0.633542796,60.5104878,59.2893088,0.437574756
23710,2371,0.525810887,1,1.23668639,0.518513251,62.0635425,53.8555378,1,0.504048749,62.0635425,53.8555378,0.434719838
23720,2372,0.522449101,1,1.23668639,0.515766863,67.3928734,55.5785527,1,0.513481063,67.3928734,55.5785527,0.430841671
23730,2373,0.511747267,1,1.13017751,0.512792038,65.1936802,61.0830101,1,0.504929079,65.1936802,61.0830101,0.455963128
23740,2374,0.507192143,1,1.11242604,0.511145259,59.7774512,58.6340439,1,0.487161241,59.7774512,58.6340439,0.457242652
23750,2375,0.517435608,1,1.18343195,0.519311706,62.5147297,53.5489977,1,0.535902161,62.5147297,53.5489977,0.444229196
23760,2376,0.504718555,1,1.14792899,0.510069653,67.4731677,56.6953237,1,0.549700425,67.4731677,56.6953237,0.451725653
23770,2377,0.527177779,1,1.14201183,0.514372648,63.6336676,60.9287747,1,0.654834373,63.6336676,60.9287747,0.439633173
23780,2378,0.536355006,1,1.24852071,0.520631963,60.0553653,56.4982658,1,0.530727996,60.0553653,56.4982658,0.438081187
23790,2379,0.530206115,1,1.20118343,0.513686215,64.5129152,53.1996759,1,0.499001317,64.5129152,53.1996759,0.426562191
23800,2380,0.526995598,1,1.18343195,0.521732646,67.5279572,57.9303487,1,0.51130618,67.5279572,57.9303487,0.431522305
23810,2381,0.510702085,1,1.16568047,0.513070401,62.4064822,61.0872988,1,0.491978037,62.4064822,61.0872988,0.462792145
23820,2382,0.514211279,1,1.13017751,0.515893442,59.4846213,56.2090571,1,0.47919206,59.4846213,56.2090571,0.437411111
23830,2383,0.518394197,1,1.16568047,0.52171921,64.5544893,53.5987525,1,0.513958015,64.5544893,53.5987525,0.43864538
23840,2384,0.521898893,1,1.15976331,0.520528138,66.551362,59.1195786,1,0.604127013,66.551362,59.1195786,0.451604774
23850,2385,0.535527798,1,1.18343195,0.514917286,60.7514555,60.0727263,1,0.6325806,60.7514555,60.0727263,0.452131091
23860,2386,0.531122824,1,1.24852071,0.514808656,60.4539823,54.2945232,1,0.537642095,60.4539823,54.2945232,0.445065793
23870,2387,0.528512266,1,1.22485207,0.515790494,66.1260295,54.2990673,1,0.514673545,66.1260295,54.2990673,0.436311464
23880,2388,0.522822367,1,1.21893491,0.514938148,66.0040121,59.9856557,1,0.512346513,66.0040121,59.9856557,0.437530566
23890,2389,0.518958619,1,1.14201183,0.51919984,60.2914286,59.6653236,1,0.490765839,60.2914286,59.6653236,0.440119821
23900,2390,0.513737432,1,1.15384615,0.515049896,61.0939703,53.8088097,1,0.515680608,61.0939703,53.8088097,0.454711228
23910,2391,0.515211224,1,1.20118343,0.514607906,66.8482047,55.2280275,1,0.564640978,66.8482047,55.2280275,0.455897529
23920,2392,0.528938259,1,1.20118343,0.516677803,64.809508,60.7277618,1,0.634082809,64.809508,60.7277618,0.451187522
23930,2393,0.533658136,1,1.14792899,0.512302191,59.6515896,57.99358,1,0.653187458,59.6515896,57.99358,0.449061299
23940,2394,0.531873658,1,1.22485207,0.511639,62.9268621,53.4240379,1,0.540365654,62.9268621,53.4240379,0.432470031
23950,2395,0.52592909,1,1.18343195,0.518880356,67.1814141,57.0460978,1,0.515066194,67.1814141,57.0460978,0.429810268
23960,2396,0.51405553,1,1.14792899,0.513433649,63.5088636,61.521796,1,0.507405022,63.5088636,61.521796,0.445354069
23970,2397,0.51752564,1,1.15976331,0.519634289,59.4038818,57.6941897,1,0.488525282,59.4038818,57.6941897,0.4317396
23980,2398,0.519613133,1,1.17751479,0.52127413,63.7727404,53.826471,1,0.541707826,63.7727404,53.826471,0.448839224
23990,2399,0.522609653,1,1.20710059,0.515980414,67.1402301,58.7722305,1,0.617237058,67.1402301,58.7722305,0.460257994
24000,2400,0.536519976,1,1.17159763,0.514501748,61.6935513,61.3080671,1,0.649672127,61.6935513,61.3080671,0.462158414
24010,2401,0.532523279,1,1.18934911,0.510691477,59.8458132,55.8262166,1,0.585941384,59.8458132,55.8262166,0.444990666
24020,2402,0.535453461,1,1.24260355,0.5161296,65.2818319,54.5021254,1,0.518076802,65.2818319,54.5021254,0.430381119
24030,2403,0.525163717,1,1.16568047,0.521331921,66.5210643,60.0303145,1,0.512572604,66.5210643,60.0303145,0.435798744
24040,2404,0.520972298,1,1.14792899,0.519671584,60.9113938,61.1146793,1,0.492026094,60.9113938,61.1146793,0.439501129
24050,2405,0.511322097,1,1.10059172,0.512309842,60.2582683,55.1448093,1,0.526999515,60.2582683,55.1448093,0.461960836
24060,2406,0.498182731,1,1.07692308,0.505572981,66.3395273,54.73829,1,0.504272502,66.3395273,54.73829,0.468833182
24070,2407,0.521436429,1,1.19526627,0.519022694,66.1965821,60.3589713,1,0.576805807,66.1965821,60.3589713,0.432499903
24080,2408,0.53575248,1,1.17751479,0.516504303,60.4824397,59.3829216,1,0.66572448,60.4824397,59.3829216,0.44591569
24090,2409,0.534425222,1,1.22485207,0.511114581,62.1562597,53.9336631,1,0.558121433,62.1562597,53.9336631,0.438502639
24100,2410,0.52475522,1,1.21893491,0.513446681,67.2982571,56.1086074,1,0.512400517,67.2982571,56.1086074,0.429465881
24110,2411,0.517459629,1,1.16568047,0.514887474,64.6960515,61.2779925,1,0.515214537,64.6960515,61.2779925,0.445184729
24120,2412,0.509511045,1,1.12426036,0.512029735,59.5389278,58.2281969,1,0.518158978,59.5389278,58.2281969,0.460878874
24130,2413,0.505874095,1,1.1183432,0.508733008,62.8607898,53.2098948,1,0.510750802,62.8607898,53.2098948,0.462934575
24140,2414,0.500756724,1,1.15384615,0.51289598,67.5701646,56.495967,1,0.474708486,67.5701646,56.495967,0.441731948
24150,2415,0.515217354,1,1.12426036,0.516140728,63.7731972,60.6365301,1,0.585619867,63.7731972,60.6365301,0.432149054
24160,2416,0.535888752,1,1.20118343,0.516013951,60.1279936,56.2739932,1,0.663210776,60.1279936,56.2739932,0.437307778
24170,2417,0.534016339,1,1.24260355,0.519647569,64.9058987,53.3727178,1,0.510925614,64.9058987,53.3727178,0.429984008
24180,2418,0.516669933,1,1.19526627,0.511998156,67.6197382,58.5644431,1,0.499345914,67.6197382,58.5644431,0.450633585
24190,2419,0.508318264,1,1.14792899,0.508862649,62.2071804,61.1904951,1,0.497250559,62.2071804,61.1904951,0.462767159
24200,2420,0.512190264,1,1.1183432,0.511055129,59.6894087,56.0347997,1,0.474086752,59.6894087,56.0347997,0.441355961
24210,2421,0.517522403,1,1.12426036,0.522867804,64.8606724,53.9224981,1,0.485241174,64.8606724,53.9224981,0.429694991
24220,2422,0.511129801,1,1.15976331,0.521028589,66.7133221,59.443643,1,0.548432525,66.7133221,59.443643,0.44797607
24230,2423,0.526621654,1,1.13017751,0.513051719,60.8564586,60.2384028,1,0.660931283,60.8564586,60.2384028,0.454656989
24240,2424,0.526290472,1,1.21893491,0.512215372,61.3606884,54.3368308,1,0.536070254,61.3606884,54.3368308,0.455621041
24250,2425,0.515440841,1,1.19526627,0.50962381,67.0821079,55.3640717,1,0.505418021,67.0821079,55.3640717,0.44714654
24260,2426,0.521614412,1,1.21301775,0.515819141,66.0455174,60.9280816,1,0.507399201,66.0455174,60.9280816,0.435365084
24270,2427,0.5237632,1,1.18343195,0.517427907,60.682621,60.0890768,1,0.506640822,60.682621,60.0890768,0.417548401
24280,2428,0.520948792,1,1.14792899,0.524721812,61.7713982,54.6089272,1,0.469673599,61.7713982,54.6089272,0.429789235
24290,2429,0.520639062,1,1.15976331,0.522966157,67.3399216,56.2047332,1,0.535340885,67.3399216,56.2047332,0.445590157
24300,2430,0.528315339,1,1.17751479,0.514805765,64.6013537,61.669258,1,0.644379992,64.6013537,61.669258,0.470180532
24310,2431,0.52643237,1,1.20710059,0.504940625,59.6769299,58.1815003,1,0.648259843,59.6769299,58.1815003,0.464187291
24320,2432,0.535451897,1,1.21893491,0.513521461,63.3964056,53.920604,1,0.567191342,63.3964056,53.920604,0.435072839
24330,2433,0.53629695,1,1.24260355,0.514227083,67.5621724,57.4703103,1,0.527943356,67.5621724,57.4703103,0.421002102
24340,2434,0.529794911,1,1.20118343,0.518816737,63.8084748,61.3688742,1,0.515681695,63.8084748,61.3688742,0.416302733
24350,2435,0.518190869,1,1.18343195,0.518386947,59.8902894,57.4027327,1,0.506272119,59.8902894,57.4027327,0.428858776
24360,2436,0.511393884,1,1.15384615,0.518997693,64.4999939,53.7340355,1,0.525579644,64.4999939,53.7340355,0.453185403
24370,2437,0.514810772,1,1.16568047,0.509089801,67.8192559,58.7489768,1,0.587283349,67.8192559,58.7489768,0.46260861
24380,2438,0.517335135,1,1.14792899,0.510306554,62.5800302,61.5071673,1,0.612960353,62.5800302,61.5071673,0.45545413
24390,2439,0.517724041,1,1.12426036,0.511573813,60.1626494,56.3918949,1,0.62008574,60.1626494,56.3918949,0.435208869
24400,2440,0.54347327,1,1.23076923,0.520574153,65.5558636,54.7388451,1,0.553811002,65.5558636,54.7388451,0.433912524
24410,2441,0.534181916,1,1.26035503,0.5128443,66.9546143,60.0390191,1,0.529279733,66.9546143,60.0390191,0.421664411
24420,2442,0.522042372,1,1.18934911,0.517651467,61.3433106,60.8402608,1,0.518866566,61.3433106,60.8402608,0.436016924
24430,2443,0.509480143,1,1.11242604,0.513766732,60.6643382,54.8800366,1,0.499243785,60.6643382,54.8800366,0.461444068
24440,2444,0.517927397,1,1.10650888,0.515813717,66.5258961,54.7048356,1,0.524073224,66.5258961,54.7048356,0.451090436
24450,2445,0.513037167,1,1.17159763,0.515169676,66.2688147,60.6947044,1,0.540650355,66.2688147,60.6947044,0.461183322
24460,2446,0.536581413,1,1.18343195,0.522189475,60.5392354,59.5283853,1,0.650785216,60.5392354,59.5283853,0.449775617
24470,2447,0.532629506,1,1.13017751,0.511271244,62.1872509,53.8970243,1,0.656409299,62.1872509,53.8970243,0.451350252
24480,2448,0.535830831,1,1.20710059,0.511203006,67.2521545,56.1406358,1,0.549472285,67.2521545,56.1406358,0.426122195
24490,2449,0.528126841,1,1.19526627,0.518940602,64.7223707,61.062992,1,0.510975731,64.7223707,61.062992,0.425721779
24500,2450,0.510058829,1,1.15976331,0.512664118,59.6651779,58.1066469,1,0.50915267,59.6651779,58.1066469,0.450608894
24510,2451,0.510773384,1,1.1183432,0.510641584,63.0038953,53.1739315,1,0.523859276,63.0038953,53.1739315,0.458184705
24520,2452,0.499735554,1,1.06508876,0.504197331,67.9798005,56.690548,1,0.481364524,67.9798005,56.690548,0.468702247
24530,2453,0.509261393,1,1.14792899,0.518285536,64.4403094,61.1035982,1,0.50043792,64.4403094,61.1035982,0.435163095
24540,2454,0.521303372,1,1.17751479,0.522444381,60.3529209,57.1780253,1,0.60111175,60.3529209,57.1780253,0.435936506
24550,2455,0.537303997,1,1.18934911,0.514537429,64.8463745,53.7503594,1,0.649859089,64.8463745,53.7503594,0.434734628
24560,2456,0.525145425,1,1.21301775,0.516041657,67.5027418,58.7880399,1,0.508370231,67.5027418,58.7880399,0.43808697
24570,2457,0.517308883,1,1.17159763,0.510334944,62.2695393,61.2603951,1,0.498686023,62.2695393,61.2603951,0.445217502
24580,2458,0.516701344,1,1.15384615,0.51771055,60.0432814,55.8766924,1,0.503607499,60.0432814,55.8766924,0.448141984
24590,2459,0.511876057,1,1.11242604,0.513022569,65.4031699,53.6148044,1,0.480701628,65.4031699,53.6148044,0.44750817
24600,2460,0.516653985,1,1.13017751,0.518563796,67.0798152,59.1254973,1,0.517194555,67.0798152,59.1254973,0.443085446
24610,2461,0.513948941,1,1.14792899,0.518938766,61.2856576,60.3368813,1,0.571972493,61.2856576,60.3368813,0.455341173
24620,2462,0.526049458,1,1.15976331,0.511439809,60.9781508,54.498031,1,0.662670353,60.9781508,54.498031,0.449764785
24630,2463,0.533423448,1,1.18934911,0.51478933,66.6625362,55.2774444,1,0.55948326,66.6625362,55.2774444,0.441351629
24640,2464,0.520618682,1,1.16568047,0.511181516,65.3453803,60.8525421,1,0.513382701,65.3453803,60.8525421,0.440659901
24650,2465,0.516102018,1,1.15976331,0.51412012,59.75537,59.2481987,1,0.517341398,59.75537,59.2481987,0.447359993
24660,2466,0.512791303,1,1.14201183,0.512048003,61.5400285,53.6364242,1,0.499341768,61.5400285,53.6364242,0.452978436
24670,2467,0.512010194,1,1.10059172,0.51310678,66.9897786,55.675595,1,0.485095894,66.9897786,55.675595,0.447597091
24680,2468,0.516292309,1,1.16568047,0.521645831,64.6488104,60.8804308,1,0.51723324,64.6488104,60.8804308,0.439004037
24690,2469,0.522797682,1,1.14792899,0.521471525,59.6413461,58.1358781,1,0.604884304,59.6413461,58.1358781,0.439252112
24700,2470,0.53964704,1,1.15384615,0.517090657,63.5173559,53.6414304,1,0.593758262,63.5173559,53.6414304,0.456533842
24710,2471,0.526119657,1,1.25443787,0.51825952,67.2448002,57.9634243,1,0.513954152,67.2448002,57.9634243,0.439024419
24720,2472,0.515602083,1,1.20710059,0.505730882,62.7982843,61.7996435,1,0.50502606,62.7982843,61.7996435,0.451742718
24730,2473,0.527477334,1,1.19526627,0.515077663,59.3321914,57.5220339,1,0.522419737,59.3321914,57.5220339,0.423508477
24740,2474,0.522116058,1,1.18934911,0.522756223,63.8633509,54.0825956,1,0.484064599,63.8633509,54.0825956,0.437591194
24750,2475,0.509208465,1,1.07692308,0.515300388,67.285892,58.7826206,1,0.472575962,67.285892,58.7826206,0.447240208
24760,2476,0.521548947,1,1.15976331,0.522532163,62.440946,61.5823448,1,0.546019959,62.440946,61.5823448,0.430439145
24770,2477,0.508648264,1,1.14792899,0.516249408,59.7831749,56.368202,1,0.563380088,59.7831749,56.368202,0.450187548
24780,2478,0.54381495,1,1.19526627,0.520659139,65.324874,54.8886494,1,0.646619805,65.324874,54.8886494,0.441216076
24790,2479,0.532500779,1,1.23668639,0.514656959,66.2039392,60.5337224,1,0.527457422,66.2039392,60.5337224,0.439469861
24800,2480,0.528908449,1,1.21301775,0.515892347,60.6511758,61.1161069,1,0.514906983,60.6511758,61.1161069,0.429478515
24810,2481,0.518317656,1,1.15384615,0.516708225,60.3193989,55.3518244,1,0.507648885,60.3193989,55.3518244,0.444140208
24820,2482,0.51374676,1,1.12426036,0.514643599,66.1805383,55.2978507,1,0.503202435,66.1805383,55.2978507,0.450875989
24830,2483,0.510838858,1,1.15384615,0.514502403,65.7776136,61.3285686,1,0.51065894,65.7776136,61.3285686,0.464935618
24840,2484,0.505232733,1,1.15976331,0.512065549,59.9213183,60.6893958,1,0.535237758,59.9213183,60.6893958,0.453159436
24850,2485,0.520765887,1,1.14792899,0.51935966,61.2951636,55.2276691,1,0.603867866,61.2951636,55.2276691,0.433220423
24860,2486,0.541182431,1,1.20710059,0.517571024,66.6114762,57.3647151,1,0.620872912,66.6114762,57.3647151,0.440750738
24870,2487,0.530533266,1,1.23076923,0.517373011,63.7990758,62.2150022,1,0.509180141,63.7990758,62.2150022,0.431283213
24880,2488,0.513745103,1,1.18934911,0.510390461,58.9038171,58.9619422,1,0.508738691,58.9038171,58.9619422,0.452121601
24890,2489,0.506961459,1,1.14792899,0.508543895,62.5771776,54.1567005,1,0.512144782,62.5771776,54.1567005,0.465266515
24900,2490,0.508996466,1,1.0887574,0.506319778,67.1872326,57.9302704,1,0.486772442,67.1872326,57.9302704,0.458273301
24910,2491,0.510892473,1,1.13017751,0.516794663,63.3055729,62.2928481,1,0.483326792,63.3055729,62.2928481,0.449189715
24920,2492,0.508220513,1,1.17751479,0.520077769,59.1833247,58.3791228,1,0.517453632,59.1833247,58.3791228,0.43724647
24930,2493,0.528863599,1,1.16568047,0.521563137,63.6180225,54.9084176,1,0.644780297,63.6180225,54.9084176,0.433182385
24940,2494,0.539966499,1,1.22485207,0.52092859,66.3240628,59.9644548,1,0.558897219,66.3240628,59.9644548,0.441126618
24950,2495,0.52484358,1,1.20710059,0.509869159,60.9711608,62.2168538,1,0.520753025,60.9711608,62.2168538,0.446729474
24960,2496,0.52158945,1,1.19526627,0.514026012,59.14882,56.8113243,1,0.516144477,59.14882,56.8113243,0.438803343
24970,2497,0.51769992,1,1.16568047,0.515730735,64.7342231,55.0592796,1,0.498964839,64.7342231,55.0592796,0.450288453
24980,2498,0.517841692,1,1.14792899,0.519369251,66.2978484,60.4284653,1,0.480468801,66.2978484,60.4284653,0.430171831
24990,2499,0.518380894,1,1.16568047,0.523223882,60.7680564,61.7039357,1,0.502766761,60.7680564,61.7039357,0.4365371
25000,2500,0.526388941,1,1.19526627,0.519880263,60.2692227,55.8166259,1,0.612095729,60.2692227,55.8166259,0.45449271
25010,2501,0.532984034,1,1.16568047,0.512863166,66.3051386,56.2911725,1,0.661297381,66.3051386,56.2911725,0.465733983
25020,2502,0.532903862,1,1.20710059,0.511365714,65.0399887,62.0366916,1,0.571324162,65.0399887,62.0366916,0.452550917
25030,2503,0.526579436,1,1.19526627,0.504593264,59.485535,60.4928117,1,0.531523463,59.485535,60.4928117,0.443463517
25040,2504,0.529907842,1,1.22485207,0.519631748,61.2934753,55.3774947,1,0.513910438,61.2934753,55.3774947,0.417339527
25050,2505,0.52234127,1,1.18343195,0.519006283,66.673552,57.2572209,1,0.500338227,66.673552,57.2572209,0.43838458
25060,2506,0.519929438,1,1.13609467,0.520001468,64.6144874,62.636974,1,0.502233843,64.6144874,62.636974,0.443102902
25070,2507,0.516310469,1,1.15976331,0.51690448,59.2080356,59.9978244,1,0.537754078,59.2080356,59.9978244,0.462785695
25080,2508,0.520605478,1,1.16568047,0.517790478,62.4509328,55.003389,1,0.602752496,62.4509328,55.003389,0.458068796
25090,2509,0.539303752,1,1.17159763,0.519899806,66.919722,58.9031223,1,0.664627037,66.919722,58.9031223,0.456238782
25100,2510,0.535139092,1,1.21893491,0.513107326,62.695593,62.8121354,1,0.563700261,62.695593,62.8121354,0.442716528
25110,2511,0.532824803,1,1.24852071,0.510684691,59.1218183,58.4243439,1,0.511696579,59.1218183,58.4243439,0.435309722
25120,2512,0.526057101,1,1.18934911,0.519175895,63.5447223,55.1179304,1,0.508054086,63.5447223,55.1179304,0.424782927
25130,2513,0.522407657,1,1.16568047,0.521309316,66.8080861,59.6702854,1,0.503341336,66.8080861,59.6702854,0.4308618
25140,2514,0.512182427,1,1.10650888,0.514310402,61.7517049,62.9083946,1,0.499454346,61.7517049,62.9083946,0.461873867
25150,2515,0.508229536,1,1.10059172,0.512275373,58.830945,57.7455162,1,0.495072024,58.830945,57.7455162,0.456291659
25160,2516,0.517039461,1,1.15384615,0.519760804,64.0446318,55.3936188,1,0.56481244,64.0446318,55.3936188,0.439970087
25170,2517,0.519085291,1,1.14792899,0.514494528,65.9475222,60.8580056,1,0.627109252,65.9475222,60.8580056,0.445095001
25180,2518,0.541965154,1,1.24260355,0.520046153,60.3824844,61.7218663,1,0.570832632,60.3824844,61.7218663,0.433206705
25190,2519,0.529251996,1,1.21301775,0.518459792,60.0112749,56.0783207,1,0.495322907,60.0112749,56.0783207,0.435056983
25200,2520,0.519562542,1,1.17159763,0.512518487,65.8237817,55.8611981,1,0.5103856,65.8237817,55.8611981,0.447427742
25210,2521,0.518639067,1,1.17159763,0.51785504,65.8019647,61.6321871,1,0.496539265,65.8019647,61.6321871,0.443925401
25220,2522,0.511872142,1,1.10650888,0.512855871,59.8869851,61.2834741,1,0.506317904,59.8869851,61.2834741,0.455788435
25230,2523,0.511608761,1,1.18343195,0.513796639,60.710931,55.3829474,1,0.52372527,60.710931,55.3829474,0.458290511
25240,2524,0.512407042,1,1.13017751,0.516168117,66.3610506,56.5589507,1,0.563141241,66.3610506,56.5589507,0.443939037
25250,2525,0.535806426,1,1.16568047,0.518967016,64.3245453,61.9028152,1,0.664691786,64.3245453,61.9028152,0.439904786
25260,2526,0.53950848,1,1.17751479,0.515969584,59.3905005,59.3522752,1,0.578669987,59.3905005,59.3522752,0.427252491
25270,2527,0.530340524,1,1.24260355,0.520266475,62.4612174,54.7090017,1,0.521266067,62.4612174,54.7090017,0.428215586
25280,2528,0.515576645,1,1.17159763,0.51367069,67.2420384,58.0842328,1,0.508723171,67.2420384,58.0842328,0.450170476
25290,2529,0.503723883,1,1.10650888,0.508975186,63.4467546,62.7743921,1,0.517676492,63.4467546,62.7743921,0.464106786
25300,2530,0.508767516,1,1.10059172,0.506557335,59.0686473,58.676885,1,0.507961599,59.0686473,58.676885,0.461265232
25310,2531,0.499529299,1,1.11242604,0.509819791,63.2308081,54.4706111,1,0.472223384,63.2308081,54.4706111,0.455189164
25320,2532,0.516279511,1,1.15384615,0.522917245,66.7830257,58.6301416,1,0.558924378,66.7830257,58.6301416,0.420762513
25330,2533,0.524910619,1,1.14792899,0.517048347,62.231698,61.9064739,1,0.658558954,62.231698,61.9064739,0.431379628
25340,2534,0.541925922,1,1.21893491,0.52131084,59.8004239,56.9969817,1,0.554342636,59.8004239,56.9969817,0.421424796
25350,2535,0.516233488,1,1.19526627,0.512044103,65.3014363,55.0414582,1,0.512788998,65.3014363,55.0414582,0.44909646
25360,2536,0.513514443,1,1.16568047,0.511180101,67.0446285,60.6728065,1,0.504780758,67.0446285,60.6728065,0.453460087
25370,2537,0.520717176,1,1.17159763,0.518773482,61.7756379,62.4305448,1,0.496435569,61.7756379,62.4305448,0.427265326
25380,2538,0.519688609,1,1.17159763,0.524199803,60.0634549,57.1420809,1,0.469550302,60.0634549,57.1420809,0.427594214
25390,2539,0.512909712,1,1.14201183,0.519196884,65.6728749,55.8260488,1,0.51862512,65.6728749,55.8260488,0.443210009
25400,2540,0.525490758,1,1.16568047,0.520026536,66.1306091,61.7092697,1,0.614965897,66.1306091,61.7092697,0.453923123
25410,2541,0.536942002,1,1.19526627,0.517090419,60.2577116,61.163043,1,0.652733839,60.2577116,61.163043,0.453711119
25420,2542,0.528924519,1,1.22485207,0.509273696,61.4385922,55.4539825,1,0.555023884,61.4385922,55.4539825,0.448454616
25430,2543,0.530276523,1,1.21301775,0.516828305,66.7597588,56.9743997,1,0.519786782,66.7597588,56.9743997,0.425701531
25440,2544,0.5207858,1,1.18934911,0.515579535,65.141381,62.4807653,1,0.512941302,65.141381,62.4807653,0.441482229
25450,2545,0.518631312,1,1.1183432,0.518429435,59.6344262,60.7248212,1,0.488699753,59.6344262,60.7248212,0.444625306
25460,2546,0.518341341,1,1.09467456,0.518426252,61.5956453,55.3497146,1,0.491811971,61.5956453,55.3497146,0.440132789
25470,2547,0.513396514,1,1.12426036,0.52102154,66.931338,57.7356872,1,0.520093245,66.931338,57.7356872,0.44960523
25480,2548,0.530713033,1,1.18934911,0.523548932,63.9351615,62.7522323,1,0.630765334,63.9351615,62.7522323,0.449475688
25490,2549,0.537857567,1,1.18934911,0.515935691,59.4144193,58.9633353,1,0.642197091,59.4144193,58.9633353,0.453734341
25500,2550,0.53063212,1,1.27218935,0.514819314,63.6971238,55.0769972,1,0.521531304,63.6971238,55.0769972,0.444860074
25510,2551,0.518148588,1,1.19526627,0.509112142,67.3941454,59.5290048,1,0.507141495,67.3941454,59.5290048,0.445147012
25520,2552,0.521689857,1,1.18343195,0.515081397,62.9460115,62.8794766,1,0.510213603,62.9460115,62.8794766,0.42836939
25530,2553,0.511546061,1,1.10650888,0.511791219,59.5656383,57.9728435,1,0.495052358,59.5656383,57.9728435,0.458334852
25540,2554,0.515445335,1,1.13609467,0.515273129,64.6211818,55.0484479,1,0.511091768,64.6211818,55.0484479,0.449263759
25550,2555,0.506471146,1,1.15976331,0.513375191,67.1919305,60.4404766,1,0.541862377,67.1919305,60.4404766,0.459500126
25560,2556,0.522557956,1,1.14792899,0.516151538,61.9195407,62.4171881,1,0.604421419,61.9195407,62.4171881,0.433135552
25570,2557,0.540700269,1,1.20710059,0.517901984,60.8341396,56.708784,1,0.62120442,60.8341396,56.708784,0.446975198
25580,2558,0.535502102,1,1.21893491,0.517149302,66.373549,56.1098894,1,0.52583191,66.373549,56.1098894,0.428591551
25590,2559,0.527161864,1,1.21893491,0.519116722,66.6709194,61.7857084,1,0.515685785,66.6709194,61.7857084,0.437200279
25600,2560,0.520463509,1,1.18934911,0.517149574,60.8507888,61.9204073,1,0.496787537,60.8507888,61.9204073,0.447822236
25610,2561,0.514926027,1,1.10059172,0.514495579,60.8542357,56.024831,1,0.500685802,60.8542357,56.024831,0.453505942
25620,2562,0.515192853,1,1.12426036,0.518046016,66.6748747,56.4785217,1,0.504911561,66.6748747,56.4785217,0.449099518
25630,2563,0.525873735,1,1.16568047,0.519497001,65.5314594,62.2748272,1,0.587784188,65.5314594,62.2748272,0.45446213
25640,2564,0.524908221,1,1.18343195,0.513666769,59.880473,60.4982687,1,0.650995397,59.880473,60.4982687,0.455666542
25650,2565,0.537679376,1,1.18343195,0.514249542,62.3304788,55.3041674,1,0.627032603,62.3304788,55.3041674,0.441763655
25660,2566,0.527859154,1,1.23076923,0.515890121,67.1610898,58.3861903,1,0.512422088,67.1610898,58.3861903,0.44077438
25670,2567,0.522034666,1,1.17751479,0.511172906,64.0595622,63.0768632,1,0.519803891,64.0595622,63.0768632,0.432564161
25680,2568,0.5200948,1,1.20118343,0.520937108,59.5346101,59.5891227,1,0.505801126,59.5346101,59.5891227,0.439469328
25690,2569,0.511842444,1,1.10650888,0.514285101,63.0056422,55.0050628,1,0.477069371,63.0056422,55.0050628,0.442302131
25700,2570,0.514741849,1,1.14792899,0.519949411,67.1940238,58.8867083,1,0.512140672,67.1940238,58.8867083,0.439268572
25710,2571,0.525833883,1,1.17751479,0.518730279,62.7955242,62.7599087,1,0.603670382,62.7955242,62.7599087,0.450827514
25720,2572,0.537717075,1,1.16568047,0.518807201,59.4967936,57.9317415,1,0.664567634,59.4967936,57.9317415,0.449804837
25730,2573,0.536014452,1,1.20710059,0.515178584,64.7516725,55.3478435,1,0.569442953,64.7516725,55.3478435,0.450445415
25740,2574,0.527302513,1,1.20710059,0.516318403,66.8128909,60.7420275,1,0.51560877,66.8128909,60.7420275,0.444198911
25750,2575,0.524047504,1,1.20710059,0.518123569,61.4461734,62.6295817,1,0.513703345,61.4461734,62.6295817,0.437614011
25760,2576,0.517094538,1,1.13609467,0.514027208,59.7002012,57.072736,1,0.493156345,59.7002012,57.072736,0.448052678
25770,2577,0.509214315,1,1.10650888,0.515372273,65.4158506,55.5575757,1,0.494327976,65.4158506,55.5575757,0.454851288
25780,2578,0.507039713,1,1.09467456,0.516617866,66.7515088,61.1318268,1,0.488962456,66.7515088,61.1318268,0.44092599
25790,2579,0.529526924,1,1.16568047,0.522678668,61.0847323,61.5688025,1,0.613469604,61.0847323,61.5688025,0.437199967
25800,2580,0.538291454,1,1.16568047,0.516624065,61.4527073,55.6123844,1,0.654145189,61.4527073,55.6123844,0.459059512
25810,2581,0.529471489,1,1.24852071,0.512036036,67.1581815,56.8849617,1,0.532433155,67.1581815,56.8849617,0.449667131
25820,2582,0.514215714,1,1.18343195,0.505624183,65.3174472,62.5372437,1,0.512437514,65.3174472,62.5372437,0.45726609
25830,2583,0.52134769,1,1.18934911,0.516491693,60.0471862,60.5562727,1,0.504712472,60.0471862,60.5562727,0.4330974
25840,2584,0.521476024,1,1.16568047,0.518067881,61.7388315,55.2980937,1,0.497071974,61.7388315,55.2980937,0.424891987
25850,2585,0.516093056,1,1.1183432,0.524645434,66.9989184,57.147229,1,0.46443326,66.9989184,57.147229,0.428895757
25860,2586,0.51531993,1,1.16568047,0.52238061,64.7839281,62.3182661,1,0.517372057,64.7839281,62.3182661,0.432727733
25870,2587,0.528378015,1,1.17751479,0.514919498,59.8734431,58.8310462,1,0.653482038,59.8734431,58.8310462,0.463288765
25880,2588,0.538334948,1,1.16568047,0.516353245,63.8605549,54.6944482,1,0.637593412,63.8605549,54.6944482,0.441946364
25890,2589,0.540028695,1,1.24852071,0.519141539,67.5616211,58.9115472,1,0.555064643,67.5616211,58.9115472,0.431605063
25900,2590,0.535264458,1,1.20118343,0.517388526,63.3087601,62.3879165,1,0.521613364,63.3087601,62.3879165,0.422530905
25910,2591,0.521212769,1,1.20710059,0.51624415,59.9753852,57.7315308,1,0.514705585,59.9753852,57.7315308,0.440503454
25920,2592,0.516532474,1,1.14792899,0.518450598,64.8536298,54.4793789,1,0.49085928,64.8536298,54.4793789,0.450993396
25930,2593,0.521404774,1,1.14792899,0.521113551,67.8053356,59.3796404,1,0.503784638,67.8053356,59.3796404,0.440045251
25940,2594,0.505603293,1,1.10650888,0.512489559,62.4730382,62.1498693,1,0.503507839,62.4730382,62.1498693,0.462227456
25950,2595,0.526542409,1,1.14792899,0.519909712,60.608355,56.7178798,1,0.620932305,60.608355,56.7178798,0.441779307
25960,2596,0.52718934,1,1.14201183,0.511991723,66.2242001,55.3775588,1,0.671248534,66.2242001,55.3775588,0.444121207
25970,2597,0.536246567,1,1.26627219,0.519191763,66.7207907,60.9989897,1,0.522697958,66.7207907,60.9989897,0.434101716
25980,2598,0.527227463,1,1.22485207,0.513843005,61.1448149,61.2313082,1,0.511053196,61.1448149,61.2313082,0.429293339
25990,2599,0.522291883,1,1.20118343,0.520414267,61.1507314,55.5945566,1,0.501244961,61.1507314,55.5945566,0.433596515
26000,2600,0.516338779,1,1.14792899,0.515818175,66.9342221,55.8202469,1,0.51036614,66.9342221,55.8202469,0.445222508
26010,2601,0.510785074,1,1.10650888,0.514312109,66.201936,61.699337,1,0.498391877,66.201936,61.699337,0.455732348
26020,2602,0.517076833,1,1.15384615,0.517689944,60.4559926,60.4424199,1,0.557273488,60.4559926,60.4424199,0.452447034
26030,2603,0.521016428,1,1.15976331,0.515726406,62.3194216,54.917901,1,0.62342061,62.3194216,54.917901,0.448486452
26040,2604,0.539690796,1,1.19526627,0.515472516,67.4023049,57.4712433,1,0.65980497,67.4023049,57.4712433,0.437551412
26050,2605,0.530875962,1,1.24852071,0.516328291,64.0851779,62.1613833,1,0.524246918,64.0851779,62.1613833,0.441894419
26060,2606,0.533759119,1,1.26627219,0.515835739,59.6019435,59.0933642,1,0.516949823,59.6019435,59.0933642,0.417885152
26070,2607,0.520269458,1,1.15976331,0.513768506,63.0192152,54.6075402,1,0.514603783,63.0192152,54.6075402,0.433783156
26080,2608,0.519227552,1,1.15384615,0.519610009,67.1866497,58.4086768,1,0.517426605,67.1866497,58.4086768,0.433890815
26090,2609,0.499909104,1,1.11242604,0.506724859,62.7342011,62.6489908,1,0.522702351,62.7342011,62.6489908,0.47296472
26100,2610,0.520493774,1,1.16568047,0.513944752,59.2850901,57.9432088,1,0.587043774,59.2850901,57.9432088,0.448803479
26110,2611,0.516450025,1,1.14201183,0.5150684,64.0924774,54.8109515,1,0.603566873,64.0924774,54.8109515,0.441366955
26120,2612,0.544244693,1,1.18934911,0.51759142,66.4668636,59.9829472,1,0.622495015,66.4668636,59.9829472,0.437767667
26130,2613,0.529741806,1,1.22485207,0.512808428,61.1239334,61.7554967,1,0.527318866,61.1239334,61.7554967,0.433021822
26140,2614,0.52441046,1,1.18343195,0.520212307,59.6700679,56.3527574,1,0.512561295,59.6700679,56.3527574,0.430379748
26150,2615,0.514766864,1,1.12426036,0.513483088,65.3491073,54.9977017,1,0.515718129,65.3491073,54.9977017,0.449112635
26160,2616,0.507526943,1,1.14201183,0.510686233,66.3434033,60.9375016,1,0.495875155,66.3434033,60.9375016,0.463265027
26170,2617,0.510644851,1,1.13609467,0.511182897,60.5157331,61.7248231,1,0.499043181,60.5157331,61.7248231,0.45235488
26180,2618,0.518922871,1,1.19526627,0.520120344,60.4753331,55.8719972,1,0.576374602,60.4753331,55.8719972,0.450228107
26190,2619,0.492353581,1,1.08284024,0.510642416,66.0821201,55.9763643,1,0.530260369,66.0821201,55.9763643,0.43136602
26200,2620,0.541536243,1,1.19526627,0.517522034,64.7287064,61.4092329,1,0.624292033,64.7287064,61.4092329,0.43068536
26210,2621,0.533137157,1,1.23668639,0.516854886,59.4666994,59.7342331,1,0.523265007,59.4666994,59.7342331,0.424782168
26220,2622,0.52545492,1,1.18343195,0.516775412,61.5962622,54.4975213,1,0.517740473,61.5962622,54.4975213,0.43485826
26230,2623,0.515789367,1,1.13609467,0.514751077,66.9917329,56.9291466,1,0.499133003,66.9917329,56.9291466,0.455238452
26240,2624,0.517803244,1,1.12426036,0.517984382,64.6354109,62.0862653,1,0.480683566,64.6354109,62.0862653,0.436148597
26250,2625,0.511042144,1,1.1183432,0.520598694,59.4441538,59.6101983,1,0.475308485,59.4441538,59.6101983,0.442425121
26260,2626,0.514608733,1,1.18343195,0.520622852,62.4856999,54.76895,1,0.552042196,62.4856999,54.76895,0.439800167
26270,2627,0.536274877,1,1.17159763,0.516442611,66.8069466,58.8808166,1,0.66258856,66.8069466,58.8808166,0.458842253
26280,2628,0.532807608,1,1.20710059,0.513059948,62.2910578,62.4874727,1,0.59252619,62.2910578,62.4874727,0.444567608
26290,2629,0.524102419,1,1.21301775,0.51495967,59.2158338,57.5395621,1,0.505235787,59.2158338,57.5395621,0.448131042
26300,2630,0.518531791,1,1.18343195,0.507056129,64.1135736,54.5327678,1,0.516539319,64.1135736,54.5327678,0.44208133
26310,2631,0.526506138,1,1.21893491,0.520697338,66.7498657,59.3788233,1,0.5084099,66.7498657,59.3788233,0.424363703
26320,2632,0.511112156,1,1.0887574,0.517797351,61.5836514,62.1630908,1,0.461119058,61.5836514,62.1630908,0.451440273
26330,2633,0.512508674,1,1.13017751,0.522253429,59.2832888,57.2972524,1,0.493147997,59.2832888,57.2972524,0.414015204
26340,2634,0.519177475,1,1.18343195,0.520383308,64.8154648,55.4808242,1,0.584780596,64.8154648,55.4808242,0.447903617
26350,2635,0.539720683,1,1.17159763,0.518104006,65.698847,61.2106483,1,0.664519945,65.698847,61.2106483,0.445963145
26360,2636,0.535147309,1,1.19526627,0.514449106,59.9192911,61.3238031,1,0.574383264,59.9192911,61.3238031,0.444666422
26370,2637,0.534445312,1,1.21301775,0.514285601,60.207324,55.7701245,1,0.528683093,60.207324,55.7701245,0.42778021
26380,2638,0.521630161,1,1.17751479,0.51810171,65.8692909,56.271707,1,0.498127267,65.8692909,56.271707,0.43724158
26390,2639,0.524440601,1,1.19526627,0.519697692,65.4632848,61.7872099,1,0.511154072,65.4632848,61.7872099,0.425417392
26400,2640,0.515570336,1,1.14792899,0.518504511,59.7329358,60.8038284,1,0.512703006,59.7329358,60.8038284,0.447239653
26410,2641,0.51105394,1,1.18343195,0.513754307,61.2441557,55.0377992,1,0.541450342,61.2441557,55.0377992,0.458521409
26420,2642,0.527638115,1,1.16568047,0.516764702,66.7646309,57.3046148,1,0.626740275,66.7646309,57.3046148,0.459058078
26430,2643,0.515686583,1,1.09467456,0.507478686,64.1547382,62.4506421,1,0.63716169,64.1547382,62.4506421,0.443847731
26440,2644,0.54421765,1,1.21301775,0.516958225,59.6512917,59.2068086,1,0.630525665,59.6512917,59.2068086,0.426929915
26450,2645,0.528385226,1,1.26035503,0.515625,63.2957273,54.9071108,1,0.511138545,63.2957273,54.9071108,0.433571326
26460,2646,0.526644163,1,1.20710059,0.51849425,67.417285,58.4734711,1,0.517019498,67.417285,58.4734711,0.419256627
26470,2647,0.513060841,1,1.13017751,0.513442141,63.3329369,62.7097872,1,0.50086583,63.3329369,62.7097872,0.452659946
26480,2648,0.513372666,1,1.10650888,0.515828538,59.4526465,58.2755546,1,0.500214338,59.4526465,58.2755546,0.453253019
26490,2649,0.515979595,1,1.18343195,0.517709935,64.3949911,54.9326473,1,0.57540639,64.3949911,54.9326473,0.458978796
26500,2650,0.522301089,1,1.17159763,0.513200197,67.0979115,60.2403751,1,0.64636527,67.0979115,60.2403751,0.458178498
26510,2651,0.534911485,1,1.19526627,0.513680572,61.5186355,61.9908792,1,0.617310056,61.5186355,61.9908792,0.449803277
26520,2652,0.533369051,1,1.23076923,0.51254797,60.3428704,56.5271292,1,0.53443432,60.3428704,56.5271292,0.42990977
26530,2653,0.527774082,1,1.17751479,0.517992656,65.7929547,55.5413313,1,0.508971001,65.7929547,55.5413313,0.426040089
26540,2654,0.523819806,1,1.15976331,0.518903115,66.8118287,60.9254925,1,0.510857371,66.8118287,60.9254925,0.421516676
26550,2655,0.519451605,1,1.13609467,0.520971235,61.1964516,61.6270419,1,0.501277507,61.1964516,61.6270419,0.435310072
26560,2656,0.510171483,1,1.14201183,0.514956524,60.7457509,55.7141098,1,0.497405344,60.7457509,55.7141098,0.456160315
26570,2657,0.5206658,1,1.20118343,0.518320103,66.5689231,55.9544398,1,0.570704739,66.5689231,55.9544398,0.448317648
26580,2658,0.536355364,1,1.18343195,0.518687947,65.465578,61.7254758,1,0.661265481,65.465578,61.7254758,0.451966292
26590,2659,0.535361514,1,1.14201183,0.510751613,60.0616828,60.2461051,1,0.656007734,60.0616828,60.2461051,0.430979492
26600,2660,0.540799571,1,1.23668639,0.516386734,61.9617952,55.0534833,1,0.548561427,61.9617952,55.0534833,0.425334877
26610,2661,0.518152452,1,1.18343195,0.513741679,67.0700593,57.4447652,1,0.511248689,67.0700593,57.4447652,0.433866548
26620,2662,0.51496093,1,1.18343195,0.51671274,64.2370781,62.5470088,1,0.510355619,64.2370781,62.5470088,0.448921609
26630,2663,0.502893107,1,1.07100592,0.506485801,59.0804884,59.4153604,1,0.50534364,59.0804884,59.4153604,0.464080426
26640,2664,0.505109767,1,1.11242604,0.511447844,62.3291459,54.4961307,1,0.483636808,62.3291459,54.4961307,0.453471789
26650,2665,0.519296399,1,1.15384615,0.520876879,66.7590003,58.1306164,1,0.569823635,66.7590003,58.1306164,0.440770546
26660,2666,0.527939453,1,1.14201183,0.518221146,62.5460681,62.08255,1,0.66220041,62.5460681,62.08255,0.444336991
26670,2667,0.541182659,1,1.21301775,0.51820855,59.280337,57.4551248,1,0.5698776,59.280337,57.4551248,0.435673074
26680,2668,0.52644068,1,1.21893491,0.514479584,64.2699129,54.6670931,1,0.522441026,64.2699129,54.6670931,0.439667633
26690,2669,0.516961581,1,1.17159763,0.51589198,66.7681919,59.9739218,1,0.505158074,66.7681919,59.9739218,0.451190592
26700,2670,0.514087391,1,1.15384615,0.509682686,61.5086211,62.4725314,1,0.50312018,61.5086211,62.4725314,0.447915187
26710,2671,0.516366623,1,1.17159763,0.517432488,59.3373484,57.0989189,1,0.480512188,59.3373484,57.0989189,0.445823059
26720,2672,0.503041561,1,1.10650888,0.515249902,64.8027104,54.947125,1,0.467013809,64.8027104,54.947125,0.451823384
26730,2673,0.518143184,1,1.18343195,0.520623565,66.0405486,60.3772775,1,0.573047267,66.0405486,60.3772775,0.428419414
26740,2674,0.533471232,1,1.19526627,0.516802434,60.1789012,60.8240375,1,0.668118185,60.1789012,60.8240375,0.452203705
26750,2675,0.54206912,1,1.25443787,0.519998055,60.5837931,55.1721218,1,0.556769366,60.5837931,55.1721218,0.435876918
26760,2676,0.529820257,1,1.20710059,0.516138049,66.3252814,55.9252875,1,0.519546235,66.3252814,55.9252875,0.445436737
26770,2677,0.525125165,1,1.19526627,0.515751173,65.4350118,61.4876756,1,0.509893705,65.4350118,61.4876756,0.433321706
26780,2678,0.521194672,1,1.14201183,0.520420264,59.8660817,60.4882753,1,0.493256003,59.8660817,60.4882753,0.435222746
26790,2679,0.521682562,1,1.17751479,0.522580174,60.9491972,55.0255474,1,0.478701916,60.9491972,55.0255474,0.428389961
26800,2680,0.51597897,1,1.15976331,0.515484351,66.5970679,56.9527931,1,0.557622916,66.5970679,56.9527931,0.459049179
26810,2681,0.515517551,1,1.17751479,0.5136135,63.9720395,62.2618351,1,0.605952766,63.9720395,62.2618351,0.455581439
26820,2682,0.541027125,1,1.18934911,0.519233815,59.1917741,58.8414814,1,0.639979203,59.1917741,58.8414814,0.452146471
26830,2683,0.528402674,1,1.17751479,0.504053249,62.9798767,54.3832287,1,0.609236415,62.9798767,54.3832287,0.450021289
26840,2684,0.536462203,1,1.20118343,0.51661132,66.7031699,58.4333777,1,0.513647667,66.7031699,58.4333777,0.423193133
26850,2685,0.518342919,1,1.19526627,0.515680675,62.3685134,62.2231869,1,0.505537378,62.3685134,62.2231869,0.442905283
26860,2686,0.52442252,1,1.19526627,0.519113694,58.7644302,58.2742394,1,0.507364646,58.7644302,58.2742394,0.411258724
26870,2687,0.515684494,1,1.16568047,0.520781154,63.2610336,54.69536,1,0.492452745,63.2610336,54.69536,0.442075664
26880,2688,0.517673235,1,1.21893491,0.518880447,66.3905797,59.6955611,1,0.557161941,66.3905797,59.6955611,0.453755333
26890,2689,0.529234554,1,1.18343195,0.516707401,60.790759,61.8124984,1,0.655326154,60.790759,61.8124984,0.460507921
26900,2690,0.534391478,1,1.17159763,0.512426592,59.5084047,56.0346029,1,0.609345198,59.5084047,56.0346029,0.455268369
26910,2691,0.529407964,1,1.24260355,0.511878851,65.2294932,55.3521083,1,0.537677971,65.2294932,55.3521083,0.443204124
26920,2692,0.526811199,1,1.18343195,0.514796665,65.5318221,60.9001542,1,0.523572908,65.5318221,60.9001542,0.427405935
26930,2693,0.523586344,1,1.17159763,0.519518909,59.8562037,61.0481569,1,0.496588372,59.8562037,61.0481569,0.436734449
26940,2694,0.518393924,1,1.13609467,0.518401261,59.7119376,55.3442404,1,0.484538602,59.7119376,55.3442404,0.438903121
26950,2695,0.516760222,1,1.14201183,0.521552767,65.4446652,55.6373139,1,0.495893829,65.4446652,55.6373139,0.441554925
26960,2696,0.525384552,1,1.16568047,0.519475558,64.3805887,61.4396569,1,0.608551047,64.3805887,61.4396569,0.453777326
26970,2697,0.53099516,1,1.18934911,0.51311364,58.756908,59.3857521,1,0.662905046,58.756908,59.3857521,0.460539364
26980,2698,0.533491356,1,1.21301775,0.513021301,61.4538574,54.2831143,1,0.558803804,61.4538574,54.2831143,0.443963107
26990,2699,0.5236398,1,1.20710059,0.513185755,66.2813491,57.476137,1,0.511559423,66.2813491,57.476137,0.445224964
27000,2700,0.526088187,1,1.21301775,0.51344404,63.3543121,62.1313641,1,0.514389309,63.3543121,62.1313641,0.422997795
27010,2701,0.516617107,1,1.14792899,0.516440484,58.7360031,58.7569376,1,0.495772847,58.7360031,58.7569376,0.439980718
27020,2702,0.511675816,1,1.13609467,0.515821093,62.4024049,54.1777294,1,0.500676203,62.4024049,54.1777294,0.451241876
27030,2703,0.511452556,1,1.18343195,0.514979581,66.5789595,58.3752759,1,0.53765553,66.5789595,58.3752759,0.455492484
27040,2704,0.530327143,1,1.14201183,0.51623576,61.6555843,61.7308484,1,0.656127234,61.6555843,61.7308484,0.45831883
27050,2705,0.530550117,1,1.16568047,0.511325963,58.8391838,56.6927582,1,0.666068347,58.8391838,56.6927582,0.443989882
27060,2706,0.532943096,1,1.23668639,0.516568265,64.0854566,54.5761506,1,0.523584273,64.0854566,54.5761506,0.435165791
27070,2707,0.518108317,1,1.19526627,0.512290716,65.8451254,60.140634,1,0.502792312,65.8451254,60.140634,0.448929755
27080,2708,0.5190432,1,1.21893491,0.517789049,60.2737409,61.7327648,1,0.506666388,60.2737409,61.7327648,0.445723968
27090,2709,0.514293401,1,1.1183432,0.515916184,58.7133824,56.2189879,1,0.475140676,58.7133824,56.2189879,0.440793091
27100,2710,0.523741631,1,1.15384615,0.523634932,64.2707486,55.1749967,1,0.514251087,64.2707486,55.1749967,0.434967431
27110,2711,0.512935884,1,1.18934911,0.515711993,64.8779716,61.1636204,1,0.572576982,64.8779716,61.1636204,0.463025385
27120,2712,0.530402085,1,1.15384615,0.517760867,59.0827556,60.9371678,1,0.648567598,59.0827556,60.9371678,0.446126056
27130,2713,0.538050741,1,1.23668639,0.517414207,60.2673091,55.2679849,1,0.583155359,60.2673091,55.2679849,0.445508827
27140,2714,0.536371641,1,1.24852071,0.512129166,65.6909821,56.6268347,1,0.547698701,65.6909821,56.6268347,0.430100453
27150,2715,0.523900666,1,1.21301775,0.519084154,63.8192763,61.9671586,1,0.505251192,63.8192763,61.9671586,0.435294512
27160,2716,0.518041277,1,1.15976331,0.515017746,58.4375059,60.198708,1,0.505346918,58.4375059,60.198708,0.435760034
27170,2717,0.518548639,1,1.1183432,0.522012004,60.4765797,54.9266234,1,0.481628988,60.4765797,54.9266234,0.434820901
27180,2718,0.516570266,1,1.14201183,0.517354862,65.7863726,57.4515719,1,0.525090845,65.7863726,57.4515719,0.452274109
27190,2719,0.522628017,1,1.20710059,0.519400929,62.5866895,62.4545689,1,0.599285982,62.5866895,62.4545689,0.456821742
27200,2720,0.530573126,1,1.17751479,0.50853481,58.0523723,58.378802,1,0.656231361,58.0523723,58.378802,0.468990532
27210,2721,0.530975961,1,1.18934911,0.512460447,62.5260621,54.6577544,1,0.585665585,62.5260621,54.6577544,0.447610988
27220,2722,0.533416523,1,1.22485207,0.519501183,65.7297646,59.2065215,1,0.521572421,65.7297646,59.2065215,0.427978544
27230,2723,0.525436635,1,1.17159763,0.517923171,61.1639356,62.386731,1,0.513559181,61.1639356,62.386731,0.42801681
27240,2724,0.520434479,1,1.18934911,0.515839817,58.1229241,57.5366792,1,0.501831065,58.1229241,57.5366792,0.440351888
27250,2725,0.510978227,1,1.09467456,0.513621364,63.4395401,54.6780808,1,0.486164431,63.4395401,54.6780808,0.464337607
27260,2726,0.514541544,1,1.14792899,0.518034472,65.8114324,59.9975351,1,0.518125879,65.8114324,59.9975351,0.448023055
27270,2727,0.508707661,1,1.14201183,0.514252426,60.2663294,61.9426637,1,0.563723439,60.2663294,61.9426637,0.452028256
27280,2728,0.540570097,1,1.17751479,0.520278228,59.2226635,56.4000153,1,0.660669488,59.2226635,56.4000153,0.433850176
27290,2729,0.535189032,1,1.24260355,0.519176775,64.9925624,56.1998733,1,0.523550262,64.9925624,56.1998733,0.444105311
27300,2730,0.523021023,1,1.23668639,0.514169455,64.8144682,61.9546718,1,0.499026793,64.8144682,61.9546718,0.442888737
27310,2731,0.51567618,1,1.17159763,0.513905475,58.9265527,61.4811474,1,0.508189904,58.9265527,61.4811474,0.454378924
27320,2732,0.510742772,1,1.10059172,0.512639684,59.6273676,55.5677485,1,0.499139922,59.6273676,55.5677485,0.458060155
27330,2733,0.51731123,1,1.1183432,0.517496676,65.4402093,56.5316875,1,0.510505166,65.4402093,56.5316875,0.453248023
27340,2734,0.511352862,1,1.15384615,0.51417815,64.178345,62.3949489,1,0.520378515,64.178345,62.3949489,0.461346981
27350,2735,0.515306221,1,1.13017751,0.516883369,58.6736968,60.5885411,1,0.574606952,58.6736968,60.5885411,0.445651315
27360,2736,0.537989837,1,1.17751479,0.518126588,61.242869,55.3913352,1,0.656707305,61.242869,55.3913352,0.445965443
27370,2737,0.530858578,1,1.23076923,0.516278122,65.9292473,58.6605406,1,0.523146044,65.9292473,58.6605406,0.439538794
27380,2738,0.523549533,1,1.21893491,0.512164025,62.5292613,63.0973229,1,0.501344578,62.5292613,63.0973229,0.429978271
27390,2739,0.522731034,1,1.15976331,0.516285334,58.1358428,59.4650545,1,0.512755074,58.1358428,59.4650545,0.438498645
27400,2740,0.513144331,1,1.12426036,0.512645496,62.0600981,54.9140982,1,0.481382499,62.0600981,54.9140982,0.46224934
27410,2741,0.515870429,1,1.13017751,0.518730993,66.3010631,58.806607,1,0.476088385,66.3010631,58.806607,0.44280847
27420,2742,0.519685668,1,1.15976331,0.522153285,62.2265818,62.8209292,1,0.539823006,62.2265818,62.8209292,0.439985078
27430,2743,0.523518088,1,1.16568047,0.517736748,58.5462274,58.2683842,1,0.607781774,58.5462274,58.2683842,0.450316622
27440,2744,0.541706965,1,1.17159763,0.518017468,63.7814942,55.4807306,1,0.633138832,63.7814942,55.4807306,0.456245493
27450,2745,0.53152588,1,1.21893491,0.509631988,66.0293961,60.7951409,1,0.572354611,66.0293961,60.7951409,0.443866953
27460,2746,0.52873416,1,1.23076923,0.516695053,60.6874488,62.53345,1,0.517214892,60.6874488,62.53345,0.432127802
27470,2747,0.519125646,1,1.15384615,0.514476223,59.1198572,56.9318265,1,0.507710996,59.1198572,56.9318265,0.447448578
27480,2748,0.515124862,1,1.14792899,0.517329806,64.7565199,55.5522135,1,0.490194604,64.7565199,55.5522135,0.446387864
27490,2749,0.517013253,1,1.13609467,0.516888125,65.8665011,61.2390107,1,0.496459986,65.8665011,61.2390107,0.445700837
27500,2750,0.517088083,1,1.20710059,0.518329031,59.9460383,61.7590056,1,0.561548826,59.9460383,61.7590056,0.457173427
27510,2751,0.508609683,1,1.15384615,0.513546502,59.7980423,55.9755902,1,0.571286282,59.7980423,55.9755902,0.445023744
27520,2752,0.540274147,1,1.18934911,0.517116569,65.5292313,57.0621904,1,0.632218767,65.5292313,57.0621904,0.448714322
27530,2753,0.530785395,1,1.23668639,0.513932348,63.8585723,62.5021519,1,0.518815428,63.8585723,62.5021519,0.437747613
27540,2754,0.528212006,1,1.22485207,0.518590185,58.5911056,60.5661629,1,0.512199959,58.5911056,60.5661629,0.431690359
27550,2755,0.51900254,1,1.15384615,0.515622876,60.7351169,55.1420804,1,0.505991624,60.7351169,55.1420804,0.448649884
27560,2756,0.519838587,1,1.14201183,0.519812102,65.9253072,57.360181,1,0.488701533,65.9253072,57.360181,0.434176397
27570,2757,0.510989115,1,1.10059172,0.518943025,63.5856393,62.676258,1,0.475068303,63.5856393,62.676258,0.446781527
27580,2758,0.513855195,1,1.15384615,0.521514696,58.6345435,59.8445183,1,0.535710329,58.6345435,59.8445183,0.43874552
27590,2759,0.532593205,1,1.17751479,0.514082832,62.6479627,55.3016241,1,0.657584823,62.6479627,55.3016241,0.466292322
27600,2760,0.528360909,1,1.17751479,0.510900034,66.317612,59.917885,1,0.596289397,66.317612,59.917885,0.453625698
27610,2761,0.531883836,1,1.23076923,0.516917351,61.6413464,63.108553,1,0.518734148,61.6413464,63.108553,0.435467663
27620,2762,0.52989909,1,1.20118343,0.513491086,58.4903795,58.5707616,1,0.503858516,58.4903795,58.5707616,0.424961838
27630,2763,0.528925605,1,1.19526627,0.52031765,63.1151544,55.7034674,1,0.519794668,63.1151544,55.7034674,0.418576899
27640,2764,0.515772569,1,1.15384615,0.515691276,66.1097409,60.7340306,1,0.48927902,66.1097409,60.7340306,0.450339218
27650,2765,0.51655464,1,1.13609467,0.519520163,60.9282104,63.2480892,1,0.511689258,60.9282104,63.2480892,0.443017818
27660,2766,0.523053363,1,1.18934911,0.518357179,58.8362198,57.7678946,1,0.577187028,58.8362198,57.7678946,0.451224217
27670,2767,0.520054089,1,1.14201183,0.514695004,64.554139,56.2751343,1,0.615919371,64.554139,56.2751343,0.454581759
27680,2768,0.533728922,1,1.15384615,0.513279501,65.0940041,62.0819852,1,0.643627339,65.0940041,62.0819852,0.448607122
27690,2769,0.530672126,1,1.23668639,0.514333328,59.4553187,61.9594333,1,0.523921547,59.4553187,61.9594333,0.433847465
27700,2770,0.519518267,1,1.19526627,0.513198525,59.9959827,56.2356601,1,0.518098321,59.9959827,56.2356601,0.442250145
27710,2771,0.511189531,1,1.18343195,0.509244786,65.9138381,57.1653828,1,0.5008078,65.9138381,57.1653828,0.460803236
27720,2772,0.506145382,1,1.11242604,0.506997625,64.8453282,63.0008003,1,0.467684027,64.8453282,63.0008003,0.456341326
27730,2773,0.504036071,1,1.10059172,0.514327651,59.4154855,61.9688827,1,0.450783556,59.4154855,61.9688827,0.425156044
27740,2774,0.5148065,1,1.19526627,0.526895015,60.6759872,56.7829763,1,0.521631423,60.6759872,56.7829763,0.410530684
27750,2775,0.511368564,1,1.15384615,0.515891479,66.0305297,58.6438063,1,0.594462034,66.0305297,58.6438063,0.436051498
27760,2776,0.539238434,1,1.18343195,0.516651424,62.8563468,63.5396744,1,0.585515443,62.8563468,63.5396744,0.448831234
27770,2777,0.528699541,1,1.22485207,0.517745311,58.4875122,59.8352912,1,0.509599086,58.4875122,59.8352912,0.440609921
27780,2778,0.524705277,1,1.19526627,0.516124358,62.2069158,55.6387385,1,0.510105437,62.2069158,55.6387385,0.431352747
27790,2779,0.518593543,1,1.16568047,0.516037023,66.3406094,59.4273463,1,0.512302424,66.3406094,59.4273463,0.431324997
27800,2780,0.515967245,1,1.19526627,0.521814459,62.1046628,63.3477087,1,0.513535211,62.1046628,63.3477087,0.443976684
27810,2781,0.508136819,1,1.16568047,0.510592339,58.4037768,58.5559387,1,0.547767733,58.4037768,58.5559387,0.465734876
27820,2782,0.52446117,1,1.17751479,0.514479175,63.6942004,55.8121216,1,0.632778295,63.6942004,55.8121216,0.458432591
27830,2783,0.535882418,1,1.19526627,0.51420899,65.5357647,61.445527,1,0.62435023,65.5357647,61.445527,0.455905467
27840,2784,0.531740594,1,1.21893491,0.508962311,59.9765229,62.7079094,1,0.550383448,59.9765229,62.7079094,0.438520768
27850,2785,0.522845697,1,1.19526627,0.515922655,59.2290559,57.1433648,1,0.515082337,59.2290559,57.1433648,0.431886356
27860,2786,0.519787961,1,1.14201183,0.51542399,64.8508194,56.4901412,1,0.507223048,64.8508194,56.4901412,0.435352859
27870,2787,0.520078534,1,1.15384615,0.520791959,65.5157212,62.0291626,1,0.480207778,65.5157212,62.0291626,0.429137382
27880,2788,0.521777716,1,1.13609467,0.52353894,59.8090886,62.2562156,1,0.51090054,59.8090886,62.2562156,0.43931906
27890,2789,0.518025092,1,1.15384615,0.515291234,60.2005528,56.300411,1,0.56911891,60.2005528,56.300411,0.459127376
27900,2790,0.528618966,1,1.17159763,0.517275899,65.8567592,57.3664943,1,0.633170446,65.8567592,57.3664943,0.44275365
27910,2791,0.541826363,1,1.14201183,0.518090073,63.9826409,62.8444469,1,0.623683441,63.9826409,62.8444469,0.445359269
27920,2792,0.532919383,1,1.22485207,0.509727118,58.8071334,60.6949296,1,0.549505186,58.8071334,60.6949296,0.43108713
27930,2793,0.524704249,1,1.19526627,0.516849349,61.5084268,55.7827444,1,0.516648391,61.5084268,55.7827444,0.431226055
27940,2794,0.508919513,1,1.15976331,0.512955046,66.5558307,58.9175203,1,0.51527338,66.5558307,58.9175203,0.45704936
27950,2795,0.509046527,1,1.11242604,0.508758188,63.0615175,63.7495053,1,0.504720437,63.0615175,63.7495053,0.458698334
27960,2796,0.507948633,1,1.1183432,0.511611052,58.4849344,59.9252455,1,0.500163381,58.4849344,59.9252455,0.458774259
27970,2797,0.517793947,1,1.17159763,0.517389345,62.7859396,55.9897377,1,0.595252738,62.7859396,55.9897377,0.448448127
27980,2798,0.526996135,1,1.15384615,0.515857718,66.1273234,60.5547634,1,0.662245607,66.1273234,60.5547634,0.43517191
27990,2799,0.537301316,1,1.23076923,0.516320144,61.2102731,63.2034614,1,0.550104196,61.2102731,63.2034614,0.429620615
28000,2800,0.524345827,1,1.19526627,0.514385523,58.9700119,58.0429128,1,0.51173138,58.9700119,58.0429128,0.432756622
28010,2801,0.521008639,1,1.19526627,0.518625355,64.3306892,55.9876457,1,0.521394652,64.3306892,55.9876457,0.441628138
28020,2802,0.515323684,1,1.13017751,0.515662253,66.2611446,61.4764451,1,0.501546444,66.2611446,61.4764451,0.447567898
28030,2803,0.519827685,1,1.11242604,0.519690552,60.6901256,63.0774566,1,0.498995759,60.6901256,63.0774566,0.445885138
28040,2804,0.505833449,1,1.15384615,0.514189174,59.337316,57.2422177,1,0.515114898,59.337316,57.2422177,0.460769268
28050,2805,0.512653795,1,1.1183432,0.517808594,64.9642078,56.6468064,1,0.58589725,64.9642078,56.6468064,0.435254302
28060,2806,0.538201999,1,1.14792899,0.514689309,64.7150839,62.4183249,1,0.654463084,64.7150839,62.4183249,0.444376357
28070,2807,0.520376454,1,1.20118343,0.513306934,59.0538757,61.0766386,1,0.508984864,59.0538757,61.0766386,0.447540293
28080,2808,0.515290698,1,1.20118343,0.510348601,60.6689043,55.5753339,1,0.509032501,60.6689043,55.5753339,0.441036108
28090,2809,0.51436297,1,1.14201183,0.514173996,66.2457514,57.3052149,1,0.488610078,66.2457514,57.3052149,0.449152469
28100,2810,0.51915837,1,1.12426036,0.516737356,64.7795023,62.4935669,1,0.476575903,64.7795023,62.4935669,0.414735129
28110,2811,0.516336444,1,1.12426036,0.525769061,59.4590643,60.7474104,1,0.478567335,59.4590643,60.7474104,0.430742602
28120,2812,0.520593291,1,1.17159763,0.522919964,61.8128202,55.4770174,1,0.578451547,61.8128202,55.4770174,0.44400816
28130,2813,0.53765924,1,1.20710059,0.51608859,66.6770433,59.0612777,1,0.654457212,66.6770433,59.0612777,0.46478084
28140,2814,0.524666116,1,1.18934911,0.504791744,62.458176,63.3266616,1,0.549529336,62.458176,63.3266616,0.461489362
28150,2815,0.531149231,1,1.24260355,0.509678175,58.6304524,59.1863437,1,0.5374764,58.6304524,59.1863437,0.433737713
28160,2816,0.527137412,1,1.17159763,0.513508699,62.8073121,55.5372872,1,0.512479306,62.8073121,55.5372872,0.426640728
28170,2817,0.521093572,1,1.16568047,0.519651678,66.2829431,59.8504909,1,0.503208233,66.2829431,59.8504909,0.426099256
28180,2818,0.514996376,1,1.14792899,0.520159826,61.7052535,63.2876305,1,0.502059658,61.7052535,63.2876305,0.440341248
28190,2819,0.504246557,1,1.14792899,0.511031493,58.5563935,58.1889362,1,0.522400685,58.5563935,58.1889362,0.460974033
28200,2820,0.521985561,1,1.16568047,0.516437983,64.0460482,56.016364,1,0.621767462,64.0460482,56.016364,0.454148392
28210,2821,0.535812673,1,1.20710059,0.514787231,65.2959131,61.8118235,1,0.630085715,65.2959131,61.8118235,0.456054034
28220,2822,0.530859799,1,1.24852071,0.512743238,59.5486825,62.263243,1,0.526240419,59.5486825,62.263243,0.443456299
28230,2823,0.519852829,1,1.19526627,0.5131508,59.4519438,56.5131599,1,0.514412477,59.4519438,56.5131599,0.442376676
28240,2824,0.522069268,1,1.17751479,0.514964073,65.065465,56.5806249,1,0.516785513,65.065465,56.5806249,0.431840506
28250,2825,0.522964732,1,1.15976331,0.522683929,64.93509,62.1447263,1,0.488667726,64.93509,62.1447263,0.428125283
28260,2826,0.515166499,1,1.15384615,0.520272902,59.1951329,61.75805,1,0.493228696,59.1951329,61.75805,0.442535904
28270,2827,0.52192669,1,1.21301775,0.520149025,60.3449472,55.9864832,1,0.582200028,60.3449472,55.9864832,0.4526912
28280,2828,0.541119408,1,1.24260355,0.521546772,65.8693677,58.1511817,1,0.650754904,65.8693677,58.1511817,0.456414768
28290,2829,0.527345214,1,1.20118343,0.506814961,63.0337435,63.4316284,1,0.570383554,63.0337435,63.4316284,0.461050266
28300,2830,0.529264998,1,1.19526627,0.51439862,58.4806556,60.2369676,1,0.532130786,58.4806556,60.2369676,0.427850458
28310,2831,0.525664817,1,1.20710059,0.51891714,61.7758305,55.7161666,1,0.509322046,61.7758305,55.7161666,0.430328206
28320,2832,0.52824123,1,1.20710059,0.520437004,66.2282653,58.7773224,1,0.51018248,66.2282653,58.7773224,0.415632762
28330,2833,0.507171152,1,1.1183432,0.51371458,62.3984266,63.3217156,1,0.499685849,62.3984266,63.3217156,0.457153361
28340,2834,0.514063351,1,1.15976331,0.514846741,58.2749466,59.0817482,1,0.550358902,58.2749466,59.0817482,0.454955696
28350,2835,0.515813275,1,1.15976331,0.512458803,62.9420691,55.4567964,1,0.596753445,62.9420691,55.4567964,0.454577687
28360,2836,0.531793488,1,1.15976331,0.513789835,65.8194232,60.4912663,1,0.667406887,65.8194232,60.4912663,0.446054725
28370,2837,0.53796156,1,1.23076923,0.515944496,60.6053754,62.7000493,1,0.557634054,60.6053754,62.7000493,0.435584463
28380,2838,0.533630254,1,1.21893491,0.518670479,58.6961888,57.543952,1,0.51052,58.6961888,57.543952,0.422939367
28390,2839,0.519779899,1,1.16568047,0.512882181,64.1668692,55.8715527,1,0.508753429,64.1668692,55.8715527,0.440046149
28400,2840,0.507600329,1,1.14201183,0.512356493,65.5681607,61.7569394,1,0.498991886,65.5681607,61.7569394,0.465377586
28410,2841,0.513923026,1,1.10650888,0.511830897,59.8731354,63.0275804,1,0.485997476,59.8731354,63.0275804,0.448850217
28420,2842,0.51364494,1,1.14792899,0.518809148,59.0763581,57.2145587,1,0.526553278,59.0763581,57.2145587,0.451336447
28430,2843,0.490900167,1,1.07100592,0.513733583,64.7131142,56.6312549,1,0.486881271,64.7131142,56.6312549,0.435912034
28440,2844,0.534715466,1,1.16568047,0.51980116,64.1860174,62.1304663,1,0.664964259,64.1860174,62.1304663,0.424954965
28450,2845,0.53709945,1,1.18343195,0.515323375,58.6990476,61.0078223,1,0.566107849,58.6990476,61.0078223,0.430818453
28460,2846,0.526982998,1,1.20710059,0.515347866,60.4575683,55.6338598,1,0.513911132,60.4575683,55.6338598,0.434951316
28470,2847,0.520236204,1,1.17159763,0.517274877,65.844343,57.6358024,1,0.507086123,65.844343,57.6358024,0.442057561
28480,2848,0.521834993,1,1.17159763,0.519964237,63.8851281,62.9136384,1,0.491288582,63.8851281,62.9136384,0.43305763
28490,2849,0.513508813,1,1.13017751,0.519994352,58.5063869,60.8155418,1,0.473091199,58.5063869,60.8155418,0.444112474
28500,2850,0.514620942,1,1.17159763,0.520252996,61.0927625,55.7070512,1,0.522684458,61.0927625,55.7070512,0.440454412
28510,2851,0.528239712,1,1.15976331,0.513906393,65.8709788,59.3977661,1,0.650615014,65.8709788,59.3977661,0.464431492
28520,2852,0.529158137,1,1.18343195,0.512017619,61.8056963,63.4686188,1,0.669669732,61.8056963,63.4686188,0.442547514
28530,2853,0.534771901,1,1.26627219,0.518963851,58.3937526,58.9081256,1,0.528537835,58.3937526,58.9081256,0.43812037
28540,2854,0.517921258,1,1.16568047,0.50881295,63.1879654,55.6365783,1,0.518705572,63.1879654,55.6365783,0.446468709
28550,2855,0.522349661,1,1.19526627,0.515296265,66.1250453,60.4359887,1,0.516257242,66.1250453,60.4359887,0.432830085
28560,2856,0.514970034,1,1.15384615,0.520260642,61.0578216,63.3406034,1,0.483573169,61.0578216,63.3406034,0.44928307
28570,2857,0.515890417,1,1.07692308,0.519375136,58.4147058,58.3651543,1,0.489870191,58.4147058,58.3651543,0.433379144
28580,2858,0.515684882,1,1.19526627,0.519583869,63.874022,56.2438897,1,0.555605497,63.874022,56.2438897,0.450534834
28590,2859,0.530835396,1,1.14792899,0.517080433,65.07451,62.0723523,1,0.660822576,65.07451,62.0723523,0.457754663
28600,2860,0.535404909,1,1.18934911,0.513275863,59.2721302,62.4364403,1,0.59363824,59.2721302,62.4364403,0.447214734
28610,2861,0.524019824,1,1.21301775,0.513584542,59.6376677,56.6300847,1,0.506111535,59.6376677,56.6300847,0.447526957
28620,2862,0.521927282,1,1.21893491,0.512046712,65.2727952,57.0375196,1,0.510646604,65.2727952,57.0375196,0.434602889
28630,2863,0.519272705,1,1.13017751,0.516830658,64.7612079,62.6592771,1,0.488178244,64.7612079,62.6592771,0.434229772
28640,2864,0.516492785,1,1.15384615,0.518129948,59.2008356,61.9590572,1,0.477243168,59.2008356,61.9590572,0.431099103
28650,2865,0.511674168,1,1.14201183,0.51552962,60.5593037,56.2534612,1,0.528728565,60.5593037,56.2534612,0.451160647
28660,2866,0.524086564,1,1.15976331,0.519686098,66.0014371,58.3745181,1,0.620881911,66.0014371,58.3745181,0.449297274
28670,2867,0.536749435,1,1.16568047,0.518290034,63.0251961,63.4411985,1,0.630962816,63.0251961,63.4411985,0.452012338
28680,2868,0.537149965,1,1.23668639,0.516349122,58.4833786,60.0100577,1,0.563012371,58.4833786,60.0100577,0.437859461
28690,2869,0.524769158,1,1.20118343,0.513586062,62.3213674,55.6711058,1,0.508796242,62.3213674,55.6711058,0.445600862
28700,2870,0.528672714,1,1.23668639,0.519023292,66.4636812,59.2299671,1,0.514821133,66.4636812,59.2299671,0.420089151
28710,2871,0.517554887,1,1.16568047,0.517290238,62.7199375,63.424301,1,0.499770414,62.7199375,63.424301,0.43246954
28720,2872,0.520048868,1,1.15976331,0.521887047,58.9705384,59.2408838,1,0.521301296,58.9705384,59.2408838,0.432133642
28730,2873,0.504369117,1,1.17159763,0.507901259,63.8063194,55.5909768,1,0.549438753,63.8063194,55.5909768,0.466045928
28740,2874,0.5338961,1,1.17159763,0.518189193,66.4280982,60.8285788,1,0.657447289,66.4280982,60.8285788,0.450549951
28750,2875,0.523825486,1,1.12426036,0.509720876,61.2985292,63.1667328,1,0.661732054,61.2985292,63.1667328,0.433640448
28760,2876,0.545190712,1,1.24260355,0.519885874,59.7189688,57.8394794,1,0.55122182,59.7189688,57.8394794,0.427422718
28770,2877,0.52664038,1,1.20118343,0.517683218,65.1904458,56.5016215,1,0.517437918,65.1904458,56.5016215,0.433281987
28780,2878,0.518705144,1,1.15384615,0.517228228,66.186354,62.204002,1,0.503986495,66.186354,62.204002,0.445284136
28790,2879,0.505397284,1,1.10650888,0.508234301,60.1338253,62.9775515,1,0.512273709,60.1338253,62.9775515,0.4693662
28800,2880,0.501548769,1,1.07100592,0.504996204,59.5449838,56.9920277,1,0.492274422,59.5449838,56.9920277,0.462647574
28810,2881,0.508626221,1,1.13609467,0.51616637,65.2098663,56.6814979,1,0.504920401,65.2098663,56.6814979,0.436414401
28820,2882,0.519178331,1,1.15976331,0.520751621,64.9497333,62.2947571,1,0.594657087,64.9497333,62.2947571,0.432252586
28830,2883,0.538631419,1,1.20710059,0.516049933,59.3747143,61.156495,1,0.655557717,59.3747143,61.156495,0.437694856
28840,2884,0.52710182,1,1.19526627,0.515726564,61.4118336,55.8285982,1,0.507962396,61.4118336,55.8285982,0.438774106
28850,2885,0.512827326,1,1.21301775,0.508290101,66.7538142,58.2611454,1,0.505244952,66.7538142,58.2611454,0.451519733
28860,2886,0.515102004,1,1.17751479,0.515132349,64.1048835,63.4042074,1,0.504265152,64.1048835,63.4042074,0.44501127
28870,2887,0.511283666,1,1.05325444,0.511612373,59.0015673,60.5717699,1,0.490604096,59.0015673,60.5717699,0.448973438
28880,2888,0.505981152,1,1.10650888,0.514379126,62.1387081,55.5932867,1,0.484917814,62.1387081,55.5932867,0.452651276
28890,2889,0.522261237,1,1.15976331,0.521649032,66.5918004,59.2614513,1,0.594500582,66.5918004,59.2614513,0.443796573
28900,2890,0.53275135,1,1.19526627,0.515590278,62.1592536,63.1542874,1,0.665995761,62.1592536,63.1542874,0.453791681
28910,2891,0.539638805,1,1.23668639,0.515832299,58.9878047,58.4898785,1,0.572260861,58.9878047,58.4898785,0.433881606
28920,2892,0.529302755,1,1.23076923,0.518673249,63.9018274,55.6951647,1,0.515103628,63.9018274,55.6951647,0.434857281
28930,2893,0.523639673,1,1.16568047,0.521307355,66.467268,60.700468,1,0.492287341,66.467268,60.700468,0.432650747
28940,2894,0.519704211,1,1.15384615,0.519974331,61.2460158,63.177808,1,0.498882688,61.2460158,63.177808,0.444550749
28950,2895,0.508348242,1,1.10650888,0.512122709,58.8890333,57.6464861,1,0.486160509,58.8890333,57.6464861,0.462504681
28960,2896,0.509513919,1,1.1183432,0.516675787,64.3014133,55.813434,1,0.497862457,64.3014133,55.813434,0.439566335
28970,2897,0.52304097,1,1.14792899,0.521410634,65.5160431,61.5017724,1,0.610246642,65.5160431,61.5017724,0.44742868
28980,2898,0.535588091,1,1.21893491,0.516996984,59.6155522,61.5629305,1,0.58077009,59.6155522,61.5629305,0.453908294
28990,2899,0.526787866,1,1.23668639,0.511056722,60.1882031,55.8671827,1,0.52083037,60.1882031,55.8671827,0.440343272
29000,2900,0.519514417,1,1.18934911,0.513830807,65.8917524,56.7225834,1,0.505719563,65.8917524,56.7225834,0.443641364
29010,2901,0.526248366,1,1.18343195,0.515879155,65.1516068,62.1076285,1,0.515845121,65.1516068,62.1076285,0.418128591
29020,2902,0.519907902,1,1.14201183,0.522660468,59.5772927,60.9833302,1,0.490692103,59.5772927,60.9833302,0.437428096
29030,2903,0.514595865,1,1.1183432,0.518972255,61.0570332,55.2475964,1,0.510306834,61.0570332,55.2475964,0.455656589
29040,2904,0.521916943,1,1.16568047,0.517582975,66.6642452,57.534041,1,0.608742361,66.6642452,57.534041,0.465804998
29050,2905,0.524106533,1,1.15384615,0.509636335,63.8489099,62.7562048,1,0.651720276,63.8489099,62.7562048,0.456362693
29060,2906,0.53202978,1,1.18343195,0.509586123,59.0847155,59.4776848,1,0.658075971,59.0847155,59.4776848,0.444867123
29070,2907,0.5367438,1,1.18343195,0.508976211,62.4641572,55.0953626,1,0.606680532,62.4641572,55.0953626,0.425693818
29080,2908,0.53485959,1,1.21893491,0.520444419,66.4303289,58.7602331,1,0.522635729,66.4303289,58.7602331,0.41539739
29090,2909,0.525453545,1,1.17159763,0.519338361,62.6066534,62.8486805,1,0.515479859,62.6066534,62.8486805,0.430603649
29100,2910,0.516668669,1,1.15384615,0.519764169,58.6193525,58.5997999,1,0.497281995,58.6193525,58.5997999,0.448215094
29110,2911,0.513473229,1,1.14792899,0.517378704,63.0198501,54.8615993,1,0.515289275,63.0198501,54.8615993,0.444150159
29120,2912,0.503512541,1,1.14792899,0.509595387,66.4802681,59.7875487,1,0.545700575,66.4802681,59.7875487,0.46307098
29130,2913,0.533518366,1,1.15976331,0.517957149,61.1945066,62.2411375,1,0.660092235,61.1945066,62.2411375,0.448266699
29140,2914,0.536982063,1,1.20118343,0.514068628,59.4517091,56.6763929,1,0.615294262,59.4517091,56.6763929,0.448559332
29150,2915,0.531607358,1,1.24852071,0.513125789,64.9347369,55.5303573,1,0.519638748,64.9347369,55.5303573,0.430885918
29160,2916,0.526472394,1,1.18934911,0.520312781,65.835653,61.002765,1,0.514549024,65.835653,61.002765,0.426620795
29170,2917,0.518952167,1,1.16568047,0.515862339,60.1422389,61.7124048,1,0.515001876,60.1422389,61.7124048,0.441343784
29180,2918,0.513224498,1,1.12426036,0.516025822,59.8484136,55.8485086,1,0.500615049,59.8484136,55.8485086,0.451634848
29190,2919,0.510626481,1,1.13017751,0.512667609,65.8235628,55.8026491,1,0.513299295,65.8235628,55.8026491,0.459640394
29200,2920,0.514144726,1,1.17159763,0.519190571,65.3434247,61.543294,1,0.5321704,65.3434247,61.543294,0.443129908
29210,2921,0.537251647,1,1.17159763,0.52013935,59.6479517,60.1749655,1,0.66902122,59.6479517,60.1749655,0.450579741
29220,2922,0.535184352,1,1.23076923,0.516631359,61.8756711,54.8482767,1,0.543898293,61.8756711,54.8482767,0.444135673
29230,2923,0.523162405,1,1.21301775,0.511399953,67.04849,57.5064047,1,0.50889467,67.04849,57.5064047,0.447370355
29240,2924,0.517584693,1,1.20710059,0.513955697,64.0119404,62.4644047,1,0.511370589,64.0119404,62.4644047,0.447229455
29250,2925,0.511347576,1,1.1183432,0.5082844,59.0502239,59.4019125,1,0.493318948,59.0502239,59.4019125,0.4485182
29260,2926,0.517003726,1,1.12426036,0.517940129,62.3736039,54.850757,1,0.479366125,62.3736039,54.850757,0.433493248
29270,2927,0.515663246,1,1.13609467,0.518298755,66.9425267,58.4735242,1,0.515745033,66.9425267,58.4735242,0.448531446
29280,2928,0.524946972,1,1.18343195,0.521690055,62.9551683,62.688361,1,0.582354722,62.9551683,62.688361,0.446312152
29290,2929,0.540598204,1,1.18343195,0.519363542,59.3844781,57.8938082,1,0.6543958,59.3844781,57.8938082,0.459853103
29300,2930,0.531069557,1,1.21301775,0.514052481,64.4923394,55.1025665,1,0.547763067,64.4923394,55.1025665,0.447750974
29310,2931,0.524962085,1,1.22485207,0.518144962,66.813248,60.3620796,1,0.51106748,66.813248,60.3620796,0.44221802
29320,2932,0.519706003,1,1.17159763,0.513882604,61.4543429,62.6398372,1,0.50527441,61.4543429,62.6398372,0.447914591
29330,2933,0.518487087,1,1.15976331,0.515187009,59.320365,57.3169585,1,0.492399145,59.320365,57.3169585,0.441131545
29340,2934,0.513060929,1,1.12426036,0.517943839,64.7189202,55.4027495,1,0.480830842,64.7189202,55.4027495,0.440606053
29350,2935,0.520697168,1,1.15976331,0.522815462,66.145307,60.9187987,1,0.551921736,66.145307,60.9187987,0.438268367
29360,2936,0.525999546,1,1.17159763,0.517180667,60.3124804,61.7526708,1,0.633677495,60.3124804,61.7526708,0.453240852
29370,2937,0.532795247,1,1.17159763,0.516340188,60.2492029,56.0103097,1,0.667146336,60.2492029,56.0103097,0.441746903
29380,2938,0.54089208,1,1.23076923,0.517676849,65.8636576,56.5506773,1,0.564247687,65.8636576,56.5506773,0.433876826
29390,2939,0.531599206,1,1.20118343,0.516200649,65.0492302,62.1274957,1,0.511690323,65.0492302,62.1274957,0.433536404
29400,2940,0.519527256,1,1.15976331,0.515107223,59.4659679,60.8482314,1,0.510514347,59.4659679,60.8482314,0.440611027
29410,2941,0.513608809,1,1.13609467,0.516619425,61.0816371,55.1535481,1,0.494336875,61.0816371,55.1535481,0.455341763
29420,2942,0.511608906,1,1.07692308,0.514882257,66.7488185,56.9225816,1,0.496518012,66.7488185,56.9225816,0.456682301
29430,2943,0.520150605,1,1.17159763,0.520174227,64.5114528,62.2983458,1,0.557257759,64.5114528,62.2983458,0.447905353
29440,2944,0.528097914,1,1.18934911,0.513600048,59.3567479,59.2676084,1,0.640423416,59.3567479,59.2676084,0.459973965
29450,2945,0.533771395,1,1.17751479,0.512015845,63.129346,54.7881093,1,0.631811841,63.129346,54.7881093,0.450498796
29460,2946,0.53455694,1,1.24852071,0.512729259,67.1391544,58.7560397,1,0.541559133,67.1391544,58.7560397,0.433937767
29470,2947,0.528386258,1,1.18343195,0.515728678,63.141474,62.5610285,1,0.520162583,63.141474,62.5610285,0.424538648
29480,2948,0.517179727,1,1.14792899,0.516750729,59.4515711,58.0979404,1,0.502821122,59.4515711,58.0979404,0.445453952
29490,2949,0.516402186,1,1.13609467,0.519569482,64.0435861,54.5793239,1,0.495095266,64.0435861,54.5793239,0.445006908
29500,2950,0.507171612,1,1.14201183,0.516751858,67.3814403,59.4702496,1,0.512580059,67.3814403,59.4702496,0.455488715
29510,2951,0.514191917,1,1.14201183,0.514100719,62.0102261,61.972355,1,0.606051913,62.0102261,61.972355,0.455800702
29520,2952,0.535142533,1,1.20710059,0.515463457,60.5989051,56.2236321,1,0.621401286,60.5989051,56.2236321,0.455340705
29530,2953,0.52658057,1,1.22485207,0.51149495,66.4036409,55.5749725,1,0.529472495,66.4036409,55.5749725,0.449297394
29540,2954,0.522946321,1,1.19526627,0.514168842,66.7409216,61.3023805,1,0.514795699,66.7409216,61.3023805,0.441333117
29550,2955,0.530196442,1,1.21893491,0.513805175,61.2692513,61.7545856,1,0.520504574,61.2692513,61.7545856,0.422332673
29560,2956,0.525128353,1,1.17751479,0.522744151,61.0279132,56.2143254,1,0.49197813,61.0279132,56.2143254,0.426578016
29570,2957,0.516938667,1,1.13609467,0.519954718,66.6506695,56.0678635,1,0.478610176,66.6506695,56.0678635,0.432666429
29580,2958,0.516019995,1,1.14201183,0.519442889,66.1113468,61.9104052,1,0.542681859,66.1113468,61.9104052,0.451337024
29590,2959,0.533949281,1,1.16568047,0.519068537,60.3482729,60.2979598,1,0.650142268,60.3482729,60.2979598,0.460338186
29600,2960,0.529537767,1,1.20118343,0.509706325,62.7593446,54.8371425,1,0.59913772,62.7593446,54.8371425,0.459184976
29610,2961,0.53492663,1,1.20118343,0.51209311,67.6068818,57.5236012,1,0.560375611,67.6068818,57.5236012,0.426320971
29620,2962,0.531915775,1,1.23668639,0.518242078,64.6785348,62.2395098,1,0.512877615,64.6785348,62.2395098,0.427009763
29630,2963,0.531328154,1,1.21893491,0.515908216,60.0086332,59.5674139,1,0.521654172,60.0086332,59.5674139,0.413872439
29640,2964,0.51973769,1,1.14792899,0.519365918,63.3011283,54.8535755,1,0.494016613,63.3011283,54.8535755,0.442296297
29650,2965,0.515929137,1,1.12426036,0.517751249,67.9815129,58.3846372,1,0.507018833,67.9815129,58.3846372,0.450997562
29660,2966,0.518770403,1,1.15384615,0.517419307,63.9150485,62.7546528,1,0.563731956,63.9150485,62.7546528,0.459180959
29670,2967,0.525100976,1,1.16568047,0.515792172,60.0149724,58.3192567,1,0.624558405,60.0149724,58.3192567,0.454323952
29680,2968,0.535634349,1,1.20118343,0.514802594,64.9215945,55.1233177,1,0.65126743,64.9215945,55.1233177,0.450436777
29690,2969,0.541483526,1,1.22485207,0.518638009,67.4868031,60.0110439,1,0.552539748,67.4868031,60.0110439,0.42461373
29700,2970,0.526090946,1,1.18934911,0.510580896,62.3617131,62.3843159,1,0.519319195,62.3617131,62.3843159,0.434455164
29710,2971,0.517557057,1,1.17159763,0.516931753,60.4154785,56.9354747,1,0.506289359,60.4154785,56.9354747,0.445076287
29720,2972,0.511857142,1,1.1183432,0.510317361,65.9351785,54.7984621,1,0.486087159,65.9351785,54.7984621,0.455303472
29730,2973,0.515808997,1,1.12426036,0.518774384,67.6087759,60.2645205,1,0.484623778,67.6087759,60.2645205,0.439733124
29740,2974,0.506865301,1,1.14792899,0.517689372,62.002234,61.8629409,1,0.491732015,62.002234,61.8629409,0.448457315
29750,2975,0.522634419,1,1.13609467,0.523055849,61.3076491,56.341407,1,0.589795863,61.3076491,56.341407,0.42808079
29760,2976,0.537318958,1,1.15384615,0.51670752,67.1414577,56.426121,1,0.655257237,67.1414577,56.426121,0.448801812
29770,2977,0.534715591,1,1.23668639,0.517974894,66.2419793,62.0272455,1,0.522143205,66.2419793,62.0272455,0.436375991
29780,2978,0.525164456,1,1.20710059,0.515396529,60.6469654,60.821039,1,0.514068688,60.6469654,60.821039,0.440273682
29790,2979,0.516907007,1,1.17159763,0.514464981,62.1874807,55.1706873,1,0.499547295,62.1874807,55.1706873,0.450507027
29800,2980,0.513814752,1,1.09467456,0.515789272,67.6807919,56.7140141,1,0.48188024,67.6807919,56.7140141,0.438922334
29810,2981,0.512694276,1,1.11242604,0.519559471,66.0404254,62.1588842,1,0.468644046,66.0404254,62.1588842,0.43743072
29820,2982,0.518884061,1,1.20118343,0.5189671,60.7712413,59.7262449,1,0.562915042,60.7712413,59.7262449,0.446432502
29830,2983,0.528310164,1,1.15976331,0.512752114,64.2258766,54.8415328,1,0.662836822,64.2258766,54.8415328,0.46022195
29840,2984,0.537279021,1,1.15976331,0.514966525,68.4245175,58.712317,1,0.626369611,68.4245175,58.712317,0.439280989
29850,2985,0.532142554,1,1.22485207,0.51845113,64.1642033,62.4000041,1,0.529377533,64.1642033,62.4000041,0.433434838
29860,2986,0.52198003,1,1.16568047,0.515446768,60.562351,57.9604223,1,0.51305024,60.562351,57.9604223,0.439763427
29870,2987,0.515741858,1,1.10059172,0.51305569,65.1816087,54.3975988,1,0.49937571,65.1816087,54.3975988,0.448740857
29880,2988,0.519926424,1,1.12426036,0.520473717,68.4688882,59.0214394,1,0.487806728,68.4688882,59.0214394,0.436406171
29890,2989,0.511118917,1,1.12426036,0.517301374,63.5412782,62.1788475,1,0.507400907,63.5412782,62.1788475,0.450184486
29900,2990,0.521434551,1,1.18343195,0.518853721,61.3208566,56.6189002,1,0.629336657,61.3208566,56.6189002,0.460532784
29910,2991,0.529657809,1,1.17159763,0.509533243,67.1120789,55.2877428,1,0.647332294,67.1120789,55.2877428,0.457095512
29920,2992,0.535207188,1,1.21301775,0.512403646,67.7169992,60.9317508,1,0.569293586,67.7169992,60.9317508,0.436640983
29930,2993,0.536955426,1,1.24852071,0.512619136,62.2026338,61.3785742,1,0.530211762,62.2026338,61.3785742,0.425572201
29940,2994,0.526748404,1,1.19526627,0.520315659,62.0424516,55.9120027,1,0.508828922,62.0424516,55.9120027,0.420685984
29950,2995,0.518774405,1,1.16568047,0.516863132,67.7589585,55.8551065,1,0.498375244,67.7589585,55.8551065,0.43975308
29960,2996,0.514637754,1,1.12426036,0.516848759,67.4033292,61.7089167,1,0.492583333,67.4033292,61.7089167,0.451123294
29970,2997,0.518908168,1,1.14201183,0.516532879,61.5466107,60.7519606,1,0.554566859,61.5466107,60.7519606,0.456491104
29980,2998,0.515440888,1,1.20118343,0.511977378,63.1163875,54.9666924,1,0.610856364,63.1163875,54.9666924,0.461112157
29990,2999,0.536324989,1,1.15976331,0.516994874,68.3675249,57.1367189,1,0.670568331,68.3675249,57.1367189,0.437065653
30000,3000,0.534063533,1,1.23076923,0.516050153,65.3497804,62.104215,1,0.545867359,65.3497804,62.104215,0.447099786
30010,3001,0.538081843,1,1.25443787,0.510737551,60.7197001,59.3323657,1,0.537820277,60.7197001,59.3323657,0.415105264
30020,3002,0.524625393,1,1.21301775,0.517679223,63.9705032,54.8312687,1,0.518792069,63.9705032,54.8312687,0.427096954
30030,3003,0.515981589,1,1.18343195,0.518124216,68.3913003,58.3992653,1,0.50615839,68.3913003,58.3992653,0.437001934
30040,3004,0.51257983,1,1.13017751,0.515677312,64.2380278,62.6461747,1,0.542073268,64.2380278,62.6461747,0.45693805
30050,3005,0.507774112,1,1.14201183,0.508301486,60.3439245,57.9983143,1,0.555802808,60.3439245,57.9983143,0.466426979
30060,3006,0.517334723,1,1.13609467,0.515649689,65.2224473,54.8474212,1,0.608197498,65.2224473,54.8474212,0.446737762
30070,3007,0.540788751,1,1.21301775,0.51578652,67.535648,60.128051,1,0.607745501,67.535648,60.128051,0.443466366
30080,3008,0.532717885,1,1.24852071,0.51209984,62.3305031,61.9323397,1,0.534589689,62.3305031,61.9323397,0.423768606
30090,3009,0.521798649,1,1.18934911,0.517725559,60.9875292,56.4564091,1,0.515063329,60.9875292,56.4564091,0.433708346
30100,3010,0.517149518,1,1.13609467,0.51498619,66.6220686,55.1831942,1,0.510310866,66.6220686,55.1831942,0.444353869
30110,3011,0.515636524,1,1.1183432,0.515721577,67.679804,60.9436953,1,0.488388113,67.679804,60.9436953,0.450523538
30120,3012,0.512987699,1,1.12426036,0.514871966,61.8851975,61.8034674,1,0.483109282,61.8851975,61.8034674,0.45061872
30130,3013,0.527314226,1,1.20710059,0.523817646,61.7458125,56.0118799,1,0.58258238,61.7458125,56.0118799,0.445635738
30140,3014,0.517832777,1,1.13017751,0.512480869,67.5779798,56.2981995,1,0.624550435,67.5779798,56.2981995,0.449168553
30150,3015,0.536621319,1,1.15976331,0.512457683,66.3682668,61.8309044,1,0.650500928,66.3682668,61.8309044,0.435647037
30160,3016,0.533018024,1,1.21893491,0.513826437,61.1181582,60.1559399,1,0.523507447,61.1181582,60.1559399,0.423909294
30170,3017,0.513944499,1,1.19526627,0.514536813,63.4853156,54.8414168,1,0.50744358,63.4853156,54.8414168,0.447528318
30180,3018,0.512137809,1,1.13609467,0.510915161,68.7992427,57.3223422,1,0.507925638,68.7992427,57.3223422,0.451118345
30190,3019,0.507249162,1,1.08284024,0.512262331,66.271351,62.6996369,1,0.463432817,66.271351,62.6996369,0.457065085
30200,3020,0.517049859,1,1.10650888,0.521433934,61.3818479,60.2159978,1,0.491422436,61.3818479,60.2159978,0.421856305
30210,3021,0.511848814,1,1.17159763,0.523745073,64.2713644,55.2820976,1,0.535555877,64.2713644,55.2820976,0.439827009
30220,3022,0.533432787,1,1.17159763,0.518841774,68.6975742,58.99809,1,0.664437689,68.6975742,58.99809,0.444559037
30230,3023,0.533326119,1,1.25443787,0.51551,64.1942547,62.6805507,1,0.531277184,64.1942547,62.6805507,0.447480802
30240,3024,0.511775414,1,1.19526627,0.506600979,60.8743777,57.6957534,1,0.50285521,60.8743777,57.6957534,0.460703006
30250,3025,0.512583,1,1.18343195,0.505279241,65.8087028,54.5808575,1,0.506812429,65.8087028,54.5808575,0.448865372
30260,3026,0.517934016,1,1.15976331,0.514046713,68.6398561,59.4846243,1,0.493494388,68.6398561,59.4846243,0.435566401
30270,3027,0.508037941,1,1.10059172,0.516197457,63.5766804,62.3023928,1,0.456363332,63.5766804,62.3023928,0.445726371
30280,3028,0.513989779,1,1.15384615,0.52111277,61.3442343,57.2563512,1,0.525183215,61.3442343,57.2563512,0.42444779
30290,3029,0.528305598,1,1.17751479,0.519619196,67.0840662,55.74354,1,0.643313828,67.0840662,55.74354,0.456603536
30300,3030,0.53764708,1,1.21893491,0.515368721,67.6326068,61.6292333,1,0.621376674,67.6326068,61.6292333,0.454707673
30310,3031,0.535638777,1,1.23076923,0.515563762,61.8821264,61.5523828,1,0.530452995,61.8821264,61.5523828,0.442384142
30320,3032,0.532650687,1,1.24260355,0.507735062,61.8494305,55.9273961,1,0.543498888,61.8494305,55.9273961,0.432698596
30330,3033,0.527255487,1,1.20118343,0.520358916,67.3391134,56.2918337,1,0.508672588,67.3391134,56.2918337,0.423212802
30340,3034,0.519906475,1,1.16568047,0.517110669,67.0111267,61.8738294,1,0.498041142,67.0111267,61.8738294,0.430124868
30350,3035,0.518176187,1,1.11242604,0.518478535,61.3109632,60.8943911,1,0.517178319,61.3109632,60.8943911,0.444899857
30360,3036,0.517228452,1,1.17159763,0.513600593,62.7689022,55.0942798,1,0.564142291,62.7689022,55.0942798,0.460041658
30370,3037,0.51933824,1,1.15384615,0.51616805,68.3129036,56.950328,1,0.593278683,68.3129036,56.950328,0.449726186
30380,3038,0.51868981,1,1.13609467,0.516573924,66.1278729,62.1124194,1,0.633314442,66.1278729,62.1124194,0.431191733
30390,3039,0.540706791,1,1.18343195,0.518911727,61.3117319,59.0596019,1,0.5613635,61.3117319,59.0596019,0.438629582
30400,3040,0.529234333,1,1.22485207,0.518846471,64.7519247,54.6467635,1,0.522112697,64.7519247,54.6467635,0.430412411
30410,3041,0.524844842,1,1.18934911,0.517050562,69.1173621,58.16187,1,0.516614897,69.1173621,58.16187,0.431133213
30420,3042,0.514430862,1,1.14201183,0.519413506,65.2677725,62.531802,1,0.496364613,65.2677725,62.531802,0.447978007
30430,3043,0.51381348,1,1.1183432,0.51518672,61.0974851,58.701681,1,0.47565273,61.0974851,58.701681,0.435558025
30440,3044,0.52187658,1,1.16568047,0.523352186,65.5185575,54.9679606,1,0.552623392,65.5185575,54.9679606,0.445135105
30450,3045,0.526228028,1,1.17751479,0.517307572,68.8365598,59.8412119,1,0.636840025,68.8365598,59.8412119,0.453505203
30460,3046,0.543466871,1,1.22485207,0.519436909,63.5507726,62.3340226,1,0.624065306,63.5507726,62.3340226,0.449547123
30470,3047,0.533304219,1,1.20710059,0.51414256,61.5503702,56.8826491,1,0.550026177,61.5503702,56.8826491,0.44667796
30480,3048,0.526882125,1,1.17159763,0.513225604,67.0530441,55.329907,1,0.515731777,67.0530441,55.329907,0.439811877
30490,3049,0.522031284,1,1.16568047,0.518918662,68.3934866,60.8538772,1,0.502580554,68.3934866,60.8538772,0.43725227
30500,3050,0.518353058,1,1.14201183,0.516944193,62.8280765,62.1105255,1,0.496213967,62.8280765,62.1105255,0.438886133
30510,3051,0.513380508,1,1.11242604,0.516810565,61.984649,56.3046124,1,0.521732519,61.984649,56.3046124,0.451296602
30520,3052,0.507202453,1,1.16568047,0.513006904,67.9069109,55.7878523,1,0.541115272,67.9069109,55.7878523,0.457289586
30530,3053,0.525466526,1,1.16568047,0.51791368,67.5068121,61.5420423,1,0.632202861,67.5068121,61.5420423,0.443698689
30540,3054,0.542555171,1,1.17751479,0.517306662,61.9047113,60.5306218,1,0.637583236,61.9047113,60.5306218,0.437897782
30550,3055,0.53382061,1,1.20118343,0.518338483,63.6283928,55.1353837,1,0.533422189,63.6283928,55.1353837,0.435683996
30560,3056,0.52670777,1,1.20710059,0.517002671,68.9385809,57.0320388,1,0.516770829,68.9385809,57.0320388,0.433749301
30570,3057,0.518646667,1,1.15976331,0.51812347,66.738688,62.3613019,1,0.50134702,66.738688,62.3613019,0.443497226
30580,3058,0.513347766,1,1.14201183,0.515379406,61.5071084,60.0734531,1,0.479247501,61.5071084,60.0734531,0.439227919
30590,3059,0.515698284,1,1.13017751,0.516462065,64.304544,55.1157329,1,0.504697942,64.304544,55.1157329,0.437885154
30600,3060,0.519037463,1,1.23076923,0.521015012,69.0906308,58.408593,1,0.565067853,69.0906308,58.408593,0.446879747
30610,3061,0.53499522,1,1.16568047,0.520806742,65.1844414,62.7687433,1,0.66219877,65.1844414,62.7687433,0.450307097
30620,3062,0.536287611,1,1.19526627,0.516610853,61.534722,58.2628001,1,0.576626169,61.534722,58.2628001,0.446047569
30630,3063,0.520559433,1,1.20710059,0.51279007,66.4946966,55.1194858,1,0.494499522,66.4946966,55.1194858,0.451701402
30640,3064,0.519005269,1,1.17159763,0.506882953,69.5540028,59.9770909,1,0.517361383,69.5540028,59.9770909,0.441592616
30650,3065,0.524968044,1,1.21893491,0.520399545,64.6509354,62.7178201,1,0.50403177,64.6509354,62.7178201,0.432083615
30660,3066,0.510274271,1,1.10650888,0.51645442,61.7877633,57.6931778,1,0.457926069,61.7877633,57.6931778,0.444857429
30670,3067,0.513508847,1,1.15384615,0.523535469,66.4889447,55.2985165,1,0.485047664,66.4889447,55.2985165,0.405841291
30680,3068,0.515068819,1,1.21301775,0.520613443,68.57831,60.6791725,1,0.554403451,68.57831,60.6791725,0.444006143
30690,3069,0.538337161,1,1.18343195,0.519462947,62.8611763,61.7493521,1,0.666362922,62.8611763,61.7493521,0.447417983
30700,3070,0.53593757,1,1.19526627,0.51538808,62.669552,55.9720133,1,0.575318352,62.669552,55.9720133,0.44465507
30710,3071,0.533506466,1,1.20710059,0.515066838,68.2652614,56.2486844,1,0.524790716,68.2652614,56.2486844,0.430965003
30720,3072,0.521494371,1,1.18934911,0.516501124,67.8115288,61.9257466,1,0.502060096,67.8115288,61.9257466,0.438089643
30730,3073,0.522022802,1,1.17751479,0.519462826,62.220637,61.41037,1,0.507635417,62.220637,61.41037,0.431891975
30740,3074,0.513618288,1,1.13017751,0.515864873,63.2869397,55.6400862,1,0.515743851,63.2869397,55.6400862,0.451382999
30750,3075,0.508764825,1,1.15384615,0.513048312,69.0359863,57.2056396,1,0.535944911,69.0359863,57.2056396,0.458338228
30760,3076,0.529273905,1,1.19526627,0.516926955,66.6929777,62.6890012,1,0.624999807,66.6929777,62.6890012,0.458689565
30770,3077,0.519166586,1,1.11242604,0.506727213,61.5627766,59.8656127,1,0.663183379,61.5627766,59.8656127,0.450446761
30780,3078,0.544911159,1,1.20710059,0.517982173,64.9992977,55.461604,1,0.593477428,64.9992977,55.461604,0.429703146
30790,3079,0.527721887,1,1.20710059,0.516996789,69.2091747,59.2590927,1,0.510834262,69.2091747,59.2590927,0.436120508
30800,3080,0.529882499,1,1.21301775,0.517225154,65.7252305,63.3136214,1,0.520688744,65.7252305,63.3136214,0.411211737
30810,3081,0.515361466,1,1.17159763,0.515598433,61.6839936,59.139547,1,0.51041729,61.6839936,59.139547,0.44691244
30820,3082,0.508566266,1,1.14201183,0.513842303,66.4145678,55.4119029,1,0.525062716,66.4145678,55.4119029,0.463289388
30830,3083,0.510028331,1,1.14792899,0.510407048,69.7404648,60.3256134,1,0.537558088,69.7404648,60.3256134,0.456421264
30840,3084,0.520494358,1,1.17159763,0.51645416,64.5790505,63.0215693,1,0.604390098,64.5790505,63.0215693,0.447929986
30850,3085,0.541716551,1,1.17751479,0.517475496,62.6984647,57.5597358,1,0.627464018,62.6984647,57.5597358,0.444347991
30860,3086,0.534499291,1,1.16568047,0.50542122,67.9946467,55.9657039,1,0.641509503,67.9946467,55.9657039,0.425451253
30870,3087,0.52948275,1,1.22485207,0.517309744,68.7826335,61.4825185,1,0.513926826,68.7826335,61.4825185,0.428677385
30880,3088,0.519763673,1,1.19526627,0.517155462,63.1138603,62.2660919,1,0.506106118,63.1138603,62.2660919,0.440205553
30890,3089,0.515972578,1,1.13609467,0.516155055,62.5702585,56.5131713,1,0.499381899,62.5702585,56.5131713,0.444503572
30900,3090,0.510830419,1,1.11242604,0.514672415,68.488343,56.3263824,1,0.491708845,68.488343,56.3263824,0.455463958
30910,3091,0.522711024,1,1.17159763,0.519959713,68.059097,62.143971,1,0.567747682,68.059097,62.143971,0.448723295
30920,3092,0.527794637,1,1.12426036,0.516472278,62.1445507,60.8844294,1,0.655561265,62.1445507,60.8844294,0.46516717
30930,3093,0.535501719,1,1.14792899,0.512113957,63.8089614,55.5357112,1,0.668701205,63.8089614,55.5357112,0.430900048
30940,3094,0.531039149,1,1.17159763,0.51902435,68.9099407,58.1130239,1,0.510291146,68.9099407,58.1130239,0.439624173
30950,3095,0.530075106,1,1.22485207,0.515994447,66.5494274,63.0794578,1,0.512661931,66.5494274,63.0794578,0.422989421
30960,3096,0.521610842,1,1.20118343,0.520309006,61.632397,60.4643536,1,0.515725156,61.632397,60.4643536,0.42839979
30970,3097,0.517428422,1,1.16568047,0.519290641,64.5243321,55.5994157,1,0.501501559,64.5243321,55.5994157,0.435352746
30980,3098,0.520164466,1,1.19526627,0.516878704,69.1437602,59.3560279,1,0.569668836,69.1437602,59.3560279,0.458007329
30990,3099,0.516277804,1,1.16568047,0.511691349,64.9732228,63.5918528,1,0.604367906,64.9732228,63.5918528,0.457259619
31000,3100,0.532061889,1,1.15384615,0.512699685,61.3261505,58.9696693,1,0.661917154,61.3261505,58.9696693,0.452904606
31010,3101,0.535057687,1,1.16568047,0.512196207,66.3268274,56.0332238,1,0.60530962,66.3268274,56.0332238,0.44608409
31020,3102,0.532978067,1,1.21301775,0.5199639,68.7343476,61.0307367,1,0.510698025,68.7343476,61.0307367,0.426706728
31030,3103,0.523780952,1,1.14792899,0.516398394,63.5747246,63.3244552,1,0.521447415,63.5747246,63.3244552,0.434345415
31040,3104,0.513213654,1,1.15384615,0.518508471,61.5714333,57.7622509,1,0.513109237,61.5714333,57.7622509,0.454766297
31050,3105,0.51006409,1,1.10650888,0.510995916,67.2133457,55.865446,1,0.503177776,67.2133457,55.865446,0.457863863
31060,3106,0.515946231,1,1.17751479,0.516293318,68.4816354,61.6576781,1,0.548520916,68.4816354,61.6576781,0.45611241
31070,3107,0.507550691,1,1.15976331,0.511370311,62.6618036,62.3686846,1,0.597050679,62.6618036,62.3686846,0.451007891
31080,3108,0.532856164,1,1.13017751,0.515719862,62.7861252,56.8481876,1,0.67095395,62.7861252,56.8481876,0.424761282
31090,3109,0.534676477,1,1.23076923,0.517661267,68.306957,57.6924377,1,0.512608081,68.306957,57.6924377,0.42961619
31100,3110,0.520349046,1,1.20118343,0.516948411,66.9744146,63.2784475,1,0.50456012,66.9744146,63.2784475,0.441749983
31110,3111,0.515616357,1,1.15384615,0.515486476,61.2491898,61.7842031,1,0.501284794,61.2491898,61.7842031,0.45515434
31120,3112,0.510651053,1,1.14201183,0.512339208,62.8415902,56.0942895,1,0.482043124,62.8415902,56.0942895,0.454503147
31130,3113,0.514056727,1,1.1183432,0.516403801,68.308684,57.8349397,1,0.483839485,68.308684,57.8349397,0.441346638
31140,3114,0.513098998,1,1.18934911,0.518544973,65.9595756,63.1653722,1,0.541331747,65.9595756,63.1653722,0.448084821
31150,3115,0.535695864,1,1.17159763,0.518525078,61.0909845,59.9568227,1,0.666137357,61.0909845,59.9568227,0.44852136
31160,3116,0.534544182,1,1.17751479,0.513564101,64.884443,55.5397876,1,0.612254436,64.884443,55.5397876,0.447878142
31170,3117,0.532908749,1,1.21893491,0.517408128,68.7316648,59.7178398,1,0.523109504,68.7316648,59.7178398,0.436888105
31180,3118,0.523828297,1,1.18934911,0.517844709,64.4082321,63.4047623,1,0.504710555,64.4082321,63.4047623,0.437079252
31190,3119,0.523732009,1,1.17751479,0.521652591,60.9031608,59.1963421,1,0.503736698,60.9031608,59.1963421,0.421299239
31200,3120,0.508530473,1,1.13609467,0.514894402,65.7212928,55.7342573,1,0.500646469,65.7212928,55.7342573,0.456384209
31210,3121,0.514802784,1,1.15384615,0.513181438,68.8338147,60.6770541,1,0.525794896,68.8338147,60.6770541,0.44931923
31220,3122,0.51588285,1,1.17159763,0.517386452,63.4847922,63.2519553,1,0.57769154,63.4847922,63.2519553,0.45665466
31230,3123,0.531098129,1,1.14792899,0.516628754,61.6668668,57.8826139,1,0.654671598,61.6668668,57.8826139,0.436057371
31240,3124,0.537744479,1,1.20710059,0.514508129,67.2829579,56.7757089,1,0.571925441,67.2829579,56.7757089,0.440318056
31250,3125,0.529923876,1,1.24260355,0.518415058,67.9495422,62.3553784,1,0.514034014,67.9495422,62.3553784,0.432257364
31260,3126,0.516653066,1,1.19526627,0.514563347,62.0940116,62.6840861,1,0.505605328,62.0940116,62.6840861,0.451134581
31270,3127,0.513591881,1,1.15384615,0.513163958,62.0004341,56.7760076,1,0.502820014,62.0004341,56.7760076,0.454524583
31280,3128,0.511081959,1,1.11242604,0.511858133,67.9941962,56.8831992,1,0.489366792,67.9941962,56.8831992,0.461132345
31290,3129,0.508391758,1,1.13017751,0.515198692,67.5923772,62.7060427,1,0.498701639,67.5923772,62.7060427,0.448976248
31300,3130,0.528486339,1,1.16568047,0.524495173,61.9520417,61.517435,1,0.616886223,61.9520417,61.517435,0.443401143
31310,3131,0.540508198,1,1.17159763,0.519943847,64.0473245,56.0259219,1,0.642298166,64.0473245,56.0259219,0.452127949
31320,3132,0.536179818,1,1.19526627,0.510333237,69.1503164,58.4311895,1,0.57807386,69.1503164,58.4311895,0.433956877
31330,3133,0.523708533,1,1.20710059,0.513293324,66.1539049,63.2377221,1,0.515561673,66.1539049,63.2377221,0.435694626
31340,3134,0.513925691,1,1.19526627,0.515437818,61.3929651,59.8451714,1,0.513502756,61.3929651,59.8451714,0.449693833
31350,3135,0.50818795,1,1.10650888,0.509184589,64.9888834,55.1287398,1,0.492697682,64.9888834,55.1287398,0.456221648
31360,3136,0.514780999,1,1.10059172,0.515434646,69.3764803,58.8865397,1,0.488849393,69.3764803,58.8865397,0.444373549
31370,3137,0.519621009,1,1.15976331,0.520557138,65.2674092,62.9588167,1,0.558624676,65.2674092,62.9588167,0.445011175
31380,3138,0.509237997,1,1.17159763,0.515191927,61.422058,58.7082827,1,0.565321145,61.422058,58.7082827,0.44090926
31390,3139,0.538674956,1,1.15384615,0.517485414,66.4368205,55.7526382,1,0.650388246,66.4368205,55.7526382,0.447766823
31400,3140,0.529995061,1,1.23076923,0.513372544,68.7010498,61.0214939,1,0.524757823,68.7010498,61.0214939,0.441136071
31410,3141,0.525335138,1,1.21893491,0.514045275,63.3612336,62.9611259,1,0.512022397,63.3612336,62.9611259,0.437013871
31420,3142,0.52267242,1,1.18934911,0.519843225,61.6433114,57.5348186,1,0.506439463,61.6433114,57.5348186,0.437827257
31430,3143,0.518407839,1,1.12426036,0.517873619,67.121295,55.9098141,1,0.494529396,67.121295,55.9098141,0.439532722
31440,3144,0.516115131,1,1.17159763,0.519662343,68.2736662,61.7076985,1,0.527638535,68.2736662,61.7076985,0.454715091
31450,3145,0.509117841,1,1.15384615,0.51267404,62.4406018,62.6692884,1,0.537867516,62.4406018,62.6692884,0.454753302
31460,3146,0.535990373,1,1.18343195,0.519886295,62.8366077,56.7222794,1,0.658389451,62.8366077,56.7222794,0.45847533
31470,3147,0.53322503,1,1.15384615,0.508901024,68.4807073,57.502075,1,0.653272172,68.4807073,57.502075,0.43828567
31480,3148,0.535029744,1,1.21893491,0.5185107,67.0670342,62.8323695,1,0.524650016,67.0670342,62.8323695,0.424197893
31490,3149,0.524015071,1,1.21893491,0.516641397,61.6841003,61.3184362,1,0.513964439,61.6841003,61.3184362,0.4301367
31500,3150,0.516027721,1,1.15384615,0.515769337,63.5997858,55.8295842,1,0.502750506,63.5997858,55.8295842,0.447196046
31510,3151,0.512700668,1,1.13017751,0.513529264,68.9628656,58.1513232,1,0.494440175,68.9628656,58.1513232,0.449543466
31520,3152,0.505183656,1,1.12426036,0.515946677,66.5768648,63.4617373,1,0.48292624,66.5768648,63.4617373,0.447831708
31530,3153,0.515088154,1,1.17751479,0.518025387,61.6868187,60.4981868,1,0.562103949,61.6868187,60.4981868,0.439843856
31540,3154,0.535025205,1,1.14792899,0.512552409,65.6882645,56.0936123,1,0.651832862,65.6882645,56.0936123,0.457752709
31550,3155,0.532713874,1,1.20118343,0.515200115,69.3179781,60.4915666,1,0.551024504,69.3179781,60.4915666,0.438642498
31560,3156,0.528045478,1,1.23668639,0.519557692,64.683407,63.7640642,1,0.505697432,64.683407,63.7640642,0.436422319
31570,3157,0.526151099,1,1.17751479,0.518507287,61.4447194,59.2232301,1,0.510455243,61.4447194,59.2232301,0.429036845
31580,3158,0.513859546,1,1.14201183,0.513473585,66.4772133,56.11432,1,0.505165293,66.4772133,56.11432,0.455026611
31590,3159,0.503897785,1,1.10059172,0.509666425,69.3477731,61.4514936,1,0.482615768,69.3477731,61.4514936,0.466166132
31600,3160,0.520162741,1,1.14792899,0.519052593,63.9518821,63.5794652,1,0.572211986,63.9518821,63.5794652,0.44617972
31610,3161,0.514939595,1,1.10650888,0.512006662,62.412882,57.8492287,1,0.634936948,62.412882,57.8492287,0.456408225
31620,3162,0.540858729,1,1.18343195,0.516550486,67.9444392,57.1916455,1,0.635599168,67.9444392,57.1916455,0.428500486
31630,3163,0.530468136,1,1.22485207,0.515135127,67.9658061,62.8350709,1,0.508820312,67.9658061,62.8350709,0.434112752
31640,3164,0.5257225,1,1.18343195,0.519380428,62.3587731,62.630034,1,0.51170553,62.3587731,62.630034,0.431598507
31650,3165,0.51747922,1,1.15976331,0.514932696,62.6907601,56.8534111,1,0.510551105,62.6907601,56.8534111,0.445088835
31660,3166,0.517175342,1,1.13609467,0.519295711,68.4640434,57.5307131,1,0.49481784,68.4640434,57.5307131,0.447144374
31670,3167,0.513050104,1,1.14792899,0.515713418,67.5134958,63.4624164,1,0.517157079,67.5134958,63.4624164,0.462106348
31680,3168,0.515674705,1,1.15384615,0.514347878,61.7648749,61.8596793,1,0.566567211,61.7648749,61.8596793,0.459066514
31690,3169,0.533411302,1,1.14792899,0.517918617,64.209723,56.4823562,1,0.655889198,64.209723,56.4823562,0.454386153
31700,3170,0.53584397,1,1.20710059,0.514584476,69.1851227,59.5154821,1,0.60133424,69.1851227,59.5154821,0.448234243
31710,3171,0.532719037,1,1.23076923,0.514440238,65.9932195,63.9953135,1,0.52217241,65.9932195,63.9953135,0.423126821
31720,3172,0.519289267,1,1.21301775,0.517729555,61.6129942,60.2699639,1,0.510704419,61.6129942,60.2699639,0.442321764
31730,3173,0.510029428,1,1.13017751,0.507520703,65.499943,55.8493738,1,0.510911427,65.499943,55.8493738,0.452801848
31740,3174,0.505953061,1,1.10059172,0.510777421,69.6807521,60.1251893,1,0.487624635,69.6807521,60.1251893,0.460008769
31750,3175,0.510893278,1,1.1183432,0.513378115,65.457907,64.0373192,1,0.497433315,65.457907,64.0373192,0.442806949
31760,3176,0.521199891,1,1.18343195,0.521578643,62.0291938,59.3710127,1,0.583874698,62.0291938,59.3710127,0.445427065
31770,3177,0.539656942,1,1.16568047,0.51868999,67.1631984,56.5654481,1,0.667043248,67.1631984,56.5654481,0.45004402
31780,3178,0.531751192,1,1.23076923,0.514477762,69.0993523,62.0774837,1,0.53383197,69.0993523,62.0774837,0.449399521
31790,3179,0.5243032,1,1.20710059,0.511281509,63.4965156,63.5450892,1,0.50845706,63.4965156,63.5450892,0.445527717
31800,3180,0.520788985,1,1.18934911,0.513472562,62.1307642,58.0672696,1,0.507758879,62.1307642,58.0672696,0.434270009
31810,3181,0.525816176,1,1.19526627,0.522338932,67.5246597,56.8753917,1,0.498207731,67.5246597,56.8753917,0.424923812
31820,3182,0.5147007,1,1.12426036,0.519087885,68.6437759,62.5102657,1,0.489383889,68.6437759,62.5102657,0.441917723
31830,3183,0.516646491,1,1.15384615,0.518121462,62.8156255,62.9756969,1,0.540571488,62.8156255,62.9756969,0.449746565
31840,3184,0.530472526,1,1.16568047,0.51831165,63.1846066,57.0365769,1,0.64303188,63.1846066,57.0365769,0.457736218
31850,3185,0.537391993,1,1.18934911,0.515439399,68.9395075,58.3651633,1,0.614597732,68.9395075,58.3651633,0.454328468
31860,3186,0.532700579,1,1.25443787,0.512894417,67.140161,63.8841748,1,0.543368218,67.140161,63.8841748,0.446532568
31870,3187,0.521509024,1,1.21893491,0.510694435,61.8562682,61.7122579,1,0.513160203,61.8562682,61.7122579,0.439450609
31880,3188,0.518042678,1,1.18934911,0.517142636,64.408798,56.5473734,1,0.508665349,64.408798,56.5473734,0.443169327
31890,3189,0.508992487,1,1.10650888,0.511604167,69.6516611,59.2195903,1,0.481544415,69.6516611,59.2195903,0.452660494
31900,3190,0.516322168,1,1.13017751,0.516769456,66.7006937,64.0582393,1,0.494723851,66.7006937,64.0582393,0.435962741
31910,3191,0.519420827,1,1.17159763,0.521963682,62.0037836,60.6350708,1,0.559000059,62.0037836,60.6350708,0.447074962
31920,3192,0.536494991,1,1.16568047,0.521533938,65.9865126,56.3368451,1,0.661181884,65.9865126,56.3368451,0.450751337
31930,3193,0.534411336,1,1.21301775,0.514747428,69.558443,61.0565765,1,0.567235624,69.558443,61.0565765,0.455307635
31940,3194,0.517489059,1,1.20118343,0.50716516,64.4289518,64.0942663,1,0.500103433,64.4289518,64.0942663,0.458575356
31950,3195,0.519659211,1,1.19526627,0.510414575,61.6677195,59.0697961,1,0.512495405,61.6677195,59.0697961,0.4410162
31960,3196,0.523877422,1,1.15976331,0.518051587,66.6154446,56.4660049,1,0.500795847,66.6154446,56.4660049,0.430079891
31970,3197,0.515471438,1,1.15384615,0.520167279,69.2407968,61.3866102,1,0.463401177,69.2407968,61.3866102,0.429013115
31980,3198,0.514740721,1,1.13609467,0.523517144,64.4554772,63.8298476,1,0.486710165,64.4554772,63.8298476,0.41330457
31990,3199,0.515735413,1,1.19526627,0.520034753,62.5499368,58.3147864,1,0.569851673,62.5499368,58.3147864,0.448844573
32000,3200,0.53653472,1,1.18343195,0.516651615,68.4066175,57.4355481,1,0.666529752,68.4066175,57.4355481,0.455562393
32010,3201,0.539548235,1,1.20710059,0.517319829,68.5114525,63.1568844,1,0.583790298,68.5114525,63.1568844,0.440176669
32020,3202,0.531405975,1,1.23076923,0.511011293,62.78437,62.9270237,1,0.537039446,62.78437,62.9270237,0.440899494
32030,3203,0.521467081,1,1.19526627,0.5174253,63.4435268,57.2825788,1,0.504346111,63.4435268,57.2825788,0.437138669
32040,3204,0.525184385,1,1.18934911,0.51728896,68.8923517,57.8080396,1,0.513033726,68.8923517,57.8080396,0.421084832
32050,3205,0.513477752,1,1.09467456,0.518137855,67.9097966,63.4435491,1,0.490729174,67.9097966,63.4435491,0.44004022
32060,3206,0.515085744,1,1.14792899,0.519727671,62.243667,61.9854962,1,0.517786679,62.243667,61.9854962,0.450055509
32070,3207,0.528093664,1,1.18343195,0.519756526,64.5317872,56.4517389,1,0.626629627,64.5317872,56.4517389,0.460627071
32080,3208,0.526112963,1,1.15384615,0.509081504,69.6565271,59.3212679,1,0.655682269,69.6565271,59.3212679,0.45180215
32090,3209,0.541149757,1,1.21893491,0.51936196,66.2034104,63.8088673,1,0.570725473,66.2034104,63.8088673,0.435567807
32100,3210,0.526056714,1,1.22485207,0.515983367,61.9262509,60.0640116,1,0.511783872,61.9262509,60.0640116,0.437299656
32110,3211,0.523231394,1,1.20710059,0.513796336,65.6282166,55.9958655,1,0.507214822,65.6282166,55.9958655,0.423107431
32120,3212,0.524638887,1,1.16568047,0.522114208,69.672528,59.9821505,1,0.497141004,69.672528,59.9821505,0.436818266
32130,3213,0.51112598,1,1.10059172,0.51169061,65.3789234,64.1714446,1,0.485403288,65.3789234,64.1714446,0.461443743
32140,3214,0.51319778,1,1.15976331,0.516849096,61.750728,59.5275367,1,0.531829949,61.750728,59.5275367,0.453322275
32150,3215,0.52859868,1,1.17751479,0.520106628,66.6478016,56.3932386,1,0.624056629,66.6478016,56.3932386,0.447247699
32160,3216,0.532349384,1,1.14201183,0.514363344,69.2624112,61.4477049,1,0.665225272,69.2624112,61.4477049,0.437744444
32170,3217,0.540794644,1,1.25443787,0.520454363,63.8266951,63.2358199,1,0.540230009,63.8266951,63.2358199,0.440174553
32180,3218,0.523965418,1,1.20118343,0.512157886,62.378062,57.5999181,1,0.504768537,62.378062,57.5999181,0.447623095
32190,3219,0.521121814,1,1.18343195,0.51586487,67.8464805,56.3317232,1,0.511689196,67.8464805,56.3317232,0.431811372
32200,3220,0.517420658,1,1.13609467,0.51944889,68.9417009,61.9219685,1,0.489001739,68.9417009,61.9219685,0.438193911
32210,3221,0.518584942,1,1.10650888,0.519910465,63.3237342,62.7525962,1,0.50819432,63.3237342,62.7525962,0.436849208
32220,3222,0.511045526,1,1.15384615,0.513948632,63.1117024,56.6941049,1,0.561573098,63.1117024,56.6941049,0.466323117
32230,3223,0.529123193,1,1.17159763,0.514228925,68.9593486,57.2530145,1,0.648724439,68.9593486,57.2530145,0.451868876
32240,3224,0.5392,1,1.22485207,0.517371085,67.4591271,62.9344561,1,0.610536889,67.4591271,62.9344561,0.452013531
32250,3225,0.53909946,1,1.23668639,0.513576596,62.0726894,61.2381459,1,0.576196756,62.0726894,61.2381459,0.434402123
32260,3226,0.530701008,1,1.23076923,0.513924661,64.0744737,56.0704913,1,0.522343503,64.0744737,56.0704913,0.426294025
32270,3227,0.517417181,1,1.19526627,0.518910376,69.243964,58.6210688,1,0.507084178,69.243964,58.6210688,0.443420507
32280,3228,0.514412753,1,1.0887574,0.514045454,66.702269,63.7793315,1,0.499482437,66.702269,63.7793315,0.442343729
32290,3229,0.511220566,1,1.12426036,0.517264639,61.5853205,60.9672426,1,0.475913219,61.5853205,60.9672426,0.449134648
32300,3230,0.519502994,1,1.17751479,0.52037241,64.92475,56.2373892,1,0.564756197,64.92475,56.2373892,0.445379317
32310,3231,0.531734099,1,1.15384615,0.521046259,69.1444802,60.2398434,1,0.659886605,69.1444802,60.2398434,0.44738399
32320,3232,0.539137317,1,1.20118343,0.516196937,64.6449786,63.9146083,1,0.597007235,64.6449786,63.9146083,0.446878797
32330,3233,0.529425182,1,1.20710059,0.514485945,61.5906761,59.0998535,1,0.522002071,61.5906761,59.0998535,0.438600707
32340,3234,0.5229526,1,1.18343195,0.520663513,66.6064787,56.4165461,1,0.495422399,66.6064787,56.4165461,0.437572746
32350,3235,0.517883624,1,1.17159763,0.51486351,69.2958966,61.5445904,1,0.50556537,69.2958966,61.5445904,0.445422522
32360,3236,0.513694274,1,1.14792899,0.513867209,63.9410226,64.0407931,1,0.488884946,63.9410226,64.0407931,0.454469609
32370,3237,0.511797288,1,1.11242604,0.515985044,61.7090192,58.6645216,1,0.492519089,61.7090192,58.6645216,0.447783065
32380,3238,0.526343188,1,1.20118343,0.52308723,67.2063731,57.0416803,1,0.581972043,67.2063731,57.0416803,0.440914287
32390,3239,0.531168321,1,1.16568047,0.51678845,68.0801558,62.889107,1,0.663272328,68.0801558,62.889107,0.454796234
32400,3240,0.533987792,1,1.22485207,0.514072577,62.2960824,62.7445805,1,0.55276225,62.2960824,62.7445805,0.445067599
32410,3241,0.523505318,1,1.20710059,0.513954694,62.8575506,56.9885375,1,0.509194737,62.8575506,56.9885375,0.444874011
32420,3242,0.522084164,1,1.18934911,0.514322831,68.509601,57.7467433,1,0.511280973,68.509601,57.7467433,0.438667629
32430,3243,0.520698967,1,1.15976331,0.515979916,67.6851546,63.3114707,1,0.503980534,67.6851546,63.3114707,0.432728393
32440,3244,0.517754663,1,1.15384615,0.521602225,62.0453624,62.2878958,1,0.478806073,62.0453624,62.2878958,0.440917293
32450,3245,0.515521248,1,1.14201183,0.515420479,63.7453081,56.5604279,1,0.552601251,63.7453081,56.5604279,0.459570834
32460,3246,0.517001992,1,1.17159763,0.512419657,69.1511818,59.0402508,1,0.611453869,69.1511818,59.0402508,0.45750152
32470,3247,0.537742761,1,1.17159763,0.518720567,66.0515208,63.9715069,1,0.668181652,66.0515208,63.9715069,0.448041004
32480,3248,0.531165505,1,1.16568047,0.50843091,61.463849,60.4254773,1,0.586421915,61.463849,60.4254773,0.446028218
32490,3249,0.536525865,1,1.27810651,0.512490058,65.2136447,56.381681,1,0.52081106,65.2136447,56.381681,0.424217032
32500,3250,0.520513797,1,1.18934911,0.516659136,69.1808391,60.5094195,1,0.508275143,69.1808391,60.5094195,0.44039289
32510,3251,0.515443261,1,1.16568047,0.516466463,65.0959645,64.4379014,1,0.493993968,65.0959645,64.4379014,0.435952133
32520,3252,0.511708196,1,1.09467456,0.516006167,61.3230808,60.0826269,1,0.483629396,61.3230808,60.0826269,0.443246946
32530,3253,0.51829886,1,1.18343195,0.52353834,66.1456731,56.9333715,1,0.546539262,66.1456731,56.9333715,0.443060942
32540,3254,0.528631469,1,1.14201183,0.515975992,68.6425041,62.3867554,1,0.662223141,68.6425041,62.3867554,0.461368948
32550,3255,0.536918124,1,1.20118343,0.515128968,63.0692097,63.9734677,1,0.598103375,63.0692097,63.9734677,0.44575092
32560,3256,0.533198906,1,1.23668639,0.515788608,61.9968313,58.341632,1,0.525034918,61.9968313,58.341632,0.441001879
32570,3257,0.528801172,1,1.22485207,0.511936223,67.5373526,57.4630723,1,0.510041137,67.5373526,57.4630723,0.431518882
32580,3258,0.525724526,1,1.18343195,0.521422764,68.2001306,62.9580108,1,0.505289757,68.2001306,62.9580108,0.425751159
32590,3259,0.515228992,1,1.13609467,0.515383248,62.3972886,63.4441003,1,0.498220363,62.3972886,63.4441003,0.447935816
32600,3260,0.512415206,1,1.13609467,0.515654153,62.3251672,57.5736031,1,0.493966235,62.3251672,57.5736031,0.451610786
32610,3261,0.521510003,1,1.16568047,0.517739774,68.2176126,58.086986,1,0.568196766,68.2176126,58.086986,0.454982115
32620,3262,0.523220347,1,1.15384615,0.514773574,66.9808765,63.9523464,1,0.640604651,66.9808765,63.9523464,0.461102154
32630,3263,0.538613829,1,1.16568047,0.514315564,61.6172175,62.0556958,1,0.645599357,61.6172175,62.0556958,0.437624854
32640,3264,0.529568066,1,1.20710059,0.518938978,64.2977956,57.0146589,1,0.501268364,64.2977956,57.0146589,0.439186661
32650,3265,0.528720738,1,1.22485207,0.516336774,69.2498351,59.4846761,1,0.517262665,69.2498351,59.4846761,0.425682054
32660,3266,0.516236246,1,1.18934911,0.515998589,66.3775169,64.4226406,1,0.511445369,66.3775169,64.4226406,0.439430144
32670,3267,0.515062634,1,1.15384615,0.516240304,61.6398916,61.084499,1,0.515231645,61.6398916,61.084499,0.445810767
32680,3268,0.516929282,1,1.19526627,0.515931818,65.6841155,56.6548858,1,0.57848642,65.6841155,56.6548858,0.461392411
32690,3269,0.522286868,1,1.17159763,0.512948004,69.563958,61.0878327,1,0.627686739,69.563958,61.0878327,0.453155906
32700,3270,0.531380372,1,1.15976331,0.512379433,64.7673406,64.3270258,1,0.666773117,64.7673406,64.3270258,0.445223902
32710,3271,0.536589845,1,1.20710059,0.513304824,62.2089035,59.2265882,1,0.547429605,62.2089035,59.2265882,0.438934055
32720,3272,0.528814992,1,1.21893491,0.518558685,67.3511439,57.0713042,1,0.518718499,67.3511439,57.0713042,0.428896246
32730,3273,0.523055249,1,1.18934911,0.520225907,69.3637414,62.3580549,1,0.512921192,69.3637414,62.3580549,0.435144554
32740,3274,0.514248838,1,1.12426036,0.515117829,63.7253536,64.1298599,1,0.51551331,63.7253536,64.1298599,0.45463237
32750,3275,0.505363191,1,1.14201183,0.509188056,62.1760525,58.2120207,1,0.515873138,62.1760525,58.2120207,0.470560256
32760,3276,0.505034788,1,1.1183432,0.512402001,67.6924541,56.8339594,1,0.485505873,67.6924541,56.8339594,0.437378819
32770,3277,0.533792979,1,1.14792899,0.52548346,68.2167693,62.5724636,1,0.636945244,68.2167693,62.5724636,0.443262089
32780,3278,0.533430548,1,1.17159763,0.511486686,62.4240294,62.3011579,1,0.628380142,62.4240294,62.3011579,0.446083835
32790,3279,0.530333511,1,1.20118343,0.513886889,63.4866077,56.782326,1,0.51405263,63.4866077,56.782326,0.432322604
32800,3280,0.52054343,1,1.19526627,0.516930091,69.092515,58.1261893,1,0.493178672,69.092515,58.1261893,0.443441128
32810,3281,0.518981956,1,1.15384615,0.511197532,67.8083773,63.6401419,1,0.507501452,67.8083773,63.6401419,0.435500687
32820,3282,0.521320609,1,1.13609467,0.521694489,62.3667025,61.9651644,1,0.490384667,62.3667025,61.9651644,0.437971209
32830,3283,0.514294347,1,1.11242604,0.518717258,64.1870116,56.2902628,1,0.503601732,64.1870116,56.2902628,0.458438519
32840,3284,0.527481926,1,1.16568047,0.522333495,69.5145098,58.933144,1,0.610744533,69.5145098,58.933144,0.457463153
32850,3285,0.527666257,1,1.17751479,0.509244146,66.1091405,63.9259453,1,0.667259306,66.1091405,63.9259453,0.464889148
32860,3286,0.530530145,1,1.14201183,0.506857497,61.6844508,60.204141,1,0.652087605,61.6844508,60.204141,0.444757136
32870,3287,0.535920582,1,1.22485207,0.512373914,65.6421478,56.2467221,1,0.552384044,65.6421478,56.2467221,0.430525551
32880,3288,0.532773844,1,1.22485207,0.516356464,69.365194,60.2351147,1,0.515691064,69.365194,60.2351147,0.419695219
32890,3289,0.523872801,1,1.17751479,0.519247666,65.3420624,63.8279779,1,0.512482713,65.3420624,63.8279779,0.414916075
32900,3290,0.515454143,1,1.14792899,0.519296833,61.802706,59.2985523,1,0.500559421,61.802706,59.2985523,0.4421755
32910,3291,0.511513926,1,1.15384615,0.515452351,66.7044058,56.0171559,1,0.533678369,66.7044058,56.0171559,0.453743293
32920,3292,0.524257532,1,1.17159763,0.516184598,69.3348772,61.4207344,1,0.626583881,69.3348772,61.4207344,0.462294515
32930,3293,0.532260146,1,1.14792899,0.511856887,63.6980776,63.2218051,1,0.665021157,63.6980776,63.2218051,0.455195938
32940,3294,0.532124771,1,1.15976331,0.508644389,62.2655542,57.7914306,1,0.667615061,62.2655542,57.7914306,0.432011196
32950,3295,0.535467558,1,1.24852071,0.516513597,67.7978941,56.9161005,1,0.513515706,67.7978941,56.9161005,0.430858426
32960,3296,0.525253945,1,1.21301775,0.512483609,68.477157,62.3526152,1,0.51840699,68.477157,62.3526152,0.421445032
32970,3297,0.520959388,1,1.17159763,0.521170181,62.8461991,62.6560241,1,0.503097907,62.8461991,62.6560241,0.433778929
32980,3298,0.510245884,1,1.08284024,0.512468855,62.7181175,56.6745036,1,0.496695393,62.7181175,56.6745036,0.460222434
32990,3299,0.512250774,1,1.13017751,0.515613969,68.6321546,56.9124219,1,0.508959765,68.6321546,56.9124219,0.455293913
33000,3300,0.513458206,1,1.16568047,0.518805463,68.0685242,62.6071202,1,0.518307207,68.0685242,62.6071202,0.440194067
33010,3301,0.53999307,1,1.17159763,0.522346902,62.4589922,61.0069055,1,0.661951558,62.4589922,61.0069055,0.44871636
33020,3302,0.53709715,1,1.21893491,0.51259797,64.5457332,55.6909255,1,0.615297173,64.5457332,55.6909255,0.439298336
33030,3303,0.5327645,1,1.21301775,0.51823638,69.4505431,58.3346144,1,0.522675563,69.4505431,58.3346144,0.428608944
33040,3304,0.522154497,1,1.18934911,0.517167843,66.4584327,63.2575635,1,0.505706405,66.4584327,63.2575635,0.443147386
33050,3305,0.519451916,1,1.17159763,0.517647558,61.6931559,60.2756459,1,0.50705186,61.6931559,60.2756459,0.432412354
33060,3306,0.51370942,1,1.14201183,0.517307678,65.147922,55.5005834,1,0.504046654,65.147922,55.5005834,0.453367617
33070,3307,0.509834872,1,1.14792899,0.512038873,69.6974094,59.3892024,1,0.533449424,69.6974094,59.3892024,0.460377988
33080,3308,0.521755366,1,1.18934911,0.516307953,65.3207659,63.2832869,1,0.604865825,65.3207659,63.2832869,0.450633365
33090,3309,0.53456269,1,1.14201183,0.513934348,62.1232572,58.3561508,1,0.654678452,62.1232572,58.3561508,0.451825567
33100,3310,0.540166632,1,1.20118343,0.514212774,66.9455901,55.7463136,1,0.614632895,66.9455901,55.7463136,0.421789268
33110,3311,0.533156831,1,1.21893491,0.516049904,69.2230007,60.737033,1,0.510181364,69.2230007,60.737033,0.421983756
33120,3312,0.521637491,1,1.16568047,0.517587526,64.0495269,62.9097189,1,0.515167197,64.0495269,62.9097189,0.431629604
33130,3313,0.517476932,1,1.14201183,0.513480551,61.9888982,57.4856886,1,0.503901161,61.9888982,57.4856886,0.446328186
33140,3314,0.513928229,1,1.11242604,0.51287621,67.6772289,55.7520176,1,0.50578694,67.6772289,55.7520176,0.457435099
33150,3315,0.514208316,1,1.14792899,0.516074707,68.9958479,61.5443053,1,0.525011831,68.9958479,61.5443053,0.45696032
33160,3316,0.50671562,1,1.12426036,0.517228585,63.2864956,62.485837,1,0.546874648,63.2864956,62.485837,0.445112749
33170,3317,0.538325606,1,1.19526627,0.515963874,63.4166606,56.6902797,1,0.659501108,63.4166606,56.6902797,0.445924522
33180,3318,0.525711947,1,1.21893491,0.513060809,69.1175477,57.7474636,1,0.514479076,69.1175477,57.7474636,0.446006282
33190,3319,0.520610807,1,1.19526627,0.512999872,67.6248436,63.2181167,1,0.511316464,67.6248436,63.2181167,0.436203435
33200,3320,0.510832611,1,1.17159763,0.510770939,61.9488255,61.3598038,1,0.507012319,61.9488255,61.3598038,0.459421477
33210,3321,0.509212108,1,1.12426036,0.50996953,63.9982583,55.8486999,1,0.479810391,63.9982583,55.8486999,0.452294881
33220,3322,0.515490572,1,1.13609467,0.519036418,69.244415,58.1790949,1,0.502490977,69.244415,58.1790949,0.441573982
33230,3323,0.511685667,1,1.18934911,0.515278176,66.4239896,63.2950413,1,0.551851879,66.4239896,63.2950413,0.449376347
33240,3324,0.527963068,1,1.13609467,0.516311742,61.8906212,59.7872206,1,0.649923435,61.8906212,59.7872206,0.440925838
33250,3325,0.539680927,1,1.21893491,0.521876356,66.0026654,55.8901404,1,0.560903418,66.0026654,55.8901404,0.43579582
33260,3326,0.528796865,1,1.21893491,0.515796271,69.6046205,60.2441824,1,0.511065316,69.6046205,60.2441824,0.434678429
33270,3327,0.525493686,1,1.18934911,0.519395898,65.0273816,63.5473204,1,0.514992736,65.0273816,63.5473204,0.434202229
33280,3328,0.50786477,1,1.10650888,0.508567492,61.6029386,58.5676446,1,0.491511251,61.6029386,58.5676446,0.464885182
33290,3329,0.514701905,1,1.12426036,0.519960246,66.2391006,55.4758479,1,0.469635824,66.2391006,55.4758479,0.428656938
33300,3330,0.505054725,1,1.14792899,0.519881321,69.2260298,60.2400323,1,0.480717663,69.2260298,60.2400323,0.432545782
33310,3331,0.530965166,1,1.17159763,0.522723287,63.8993749,62.2987203,1,0.625931747,63.8993749,62.2987203,0.439280263
33320,3332,0.532068644,1,1.14201183,0.512716186,62.5939067,56.619682,1,0.667263168,62.5939067,56.619682,0.448242613
33330,3333,0.531854748,1,1.22485207,0.515436096,68.3539987,56.1303295,1,0.528209244,68.3539987,56.1303295,0.444680099
33340,3334,0.52709509,1,1.23668639,0.514276413,68.619385,61.7892088,1,0.520151444,68.619385,61.7892088,0.435776836
33350,3335,0.525503074,1,1.21301775,0.521118765,62.9741219,61.8072847,1,0.500972382,62.9741219,61.8072847,0.434253235
33360,3336,0.518780278,1,1.14792899,0.516626668,62.9647319,55.9726646,1,0.49501216,62.9647319,55.9726646,0.448817508
33370,3337,0.517561271,1,1.1183432,0.520215142,68.7419725,56.3243726,1,0.50126369,68.7419725,56.3243726,0.445225878
33380,3338,0.514723299,1,1.14201183,0.514967933,67.7636296,62.2413298,1,0.558040706,67.7636296,62.2413298,0.461330326
33390,3339,0.523700435,1,1.18343195,0.513745475,62.1137969,60.4661791,1,0.63677055,62.1137969,60.4661791,0.455549414
33400,3340,0.536678047,1,1.18934911,0.513286126,64.4956913,55.2721606,1,0.636912128,64.4956913,55.2721606,0.43954824
33410,3341,0.533586625,1,1.27810651,0.519344863,69.2857279,58.3032581,1,0.525629264,69.2857279,58.3032581,0.436039212
33420,3342,0.527428051,1,1.19526627,0.515525372,66.1999427,62.9928064,1,0.51696259,66.1999427,62.9928064,0.431825176
33430,3343,0.521648286,1,1.20710059,0.521601637,61.6551261,59.5756394,1,0.504250739,61.6551261,59.5756394,0.437396741
33440,3344,0.516923472,1,1.13609467,0.516581145,65.0342048,55.0503414,1,0.485196931,65.0342048,55.0503414,0.434438324
33450,3345,0.516511301,1,1.11242604,0.521546891,69.3675948,58.8057436,1,0.49311231,69.3675948,58.8057436,0.441094082
33460,3346,0.520401682,1,1.15384615,0.520167856,65.1764193,62.8469367,1,0.5706887,65.1764193,62.8469367,0.447856129
33470,3347,0.521008131,1,1.18934911,0.514471373,61.5673891,58.2723273,1,0.615176219,61.5673891,58.2723273,0.448219024
33480,3348,0.54071111,1,1.17159763,0.517486463,66.7943983,55.5435359,1,0.613186295,66.7943983,55.5435359,0.453571806
33490,3349,0.528142961,1,1.24260355,0.511539505,68.876655,60.9262359,1,0.532191638,68.876655,60.9262359,0.443955142
33500,3350,0.528679491,1,1.22485207,0.518436941,63.6063016,62.7333038,1,0.516126799,63.6063016,62.7333038,0.428580423
33510,3351,0.521316833,1,1.17159763,0.518369337,61.9411225,57.3078718,1,0.508034834,61.9411225,57.3078718,0.436555468
33520,3352,0.518650432,1,1.11242604,0.520207874,67.541807,55.9629826,1,0.509231581,67.541807,55.9629826,0.443068864
33530,3353,0.511161481,1,1.13609467,0.514455252,68.5526641,61.8885841,1,0.531067308,68.5526641,61.8885841,0.462400385
33540,3354,0.518799023,1,1.18934911,0.513824269,62.6595104,62.2802164,1,0.594806562,62.6595104,62.2802164,0.454319414
33550,3355,0.527629439,1,1.16568047,0.516714531,62.9407221,56.604923,1,0.644024415,62.9407221,56.604923,0.437096632
33560,3356,0.541732988,1,1.20710059,0.515861867,68.6040401,57.4777374,1,0.628437267,68.6040401,57.4777374,0.440783164
33570,3357,0.522064834,1,1.21301775,0.513956582,66.932829,62.9831614,1,0.506238441,66.932829,62.9831614,0.442576107
33580,3358,0.517327083,1,1.19526627,0.51255145,61.5402412,60.995855,1,0.51591895,61.5402412,60.995855,0.442086166
33590,3359,0.508131785,1,1.09467456,0.510082604,63.7415562,55.4113403,1,0.499177326,63.7415562,55.4113403,0.461747337
33600,3360,0.514968051,1,1.13017751,0.512435407,68.9572199,57.5652035,1,0.468561148,68.9572199,57.5652035,0.434068921
33610,3361,0.51951995,1,1.13017751,0.52406432,66.4610654,62.6311442,1,0.517935071,66.4610654,62.6311442,0.434425028
33620,3362,0.519948245,1,1.19526627,0.521189011,61.4175725,59.6674078,1,0.5817677,61.4175725,59.6674078,0.449987211
33630,3363,0.536254615,1,1.16568047,0.512914688,65.3617684,55.1811204,1,0.659847043,65.3617684,55.1811204,0.45950485
33640,3364,0.53021425,1,1.21301775,0.513344592,69.1294693,59.7563744,1,0.558954268,69.1294693,59.7563744,0.45591782
33650,3365,0.524517406,1,1.19526627,0.512295957,64.5164411,63.1201942,1,0.504844466,64.5164411,63.1201942,0.439171577
33660,3366,0.520896293,1,1.18343195,0.510730834,61.3291742,58.4718401,1,0.500382049,61.3291742,58.4718401,0.433547809
33670,3367,0.523182884,1,1.13017751,0.517821686,65.9817689,55.5056802,1,0.501184469,65.9817689,55.5056802,0.424436568
33680,3368,0.515892668,1,1.15384615,0.521990773,68.8587371,60.5078154,1,0.486698976,68.8587371,60.5078154,0.443882167
33690,3369,0.505071886,1,1.12426036,0.511442155,63.4411288,63.0111479,1,0.524718564,63.4411288,63.0111479,0.459077752
33700,3370,0.534928015,1,1.18934911,0.520514058,61.874721,57.4441253,1,0.645173446,61.874721,57.4441253,0.444861354
33710,3371,0.516422611,1,1.11242604,0.509827214,67.4774211,56.107937,1,0.644710606,67.4774211,56.107937,0.443063887
33720,3372,0.540135086,1,1.18343195,0.514135308,67.9945725,61.5980277,1,0.638177593,67.9945725,61.5980277,0.424184152
33730,3373,0.532266024,1,1.25443787,0.518515029,62.4928394,61.7586633,1,0.515445874,62.4928394,61.7586633,0.423390587
33740,3374,0.53117585,1,1.21893491,0.518093215,62.3469057,56.3162168,1,0.521041836,62.3469057,56.3162168,0.41880021
33750,3375,0.517581308,1,1.17159763,0.519311365,68.1395037,56.562376,1,0.507928496,68.1395037,56.562376,0.445986607
33760,3376,0.513593519,1,1.13017751,0.516110152,67.5942311,62.4760567,1,0.508131008,67.5942311,62.4760567,0.456828152
33770,3377,0.514957315,1,1.16568047,0.51472442,61.6392658,61.2200082,1,0.555547086,61.6392658,61.2200082,0.468153049
33780,3378,0.510331936,1,1.14792899,0.510211287,63.2636989,55.557375,1,0.562566099,63.2636989,55.557375,0.453155916
33790,3379,0.526964853,1,1.14201183,0.515803429,68.5424129,57.7974069,1,0.648832487,68.5424129,57.7974069,0.441102476
33800,3380,0.538433868,1,1.22485207,0.51584817,65.6823781,62.6817781,1,0.557959994,65.6823781,62.6817781,0.435393318
33810,3381,0.521628072,1,1.19526627,0.512346928,61.0297144,59.3097734,1,0.501304913,61.0297144,59.3097734,0.442007891
33820,3382,0.518594033,1,1.18934911,0.514984228,64.5737286,54.8177858,1,0.503368934,64.5737286,54.8177858,0.440131695
33830,3383,0.520886063,1,1.14201183,0.516233993,69.0576071,58.3742447,1,0.495374402,69.0576071,58.3742447,0.440236401
33840,3384,0.517991562,1,1.10650888,0.5187479,65.315991,62.846578,1,0.479371298,65.315991,62.846578,0.448544361
33850,3385,0.513397012,1,1.14201183,0.51686776,61.1224974,58.8464213,1,0.507798278,61.1224974,58.8464213,0.445799882
33860,3386,0.520477226,1,1.15384615,0.520241137,65.6020706,55.1565602,1,0.589624775,65.6020706,55.1565602,0.446429963
33870,3387,0.537084039,1,1.15976331,0.518603514,68.6859786,60.0819893,1,0.663658591,68.6859786,60.0819893,0.447017337
33880,3388,0.537479217,1,1.24260355,0.519181231,63.5227377,62.4369266,1,0.532381159,63.5227377,62.4369266,0.436532779
33890,3389,0.520275547,1,1.17159763,0.512617291,61.626668,56.9660309,1,0.509022216,61.626668,56.9660309,0.445395769
33900,3390,0.513763145,1,1.17751479,0.510822628,67.3373134,55.3368433,1,0.509539929,67.3373134,55.3368433,0.45680731
33910,3391,0.511051755,1,1.0887574,0.509960771,68.8930469,61.063218,1,0.479012177,68.8930469,61.063218,0.456457118
33920,3392,0.512875404,1,1.08284024,0.516898316,63.4454903,62.3517809,1,0.476907277,63.4454903,62.3517809,0.430606202
33930,3393,0.510527664,1,1.1183432,0.521040636,62.3633652,56.8301392,1,0.487253233,62.3633652,56.8301392,0.432821497
33940,3394,0.527312368,1,1.15976331,0.521711835,68.0510873,56.5708806,1,0.621412409,68.0510873,56.5708806,0.437971373
33950,3395,0.540757157,1,1.22485207,0.51793029,67.2987551,62.4560461,1,0.612191926,67.2987551,62.4560461,0.456389074
33960,3396,0.526055332,1,1.24852071,0.51262976,61.6293193,60.8370437,1,0.513471305,61.6293193,60.8370437,0.453544037
33970,3397,0.517927881,1,1.21893491,0.508916277,63.5831073,55.2885942,1,0.508894542,63.5831073,55.2885942,0.452491979
33980,3398,0.522171502,1,1.20710059,0.51491886,68.8726231,57.2795838,1,0.510935184,68.8726231,57.2795838,0.434755027
33990,3399,0.521717982,1,1.18343195,0.520014789,67.0102841,62.524802,1,0.489870238,67.0102841,62.524802,0.428155669
34000,3400,0.518955435,1,1.13017751,0.522350116,61.7966063,60.6049663,1,0.468371835,61.7966063,60.6049663,0.42737817
34010,3401,0.52202937,1,1.15384615,0.52013022,64.3965324,55.4492358,1,0.552117976,64.3965324,55.4492358,0.444167812
34020,3402,0.522024272,1,1.18343195,0.516331722,69.2856638,58.9554489,1,0.630682758,69.2856638,58.9554489,0.462800428
34030,3403,0.530093344,1,1.10650888,0.511189508,65.3856855,63.2170646,1,0.667015861,65.3856855,63.2170646,0.444367774
34040,3404,0.542003096,1,1.21893491,0.520338473,61.7253592,58.9594812,1,0.589490907,61.7253592,58.9594812,0.43190102
34050,3405,0.533000717,1,1.18934911,0.520243803,66.2129075,55.6655142,1,0.514315572,66.2129075,55.6655142,0.428208794
34060,3406,0.522448693,1,1.18343195,0.518150943,69.3565041,60.4310673,1,0.514411212,69.3565041,60.4310673,0.439153952
34070,3407,0.509237654,1,1.14792899,0.510371838,64.2558991,63.4960288,1,0.502942732,64.2558991,63.4960288,0.457741827
34080,3408,0.509497783,1,1.05325444,0.512178598,61.5199815,58.2885841,1,0.482479987,61.5199815,58.2885841,0.452492932
34090,3409,0.512618029,1,1.13609467,0.519479095,66.7585659,55.8565938,1,0.509885718,66.7585659,55.8565938,0.444275513
34100,3410,0.528983074,1,1.17751479,0.52222733,68.3199549,61.5161552,1,0.645612185,68.3199549,61.5161552,0.451614931
34110,3411,0.527566877,1,1.15976331,0.506948193,62.4188802,62.1451863,1,0.613756326,62.4188802,62.1451863,0.456500469
34120,3412,0.524491946,1,1.23076923,0.514195164,62.6541129,56.3693846,1,0.516485182,62.6541129,56.3693846,0.444660762
34130,3413,0.527096518,1,1.21893491,0.51203355,68.2154568,56.5992228,1,0.521317163,68.2154568,56.5992228,0.428160866
34140,3414,0.52829068,1,1.20710059,0.518724767,67.9328734,62.0129049,1,0.513993461,67.9328734,62.0129049,0.417004018
34150,3415,0.520054048,1,1.15976331,0.520852318,62.2585503,61.6425232,1,0.481569484,62.2585503,61.6425232,0.437415258
34160,3416,0.515842633,1,1.17159763,0.51807689,63.2059724,55.882689,1,0.522114452,63.2059724,55.882689,0.449017984
34170,3417,0.519099241,1,1.23668639,0.514971503,68.8799776,57.7518973,1,0.612547913,68.8799776,57.7518973,0.459535874
34180,3418,0.524295839,1,1.16568047,0.510485334,66.5783039,63.1070451,1,0.655863291,66.5783039,63.1070451,0.448371874
34190,3419,0.539256363,1,1.20118343,0.515066813,61.7133717,60.1252215,1,0.644269561,61.7133717,60.1252215,0.438925786
34200,3420,0.533398931,1,1.26627219,0.51259336,65.1121949,55.6405852,1,0.526277173,65.1121949,55.6405852,0.432851847
34210,3421,0.530541895,1,1.20118343,0.518895299,69.296301,59.0801247,1,0.517338491,69.296301,59.0801247,0.416644644
34220,3422,0.515463062,1,1.15976331,0.515137329,65.4794924,63.3952706,1,0.515966588,65.4794924,63.3952706,0.44314978
34230,3423,0.510764553,1,1.16568047,0.516351592,61.4939278,59.0200803,1,0.527086294,61.4939278,59.0200803,0.45525865
34240,3424,0.50580792,1,1.13609467,0.507834225,66.1791454,55.2111586,1,0.52633907,66.1791454,55.2111586,0.464472393
34250,3425,0.516971417,1,1.14201183,0.515002651,69.3146127,60.221218,1,0.580357665,69.3146127,60.221218,0.454639788
34260,3426,0.53895006,1,1.18343195,0.517151079,63.9072051,62.5039642,1,0.666171836,63.9072051,62.5039642,0.451499717
34270,3427,0.535417652,1,1.17751479,0.508963442,62.228121,57.0995315,1,0.603566882,62.228121,57.0995315,0.435327641
34280,3428,0.524867843,1,1.21301775,0.51765896,67.7277369,56.1286389,1,0.508238379,67.7277369,56.1286389,0.429589095
34290,3429,0.517097716,1,1.14792899,0.513047359,68.6013062,61.8230488,1,0.513334287,68.6013062,61.8230488,0.443155896
34300,3430,0.520342061,1,1.14792899,0.518816154,63.0612144,62.6204074,1,0.488295734,63.0612144,62.6204074,0.430552124
34310,3431,0.51978849,1,1.12426036,0.521959952,62.5854973,56.9181062,1,0.498204293,62.5854973,56.9181062,0.440162327
34320,3432,0.516166561,1,1.20118343,0.516517415,68.5141956,56.9722466,1,0.535391137,68.5141956,56.9722466,0.456072724
34330,3433,0.529176902,1,1.18343195,0.518129278,67.7371316,62.7346492,1,0.627665519,67.7371316,62.7346492,0.447273872
34340,3434,0.540386984,1,1.15976331,0.517562276,62.1434393,61.153755,1,0.645628929,62.1434393,61.153755,0.447138307
34350,3435,0.53575904,1,1.21301775,0.510487256,64.0928095,55.8900808,1,0.567364001,64.0928095,55.8900808,0.43177294
34360,3436,0.527994862,1,1.19526627,0.515994509,69.0841939,58.2946113,1,0.515461983,69.0841939,58.2946113,0.426182207
34370,3437,0.506352256,1,1.16568047,0.510863633,66.0523242,63.4899979,1,0.509317531,66.0523242,63.4899979,0.462718208
34380,3438,0.51044521,1,1.0887574,0.508767561,61.1425954,60.3011122,1,0.504633772,61.1425954,60.3011122,0.450341282
34390,3439,0.506353767,1,1.10650888,0.512434081,64.5193828,55.4271584,1,0.473392812,64.5193828,55.4271584,0.456109861
34400,3440,0.514227651,1,1.15976331,0.519680214,68.8157435,59.0620187,1,0.546793404,68.8157435,59.0620187,0.432899435
34410,3441,0.529497436,1,1.18343195,0.519083789,64.5748963,62.9241821,1,0.657094439,64.5748963,62.9241821,0.441226714
34420,3442,0.541053231,1,1.22485207,0.521242237,61.4089678,58.2062505,1,0.552603415,61.4089678,58.2062505,0.437055658
34430,3443,0.521389878,1,1.21893491,0.511653659,66.508111,55.4455791,1,0.512002615,66.508111,55.4455791,0.446038232
34440,3444,0.511420899,1,1.15976331,0.509985598,69.0169196,60.8847889,1,0.502590246,69.0169196,60.8847889,0.460762961
34450,3445,0.516451825,1,1.13609467,0.510310112,63.8881392,63.3479185,1,0.50218007,63.8881392,63.3479185,0.437660509
34460,3446,0.518111694,1,1.1183432,0.518899846,61.7004243,58.1816995,1,0.475458233,61.7004243,58.1816995,0.431564617
34470,3447,0.506880172,1,1.13017751,0.51754641,67.1585841,56.1215652,1,0.483747876,67.1585841,56.1215652,0.448769932
34480,3448,0.514875155,1,1.10650888,0.520408392,68.3381131,61.7743734,1,0.592945831,68.3381131,61.7743734,0.44419683
34490,3449,0.531807947,1,1.16568047,0.511496615,62.4743007,61.9737246,1,0.65281976,62.4743007,61.9737246,0.451323082
34500,3450,0.526070932,1,1.25443787,0.511105498,63.3708326,56.2516397,1,0.532172446,63.3708326,56.2516397,0.445530229
34510,3451,0.514231497,1,1.18934911,0.511195333,69.0456724,57.6655242,1,0.509516225,69.0456724,57.6655242,0.449870963
34520,3452,0.515225975,1,1.17751479,0.51293325,67.5786149,63.2697649,1,0.501407457,67.5786149,63.2697649,0.445621506
34530,3453,0.515093012,1,1.14201183,0.512943032,62.1904489,61.9112523,1,0.477268715,62.1904489,61.9112523,0.427445203
34540,3454,0.518348436,1,1.13609467,0.522737733,63.7365518,56.6306401,1,0.472143663,63.7365518,56.6306401,0.423253804
34550,3455,0.510688979,1,1.16568047,0.519724897,69.1432254,58.5164339,1,0.514502136,69.1432254,58.5164339,0.440470009
34560,3456,0.533421621,1,1.15384615,0.519980393,66.098571,63.5762402,1,0.651398896,66.098571,63.5762402,0.454247279
34570,3457,0.531824133,1,1.16568047,0.510766833,61.581178,59.7787755,1,0.616170517,61.581178,59.7787755,0.453960726
34580,3458,0.535398445,1,1.25443787,0.517772289,65.696815,55.8748543,1,0.531279379,65.696815,55.8748543,0.436358442
34590,3459,0.521947408,1,1.16568047,0.511403586,69.6422409,60.0598124,1,0.515107854,69.6422409,60.0598124,0.442426463
34600,3460,0.520075494,1,1.13609467,0.514766761,65.2365556,63.6281708,1,0.502752742,65.2365556,63.6281708,0.436115481
34610,3461,0.519049134,1,1.13609467,0.521670507,61.7969499,59.026364,1,0.498867064,61.7969499,59.026364,0.441939738
34620,3462,0.505833091,1,1.12426036,0.5154464,66.5997474,55.6149626,1,0.49195646,66.5997474,55.6149626,0.453158039
34630,3463,0.518328396,1,1.15384615,0.518747956,69.2334088,60.8030062,1,0.580087323,69.2334088,60.8030062,0.447557264
34640,3464,0.536864934,1,1.20118343,0.51753403,63.5164501,62.4717683,1,0.659939064,63.5164501,62.4717683,0.458117986
34650,3465,0.52873356,1,1.24260355,0.512345405,62.7635903,56.6650171,1,0.525277291,62.7635903,56.6650171,0.450411754
34660,3466,0.523688689,1,1.24260355,0.512970015,68.5159725,56.2567326,1,0.510615973,68.5159725,56.2567326,0.443604103
34670,3467,0.525741327,1,1.20118343,0.516555648,68.8200259,61.8454415,1,0.507602311,68.8200259,61.8454415,0.430536439
34680,3468,0.525279016,1,1.17159763,0.520238585,63.1610107,62.02111,1,0.499649801,63.1610107,62.02111,0.435518547
34690,3469,0.51537756,1,1.13017751,0.518421703,63.2744196,56.1380279,1,0.491131463,63.2744196,56.1380279,0.452628856
34700,3470,0.514661969,1,1.15976331,0.516140753,69.1707792,56.7863375,1,0.532252184,69.1707792,56.7863375,0.456299511
34710,3471,0.519457298,1,1.18343195,0.513063888,67.7016363,62.6201451,1,0.60693381,67.7016363,62.6201451,0.462765626
34720,3472,0.521070642,1,1.12426036,0.507443927,62.2911264,60.6913075,1,0.658507166,62.2911264,60.6913075,0.441849473
34730,3473,0.538700854,1,1.24260355,0.519051938,65.0272483,55.8352683,1,0.54779735,65.0272483,55.8352683,0.428755453
34740,3474,0.524997091,1,1.19526627,0.514741807,69.7750086,58.8274057,1,0.521805454,69.7750086,58.8274057,0.431689358
34750,3475,0.522879519,1,1.19526627,0.520838135,66.3648293,63.4649641,1,0.506854293,66.3648293,63.4649641,0.442800867
34760,3476,0.521640328,1,1.15976331,0.518935684,61.7674973,60.3028182,1,0.488821037,61.7674973,60.3028182,0.429218559
34770,3477,0.517302107,1,1.13017751,0.520128953,65.3278603,55.8156968,1,0.494645021,65.3278603,55.8156968,0.440618467
34780,3478,0.513330966,1,1.16568047,0.517154206,69.7384045,59.7400819,1,0.530079481,69.7384045,59.7400819,0.454130933
34790,3479,0.526523695,1,1.15976331,0.518465247,65.1696401,63.492932,1,0.626058906,65.1696401,63.492932,0.45480663
34800,3480,0.534304399,1,1.13017751,0.5126122,62.2266986,58.3373337,1,0.627168875,62.2266986,58.3373337,0.456647798
34810,3481,0.535072642,1,1.23076923,0.514374928,67.386161,56.0397978,1,0.543915791,67.386161,56.0397978,0.434453499
34820,3482,0.529143173,1,1.20710059,0.520705414,69.4001677,61.1581101,1,0.512850561,69.4001677,61.1581101,0.423100312
34830,3483,0.520453918,1,1.13017751,0.515022278,64.0549426,63.1016998,1,0.506719687,64.0549426,63.1016998,0.437508903
34840,3484,0.51301448,1,1.11242604,0.516531725,62.4818767,57.3475687,1,0.508205567,62.4818767,57.3475687,0.458867665
34850,3485,0.50669233,1,1.09467456,0.510044213,68.2901958,55.8775512,1,0.49467884,68.2901958,55.8775512,0.460881087
34860,3486,0.514179744,1,1.17159763,0.518083895,69.007164,61.6421946,1,0.544233227,69.007164,61.6421946,0.44685063
34870,3487,0.516602032,1,1.17751479,0.516268229,63.2727177,61.933759,1,0.603436575,63.2727177,61.933759,0.441681053
34880,3488,0.547365168,1,1.21893491,0.522429283,63.982105,56.3762936,1,0.623791958,63.982105,56.3762936,0.430965971
34890,3489,0.531281988,1,1.23076923,0.512784849,69.5368164,57.472917,1,0.527411333,69.5368164,57.472917,0.43553274
34900,3490,0.524883816,1,1.17751479,0.519615865,67.9720117,62.8766077,1,0.507279364,67.9720117,62.8766077,0.43274606
34910,3491,0.5166852,1,1.14201183,0.512394538,62.469972,61.3070405,1,0.508967168,62.469972,61.3070405,0.440118207
34920,3492,0.516178262,1,1.14201183,0.521066531,64.4786038,55.889606,1,0.498516815,64.4786038,55.889606,0.44444765
34930,3493,0.51391116,1,1.14201183,0.511804166,69.9130515,58.3144938,1,0.529671036,69.9130515,58.3144938,0.45776213
34940,3494,0.50928872,1,1.14201183,0.517426753,67.2495113,63.4360566,1,0.536602001,67.2495113,63.4360566,0.444059085
34950,3495,0.521993579,1,1.17751479,0.514136942,62.4625805,60.135768,1,0.629292624,62.4625805,60.135768,0.447257327
34960,3496,0.537484451,1,1.24852071,0.514802386,66.554385,56.0972295,1,0.554413698,66.554385,56.0972295,0.442241847
34970,3497,0.523261508,1,1.21301775,0.508020551,70.3026206,60.4309399,1,0.510986805,70.3026206,60.4309399,0.440751886
34980,3498,0.524503786,1,1.20710059,0.512896894,65.9321573,63.8232566,1,0.514290942,65.9321573,63.8232566,0.425578349
34990,3499,0.518424302,1,1.13609467,0.517532007,62.600699,59.0817799,1,0.498022247,62.600699,59.0817799,0.445757223
35000,3500,0.517775498,1,1.15976331,0.520845371,67.3321151,55.9655407,1,0.490266587,67.3321151,55.9655407,0.435803311
35010,3501,0.508709197,1,1.16568047,0.515042,70.1980603,61.144807,1,0.521496939,70.1980603,61.144807,0.455332906
35020,3502,0.530705793,1,1.15384615,0.519491039,64.80427,63.2293846,1,0.619415602,64.80427,63.2293846,0.444815221
35030,3503,0.535023139,1,1.17751479,0.515849633,63.5718654,57.3687259,1,0.660223129,63.5718654,57.3687259,0.460679596
35040,3504,0.533666091,1,1.23668639,0.515047617,69.2792493,56.9542343,1,0.53010701,69.2792493,56.9542343,0.440185768
35050,3505,0.526761287,1,1.20710059,0.513344212,69.3747487,62.6673115,1,0.519176684,69.3747487,62.6673115,0.439528871
35060,3506,0.518006297,1,1.15976331,0.515224839,63.5936692,62.3580379,1,0.509030506,63.5936692,62.3580379,0.445334333
35070,3507,0.51364675,1,1.12426036,0.512210603,64.055521,56.5492449,1,0.492250493,64.055521,56.5492449,0.448240369
35080,3508,0.513732177,1,1.0887574,0.515523558,69.7034841,57.0352105,1,0.468258537,69.7034841,57.0352105,0.436063951
35090,3509,0.511138774,1,1.15976331,0.521404751,68.8435775,62.6469502,1,0.497963686,68.8435775,62.6469502,0.436710821
35100,3510,0.530998633,1,1.15384615,0.524352456,63.3712706,60.8823814,1,0.632610823,63.3712706,60.8823814,0.44228994
35110,3511,0.532159866,1,1.21893491,0.511861426,66.1046336,55.6012882,1,0.621497903,66.1046336,55.6012882,0.457425389
35120,3512,0.529389107,1,1.24260355,0.511922891,70.8555726,58.8477379,1,0.529019067,70.8555726,58.8477379,0.442631031
35130,3513,0.520315246,1,1.21301775,0.511449398,67.244412,63.4390249,1,0.520936878,67.244412,63.4390249,0.449328211
35140,3514,0.521363111,1,1.17159763,0.513823679,62.9324939,59.9999265,1,0.513497109,62.9324939,59.9999265,0.424264319
35150,3515,0.518948782,1,1.18343195,0.521104051,66.6842713,55.8190699,1,0.49128964,66.6842713,55.8190699,0.43210915
35160,3516,0.514154146,1,1.10650888,0.514579367,70.9175423,59.8844553,1,0.506465323,70.9175423,59.8844553,0.451479758
35170,3517,0.518948871,1,1.18343195,0.51628436,66.140411,63.5466488,1,0.583005316,66.140411,63.5466488,0.463027372
35180,3518,0.529291607,1,1.12426036,0.512503927,63.3137448,58.2234599,1,0.662896144,63.3137448,58.2234599,0.463625932
35190,3519,0.531172522,1,1.18934911,0.510380362,68.7415966,56.1761497,1,0.603960326,68.7415966,56.1761497,0.446240401
35200,3520,0.527786983,1,1.23668639,0.516815776,70.2090273,61.7114517,1,0.506793522,70.2090273,61.7114517,0.440500799
35210,3521,0.524334349,1,1.21893491,0.511015126,64.7776135,63.1370002,1,0.51896987,64.7776135,63.1370002,0.431951983
35220,3522,0.522381541,1,1.17751479,0.519233091,63.7827467,57.5399959,1,0.506412295,63.7827467,57.5399959,0.43728734
35230,3523,0.510120281,1,1.1183432,0.513473143,69.608092,56.5034613,1,0.474041852,69.608092,56.5034613,0.455141903
35240,3524,0.51449043,1,1.18343195,0.520347619,70.1576451,62.1030932,1,0.497385538,70.1576451,62.1030932,0.432810318
35250,3525,0.525286113,1,1.18343195,0.519910047,64.287775,61.9449538,1,0.609556045,64.287775,61.9449538,0.451692298
35260,3526,0.538738423,1,1.18934911,0.517478524,65.4996635,56.2124931,1,0.649558336,65.4996635,56.2124931,0.450704774
35270,3527,0.535131665,1,1.23076923,0.51402832,70.9879119,58.0461983,1,0.554501983,70.9879119,58.0461983,0.445113809
35280,3528,0.52979297,1,1.22485207,0.513370303,68.873672,63.2317748,1,0.514693506,68.873672,63.2317748,0.430770701
35290,3529,0.516663237,1,1.18934911,0.513399271,63.7126758,60.6122472,1,0.511159192,63.7126758,60.6122472,0.445209913
35300,3530,0.512618798,1,1.13609467,0.514782385,66.7446719,55.5841648,1,0.515831551,66.7446719,55.5841648,0.451654506
35310,3531,0.5088387,1,1.13609467,0.511470342,71.6475988,59.0707618,1,0.527503415,71.6475988,59.0707618,0.462787094
35320,3532,0.506921849,1,1.13017751,0.510677401,67.8939359,63.6000495,1,0.534599751,67.8939359,63.6000495,0.452504091
35330,3533,0.515344917,1,1.1183432,0.513666147,63.9863799,59.4378549,1,0.605051153,63.9863799,59.4378549,0.439155036
35340,3534,0.541441327,1,1.16568047,0.518049103,68.4509159,56.087739,1,0.657844973,68.4509159,56.087739,0.429361427
35350,3535,0.535387714,1,1.26035503,0.517005623,71.2738533,60.7634551,1,0.522481523,71.2738533,60.7634551,0.420138728
35360,3536,0.521879738,1,1.17751479,0.520455581,66.2527039,63.2674265,1,0.500497487,66.2527039,63.2674265,0.431605052
35370,3537,0.511515609,1,1.12426036,0.513774907,63.7948653,57.8426232,1,0.505361166,63.7948653,57.8426232,0.45812495
35380,3538,0.508758772,1,1.0887574,0.509922351,69.3253499,55.6159423,1,0.493294038,69.3253499,55.6159423,0.458608442
35390,3539,0.510888847,1,1.11242604,0.515367904,71.2214258,61.1104279,1,0.489399208,71.2214258,61.1104279,0.447110883
35400,3540,0.510293468,1,1.17159763,0.522046753,65.7411895,62.7057539,1,0.524992015,65.7411895,62.7057539,0.4390553
35410,3541,0.533343227,1,1.15384615,0.517341901,65.1290513,56.923224,1,0.660247009,65.1290513,56.923224,0.447295387
35420,3542,0.528227334,1,1.22485207,0.5127772,70.9159408,57.4011454,1,0.53509477,70.9159408,57.4011454,0.446660845
35430,3543,0.519011046,1,1.20118343,0.513565668,69.8985769,63.1071044,1,0.494353602,69.8985769,63.1071044,0.445842054
35440,3544,0.516564931,1,1.17159763,0.510343423,64.2213738,61.9778413,1,0.502848177,64.2213738,61.9778413,0.445263504
35450,3545,0.520913011,1,1.14201183,0.514887645,65.3872655,56.536685,1,0.499832569,65.3872655,56.536685,0.428051076
35460,3546,0.514209993,1,1.10650888,0.519470009,70.9769873,57.8939499,1,0.469189571,70.9769873,57.8939499,0.442472597
35470,3547,0.516772461,1,1.15384615,0.519476299,69.1214135,63.3471433,1,0.537812352,69.1214135,63.3471433,0.443096104
35480,3548,0.525224487,1,1.18343195,0.516128703,63.8859611,60.6039387,1,0.631818191,63.8859611,60.6039387,0.454661155
35490,3549,0.539313564,1,1.17159763,0.518074662,67.3124484,55.8982212,1,0.6526358,67.3124484,55.8982212,0.447772878
35500,3550,0.53516016,1,1.18934911,0.511848543,71.5683033,59.692122,1,0.570974235,71.5683033,59.692122,0.438569383
35510,3551,0.533599025,1,1.20710059,0.515596511,67.5816962,63.519411,1,0.511675215,67.5816962,63.519411,0.425108254
35520,3552,0.517778603,1,1.15976331,0.515090598,63.7832967,59.1793226,1,0.508971419,63.7832967,59.1793226,0.443654844
35530,3553,0.516321031,1,1.14792899,0.519684037,68.0745209,55.5187687,1,0.492466568,68.0745209,55.5187687,0.433877935
35540,3554,0.507874517,1,1.09467456,0.513223506,71.685732,60.1256184,1,0.485003456,71.685732,60.1256184,0.450272171
35550,3555,0.521973264,1,1.17159763,0.523407635,66.599022,62.9209095,1,0.569745294,66.599022,62.9209095,0.446473831
35560,3556,0.526444157,1,1.16568047,0.514177521,64.3911194,57.3850539,1,0.659860619,64.3911194,57.3850539,0.458454642
35570,3557,0.537620526,1,1.20118343,0.515915123,69.9704996,56.03224,1,0.596601733,69.9704996,56.03224,0.441618783
35580,3558,0.537623546,1,1.23668639,0.514446915,70.9607931,61.551906,1,0.555994584,70.9607931,61.551906,0.431369046
35590,3559,0.533904745,1,1.18934911,0.516172787,65.4496655,62.2850478,1,0.51139171,65.4496655,62.2850478,0.42766757
35600,3560,0.523566014,1,1.16568047,0.522614259,64.8717881,56.6977302,1,0.499419345,64.8717881,56.6977302,0.432086306
35610,3561,0.518376164,1,1.17159763,0.519180716,70.6018169,56.3301663,1,0.505326077,70.6018169,56.3301663,0.441677366
35620,3562,0.50933491,1,1.14792899,0.511274568,70.3894895,62.3870945,1,0.52920812,70.3894895,62.3870945,0.466203743
35630,3563,0.51040347,1,1.13609467,0.509101277,64.5065358,61.7457199,1,0.550639657,64.5065358,61.7457199,0.455216351
35640,3564,0.515335293,1,1.11242604,0.514677476,65.5826315,56.1430809,1,0.593643631,65.5826315,56.1430809,0.438849663
35650,3565,0.535496012,1,1.14201183,0.514137485,70.8660186,57.9412886,1,0.665075933,70.8660186,57.9412886,0.42930886
35660,3566,0.53364846,1,1.27218935,0.514612314,68.5186636,62.913688,1,0.528902979,68.5186636,62.913688,0.422970841
35670,3567,0.521095938,1,1.22485207,0.518320706,63.6799145,59.9878371,1,0.517634498,63.6799145,59.9878371,0.434966477
35680,3568,0.511276624,1,1.15384615,0.509827646,66.7648352,54.9570004,1,0.505525496,66.7648352,54.9570004,0.453950791
35690,3569,0.511844257,1,1.12426036,0.515504943,71.5549862,58.2224325,1,0.4852802,71.5549862,58.2224325,0.445945528
35700,3570,0.509831777,1,1.10650888,0.516022854,68.1802494,62.8781442,1,0.491025446,68.1802494,62.8781442,0.442321073
35710,3571,0.518045492,1,1.18934911,0.521161264,63.8787896,59.1252162,1,0.552207796,63.8787896,59.1252162,0.43911574
35720,3572,0.537899196,1,1.17751479,0.521711859,68.3944987,55.3427917,1,0.662186123,68.3944987,55.3427917,0.453117823
35730,3573,0.534387731,1,1.23076923,0.516223753,71.3905306,60.3377993,1,0.564283618,71.3905306,60.3377993,0.448048417
35740,3574,0.522690296,1,1.23076923,0.511178639,66.0884307,62.8253805,1,0.509738069,66.0884307,62.8253805,0.450511373
35750,3575,0.521192692,1,1.19526627,0.511442421,63.8354583,57.5620401,1,0.516377752,63.8354583,57.5620401,0.440404851
35760,3576,0.52313533,1,1.18343195,0.521878837,69.1089027,55.6276646,1,0.506983156,69.1089027,55.6276646,0.432079223
35770,3577,0.518061503,1,1.12426036,0.520296038,71.0331665,61.0442615,1,0.48052479,71.0331665,61.0442615,0.442172642
35780,3578,0.514317299,1,1.17751479,0.516885187,65.3307585,62.5160084,1,0.517844176,65.3307585,62.5160084,0.453020735
35790,3579,0.525399102,1,1.21301775,0.517750509,64.5246782,56.6901411,1,0.600756267,64.5246782,56.6901411,0.452412957
35800,3580,0.54017662,1,1.18934911,0.520050447,70.3196947,56.7552813,1,0.663818035,70.3196947,56.7552813,0.445798662
35810,3581,0.537262209,1,1.15384615,0.5110614,69.8439123,62.4406018,1,0.64754834,69.8439123,62.4406018,0.438861077
35820,3582,0.532517071,1,1.23076923,0.518509249,64.3490582,61.2721954,1,0.514961782,64.3490582,61.2721954,0.432131056
35830,3583,0.520320744,1,1.21893491,0.515036951,65.612277,55.7433379,1,0.513748401,65.612277,55.7433379,0.436256169
35840,3584,0.521374293,1,1.17159763,0.520471128,71.0935642,57.2534588,1,0.49635489,71.0935642,57.2534588,0.43734659
35850,3585,0.511822245,1,1.11242604,0.513028828,69.1278649,62.8044832,1,0.507808172,69.1278649,62.8044832,0.452983834
35860,3586,0.506964218,1,1.14201183,0.51530341,63.6936941,60.6219381,1,0.493057284,63.6936941,60.6219381,0.450467967
35870,3587,0.523852906,1,1.15976331,0.518779263,66.6264201,55.5330807,1,0.606949944,66.6264201,55.5330807,0.451803426
35880,3588,0.53246701,1,1.15976331,0.511540869,71.1360408,59.3741904,1,0.640813376,71.1360408,59.3741904,0.455673001
35890,3589,0.531387578,1,1.24852071,0.513478961,67.0167793,63.2371751,1,0.553398804,67.0167793,63.2371751,0.434400666
35900,3590,0.520016341,1,1.18934911,0.510090414,63.4253423,58.7473608,1,0.512609499,63.4253423,58.7473608,0.442269911
35910,3591,0.520747632,1,1.12426036,0.513165177,67.9811476,55.3482006,1,0.501745301,67.9811476,55.3482006,0.437242923
35920,3592,0.517572438,1,1.12426036,0.51974801,71.3259305,59.9582844,1,0.482530875,71.3259305,59.9582844,0.43812704
35930,3593,0.511960683,1,1.13609467,0.517966909,66.5868438,63.0845561,1,0.502472921,66.5868438,63.0845561,0.436720676
35940,3594,0.51586532,1,1.21301775,0.518099604,64.1994014,57.6144249,1,0.598223835,64.1994014,57.6144249,0.45911038
35950,3595,0.533817822,1,1.18343195,0.512891429,69.9082664,56.0700635,1,0.665563622,69.9082664,56.0700635,0.454928251
35960,3596,0.533551443,1,1.24852071,0.51384233,70.5239205,61.9020308,1,0.567904975,70.5239205,61.9020308,0.451105627
35970,3597,0.524869566,1,1.19526627,0.510466289,64.7514119,62.0276664,1,0.520241414,64.7514119,62.0276664,0.444144277
35980,3598,0.521928778,1,1.17159763,0.513425573,64.8711629,56.4261573,1,0.508913223,64.8711629,56.4261573,0.430983765
35990,3599,0.515602242,1,1.14201183,0.514152934,70.5821516,56.7493516,1,0.484759878,70.5821516,56.7493516,0.440009721
36000,3600,0.512491406,1,1.0887574,0.516498827,69.9689419,62.4333806,1,0.477301897,69.9689419,62.4333806,0.439770058
36010,3601,0.515985104,1,1.16568047,0.523909496,64.3833707,61.5191054,1,0.520758269,64.3833707,61.5191054,0.435377174
36020,3602,0.534461349,1,1.19526627,0.522809607,66.2096518,55.9391693,1,0.649588752,66.2096518,55.9391693,0.451630777
36030,3603,0.537616165,1,1.18934911,0.517841087,71.3864366,58.690654,1,0.629571781,71.3864366,58.690654,0.450967202
36040,3604,0.534700654,1,1.23668639,0.514159151,68.1160616,63.4097559,1,0.551608995,68.1160616,63.4097559,0.441656887
36050,3605,0.530677143,1,1.22485207,0.517522975,63.6553389,60.0655043,1,0.518006128,63.6553389,60.0655043,0.428856094
36060,3606,0.525036356,1,1.18343195,0.51577197,66.9005966,55.6631876,1,0.517190317,66.9005966,55.6631876,0.420707278
36070,3607,0.521561717,1,1.15384615,0.521200241,71.1296998,59.2974268,1,0.507920486,71.1296998,59.2974268,0.428931579
36080,3608,0.500593004,1,1.10059172,0.506618056,66.8033501,63.6626456,1,0.508302163,66.8033501,63.6626456,0.472763727
36090,3609,0.522667691,1,1.17751479,0.516135331,63.3455594,58.8838648,1,0.59588527,63.3455594,58.8838648,0.453735727
36100,3610,0.512905182,1,1.14201183,0.5100653,68.2101546,55.6960782,1,0.596623153,68.2101546,55.6960782,0.447387351
36110,3611,0.541444599,1,1.20710059,0.515741624,70.5240092,60.8796558,1,0.652490892,70.5240092,60.8796558,0.436658914
36120,3612,0.532603768,1,1.23076923,0.51267769,65.2495455,62.7323774,1,0.536612013,65.2495455,62.7323774,0.430030582
36130,3613,0.525429161,1,1.18934911,0.520064648,63.8288583,57.3833064,1,0.509088071,63.8288583,57.3833064,0.425732317
36140,3614,0.516893199,1,1.15976331,0.513012818,69.4883771,56.051311,1,0.516708583,69.4883771,56.051311,0.447242471
36150,3615,0.509009932,1,1.15976331,0.512494997,70.5866452,61.974928,1,0.481773989,70.5866452,61.974928,0.463428377
36160,3616,0.511807387,1,1.10059172,0.513781858,64.9359887,63.0187015,1,0.464720966,64.9359887,63.0187015,0.442019183
36170,3617,0.524811499,1,1.20118343,0.525034985,64.6192989,57.3121616,1,0.560885965,64.6192989,57.3121616,0.43964005
36180,3618,0.519055183,1,1.13017751,0.513498864,70.491211,57.5280794,1,0.632519279,70.491211,57.5280794,0.451990806
36190,3619,0.536479298,1,1.19526627,0.511329194,69.2039981,63.1789537,1,0.614718354,69.2039981,63.1789537,0.445817493
36200,3620,0.533480958,1,1.21893491,0.519651848,64.0482058,61.3334103,1,0.520573364,64.0482058,61.3334103,0.421242346
36210,3621,0.523667594,1,1.19526627,0.517365867,66.0313107,56.0312448,1,0.516316613,66.0313107,56.0312448,0.435453001
36220,3622,0.514371322,1,1.16568047,0.515559025,71.4019673,58.3932628,1,0.502034607,71.4019673,58.3932628,0.451316817
36230,3623,0.512002915,1,1.10059172,0.514216182,68.7998743,63.6069932,1,0.492507186,68.7998743,63.6069932,0.448230399
36240,3624,0.509562697,1,1.13609467,0.513160296,63.7659369,60.6282011,1,0.498313041,63.7659369,60.6282011,0.449942326
36250,3625,0.523893847,1,1.15976331,0.521587822,67.2264015,56.1037143,1,0.59259042,67.2264015,56.1037143,0.438163168
36260,3626,0.529222623,1,1.14792899,0.518940977,71.4300451,59.8138269,1,0.658653771,71.4300451,59.8138269,0.431287839
36270,3627,0.536639682,1,1.23076923,0.515384579,66.9356668,63.3765752,1,0.546342358,66.9356668,63.3765752,0.441169852
36280,3628,0.52100967,1,1.18343195,0.517684498,63.8653254,58.4977928,1,0.491207391,63.8653254,58.4977928,0.443423438
36290,3629,0.518607565,1,1.15976331,0.510511321,68.7109486,55.4081565,1,0.496595289,68.7109486,55.4081565,0.442062917
36300,3630,0.520610591,1,1.15976331,0.517414041,71.4923167,60.2822696,1,0.500523889,71.4923167,60.2822696,0.431681643
36310,3631,0.50766079,1,1.13017751,0.514623529,66.3043565,63.1028824,1,0.467828309,66.3043565,63.1028824,0.454242253
36320,3632,0.507538648,1,1.16568047,0.518753626,64.0652362,57.8559437,1,0.512870478,64.0652362,57.8559437,0.438825936
36330,3633,0.51975714,1,1.15384615,0.516879154,69.6159241,56.2784853,1,0.612445475,69.6159241,56.2784853,0.443883551
36340,3634,0.533419735,1,1.20118343,0.514469425,70.0053993,62.1544933,1,0.602039343,70.0053993,62.1544933,0.452992423
36350,3635,0.522778853,1,1.21893491,0.513364003,64.2493507,61.773132,1,0.50962805,64.2493507,61.773132,0.443743706
36360,3636,0.521195406,1,1.19526627,0.51365856,64.8157703,56.0225138,1,0.511937776,64.8157703,56.0225138,0.444495867
36370,3637,0.521722461,1,1.15976331,0.515123257,70.4455663,56.6121781,1,0.508612654,70.4455663,56.6121781,0.43543019
36380,3638,0.524285635,1,1.15384615,0.522011365,69.8039229,62.1007248,1,0.490872163,69.8039229,62.1007248,0.42507118
36390,3639,0.51699903,1,1.13609467,0.521334727,64.1317319,61.1978671,1,0.485334018,64.1317319,61.1978671,0.441815135
36400,3640,0.522805831,1,1.18343195,0.518354836,65.8235981,55.523527,1,0.578789517,65.8235981,55.523527,0.455476516
36410,3641,0.523843296,1,1.17159763,0.51346034,71.2358289,57.9637421,1,0.653907477,71.2358289,57.9637421,0.456685329
36420,3642,0.541321679,1,1.15976331,0.517560547,68.1616816,62.8300052,1,0.634565186,68.1616816,62.8300052,0.442764975
36430,3643,0.536858184,1,1.24852071,0.518603943,63.6298236,59.4898494,1,0.540459597,63.6298236,59.4898494,0.433059687
36440,3644,0.533465376,1,1.23076923,0.51796365,67.0565504,55.2536436,1,0.513286413,67.0565504,55.2536436,0.419127691
36450,3645,0.519709484,1,1.16568047,0.520250566,71.2476196,59.1645498,1,0.503213559,71.2476196,59.1645498,0.440952765
36460,3646,0.514610067,1,1.17159763,0.519643124,67.2286969,63.253172,1,0.506961367,67.2286969,63.253172,0.4410086
36470,3647,0.505585445,1,1.17159763,0.511511289,63.342539,58.6480633,1,0.529318105,63.342539,58.6480633,0.46351659
36480,3648,0.525438314,1,1.18343195,0.515534512,68.4894314,55.6658418,1,0.633726025,68.4894314,55.6658418,0.457573658
36490,3649,0.534896786,1,1.18934911,0.513054854,70.6455583,61.2315524,1,0.648804631,70.6455583,61.2315524,0.459134877
36500,3650,0.532375539,1,1.22485207,0.510334281,65.1097017,62.7085045,1,0.554566895,65.1097017,62.7085045,0.440730267
36510,3651,0.526006632,1,1.23076923,0.517235661,64.1074626,57.2244905,1,0.511562918,64.1074626,57.2244905,0.428834197
36520,3652,0.522545893,1,1.14792899,0.515363504,69.6612189,56.344506,1,0.518464323,69.6612189,56.344506,0.432541554
36530,3653,0.520502028,1,1.12426036,0.520277995,70.3890426,61.9537664,1,0.492270183,70.3890426,61.9537664,0.435098638
36540,3654,0.517136333,1,1.12426036,0.518750942,64.504113,62.2899002,1,0.515367118,64.504113,62.2899002,0.453424719
36550,3655,0.520472982,1,1.20118343,0.518007171,64.8278694,56.362709,1,0.567415122,64.8278694,56.362709,0.456617446
36560,3656,0.537227958,1,1.17751479,0.519285559,70.6567186,57.6404114,1,0.660562243,70.6567186,57.6404114,0.45901881
36570,3657,0.532214378,1,1.13017751,0.509380029,68.9527757,63.1812743,1,0.643930967,68.9527757,63.1812743,0.445918927
36580,3658,0.535937483,1,1.16568047,0.507452833,63.8830301,61.2547448,1,0.645052107,63.8830301,61.2547448,0.41718865
36590,3659,0.53239917,1,1.23668639,0.511746298,66.042422,56.30753,1,0.523090723,66.042422,56.30753,0.415227231
36600,3660,0.526278223,1,1.19526627,0.519257965,70.8904312,58.6169764,1,0.519725226,70.8904312,58.6169764,0.413075751
36610,3661,0.516430404,1,1.11242604,0.51543535,68.0096624,63.7278265,1,0.512862328,68.0096624,63.7278265,0.451294111
36620,3662,0.511821886,1,1.09467456,0.514540657,62.966197,60.4494523,1,0.517454599,62.966197,60.4494523,0.462718235
36630,3663,0.500421393,1,1.14792899,0.512114723,66.2660579,55.5520948,1,0.498238116,66.2660579,55.5520948,0.454257914
36640,3664,0.53219021,1,1.20118343,0.521954156,70.4102312,59.5405332,1,0.638104951,70.4102312,59.5405332,0.44243686
36650,3665,0.530385052,1,1.12426036,0.50877245,65.7447641,63.1644334,1,0.637941931,65.7447641,63.1644334,0.454427503
36660,3666,0.536378362,1,1.24260355,0.515768595,62.9050601,58.3904413,1,0.531899826,62.9050601,58.3904413,0.427286189
36670,3667,0.523320434,1,1.20710059,0.520285331,67.9348303,55.8080673,1,0.517402026,67.9348303,55.8080673,0.434919859
36680,3668,0.517321661,1,1.13017751,0.51614513,70.4495852,61.0206148,1,0.501157929,70.4495852,61.0206148,0.445188904
36690,3669,0.518843882,1,1.11242604,0.518826261,65.1646442,63.2458318,1,0.497988319,65.1646442,63.2458318,0.441099964
36700,3670,0.508305566,1,1.12426036,0.513099343,63.0215406,57.6639376,1,0.488533705,63.0215406,57.6639376,0.459935911
36710,3671,0.507354801,1,1.13017751,0.518771294,68.5181698,56.1164355,1,0.527156098,68.5181698,56.1164355,0.439254989
36720,3672,0.514490937,1,1.1183432,0.515312341,69.51921,61.7085797,1,0.605313398,69.51921,61.7085797,0.437002688
36730,3673,0.538336479,1,1.22485207,0.519254763,63.7953023,61.4858293,1,0.53543835,63.7953023,61.4858293,0.44063387
36740,3674,0.518721781,1,1.20710059,0.512644339,64.610335,55.7170953,1,0.501158636,64.610335,55.7170953,0.44815579
36750,3675,0.517575143,1,1.17751479,0.515044216,70.3662145,56.7946558,1,0.508906229,70.3662145,56.7946558,0.450452013
36760,3676,0.514269926,1,1.11242604,0.513345005,69.2762347,62.585874,1,0.500066849,69.2762347,62.585874,0.453299958
36770,3677,0.518009703,1,1.17159763,0.519685665,63.6428081,61.4181023,1,0.480328129,63.6428081,61.4181023,0.442553015
36780,3678,0.515074064,1,1.15384615,0.521712258,65.1202165,55.8544384,1,0.504198658,65.1202165,55.8544384,0.44280635
36790,3679,0.526985628,1,1.20118343,0.516774083,70.5671738,58.2726744,1,0.622216998,70.5671738,58.2726744,0.458433206
36800,3680,0.528080967,1,1.20118343,0.508891691,67.3307791,63.2840972,1,0.664663848,67.3307791,63.2840972,0.458893762
36810,3681,0.536854653,1,1.21301775,0.513989331,62.9730374,59.6808144,1,0.572137803,62.9730374,59.6808144,0.434962822
36820,3682,0.532633377,1,1.20118343,0.516743113,66.6443793,55.5038138,1,0.528431746,66.6443793,55.5038138,0.42777867
36830,3683,0.527255161,1,1.18934911,0.519898073,70.6234969,59.3762562,1,0.509903548,70.6234969,59.3762562,0.427107981
36840,3684,0.518211495,1,1.14201183,0.520171632,66.4793515,63.3363658,1,0.507392294,66.4793515,63.3363658,0.440926998
36850,3685,0.513983491,1,1.13017751,0.520549315,62.7274856,58.9266005,1,0.515657292,62.7274856,58.9266005,0.445374168
36860,3686,0.507509975,1,1.15976331,0.509673249,67.731204,55.523638,1,0.569200975,67.731204,55.523638,0.465479018
36870,3687,0.526605805,1,1.15384615,0.514043992,70.1934762,60.8590781,1,0.645364625,70.1934762,60.8590781,0.452015248
36880,3688,0.538894764,1,1.19526627,0.514909963,64.6080544,62.5060115,1,0.620824946,64.6080544,62.5060115,0.447936265
36890,3689,0.529327782,1,1.22485207,0.511685275,63.5719468,56.9181092,1,0.517562333,63.5719468,56.9181092,0.437165232
36900,3690,0.522645045,1,1.17159763,0.517041481,69.1373054,56.1989285,1,0.513202395,69.1373054,56.1989285,0.431664164
36910,3691,0.517722474,1,1.16568047,0.515339265,69.6362078,61.9286256,1,0.511352643,69.6362078,61.9286256,0.442413583
36920,3692,0.516625708,1,1.13017751,0.51796485,63.8789014,62.1461373,1,0.49604393,63.8789014,62.1461373,0.443185678
36930,3693,0.513981297,1,1.15976331,0.516300015,63.9389451,56.2138398,1,0.512316579,63.9389451,56.2138398,0.456353954
36940,3694,0.521036612,1,1.18343195,0.52059983,69.7244086,56.9541508,1,0.569615461,69.7244086,56.9541508,0.448664349
36950,3695,0.541201501,1,1.17751479,0.520359424,67.9395559,62.6092873,1,0.65694093,67.9395559,62.6092873,0.456162712
36960,3696,0.535730274,1,1.22485207,0.512160349,62.6485183,60.4062412,1,0.59734601,62.6485183,60.4062412,0.440873868
36970,3697,0.534733319,1,1.22485207,0.515844528,65.2222939,55.4645637,1,0.524637499,65.2222939,55.4645637,0.42859684
36980,3698,0.521722238,1,1.18934911,0.518242622,70.1284985,58.4603545,1,0.507767081,70.1284985,58.4603545,0.442194671
36990,3699,0.511266771,1,1.16568047,0.513063935,66.9431332,63.3842008,1,0.502776184,66.9431332,63.3842008,0.451105252
37000,3700,0.516409928,1,1.13017751,0.518187164,62.2644371,60.0029058,1,0.501264707,62.2644371,60.0029058,0.4440491
37010,3701,0.503501854,1,1.0887574,0.511161829,65.8803732,55.3016231,1,0.484662984,65.8803732,55.3016231,0.456232659
37020,3702,0.521000047,1,1.13609467,0.519584315,69.7306124,59.5018001,1,0.588276809,69.7306124,59.5018001,0.438298406
37030,3703,0.534856648,1,1.17159763,0.516872117,65.0697634,62.8947569,1,0.666594339,65.0697634,62.8947569,0.443464503
37040,3704,0.537854811,1,1.22485207,0.519664343,62.3595496,57.9363379,1,0.535971316,62.3595496,57.9363379,0.434674452
37050,3705,0.521464237,1,1.21893491,0.514651696,67.6682683,55.6298196,1,0.507656686,67.6682683,55.6298196,0.445241249
37060,3706,0.509510426,1,1.15384615,0.508204249,69.9050953,61.2350181,1,0.512241515,69.9050953,61.2350181,0.464233445
37070,3707,0.521184189,1,1.16568047,0.511765722,64.7990947,63.4020589,1,0.506718339,64.7990947,63.4020589,0.426679128
37080,3708,0.521676865,1,1.15384615,0.523392173,62.8103655,58.2561648,1,0.471926504,62.8103655,58.2561648,0.424370539
37090,3709,0.508507871,1,1.12426036,0.517866911,68.3049549,56.3578403,1,0.478254295,68.3049549,56.3578403,0.447174884
37100,3710,0.522202265,1,1.18343195,0.519627623,69.2096552,62.1000768,1,0.602828395,69.2096552,62.1000768,0.447159099
37110,3711,0.543019157,1,1.18934911,0.520426501,63.4511397,62.1189639,1,0.653885441,63.4511397,62.1189639,0.442965113
37120,3712,0.540429992,1,1.17751479,0.514470605,63.8528798,56.5230872,1,0.631530492,63.8528798,56.5230872,0.431559929
37130,3713,0.535577248,1,1.18934911,0.51033986,69.4204277,57.2947317,1,0.557177328,69.4204277,57.2947317,0.432366713
37140,3714,0.52875539,1,1.17751479,0.519835826,68.2821567,62.622334,1,0.517067135,68.2821567,62.622334,0.419064949
37150,3715,0.521311385,1,1.18934911,0.51991159,62.7320956,61.4000944,1,0.513873756,62.7320956,61.4000944,0.437157626
37160,3716,0.511187213,1,1.10650888,0.515308465,64.3262472,55.6619207,1,0.499751703,64.3262472,55.6619207,0.458115232
37170,3717,0.507663646,1,1.13609467,0.509613656,69.8966821,57.8430559,1,0.524368439,69.8966821,57.8430559,0.460171666
37180,3718,0.524576134,1,1.19526627,0.521484709,67.1501695,62.9881435,1,0.607726027,67.1501695,62.9881435,0.448635396
37190,3719,0.533223731,1,1.15976331,0.516594616,62.3214381,59.8798367,1,0.662368826,62.3214381,59.8798367,0.441743576
37200,3720,0.535729738,1,1.15976331,0.513286663,66.1062154,55.5931195,1,0.60058391,66.1062154,55.5931195,0.43987951
37210,3721,0.53201484,1,1.21893491,0.519606389,69.8427834,59.7303966,1,0.517737136,69.8427834,59.7303966,0.428834956
37220,3722,0.519622463,1,1.15976331,0.520185244,65.4208543,63.5172988,1,0.505365986,65.4208543,63.5172988,0.44783559
37230,3723,0.518805848,1,1.18934911,0.519144097,61.8256709,59.096835,1,0.507760818,61.8256709,59.096835,0.438298511
37240,3724,0.50490296,1,1.11242604,0.511789243,66.6103953,55.5211439,1,0.486197791,66.6103953,55.5211439,0.459477159
37250,3725,0.516153217,1,1.15976331,0.515927998,69.6852338,60.4096663,1,0.516749069,69.6852338,60.4096663,0.444241811
37260,3726,0.523440803,1,1.17159763,0.523090304,64.347465,62.8278568,1,0.591967191,64.347465,62.8278568,0.450768058
37270,3727,0.540017754,1,1.15976331,0.517795159,62.6895942,57.2856021,1,0.658045881,62.6895942,57.2856021,0.444992669
37280,3728,0.538422677,1,1.22485207,0.517420221,68.2881621,56.3596288,1,0.554739575,68.2881621,56.3596288,0.43650975
37290,3729,0.519098703,1,1.17751479,0.514361854,68.6974406,62.216495,1,0.508426335,68.6974406,62.216495,0.451626849
37300,3730,0.52022903,1,1.19526627,0.511755032,63.0115209,62.506704,1,0.514461871,63.0115209,62.506704,0.437947776
37310,3731,0.523744469,1,1.18343195,0.518932689,62.7405406,57.0088637,1,0.501091854,62.7405406,57.0088637,0.423424178
37320,3732,0.515234149,1,1.11242604,0.520979774,68.4835555,56.9089071,1,0.47040078,68.4835555,56.9089071,0.441837289
37330,3733,0.520912247,1,1.17751479,0.522807469,67.9330991,62.6673677,1,0.546929749,67.9330991,62.6673677,0.4449777
37340,3734,0.537637229,1,1.17751479,0.523041642,62.2050731,61.0623998,1,0.659552919,62.2050731,61.0623998,0.457586951
37350,3735,0.529769588,1,1.19526627,0.508535936,64.4812749,55.5920257,1,0.631714848,64.4812749,55.5920257,0.455772231
37360,3736,0.53773039,1,1.21301775,0.515958699,69.3183352,58.3122937,1,0.558812524,69.3183352,58.3122937,0.426885029
37370,3737,0.528118019,1,1.18343195,0.51681268,66.3580877,63.1029136,1,0.512308989,66.3580877,63.1029136,0.433187611
37380,3738,0.525800506,1,1.20710059,0.519758422,61.7137311,60.0564394,1,0.511793772,61.7137311,60.0564394,0.427259418
37390,3739,0.51240079,1,1.15384615,0.517305682,65.1151339,55.3633642,1,0.504190839,65.1151339,55.3633642,0.445851988
37400,3740,0.513753321,1,1.15976331,0.515170787,69.5030813,59.3580225,1,0.526147799,69.5030813,59.3580225,0.456455194
37410,3741,0.526426322,1,1.19526627,0.516325119,64.6690071,63.0281057,1,0.638034426,64.6690071,63.0281057,0.466877988
37420,3742,0.519733164,1,1.16568047,0.50905392,61.5087696,58.2162611,1,0.645746425,61.5087696,58.2162611,0.442832129
37430,3743,0.525264978,1,1.13609467,0.510208886,66.4321109,55.5780688,1,0.667913511,66.4321109,55.5780688,0.429664432
37440,3744,0.53398028,1,1.24852071,0.511975919,68.4585439,60.8311001,1,0.532916157,68.4585439,60.8311001,0.433103353
37450,3745,0.526524964,1,1.20710059,0.515136538,63.2474863,62.5847093,1,0.518075553,63.2474863,62.5847093,0.422938907
37460,3746,0.519487235,1,1.15976331,0.516984002,61.7260558,57.0483021,1,0.498001414,61.7260558,57.0483021,0.441665461
37470,3747,0.506303685,1,1.14201183,0.512123849,67.6022237,55.7562272,1,0.516835978,67.6022237,55.7562272,0.462811108
37480,3748,0.505994201,1,1.14792899,0.512255538,68.5270055,61.5849679,1,0.507664569,68.5270055,61.5849679,0.453972864
37490,3749,0.529787218,1,1.20710059,0.519673709,62.7271324,61.7038982,1,0.623709122,62.7271324,61.7038982,0.446237876
37500,3750,0.532727094,1,1.13609467,0.512419439,63.218839,55.8302776,1,0.662856864,63.218839,55.8302776,0.453397394
37510,3751,0.535581525,1,1.24260355,0.515744512,68.7321202,57.2853371,1,0.544423892,68.7321202,57.2853371,0.438619857
37520,3752,0.530225187,1,1.24260355,0.513106611,67.2149442,62.6865602,1,0.524043824,67.2149442,62.6865602,0.431558575
37530,3753,0.524425667,1,1.18343195,0.519211295,61.9223138,60.8888236,1,0.507032782,61.9223138,60.8888236,0.429970373
37540,3754,0.516922233,1,1.14201183,0.516232725,63.7994684,55.5280978,1,0.499327012,63.7994684,55.5280978,0.436914211
37550,3755,0.515928491,1,1.14792899,0.519171385,69.0550033,57.7810087,1,0.490425662,69.0550033,57.7810087,0.43985107
37560,3756,0.518017524,1,1.16568047,0.518153455,66.2513743,62.914989,1,0.54282129,66.2513743,62.914989,0.449970995
37570,3757,0.528549904,1,1.17751479,0.522192365,61.4546288,59.6899949,1,0.621268966,61.4546288,59.6899949,0.444621734
37580,3758,0.532681398,1,1.20118343,0.509143047,65.422873,55.269507,1,0.655129967,65.422873,55.269507,0.456949458
37590,3759,0.529359303,1,1.22485207,0.512496629,68.9758206,59.8185511,1,0.518429764,68.9758206,59.8185511,0.444008356
37600,3760,0.517871078,1,1.19526627,0.507587413,64.3615884,63.2889292,1,0.506121952,64.3615884,63.2889292,0.444124447
37610,3761,0.525253493,1,1.22485207,0.515921748,61.2122631,58.8660917,1,0.514406555,61.2122631,58.8660917,0.417655771
37620,3762,0.513440993,1,1.08284024,0.51374287,66.1710018,55.6900381,1,0.485431072,66.1710018,55.6900381,0.452974428
37630,3763,0.513711929,1,1.11242604,0.517845402,68.9666713,60.6491874,1,0.489267971,68.9666713,60.6491874,0.437914164
37640,3764,0.512703526,1,1.15976331,0.516308649,63.6399907,63.0924252,1,0.546904039,63.6399907,63.0924252,0.450791136
37650,3765,0.533288884,1,1.17159763,0.519784529,61.9102682,57.6108937,1,0.634616108,61.9102682,57.6108937,0.442151322
37660,3766,0.537068249,1,1.18343195,0.516122759,67.8104142,56.7439781,1,0.639926796,67.8104142,56.7439781,0.458730343
37670,3767,0.531094163,1,1.25443787,0.51483635,67.927216,62.436573,1,0.519096415,67.927216,62.436573,0.437984077
37680,3768,0.522682536,1,1.17751479,0.513581967,62.2013182,62.2349305,1,0.517127792,62.2013182,62.2349305,0.440726712
37690,3769,0.51460157,1,1.17751479,0.514641322,62.7571136,56.3691729,1,0.506600806,62.7571136,56.3691729,0.453233096
37700,3770,0.508540978,1,1.0591716,0.509676283,68.5658344,57.0259797,1,0.483126415,68.5658344,57.0259797,0.449672022
37710,3771,0.513968016,1,1.07100592,0.518540529,67.7873681,62.5482607,1,0.481436122,67.7873681,62.5482607,0.428990819
37720,3772,0.518659051,1,1.17751479,0.524150456,62.2035876,61.2827413,1,0.550826617,62.2035876,61.2827413,0.440414969
37730,3773,0.537863701,1,1.20118343,0.521157566,64.5318265,55.8650912,1,0.665833556,64.5318265,55.8650912,0.453595946
37740,3774,0.535192424,1,1.20710059,0.515554828,69.4145316,58.9351062,1,0.585933304,69.4145316,58.9351062,0.443665483
37750,3775,0.532438924,1,1.24852071,0.513454645,66.0028234,63.5207249,1,0.534532734,66.0028234,63.5207249,0.439658631
37760,3776,0.5288749,1,1.20710059,0.518456563,61.6891911,60.0013973,1,0.513654516,61.6891911,60.0013973,0.428241834
37770,3777,0.520846011,1,1.17159763,0.51506804,65.1468991,55.6416945,1,0.517831652,65.1468991,55.6416945,0.42803219
37780,3778,0.519061294,1,1.19526627,0.52125336,69.2010936,59.614351,1,0.51797418,69.2010936,59.614351,0.436625663
37790,3779,0.50084577,1,1.15976331,0.50640257,64.5402644,63.6535162,1,0.53501394,64.5402644,63.6535162,0.474423875
37800,3780,0.525770032,1,1.15976331,0.514713549,61.5340229,58.5615746,1,0.627007535,61.5340229,58.5615746,0.454857783
37810,3781,0.522864332,1,1.14201183,0.51167169,66.6318691,55.9116049,1,0.645082491,66.6318691,55.9116049,0.441958896
37820,3782,0.541093368,1,1.23668639,0.514424023,68.514583,61.2574538,1,0.597506952,68.514583,61.2574538,0.435976162
37830,3783,0.528373721,1,1.20710059,0.513173203,63.1991796,62.6906808,1,0.51356566,63.1991796,62.6906808,0.423479899
37840,3784,0.52161702,1,1.18343195,0.518180238,62.0845894,57.2395556,1,0.51949591,62.0845894,57.2395556,0.427992953
37850,3785,0.516951505,1,1.14201183,0.516881514,67.7839733,56.3051618,1,0.508780539,67.7839733,56.3051618,0.444267026
37860,3786,0.510959245,1,1.10059172,0.514000982,68.5464688,62.2232991,1,0.485007651,68.5464688,62.2232991,0.45900425
37870,3787,0.512147322,1,1.11242604,0.515368523,62.7985607,62.7193065,1,0.492508455,62.7985607,62.7193065,0.443789961
37880,3788,0.531519665,1,1.20710059,0.524496914,63.1104677,56.9302383,1,0.621530915,63.1104677,56.9302383,0.445958819
37890,3789,0.527749023,1,1.14201183,0.512491868,68.8626728,57.715522,1,0.659150641,68.8626728,57.715522,0.446581578
37900,3790,0.537107188,1,1.21301775,0.512563004,67.1703367,63.1323721,1,0.576898551,67.1703367,63.1323721,0.436542812
37910,3791,0.531996674,1,1.20118343,0.516164143,62.1067828,61.1520758,1,0.518069668,62.1067828,61.1520758,0.418232064
37920,3792,0.516256768,1,1.18343195,0.51717731,64.6148794,55.9164712,1,0.508336808,64.6148794,55.9164712,0.446565484
37930,3793,0.509745292,1,1.09467456,0.510063916,69.9583118,58.6528946,1,0.509135046,69.9583118,58.6528946,0.461796612
37940,3794,0.511021514,1,1.07100592,0.512692374,67.0369241,63.8379113,1,0.494128815,67.0369241,63.8379113,0.457798331
37950,3795,0.518613047,1,1.15384615,0.518877162,62.1541735,60.6677485,1,0.538676226,62.1541735,60.6677485,0.447816438
37960,3796,0.526723745,1,1.14792899,0.52294328,65.860065,56.1584667,1,0.625716097,65.860065,56.1584667,0.448978158
37970,3797,0.544343981,1,1.22485207,0.5217806,69.7070984,60.4255438,1,0.618358492,69.7070984,60.4255438,0.441940403
37980,3798,0.528792644,1,1.25443787,0.513549323,64.9579736,63.7639452,1,0.520030035,64.9579736,63.7639452,0.44654565
37990,3799,0.515496031,1,1.20710059,0.507466343,61.8439476,58.7790642,1,0.51324551,61.8439476,58.7790642,0.452123173
38000,3800,0.517997644,1,1.15976331,0.510749853,66.7446188,55.8633696,1,0.502679837,66.7446188,55.8633696,0.438649447
38010,3801,0.522341638,1,1.15976331,0.523822395,69.4403542,60.6734363,1,0.490967458,69.4403542,60.6734363,0.4241506
38020,3802,0.514852795,1,1.07100592,0.518751993,64.2645002,63.3057357,1,0.497950751,64.2645002,63.3057357,0.446673866
38030,3803,0.517927129,1,1.15384615,0.519123646,62.2330169,57.7762568,1,0.569397815,62.2330169,57.7762568,0.453141967
38040,3804,0.52808319,1,1.17751479,0.515271018,68.2317199,56.8488438,1,0.656768073,68.2317199,56.8488438,0.466920747
38050,3805,0.528171461,1,1.21301775,0.509793612,68.270237,62.6237271,1,0.548343889,68.270237,62.6237271,0.444231671
38060,3806,0.528568385,1,1.25443787,0.51366878,62.622981,62.1860867,1,0.514869943,62.622981,62.1860867,0.435706799
38070,3807,0.521400564,1,1.19526627,0.514206516,63.2184245,56.5587571,1,0.511182913,63.2184245,56.5587571,0.43528805
38080,3808,0.518772776,1,1.1183432,0.516962718,68.8240755,57.3132686,1,0.486438273,68.8240755,57.3132686,0.435092392
38090,3809,0.516739565,1,1.15384615,0.516835133,67.6388147,63.0025724,1,0.499261188,67.6388147,63.0025724,0.447035077
38100,3810,0.511963321,1,1.15976331,0.512135861,61.9890005,61.1240188,1,0.55109685,61.9890005,61.1240188,0.457995144
38110,3811,0.527653084,1,1.14792899,0.519254564,64.4546718,55.9439959,1,0.632076464,64.4546718,55.9439959,0.441301004
38120,3812,0.538508774,1,1.14792899,0.518786144,69.3109158,59.038424,1,0.643418806,69.3109158,59.038424,0.442949978
38130,3813,0.533886726,1,1.23076923,0.514927117,65.7186784,63.4069645,1,0.531950734,65.7186784,63.4069645,0.43506318
38140,3814,0.52135735,1,1.18934911,0.512559456,61.5175411,59.4607747,1,0.506671092,61.5175411,59.4607747,0.443373092
38150,3815,0.523818972,1,1.18934911,0.51878542,65.4511915,55.4739696,1,0.506521927,65.4511915,55.4739696,0.43082569
38160,3816,0.514764201,1,1.15976331,0.516511185,69.4950266,59.4663484,1,0.48738036,69.4950266,59.4663484,0.437121371
38170,3817,0.521940498,1,1.16568047,0.524955562,65.2724358,63.0619045,1,0.51969697,65.2724358,63.0619045,0.426616637
38180,3818,0.506865826,1,1.17751479,0.509895493,61.7815994,58.1242921,1,0.572370809,61.7815994,58.1242921,0.465152231
38190,3819,0.535201569,1,1.17159763,0.51727195,67.0904185,55.6446532,1,0.662096424,67.0904185,55.6446532,0.450720453
38200,3820,0.527551459,1,1.13609467,0.510387973,69.2599579,60.7829817,1,0.669405767,69.2599579,60.7829817,0.429044081
38210,3821,0.545351,1,1.24260355,0.520062882,63.935621,62.2664706,1,0.54831586,63.935621,62.2664706,0.425164796
38220,3822,0.528162596,1,1.20118343,0.519161077,62.5766077,56.8735558,1,0.51772351,62.5766077,56.8735558,0.427808833
38230,3823,0.521352104,1,1.18343195,0.519128809,68.2195818,55.8812424,1,0.504052781,68.2195818,55.8812424,0.440735289
38240,3824,0.505200366,1,1.11242604,0.50870637,68.9709777,61.9660553,1,0.513283526,68.9709777,61.9660553,0.471617781
38250,3825,0.503217302,1,1.06508876,0.505794421,62.9781818,62.4651679,1,0.497983556,62.9781818,62.4651679,0.462580342
38260,3826,0.50736992,1,1.13609467,0.516118376,62.7064766,56.7669994,1,0.503603187,62.7064766,56.7669994,0.438818665
38270,3827,0.514346932,1,1.14792899,0.519772329,68.2819071,57.0197024,1,0.583749274,68.2819071,57.0197024,0.429319562
38280,3828,0.538916908,1,1.20710059,0.516856525,67.1139051,62.5465325,1,0.655901176,67.1139051,62.5465325,0.434530825
38290,3829,0.527494628,1,1.20710059,0.516630707,61.8530311,60.4941619,1,0.509213287,61.8530311,60.4941619,0.43438742
38300,3830,0.511656653,1,1.18934911,0.507936935,64.2736731,55.0996385,1,0.506149601,64.2736731,55.0996385,0.454825481
38310,3831,0.515910512,1,1.18934911,0.515003543,69.4090675,57.6660549,1,0.501779882,69.4090675,57.6660549,0.441613296
38320,3832,0.513254081,1,1.10059172,0.514074369,66.9413114,62.8111851,1,0.474551689,66.9413114,62.8111851,0.438948349
38330,3833,0.518901195,1,1.14201183,0.520636409,62.0061137,60.031918,1,0.493585921,62.0061137,60.031918,0.435689638
38340,3834,0.523627346,1,1.19526627,0.522886337,65.3478621,55.1790923,1,0.579479301,65.3478621,55.1790923,0.453240797
38350,3835,0.540115522,1,1.20118343,0.521245205,69.6296716,59.3194463,1,0.659140696,69.6296716,59.3194463,0.458169915
38360,3836,0.531709472,1,1.20710059,0.511209156,64.9316046,62.9815021,1,0.580525194,64.9316046,62.9815021,0.458209061
38370,3837,0.529686521,1,1.24260355,0.512883,61.7980968,58.1548775,1,0.533160925,61.7980968,58.1548775,0.442659896
38380,3838,0.526377568,1,1.18343195,0.518687472,66.6272247,55.2945156,1,0.491180026,66.6272247,55.2945156,0.431744405
38390,3839,0.529329922,1,1.17751479,0.520182136,69.4485266,59.8886816,1,0.518647229,69.4485266,59.8886816,0.41471532
38400,3840,0.517428821,1,1.14201183,0.515916479,64.2268457,62.5504092,1,0.500543723,64.2268457,62.5504092,0.450842371
38410,3841,0.50235539,1,1.10650888,0.509477701,61.7809802,57.0123172,1,0.476740921,61.7809802,57.0123172,0.465703773
38420,3842,0.510621818,1,1.17751479,0.519718685,67.1892795,55.1434135,1,0.526858174,67.1892795,55.1434135,0.440162036
38430,3843,0.529532819,1,1.15976331,0.518582109,68.1504463,60.9745151,1,0.661691847,68.1504463,60.9745151,0.454599034
38440,3844,0.527560395,1,1.22485207,0.508755847,62.3257656,60.8386004,1,0.544774026,62.3257656,60.8386004,0.448174321
38450,3845,0.516861774,1,1.20118343,0.512048712,63.2330776,55.0889125,1,0.511930106,63.2330776,55.0889125,0.447756576
38460,3846,0.515079745,1,1.18934911,0.50987225,68.9634067,56.2099085,1,0.506686691,68.9634067,56.2099085,0.449149777
38470,3847,0.516154908,1,1.12426036,0.512772878,67.8168544,61.8041584,1,0.480063418,67.8168544,61.8041584,0.439271956
38480,3848,0.51540907,1,1.11242604,0.518942583,62.4202933,60.5421374,1,0.475847633,62.4202933,60.5421374,0.426320216
38490,3849,0.51279699,1,1.15976331,0.521766119,63.9347914,55.0509799,1,0.504388541,63.9347914,55.0509799,0.438168019
38500,3850,0.533964088,1,1.16568047,0.522787107,69.2209715,57.5767786,1,0.645744517,69.2209715,57.5767786,0.450662619
38510,3851,0.535135901,1,1.19526627,0.51745668,65.8244864,62.2762868,1,0.585739064,65.8244864,62.2762868,0.446031067
38520,3852,0.52808354,1,1.22485207,0.512837725,61.5333457,58.487529,1,0.518856278,61.5333457,58.487529,0.440337243
38530,3853,0.523098591,1,1.18343195,0.511808394,65.52973,54.3742922,1,0.508230909,65.52973,54.3742922,0.441151024
38540,3854,0.525006449,1,1.19526627,0.519991967,69.4078355,58.3973231,1,0.507363361,69.4078355,58.3973231,0.42983745
38550,3855,0.516763246,1,1.13609467,0.517575148,65.3611057,62.2901881,1,0.499055006,65.3611057,62.2901881,0.431938112
38560,3856,0.515168499,1,1.17159763,0.52117843,61.8944386,57.5900886,1,0.538836535,61.8944386,57.5900886,0.449251299
38570,3857,0.515123142,1,1.14792899,0.508873991,67.1042478,54.5154034,1,0.606424154,67.1042478,54.5154034,0.465342027
38580,3858,0.533363545,1,1.17751479,0.513742574,69.0738477,60.1707464,1,0.661073909,69.0738477,60.1707464,0.460654466
38590,3859,0.534519799,1,1.16568047,0.509062722,63.4846036,61.603222,1,0.624779149,63.4846036,61.603222,0.443837726
38600,3860,0.529983502,1,1.21893491,0.514277336,62.6623709,56.073574,1,0.513440146,62.6623709,56.073574,0.430034217
38610,3861,0.525561922,1,1.17159763,0.517099925,68.1060221,55.3545237,1,0.521350869,68.1060221,55.3545237,0.42237965
38620,3862,0.517526811,1,1.15976331,0.517700433,68.5557993,60.9826754,1,0.503157305,68.5557993,60.9826754,0.434315014
38630,3863,0.515529791,1,1.13017751,0.518917327,62.781815,61.1057232,1,0.498354095,62.781815,61.1057232,0.444253482
38640,3864,0.516516838,1,1.17751479,0.515794766,63.0981787,55.1483838,1,0.545352157,63.0981787,55.1483838,0.458902595
38650,3865,0.523846275,1,1.17159763,0.518702727,68.8759869,56.1721247,1,0.604547829,68.8759869,56.1721247,0.451369467
38660,3866,0.539012288,1,1.17751479,0.518370153,66.8763969,61.762404,1,0.643236541,66.8763969,61.762404,0.456702757
38670,3867,0.537586017,1,1.22485207,0.512065822,61.7200122,59.448365,1,0.574654551,61.7200122,59.448365,0.434755454
38680,3868,0.526666888,1,1.21301775,0.510592693,64.4676147,54.5430756,1,0.516735577,64.4676147,54.5430756,0.432490954
38690,3869,0.526066437,1,1.17159763,0.520058019,69.1318027,57.4364174,1,0.51369372,69.1318027,57.4364174,0.422209435
38700,3870,0.50909007,1,1.14792899,0.512531596,65.7202734,62.3098574,1,0.502384718,65.7202734,62.3098574,0.45760471
38710,3871,0.512333099,1,1.10059172,0.513166482,61.0991293,58.5757549,1,0.527495381,61.0991293,58.5757549,0.457019508
38720,3872,0.509807661,1,1.13017751,0.511846448,64.9712801,54.0982517,1,0.529299964,64.9712801,54.0982517,0.455353344
38730,3873,0.519156886,1,1.16568047,0.518391805,68.9333175,58.2564758,1,0.588360511,68.9333175,58.2564758,0.441812881
38740,3874,0.541606368,1,1.17751479,0.521099488,64.2591121,61.6235598,1,0.649857623,64.2591121,61.6235598,0.443129347
38750,3875,0.538009953,1,1.24260355,0.514341601,61.539736,56.8116798,1,0.539924726,61.539736,56.8116798,0.42516405
38760,3876,0.517194797,1,1.18343195,0.51342288,66.8600327,54.5762641,1,0.507595575,66.8600327,54.5762641,0.443911076
38770,3877,0.508253009,1,1.14792899,0.508970424,69.0458738,60.1855113,1,0.507507331,69.0458738,60.1855113,0.463084308
38780,3878,0.5149301,1,1.11242604,0.512570997,63.7313252,62.2507955,1,0.486828491,63.7313252,62.2507955,0.438595289
38790,3879,0.513888197,1,1.09467456,0.519620529,61.8900799,56.8733409,1,0.474493003,61.8900799,56.8733409,0.437226345
38800,3880,0.511787119,1,1.14792899,0.519856488,67.4692654,55.4454264,1,0.531697427,67.4692654,55.4454264,0.443001133
38810,3881,0.524352489,1,1.15384615,0.515701433,67.8693469,61.3712753,1,0.659073941,67.8693469,61.3712753,0.456872254
38820,3882,0.532464974,1,1.18343195,0.509407403,62.1494077,60.7239807,1,0.583690422,62.1494077,60.7239807,0.442803706
38830,3883,0.525287662,1,1.21893491,0.512853276,63.4782953,55.2035354,1,0.520967182,63.4782953,55.2035354,0.436779894
38840,3884,0.516206904,1,1.18343195,0.514470862,69.0151758,56.8941454,1,0.512626568,69.0151758,56.8941454,0.445325542
38850,3885,0.511210635,1,1.14792899,0.511527891,67.0589,62.4976027,1,0.504193135,67.0589,62.4976027,0.456548332
38860,3886,0.50614542,1,1.10059172,0.509013652,61.532541,60.3690269,1,0.470885203,61.532541,60.3690269,0.455547522
38870,3887,0.510586083,1,1.14201183,0.51665578,64.0138353,55.2497977,1,0.502750289,64.0138353,55.2497977,0.437605969
38880,3888,0.523876592,1,1.18343195,0.525019847,68.8335784,58.3498264,1,0.613543095,68.8335784,58.3498264,0.440817565
38890,3889,0.542765328,1,1.21301775,0.519503645,65.0163475,62.6749398,1,0.625928788,65.0163475,62.6749398,0.443745871
38900,3890,0.528139876,1,1.25443787,0.509915849,61.2013641,58.279687,1,0.515338958,61.2013641,58.279687,0.447691952
38910,3891,0.51791866,1,1.16568047,0.517053678,65.8944998,54.897137,1,0.510540018,65.8944998,54.897137,0.445006261
38920,3892,0.51437711,1,1.17751479,0.511607008,69.3781827,59.5488014,1,0.507155441,69.3781827,59.5488014,0.447041749
38930,3893,0.51822442,1,1.13017751,0.517918336,64.8150169,62.6811892,1,0.478458716,64.8150169,62.6811892,0.4257561
38940,3894,0.513324638,1,1.12426036,0.52107852,61.817328,57.7934307,1,0.488821189,61.817328,57.7934307,0.441060597
38950,3895,0.519319875,1,1.14201183,0.521544949,67.1182666,55.4360791,1,0.595239757,67.1182666,55.4360791,0.446266942
38960,3896,0.527654182,1,1.14792899,0.510417476,68.6069643,61.2265698,1,0.663949158,68.6069643,61.2265698,0.459907393
38970,3897,0.529722695,1,1.23076923,0.515155061,62.8023749,61.6393785,1,0.534121751,62.8023749,61.6393785,0.447634602
38980,3898,0.529308162,1,1.23076923,0.509834153,62.5343725,56.0356096,1,0.524252135,62.5343725,56.0356096,0.431551836
38990,3899,0.5274329,1,1.20118343,0.517844844,68.0289766,56.0543636,1,0.509491299,68.0289766,56.0543636,0.422664321
39000,3900,0.520898981,1,1.14201183,0.519492007,67.992735,61.7215745,1,0.49129756,67.992735,61.7215745,0.435948215
39010,3901,0.517154465,1,1.16568047,0.519749203,62.2122843,61.3141121,1,0.495033942,62.2122843,61.3141121,0.445753372
39020,3902,0.518119831,1,1.14792899,0.514755639,63.342662,55.432815,1,0.568624576,63.342662,55.432815,0.460687742
39030,3903,0.508123097,1,1.14201183,0.508102613,69.0951621,56.9394762,1,0.590760737,69.0951621,56.9394762,0.457425808
39040,3904,0.529101598,1,1.17159763,0.518159952,67.0866204,62.1100971,1,0.645187633,67.0866204,62.1100971,0.426694744
39050,3905,0.538978571,1,1.19526627,0.517473839,62.0737533,59.3222289,1,0.560875848,62.0737533,59.3222289,0.441226407
39060,3906,0.535793923,1,1.23076923,0.513789008,64.9189357,54.6505013,1,0.527946602,64.9189357,54.6505013,0.42076361
39070,3907,0.518366962,1,1.18343195,0.512654715,69.5285912,58.0234491,1,0.522753207,69.5285912,58.0234491,0.439376248
39080,3908,0.518394693,1,1.17751479,0.518594619,65.9043146,62.4064228,1,0.507627625,65.9043146,62.4064228,0.437487711
39090,3909,0.508413924,1,1.13017751,0.513646379,61.6080238,58.2028921,1,0.535227351,61.6080238,58.2028921,0.46235687
39100,3910,0.51315616,1,1.17751479,0.511643552,66.1702747,54.3661558,1,0.571129108,66.1702747,54.3661558,0.458545927
39110,3911,0.508559093,1,1.14792899,0.511543558,69.5048431,59.057088,1,0.57333843,69.5048431,59.057088,0.442720146
39120,3912,0.537426581,1,1.13609467,0.513583621,64.3935513,61.5850435,1,0.655743312,64.3935513,61.5850435,0.438636015
39130,3913,0.536261273,1,1.27218935,0.519211091,62.4377007,56.4144499,1,0.520444685,62.4377007,56.4144499,0.425241939
39140,3914,0.526711116,1,1.18343195,0.519322589,67.7322237,54.7411303,1,0.504137617,67.7322237,54.7411303,0.42712727
39150,3915,0.5111853,1,1.13017751,0.511797207,69.2771606,60.5037166,1,0.514034645,69.2771606,60.5037166,0.458930003
39160,3916,0.505873836,1,1.10059172,0.508300841,63.4117294,61.8117592,1,0.499328143,63.4117294,61.8117592,0.462270311
39170,3917,0.509845603,1,1.1183432,0.514266596,62.2572289,56.1446055,1,0.480000113,62.2572289,56.1446055,0.444888801
39180,3918,0.512208376,1,1.18343195,0.521004077,67.8647816,55.40593,1,0.525423647,67.8647816,55.40593,0.4350766
39190,3919,0.523673663,1,1.14792899,0.518066538,67.7782977,61.1657533,1,0.639794024,67.7782977,61.1657533,0.443113276
39200,3920,0.535452669,1,1.23076923,0.515787569,62.097596,59.9832621,1,0.550309344,62.097596,59.9832621,0.446343838
39210,3921,0.518331022,1,1.21893491,0.507107636,63.8794553,54.4089421,1,0.503118402,63.8794553,54.4089421,0.450168056
39220,3922,0.520639414,1,1.19526627,0.516658517,69.163855,56.4432354,1,0.508935057,69.163855,56.4432354,0.435572328
39230,3923,0.512734822,1,1.12426036,0.510832178,67.0077122,61.8534331,1,0.501866592,67.0077122,61.8534331,0.44800142
39240,3924,0.508008319,1,1.10650888,0.514029819,61.6559016,59.3606357,1,0.469027868,61.6559016,59.3606357,0.454145375
39250,3925,0.5161423,1,1.15384615,0.519776857,64.3803732,54.3709687,1,0.523765872,64.3803732,54.3709687,0.437309696
39260,3926,0.521738644,1,1.15384615,0.519839585,69.1090466,57.8284344,1,0.611065196,69.1090466,57.8284344,0.45060394
39270,3927,0.538792597,1,1.17159763,0.518571943,65.1266674,61.9901382,1,0.672564558,65.1266674,61.9901382,0.443087093
39280,3928,0.533831754,1,1.21301775,0.51747095,61.6011827,57.4685304,1,0.536570474,61.6011827,57.4685304,0.441044887
39290,3929,0.526513168,1,1.21301775,0.520321287,66.3346756,54.3647003,1,0.51145113,66.3346756,54.3647003,0.435412585
39300,3930,0.519021739,1,1.17159763,0.515438128,69.3450248,59.2783246,1,0.515102315,69.3450248,59.2783246,0.443265892
39310,3931,0.512567739,1,1.15976331,0.511591411,64.1914036,62.2088485,1,0.493936366,64.1914036,62.2088485,0.456042806
39320,3932,0.50880981,1,1.07692308,0.515751528,61.5364832,57.0747195,1,0.474714648,61.5364832,57.0747195,0.444611946
39330,3933,0.520158813,1,1.17751479,0.523245366,66.7376092,54.8306496,1,0.537319915,66.7376092,54.8306496,0.435737567
39340,3934,0.53493104,1,1.18934911,0.521728217,68.091467,60.6174431,1,0.662420698,68.091467,60.6174431,0.457158126
39350,3935,0.53368086,1,1.18934911,0.510928522,62.2768177,61.0726282,1,0.599860061,62.2768177,61.0726282,0.448649116
39360,3936,0.525910403,1,1.20710059,0.515162159,62.4578522,55.294259,1,0.513708459,62.4578522,55.294259,0.44470803
39370,3937,0.525923192,1,1.20710059,0.51407949,68.0304679,55.5455035,1,0.515407663,68.0304679,55.5455035,0.429098202
39380,3938,0.52591078,1,1.17159763,0.524195684,67.5491722,61.1242025,1,0.50394096,67.5491722,61.1242025,0.430724779
39390,3939,0.518115249,1,1.14201183,0.52081305,61.7274903,60.5996327,1,0.499873438,61.7274903,60.5996327,0.449635972
39400,3940,0.515838448,1,1.1183432,0.516878716,62.8449022,54.7246893,1,0.532575459,62.8449022,54.7246893,0.460020381
39410,3941,0.513412508,1,1.18343195,0.509907491,68.6518894,56.4923669,1,0.57747398,68.6518894,56.4923669,0.466928683
39420,3942,0.511679144,1,1.17751479,0.507880069,66.5459791,61.9985433,1,0.603839403,66.5459791,61.9985433,0.453473365
39430,3943,0.536403467,1,1.20710059,0.514758945,61.5841434,59.2913256,1,0.666979778,61.5841434,59.2913256,0.434794657
39440,3944,0.537544835,1,1.25443787,0.515373643,64.7897165,54.7687775,1,0.544508931,64.7897165,54.7687775,0.426414389
39450,3945,0.532394133,1,1.23668639,0.515994496,69.0874155,58.0310474,1,0.519129194,69.0874155,58.0310474,0.415047028
39460,3946,0.51705562,1,1.17159763,0.517138219,65.1747552,62.3045121,1,0.502273827,65.1747552,62.3045121,0.445698789
39470,3947,0.510130073,1,1.09467456,0.508580431,60.8884132,58.1196373,1,0.510712663,60.8884132,58.1196373,0.460806506
39480,3948,0.510338121,1,1.13017751,0.512635054,65.3327254,54.0783576,1,0.492035782,65.3327254,54.0783576,0.46207567
39490,3949,0.503552716,1,1.13609467,0.51275603,69.2012289,58.3565079,1,0.481031389,69.2012289,58.3565079,0.443679408
39500,3950,0.522976595,1,1.13609467,0.521421008,64.5716443,61.5384477,1,0.600322572,64.5716443,61.5384477,0.432125573
39510,3951,0.51388015,1,1.14792899,0.510225989,61.5783868,56.8554298,1,0.619636131,61.5783868,56.8554298,0.427530732
39520,3952,0.53865345,1,1.16568047,0.517896271,66.8710445,54.7966304,1,0.543167009,66.8710445,54.7966304,0.436845065
39530,3953,0.523248176,1,1.18343195,0.515489179,68.5044031,60.2774521,1,0.510502432,68.5044031,60.2774521,0.439925137
39540,3954,0.517277604,1,1.14792899,0.515311058,62.8208082,61.604374,1,0.512619398,62.8208082,61.604374,0.448956532
39550,3955,0.508974828,1,1.13017751,0.510841348,61.6033327,55.666217,1,0.49785671,61.6033327,55.666217,0.466283022
39560,3956,0.507077843,1,1.12426036,0.512553729,67.3588886,54.6485553,1,0.472333746,67.3588886,54.6485553,0.449602453
39570,3957,0.511594611,1,1.16568047,0.518757918,67.9492503,60.3011193,1,0.521490191,67.9492503,60.3011193,0.437177652
39580,3958,0.535106254,1,1.17159763,0.522034086,62.1137816,60.0365734,1,0.652982197,62.1137816,60.0365734,0.449343239
39590,3959,0.532815902,1,1.17751479,0.513984532,63.2509321,54.2871952,1,0.61268092,63.2509321,54.2871952,0.450827385
39600,3960,0.537506655,1,1.22485207,0.512826487,68.6116837,55.7858667,1,0.574470493,68.6116837,55.7858667,0.428176779
39610,3961,0.526337966,1,1.21301775,0.519430883,66.6979018,61.0423356,1,0.506987501,66.6979018,61.0423356,0.430309004
39620,3962,0.526503898,1,1.17751479,0.517263043,61.4914295,59.3624471,1,0.522262589,61.4914295,59.3624471,0.420828846
39630,3963,0.517580924,1,1.14201183,0.516074381,63.6652601,53.9735429,1,0.494804099,63.6652601,53.9735429,0.446987469
39640,3964,0.511870408,1,1.12426036,0.516673132,69.0018553,56.5294631,1,0.49840211,69.0018553,56.5294631,0.455160916
39650,3965,0.522005079,1,1.17751479,0.522221047,66.0648936,61.5663268,1,0.571482291,66.0648936,61.5663268,0.448506665
39660,3966,0.525417687,1,1.16568047,0.512772523,61.3437281,57.8974908,1,0.643977276,61.3437281,57.8974908,0.459931569
39670,3967,0.533297043,1,1.19526627,0.511133513,65.771339,53.9688295,1,0.595308403,65.771339,53.9688295,0.455330807
39680,3968,0.525326429,1,1.22485207,0.512658559,69.1479719,58.6814098,1,0.519189416,69.1479719,58.6814098,0.445955278
39690,3969,0.52778208,1,1.23668639,0.512004555,64.636782,61.8697216,1,0.510151743,64.636782,61.8697216,0.424934152
39700,3970,0.522457508,1,1.13609467,0.519419198,61.6571663,57.1557261,1,0.500701,61.6571663,57.1557261,0.428978855
39710,3971,0.51831547,1,1.13609467,0.518782007,66.5202541,54.1873875,1,0.494509264,66.5202541,54.1873875,0.438263501
39720,3972,0.512697501,1,1.15384615,0.514542498,69.1458581,59.6032231,1,0.526779955,69.1458581,59.6032231,0.462978982
39730,3973,0.522639582,1,1.18343195,0.514734312,63.3790538,61.3691233,1,0.626536941,63.3790538,61.3691233,0.463932481
39740,3974,0.523625645,1,1.15384615,0.507303621,62.376581,55.4818711,1,0.672029662,62.376581,55.4818711,0.459384011
39750,3975,0.544195277,1,1.20710059,0.515747098,67.8739298,55.1408596,1,0.625539149,67.8739298,55.1408596,0.423685806
39760,3976,0.533461126,1,1.23668639,0.515129911,67.946876,60.7781943,1,0.51865575,67.946876,60.7781943,0.433677435
39770,3977,0.528367129,1,1.20118343,0.518693687,62.4353635,60.6381525,1,0.520413676,62.4353635,60.6381525,0.424099331
39780,3978,0.517241228,1,1.15384615,0.516131383,62.9659633,54.8586451,1,0.51312391,62.9659633,54.8586451,0.446447128
39790,3979,0.513003555,1,1.13609467,0.518668262,68.7936138,55.5433661,1,0.486227298,68.7936138,55.5433661,0.451364491
39800,3980,0.510976249,1,1.11242604,0.513700033,67.7915942,61.3024975,1,0.511669649,67.7915942,61.3024975,0.449665474
39810,3981,0.523263491,1,1.22485207,0.519187178,62.2517335,59.3639196,1,0.604224892,62.2517335,59.3639196,0.451481066
39820,3982,0.52387909,1,1.14201183,0.512340102,64.5427689,54.0649077,1,0.638821259,64.5427689,54.0649077,0.444082529
39830,3983,0.536566236,1,1.19526627,0.513825102,69.3392628,57.1490205,1,0.59957909,69.3392628,57.1490205,0.438651144
39840,3984,0.527757447,1,1.18934911,0.514880131,65.8503396,61.5723022,1,0.518495491,65.8503396,61.5723022,0.433357651
39850,3985,0.52658131,1,1.19526627,0.518898674,61.6794975,57.9339887,1,0.516952027,61.6794975,57.9339887,0.425748551
39860,3986,0.514335327,1,1.15976331,0.514636467,65.501747,53.6114346,1,0.510515527,65.501747,53.6114346,0.443853918
39870,3987,0.513586871,1,1.14792899,0.518100573,69.4457192,57.8926991,1,0.518386184,69.4457192,57.8926991,0.447769901
39880,3988,0.512361194,1,1.17159763,0.511815741,64.5976062,61.5223189,1,0.578944202,64.5976062,61.5223189,0.465866497
39890,3989,0.512501107,1,1.13017751,0.510226817,61.56956,56.5060284,1,0.585280754,61.56956,56.5060284,0.450720882
39900,3990,0.526857261,1,1.12426036,0.515560717,66.7665578,54.1810789,1,0.657714457,66.7665578,54.1810789,0.437949612
39910,3991,0.537988866,1,1.24852071,0.517826617,68.3909358,59.4905495,1,0.525096771,68.3909358,59.4905495,0.427107251
39920,3992,0.524553107,1,1.17159763,0.514298676,62.9515652,60.7045439,1,0.521232523,62.9515652,60.7045439,0.428707532
39930,3993,0.514851253,1,1.14792899,0.516506946,62.1069093,54.9327443,1,0.503051129,62.1069093,54.9327443,0.448713576
39940,3994,0.512777982,1,1.13017751,0.511803628,67.8968742,54.2304674,1,0.501215298,67.8968742,54.2304674,0.448646136
39950,3995,0.511611801,1,1.12426036,0.514809303,68.2734435,60.1284816,1,0.486246064,68.2734435,60.1284816,0.454617183
39960,3996,0.516097242,1,1.17159763,0.518119534,62.5286768,60.1316999,1,0.525631903,62.5286768,60.1316999,0.441905201
39970,3997,0.536219665,1,1.17159763,0.52223092,63.4478391,54.4145395,1,0.651230328,63.4478391,54.4145395,0.445429006
39980,3998,0.535827666,1,1.14201183,0.51259661,69.0048352,55.9039736,1,0.654972414,69.0048352,55.9039736,0.442549232
39990,3999,0.536996266,1,1.20710059,0.512875243,66.9703837,61.0605225,1,0.554436071,66.9703837,61.0605225,0.426413343
40000,4000,0.527024808,1,1.17751479,0.515806997,61.9928772,58.7344768,1,0.514275983,61.9928772,58.7344768,0.422629554
40010,4001,0.509779127,1,1.16568047,0.51363117,64.9297783,53.5589312,1,0.506913671,64.9297783,53.5589312,0.457751512
40020,4002,0.51167499,1,1.0887574,0.511111731,69.880112,56.5656827,1,0.498644581,69.880112,56.5656827,0.445532448
40030,4003,0.506897147,1,1.1183432,0.514896676,66.7065458,61.4892634,1,0.471908674,66.7065458,61.4892634,0.450595717
40040,4004,0.519405571,1,1.17159763,0.522067669,62.2904024,57.9714353,1,0.560313562,62.2904024,57.9714353,0.434308513
40050,4005,0.528587957,1,1.13609467,0.518084851,66.5146392,53.9839968,1,0.660062883,66.5146392,53.9839968,0.446841923
40060,4006,0.542305375,1,1.20710059,0.520106714,69.7666139,58.632648,1,0.565757909,69.7666139,58.632648,0.436400668
40070,4007,0.526459605,1,1.24852071,0.515072601,64.767545,61.4589701,1,0.514110412,64.767545,61.4589701,0.441747382
40080,4008,0.512400603,1,1.17751479,0.510802448,62.1579815,56.128659,1,0.501934015,62.1579815,56.128659,0.456524285
40090,4009,0.51057009,1,1.11242604,0.506787352,67.4902945,53.6628065,1,0.502869969,67.4902945,53.6628065,0.451912372
40100,4010,0.515111239,1,1.12426036,0.517082123,69.5885132,59.0303615,1,0.484026764,69.5885132,59.0303615,0.443314363
40110,4011,0.502862173,1,1.1183432,0.513960857,64.0637112,61.1051593,1,0.470795308,64.0637112,61.1051593,0.45396493
40120,4012,0.520398584,1,1.17751479,0.521755997,62.9694866,55.6017308,1,0.585288654,62.9694866,55.6017308,0.431627249
40130,4013,0.535001317,1,1.20118343,0.517044119,68.8253094,55.2848615,1,0.665526308,68.8253094,55.2848615,0.451106903
40140,4014,0.537865114,1,1.23076923,0.517878387,68.2686158,60.9699104,1,0.538717704,68.2686158,60.9699104,0.4394031
40150,4015,0.528825203,1,1.21893491,0.516936627,62.5500561,60.0912642,1,0.515519172,62.5500561,60.0912642,0.445051313
40160,4016,0.527675235,1,1.21301775,0.513541055,63.3324474,54.5723691,1,0.519888551,63.3324474,54.5723691,0.428775181
40170,4017,0.523383283,1,1.17751479,0.522179149,68.8290011,55.5781219,1,0.49213625,68.8290011,55.5781219,0.429831684
40180,4018,0.517574536,1,1.15384615,0.519385231,67.6413944,61.1011485,1,0.491818098,67.6413944,61.1011485,0.434559103
40190,4019,0.515355803,1,1.18343195,0.51495533,62.0753885,59.0615269,1,0.551503157,62.0753885,59.0615269,0.455995414
40200,4020,0.517010381,1,1.13609467,0.516064308,64.4951674,53.789659,1,0.585210621,64.4951674,53.789659,0.446206376
40210,4021,0.540213998,1,1.14792899,0.520403976,69.3513255,56.948248,1,0.662223575,69.3513255,56.948248,0.445616099
40220,4022,0.537348785,1,1.21893491,0.519723743,65.5779663,61.2322355,1,0.532089523,65.5779663,61.2322355,0.439141099
40230,4023,0.516275749,1,1.12426036,0.508930719,61.4582726,57.1343435,1,0.51413934,61.4582726,57.1343435,0.44697931
40240,4024,0.515546789,1,1.14201183,0.513209939,65.9001121,53.3617599,1,0.501551698,65.9001121,53.3617599,0.448286186
40250,4025,0.52006884,1,1.17751479,0.518479612,69.5651564,57.7185691,1,0.489144949,69.5651564,57.7185691,0.437950692
40260,4026,0.511794649,1,1.10059172,0.517946768,65.10166,61.3736777,1,0.476391848,65.10166,61.3736777,0.443777616
40270,4027,0.5197918,1,1.17751479,0.521877937,62.1107193,56.4387634,1,0.571659882,62.1107193,56.4387634,0.443887521
40280,4028,0.517642116,1,1.13017751,0.509166926,67.6032698,54.0328841,1,0.651353044,67.6032698,54.0328841,0.46125867
40290,4029,0.538489155,1,1.17751479,0.514446696,69.0414922,59.6042361,1,0.625515102,69.0414922,59.6042361,0.442614925
40300,4030,0.537627972,1,1.20118343,0.511300955,63.5270309,60.7396913,1,0.58587884,63.5270309,60.7396913,0.433088136
40310,4031,0.529041242,1,1.22485207,0.520016132,62.8776422,55.2208508,1,0.501184732,62.8776422,55.2208508,0.427455012
40320,4032,0.518944998,1,1.17159763,0.515508273,68.6211085,54.5800233,1,0.509197965,68.6211085,54.5800233,0.444546604
40330,4033,0.516885986,1,1.14201183,0.518181864,68.9402176,60.3362475,1,0.490308214,68.9402176,60.3362475,0.443466355
40340,4034,0.516484644,1,1.11242604,0.516510841,63.018593,60.14618,1,0.539456345,63.018593,60.14618,0.455744159
40350,4035,0.515301829,1,1.21893491,0.514242036,63.6959028,54.2461556,1,0.572495362,63.6959028,54.2461556,0.456828773
40360,4036,0.529398568,1,1.19526627,0.516323958,69.3529882,55.5957382,1,0.65267279,69.3529882,55.5957382,0.44737227
40370,4037,0.53969085,1,1.18934911,0.516819506,67.2257403,60.9683964,1,0.624628559,67.2257403,60.9683964,0.444497187
40380,4038,0.535756149,1,1.23076923,0.510915431,62.2145133,58.561455,1,0.560203443,62.2145133,58.561455,0.42763809
40390,4039,0.526836802,1,1.20710059,0.520883668,65.1421323,53.8777678,1,0.513296675,65.1421323,53.8777678,0.424876445
40400,4040,0.520318151,1,1.16568047,0.515132996,70.0016851,56.8182815,1,0.504432693,70.0016851,56.8182815,0.436919514
40410,4041,0.514166657,1,1.14201183,0.518328355,66.6844567,61.6444867,1,0.486843523,66.6844567,61.6444867,0.450484693
40420,4042,0.516104753,1,1.13609467,0.518479125,62.1010795,58.2013499,1,0.502848464,62.1010795,58.2013499,0.44096813
40430,4043,0.51594017,1,1.18934911,0.517532773,65.9869462,53.8146462,1,0.543914513,65.9869462,53.8146462,0.450792391
40440,4044,0.526349284,1,1.13609467,0.518345795,69.8244151,58.2494543,1,0.640879834,69.8244151,58.2494543,0.451124113
40450,4045,0.539615536,1,1.18934911,0.518306333,65.0382458,61.3482623,1,0.638861759,65.0382458,61.3482623,0.438596659
40460,4046,0.526854498,1,1.21893491,0.513840445,62.6027539,56.1557192,1,0.517632002,62.6027539,56.1557192,0.441179996
40470,4047,0.518924015,1,1.20710059,0.511541301,68.0529969,53.9895692,1,0.509016942,68.0529969,53.9895692,0.451148133
40480,4048,0.520326206,1,1.18343195,0.514194666,70.0627576,59.3815887,1,0.51573122,70.0627576,59.3815887,0.442645437
40490,4049,0.517864578,1,1.12426036,0.518598497,64.6816548,61.1684988,1,0.48641445,64.6816548,61.1684988,0.436156659
40500,4050,0.516035058,1,1.13017751,0.52026244,63.1318062,55.5928771,1,0.498350989,63.1318062,55.5928771,0.445155296
40510,4051,0.513063456,1,1.16568047,0.51629752,68.9140238,54.494033,1,0.553893864,68.9140238,54.494033,0.452746374
40520,4052,0.529447497,1,1.15384615,0.517684281,68.9689111,60.3603475,1,0.663017966,68.9689111,60.3603475,0.451274711
40530,4053,0.538710032,1,1.18934911,0.513063761,63.3278414,59.7024095,1,0.608066838,63.3278414,59.7024095,0.436869918
40540,4054,0.521306779,1,1.19526627,0.513321717,64.8276012,54.0793999,1,0.515721535,64.8276012,54.0793999,0.447660029
40550,4055,0.514605681,1,1.18343195,0.510509338,70.3915789,55.838664,1,0.51108573,70.3915789,55.838664,0.44888328
40560,4056,0.516180448,1,1.15976331,0.515648579,68.577525,61.3495635,1,0.490276053,68.577525,61.3495635,0.446291784
40570,4057,0.516129616,1,1.1183432,0.517224308,63.2992408,59.607907,1,0.474754691,63.2992408,59.607907,0.427554293
40580,4058,0.518035883,1,1.14201183,0.526721681,65.3818381,54.3802125,1,0.502509083,65.3818381,54.3802125,0.432865787
40590,4059,0.52874621,1,1.16568047,0.523284657,70.5256115,57.1683547,1,0.617983488,70.5256115,57.1683547,0.450063392
40600,4060,0.533599227,1,1.20118343,0.511497481,66.6041728,61.8066725,1,0.617390226,66.6041728,61.8066725,0.467219359
40610,4061,0.52093924,1,1.18934911,0.503106003,62.6068392,57.4038617,1,0.529913181,62.6068392,57.4038617,0.457439611
40620,4062,0.528578903,1,1.23076923,0.513288107,66.9997957,53.8215312,1,0.521304485,66.9997957,53.8215312,0.43603348
40630,4063,0.530796248,1,1.23076923,0.517915064,70.6063072,57.8750142,1,0.51963302,70.6063072,57.8750142,0.417357492
40640,4064,0.525377874,1,1.17751479,0.522211276,66.4376983,61.3620522,1,0.494115414,66.4376983,61.3620522,0.418059295
40650,4065,0.515006646,1,1.14201183,0.517926019,63.034933,56.8170127,1,0.495393161,63.034933,56.8170127,0.436745604
40660,4066,0.512863462,1,1.18934911,0.515616028,68.3806338,54.0349938,1,0.565376435,68.3806338,54.0349938,0.463560608
40670,4067,0.526963302,1,1.16568047,0.512749812,70.4248897,59.5704267,1,0.657714402,70.4248897,59.5704267,0.453911331
40680,4068,0.529960408,1,1.13609467,0.511831043,64.8900688,61.1544415,1,0.663691258,64.8900688,61.1544415,0.442848136
40690,4069,0.536289512,1,1.15384615,0.512130746,63.6082243,55.7253012,1,0.65781466,63.6082243,55.7253012,0.429108684
40700,4070,0.535852438,1,1.24852071,0.521989798,69.0904544,55.0098412,1,0.509964711,69.0904544,55.0098412,0.425286054
40710,4071,0.523820372,1,1.19526627,0.516591262,69.7183262,60.5509499,1,0.519571401,69.7183262,60.5509499,0.428966754
40720,4072,0.519613723,1,1.15384615,0.519683996,63.9824857,60.7256257,1,0.508298187,63.9824857,60.7256257,0.441423053
40730,4073,0.50921275,1,1.13609467,0.513030799,64.143355,54.6260919,1,0.507697826,64.143355,54.6260919,0.469358062
40740,4074,0.512817557,1,1.17159763,0.512927574,70.1120372,55.3868316,1,0.548807267,70.1120372,55.3868316,0.462843616
40750,4075,0.503823777,1,1.14792899,0.513337979,69.1311489,61.0511645,1,0.543949529,69.1311489,61.0511645,0.44220272
40760,4076,0.540524905,1,1.17751479,0.520736879,63.7461344,59.0863064,1,0.667146795,63.7461344,59.0863064,0.440944713
40770,4077,0.530679633,1,1.22485207,0.514488914,66.4533066,53.9883906,1,0.520545379,66.4533066,53.9883906,0.444010276
40780,4078,0.527816475,1,1.23668639,0.509288355,71.2883909,56.8117326,1,0.51919251,71.2883909,56.8117326,0.430695733
40790,4079,0.525721442,1,1.20710059,0.519336745,68.1971774,61.411578,1,0.51886416,68.1971774,61.411578,0.426310571
40800,4080,0.5156229,1,1.13609467,0.519695367,63.5792142,58.098216,1,0.495535545,63.5792142,58.098216,0.437204348
40810,4081,0.515857587,1,1.16568047,0.516984874,67.5204422,53.7698897,1,0.541881422,67.5204422,53.7698897,0.450296991
40820,4082,0.52029895,1,1.19526627,0.5144663,71.385278,58.4256097,1,0.620165426,71.385278,58.4256097,0.465449357
40830,4083,0.532359887,1,1.15976331,0.511789119,66.2110692,61.4946438,1,0.65957157,66.2110692,61.4946438,0.462763807
40840,4084,0.528888357,1,1.13017751,0.506059508,63.6480986,56.4707934,1,0.669764214,63.6480986,56.4707934,0.433834497
40850,4085,0.537146157,1,1.25443787,0.515315236,68.8906504,54.5233866,1,0.533476262,68.8906504,54.5233866,0.430197022
40860,4086,0.524016319,1,1.20118343,0.516331481,70.6286585,59.816673,1,0.514341795,70.6286585,59.816673,0.428562709
40870,4087,0.52118769,1,1.17751479,0.518416357,65.1146902,61.3383985,1,0.496046643,65.1146902,61.3383985,0.440007363
40880,4088,0.508608344,1,1.13017751,0.514368051,63.8306397,55.4961279,1,0.515313495,63.8306397,55.4961279,0.460131901
40890,4089,0.507582011,1,1.15384615,0.513031167,69.7397601,54.717219,1,0.531138187,69.7397601,54.717219,0.458479622
40900,4090,0.519762264,1,1.16568047,0.516519608,69.8722357,60.4926667,1,0.60054785,69.8722357,60.4926667,0.444382066
40910,4091,0.539563848,1,1.15976331,0.517504653,64.2047151,59.9018308,1,0.667513771,64.2047151,59.9018308,0.438325734
40920,4092,0.535387431,1,1.23668639,0.516233912,65.4846765,54.3233263,1,0.54940932,65.4846765,54.3233263,0.440266281
40930,4093,0.522261347,1,1.18934911,0.514202065,70.9093631,56.0906118,1,0.51304642,70.9093631,56.0906118,0.43886973
40940,4094,0.51919331,1,1.17159763,0.515687991,68.9166784,61.5126636,1,0.509345197,68.9166784,61.5126636,0.444356049
40950,4095,0.514499119,1,1.1183432,0.514540242,63.4405882,59.4518911,1,0.489670802,63.4405882,59.4518911,0.450077883
40960,4096,0.517497422,1,1.10650888,0.51703471,65.7276512,54.2615036,1,0.486271144,65.7276512,54.2615036,0.436302241
40970,4097,0.516704043,1,1.15384615,0.522816408,70.8620164,57.0284075,1,0.541966629,70.8620164,57.0284075,0.448649936
40980,4098,0.537639828,1,1.16568047,0.523979417,67.3414041,61.7199043,1,0.660874868,67.3414041,61.7199043,0.451197315
40990,4099,0.535592912,1,1.23076923,0.514473423,63.2352703,57.4812271,1,0.567231252,63.2352703,57.4812271,0.45395513
41000,4100,0.523902711,1,1.22485207,0.504633736,67.8104876,53.7701466,1,0.53300561,67.8104876,53.7701466,0.453159396
41010,4101,0.526521892,1,1.24260355,0.509043586,71.2052614,58.2530801,1,0.516610917,71.2052614,58.2530801,0.432559344
41020,4102,0.527786399,1,1.19526627,0.518244926,66.9225406,61.5009791,1,0.521026174,66.9225406,61.5009791,0.413460964
41030,4103,0.518280122,1,1.12426036,0.520905627,63.7238571,56.8278797,1,0.485785855,63.7238571,56.8278797,0.435614466
41040,4104,0.511753188,1,1.12426036,0.518573964,68.6523611,53.7716688,1,0.500159603,68.6523611,53.7716688,0.446091353
41050,4105,0.511128953,1,1.15384615,0.515799404,71.0064168,59.2235103,1,0.577791061,71.0064168,59.2235103,0.456797146
41060,4106,0.528236229,1,1.15976331,0.512543457,65.1416949,60.4352393,1,0.660975614,65.1416949,60.4352393,0.460661024
41070,4107,0.527333653,1,1.23076923,0.513019799,64.9203178,54.5864239,1,0.535408617,64.9203178,54.5864239,0.45023104
41080,4108,0.520001832,1,1.20118343,0.510945265,70.7525893,54.8495746,1,0.510995562,70.7525893,54.8495746,0.449092697
41090,4109,0.519721031,1,1.17159763,0.512197569,70.3812891,60.5507514,1,0.512123688,70.3812891,60.5507514,0.439481146
41100,4110,0.522296515,1,1.17751479,0.517592697,64.9562819,60.1483204,1,0.501838679,64.9562819,60.1483204,0.418454847
41110,4111,0.51727095,1,1.15976331,0.522964292,65.4639357,54.5624286,1,0.477363297,65.4639357,54.5624286,0.431454806
41120,4112,0.519862879,1,1.20118343,0.521760075,71.1473603,55.7026691,1,0.549053798,71.1473603,55.7026691,0.44589822
41130,4113,0.527438266,1,1.15384615,0.516198826,69.0904071,61.2663316,1,0.649067563,69.0904071,61.2663316,0.456286761
41140,4114,0.542018728,1,1.20118343,0.520402877,64.0196136,58.3240141,1,0.6040347,64.0196136,58.3240141,0.450969889
41150,4115,0.526916394,1,1.26035503,0.509979311,67.2996579,53.4329004,1,0.522343244,67.2996579,53.4329004,0.453008904
41160,4116,0.530070585,1,1.20710059,0.515662522,71.5878138,56.9057175,1,0.521402931,71.5878138,56.9057175,0.424464435
41170,4117,0.521195244,1,1.16568047,0.519808659,67.8714469,61.2157569,1,0.502049874,67.8714469,61.2157569,0.437771536
41180,4118,0.520950898,1,1.18934911,0.522710066,63.6442227,57.6228031,1,0.498426108,63.6442227,57.6228031,0.426758401
41190,4119,0.505611878,1,1.13609467,0.516318365,67.7667661,53.4980601,1,0.503322189,67.7667661,53.4980601,0.448593256
41200,4120,0.522349947,1,1.18934911,0.518380894,71.1227948,58.3337052,1,0.611293506,71.1227948,58.3337052,0.452778354
41210,4121,0.535598713,1,1.20118343,0.516583109,65.6374703,60.7611042,1,0.631698783,65.6374703,60.7611042,0.461416971
41220,4122,0.53676756,1,1.20710059,0.513088124,63.8020004,55.4172606,1,0.587952183,63.8020004,55.4172606,0.434636584
41230,4123,0.534543097,1,1.24852071,0.512858908,69.2379995,53.9140444,1,0.539821843,69.2379995,53.9140444,0.43384715
41240,4124,0.527538542,1,1.21893491,0.517047981,70.3944502,59.3845866,1,0.507258526,70.3944502,59.3845866,0.430110826
41250,4125,0.518993867,1,1.14201183,0.51989989,64.7153731,60.4204503,1,0.493420787,64.7153731,60.4204503,0.444059613
41260,4126,0.516567628,1,1.12426036,0.518206861,63.9988283,54.6024049,1,0.508021298,63.9988283,54.6024049,0.450923368
41270,4127,0.512449134,1,1.12426036,0.514186486,70.0506624,54.5529714,1,0.572268434,70.0506624,54.5529714,0.465541233
41280,4128,0.512079573,1,1.16568047,0.509440468,69.4911472,60.4801275,1,0.620423807,69.4911472,60.4801275,0.457962023
41290,4129,0.534713964,1,1.14792899,0.513564451,63.9529328,59.0619529,1,0.656854475,63.9529328,59.0619529,0.439762154
41300,4130,0.538458398,1,1.20118343,0.517312134,65.888407,53.8756607,1,0.542231386,65.888407,53.8756607,0.425821076
41310,4131,0.535604468,1,1.22485207,0.515115906,70.9845274,55.8287313,1,0.520465945,70.9845274,55.8287313,0.419812073
41320,4132,0.519817891,1,1.19526627,0.51684421,68.4997024,60.987567,1,0.508219134,68.4997024,60.987567,0.440467354
41330,4133,0.512833274,1,1.1183432,0.514644142,63.212997,58.2371295,1,0.505700027,63.212997,58.2371295,0.458413525
41340,4134,0.512210592,1,1.0887574,0.513857509,66.2117866,53.1097353,1,0.500772525,66.2117866,53.1097353,0.45691861
41350,4135,0.512167338,1,1.15976331,0.516666923,71.109286,56.35003,1,0.52685118,71.109286,56.35003,0.451722614
41360,4136,0.53279977,1,1.16568047,0.524838692,67.3741768,60.753774,1,0.633368922,67.3741768,60.753774,0.444186658
41370,4137,0.538237161,1,1.20118343,0.516742297,63.5032938,56.4972949,1,0.650244887,63.5032938,56.4972949,0.442567474
41380,4138,0.5278622,1,1.23076923,0.513535126,68.2967804,53.3253158,1,0.515351337,68.2967804,53.3253158,0.442150238
41390,4139,0.516171751,1,1.15384615,0.508753747,71.2745322,58.3653282,1,0.508086287,71.2745322,58.3653282,0.450303852
41400,4140,0.521615123,1,1.17159763,0.51486101,66.3398027,61.1482708,1,0.506374329,66.3398027,61.1482708,0.435797068
41410,4141,0.517199701,1,1.13017751,0.519142922,63.6349954,56.178402,1,0.489173,63.6349954,56.178402,0.435248544
41420,4142,0.513338593,1,1.1183432,0.518180946,68.8273968,53.7753961,1,0.492951358,68.8273968,53.7753961,0.440114761
41430,4143,0.522436262,1,1.18934911,0.520948509,70.6987938,59.3611592,1,0.581761716,70.6987938,59.3611592,0.453147285
41440,4144,0.524353611,1,1.10650888,0.510969528,64.7171362,60.2654447,1,0.662852751,64.7171362,60.2654447,0.465355752
41450,4145,0.529921671,1,1.22485207,0.511300741,64.8522965,54.4982556,1,0.563779908,64.8522965,54.4982556,0.44375174
41460,4146,0.527298539,1,1.26035503,0.513424235,70.4766344,55.1371589,1,0.532517364,70.4766344,55.1371589,0.435423848
41470,4147,0.513131831,1,1.17159763,0.510145096,69.4705368,60.9935942,1,0.498709658,69.4705368,60.9935942,0.457094419
41480,4148,0.519662496,1,1.15976331,0.51555201,63.9716069,60.0133668,1,0.48860381,63.9716069,60.0133668,0.429662563
41490,4149,0.510545606,1,1.09467456,0.516320974,65.2167489,54.4973294,1,0.480413759,65.2167489,54.4973294,0.434986551
41500,4150,0.52067148,1,1.18934911,0.523893326,70.6655387,56.250938,1,0.53867176,70.6655387,56.250938,0.440309557
41510,4151,0.529487223,1,1.17159763,0.519628185,68.1051455,61.6401634,1,0.645193302,68.1051455,61.6401634,0.458963099
41520,4152,0.533463607,1,1.15976331,0.509443878,63.2142608,58.2984363,1,0.649593377,63.2142608,58.2984363,0.455654115
41530,4153,0.533408159,1,1.24852071,0.515845654,66.9770034,54.0792308,1,0.529984493,66.9770034,54.0792308,0.434870083
41540,4154,0.527269433,1,1.24260355,0.515651601,70.975868,57.9007676,1,0.504384349,70.975868,57.9007676,0.425483097
41550,4155,0.517731316,1,1.14792899,0.513217901,66.8376747,61.9175906,1,0.500262272,66.8376747,61.9175906,0.443623533
41560,4156,0.52345298,1,1.13609467,0.522405723,63.0541471,57.6503112,1,0.493608853,63.0541471,57.6503112,0.438695985
41570,4157,0.505323139,1,1.10650888,0.513311562,67.520493,53.6795916,1,0.474946312,67.520493,53.6795916,0.459707008
41580,4158,0.524374793,1,1.18343195,0.521967598,70.6953935,58.4333778,1,0.574831928,70.6953935,58.4333778,0.439731468
41590,4159,0.526457692,1,1.16568047,0.517155276,65.558763,61.2175844,1,0.648542338,65.558763,61.2175844,0.449436062
41600,4160,0.542633837,1,1.19526627,0.517805057,63.8083177,55.7290635,1,0.582398894,63.8083177,55.7290635,0.443145831
41610,4161,0.528144402,1,1.24260355,0.512709079,69.4618561,54.4793462,1,0.51422019,69.4618561,54.4793462,0.445385871
41620,4162,0.522983673,1,1.17751479,0.514637956,70.4669842,60.0195254,1,0.512591248,70.4669842,60.0195254,0.433124519
41630,4163,0.518344508,1,1.15976331,0.518869495,64.7823015,60.8588931,1,0.494488362,64.7823015,60.8588931,0.442024361
41640,4164,0.51626243,1,1.13017751,0.514923754,64.1365776,55.1178583,1,0.499971679,64.1365776,55.1178583,0.444402666
41650,4165,0.507883058,1,1.13017751,0.51320326,70.1305085,54.9572491,1,0.505002747,70.1305085,54.9572491,0.461237096
41660,4166,0.508472271,1,1.14201183,0.514585773,70.0073079,60.7169342,1,0.541694421,70.0073079,60.7169342,0.443154044
41670,4167,0.542222169,1,1.21301775,0.522980206,64.4107434,59.4525432,1,0.663652744,64.4107434,59.4525432,0.441354946
41680,4168,0.536929794,1,1.16568047,0.512278824,66.1154409,54.0493683,1,0.622070961,66.1154409,54.0493683,0.435824001
41690,4169,0.530512414,1,1.24852071,0.512271503,71.2713818,56.3643403,1,0.515129832,71.2713818,56.3643403,0.434753699
41700,4170,0.522516443,1,1.19526627,0.517180758,68.6770305,61.2735297,1,0.512441414,68.6770305,61.2735297,0.427119148
41710,4171,0.513284648,1,1.15976331,0.51331353,63.6806285,58.2072946,1,0.514706629,63.6806285,58.2072946,0.450941361
41720,4172,0.508221006,1,1.11242604,0.51019246,67.3202602,53.3195592,1,0.528242896,67.3202602,53.3195592,0.468769486
41730,4173,0.504432077,1,1.12426036,0.507064907,71.9032131,57.200594,1,0.527619642,71.9032131,57.200594,0.461960634
41740,4174,0.500934015,1,1.12426036,0.514836348,68.0162029,61.2694133,1,0.52654123,68.0162029,61.2694133,0.432853056
41750,4175,0.539077783,1,1.15384615,0.520837613,64.5359384,56.8888056,1,0.667713877,64.5359384,56.8888056,0.430370458
41760,4176,0.531912869,1,1.21893491,0.509140007,69.3824501,53.9123715,1,0.569815869,69.3824501,53.9123715,0.437501213
41770,4177,0.527432709,1,1.19526627,0.520883724,71.658948,58.9543151,1,0.505773283,71.658948,58.9543151,0.425542735
41780,4178,0.515393776,1,1.14201183,0.514122607,66.2666836,61.2634259,1,0.503995332,66.2666836,61.2634259,0.451221279
41790,4179,0.512006125,1,1.14201183,0.515697091,64.267216,55.6564525,1,0.50564434,64.267216,55.6564525,0.457908947
41800,4180,0.508715172,1,1.10650888,0.509218091,69.954108,53.8096935,1,0.510604853,69.954108,53.8096935,0.459941208
41810,4181,0.520954095,1,1.17159763,0.519560469,70.8684184,59.6236398,1,0.590881902,70.8684184,59.6236398,0.452723084
41820,4182,0.497414998,1,1.09467456,0.509498962,65.2817858,60.5207918,1,0.549253077,65.2817858,60.5207918,0.435246959
41830,4183,0.543381912,1,1.18343195,0.519304547,65.5309072,54.9182997,1,0.645546575,65.5309072,54.9182997,0.43138678
41840,4184,0.531302272,1,1.24260355,0.515040496,71.0710296,55.5824495,1,0.518696427,71.0710296,55.5824495,0.429214575
41850,4185,0.525590972,1,1.16568047,0.517753901,69.9805761,61.07132,1,0.507180412,69.9805761,61.07132,0.430472349
41860,4186,0.514347777,1,1.15384615,0.513972975,64.2874378,59.6640452,1,0.502877979,64.2874378,59.6640452,0.451114631
41870,4187,0.510596313,1,1.13017751,0.515561437,65.9014805,54.0062893,1,0.478443493,65.9014805,54.0062893,0.452575371
41880,4188,0.513559581,1,1.13017751,0.516358583,71.345513,55.7511779,1,0.50479778,71.345513,55.7511779,0.439756024
41890,4189,0.514593942,1,1.17751479,0.519181392,68.9678455,61.0262662,1,0.55834738,68.9678455,61.0262662,0.445090635
41900,4190,0.537744697,1,1.20118343,0.521708636,64.1149214,57.9039638,1,0.671862976,64.1149214,57.9039638,0.443891109
41910,4191,0.534034877,1,1.18343195,0.512985491,67.9166548,53.5334448,1,0.581269509,67.9166548,53.5334448,0.445587264
41920,4192,0.528775297,1,1.19526627,0.516871676,71.748777,57.7536788,1,0.514223253,71.748777,57.7536788,0.43849889
41930,4193,0.521279627,1,1.17159763,0.516742083,67.3546171,61.4935818,1,0.506313055,67.3546171,61.4935818,0.443863583
41940,4194,0.521877824,1,1.18343195,0.52201828,63.8258691,57.1612254,1,0.502400242,63.8258691,57.1612254,0.429816079
41950,4195,0.509216488,1,1.1183432,0.514856167,68.5856136,53.6681408,1,0.492224664,68.5856136,53.6681408,0.454151187
41960,4196,0.513220377,1,1.13609467,0.515458036,71.6265526,58.6577236,1,0.521713631,71.6265526,58.6577236,0.449478634
41970,4197,0.516031397,1,1.17751479,0.518461734,66.257511,61.0523319,1,0.582634064,66.257511,61.0523319,0.452218444
41980,4198,0.542298027,1,1.19526627,0.518526596,64.8328395,55.4655158,1,0.645717329,64.8328395,55.4655158,0.443508094
41990,4199,0.532326217,1,1.26627219,0.512666373,70.5310879,54.6812063,1,0.540148771,70.5310879,54.6812063,0.442459349
42000,4200,0.524218551,1,1.24852071,0.516839744,70.8640745,60.3346032,1,0.509088,70.8640745,60.3346032,0.435630372
42010,4201,0.51616367,1,1.16568047,0.512977707,65.0524052,60.4900544,1,0.51986232,65.0524052,60.4900544,0.447211382
42020,4202,0.514624031,1,1.13609467,0.516412266,65.2979256,54.6212573,1,0.50186646,65.2979256,54.6212573,0.45184081
42030,4203,0.512141131,1,1.13609467,0.512976182,71.3019695,55.1964851,1,0.50966012,71.3019695,55.1964851,0.463964327
42040,4204,0.508122018,1,1.17751479,0.514529026,70.2178211,60.9660984,1,0.545919981,70.2178211,60.9660984,0.45158377
42050,4205,0.533642516,1,1.13609467,0.521119465,64.7592557,59.0488524,1,0.663051148,64.7592557,59.0488524,0.445036849
42060,4206,0.54031659,1,1.18934911,0.517619619,67.4815279,53.9366066,1,0.595948291,67.4815279,53.9366066,0.445528894
42070,4207,0.535298624,1,1.24260355,0.513439957,72.2651305,56.7668898,1,0.539041402,72.2651305,56.7668898,0.427552249
42080,4208,0.520547958,1,1.18343195,0.513844195,68.989482,61.3964847,1,0.521506134,68.989482,61.3964847,0.436249633
42090,4209,0.515592981,1,1.14792899,0.516523511,64.5124221,57.695985,1,0.517332713,64.5124221,57.695985,0.446801672
42100,4210,0.504119698,1,1.09467456,0.510035333,68.6391425,53.2892035,1,0.518896361,68.6391425,53.2892035,0.464411212
42110,4211,0.511734604,1,1.16568047,0.512358064,72.5493339,57.7510192,1,0.534391112,72.5493339,57.7510192,0.45636456
42120,4212,0.526640525,1,1.17159763,0.518350577,67.5251039,60.9278914,1,0.6386682,67.5251039,60.9278914,0.457258386
42130,4213,0.532669958,1,1.17159763,0.510941895,65.1001307,55.6374391,1,0.647333366,65.1001307,55.6374391,0.447672358
42140,4214,0.531656649,1,1.22485207,0.518062917,70.462473,54.068136,1,0.518278828,70.462473,54.068136,0.429788909
42150,4215,0.523708986,1,1.20710059,0.515473691,71.8441127,59.5204878,1,0.515559705,71.8441127,59.5204878,0.432667988
42160,4216,0.522903098,1,1.18343195,0.517739992,66.4468376,60.8454923,1,0.51074976,66.4468376,60.8454923,0.427502834
42170,4217,0.523006343,1,1.17159763,0.522548147,65.280387,55.4313978,1,0.49612409,65.280387,55.4313978,0.426024878
42180,4218,0.513173474,1,1.12426036,0.515094884,71.1575948,54.6056439,1,0.500638877,71.1575948,54.6056439,0.456533377
42190,4219,0.515678279,1,1.17751479,0.515297773,71.4151661,60.492765,1,0.546497597,71.4151661,60.492765,0.453288693
42200,4220,0.535615665,1,1.20710059,0.52048718,65.5707257,59.7976901,1,0.655319797,65.5707257,59.7976901,0.452740584
42210,4221,0.529510414,1,1.15384615,0.509224625,66.6473306,54.2062726,1,0.673275315,66.6473306,54.2062726,0.438009397
42220,4222,0.53539343,1,1.23668639,0.512643702,71.9413013,56.0472177,1,0.532887392,71.9413013,56.0472177,0.431148212
42230,4223,0.513332769,1,1.19526627,0.513900352,69.4510309,61.3482712,1,0.512410213,69.4510309,61.3482712,0.450526421
42240,4224,0.514853392,1,1.11242604,0.511323669,64.3362716,58.734431,1,0.504377929,64.3362716,58.734431,0.441842049
42250,4225,0.511996076,1,1.14201183,0.513514201,67.2528449,53.6025913,1,0.47797222,67.2528449,53.6025913,0.454055873
42260,4226,0.512133542,1,1.17159763,0.515706775,72.0863183,56.9001822,1,0.51955717,72.0863183,56.9001822,0.4500925
42270,4227,0.507278055,1,1.17751479,0.51953317,68.592346,61.3820296,1,0.541755533,68.592346,61.3820296,0.437142405
42280,4228,0.535407024,1,1.14201183,0.515873675,64.7265843,57.0621567,1,0.665762721,64.7265843,57.0621567,0.445924449
42290,4229,0.533278068,1,1.24852071,0.515069706,69.5377039,53.9949146,1,0.519329916,69.5377039,53.9949146,0.438898879
42300,4230,0.526370701,1,1.21301775,0.515722492,72.2921751,58.9282339,1,0.517692367,72.2921751,58.9282339,0.434630706
42310,4231,0.518414318,1,1.15384615,0.519765979,67.0105863,61.300836,1,0.508124155,67.0105863,61.300836,0.445386745
42320,4232,0.515821037,1,1.11242604,0.515775234,64.6487491,55.9393156,1,0.49948917,64.6487491,55.9393156,0.45066799
42330,4233,0.511321465,1,1.13609467,0.514810618,70.1651944,53.8094683,1,0.485941163,70.1651944,53.8094683,0.45487119
42340,4234,0.508640787,1,1.16568047,0.519146881,71.8455532,59.3372616,1,0.519454204,71.8455532,59.3372616,0.444427063
42350,4235,0.525409957,1,1.13609467,0.517370114,66.0825196,60.2320912,1,0.641274003,66.0825196,60.2320912,0.448622326
42360,4236,0.527418761,1,1.23668639,0.513691748,66.4883137,54.2818832,1,0.535174501,66.4883137,54.2818832,0.458771475
42370,4237,0.518292848,1,1.19526627,0.508243813,72.1409519,55.2630544,1,0.504843668,72.1409519,55.2630544,0.441320069
42380,4238,0.521697132,1,1.19526627,0.516767577,70.9825752,60.8064514,1,0.506809296,70.9825752,60.8064514,0.435625691
42390,4239,0.520658773,1,1.14792899,0.515051789,65.5536901,59.8292095,1,0.499434927,65.5536901,59.8292095,0.424318421
42400,4240,0.517367668,1,1.10059172,0.522171893,66.8444896,54.3998936,1,0.474043522,66.8444896,54.3998936,0.429280633
42410,4241,0.521044849,1,1.15976331,0.52281032,72.379414,56.1347554,1,0.541173782,72.379414,56.1347554,0.446187889
42420,4242,0.52626856,1,1.17751479,0.514810266,69.7536202,61.560576,1,0.626041472,69.7536202,61.560576,0.463676604
42430,4243,0.532447565,1,1.21301775,0.511917987,64.9185747,58.017071,1,0.635452483,64.9185747,58.017071,0.461115785
42440,4244,0.531334525,1,1.18934911,0.504838314,68.5188963,53.5870525,1,0.592578448,68.5188963,53.5870525,0.439118133
42450,4245,0.531648812,1,1.23076923,0.511676689,72.486058,57.4495638,1,0.51548371,72.486058,57.4495638,0.425916103
42460,4246,0.525283754,1,1.20118343,0.520448873,68.5790466,61.2568716,1,0.510225362,68.5790466,61.2568716,0.419638693
42470,4247,0.517334412,1,1.19526627,0.518424815,64.709119,57.1411963,1,0.505555326,64.709119,57.1411963,0.434565162
42480,4248,0.506987087,1,1.14201183,0.515074299,69.4456949,53.5276533,1,0.513557258,69.4456949,53.5276533,0.458275931
42490,4249,0.513981605,1,1.15976331,0.512875133,72.5177253,58.5774549,1,0.563953748,72.5177253,58.5774549,0.454678938
42500,4250,0.533032983,1,1.18934911,0.517947887,66.9577938,60.7621143,1,0.65804817,66.9577938,60.7621143,0.459518502
42510,4251,0.533267547,1,1.21301775,0.513800791,65.7415342,54.9804927,1,0.554606886,65.7415342,54.9804927,0.454474377
42520,4252,0.53365107,1,1.23668639,0.510157961,71.2137852,54.1227603,1,0.541245239,71.2137852,54.1227603,0.42608188
42530,4253,0.528747966,1,1.21301775,0.516365136,71.6955209,59.6384727,1,0.513804546,71.6955209,59.6384727,0.425900736
42540,4254,0.523042814,1,1.18934911,0.520461918,66.0572441,59.947011,1,0.502270657,66.0572441,59.947011,0.434362496
42550,4255,0.517892569,1,1.16568047,0.518818608,66.0445479,54.0685648,1,0.507806824,66.0445479,54.0685648,0.452189224
42560,4256,0.507879326,1,1.10650888,0.51168709,72.0960134,54.5265329,1,0.521794235,72.0960134,54.5265329,0.466828464
42570,4257,0.511878041,1,1.14201183,0.513650598,70.963785,60.3378612,1,0.583405598,70.963785,60.3378612,0.455430593
42580,4258,0.532715757,1,1.15976331,0.514956401,65.493337,58.4100511,1,0.66682155,65.493337,58.4100511,0.446168787
42590,4259,0.533529834,1,1.25443787,0.516481347,68.134285,53.359334,1,0.523459941,68.134285,53.359334,0.438423409
42600,4260,0.524192949,1,1.20118343,0.515463112,73.0064978,56.3182635,1,0.498550807,73.0064978,56.3182635,0.438486646
42610,4261,0.52271746,1,1.19526627,0.516554996,70.113606,61.0753719,1,0.507506817,70.113606,61.0753719,0.42828199
42620,4262,0.516113918,1,1.15976331,0.519213732,65.3486545,57.9548307,1,0.494759693,65.3486545,57.9548307,0.438141185
42630,4263,0.516442985,1,1.13609467,0.519477201,68.7956778,53.3523451,1,0.504134368,68.7956778,53.3523451,0.442323365
42640,4264,0.52125396,1,1.17751479,0.516598257,72.9797756,57.6780448,1,0.59600727,72.9797756,57.6780448,0.462936044
42650,4265,0.52372221,1,1.16568047,0.51157121,68.217954,61.1851098,1,0.657164569,68.217954,61.1851098,0.454916924
42660,4266,0.53756902,1,1.21893491,0.517378481,65.5049246,56.0199163,1,0.576844833,65.5049246,56.0199163,0.448796895
42670,4267,0.532639056,1,1.28994083,0.509936572,70.6583003,53.7207876,1,0.543333268,70.6583003,53.7207876,0.434075727
42680,4268,0.522674001,1,1.18343195,0.515749853,72.4371681,59.1219619,1,0.509873094,72.4371681,59.1219619,0.437428302
42690,4269,0.514556618,1,1.15384615,0.514269739,66.8353643,60.9016369,1,0.497633299,66.8353643,60.9016369,0.452131362
42700,4270,0.515319768,1,1.14201183,0.515430982,65.2827377,55.3647143,1,0.478892926,65.2827377,55.3647143,0.442345558
42710,4271,0.517471777,1,1.17159763,0.519830165,70.9580847,54.2272607,1,0.528984636,70.9580847,54.2272607,0.445246847
42720,4272,0.528550648,1,1.18343195,0.518477584,71.3311822,60.110176,1,0.622561426,71.3311822,60.110176,0.453441109
42730,4273,0.535752638,1,1.15976331,0.516113812,65.4436317,59.6095703,1,0.670033619,65.4436317,59.6095703,0.454522686
42740,4274,0.53615822,1,1.20118343,0.509906568,66.5977052,54.019928,1,0.566054744,66.5977052,54.019928,0.43904137
42750,4275,0.519035648,1,1.15976331,0.512461677,72.0263132,55.8961059,1,0.520464499,72.0263132,55.8961059,0.441821329
42760,4276,0.512647405,1,1.17751479,0.512900104,69.7640201,61.3556665,1,0.508697847,69.7640201,61.3556665,0.454593731
42770,4277,0.507491382,1,1.12426036,0.509355682,64.3428543,58.9197812,1,0.494246325,64.3428543,58.9197812,0.457175374
42780,4278,0.507526251,1,1.11242604,0.51189601,66.8559592,53.7132528,1,0.45929803,66.8559592,53.7132528,0.444716746
42790,4279,0.515067136,1,1.15976331,0.521372214,71.6887477,56.5426594,1,0.529602415,71.6887477,56.5426594,0.430778753
42800,4280,0.516525101,1,1.16568047,0.519923892,68.3953841,61.1764457,1,0.609656555,68.3953841,61.1764457,0.437300887
42810,4281,0.544453649,1,1.23668639,0.519934321,64.4151646,57.0821722,1,0.61072418,64.4151646,57.0821722,0.439238333
42820,4282,0.526093121,1,1.21301775,0.511583536,69.0089391,53.6324183,1,0.534176842,69.0089391,53.6324183,0.441913309
42830,4283,0.522592164,1,1.21301775,0.519050025,72.0614905,58.442561,1,0.512184415,72.0614905,58.442561,0.438228965
42840,4284,0.515981876,1,1.16568047,0.513033233,67.1472203,61.635854,1,0.501906719,67.1472203,61.635854,0.45081892
42850,4285,0.51294493,1,1.09467456,0.513567525,64.3579715,56.4412233,1,0.507564414,64.3579715,56.4412233,0.453546816
42860,4286,0.504281999,1,1.0887574,0.512286392,69.7023424,53.8071867,1,0.483538189,69.7023424,53.8071867,0.45832502
42870,4287,0.513579251,1,1.14792899,0.521134752,71.568912,59.1667039,1,0.576485431,71.568912,59.1667039,0.436557994
42880,4288,0.53114865,1,1.14792899,0.511062759,65.7339616,60.0942294,1,0.650659387,65.7339616,60.0942294,0.454477721
42890,4289,0.526501847,1,1.23668639,0.513967187,65.81757,54.3422783,1,0.528279189,65.81757,54.3422783,0.442504513
42900,4290,0.522288644,1,1.20118343,0.513412508,71.4964198,54.7192541,1,0.516112163,71.4964198,54.7192541,0.437796023
42910,4291,0.521726625,1,1.16568047,0.515329309,70.9496566,60.3437886,1,0.510468584,70.9496566,60.3437886,0.434695965
42920,4292,0.516127818,1,1.14201183,0.515968086,65.2335194,59.7691681,1,0.473971903,65.2335194,59.7691681,0.441918987
42930,4293,0.514087339,1,1.13609467,0.519193036,66.0778693,54.2308703,1,0.485995912,66.0778693,54.2308703,0.430945493
42940,4294,0.513798902,1,1.15976331,0.519960089,71.6273989,55.6637062,1,0.549178638,71.6273989,55.6637062,0.440885988
42950,4295,0.527948686,1,1.16568047,0.517636429,69.4095777,61.0294149,1,0.652006983,69.4095777,61.0294149,0.446614891
42960,4296,0.534039057,1,1.24260355,0.51587277,64.5658518,57.8902464,1,0.575129295,64.5658518,57.8902464,0.444000505
42970,4297,0.535139101,1,1.22485207,0.51385814,67.9641382,53.3462079,1,0.540200683,67.9641382,53.3462079,0.436477544
42980,4298,0.529685465,1,1.23076923,0.517182011,72.2763534,56.877131,1,0.515792415,72.2763534,56.877131,0.428721909
42990,4299,0.520747422,1,1.19526627,0.51481577,68.8723355,61.1560955,1,0.517804367,68.8723355,61.1560955,0.420600265
43000,4300,0.518920129,1,1.20118343,0.521758406,64.8196284,57.1586782,1,0.507492293,64.8196284,57.1586782,0.437879367
43010,4301,0.513280275,1,1.15384615,0.510860598,69.2904076,53.0880653,1,0.539199609,69.2904076,53.0880653,0.465100076
43020,4302,0.52225192,1,1.15384615,0.512339005,72.6012291,58.1682233,1,0.6142271,72.6012291,58.1682233,0.466445355
43030,4303,0.516393296,1,1.13609467,0.510979893,67.560464,61.048865,1,0.618671144,67.560464,61.048865,0.44660063
43040,4304,0.540048817,1,1.20710059,0.51454671,65.4403728,55.751354,1,0.623287975,65.4403728,55.751354,0.438922901
43050,4305,0.531999398,1,1.26035503,0.515883773,70.6641736,54.1645027,1,0.521931535,70.6641736,54.1645027,0.419961906
43060,4306,0.521833995,1,1.18343195,0.517675121,71.8948858,59.6246069,1,0.517814487,71.8948858,59.6246069,0.430545203
43070,4307,0.518652947,1,1.12426036,0.516777215,66.2699625,60.6932395,1,0.505733201,66.2699625,60.6932395,0.440425674
43080,4308,0.513611058,1,1.10650888,0.515896354,65.3812985,54.8684843,1,0.48366813,65.3812985,54.8684843,0.453242735
43090,4309,0.514186701,1,1.14201183,0.516023966,71.1816716,54.2996233,1,0.497906507,71.1816716,54.2996233,0.448323185
43100,4310,0.528258847,1,1.20118343,0.523058274,71.0240725,60.1410311,1,0.605345216,71.0240725,60.1410311,0.449502568
43110,4311,0.522504825,1,1.1183432,0.511351949,65.212344,59.4850446,1,0.64381755,65.212344,59.4850446,0.449894841
43120,4312,0.53697503,1,1.15976331,0.511829142,66.6724978,54.0932646,1,0.64359184,66.6724978,54.0932646,0.429691928
43130,4313,0.53400607,1,1.23668639,0.513806685,71.8384189,55.8891529,1,0.527089329,71.8384189,55.8891529,0.420706337
43140,4314,0.517067887,1,1.16568047,0.517864127,69.4138246,61.0836369,1,0.506075339,69.4138246,61.0836369,0.440959965
43150,4315,0.513879693,1,1.13017751,0.514117174,64.1251507,58.5566453,1,0.507653902,64.1251507,58.5566453,0.450875274
43160,4316,0.509090168,1,1.05325444,0.512825748,66.8437597,53.2512659,1,0.484547621,66.8437597,53.2512659,0.458566624
43170,4317,0.520828883,1,1.12426036,0.519225018,71.7439754,56.3236776,1,0.538750285,71.7439754,56.3236776,0.444904265
43180,4318,0.523436704,1,1.17751479,0.519516597,68.0682849,60.9608068,1,0.612157989,68.0682849,60.9608068,0.455171907
43190,4319,0.541632355,1,1.21301775,0.522242157,64.1187573,56.7123639,1,0.641527771,64.1187573,56.7123639,0.446207123
43200,4320,0.532903255,1,1.24260355,0.516329625,68.7685263,53.324907,1,0.514004592,68.7685263,53.324907,0.442526475
43210,4321,0.519949623,1,1.20710059,0.510614545,71.9066372,58.2047553,1,0.519569943,71.9066372,58.2047553,0.446290819
43220,4322,0.515288117,1,1.16568047,0.510892742,66.9333924,61.1490148,1,0.501992415,66.9333924,61.1490148,0.444571652
43230,4323,0.522516087,1,1.18343195,0.519780962,64.1676706,56.4372902,1,0.491274496,64.1676706,56.4372902,0.420267356
43240,4324,0.514418687,1,1.1183432,0.516308207,69.5024955,53.8292526,1,0.504103401,69.5024955,53.8292526,0.456784603
43250,4325,0.52752357,1,1.17159763,0.518013384,71.3060506,59.5127376,1,0.598103582,71.3060506,59.5127376,0.458675817
43260,4326,0.517611476,1,1.13609467,0.509476348,65.380034,60.7455772,1,0.637082052,65.380034,60.7455772,0.465607492
43270,4327,0.531101009,1,1.17751479,0.51215059,64.8829622,55.1725798,1,0.666301442,64.8829622,55.1725798,0.43039393
43280,4328,0.53386778,1,1.25443787,0.519044823,70.4883733,55.291498,1,0.515723804,70.4883733,55.291498,0.43128249
43290,4329,0.527123978,1,1.20710059,0.516919558,70.1829934,60.8695804,1,0.520050052,70.1829934,60.8695804,0.429725804
43300,4330,0.516204085,1,1.13609467,0.515765822,64.3656829,60.1819255,1,0.507014836,64.3656829,60.1819255,0.450600983
43310,4331,0.511766385,1,1.13017751,0.51296639,65.2194771,54.4199354,1,0.487088192,65.2194771,54.4199354,0.448069459
43320,4332,0.513547074,1,1.09467456,0.518323175,70.7828351,55.3816775,1,0.479703813,70.7828351,55.3816775,0.434298046
43330,4333,0.521114527,1,1.17751479,0.523248457,69.2090341,60.9159168,1,0.561410785,69.2090341,60.9159168,0.442589573
43340,4334,0.536411439,1,1.15976331,0.520823332,63.9180268,58.4215222,1,0.667002155,63.9180268,58.4215222,0.449962278
43350,4335,0.534517148,1,1.20710059,0.514372373,67.1216313,53.6189173,1,0.588664121,67.1216313,53.6189173,0.444080702
43360,4336,0.530415678,1,1.23668639,0.511861434,71.5986244,57.1751331,1,0.52566348,71.5986244,57.1751331,0.439809923
43370,4337,0.525954906,1,1.21301775,0.515520177,67.86204,61.3789777,1,0.510236442,67.86204,61.3789777,0.432649554
43380,4338,0.523089711,1,1.16568047,0.51740789,63.7420992,57.783553,1,0.520481036,63.7420992,57.783553,0.420629221
43390,4339,0.517666486,1,1.17159763,0.522535871,67.8243922,53.7882057,1,0.509555098,67.8243922,53.7882057,0.439391162
43400,4340,0.50975537,1,1.16568047,0.511027319,71.7182923,58.4445299,1,0.537445852,71.7182923,58.4445299,0.466916187
43410,4341,0.526012401,1,1.17159763,0.513297562,66.4028529,61.3645423,1,0.641753713,66.4028529,61.3645423,0.466514006
43420,4342,0.522249471,1,1.13609467,0.50649019,64.0123719,56.0007606,1,0.656523029,64.0123719,56.0007606,0.451719621
43430,4343,0.538693584,1,1.18343195,0.513869174,69.4832229,54.3867359,1,0.617449291,69.4832229,54.3867359,0.438767012
43440,4344,0.529561813,1,1.22485207,0.513273582,70.7051807,59.7823691,1,0.520313602,70.7051807,59.7823691,0.425559414
43450,4345,0.52406962,1,1.17159763,0.518035841,65.3214224,60.715228,1,0.521605017,65.3214224,60.715228,0.420306168
43460,4346,0.521140867,1,1.14201183,0.520703784,64.4369336,55.1061483,1,0.496635947,64.4369336,55.1061483,0.436799115
43470,4347,0.517876606,1,1.13017751,0.519946583,70.2325647,54.5571954,1,0.499627337,70.2325647,54.5571954,0.447813156
43480,4348,0.517119933,1,1.17751479,0.515950025,70.2142975,60.5318417,1,0.545070967,70.2142975,60.5318417,0.459590331
43490,4349,0.528818037,1,1.18934911,0.519093532,64.4055359,59.8841937,1,0.615062516,64.4055359,59.8841937,0.449596525
43500,4350,0.533313738,1,1.17751479,0.514874333,65.6618658,54.189896,1,0.660879364,65.6618658,54.189896,0.44855713
43510,4351,0.538528034,1,1.17751479,0.512131568,70.9321731,55.9793707,1,0.600920338,70.9321731,55.9793707,0.428140047
43520,4352,0.525361853,1,1.17751479,0.516221183,68.5395679,61.0304681,1,0.514027049,68.5395679,61.0304681,0.429931493
43530,4353,0.509396963,1,1.17159763,0.511494747,63.2743185,58.1914081,1,0.512549482,63.2743185,58.1914081,0.460146058
43540,4354,0.506420313,1,1.10650888,0.506874254,66.5000082,53.1304342,1,0.512339232,66.5000082,53.1304342,0.461657235
43550,4355,0.500801013,1,1.10650888,0.507532669,71.5444455,56.4800124,1,0.464899971,71.5444455,56.4800124,0.465788263
43560,4356,0.508928131,1,1.15384615,0.519432284,68.2152085,60.906248,1,0.504096481,68.2152085,60.906248,0.426041232
43570,4357,0.519299993,1,1.17159763,0.520247478,64.0555477,57.0867032,1,0.611782042,64.0555477,57.0867032,0.43440567
43580,4358,0.543233824,1,1.20710059,0.52050237,68.490928,53.6389112,1,0.620661125,68.490928,53.6389112,0.432139774
43590,4359,0.525324227,1,1.21893491,0.511749409,71.4023979,58.5702603,1,0.516786898,71.4023979,58.5702603,0.440513824
43600,4360,0.519540817,1,1.18343195,0.515221361,66.2204594,61.1192438,1,0.499591415,66.2204594,61.1192438,0.4442253
43610,4361,0.518328868,1,1.15384615,0.514482579,63.6660238,55.9813264,1,0.504250663,63.6660238,55.9813264,0.441375854
43620,4362,0.51999736,1,1.09467456,0.517897439,68.9172613,53.6977322,1,0.490159069,68.9172613,53.6977322,0.440483182
43630,4363,0.508077532,1,1.14201183,0.515930391,71.1348428,59.1810449,1,0.474417515,71.1348428,59.1810449,0.45498154
43640,4364,0.509646142,1,1.15384615,0.522290321,65.7384901,60.8133302,1,0.523653956,65.7384901,60.8133302,0.433678212
43650,4365,0.528730066,1,1.14201183,0.51646236,64.9656341,54.9851599,1,0.655109563,64.9656341,54.9851599,0.452245385
43660,4366,0.526317254,1,1.23668639,0.512395609,70.8910661,55.5161027,1,0.531996275,70.8910661,55.5161027,0.457628599
43670,4367,0.52006543,1,1.20118343,0.509863495,69.8729601,61.1707075,1,0.502934091,69.8729601,61.1707075,0.441963718
43680,4368,0.516461836,1,1.18343195,0.510608602,64.1626994,59.9272242,1,0.504983565,64.1626994,59.9272242,0.449544986
43690,4369,0.520468606,1,1.14201183,0.514069819,65.2168732,54.5321223,1,0.5018404,65.2168732,54.5321223,0.422855934
43700,4370,0.516616613,1,1.10059172,0.521689273,70.6078991,55.7732366,1,0.46990276,70.6078991,55.7732366,0.425541947
43710,4371,0.520623644,1,1.16568047,0.523177773,68.9716427,61.2398454,1,0.526750664,68.9716427,61.2398454,0.438941351
43720,4372,0.5250165,1,1.20710059,0.515334219,63.5300524,58.6610289,1,0.623274472,63.5300524,58.6610289,0.463209791
43730,4373,0.535681469,1,1.19526627,0.514952194,67.0417771,53.8872273,1,0.643004545,67.0417771,53.8872273,0.455871573
43740,4374,0.53237749,1,1.18934911,0.508461623,71.4767673,57.5655572,1,0.587509806,71.4767673,57.5655572,0.443221459
43750,4375,0.530588211,1,1.18934911,0.512628111,67.4844424,61.4947285,1,0.5143909,67.4844424,61.4947285,0.430886288
43760,4376,0.520680981,1,1.17751479,0.516126594,63.6862881,57.3037928,1,0.506654785,63.6862881,57.3037928,0.435074084
43770,4377,0.523637338,1,1.18934911,0.521286222,67.699449,53.5585003,1,0.502984006,67.699449,53.5585003,0.422255674
43780,4378,0.509756652,1,1.12426036,0.514838699,71.4391716,58.0692531,1,0.490675687,71.4391716,58.0692531,0.450722076
43790,4379,0.51827585,1,1.19526627,0.519358743,66.278098,60.9349921,1,0.589495462,66.278098,60.9349921,0.454101235
43800,4380,0.519153382,1,1.14792899,0.506382635,64.1184677,55.2789863,1,0.662998468,64.1184677,55.2789863,0.46571447
43810,4381,0.538762788,1,1.18934911,0.513210257,69.6323642,53.9645638,1,0.648001936,69.6323642,53.9645638,0.436030784
43820,4382,0.535888468,1,1.15976331,0.508093819,70.8736125,59.3979905,1,0.656619674,70.8736125,59.3979905,0.428723315
43830,4383,0.538258965,1,1.24852071,0.519677342,65.5110134,60.1200552,1,0.511733818,65.5110134,60.1200552,0.41623024
43840,4384,0.52527397,1,1.19526627,0.518924334,64.7428659,54.6810339,1,0.512936295,64.7428659,54.6810339,0.422538142
43850,4385,0.518992855,1,1.14792899,0.518460249,70.5397406,54.3483461,1,0.500745895,70.5397406,54.3483461,0.446647194
43860,4386,0.507559774,1,1.13609467,0.510459832,70.5818573,60.4222071,1,0.506700687,70.5818573,60.4222071,0.46723131
43870,4387,0.515039091,1,1.14201183,0.513976308,64.6915624,59.9401963,1,0.539494889,64.6915624,59.9401963,0.454614138
43880,4388,0.511506314,1,1.13609467,0.512938631,65.5464371,54.160567,1,0.580272869,65.5464371,54.160567,0.449423858
43890,4389,0.534886238,1,1.15384615,0.515252567,70.8959192,55.8683152,1,0.665915879,70.8959192,55.8683152,0.431958274
43900,4390,0.536252413,1,1.23076923,0.516234599,68.5993527,60.8922714,1,0.536782014,68.5993527,60.8922714,0.424921523
43910,4391,0.521072657,1,1.21301775,0.517500684,63.651342,58.0986934,1,0.513801081,63.651342,58.0986934,0.437088864
43920,4392,0.513758025,1,1.17751479,0.51205844,66.6586015,53.1215074,1,0.50825042,66.6586015,53.1215074,0.447319368
43930,4393,0.513072519,1,1.14792899,0.516032654,71.468154,56.4022305,1,0.494886898,71.468154,56.4022305,0.447841234
43940,4394,0.51419919,1,1.14201183,0.515447389,67.8660002,60.9827865,1,0.526687446,67.8660002,60.9827865,0.448251072
43950,4395,0.503762478,1,1.15976331,0.512565641,63.4240578,57.1483814,1,0.515996953,63.4240578,57.1483814,0.451385211
43960,4396,0.525719767,1,1.14201183,0.518377135,67.818448,53.4103006,1,0.627391207,67.818448,53.4103006,0.44378625
43970,4397,0.537452152,1,1.16568047,0.515575811,70.8296879,58.3322435,1,0.600867095,70.8296879,58.3322435,0.443847406
43980,4398,0.531355838,1,1.22485207,0.520121797,65.7277976,60.7317735,1,0.503285471,65.7277976,60.7317735,0.433692207
43990,4399,0.518845924,1,1.21301775,0.51432556,63.4420805,55.3410859,1,0.497751851,63.4420805,55.3410859,0.450404262
44000,4400,0.509946437,1,1.14201183,0.510415574,68.94472,53.1963328,1,0.49037811,68.94472,53.1963328,0.454295781
44010,4401,0.510599308,1,1.13609467,0.51401811,70.862749,58.6020473,1,0.471579537,70.862749,58.6020473,0.441223318
44020,4402,0.51867849,1,1.13017751,0.522932884,65.471961,60.121459,1,0.515911488,65.471961,60.121459,0.430832461
44030,4403,0.531366123,1,1.18343195,0.521305069,64.649029,54.2771496,1,0.627818641,64.649029,54.2771496,0.453997174
44040,4404,0.534806002,1,1.17751479,0.511940153,70.6412179,54.4130065,1,0.649137413,70.6412179,54.4130065,0.461056061
44050,4405,0.523070864,1,1.23668639,0.505565553,69.5985855,60.2752987,1,0.536430229,69.5985855,60.2752987,0.458022202
44060,4406,0.528753915,1,1.23076923,0.517327416,64.2973277,58.9468088,1,0.514253946,64.2973277,58.9468088,0.420398655
44070,4407,0.520795113,1,1.16568047,0.515403151,65.6654369,53.4553048,1,0.510752869,65.6654369,53.4553048,0.435335272
44080,4408,0.519906582,1,1.17159763,0.521802656,71.1780747,54.9525126,1,0.484878769,71.1780747,54.9525126,0.43941063
44090,4409,0.519971583,1,1.14201183,0.519814799,69.5345873,60.3314662,1,0.494196041,69.5345873,60.3314662,0.43264832
44100,4410,0.513589259,1,1.15384615,0.517229886,64.121582,57.9577456,1,0.542634314,64.121582,57.9577456,0.454661428
44110,4411,0.515871182,1,1.15384615,0.518633882,66.876067,52.8745602,1,0.588287236,66.876067,52.8745602,0.444732231
44120,4412,0.543830358,1,1.15976331,0.520968517,71.3501294,56.5695783,1,0.609678521,71.3501294,56.5695783,0.446355352
44130,4413,0.532994658,1,1.18343195,0.517195247,67.218313,60.4992276,1,0.537943472,67.218313,60.4992276,0.438623796
44140,4414,0.525486102,1,1.18343195,0.516517061,63.5869774,56.183067,1,0.510531216,63.5869774,56.183067,0.433888709
44150,4415,0.514912819,1,1.10650888,0.511713407,68.1305708,52.4830409,1,0.504183993,68.1305708,52.4830409,0.450735321
44160,4416,0.520454386,1,1.14792899,0.519717911,71.544855,56.9762512,1,0.488144044,71.544855,56.9762512,0.434096188
44170,4417,0.509440778,1,1.10650888,0.517260268,66.8426899,60.3435246,1,0.48244623,66.8426899,60.3435246,0.444884712
44180,4418,0.523842454,1,1.17159763,0.523846985,64.3158323,55.1506457,1,0.604221031,64.3158323,55.1506457,0.444233279
44190,4419,0.520578626,1,1.13609467,0.506540342,70.0008982,53.2301436,1,0.664881073,70.0008982,53.2301436,0.461591679
44200,4420,0.53815112,1,1.23076923,0.51634569,70.8910628,58.8525689,1,0.56644141,70.8910628,58.8525689,0.43788126
44210,4421,0.536467914,1,1.23076923,0.511367274,65.3760612,59.6365064,1,0.55602566,65.3760612,59.6365064,0.428495375
44220,4422,0.530519054,1,1.21301775,0.520665043,64.9795351,54.168411,1,0.500187593,64.9795351,54.168411,0.421727223
44230,4423,0.520598443,1,1.19526627,0.518117965,70.7206248,53.8170409,1,0.501567615,70.7206248,53.8170409,0.442448617
44240,4424,0.515894537,1,1.14201183,0.517292436,70.6964199,59.7037239,1,0.502751072,70.6964199,59.7037239,0.452825599
44250,4425,0.512973416,1,1.15384615,0.512018754,64.6956132,59.1435661,1,0.542183008,64.6956132,59.1435661,0.463607277
44260,4426,0.510034318,1,1.17159763,0.509841224,65.7429195,53.2910672,1,0.574425681,65.7429195,53.2910672,0.45734372
44270,4427,0.525053993,1,1.17751479,0.515634204,71.1643165,54.8451675,1,0.646120458,71.1643165,54.8451675,0.433826873
44280,4428,0.538010884,1,1.19526627,0.516179127,68.7379508,59.9712611,1,0.575977212,68.7379508,59.9712611,0.436256842
44290,4429,0.53217899,1,1.23668639,0.511626654,63.8783015,57.3847181,1,0.52843034,63.8783015,57.3847181,0.423471116
44300,4430,0.523861947,1,1.19526627,0.51931581,67.0022753,52.7348494,1,0.514481627,67.0022753,52.7348494,0.430909943
44310,4431,0.514889447,1,1.15384615,0.516201071,71.7794094,56.0537875,1,0.506692759,71.7794094,56.0537875,0.447454076
44320,4432,0.513715916,1,1.13609467,0.513922764,67.9786031,60.6447236,1,0.501628171,67.9786031,60.6447236,0.458469425
44330,4433,0.512884915,1,1.14792899,0.513189442,63.8654089,56.2286141,1,0.566493226,63.8654089,56.2286141,0.464225446
44340,4434,0.510283876,1,1.15976331,0.512772767,68.3504168,52.5461864,1,0.57913636,68.3504168,52.5461864,0.446389654
44350,4435,0.532952511,1,1.11242604,0.515325186,71.2956258,57.5018497,1,0.66624276,71.2956258,57.5018497,0.443445725
44360,4436,0.53565281,1,1.23076923,0.515102049,66.0540198,59.6691244,1,0.53576332,66.0540198,59.6691244,0.436307211
44370,4437,0.526256878,1,1.22485207,0.518870457,64.2455715,54.305134,1,0.515055051,64.2455715,54.305134,0.435434076
44380,4438,0.519137815,1,1.18934911,0.51751845,69.8181375,52.6127821,1,0.498553392,69.8181375,52.6127821,0.447990561
44390,4439,0.511831645,1,1.15384615,0.513104894,71.3268816,58.2815166,1,0.507420023,71.3268816,58.2815166,0.451236689
44400,4440,0.505941876,1,1.13609467,0.513432136,65.4487609,59.4956295,1,0.493779697,65.4487609,59.4956295,0.461707494
44410,4441,0.503483109,1,1.14792899,0.514876413,64.4748859,53.8611305,1,0.503047647,64.4748859,53.8611305,0.439849438
44420,4442,0.524914309,1,1.14792899,0.519963387,70.0604952,53.7301821,1,0.618779039,70.0604952,53.7301821,0.429780309
44430,4443,0.539973082,1,1.16568047,0.515528002,69.4754627,59.5011709,1,0.640233208,69.4754627,59.5011709,0.446197446
44440,4444,0.523211307,1,1.21301775,0.513533731,63.8978277,57.9492106,1,0.505146837,63.8978277,57.9492106,0.445348032
44450,4445,0.511299657,1,1.18343195,0.507318106,65.8842419,52.4080595,1,0.515420603,65.8842419,52.4080595,0.452803214
44460,4446,0.508886092,1,1.13609467,0.510022302,71.4308624,54.6224806,1,0.498615694,71.4308624,54.6224806,0.459409582
44470,4447,0.516582214,1,1.15976331,0.514131756,69.564664,59.8197058,1,0.47079426,69.564664,59.8197058,0.424778719
44480,4448,0.515638506,1,1.10059172,0.523241764,64.4358518,57.7259839,1,0.487477792,64.4358518,57.7259839,0.426131532
44490,4449,0.514452478,1,1.16568047,0.521308497,66.9727928,52.5695634,1,0.541307244,66.9727928,52.5695634,0.442055063
44500,4450,0.533205412,1,1.17751479,0.513549529,71.6833779,56.3225502,1,0.660934531,71.6833779,56.3225502,0.463294878
44510,4451,0.529168025,1,1.17751479,0.509937687,67.2650935,60.268187,1,0.587525871,67.2650935,60.268187,0.455663164
44520,4452,0.52811719,1,1.24260355,0.516169937,63.8520256,55.7373884,1,0.51861992,63.8520256,55.7373884,0.436345556
44530,4453,0.519306225,1,1.17159763,0.509226791,68.5476243,52.4069684,1,0.496735072,68.5476243,52.4069684,0.442828081
44540,4454,0.523063459,1,1.16568047,0.515791128,71.5861737,57.0322947,1,0.505484008,71.5861737,57.0322947,0.42570113
44550,4455,0.513905176,1,1.1183432,0.51793324,66.6589922,60.1309285,1,0.479894958,66.6589922,60.1309285,0.447733607
44560,4456,0.504645254,1,1.13017751,0.514823984,63.843703,55.0821642,1,0.484404445,63.843703,55.0821642,0.444665115
44570,4457,0.513843346,1,1.16568047,0.52016984,69.0343547,52.866489,1,0.551486111,69.0343547,52.866489,0.434135753
44580,4458,0.530411053,1,1.15976331,0.5163109,70.3240314,58.6137394,1,0.666113828,70.3240314,58.6137394,0.453090333
44590,4459,0.53153588,1,1.21893491,0.516319544,64.6241983,58.9025531,1,0.530318438,64.6241983,58.9025531,0.439011199
44600,4460,0.522029294,1,1.20710059,0.514304385,64.7603916,53.1643856,1,0.511185085,64.7603916,53.1643856,0.441521811
44610,4461,0.515480027,1,1.17751479,0.513731473,70.6184829,53.5033156,1,0.501166163,70.6184829,53.5033156,0.451375987
44620,4462,0.520423785,1,1.18934911,0.515123464,70.2699305,59.0467823,1,0.504992452,70.2699305,59.0467823,0.427262593
44630,4463,0.516915176,1,1.14792899,0.521587577,64.6149418,58.3825043,1,0.487048967,64.6149418,58.3825043,0.437990052
44640,4464,0.519141881,1,1.16568047,0.520691258,65.9161973,52.6248058,1,0.552572408,65.9161973,52.6248058,0.454070073
44650,4465,0.521399131,1,1.15384615,0.514442377,71.501834,54.7557538,1,0.631321303,71.501834,54.7557538,0.459870554
44660,4466,0.537541049,1,1.19526627,0.515466945,68.5739561,59.8134593,1,0.623592832,68.5739561,59.8134593,0.449541874
44670,4467,0.532473115,1,1.25443787,0.513216031,63.970419,56.5380196,1,0.534835727,63.970419,56.5380196,0.434605572
44680,4468,0.524219081,1,1.18934911,0.513638266,67.4624188,52.1901516,1,0.507424687,67.4624188,52.1901516,0.428966134
44690,4469,0.52590816,1,1.17751479,0.522338573,71.6951458,55.8727657,1,0.507556864,71.6951458,55.8727657,0.431576333
44700,4470,0.509857068,1,1.10059172,0.511442288,67.6736013,60.3224843,1,0.488138481,67.6736013,60.3224843,0.46136417
44710,4471,0.510638798,1,1.14792899,0.513963871,63.7059653,55.9748095,1,0.516592167,63.7059653,55.9748095,0.45276541
44720,4472,0.517513037,1,1.15384615,0.518261325,68.2181954,52.3056294,1,0.558007966,68.2181954,52.3056294,0.44736641
44730,4473,0.514031851,1,1.12426036,0.515482246,71.4614186,56.9381422,1,0.588735658,71.4614186,56.9381422,0.434997599
44740,4474,0.544593253,1,1.20118343,0.518373995,66.2427896,59.3472156,1,0.617936271,66.2427896,59.3472156,0.442141932
44750,4475,0.530647334,1,1.20710059,0.515666398,64.3511206,54.0001798,1,0.529379326,64.3511206,54.0001798,0.43629155
44760,4476,0.521367881,1,1.17751479,0.518595544,69.9073575,52.5300188,1,0.510584839,69.9073575,52.5300188,0.442111268
44770,4477,0.508894587,1,1.14792899,0.509626111,71.2946712,58.3953947,1,0.507723967,71.2946712,58.3953947,0.463631627
44780,4478,0.504793607,1,1.10650888,0.508564157,65.4949591,59.6129141,1,0.49540681,65.4949591,59.6129141,0.455856132
44790,4479,0.503991214,1,1.10650888,0.5144575,64.4994704,53.9858601,1,0.469014613,64.4994704,53.9858601,0.439571699
44800,4480,0.524094936,1,1.20710059,0.524766714,70.0373345,53.6067268,1,0.581763423,70.0373345,53.6067268,0.426986694
44810,4481,0.536616866,1,1.15976331,0.517305084,69.5535004,59.4312203,1,0.671007413,69.5535004,59.4312203,0.449581136
44820,4482,0.53346001,1,1.20118343,0.513075938,63.9117935,58.0354672,1,0.54826889,63.9117935,58.0354672,0.447061298
44830,4483,0.518956901,1,1.17751479,0.508014554,65.8466279,52.5680113,1,0.505359206,65.8466279,52.5680113,0.446131686
44840,4484,0.523122073,1,1.15384615,0.516413193,70.9901778,54.7070355,1,0.514355262,70.9901778,54.7070355,0.428507321
44850,4485,0.51745477,1,1.12426036,0.517867348,68.6176019,60.0091447,1,0.492379406,68.6176019,60.0091447,0.446826277
44860,4486,0.510133189,1,1.0887574,0.516374198,63.3017997,57.4413588,1,0.485776991,63.3017997,57.4413588,0.454115154
44870,4487,0.516657603,1,1.15384615,0.519910424,66.306724,52.4749494,1,0.544828586,66.306724,52.4749494,0.446517046
44880,4488,0.527430851,1,1.17159763,0.514455602,70.8729217,56.3703728,1,0.645282301,70.8729217,56.3703728,0.461695386
44890,4489,0.535185689,1,1.17751479,0.517334083,66.4203632,60.1215427,1,0.631829849,66.4203632,60.1215427,0.447851901
44900,4490,0.532399679,1,1.25443787,0.51883618,63.202363,55.4335529,1,0.503758249,63.202363,55.4335529,0.437399347
44910,4491,0.525054241,1,1.18934911,0.510368184,67.9187272,52.2969972,1,0.518674209,67.9187272,52.2969972,0.435700303
44920,4492,0.524671433,1,1.20710059,0.523420363,70.6635645,57.2525345,1,0.51319277,70.6635645,57.2525345,0.435764188
44930,4493,0.50892142,1,1.10650888,0.514544508,65.4929813,60.1637204,1,0.469152543,65.4929813,60.1637204,0.456445839
44940,4494,0.514473663,1,1.10650888,0.521367939,63.0568394,55.2771137,1,0.491302691,63.0568394,55.2771137,0.42001488
44950,4495,0.514990534,1,1.17751479,0.518571026,68.502407,53.1515776,1,0.560493543,68.502407,53.1515776,0.449668585
44960,4496,0.530110584,1,1.15384615,0.517040649,69.7458836,58.8067802,1,0.648346546,69.7458836,58.8067802,0.445407538
44970,4497,0.536686375,1,1.14792899,0.514685979,63.9179086,59.0873654,1,0.61510329,63.9179086,59.0873654,0.448825028
44980,4498,0.528696985,1,1.22485207,0.51584519,64.2231203,53.4639799,1,0.515251907,64.2231203,53.4639799,0.433204782
44990,4499,0.521202567,1,1.17751479,0.514512437,69.9584024,54.0609321,1,0.517191227,69.9584024,54.0609321,0.443558846
45000,4500,0.510287657,1,1.15976331,0.510731404,69.0701556,59.9704677,1,0.496559926,69.0701556,59.9704677,0.459685985
45010,4501,0.511942669,1,1.08284024,0.513081255,63.4739078,58.9455703,1,0.477928351,63.4739078,58.9455703,0.437640278
45020,4502,0.518326856,1,1.15976331,0.523258647,64.7559359,53.4615441,1,0.508044408,64.7559359,53.4615441,0.433222002
45030,4503,0.519665964,1,1.15384615,0.518271333,70.3272129,55.3384743,1,0.577721289,70.3272129,55.3384743,0.452226541
45040,4504,0.534969729,1,1.15384615,0.517633857,67.5232502,60.5253013,1,0.656545413,67.5232502,60.5253013,0.453555198
45050,4505,0.535758303,1,1.25443787,0.520639623,62.9397198,56.9975554,1,0.526141184,62.9397198,56.9975554,0.444917001
45060,4506,0.519507889,1,1.21301775,0.511558677,66.6816899,52.5484234,1,0.507429973,66.6816899,52.5484234,0.447194516
45070,4507,0.52559936,1,1.19526627,0.515952728,70.7494571,56.3712534,1,0.512622713,70.7494571,56.3712534,0.429398643
45080,4508,0.51841639,1,1.17159763,0.519454252,66.7585428,60.4660921,1,0.488653427,66.7585428,60.4660921,0.43984331
45090,4509,0.524091781,1,1.15976331,0.524078548,62.9467377,56.7202552,1,0.488640615,62.9467377,56.7202552,0.411097191
45100,4510,0.51201713,1,1.16568047,0.516360914,67.4635783,52.8520237,1,0.5231375,67.4635783,52.8520237,0.457450255
45110,4511,0.526935581,1,1.17751479,0.517078181,70.590087,57.9060632,1,0.626971345,70.590087,57.9060632,0.457148167
45120,4512,0.537008357,1,1.18343195,0.516754132,65.1959937,60.2108143,1,0.645327773,65.1959937,60.2108143,0.451218727
45130,4513,0.53748341,1,1.21893491,0.513374121,63.4953793,54.7336997,1,0.572298977,63.4953793,54.7336997,0.441158199
45140,4514,0.52730745,1,1.18934911,0.510972631,68.9903093,53.3430751,1,0.520586657,68.9903093,53.3430751,0.436012674
45150,4515,0.526207891,1,1.17751479,0.519874002,70.1518489,58.7137816,1,0.511010564,70.1518489,58.7137816,0.422682773
45160,4516,0.520057502,1,1.17159763,0.515778876,64.6213599,59.8178295,1,0.50319707,64.6213599,59.8178295,0.433816352
45170,4517,0.51656411,1,1.13609467,0.518157621,63.9492712,53.9843755,1,0.499568049,63.9492712,53.9843755,0.451695616
45180,4518,0.513203526,1,1.16568047,0.513927255,69.8811801,53.5803276,1,0.530129963,69.8811801,53.5803276,0.457357977
45190,4519,0.525336472,1,1.14201183,0.519536963,69.3441293,59.4649263,1,0.617778119,69.3441293,59.4649263,0.454542656
45200,4520,0.51897653,1,1.0887574,0.511150684,63.7190399,58.6016059,1,0.64587173,63.7190399,58.6016059,0.437765666
45210,4521,0.538775334,1,1.23668639,0.520482319,65.7160921,53.3219348,1,0.54529049,65.7160921,53.3219348,0.434211145
45220,4522,0.531542962,1,1.20710059,0.517391133,70.880431,55.3673272,1,0.508857617,70.880431,55.3673272,0.427280007
45230,4523,0.525153445,1,1.22485207,0.519075772,68.7491499,60.4737585,1,0.516818801,68.7491499,60.4737585,0.425642572
45240,4524,0.520690317,1,1.18934911,0.518450928,63.6336831,58.0414968,1,0.490879628,63.6336831,58.0414968,0.435712685
45250,4525,0.513762879,1,1.10650888,0.513399308,66.6844393,52.980155,1,0.519854554,66.6844393,52.980155,0.454590613
45260,4526,0.50835403,1,1.16568047,0.514636967,71.4832699,56.5519365,1,0.546417483,71.4832699,56.5519365,0.460167185
45270,4527,0.533124694,1,1.16568047,0.51510734,67.1872887,60.6800949,1,0.659783537,67.1872887,60.6800949,0.458303706
45280,4528,0.533608218,1,1.17159763,0.514562305,63.8186761,55.912445,1,0.624915547,63.8186761,55.912445,0.4490492
45290,4529,0.533469291,1,1.20710059,0.51648731,68.7072044,53.044364,1,0.521408266,68.7072044,53.044364,0.435982175
45300,4530,0.526205773,1,1.17751479,0.517937592,71.2879848,58.0085382,1,0.519525101,71.2879848,58.0085382,0.430380687
45310,4531,0.519991169,1,1.13609467,0.520850353,66.0477921,60.323657,1,0.501839582,66.0477921,60.323657,0.440678572
45320,4532,0.515655572,1,1.13609467,0.51773047,63.8324756,54.8745898,1,0.50190946,63.8324756,54.8745898,0.452474856
45330,4533,0.510078562,1,1.1183432,0.511968243,69.4857305,52.9195762,1,0.496878132,69.4857305,52.9195762,0.460134848
45340,4534,0.509732837,1,1.1183432,0.518145161,70.9065993,58.4951175,1,0.52477456,70.9065993,58.4951175,0.442595419
45350,4535,0.504197036,1,1.10650888,0.513507785,65.362837,59.5851638,1,0.566079655,65.362837,59.5851638,0.434608588
45360,4536,0.543783649,1,1.23076923,0.521829217,65.5049748,53.9403753,1,0.561782241,65.5049748,53.9403753,0.434352134
45370,4537,0.523578086,1,1.21893491,0.514801845,71.2114515,54.6233683,1,0.501846554,71.2114515,54.6233683,0.442092626
45380,4538,0.521784633,1,1.16568047,0.517869367,70.2180675,60.2984583,1,0.510654203,70.2180675,60.2984583,0.443182805
45390,4539,0.513132088,1,1.1183432,0.513595197,64.3776605,59.2206832,1,0.499202931,64.3776605,59.2206832,0.456847659
45400,4540,0.517597494,1,1.15384615,0.518099378,65.6039615,53.592181,1,0.488251908,65.6039615,53.592181,0.443118662
45410,4541,0.514503056,1,1.14792899,0.520231604,71.2205195,55.1712792,1,0.507640377,71.2205195,55.1712792,0.448793744
45420,4542,0.525919904,1,1.18934911,0.515437991,68.710177,60.60667,1,0.621506245,68.710177,60.60667,0.460545676
45430,4543,0.528926029,1,1.18934911,0.510149259,63.7621701,57.3059756,1,0.66539502,63.7621701,57.3059756,0.457529741
45440,4544,0.537513742,1,1.20710059,0.512889176,67.3549737,52.9678117,1,0.581975038,67.3549737,52.9678117,0.433288673
45450,4545,0.533447372,1,1.21893491,0.516519251,71.4668052,56.6440876,1,0.52951601,71.4668052,56.6440876,0.42427915
45460,4546,0.526158897,1,1.18934911,0.519835276,67.5426468,60.57972,1,0.507518692,67.5426468,60.57972,0.427516712
45470,4547,0.518894717,1,1.14792899,0.520562469,63.6146373,56.4183187,1,0.507260889,63.6146373,56.4183187,0.440189033
45480,4548,0.512117868,1,1.10650888,0.518893627,68.1155996,52.6781173,1,0.516918543,68.1155996,52.6781173,0.450166103
45490,4549,0.509003059,1,1.15976331,0.510058619,71.3941609,57.7659723,1,0.580604013,71.3941609,57.7659723,0.465592658
45500,4550,0.525694517,1,1.15976331,0.513254496,66.0376301,60.1823109,1,0.641787117,66.0376301,60.1823109,0.452024475
45510,4551,0.539349267,1,1.21301775,0.515057888,64.4088106,54.6360597,1,0.638072201,64.4088106,54.6360597,0.444652352
45520,4552,0.528969071,1,1.21893491,0.511149931,70.0186284,53.6349137,1,0.513727089,70.0186284,53.6349137,0.438342421
45530,4553,0.524821356,1,1.17751479,0.515073748,70.7438608,59.1301284,1,0.519924246,70.7438608,59.1301284,0.426374191
45540,4554,0.517389707,1,1.17159763,0.516965198,65.0474372,59.5367205,1,0.510018022,65.0474372,59.5367205,0.439301214
45550,4555,0.513103898,1,1.12426036,0.516924293,64.823387,53.7324356,1,0.489786126,64.823387,53.7324356,0.446815971
45560,4556,0.521040078,1,1.15384615,0.519219344,70.6584077,54.0363369,1,0.541708048,70.6584077,54.0363369,0.449456097
45570,4557,0.525028871,1,1.17751479,0.518520889,69.5966163,59.8806361,1,0.612726973,69.5966163,59.8806361,0.456920705
45580,4558,0.540845667,1,1.17751479,0.520127618,64.0660903,58.0270536,1,0.661003287,64.0660903,58.0270536,0.448683059
45590,4559,0.535639907,1,1.18343195,0.51246616,66.3805231,52.7877781,1,0.575860373,66.3805231,52.7877781,0.440592713
45600,4560,0.531938061,1,1.24852071,0.513517613,71.214562,55.4119045,1,0.511900851,71.214562,55.4119045,0.423104696
45610,4561,0.522026579,1,1.19526627,0.51849068,68.2734533,60.1508766,1,0.514288447,68.2734533,60.1508766,0.429034812
45620,4562,0.500384458,1,1.11242604,0.507741296,63.2760285,56.5691588,1,0.511937851,63.2760285,56.5691588,0.472954689
45630,4563,0.50884973,1,1.10650888,0.507681475,67.1835551,52.1084185,1,0.518917838,67.1835551,52.1084185,0.456167253
45640,4564,0.502139351,1,1.14201183,0.510693456,71.5393847,56.1354527,1,0.496799248,71.5393847,56.1354527,0.456318272
45650,4565,0.519732367,1,1.11242604,0.518447059,67.2263866,59.773309,1,0.600383971,67.2263866,59.773309,0.434025811
45660,4566,0.538110854,1,1.20118343,0.516412536,64.194607,54.9622499,1,0.645316374,64.194607,54.9622499,0.437434544
45670,4567,0.533443053,1,1.23076923,0.520034521,69.2303504,52.6205051,1,0.507275199,69.2303504,52.6205051,0.427200054
45680,4568,0.517013927,1,1.18343195,0.511780096,71.3961037,57.9817388,1,0.510003703,71.3961037,57.9817388,0.444781138
45690,4569,0.51047324,1,1.15384615,0.51157852,65.724377,59.9316746,1,0.508634971,65.724377,59.9316746,0.461350817
45700,4570,0.514800696,1,1.12426036,0.512219333,63.8209033,54.5256532,1,0.49190128,63.8209033,54.5256532,0.44087245
45710,4571,0.518683879,1,1.11242604,0.520010558,69.3745198,53.0206281,1,0.497275363,69.3745198,53.0206281,0.442610311
45720,4572,0.504679438,1,1.13609467,0.514765337,70.6096124,58.7977166,1,0.516567728,70.6096124,58.7977166,0.454433811
45730,4573,0.522107644,1,1.15384615,0.519712351,64.9024902,59.0644094,1,0.631320649,64.9024902,59.0644094,0.439488468
45740,4574,0.536865927,1,1.18934911,0.512048724,65.4900925,53.3318342,1,0.599399496,65.4900925,53.3318342,0.443277827
45750,4575,0.516289776,1,1.17751479,0.510535698,71.1567012,54.9359618,1,0.510299064,71.1567012,54.9359618,0.453021928
45760,4576,0.512266655,1,1.18934911,0.508121321,69.3072301,60.4770969,1,0.510847704,69.3072301,60.4770969,0.449356683
45770,4577,0.518384598,1,1.14792899,0.515799089,63.9020601,58.6362081,1,0.489448216,63.9020601,58.6362081,0.439235048
45780,4578,0.516671917,1,1.11242604,0.518275843,65.6039503,53.3994339,1,0.47422489,65.6039503,53.3994339,0.423567787
45790,4579,0.512745288,1,1.17159763,0.522152181,70.8501865,55.4517897,1,0.491003246,70.8501865,55.4517897,0.433338212
45800,4580,0.52906069,1,1.16568047,0.524160476,68.0156303,60.5212103,1,0.622841906,68.0156303,60.5212103,0.446774995
45810,4581,0.53699478,1,1.23076923,0.513169715,63.3702336,56.7979486,1,0.650239163,63.3702336,56.7979486,0.457950079
45820,4582,0.529021468,1,1.21301775,0.512591676,67.7535114,52.853865,1,0.539037815,67.7535114,52.853865,0.453578273
45830,4583,0.526473738,1,1.21893491,0.506585807,71.541599,57.0971321,1,0.530760366,71.541599,57.0971321,0.437549145
45840,4584,0.52428734,1,1.13609467,0.511797691,67.1447182,60.5277199,1,0.512465037,67.1447182,60.5277199,0.428990102
45850,4585,0.518075166,1,1.16568047,0.519665811,63.7870823,56.031454,1,0.488592043,63.7870823,56.031454,0.431662029
45860,4586,0.51255883,1,1.14201183,0.518602263,68.4461992,52.7833235,1,0.489861215,68.4461992,52.7833235,0.4368914
45870,4587,0.509620671,1,1.16568047,0.515134302,71.2412211,57.9772237,1,0.539776486,71.2412211,57.9772237,0.453707586
45880,4588,0.527332625,1,1.17159763,0.516428218,65.6160045,59.7783503,1,0.649531371,65.6160045,59.7783503,0.454348609
45890,4589,0.531480566,1,1.18934911,0.513676,64.8334612,53.8789637,1,0.56506022,64.8334612,53.8789637,0.45777398
45900,4590,0.526522746,1,1.23076923,0.511594762,70.6119081,53.7524638,1,0.516364197,70.6119081,53.7524638,0.444602411
45910,4591,0.518074755,1,1.18343195,0.511859701,70.4985454,59.5051234,1,0.512383181,70.4985454,59.5051234,0.442598191
45920,4592,0.524198992,1,1.17751479,0.51590106,65.0376791,59.3405392,1,0.517842671,65.0376791,59.3405392,0.420257378
45930,4593,0.520222737,1,1.17159763,0.5236821,65.3272067,53.7654068,1,0.484014002,65.3272067,53.7654068,0.429434245
45940,4594,0.517172676,1,1.20118343,0.520553235,71.0826827,54.5079856,1,0.525245297,71.0826827,54.5079856,0.44639865
45950,4595,0.522958176,1,1.17159763,0.51730559,69.4091944,60.2421966,1,0.613870047,69.4091944,60.2421966,0.459493797
45960,4596,0.541497583,1,1.23668639,0.518993918,64.1086803,57.5898362,1,0.617135226,64.1086803,57.5898362,0.455930454
45970,4597,0.528166008,1,1.24260355,0.50951964,67.1722857,52.5839598,1,0.543802446,67.1722857,52.5839598,0.451457055
45980,4598,0.533891306,1,1.22485207,0.515166752,71.6283703,55.8048734,1,0.525747786,71.6283703,55.8048734,0.422943852
45990,4599,0.524021819,1,1.18343195,0.519169322,68.1827345,60.2315531,1,0.508136637,68.1827345,60.2315531,0.431509659
46000,4600,0.525293517,1,1.18934911,0.520341456,63.8445562,57.013112,1,0.508484579,63.8445562,57.013112,0.415513902
46010,4601,0.505293857,1,1.1183432,0.51366078,67.8198867,52.5600625,1,0.494018745,67.8198867,52.5600625,0.459179243
46020,4602,0.519536343,1,1.17751479,0.518730728,71.6936543,56.8766285,1,0.563342219,71.6936543,56.8766285,0.446146008
46030,4603,0.521378307,1,1.15976331,0.513693346,66.8866789,60.2891885,1,0.622002179,66.8866789,60.2891885,0.453471671
46040,4604,0.539730089,1,1.19526627,0.515588276,64.4469682,55.0135542,1,0.630481514,64.4469682,55.0135542,0.447111081
46050,4605,0.53562183,1,1.21301775,0.508091814,69.6159573,52.8907255,1,0.604993814,69.6159573,52.8907255,0.429839998
46060,4606,0.526668655,1,1.20710059,0.518710866,71.1186131,58.2453322,1,0.508874788,71.1186131,58.2453322,0.427804264
46070,4607,0.519138631,1,1.20710059,0.516636676,65.5404525,59.7724132,1,0.508671533,65.5404525,59.7724132,0.444877836
46080,4608,0.51784399,1,1.10650888,0.516025871,64.3260207,54.1201358,1,0.497479039,64.3260207,54.1201358,0.444713084
46090,4609,0.515534567,1,1.12426036,0.514977159,70.203078,53.2949738,1,0.499476952,70.203078,53.2949738,0.45651558
46100,4610,0.517592088,1,1.17751479,0.517398678,70.6166812,59.1496354,1,0.539797027,70.6166812,59.1496354,0.451481
46110,4611,0.519087201,1,1.14792899,0.515692362,64.7429821,58.8787877,1,0.621435885,64.7429821,58.8787877,0.452303105
46120,4612,0.538853283,1,1.23076923,0.515800797,66.0466081,53.2335713,1,0.595684753,66.0466081,53.2335713,0.445675534
46130,4613,0.527675726,1,1.23668639,0.513166213,71.3627228,55.1220943,1,0.513076904,71.3627228,55.1220943,0.433968853
46140,4614,0.516347598,1,1.18343195,0.51230541,68.9995414,60.4486472,1,0.503456463,68.9995414,60.4486472,0.448249667
46150,4615,0.51781556,1,1.15384615,0.511979463,63.8223601,58.02949,1,0.493055536,63.8223601,58.02949,0.439577045
46160,4616,0.522186146,1,1.12426036,0.521710013,66.3268215,53.0766078,1,0.487727594,66.3268215,53.0766078,0.4269291
46170,4617,0.502486847,1,1.07692308,0.517130223,71.6043512,55.7124866,1,0.454668405,71.6043512,55.7124866,0.45378211
46180,4618,0.510801898,1,1.14201183,0.520214699,68.6030058,60.3558026,1,0.532098318,68.6030058,60.3558026,0.425298066
46190,4619,0.52997068,1,1.14201183,0.513664266,64.2528696,56.3449227,1,0.65994329,64.2528696,56.3449227,0.455153546
46200,4620,0.536106421,1,1.17751479,0.515787578,68.8432002,52.8982924,1,0.585082275,68.8432002,52.8982924,0.441557191
46210,4621,0.525209623,1,1.19526627,0.517187282,71.8899996,57.8039393,1,0.500664645,71.8899996,57.8039393,0.444215668
46220,4622,0.519334212,1,1.17159763,0.509840294,66.9730362,60.7486744,1,0.511256202,66.9730362,60.7486744,0.440870533
46230,4623,0.522031748,1,1.18343195,0.521419827,64.3455087,55.6738141,1,0.504203898,64.3455087,55.6738141,0.439594408
46240,4624,0.505623861,1,1.07692308,0.513007252,69.5680955,52.9041196,1,0.455753753,69.5680955,52.9041196,0.454735899
46250,4625,0.511668406,1,1.1183432,0.521179694,71.7513848,57.8628224,1,0.499087929,71.7513848,57.8628224,0.416774636
46260,4626,0.512622889,1,1.17159763,0.517195218,66.2759676,59.7761244,1,0.562607027,66.2759676,59.7761244,0.446159932
46270,4627,0.539918594,1,1.20118343,0.519624394,65.3452825,54.1256267,1,0.663682512,65.3452825,54.1256267,0.440510053
46280,4628,0.530842293,1,1.20118343,0.516208259,71.2308492,54.278635,1,0.528635026,71.2308492,54.278635,0.452888866
46290,4629,0.521030592,1,1.22485207,0.512500813,70.6832233,60.0360661,1,0.496408238,70.6832233,60.0360661,0.444878195
46300,4630,0.51897297,1,1.18934911,0.514684308,64.8913227,59.3155943,1,0.507413663,64.8913227,59.3155943,0.448964568
46310,4631,0.515786675,1,1.11242604,0.515964967,65.6941814,53.5709819,1,0.494041416,65.6941814,53.5709819,0.446188025
46320,4632,0.519787562,1,1.1183432,0.521056205,71.3782497,54.5521695,1,0.494857994,71.3782497,54.5521695,0.443702567
46330,4633,0.514400104,1,1.14792899,0.518778446,70.0381429,60.3225234,1,0.511534504,70.0381429,60.3225234,0.455686427
46340,4634,0.524418391,1,1.17751479,0.5165059,64.499818,58.1165918,1,0.612562032,64.499818,58.1165918,0.45857495
46350,4635,0.528927786,1,1.20710059,0.508432835,67.5416328,52.911586,1,0.662722598,67.5416328,52.911586,0.463742958
46360,4636,0.532483906,1,1.20118343,0.506645285,72.1373681,56.2068706,1,0.605336158,72.1373681,56.2068706,0.43500448
46370,4637,0.530803466,1,1.18934911,0.518775076,68.4796057,60.345544,1,0.514437942,68.4796057,60.345544,0.424876203
46380,4638,0.523733663,1,1.16568047,0.51654329,64.2350092,56.6552184,1,0.510958717,64.2350092,56.6552184,0.432654545
46390,4639,0.522155954,1,1.18934911,0.521419687,68.1399205,52.6425376,1,0.491074709,68.1399205,52.6425376,0.430700127
46400,4640,0.517506256,1,1.13609467,0.520762666,72.0208957,56.7258647,1,0.507194908,72.0208957,56.7258647,0.433340736
46410,4641,0.504321345,1,1.13017751,0.509489545,67.3865483,60.5596461,1,0.521651456,67.3865483,60.5596461,0.462659254
46420,4642,0.53405716,1,1.17159763,0.520501356,64.5867041,55.3397132,1,0.651288624,64.5867041,55.3397132,0.455647191
46430,4643,0.526154593,1,1.1183432,0.508646803,69.8391062,52.9544126,1,0.667395506,69.8391062,52.9544126,0.443742736
46440,4644,0.541437268,1,1.23668639,0.517945577,71.3755153,58.3294504,1,0.542825638,71.3755153,58.3294504,0.43002397
46450,4645,0.52400341,1,1.15384615,0.513339086,65.8599083,59.5969515,1,0.512622572,65.8599083,59.5969515,0.435336223
46460,4646,0.520693461,1,1.16568047,0.518076644,64.8561399,54.0333814,1,0.500922043,64.8561399,54.0333814,0.43487646
46470,4647,0.517243884,1,1.17159763,0.515233294,70.5908133,53.2193059,1,0.513016982,70.5908133,53.2193059,0.445551304
46480,4648,0.508520425,1,1.13609467,0.512584763,71.0090196,59.2448438,1,0.493054536,71.0090196,59.2448438,0.464617955
46490,4649,0.512572963,1,1.17159763,0.514313146,65.1961651,59.3697639,1,0.536631172,65.1961651,59.3697639,0.447245897
46500,4650,0.528285658,1,1.16568047,0.520397658,65.9759069,53.5641053,1,0.630761405,65.9759069,53.5641053,0.450598999
46510,4651,0.514795117,1,1.0887574,0.50829727,71.4817128,54.6774823,1,0.646003909,71.4817128,54.6774823,0.43209622
46520,4652,0.537352928,1,1.24260355,0.51819365,69.380109,59.7774129,1,0.535930708,69.380109,59.7774129,0.424306122
46530,4653,0.525910718,1,1.18934911,0.515525473,64.268144,57.4817395,1,0.514546643,64.268144,57.4817395,0.431059668
46540,4654,0.523134207,1,1.17751479,0.518724976,66.9233171,52.4420968,1,0.507573551,66.9233171,52.4420968,0.438177658
46550,4655,0.514664304,1,1.10650888,0.514435641,72.0656964,55.2995611,1,0.488509526,72.0656964,55.2995611,0.452535049
46560,4656,0.514412527,1,1.12426036,0.518408888,69.0827248,60.2286795,1,0.482635339,69.0827248,60.2286795,0.443188609
46570,4657,0.511371958,1,1.15384615,0.520526811,64.2862147,56.9671853,1,0.527058598,64.2862147,56.9671853,0.446179403
46580,4658,0.525009782,1,1.20118343,0.518143578,68.3145654,52.7092822,1,0.63688623,68.3145654,52.7092822,0.450885702
46590,4659,0.535451799,1,1.18343195,0.514604337,71.7441258,57.5430664,1,0.569692907,71.7441258,57.5430664,0.455910263
46600,4660,0.526722111,1,1.23076923,0.511347527,66.6921295,60.3734774,1,0.53861369,66.6921295,60.3734774,0.44544967
46610,4661,0.519627335,1,1.20710059,0.515195024,64.2485585,55.1487483,1,0.50199922,64.2485585,55.1487483,0.443685703
46620,4662,0.518567935,1,1.14792899,0.509913456,69.3916828,52.6668917,1,0.510104779,69.3916828,52.6668917,0.439279532
46630,4663,0.520732581,1,1.11242604,0.521013928,71.4815757,57.861276,1,0.488814113,71.4815757,57.861276,0.430695604
46640,4664,0.504620108,1,1.1183432,0.51672963,66.0158096,59.9768578,1,0.466067512,66.0158096,59.9768578,0.450839359
46650,4665,0.513281387,1,1.18343195,0.522009072,64.6494153,54.5932639,1,0.548978974,64.6494153,54.5932639,0.427252928
46660,4666,0.530931928,1,1.15976331,0.517079101,70.5670646,54.1402465,1,0.667926385,70.5670646,54.1402465,0.45653569
46670,4667,0.535007105,1,1.20710059,0.513955995,70.0540539,59.8734818,1,0.571122962,70.0540539,59.8734818,0.442780129
46680,4668,0.531498934,1,1.21301775,0.515480512,64.4890883,58.9688657,1,0.531600505,64.4890883,58.9688657,0.433693178
46690,4669,0.530372674,1,1.21301775,0.516898791,65.4614375,53.5575383,1,0.518474335,65.4614375,53.5575383,0.422922541
46700,4670,0.519084257,1,1.16568047,0.520592609,71.0933027,54.7133584,1,0.489902409,71.0933027,54.7133584,0.442249669
46710,4671,0.521186083,1,1.14792899,0.519616418,69.9938581,60.0817874,1,0.486975064,69.9938581,60.0817874,0.421527291
46720,4672,0.514300151,1,1.13609467,0.518913142,64.4247036,58.2968125,1,0.525554448,64.4247036,58.2968125,0.449862683
46730,4673,0.519061856,1,1.20118343,0.517587614,66.874428,52.9537844,1,0.592316687,66.874428,52.9537844,0.452142167
46740,4674,0.539093477,1,1.23668639,0.519791869,71.7863832,56.3671568,1,0.647047821,71.7863832,56.3671568,0.460115855
46750,4675,0.531228487,1,1.14201183,0.505717961,68.0159135,60.7952398,1,0.613808409,68.0159135,60.7952398,0.447374724
46760,4676,0.534222696,1,1.24260355,0.518768354,64.2487452,56.693045,1,0.512710623,64.2487452,56.693045,0.428424658
46770,4677,0.52065145,1,1.20710059,0.517517526,68.536192,52.8757938,1,0.507975645,68.536192,52.8757938,0.441578709
46780,4678,0.521999338,1,1.17159763,0.516736407,72.2061523,56.8674026,1,0.501109325,72.2061523,56.8674026,0.417101502
46790,4679,0.51784735,1,1.12426036,0.520979928,67.8400783,60.5053748,1,0.486419283,67.8400783,60.5053748,0.437160309
46800,4680,0.515459228,1,1.14201183,0.516959799,64.3616108,55.7639191,1,0.510994065,64.3616108,55.7639191,0.452351773
46810,4681,0.532497123,1,1.18934911,0.52561579,69.7076925,53.2949865,1,0.626365183,69.7076925,53.2949865,0.452973199
46820,4682,0.535173073,1,1.18934911,0.51435776,71.5118352,58.9287444,1,0.649644614,71.5118352,58.9287444,0.455045083
46830,4683,0.533144868,1,1.23668639,0.515871752,65.8106921,59.9175441,1,0.530894083,65.8106921,59.9175441,0.445096611
46840,4684,0.52185128,1,1.22485207,0.514552315,65.1649333,54.1623683,1,0.506432962,65.1649333,54.1623683,0.445483928
46850,4685,0.523179968,1,1.17751479,0.514258496,70.886778,53.769348,1,0.514082994,70.886778,53.769348,0.441178968
46860,4686,0.51789553,1,1.11242604,0.518663837,71.2608008,59.4866471,1,0.479552744,71.2608008,59.4866471,0.440732328
46870,4687,0.515680641,1,1.09467456,0.520996857,65.6036088,59.6344163,1,0.477556492,65.6036088,59.6344163,0.435317042
46880,4688,0.527693912,1,1.17751479,0.522684149,66.2058198,53.8685547,1,0.578060163,66.2058198,53.8685547,0.445940387
46890,4689,0.522836164,1,1.17159763,0.510767874,72.1352998,55.2655812,1,0.665088698,72.1352998,55.2655812,0.468602458
46900,4690,0.534343393,1,1.20118343,0.512046946,69.9844502,60.710803,1,0.630937159,69.9844502,60.710803,0.450355507
46910,4691,0.528655521,1,1.23668639,0.510248074,64.8906637,58.0067261,1,0.522863126,64.8906637,58.0067261,0.443618073
46920,4692,0.528200635,1,1.20118343,0.511079849,67.6027437,53.2606898,1,0.512720193,67.6027437,53.2606898,0.420483233
46930,4693,0.524019399,1,1.16568047,0.520516838,72.2645906,56.1604613,1,0.508244719,72.2645906,56.1604613,0.422317442
46940,4694,0.519694782,1,1.15384615,0.518690194,69.4553246,60.9021695,1,0.489590652,69.4553246,60.9021695,0.423955533
46950,4695,0.517043058,1,1.18934911,0.518693822,64.7030312,57.4202091,1,0.51045199,64.7030312,57.4202091,0.45318296
46960,4696,0.51991691,1,1.17159763,0.516370912,68.876692,53.0953652,1,0.60410448,68.876692,53.0953652,0.462330852
46970,4697,0.533787867,1,1.20118343,0.516511713,72.5287601,57.6809409,1,0.663158561,72.5287601,57.6809409,0.4509366
46980,4698,0.533473308,1,1.18934911,0.511879114,67.4521754,60.6189366,1,0.559621455,67.4521754,60.6189366,0.451188639
46990,4699,0.524182827,1,1.20710059,0.513473724,65.0906344,55.2801361,1,0.507747609,65.0906344,55.2801361,0.449059943
47000,4700,0.519506944,1,1.18934911,0.515584398,70.503623,53.1265732,1,0.511386003,70.503623,53.1265732,0.448127456
47010,4701,0.519238447,1,1.14201183,0.514388814,72.6152506,58.36973,1,0.497692203,72.6152506,58.36973,0.434800264
47020,4702,0.52287553,1,1.13017751,0.522064745,67.2906029,60.1415189,1,0.499224218,67.2906029,60.1415189,0.431668768
47030,4703,0.514201716,1,1.14792899,0.515987662,65.8868438,54.3245767,1,0.532148893,65.8868438,54.3245767,0.460301905
47040,4704,0.511160831,1,1.14201183,0.514672892,71.6915769,53.4583295,1,0.560552389,71.6915769,53.4583295,0.45146252
47050,4705,0.537372362,1,1.17751479,0.517463506,71.5898197,59.3614774,1,0.66738091,71.5898197,59.3614774,0.454155756
47060,4706,0.532043545,1,1.23076923,0.509293749,65.8716976,58.5247759,1,0.559809296,65.8716976,58.5247759,0.444539457
47070,4707,0.523366419,1,1.21893491,0.515187982,67.3414272,53.0900796,1,0.510463974,67.3414272,53.0900796,0.43307097
47080,4708,0.509931141,1,1.13017751,0.50993924,72.9778097,55.0257333,1,0.512812554,72.9778097,55.0257333,0.458422573
47090,4709,0.506194906,1,1.13017751,0.508397486,70.798752,60.649288,1,0.498379663,70.798752,60.649288,0.463921153
47100,4710,0.510055636,1,1.07692308,0.512456444,65.3648517,58.4463206,1,0.476101443,65.3648517,58.4463206,0.451036531
47110,4711,0.510346849,1,1.12426036,0.518436768,67.8848188,53.2891594,1,0.509472337,67.8848188,53.2891594,0.441531398
47120,4712,0.525943031,1,1.15976331,0.524757693,72.6548518,56.3521345,1,0.610431248,72.6548518,56.3521345,0.436059764
47130,4713,0.539293681,1,1.23076923,0.5154716,68.8645063,60.735123,1,0.643912005,68.8645063,60.735123,0.445737918
47140,4714,0.527560163,1,1.25443787,0.508984063,65.0736631,56.345889,1,0.508926381,65.0736631,56.345889,0.446126441
47150,4715,0.516658439,1,1.18343195,0.512185244,69.7032762,52.9241956,1,0.50179914,69.7032762,52.9241956,0.442834491
47160,4716,0.52171292,1,1.19526627,0.517382289,72.9199899,57.4656855,1,0.505626727,72.9199899,57.4656855,0.428098713
47170,4717,0.515329183,1,1.12426036,0.514143949,67.9086106,60.6953027,1,0.498724548,67.9086106,60.6953027,0.458608326
47180,4718,0.510440322,1,1.12426036,0.514748884,65.0550127,55.4249156,1,0.514785818,65.0550127,55.4249156,0.461025363
47190,4719,0.502167505,1,1.13017751,0.513030713,70.3735209,53.0168491,1,0.539419557,70.3735209,53.0168491,0.449097149
47200,4720,0.531876355,1,1.17159763,0.518652744,71.9322998,58.478527,1,0.664942106,71.9322998,58.478527,0.436904906
47210,4721,0.537244636,1,1.20710059,0.513371418,66.2853219,59.1857406,1,0.585552701,66.2853219,59.1857406,0.437776184
47220,4722,0.527641049,1,1.21893491,0.517864461,66.1168332,53.6187391,1,0.510784887,66.1168332,53.6187391,0.428426969
47230,4723,0.519745714,1,1.17751479,0.514604202,71.8229011,53.5860996,1,0.522709293,71.8229011,53.5860996,0.438935482
47240,4724,0.514409472,1,1.13609467,0.515916159,71.4049178,59.436105,1,0.500147353,71.4049178,59.436105,0.451147605
47250,4725,0.50835867,1,1.07100592,0.511909299,65.4316164,58.8393167,1,0.496610803,65.4316164,58.8393167,0.461772283
47260,4726,0.515371915,1,1.17751479,0.519041711,66.539758,53.1113364,1,0.540104772,66.539758,53.1113364,0.448783604
47270,4727,0.527916814,1,1.17159763,0.521053794,72.0391907,54.9330609,1,0.642816117,72.0391907,54.9330609,0.445639221
47280,4728,0.541688985,1,1.20118343,0.518944929,69.28042,60.0874299,1,0.618805757,69.28042,60.0874299,0.449709542
47290,4729,0.526058168,1,1.22485207,0.51230238,64.4662331,56.84828,1,0.520509403,64.4662331,56.84828,0.446342717
47300,4730,0.527692161,1,1.21893491,0.517700324,67.8654533,52.4957347,1,0.522868344,67.8654533,52.4957347,0.424817039
47310,4731,0.518611815,1,1.17159763,0.517476299,72.323084,56.1752945,1,0.500612647,72.323084,56.1752945,0.444623581
47320,4732,0.519256292,1,1.17751479,0.520829157,68.6762873,60.3891716,1,0.500744674,68.6762873,60.3891716,0.428675447
47330,4733,0.50787954,1,1.1183432,0.513972062,64.5724864,56.0478903,1,0.528473885,64.5724864,56.0478903,0.459533498
47340,4734,0.518522556,1,1.17159763,0.513781393,69.4500788,52.6122014,1,0.603449024,69.4500788,52.6122014,0.458934103
47350,4735,0.526735461,1,1.17751479,0.513027551,72.169445,57.8273421,1,0.662322847,72.169445,57.8273421,0.452427015
47360,4736,0.536841605,1,1.20710059,0.512239309,66.7559181,59.6749033,1,0.588398031,66.7559181,59.6749033,0.440009114
47370,4737,0.530859771,1,1.20710059,0.515609972,65.3363539,54.3335826,1,0.510521988,65.3363539,54.3335826,0.425133943
47380,4738,0.52634687,1,1.18934911,0.518877122,70.6343133,52.958572,1,0.521264027,70.6343133,52.958572,0.421037235
47390,4739,0.522317718,1,1.19526627,0.519593151,71.7368274,58.4624268,1,0.511447566,71.7368274,58.4624268,0.43178421
47400,4740,0.509098733,1,1.13609467,0.512679482,65.76274,59.4050016,1,0.489380133,65.76274,59.4050016,0.465229904
47410,4741,0.513416966,1,1.15976331,0.514783404,65.223432,53.592405,1,0.50729804,65.223432,53.592405,0.449043243
47420,4742,0.527539412,1,1.16568047,0.52060549,71.1251111,53.8527183,1,0.619653232,71.1251111,53.8527183,0.454416711
47430,4743,0.514578422,1,1.10650888,0.50986963,70.5123385,59.4904061,1,0.636383482,70.5123385,59.4904061,0.436222446
47440,4744,0.540299534,1,1.19526627,0.514000977,65.0861105,57.9666818,1,0.607893412,65.0861105,57.9666818,0.433546583
47450,4745,0.526331456,1,1.23668639,0.514789699,67.0563673,52.7590311,1,0.512285759,67.0563673,52.7590311,0.428300189
47460,4746,0.517382769,1,1.14792899,0.512569788,72.2317067,55.2022392,1,0.514691491,72.2317067,55.2022392,0.440235308
47470,4747,0.509807161,1,1.11242604,0.512782979,69.1444045,60.377294,1,0.526838366,69.1444045,60.377294,0.463538154
47480,4748,0.502993275,1,1.09467456,0.504768085,64.0205923,57.0166224,1,0.522805888,64.0205923,57.0166224,0.471354367
47490,4749,0.501049111,1,1.13609467,0.511360784,67.2560481,52.2164768,1,0.484235021,67.2560481,52.2164768,0.4452881
47500,4750,0.520971623,1,1.15384615,0.519901526,71.5120786,55.9309056,1,0.60143035,71.5120786,55.9309056,0.434535573
47510,4751,0.527573397,1,1.15384615,0.511199794,67.3752113,59.7837622,1,0.664184116,67.3752113,59.7837622,0.434858172
47520,4752,0.534144831,1,1.24260355,0.512646713,64.2533856,55.1371184,1,0.528994591,64.2533856,55.1371184,0.430611884
47530,4753,0.518565572,1,1.20710059,0.511396316,69.2350152,52.3256805,1,0.521831737,69.2350152,52.3256805,0.44001625
47540,4754,0.512389237,1,1.16568047,0.516684814,71.7761688,57.6781864,1,0.50954506,71.7761688,57.6781864,0.455776741
47550,4755,0.500532846,1,1.07100592,0.504809574,66.3483213,60.3004933,1,0.471439999,66.3483213,60.3004933,0.463700205
47560,4756,0.517027718,1,1.14201183,0.520039082,64.4975685,55.0931731,1,0.518877937,64.4975685,55.0931731,0.42511028
47570,4757,0.505554834,1,1.15384615,0.515687008,70.0649837,53.3334691,1,0.538539691,70.0649837,53.3334691,0.449145609
47580,4758,0.525720648,1,1.16568047,0.517508651,70.9948655,58.8683029,1,0.639580006,70.9948655,58.8683029,0.431723287
47590,4759,0.536783386,1,1.21301775,0.514521066,65.2337207,58.954083,1,0.574126688,65.2337207,58.954083,0.44321411
47600,4760,0.524476231,1,1.19526627,0.516341334,65.8039498,53.3158589,1,0.512874467,65.8039498,53.3158589,0.435922014
47610,4761,0.520607398,1,1.16568047,0.513969343,71.4578779,54.0074217,1,0.509686379,71.4578779,54.0074217,0.438158885
47620,4762,0.518499659,1,1.12426036,0.51708308,70.5829958,59.6975052,1,0.488666268,70.5829958,59.6975052,0.442842277
47630,4763,0.51527731,1,1.14792899,0.51601129,65.0295663,58.7964425,1,0.479801319,65.0295663,58.7964425,0.432773454
47640,4764,0.512221492,1,1.17159763,0.517969973,66.5472257,53.2125553,1,0.519175558,66.5472257,53.2125553,0.445112082
47650,4765,0.525726901,1,1.16568047,0.521579817,71.9201432,55.4041646,1,0.621400566,71.9201432,55.4041646,0.446361978
47660,4766,0.536252686,1,1.14201183,0.518535161,68.8224385,60.3837213,1,0.622431296,68.8224385,60.3837213,0.451111447
47670,4767,0.533663585,1,1.23668639,0.516333884,64.3762394,56.7912966,1,0.542120819,64.3762394,56.7912966,0.439702708
47680,4768,0.52952888,1,1.23668639,0.515154401,68.2543547,52.5711223,1,0.511166264,68.2543547,52.5711223,0.440881643
47690,4769,0.528885108,1,1.21301775,0.520765534,72.2984154,56.2767888,1,0.514214111,72.2984154,56.2767888,0.421931255
47700,4770,0.515778488,1,1.15384615,0.516014839,68.2612769,60.3351326,1,0.506492881,68.2612769,60.3351326,0.440337698
47710,4771,0.510449647,1,1.15976331,0.517561447,64.5881946,55.663638,1,0.527697457,64.5881946,55.663638,0.457122438
47720,4772,0.512285823,1,1.15384615,0.510355145,69.6274504,52.4526036,1,0.575692512,69.6274504,52.4526036,0.459642516
47730,4773,0.526059665,1,1.17751479,0.514094893,72.0287048,57.8680554,1,0.638413112,72.0287048,57.8680554,0.455688184
47740,4774,0.538486354,1,1.23076923,0.516139809,66.4216979,59.3509841,1,0.601979821,66.4216979,59.3509841,0.446137956
47750,4775,0.533368955,1,1.21893491,0.508102819,65.2920719,53.8667651,1,0.547811168,65.2920719,53.8667651,0.430719176
47760,4776,0.520725122,1,1.17751479,0.515384849,70.8896564,53.3809324,1,0.519491499,70.8896564,53.3809324,0.43220219
47770,4777,0.515849793,1,1.14201183,0.51545133,71.3411465,59.1448512,1,0.49626758,71.3411465,59.1448512,0.444736502
47780,4778,0.517832953,1,1.13017751,0.518852505,65.7472139,59.5485926,1,0.47235339,65.7472139,59.5485926,0.431421824
47790,4779,0.520483846,1,1.16568047,0.523616488,65.8523966,53.8338275,1,0.520200109,65.8523966,53.8338275,0.439671768
47800,4780,0.521191173,1,1.18934911,0.515945684,71.7553428,54.5833527,1,0.602440212,71.7553428,54.5833527,0.457718562
47810,4781,0.537164817,1,1.19526627,0.516241604,70.0754905,60.2044654,1,0.66345554,70.0754905,60.2044654,0.451288831
47820,4782,0.537530296,1,1.23076923,0.516344227,64.8353719,57.9020276,1,0.573101973,64.8353719,57.9020276,0.440280056
47830,4783,0.534574054,1,1.24852071,0.512199766,67.2529011,52.8968853,1,0.526064884,67.2529011,52.8968853,0.42756983
47840,4784,0.52889885,1,1.20710059,0.515526738,72.0512264,55.5183643,1,0.516243569,72.0512264,55.5183643,0.420594658
47850,4785,0.510341592,1,1.17159763,0.515989472,68.8914782,60.5112904,1,0.498635918,68.8914782,60.5112904,0.454519187
47860,4786,0.517259203,1,1.10650888,0.516746979,64.2404086,57.2920741,1,0.498828024,64.2404086,57.2920741,0.435114095
47870,4787,0.51611651,1,1.20118343,0.517386753,67.9798481,52.7366559,1,0.528435057,67.9798481,52.7366559,0.453358559
47880,4788,0.521768028,1,1.16568047,0.516203639,72.0292623,57.0032982,1,0.618350668,72.0292623,57.0032982,0.45248814
47890,4789,0.53732746,1,1.17159763,0.51903306,67.4139228,60.3622906,1,0.665707499,67.4139228,60.3622906,0.439096628
47900,4790,0.532738098,1,1.22485207,0.512001089,64.628493,55.3353877,1,0.54548091,64.628493,55.3353877,0.442079349
47910,4791,0.523333708,1,1.18343195,0.513705793,69.9261282,53.103587,1,0.508006231,69.9261282,53.103587,0.442196463
47920,4792,0.517228732,1,1.18343195,0.513486362,71.9962195,58.6239398,1,0.510925952,71.9962195,58.6239398,0.453517308
47930,4793,0.517316383,1,1.14792899,0.516055955,66.5955946,60.4770448,1,0.496696997,66.5955946,60.4770448,0.439208184
47940,4794,0.520397593,1,1.1183432,0.520705704,65.0245749,54.8914871,1,0.509001203,65.0245749,54.8914871,0.446329924
47950,4795,0.513254,1,1.17751479,0.514042318,70.9045833,53.7199703,1,0.542926199,70.9045833,53.7199703,0.461198275
47960,4796,0.524024477,1,1.17751479,0.515139902,71.283366,59.5887715,1,0.626173996,71.283366,59.5887715,0.452385554
47970,4797,0.540985542,1,1.21301775,0.518909058,65.5616059,58.9453107,1,0.603285735,65.5616059,58.9453107,0.442909825
47980,4798,0.533773197,1,1.26035503,0.513433795,66.5614458,53.3793106,1,0.535436982,66.5614458,53.3793106,0.435006883
47990,4799,0.525196405,1,1.21893491,0.517964128,72.0271436,54.8273148,1,0.509317656,72.0271436,54.8273148,0.434942481
48000,4800,0.519006694,1,1.18343195,0.515931564,70.5815178,60.2592633,1,0.504859939,70.5815178,60.2592633,0.432386383
48010,4801,0.517873202,1,1.14201183,0.517079623,65.292641,58.4461136,1,0.494295605,65.292641,58.4461136,0.430080014
48020,4802,0.515994708,1,1.15384615,0.519640788,67.6856473,53.0775849,1,0.518594104,67.6856473,53.0775849,0.452132223
48030,4803,0.526551966,1,1.18343195,0.520798436,72.8119131,56.0350267,1,0.613120534,72.8119131,56.0350267,0.455245977
48040,4804,0.538207971,1,1.19526627,0.517951707,69.1971477,60.6998693,1,0.664186947,69.1971477,60.6998693,0.453958822
48050,4805,0.531030013,1,1.20118343,0.507511895,65.0238557,56.614681,1,0.576563808,65.0238557,56.614681,0.449227675
48060,4806,0.526392118,1,1.23076923,0.508360545,69.3187368,52.8627575,1,0.514694068,69.3187368,52.8627575,0.43868371
48070,4807,0.528444763,1,1.23668639,0.517545388,72.7783882,57.0426259,1,0.513206857,72.7783882,57.0426259,0.41737761
48080,4808,0.517473546,1,1.14201183,0.51645072,68.1087417,60.578019,1,0.498373207,68.1087417,60.578019,0.450539476
48090,4809,0.514790622,1,1.13609467,0.518549518,64.8695314,55.6584567,1,0.505739998,64.8695314,55.6584567,0.453093092
48100,4810,0.501977823,1,1.13609467,0.512533864,70.0324996,52.6705011,1,0.511364563,70.0324996,52.6705011,0.458864818
48110,4811,0.526258254,1,1.17159763,0.519079694,72.2392795,57.9548491,1,0.611296268,72.2392795,57.9548491,0.440509465
48120,4812,0.541900845,1,1.18343195,0.518565696,66.4760808,59.242897,1,0.635285186,66.4760808,59.242897,0.454260088
48130,4813,0.529622291,1,1.25443787,0.512236165,65.909518,53.4933056,1,0.515914802,65.909518,53.4933056,0.444418338
48140,4814,0.525545672,1,1.24260355,0.51614893,71.5499407,53.2332299,1,0.503004327,71.5499407,53.2332299,0.434339652
48150,4815,0.518833087,1,1.15976331,0.515616288,71.6228495,59.0559827,1,0.507900903,71.6228495,59.0559827,0.447939176
48160,4816,0.519943746,1,1.14792899,0.517443885,65.8478642,58.9394343,1,0.50218339,65.8478642,58.9394343,0.444320097
48170,4817,0.512673852,1,1.1183432,0.516393042,66.2261783,52.9736606,1,0.495068788,66.2261783,52.9736606,0.459827452
48180,4818,0.511838278,1,1.14201183,0.516929927,72.0232912,53.7514859,1,0.526156204,72.0232912,53.7514859,0.449927874
48190,4819,0.530754473,1,1.1183432,0.520117753,70.3874009,59.4034135,1,0.641291091,70.3874009,59.4034135,0.452608625
48200,4820,0.53647574,1,1.18934911,0.517065803,65.0794407,56.962317,1,0.605605351,65.0794407,56.962317,0.449413775
48210,4821,0.534430549,1,1.25443787,0.510031921,67.7459034,52.0658979,1,0.547943259,67.7459034,52.0658979,0.428875948
48220,4822,0.526887264,1,1.20118343,0.520239096,72.367068,55.1765219,1,0.515639408,72.367068,55.1765219,0.428504651
48230,4823,0.518370669,1,1.14201183,0.515531363,69.2924522,59.9770817,1,0.499772151,69.2924522,59.9770817,0.438519809
48240,4824,0.519273154,1,1.15976331,0.519997382,64.7381529,56.6049599,1,0.491148994,64.7381529,56.6049599,0.43590922
48250,4825,0.519899525,1,1.11242604,0.519473318,68.3177535,52.0235345,1,0.515127209,68.3177535,52.0235345,0.447233434
48260,4826,0.516232864,1,1.15976331,0.516392123,72.7980997,55.9543112,1,0.544544088,72.7980997,55.9543112,0.458480303
48270,4827,0.528339126,1,1.15384615,0.519226118,68.466489,59.8829954,1,0.612825531,68.466489,59.8829954,0.449835022
48280,4828,0.537346997,1,1.18934911,0.517162564,65.1703021,55.0070068,1,0.645974943,65.1703021,55.0070068,0.452737319
48290,4829,0.535995663,1,1.23668639,0.519890303,70.1087553,52.4205997,1,0.517425171,70.1087553,52.4205997,0.428826815
48300,4830,0.519732549,1,1.19526627,0.513782233,72.4335742,57.6816551,1,0.510283906,72.4335742,57.6816551,0.442448051
48310,4831,0.510199545,1,1.17751479,0.51082691,66.8474275,59.9049121,1,0.508403154,66.8474275,59.9049121,0.462485609
48320,4832,0.517022898,1,1.14792899,0.512407909,64.6574304,54.7543675,1,0.495540034,64.6574304,54.7543675,0.430523256
48330,4833,0.516528108,1,1.1183432,0.520297041,69.985307,52.8822156,1,0.47873218,69.985307,52.8822156,0.434402411
48340,4834,0.509659935,1,1.16568047,0.517061403,71.5783601,58.5299729,1,0.518439681,71.5783601,58.5299729,0.451394816
48350,4835,0.518622788,1,1.1183432,0.51541435,65.7124167,59.084818,1,0.633065327,65.7124167,59.084818,0.453240433
48360,4836,0.537139629,1,1.17159763,0.513904832,66.0402847,53.4524541,1,0.626787487,66.0402847,53.4524541,0.433992206
48370,4837,0.528561435,1,1.22485207,0.515184785,71.6429348,54.5272459,1,0.518223669,71.6429348,54.5272459,0.438831593
48380,4838,0.519115921,1,1.19526627,0.515501139,70.2477377,60.120416,1,0.510773761,70.2477377,60.120416,0.443427522
48390,4839,0.519272954,1,1.17159763,0.516186374,64.7216451,58.5957172,1,0.502052758,64.7216451,58.5957172,0.440967235
48400,4840,0.51261703,1,1.1183432,0.513449626,66.513265,53.0757253,1,0.488698587,66.513265,53.0757253,0.446420429
48410,4841,0.51664582,1,1.15384615,0.520434265,71.822948,55.2408245,1,0.509895374,71.822948,55.2408245,0.441087877
48420,4842,0.518398969,1,1.18343195,0.521229876,69.4391354,60.4716198,1,0.557990883,69.4391354,60.4716198,0.442182469
48430,4843,0.534303501,1,1.16568047,0.514399763,64.5923896,56.9547687,1,0.659541264,64.5923896,56.9547687,0.460634925
48440,4844,0.534367158,1,1.27810651,0.519342572,68.7831934,52.9922387,1,0.528083101,68.7831934,52.9922387,0.443656678
48450,4845,0.517965134,1,1.19526627,0.503704313,72.7507971,57.3704023,1,0.509337752,72.7507971,57.3704023,0.454498849
48460,4846,0.526475479,1,1.23668639,0.515222866,68.4067268,60.8481761,1,0.51620383,68.4067268,60.8481761,0.428053648
48470,4847,0.515375902,1,1.13609467,0.51437466,64.817326,56.296086,1,0.483299563,64.817326,56.296086,0.445923832
48480,4848,0.515710607,1,1.13017751,0.516666906,69.3012041,52.9954618,1,0.478978375,69.3012041,52.9954618,0.42828462
48490,4849,0.512922132,1,1.14201183,0.518272627,72.4177588,57.8801877,1,0.51010181,72.4177588,57.8801877,0.445712384
48500,4850,0.522458829,1,1.17751479,0.519131243,67.3162399,60.5232363,1,0.578987375,67.3162399,60.5232363,0.441964418
48510,4851,0.536153722,1,1.17751479,0.518447415,65.5326569,54.886509,1,0.664665886,65.5326569,54.886509,0.454783017
48520,4852,0.535611427,1,1.23076923,0.514544242,71.1352651,53.8855413,1,0.539196185,71.1352651,53.8855413,0.437794058
48530,4853,0.528561308,1,1.23076923,0.514862927,71.78458,59.4746348,1,0.51277071,71.78458,59.4746348,0.432821863
48540,4854,0.523350016,1,1.18934911,0.51803535,66.0842945,59.8711044,1,0.50267527,66.0842945,59.8711044,0.439542813
48550,4855,0.515652502,1,1.1183432,0.514490522,65.8509115,53.9417755,1,0.505613621,65.8509115,53.9417755,0.456455394
48560,4856,0.513478445,1,1.1183432,0.516495626,71.7376988,54.0719993,1,0.501284924,71.7376988,54.0719993,0.452940574
48570,4857,0.513354091,1,1.10650888,0.514849372,71.1588134,59.9656598,1,0.539302488,71.1588134,59.9656598,0.455540137
48580,4858,0.529635681,1,1.13609467,0.51898043,65.4130392,58.5445143,1,0.629752517,65.4130392,58.5445143,0.455301288
48590,4859,0.529837075,1,1.14792899,0.510289096,67.4257258,53.0333843,1,0.648109655,67.4257258,53.0333843,0.451319306
48600,4860,0.535500707,1,1.22485207,0.51298645,72.3603541,55.6568894,1,0.553901861,72.3603541,55.6568894,0.4298984
48610,4861,0.523210937,1,1.21301775,0.516311957,69.4452059,60.4479016,1,0.518199257,69.4452059,60.4479016,0.43139986
48620,4862,0.525884627,1,1.17751479,0.519278312,64.7655546,57.4978282,1,0.509640234,64.7655546,57.4978282,0.42553182
48630,4863,0.509570133,1,1.14792899,0.51309519,68.2146198,52.661011,1,0.497026165,68.2146198,52.661011,0.456970031
48640,4864,0.513192107,1,1.14792899,0.515060554,72.7673825,56.394269,1,0.52052009,72.7673825,56.394269,0.452899038
48650,4865,0.50746748,1,1.13017751,0.513290916,68.8495346,60.7483345,1,0.521887589,68.8495346,60.7483345,0.450557957
48660,4866,0.519845996,1,1.17159763,0.517613465,65.1239517,56.4562179,1,0.601982855,65.1239517,56.4562179,0.437192719
48670,4867,0.542892125,1,1.18343195,0.521054224,69.9195106,53.3459752,1,0.627163431,69.9195106,53.3459752,0.439681128
48680,4868,0.536021335,1,1.23076923,0.517367981,72.4377072,58.2408566,1,0.516579348,72.4377072,58.2408566,0.423434666
48690,4869,0.515549973,1,1.18934911,0.513595429,67.0281768,60.3988896,1,0.5098581,67.0281768,60.3988896,0.448007591
48700,4870,0.506600587,1,1.13609467,0.507417612,64.9921199,54.6977381,1,0.50925454,64.9921199,54.6977381,0.46567795
48710,4871,0.511644124,1,1.1183432,0.511902399,70.4886888,52.8017128,1,0.486160323,70.4886888,52.8017128,0.447261104
48720,4872,0.512814126,1,1.08284024,0.51932787,72.1127195,58.2351164,1,0.48337584,72.1127195,58.2351164,0.436224728
48730,4873,0.507169793,1,1.15976331,0.520504144,66.4921343,59.4133043,1,0.528758001,66.4921343,59.4133043,0.441749517
48740,4874,0.532466192,1,1.15976331,0.51636657,66.3978133,53.5774764,1,0.672233876,66.3978133,53.5774764,0.448968467
48750,4875,0.530834902,1,1.21301775,0.509844032,72.1107971,54.434501,1,0.554774189,72.1107971,54.434501,0.444377604
48760,4876,0.526874903,1,1.21301775,0.517206656,70.7214583,59.8442091,1,0.513937856,70.7214583,59.8442091,0.429635897
48770,4877,0.51234712,1,1.15384615,0.510851988,65.0800392,58.0370125,1,0.513574795,65.0800392,58.0370125,0.455677971
48780,4878,0.508624282,1,1.14792899,0.510364583,67.1161279,52.4080041,1,0.496238371,67.1161279,52.4080041,0.460456376
48790,4879,0.51350436,1,1.07692308,0.514433726,72.5340087,54.4978677,1,0.481484733,72.5340087,54.4978677,0.446690409
48800,4880,0.510500149,1,1.13609467,0.515457764,70.0347858,59.7775489,1,0.507377628,70.0347858,59.7775489,0.449333157
48810,4881,0.529398773,1,1.17159763,0.526356129,65.2359498,56.6079085,1,0.624581523,65.2359498,56.6079085,0.442394291
48820,4882,0.54206432,1,1.20710059,0.519157672,69.0653201,52.2413363,1,0.625352898,69.0653201,52.2413363,0.446757085
48830,4883,0.528552454,1,1.24260355,0.507954917,72.9653753,56.5881407,1,0.513737518,72.9653753,56.5881407,0.449227734
48840,4884,0.519620583,1,1.20118343,0.511989381,68.4326738,60.0612396,1,0.504789786,68.4326738,60.0612396,0.439255687
48850,4885,0.525946022,1,1.20118343,0.52033163,65.1596555,55.6585846,1,0.51303446,65.1596555,55.6585846,0.421998765
48860,4886,0.5135116,1,1.13609467,0.51359763,70.141342,52.2950006,1,0.493184375,70.141342,52.2950006,0.462376792
48870,4887,0.506391434,1,1.07692308,0.512769327,73.1727239,57.4301657,1,0.49128729,73.1727239,57.4301657,0.458704098
48880,4888,0.509081561,1,1.15384615,0.518553947,67.8653811,59.8114701,1,0.562962433,67.8653811,59.8114701,0.44746821
48890,4889,0.522214638,1,1.15384615,0.510805316,66.2629548,54.1704808,1,0.663461948,66.2629548,54.1704808,0.451090268
48900,4890,0.534210502,1,1.18343195,0.514809406,71.9262606,53.6950194,1,0.552126898,71.9262606,53.6950194,0.437171492
48910,4891,0.517964052,1,1.20118343,0.513741945,71.8739681,59.4802624,1,0.50273909,71.8739681,59.4802624,0.445036872
48920,4892,0.522846257,1,1.19526627,0.514572905,66.2552341,59.3763035,1,0.52079357,66.2552341,59.3763035,0.43228428
48930,4893,0.515586508,1,1.14792899,0.516536063,66.7167653,53.5688699,1,0.492950727,66.7167653,53.5688699,0.448134174
48940,4894,0.510473465,1,1.04142012,0.515204678,72.5485647,54.1668901,1,0.482181123,72.5485647,54.1668901,0.450952393
48950,4895,0.518070194,1,1.19526627,0.52297318,71.4793958,59.7665566,1,0.538947589,71.4793958,59.7665566,0.438524875
48960,4896,0.533384443,1,1.20118343,0.521242091,65.9711788,57.7460148,1,0.660407404,65.9711788,57.7460148,0.451316568
48970,4897,0.53700879,1,1.22485207,0.515432439,68.7851448,52.6835398,1,0.615784458,68.7851448,52.6835398,0.445537088
48980,4898,0.529217239,1,1.23668639,0.513189483,73.4838015,56.0179192,1,0.529062803,73.4838015,56.0179192,0.443196173
48990,4899,0.527712144,1,1.24260355,0.517627851,70.0456068,60.3817809,1,0.515483361,70.0456068,60.3817809,0.427352324
49000,4900,0.521358225,1,1.15384615,0.515772253,65.6294586,56.9438508,1,0.508717031,65.6294586,56.9438508,0.430506296
49010,4901,0.522114084,1,1.17751479,0.52192488,69.3281196,52.7842173,1,0.510376164,69.3281196,52.7842173,0.428169658
49020,4902,0.498947778,1,1.09467456,0.507677468,73.6023231,57.1987518,1,0.513921608,73.6023231,57.1987518,0.47266668
49030,4903,0.52208854,1,1.18934911,0.516085801,68.903248,60.6107131,1,0.585398854,68.903248,60.6107131,0.446702494
49040,4904,0.52518527,1,1.16568047,0.515858492,65.9407928,55.6041407,1,0.643287707,65.9407928,55.6041407,0.44749075
49050,4905,0.540678729,1,1.21301775,0.51552622,71.2184408,53.4480228,1,0.594086223,71.2184408,53.4480228,0.438545291
49060,4906,0.531823629,1,1.26035503,0.513472757,72.9178339,58.7203637,1,0.527473823,72.9178339,58.7203637,0.426111602
49070,4907,0.520054749,1,1.18343195,0.517564024,67.3822951,59.9753926,1,0.514458419,67.3822951,59.9753926,0.436617494
49080,4908,0.516100554,1,1.13609467,0.51464877,66.2146168,54.3124439,1,0.508748462,66.2146168,54.3124439,0.444775459
49090,4909,0.514349569,1,1.10059172,0.515280918,72.0133613,53.3744375,1,0.484809405,72.0133613,53.3744375,0.451855438
49100,4910,0.512767053,1,1.13017751,0.515123594,72.7522373,59.1526662,1,0.487063927,72.7522373,59.1526662,0.44809831
49110,4911,0.527193897,1,1.20710059,0.523857586,66.9621368,59.1438487,1,0.592177128,66.9621368,59.1438487,0.445392861
49120,4912,0.52295164,1,1.1183432,0.512831977,67.4649424,53.3401825,1,0.645199189,67.4649424,53.3401825,0.448108155
49130,4913,0.537094053,1,1.18934911,0.51197787,72.9759244,54.7747891,1,0.619334149,72.9759244,54.7747891,0.43804986
49140,4914,0.53335514,1,1.23668639,0.514384698,71.1928284,59.9202152,1,0.519711645,71.1928284,59.9202152,0.418894298
49150,4915,0.515890597,1,1.20710059,0.515352019,65.9166722,57.4961615,1,0.509773455,65.9166722,57.4961615,0.446643369
49160,4916,0.510032346,1,1.10650888,0.510807931,68.5749252,52.1147286,1,0.512758239,68.5749252,52.1147286,0.461705927
49170,4917,0.509656933,1,1.07692308,0.5115558,73.8738819,54.8743828,1,0.485694213,73.8738819,54.8743828,0.459576817
49180,4918,0.517288802,1,1.12426036,0.519132724,70.9091229,59.8369245,1,0.521832574,70.9091229,59.8369245,0.444670054
49190,4919,0.526495607,1,1.15976331,0.525177817,66.2364591,56.4166964,1,0.604774857,66.2364591,56.4166964,0.445435412
49200,4920,0.54183562,1,1.20118343,0.519473227,70.2961522,52.2896448,1,0.652724732,70.2961522,52.2896448,0.445315279
49210,4921,0.529855328,1,1.25443787,0.513028148,73.7816425,56.9671136,1,0.528666818,73.7816425,56.9671136,0.448715176
49220,4922,0.515033083,1,1.21893491,0.506809883,68.8296001,60.1634442,1,0.51179536,68.8296001,60.1634442,0.45338473
49230,4923,0.516274764,1,1.17159763,0.509114336,65.816368,55.264076,1,0.505365866,65.816368,55.264076,0.442447318
49240,4924,0.523496111,1,1.18343195,0.523239931,70.5488702,52.4768012,1,0.489642076,70.5488702,52.4768012,0.422485451
49250,4925,0.51746443,1,1.10059172,0.520335572,73.3052215,57.5428502,1,0.492466378,73.3052215,57.5428502,0.443642304
49260,4926,0.517089283,1,1.18343195,0.518456721,67.8062762,59.7466447,1,0.565885627,67.8062762,59.7466447,0.455700971
49270,4927,0.525532103,1,1.14792899,0.514351967,66.6988864,53.7784438,1,0.662016687,66.6988864,53.7784438,0.466928367
49280,4928,0.532331797,1,1.22485207,0.51238894,72.4548358,53.556312,1,0.554107691,72.4548358,53.556312,0.443094924
49290,4929,0.527833718,1,1.23668639,0.512464923,72.1813278,59.2901023,1,0.514094294,72.1813278,59.2901023,0.441562302
49300,4930,0.522115514,1,1.18343195,0.514005341,66.5457056,58.7718477,1,0.514633235,66.5457056,58.7718477,0.43533858
49310,4931,0.520105105,1,1.17159763,0.516754119,67.2366513,53.1732142,1,0.492195809,67.2366513,53.1732142,0.433931413
49320,4932,0.513575952,1,1.15384615,0.514219224,73.0117394,54.278064,1,0.490910778,73.0117394,54.278064,0.452294195
49330,4933,0.511284229,1,1.15384615,0.513335888,71.3173342,59.8966735,1,0.527021844,71.3173342,59.8966735,0.451426284
49340,4934,0.522930995,1,1.14792899,0.520682933,66.0137522,57.7459639,1,0.601628958,66.0137522,57.7459639,0.440236177
49350,4935,0.53942684,1,1.13609467,0.519939957,68.9781542,52.7614038,1,0.655027172,68.9781542,52.7614038,0.44611086
49360,4936,0.531710202,1,1.22485207,0.514772904,73.4424642,56.3340054,1,0.534941498,73.4424642,56.3340054,0.439832851
49370,4937,0.522662281,1,1.17751479,0.511172815,69.5201398,60.5526653,1,0.507487449,69.5201398,60.5526653,0.443104441
49380,4938,0.523955469,1,1.20710059,0.51910588,65.5416621,56.5838011,1,0.506868791,65.5416621,56.5838011,0.432278729
49390,4939,0.515515459,1,1.14201183,0.516812708,69.4694216,52.5331081,1,0.493810274,69.4694216,52.5331081,0.434022119
49400,4940,0.521637426,1,1.18343195,0.524631275,73.0901864,56.8013318,1,0.522346334,73.0901864,56.8013318,0.43054714
49410,4941,0.503077575,1,1.15976331,0.506631541,68.0792385,60.2987189,1,0.569758937,68.0792385,60.2987189,0.47005801
49420,4942,0.535094186,1,1.15976331,0.517503748,65.6930409,54.9672615,1,0.66249582,65.6930409,54.9672615,0.44931491
49430,4943,0.529381531,1,1.15976331,0.509619915,70.9823027,52.9180234,1,0.667475781,70.9823027,52.9180234,0.436335379
49440,4944,0.542844459,1,1.26035503,0.519105206,72.291551,58.2899743,1,0.533605655,72.291551,58.2899743,0.425322623
49450,4945,0.525784377,1,1.21301775,0.517102487,66.7928595,59.4750974,1,0.515958449,66.7928595,59.4750974,0.432688887
49460,4946,0.51874908,1,1.16568047,0.51787745,65.9162481,53.7536226,1,0.500798069,65.9162481,53.7536226,0.445249226
49470,4947,0.509499013,1,1.12426036,0.510560992,71.8930025,53.1159296,1,0.51147192,71.8930025,53.1159296,0.462359817
49480,4948,0.502083471,1,1.0887574,0.506224587,72.2795547,59.1381752,1,0.492332527,72.2795547,59.1381752,0.464202981
49490,4949,0.508933604,1,1.13609467,0.516620322,66.6147283,59.1979412,1,0.519590823,66.6147283,59.1979412,0.435780127
49500,4950,0.527756455,1,1.16568047,0.520561686,67.2652472,53.621054,1,0.633481278,67.2652472,53.621054,0.43189993
49510,4951,0.535163269,1,1.18934911,0.511944035,72.7937326,54.9797086,1,0.648668885,72.7937326,54.9797086,0.437922025
49520,4952,0.52560482,1,1.18934911,0.515516303,70.5009574,60.1553731,1,0.508420124,70.5009574,60.1553731,0.435443873
49530,4953,0.513173814,1,1.16568047,0.510076637,65.2506815,57.5583137,1,0.51143297,65.2506815,57.5583137,0.450575667
49540,4954,0.514253764,1,1.15976331,0.513971098,68.1284898,52.4862119,1,0.505938947,68.1284898,52.4862119,0.448587507
49550,4955,0.512897881,1,1.0887574,0.512952445,73.048638,55.6781813,1,0.50459707,73.048638,55.6781813,0.451142713
49560,4956,0.500716115,1,1.13017751,0.511973384,69.696727,60.5720204,1,0.478830748,69.696727,60.5720204,0.456283991
49570,4957,0.515814541,1,1.15384615,0.521504426,65.4685276,56.8811747,1,0.563935185,65.4685276,56.8811747,0.431729781
49580,4958,0.534200264,1,1.15976331,0.513930177,69.9643075,53.1397173,1,0.664866348,69.9643075,53.1397173,0.449921367
49590,4959,0.536937687,1,1.24852071,0.519390421,72.8241128,58.0058829,1,0.530167239,72.8241128,58.0058829,0.43417646
49600,4960,0.521951509,1,1.21301775,0.516038531,67.6445296,60.5675774,1,0.503617218,67.6445296,60.5675774,0.444495334
49610,4961,0.510337572,1,1.17751479,0.509968857,65.1206818,55.1944095,1,0.497906732,65.1206818,55.1944095,0.456645481
49620,4962,0.511959951,1,1.12426036,0.511044814,70.3529715,52.8299293,1,0.476695768,70.3529715,52.8299293,0.441672602
49630,4963,0.515160245,1,1.10059172,0.520526196,72.4536981,57.9368159,1,0.477474516,72.4536981,57.9368159,0.424775214
49640,4964,0.518219061,1,1.18934911,0.522263276,66.8917338,59.65353,1,0.546501233,66.8917338,59.65353,0.44775941
49650,4965,0.538278178,1,1.18343195,0.519064672,66.336885,53.6760911,1,0.663097324,66.336885,53.6760911,0.461779635
49660,4966,0.525173851,1,1.20710059,0.507391541,72.363274,54.0596199,1,0.565450765,72.363274,54.0596199,0.464506217
49670,4967,0.5309781,1,1.24260355,0.511599248,71.5867603,59.5814384,1,0.530696729,71.5867603,59.5814384,0.428934641
49680,4968,0.525641668,1,1.20710059,0.516915904,66.0506765,58.7009877,1,0.508626333,66.0506765,58.7009877,0.431204571
49690,4969,0.522791619,1,1.18934911,0.517108612,67.0159893,53.2016525,1,0.505215878,67.0159893,53.2016525,0.429493419
49700,4970,0.514950514,1,1.08284024,0.515319678,72.6488941,54.6684036,1,0.499140081,72.6488941,54.6684036,0.447748968
49710,4971,0.511299251,1,1.1183432,0.516953178,71.0955026,60.3169168,1,0.483807751,71.0955026,60.3169168,0.450632205
49720,4972,0.516037756,1,1.20118343,0.518936096,65.6539711,58.1250917,1,0.563177215,65.6539711,58.1250917,0.45125966
49730,4973,0.534647427,1,1.19526627,0.515624903,68.8599994,53.1434565,1,0.664246159,68.8599994,53.1434565,0.455702244
49740,4974,0.530735571,1,1.16568047,0.505878428,73.4147379,56.6329086,1,0.632928124,73.4147379,56.6329086,0.441366352
49750,4975,0.528391861,1,1.18343195,0.513566862,69.3427853,60.6365959,1,0.515118396,69.3427853,60.6365959,0.439272598
49760,4976,0.523893185,1,1.20118343,0.51461286,65.4575276,56.5574076,1,0.508370381,65.4575276,56.5574076,0.433337159
49770,4977,0.526268696,1,1.19526627,0.522420007,69.4656806,52.8835825,1,0.505070338,69.4656806,52.8835825,0.418240051
49780,4978,0.512723122,1,1.14792899,0.516596393,73.1577743,57.498463,1,0.502371287,73.1577743,57.498463,0.454619145
49790,4979,0.515387336,1,1.15384615,0.513986565,68.1873042,60.8133017,1,0.54126616,68.1873042,60.8133017,0.459570993
49800,4980,0.515311408,1,1.16568047,0.513620131,65.3353416,55.5673734,1,0.575541677,65.3353416,55.5673734,0.459311646
49810,4981,0.517422037,1,1.12426036,0.512199994,70.6350952,53.3052328,1,0.621352496,70.6350952,53.3052328,0.443257634
49820,4982,0.542755191,1,1.18934911,0.517006127,72.1538234,58.7229224,1,0.624419235,72.1538234,58.7229224,0.432810385
49830,4983,0.53796967,1,1.23668639,0.511516329,66.7837422,59.9405332,1,0.571599163,66.7837422,59.9405332,0.423568586
49840,4984,0.527363316,1,1.19526627,0.519354726,66.0934293,54.3789326,1,0.508791819,66.0934293,54.3789326,0.431098312
49850,4985,0.517205147,1,1.17751479,0.51554904,71.9173588,53.7395762,1,0.506098345,71.9173588,53.7395762,0.450686076
49860,4986,0.515232472,1,1.13017751,0.517590889,72.1788203,59.5764096,1,0.503260575,72.1788203,59.5764096,0.449437433
49870,4987,0.510376734,1,1.13017751,0.512210515,66.1789878,59.4256482,1,0.526142866,66.1789878,59.4256482,0.461671259
49880,4988,0.522180405,1,1.15976331,0.517052636,67.0624048,53.5735422,1,0.595146805,67.0624048,53.5735422,0.45526227
49890,4989,0.528046896,1,1.14792899,0.512289358,72.7896063,55.1461682,1,0.660549034,72.7896063,55.1461682,0.456860852
49900,4990,0.537384209,1,1.18934911,0.511011092,70.6506407,60.3212437,1,0.616610205,70.6506407,60.3212437,0.430745742
49910,4991,0.532994432,1,1.23668639,0.51784922,65.7685377,57.7876362,1,0.507832216,65.7685377,57.7876362,0.423105576
49920,4992,0.527706687,1,1.17159763,0.517689596,68.3023618,52.9305667,1,0.515222051,68.3023618,52.9305667,0.421405005
49930,4993,0.508310722,1,1.15384615,0.512867637,73.3701569,56.1568648,1,0.501581903,73.3701569,56.1568648,0.462124925
49940,4994,0.511871755,1,1.10059172,0.513212702,69.9868318,60.9650913,1,0.512547005,69.9868318,60.9650913,0.452252295
49950,4995,0.505534395,1,1.10650888,0.513217873,65.2208892,57.555253,1,0.480202188,65.2208892,57.555253,0.450779773
49960,4996,0.527808539,1,1.17751479,0.523023867,69.1685036,53.4628433,1,0.595783517,69.1685036,53.4628433,0.437390572
49970,4997,0.537319173,1,1.15384615,0.516278526,72.829733,58.0855616,1,0.653530686,72.829733,58.0855616,0.453612227
49980,4998,0.534082186,1,1.24852071,0.518107355,67.8400257,60.9064272,1,0.536088654,67.8400257,60.9064272,0.440913935
49990,4999,0.519780251,1,1.23076923,0.516237232,65.3589094,55.6175989,1,0.502869416,65.3589094,55.6175989,0.449375917
50000,5000,0.513605089,1,1.19526627,0.510116419,70.6660169,53.1818671,1,0.503470047,70.6660169,53.1818671,0.449181895
