step,mass,area,cy,cx,gyradius,anisotropy,major_axis_deg,symmetry_order,wrap_extent,harmonic_1,harmonic_2,harmonic_3,harmonic_4,harmonic_5,harmonic_6
0,0.454809143,1.0887574,64.5853061,64.5087755,0.45518649,0.298518174,70.0589069,2,0.165395408,0.0824831413,0.228424765,0.0121552905,0.0578039097,0.107530301,0.0482140296
1,0.443450857,1.0591716,65.224663,64.7724347,0.45253176,0.304711838,69.0953281,2,0.17538536,0.0793995427,0.227827292,0.0326766644,0.0485083442,0.0900075033,0.0787200222
2,0.436593829,1.0295858,65.9087845,65.0079054,0.447207485,0.299223209,68.0297494,2,0.186074758,0.0886946498,0.237831206,0.00957367622,0.0551944287,0.120664015,0.0343761609
3,0.434366493,0.99408284,66.5686131,65.2425143,0.44218526,0.286757559,67.1355471,2,0.16513458,0.0752180623,0.225343022,0.0275175669,0.0369187833,0.152070173,0.0489751171
4,0.433794265,1,67.1968192,65.4962583,0.43823537,0.270139436,66.8166791,2,0.164004036,0.0701454955,0.208110954,0.0180253503,0.0341344759,0.113552838,0.0538357248
5,0.434343564,1,67.790401,65.7598004,0.43638278,0.272235119,68.0459595,2,0.168600016,0.0747398819,0.219306866,0.0271592142,0.0324867275,0.115074974,0.0277600569
6,0.435722096,1.00591716,68.3643161,66.0185295,0.434914937,0.279595521,70.5043074,2,0.177567439,0.0652066003,0.228590711,0.0302492298,0.0459690952,0.114896745,0.0430406995
7,0.436306127,1.01775148,68.934857,66.2214423,0.434594076,0.295810675,70.3612213,2,0.186482141,0.0706029065,0.210716998,0.0326347267,0.0580277662,0.135528216,0.053174698
8,0.438509473,0.976331361,69.5026807,66.4082254,0.436431879,0.31217937,69.6431985,2,0.164104386,0.0729388072,0.228002232,0.0325578151,0.0548770946,0.13618621,0.0463905599
9,0.438352655,1,70.0687798,66.6211706,0.438314052,0.325725493,67.8251198,2,0.172949684,0.0753992559,0.218589303,0.0223484761,0.0589951878,0.105003061,0.0900640837
10,0.437008198,0.98816568,70.6424989,66.865747,0.440134453,0.332001614,67.1700533,2,0.154152297,0.0791351123,0.240297881,0.0124867386,0.0618007412,0.0906393664,0.035112826
11,0.438793989,1,71.2165967,67.0899443,0.44173864,0.325563983,68.063999,2,0.159634323,0.0698743306,0.23790253,0.0365036687,0.0636066766,0.13961818,0.042879541
12,0.438608013,1.01775148,71.8148007,67.32796,0.442105072,0.320892856,69.0254739,2,0.161374374,0.0797952869,0.210803826,0.0378665904,0.0520235297,0.141205615,0.0693138374
13,0.437222753,1,72.4352748,67.5842283,0.441532157,0.31470578,69.6245707,2,0.163051169,0.0766302349,0.212515325,0.010498228,0.0540347393,0.108053415,0.0551351813
14,0.435408234,1.0295858,73.0598375,67.83548,0.440343125,0.307945625,68.7659588,2,0.17280996,0.0759421834,0.194457812,0.0209272993,0.0563253372,0.106469083,0.0541964423
15,0.435422083,1.02366864,73.682581,68.0763034,0.438698153,0.299202169,68.3504664,2,0.166915328,0.0774024056,0.211185902,0.0277105534,0.0336017554,0.135595279,0.0394953917
16,0.434079799,0.982248521,74.3009417,68.2833406,0.436972892,0.290523478,68.2852708,2,0.160952214,0.0700036269,0.207627401,0.0253391087,0.0376736595,0.119338295,0.02484913
17,0.434789669,1.0295858,74.8920014,68.5148142,0.435995602,0.283991105,67.1974248,2,0.170187521,0.0743648515,0.191845362,0.0180246287,0.0366020862,0.118420794,0.0821989629
18,0.433018434,0.99408284,75.4486923,68.7650911,0.436570019,0.285894118,67.0352884,2,0.168204549,0.0715851158,0.207149849,0.016990461,0.0366286879,0.064109696,0.0419863033
19,0.432337353,0.982248521,76.0240415,69.0001831,0.435797391,0.274795953,68.4664768,2,0.172250648,0.0573694803,0.213085589,0.00952911455,0.0540630337,0.0979341159,0.03614578
20,0.432781001,1.01183432,76.5923882,69.2074294,0.43477617,0.272381716,69.2053873,2,0.159491085,0.0695092583,0.211109807,0.00857846751,0.0326847513,0.141107927,0.0443122081
21,0.433183644,1,77.135278,69.4206654,0.434765177,0.275287949,69.6292252,2,0.162822897,0.0662138161,0.203410682,0.0204938957,0.0332733655,0.104114515,0.0611074514
22,0.432678815,1.00591716,77.7000593,69.6542886,0.434276035,0.281755755,69.5806768,2,0.167188426,0.070332701,0.216422809,0.0230076437,0.0407238723,0.106032841,0.0259767057
23,0.433295639,1,78.2582778,69.8757524,0.433611157,0.29238969,68.7441736,2,0.17591059,0.0634238847,0.222555315,0.0183383617,0.0265792061,0.0807758964,0.0369935488
24,0.43441363,0.982248521,78.8250839,70.0784435,0.43361556,0.301853998,68.7379301,2,0.15747568,0.074497419,0.227177112,0.0196488603,0.0288939625,0.128110392,0.0345273355
25,0.438391079,0.982248521,79.3701717,70.2801829,0.435658888,0.300270848,68.4033965,2,0.162033933,0.0679934002,0.233072666,0.0205203121,0.0402695132,0.134755005,0.0152616302
26,0.439750241,0.98816568,79.9101598,70.5045845,0.438227266,0.299477894,68.2113483,2,0.164134133,0.0742115325,0.219579932,0.0138887053,0.0384939367,0.123647942,0.081493035
27,0.438883764,1.00591716,80.4679623,70.745457,0.440671068,0.303198724,68.537187,2,0.16356191,0.0744701933,0.23461378,0.0146952238,0.0386318189,0.0754894152,0.0373703253
28,0.439205232,0.98816568,81.0507013,70.9686782,0.441740501,0.300757696,68.5268767,2,0.172667208,0.0696410432,0.224062809,0.00746951434,0.0301001165,0.107680752,0.0491684485
29,0.439549411,1.00591716,81.6429788,71.183039,0.442461533,0.303252605,68.9500057,2,0.159109984,0.0793931869,0.22670623,0.0292983229,0.0293373146,0.153203269,0.0461483183
30,0.438194969,1.01183432,82.2479531,71.4156615,0.442702368,0.300618078,69.020297,2,0.162744711,0.0745604988,0.215953898,0.0179003593,0.0343672195,0.118649316,0.0333819088
31,0.436617102,1.03550296,82.8670722,71.6694932,0.441218635,0.299091551,68.6282685,2,0.169798003,0.0783951755,0.20903286,0.0298551935,0.0281694334,0.126160789,0.0594809217
32,0.43497858,1.01183432,83.4852676,71.9209268,0.439268152,0.30117911,67.5170377,2,0.179457306,0.0730423768,0.220740005,0.0149366838,0.0403535427,0.0877429741,0.0451985503
33,0.434263372,0.98816568,84.1083589,72.1562114,0.436518361,0.294971201,67.42413,2,0.158690803,0.0645649777,0.211685479,0.0312613044,0.0312249603,0.10430544,0.0303087022
34,0.4354397,0.98816568,84.7146356,72.3821953,0.435357402,0.290709792,67.0803546,2,0.167416182,0.0725669961,0.200468531,0.0364324273,0.0426171652,0.129702447,0.0652700388
35,0.436091565,1.01183432,85.270836,72.6301994,0.436619783,0.286590069,67.7433644,2,0.166096865,0.070856811,0.199695133,0.014437155,0.0417099571,0.0961869637,0.0641032114
36,0.434622951,1.03550296,85.8402565,72.8661511,0.43770262,0.282527119,68.2749524,2,0.169783611,0.0787041625,0.215796657,0.0164935907,0.0459655858,0.0977159241,0.0347395166
37,0.435314235,1.00591716,86.4091109,73.0799088,0.437393629,0.28059998,68.7448021,2,0.178267358,0.0695797012,0.220232699,0.0087500605,0.0471513422,0.126384432,0.0442824032
38,0.435212864,1.01183432,86.9717458,73.27691,0.437710762,0.288408539,68.7472417,2,0.160576719,0.0723878837,0.201638872,0.00992478098,0.051168142,0.130849196,0.0726371157
39,0.434960214,1,87.5489239,73.5091066,0.437614046,0.294145683,68.4644424,2,0.164826935,0.0735128354,0.214273944,0.00734665046,0.0527473032,0.111394168,0.0363216413
40,0.432519954,1.00591716,88.13368,73.7661298,0.436350008,0.300369968,67.7838714,2,0.17396375,0.0707832674,0.205191828,0.0177039293,0.0489190467,0.104170789,0.0520418644
41,0.433640116,0.99408284,88.7254646,73.9978882,0.435509611,0.295079722,66.9602546,2,0.156217003,0.0759183729,0.225142825,0.00824585472,0.0454796323,0.115747031,0.0397886928
42,0.435070396,0.976331361,89.2916867,74.2242107,0.435717538,0.289083914,68.3290015,2,0.160807605,0.0663310716,0.221728713,0.0260814334,0.0389345651,0.127785305,0.0184679054
43,0.437034695,1.02366864,89.8512448,74.451905,0.436770106,0.285950682,68.670962,2,0.163311016,0.0736577954,0.205454548,0.018433758,0.0324110124,0.131270173,0.0640885821
44,0.436410447,0.982248521,90.4170987,74.6886491,0.438260176,0.288264266,68.7452306,2,0.167010142,0.0718754379,0.216819447,0.0140958499,0.0394415812,0.0803541127,0.0480905698
45,0.435842596,1.01183432,90.9995465,74.9177407,0.438807958,0.286261366,68.7544108,2,0.171867914,0.0774898067,0.205869242,0.0148992238,0.0473156985,0.0892534052,0.054659342
46,0.436860099,1.00591716,91.5819841,75.1282644,0.438888258,0.289347449,68.5935825,2,0.180968501,0.0747276883,0.222751081,0.0187218097,0.031136974,0.14472896,0.0384655392
47,0.436124355,1.01775148,92.1638765,75.3327902,0.438861028,0.291191405,68.3278994,2,0.161449846,0.0702385825,0.212705977,0.0161130917,0.0274390534,0.10922371,0.0393376746
48,0.43482113,1.01183432,92.7635952,75.5755637,0.437873386,0.294018987,68.0250103,2,0.168181175,0.0747873046,0.21046541,0.0249469369,0.0344356906,0.127462633,0.0396356031
49,0.433877609,1,93.3501959,75.8304505,0.436516499,0.300010192,67.3012946,2,0.161721811,0.0683759744,0.217874998,0.00561716202,0.0302815279,0.0764832809,0.0423738329
50,0.434430037,1.00591716,93.9477989,76.0597705,0.435636101,0.291233015,67.1138454,2,0.171059358,0.0736252423,0.202415115,0.0285901274,0.0438035636,0.10090691,0.0535572515
51,0.436714484,1,94.516479,76.2900468,0.435716171,0.287274551,68.5416744,2,0.164319984,0.0695565715,0.216816989,0.0253893872,0.0430947319,0.143917652,0.041000723
52,0.437485232,1.01183432,95.0599034,76.5216117,0.437072475,0.289752863,68.9958274,2,0.164400182,0.0716672459,0.205576647,0.0066745478,0.0428957424,0.104224545,0.092854354
53,0.43591839,1,95.6240058,76.7607861,0.438446309,0.294696005,69.3555251,2,0.168137283,0.0748691227,0.225822339,0.0173246163,0.0459869035,0.0805358435,0.0250430618
54,0.436889541,1.01775148,96.1879186,76.9810048,0.43921532,0.29589992,69.5745712,2,0.174811228,0.0659340522,0.228867036,0.00679454958,0.0455702863,0.0948212083,0.0258828068
55,0.43668488,1,96.7756222,77.1776684,0.439097663,0.301526983,69.255805,2,0.159026069,0.0777120783,0.217250724,0.0256425742,0.0353628456,0.129780551,0.0665048172
56,0.436792713,0.99408284,97.36458,77.3944499,0.439047322,0.30290645,68.544461,2,0.16241328,0.0724481456,0.220554966,0.0147537694,0.0448580441,0.122614378,0.0258287567
57,0.434749202,1.00591716,97.959253,77.6392063,0.438232075,0.306150431,67.1916561,2,0.171238328,0.0755679359,0.209731257,0.0169536715,0.04487856,0.106875202,0.0905912723
58,0.434096888,1,98.5575252,77.8924566,0.436947734,0.302806903,66.6356964,2,0.16496133,0.0733073289,0.226710278,0.00504634511,0.0437643073,0.0830586723,0.0364068859
59,0.435430123,0.982248521,99.1428249,78.1169196,0.43660206,0.291557736,67.1918171,2,0.158481638,0.0629480202,0.22295413,0.029605247,0.0427929318,0.117130382,0.0291602788
60,0.437040915,1.01775148,99.7189144,78.3563138,0.43685451,0.286985119,68.6067076,2,0.161817403,0.0736074917,0.206823048,0.0291517893,0.0409448596,0.132313251,0.0624338737
61,0.436668356,1,100.287018,78.5956586,0.437637956,0.288472034,68.9814484,2,0.165557165,0.0707705999,0.207345886,0.0159366911,0.0422908456,0.0999254953,0.0537515593
62,0.434748482,1.0295858,100.862355,78.8327903,0.438223034,0.291859784,69.1101712,2,0.169724302,0.0783758125,0.220576454,0.0173653306,0.0337320777,0.111166394,0.029014152
63,0.436076357,1.01183432,101.434121,79.0492643,0.438259216,0.29129655,69.1988698,2,0.178658133,0.0704639653,0.22628319,0.011521392,0.0443975947,0.121073203,0.0502993248
64,0.436072303,1.02366864,102.011308,79.2380887,0.437995896,0.297002916,68.8009933,2,0.159970135,0.0706723574,0.207864392,0.0029422559,0.0473887888,0.130549771,0.0704170832
65,0.436491286,0.976331361,102.603459,79.4610627,0.437815072,0.298718217,67.7367843,2,0.165679053,0.0741032061,0.214715339,0.0178259037,0.0488787104,0.123469711,0.0421872535
66,0.434878559,1.00591716,103.182246,79.7212719,0.437380683,0.301718872,66.6425811,2,0.167519873,0.071124728,0.207396808,0.016344822,0.0456534803,0.104215138,0.0604306405
67,0.435343648,1.01183432,103.770801,79.9618674,0.437337777,0.293692174,66.5911111,2,0.168293763,0.0781586796,0.226390412,0.00281659888,0.0528593387,0.102816157,0.0398651621
68,0.436743015,1,104.339639,80.1861199,0.437636419,0.288602099,68.0986495,2,0.161556861,0.0679848937,0.223622908,0.0233293292,0.0436958696,0.139375364,0.0181790982
69,0.437329185,1.04142012,104.902179,80.4217741,0.438074631,0.289944859,69.1346655,2,0.16284022,0.0742951082,0.20443803,0.0149920605,0.0413600204,0.132533699,0.0790661462
70,0.435421754,0.982248521,105.480993,80.6687703,0.438533044,0.293286137,69.4479399,2,0.166699535,0.0731479072,0.217925892,0.0115182031,0.0467251387,0.0843674472,0.0410204833
71,0.43452609,1.01183432,106.065805,80.910355,0.437969623,0.293791431,69.3550062,2,0.172903202,0.0700531491,0.204387906,0.0135232485,0.0448618802,0.114055991,0.0483451555
72,0.434837266,0.99408284,106.661628,81.1215051,0.437263119,0.294374962,68.8497228,2,0.182212933,0.0749564383,0.220981184,0.0228960863,0.0290571076,0.143023867,0.0386751977
73,0.434904193,1,107.250531,81.3205229,0.436360669,0.296230882,68.0362795,2,0.16125817,0.0680260548,0.217241976,0.0204343335,0.0332186066,0.113654319,0.0231168593
74,0.434770527,1.00591716,107.841658,81.5529752,0.435735443,0.296659985,66.7110016,2,0.169400914,0.0727540793,0.208147956,0.0255225611,0.0346209517,0.128484546,0.0624376664
75,0.434916834,0.99408284,108.398071,81.811407,0.436286138,0.298228255,66.6095805,2,0.168928234,0.0689958476,0.220751548,0.00763725509,0.0325887033,0.0730183299,0.0394016539
76,0.436148969,1.00591716,108.968963,82.0392387,0.436869276,0.291109271,67.3582718,2,0.171390041,0.0744807251,0.205124539,0.0215252383,0.046795739,0.09851336,0.0478906554
77,0.438021989,1,109.530378,82.259612,0.437701343,0.293329155,68.7400186,2,0.160306438,0.0720475078,0.222507852,0.0213539573,0.0404759588,0.148375007,0.0401083353
78,0.437744414,1.02366864,110.08365,82.4947928,0.43887563,0.296783833,69.5798874,2,0.163981138,0.0727607533,0.210069405,0.00813875261,0.0421660253,0.107782893,0.0868404213
79,0.435567516,1.01183432,110.666687,82.7426162,0.439106652,0.303382533,69.9448368,2,0.166666982,0.0764841645,0.227567063,0.0186245145,0.0461391424,0.0918020657,0.0276898216
80,0.435887071,0.99408284,111.249015,82.9738619,0.43900006,0.304503211,69.5686854,2,0.175765853,0.0677276355,0.229864662,0.00775213557,0.0427369455,0.0955167916,0.0293830994
81,0.435610805,1.01775148,111.858056,83.173816,0.437980783,0.304444065,69.0621398,2,0.158965875,0.0762603375,0.209943576,0.0325680151,0.0435491969,0.118526754,0.0636594727
82,0.436698226,0.976331361,112.456569,83.3901223,0.437598129,0.301794461,67.9148419,2,0.163383889,0.0722000672,0.217977316,0.0212985747,0.0462580168,0.12980712,0.0353421874
83,0.435411576,1,113.04163,83.6361067,0.437173617,0.300963939,66.3365408,2,0.166189167,0.0732744061,0.204391142,0.0142840848,0.0497176862,0.0955772061,0.0900898155
84,0.43503754,0.99408284,113.621189,83.8966122,0.437006988,0.294447115,66.6775758,2,0.165956073,0.0742287938,0.225080549,0.00364688596,0.0468008975,0.0831480914,0.0330802611
85,0.436017744,0.99408284,114.18935,84.1143986,0.437358426,0.289325188,67.2711313,2,0.159208591,0.0641316857,0.225254562,0.025488446,0.0505567201,0.123369839,0.0321921728
86,0.437261745,1.02366864,114.751431,84.3443487,0.438102132,0.291988592,68.4223319,2,0.161630449,0.0750867158,0.208587683,0.0246596117,0.0434357831,0.131040869,0.0624164524
87,0.43598912,1,115.322692,84.5877508,0.438673995,0.295287182,69.0690772,2,0.165433607,0.0717470895,0.211835061,0.0154987619,0.0481310676,0.0987146523,0.0501471594
88,0.434305153,1.03550296,115.906283,84.8316093,0.43822908,0.299823486,69.0413886,2,0.170410664,0.0785305992,0.218671733,0.0176154994,0.0300919618,0.117348624,0.0339235982
89,0.435181872,1.01775148,116.49258,85.0556026,0.437554839,0.297314117,68.9732545,2,0.179571566,0.0714844579,0.226582079,0.0146769007,0.042136022,0.127235814,0.0506680752
90,0.43546081,1.00591716,117.077019,85.2476314,0.436899323,0.299377466,68.2510857,2,0.160119241,0.068128753,0.21303188,0.00948616206,0.0331512129,0.117196294,0.0548568435
91,0.436368816,0.982248521,117.676667,85.475097,0.436414698,0.296465318,66.7821595,2,0.166822929,0.0734494036,0.21177746,0.0243920398,0.0421206689,0.127218816,0.0419354093
92,0.435763733,0.99408284,118.236988,85.7400071,0.437302651,0.297614681,66.2446897,2,0.167812611,0.0702987471,0.209937391,0.0158671076,0.038020634,0.0976604347,0.0679288101
93,0.436261003,1.01775148,118.817287,85.9808687,0.437758271,0.289738143,66.8529224,2,0.169020108,0.0794341809,0.225886867,0.00623017471,0.051332674,0.107778506,0.0384838273
94,0.437465169,1.00591716,119.383475,86.2005805,0.438285663,0.289919402,68.2695998,2,0.162241789,0.0700105558,0.224209952,0.021461049,0.0428326853,0.14227666,0.0191405683
95,0.437408218,1.03550296,119.939971,86.4364731,0.439036593,0.293127256,69.206752,2,0.163069891,0.0748407042,0.205605109,0.00973671994,0.0429988393,0.127136202,0.0908501819
96,0.434981246,0.99408284,120.52179,86.6913782,0.439166185,0.297042181,69.7727341,2,0.167052784,0.0741824103,0.220066834,0.0141042231,0.0477876511,0.0826533083,0.0355797955
97,0.4340196,1.01183432,121.113199,86.9323468,0.438088714,0.298100015,69.3318248,2,0.173643731,0.066427524,0.21349729,0.00946912631,0.028295089,0.100448558,0.0538026165
98,0.434447741,0.99408284,121.718931,87.1454236,0.436726132,0.295154363,68.7278534,2,0.183108293,0.0749165759,0.216119907,0.0288940876,0.0265468935,0.139939428,0.0501825282
99,0.43493383,0.99408284,122.309238,87.3499806,0.435873098,0.295178386,67.6691291,2,0.161718448,0.0681321386,0.216235102,0.0201097401,0.0374410362,0.118450288,0.0233475186
100,0.435023672,1.00591716,122.897803,87.5838073,0.435431757,0.294499598,65.8543955,2,0.170278165,0.0724166207,0.206487266,0.0228638414,0.0369442796,0.120301071,0.0792480598
101,0.435391756,0.99408284,123.447458,87.8476454,0.436300769,0.295200577,66.373255,2,0.169494459,0.0699079251,0.223315385,0.00613976292,0.0341632847,0.0711044225,0.0302245241
102,0.436270114,0.98816568,124.013655,88.0737456,0.436872307,0.291063418,67.2318971,2,0.172088356,0.0657760061,0.211700646,0.00535392776,0.0442403808,0.116991095,0.0553124616
103,0.438029432,0.99408284,124.572128,88.2977179,0.437904725,0.296028136,68.6519944,2,0.160901842,0.0739819819,0.220775233,0.021522711,0.042704436,0.142991614,0.049601888
104,0.436896705,0.99408284,125.127272,88.5433271,0.439020403,0.299265305,69.5180787,2,0.164739485,0.0730585611,0.210065491,0.0128890298,0.0431084251,0.102459737,0.0733312995
105,0.434909482,1,125.712754,88.789294,0.439176368,0.304114684,69.7221595,2,0.167386778,0.077776167,0.228228766,0.0183808113,0.0471082037,0.0920721429,0.027788276
106,0.435637086,1,126.298864,89.0142014,0.438876563,0.300767723,69.3625684,2,0.176544749,0.0681618793,0.229347695,0.0126060628,0.0481781711,0.111181299,0.0404106255
107,0.435776237,1.01775148,126.903427,89.2147055,0.437755681,0.298945557,68.7215464,2,0.159604774,0.0738862611,0.204001546,0.0263021622,0.0520316452,0.129739398,0.0476499087
108,0.436370597,0.99408284,127.499441,89.4391057,0.437459208,0.296969648,67.4186455,2,0.164053759,0.0724354704,0.214711102,0.0172012605,0.048797798,0.124055999,0.0395990412
109,0.435094106,1.00591716,0.0789783488,89.6909002,0.437071418,0.299671338,65.9159148,2,0.167045316,0.0726157029,0.203221869,0.0136493535,0.0508210179,0.0945154129,0.0702191395
110,0.434915271,1,0.662112751,89.9546779,0.436606606,0.293836296,66.0377178,2,0.166595512,0.0750451833,0.225165345,0.00539023742,0.0478336302,0.0989969927,0.0423049517
111,0.435671057,0.98816568,1.2283911,90.1744585,0.436877907,0.291081099,66.9850375,2,0.159818611,0.0659474287,0.223279888,0.0267614362,0.044222983,0.122207145,0.0225769962
112,0.436922572,1.01183432,1.78587748,90.4152713,0.437728537,0.294468823,68.2999184,2,0.162738614,0.0751119005,0.207811505,0.022531195,0.0411559221,0.134152685,0.055273711
113,0.435441784,1.00591716,2.35483788,90.6715054,0.438368044,0.297441584,68.9761391,2,0.166742272,0.0715210045,0.21364641,0.0158796493,0.0458774308,0.0871591793,0.0570925591
114,0.434776332,1.01183432,2.94160608,90.9039988,0.438347395,0.294626383,68.950735,2,0.170962595,0.080231218,0.218538398,0.0166393968,0.0299225517,0.11864493,0.0318984965
115,0.435912747,1.00591716,3.52689751,91.1209492,0.437930423,0.290624719,68.8811393,2,0.180107774,0.071899234,0.223294843,0.0180533511,0.0361531386,0.144682188,0.0381824571
116,0.43629361,1.02366864,4.10428919,91.324473,0.437531391,0.291319367,68.2511663,2,0.161319891,0.0690863256,0.210037084,0.0105537882,0.0305737828,0.115014912,0.0609886199
117,0.435686987,0.99408284,4.6965453,91.561932,0.437245256,0.293406527,67.1800275,2,0.16713352,0.0739289445,0.213476752,0.0215896186,0.0403827791,0.123286634,0.032963562
118,0.434935256,1.00591716,5.2702861,91.8167777,0.436902774,0.301710122,66.3800208,2,0.169012152,0.068858726,0.21626373,0.0105113364,0.0293022864,0.0871163148,0.0592297195
119,0.435441906,1.01183432,5.85793198,92.0574559,0.436675374,0.295358829,66.5496611,2,0.169655187,0.0780241621,0.217771278,0.0248751931,0.031419788,0.126689183,0.0376412246
120,0.437237989,0.99408284,6.42284844,92.2931446,0.437157973,0.294190712,68.2182481,2,0.162857007,0.0707086656,0.221143608,0.0241529215,0.0445071182,0.137774835,0.0272738752
121,0.437226559,1.01775148,6.97038591,92.5391844,0.438379997,0.296759909,69.1204263,2,0.164674756,0.0745779173,0.207174275,0.00807737474,0.0408159124,0.109600224,0.100633295
122,0.435567376,1.00591716,7.54867738,92.7843338,0.439030074,0.295004495,69.3586362,2,0.168505215,0.0744726992,0.223984793,0.0143919304,0.0426174173,0.0719881889,0.024189039
123,0.435735708,0.99408284,8.12941508,93.0048701,0.439206299,0.290930356,69.2564409,2,0.173897111,0.0636785077,0.226653026,0.0120043247,0.0514738963,0.105940863,0.0342710909
124,0.436234621,0.98816568,8.72244611,93.2155554,0.438277306,0.290605871,69.0035911,2,0.18316322,0.0755949338,0.212188199,0.0269850858,0.0344269568,0.136546361,0.0667546514
125,0.435695635,1,9.30843641,93.4395655,0.437976275,0.289747229,68.3155203,2,0.163118212,0.0704105322,0.212457804,0.0138888233,0.042169222,0.112819758,0.0300381513
126,0.434259166,1.02366864,9.89700026,93.6824587,0.43722596,0.295315172,67.3514602,2,0.170265629,0.0749570906,0.210038409,0.0206384917,0.0334683481,0.118895166,0.0658114254
127,0.434035417,1.00591716,10.4839017,93.9270073,0.435702433,0.300042968,66.7262732,2,0.163810964,0.0701776037,0.225706727,0.00624763346,0.042164906,0.0862117506,0.0424841087
128,0.434086321,0.982248521,11.0695472,94.1470016,0.434842595,0.298653524,66.5398646,2,0.1585469,0.0639716337,0.217367283,0.01785881,0.0313336994,0.106536016,0.0380845735
129,0.437339552,0.99408284,11.6280897,94.3876739,0.435837968,0.295456438,67.8112388,2,0.162307405,0.0727496771,0.213597131,0.0256489167,0.0467722035,0.131396218,0.0528303278
130,0.437231317,1.01775148,12.1766629,94.6251646,0.437890273,0.293637833,67.8046803,2,0.166018198,0.0716686658,0.207106622,0.0177360046,0.0431054616,0.100478148,0.0586560717
131,0.436359064,1.01775148,12.7484037,94.8626802,0.439265491,0.292222294,68.362927,2,0.167943808,0.0784367904,0.22747361,0.015574357,0.0508640668,0.0866713044,0.0284372545
132,0.437442033,1.01775148,13.3155771,95.0770398,0.439798046,0.290672108,68.587392,2,0.176805892,0.0687704288,0.229254728,0.0129451755,0.0502331458,0.128081382,0.0356785512
133,0.437325376,1.0295858,13.8980602,95.285363,0.439665935,0.293515924,68.1518554,2,0.160708797,0.0752049684,0.205166373,0.0167481286,0.0506653212,0.135704284,0.0566868102
134,0.436198166,1.02366864,14.4834451,95.529854,0.439755704,0.295725642,67.967758,2,0.164528969,0.0741222738,0.216232371,0.00110372851,0.0533415552,0.109655299,0.0392714531
135,0.433861682,1.01775148,15.0798112,95.7903775,0.438150806,0.300782654,67.2986624,2,0.17312205,0.0729873643,0.203394847,0.0153202128,0.0527592574,0.101041871,0.049835236
136,0.433451989,0.98816568,15.6983383,96.0306185,0.435743581,0.300039319,66.2930328,2,0.167161535,0.0752325711,0.222836376,0.0203987139,0.04075779,0.127022515,0.0380284879
137,0.434051908,0.98816568,16.2821591,96.2594021,0.434836722,0.296814885,66.9634154,2,0.160658736,0.066271627,0.219167679,0.0322497369,0.0391779979,0.122621025,0.020717594
138,0.436987386,1.00591716,16.8443555,96.4916385,0.435939674,0.287890723,67.3586893,2,0.163931851,0.0727977719,0.203392379,0.022686132,0.0327886273,0.130332545,0.0667564214
139,0.436246913,0.982248521,17.399322,96.7402821,0.437544464,0.28807409,67.7438001,2,0.167816908,0.0706627852,0.21493405,0.0129657137,0.0365339822,0.0746847189,0.0505219927
140,0.436088276,1,17.9662908,96.9710286,0.438362538,0.286243971,68.8910842,2,0.171348295,0.0830677923,0.225076992,0.0119980604,0.0437795286,0.106055006,0.0392110494
141,0.437414328,1.00591716,18.53352,97.1791559,0.438766424,0.290854213,69.219359,2,0.180211249,0.0731878822,0.223424288,0.0167291793,0.0370976066,0.149400984,0.0332558012
142,0.436662208,1.02366864,19.1008127,97.3949084,0.439249801,0.292778204,69.0953066,2,0.162420444,0.0717268093,0.209769412,0.011682133,0.0365750447,0.113180888,0.0752572457
143,0.435233363,1.00591716,19.6863237,97.6411222,0.438978315,0.298312223,69.0902706,2,0.166973807,0.0755832833,0.219010052,0.0202422268,0.044087513,0.11258044,0.0302612933
144,0.43411379,1.01183432,20.2808109,97.8902513,0.437402777,0.305565504,68.5000424,2,0.176262671,0.0680081672,0.222411076,0.00517463364,0.0303870979,0.0836079397,0.0337631595
145,0.433354466,0.98816568,20.9008265,98.1129699,0.435135286,0.305570059,67.7371813,2,0.158015155,0.0743243885,0.207916847,0.0349082716,0.0415183303,0.108964489,0.0580205786
146,0.436166782,0.982248521,21.4813991,98.3415205,0.435164938,0.296377658,67.8937522,2,0.163771861,0.0697566154,0.217472825,0.0276925777,0.0451170074,0.136208942,0.036720958
147,0.437376281,0.99408284,22.0306655,98.5732525,0.436929912,0.29210345,67.7921146,2,0.16520707,0.0724865419,0.204715045,0.00984347683,0.0435686154,0.0991551912,0.0985849447
148,0.436253946,0.98816568,22.5964834,98.8212919,0.438134531,0.289923428,68.3492658,2,0.169082686,0.0742809049,0.225115804,0.0133180481,0.0430515654,0.0726736715,0.0209068284
149,0.437075753,0.982248521,23.1551326,99.0359109,0.439187929,0.290707383,68.8787756,2,0.174298947,0.0642066569,0.23072371,0.0136553229,0.0567193303,0.116665001,0.0422519876
150,0.437397914,1.01183432,23.7319444,99.2446211,0.439047204,0.296355377,68.8905337,2,0.160072205,0.0767348245,0.214668825,0.0243572789,0.0394425296,0.132097807,0.068578203
151,0.435972783,0.99408284,24.3079237,99.4756569,0.439643916,0.299047092,68.8671459,2,0.163682138,0.0723775794,0.215736612,0.0131431537,0.0464875724,0.109989404,0.0334190369
152,0.434078547,1.05325444,24.8973672,99.7262594,0.438612957,0.304632754,68.4910654,2,0.170271362,0.0769401608,0.214793117,0.0196888183,0.0335025626,0.119073032,0.05513877
153,0.433546701,0.99408284,25.5038905,99.9670594,0.436196516,0.306556532,67.6658528,2,0.17974829,0.0711840086,0.227513896,0.0116112277,0.0451913385,0.101627549,0.0521971491
154,0.433458111,0.98816568,26.1014698,100.178716,0.434861657,0.305755538,67.3185471,2,0.159042436,0.0643776951,0.218993647,0.0236162479,0.0289402831,0.107213972,0.0284935181
155,0.437145399,0.98816568,26.6885979,100.408346,0.435116769,0.289995918,66.7685888,2,0.167009342,0.0718213621,0.207618901,0.0303846671,0.0405395744,0.131125904,0.0540761161
156,0.437485818,1.01183432,27.2340714,100.655445,0.437289193,0.288858679,67.0038704,2,0.166491326,0.0705305484,0.206399274,0.0168600123,0.0389281148,0.0995988265,0.0614674219
157,0.436677066,1.00591716,27.8019771,100.89496,0.438706541,0.286983121,67.7150381,2,0.168780892,0.0791889264,0.226303112,0.0125569303,0.0503294613,0.0889690466,0.0363139682
158,0.437777273,1.01775148,28.3642798,101.106309,0.439522264,0.289150439,68.1042396,2,0.177566872,0.0703700848,0.227471116,0.0145941447,0.0475313527,0.133461071,0.033078062
159,0.437388549,1.01775148,28.9325388,101.318302,0.440038739,0.293775857,68.2176673,2,0.161223464,0.0754028544,0.205162902,0.0110414722,0.0505026373,0.134366776,0.0717523475
160,0.435603823,1.01775148,29.5181441,101.568175,0.440014048,0.298351843,68.5963098,2,0.165127731,0.0750784757,0.217007172,0.00664918069,0.0541413023,0.103785849,0.038532681
161,0.43342911,1.02366864,30.1159738,101.824797,0.438438605,0.30175561,67.8069094,2,0.173687091,0.071551507,0.204502111,0.0155410986,0.0472044245,0.110302971,0.0529490575
162,0.432863052,1,30.7422351,102.060826,0.435465477,0.30137394,66.9012928,2,0.157200407,0.0756321842,0.219697798,0.0258626946,0.0350339144,0.135224618,0.0291711448
163,0.433811109,0.99408284,31.3313222,102.286657,0.434407892,0.295989514,66.9529487,2,0.16142691,0.0665134875,0.217308191,0.031457061,0.0406266568,0.127711432,0.0203258976
164,0.436961326,1.00591716,31.894479,102.515197,0.435531833,0.28456074,66.9617977,2,0.164299946,0.0720086269,0.201493092,0.020348854,0.0336738958,0.123788751,0.0818818984
165,0.436418211,0.970414201,32.444502,102.766359,0.437306492,0.285443666,67.6446119,2,0.168224358,0.0709678624,0.21719365,0.0115938392,0.0339720796,0.0697337198,0.0397429352
166,0.436512322,1.01775148,33.005303,102.991385,0.438349885,0.285452193,68.7098572,2,0.17195786,0.0708088555,0.203380304,0.0132979526,0.0503602878,0.113685296,0.0373372552
167,0.437750466,1.01775148,33.5714532,103.197959,0.438852976,0.293165774,69.1130219,2,0.180803956,0.0747389984,0.222761501,0.0173195888,0.0355345507,0.148477704,0.0388401685
168,0.436483923,1.01775148,34.136868,103.418644,0.439766989,0.295595662,69.1911575,2,0.16279131,0.0724112098,0.211358483,0.0142664217,0.0358682427,0.10878056,0.0647355772
169,0.434709903,1.0295858,34.7270979,103.66847,0.439091654,0.300571013,69.417855,2,0.167610905,0.0765123845,0.219378351,0.0222292709,0.0406040778,0.11441578,0.0306140032
170,0.43384669,0.98816568,35.3254098,103.912215,0.437441891,0.30534434,68.5520223,2,0.176959529,0.0684402936,0.22426784,0.00380414594,0.0346674312,0.0827178338,0.0282841723
171,0.432868932,0.99408284,35.9473805,104.13445,0.434922193,0.305054821,67.9874333,2,0.158350786,0.070905932,0.203191308,0.0269650096,0.0557018066,0.123336197,0.0363884286
172,0.436061783,0.964497041,36.533418,104.359336,0.434747811,0.292508317,67.5664301,2,0.164584656,0.0697868764,0.213924624,0.0283447823,0.045130699,0.135132624,0.0448170348
173,0.437154556,0.99408284,37.0805905,104.59472,0.43650268,0.288776479,67.5322134,2,0.165542507,0.0713293422,0.203208068,0.0109415976,0.0431676071,0.0969237376,0.0854414628
174,0.436405718,0.99408284,37.6422229,104.84054,0.43783951,0.287224722,68.2005692,2,0.169383434,0.0746866044,0.225346367,0.0133353845,0.0452440074,0.0756454637,0.0208199099
175,0.43736177,0.98816568,38.1963438,105.051766,0.439108385,0.289340915,68.6443716,2,0.174942872,0.065320134,0.230713066,0.0129123084,0.0558711474,0.118612334,0.0388167179
176,0.437778274,1.01183432,38.7651135,105.258844,0.439499126,0.297419118,68.6634469,2,0.160294443,0.0772407095,0.213410495,0.023058613,0.0426603025,0.127497228,0.0679428074
177,0.436153061,1.01183432,39.3411306,105.49388,0.44019446,0.301511811,68.7105088,2,0.163966871,0.0733222871,0.217487915,0.0120258506,0.0499441255,0.108659858,0.0343091267
178,0.43399837,1.04733728,39.9324,105.74623,0.439060624,0.306418463,68.2286535,2,0.17081875,0.0774779317,0.213806544,0.0164882458,0.037886619,0.111360769,0.0647092335
179,0.433330257,0.99408284,40.5472079,105.98828,0.436298792,0.306702967,67.4044286,2,0.180425124,0.0724116644,0.227375171,0.0141843486,0.0453380383,0.110641503,0.0540447088
180,0.433338095,0.976331361,41.1474568,106.201547,0.434893722,0.304269132,67.0492796,2,0.159399178,0.0646652422,0.219929173,0.0296128441,0.0297028551,0.108564502,0.0184125838
181,0.437046916,0.982248521,41.7359051,106.433891,0.435111441,0.28707377,66.5600373,2,0.163029541,0.0718481112,0.204489199,0.0305380138,0.0363758811,0.132041911,0.051524826
182,0.437253779,1,42.282517,106.686231,0.43723984,0.28682464,66.9989964,2,0.166972357,0.070194941,0.207541655,0.0149190346,0.0366359635,0.0932723996,0.0658489582
183,0.436710624,1.02366864,42.8513144,106.923803,0.438540163,0.28429981,67.8040793,2,0.169551788,0.0804050886,0.225613893,0.010310129,0.0506403599,0.0904481611,0.0438065147
184,0.437977866,1.02366864,43.4131185,107.132768,0.439509027,0.289380909,68.3112763,2,0.178329977,0.0716244979,0.225803941,0.0158580067,0.0441550503,0.139238274,0.0304072051
185,0.437375468,1.02366864,43.9773558,107.347132,0.440132787,0.293592513,68.513062,2,0.161673941,0.0748056081,0.20542824,0.00573137449,0.048025297,0.129132502,0.0870751395
186,0.435399125,1.01183432,44.5637603,107.598253,0.440039801,0.299226052,69.0253584,2,0.165597708,0.0756560968,0.217486037,0.0118826665,0.0527824769,0.101596922,0.0350792951
187,0.433376531,1.02366864,45.1624035,107.853054,0.438404354,0.302783541,68.2784031,2,0.174412555,0.0697069737,0.20933786,0.0141642943,0.0351485044,0.105890458,0.0644338701
188,0.43267354,1,45.7903313,108.08405,0.435369277,0.302406541,67.4163441,2,0.157563287,0.0760269925,0.216040572,0.0303820909,0.0288605485,0.134358556,0.0370246291
189,0.43400533,1,46.3811208,108.308597,0.434386229,0.29505747,67.1622639,2,0.162205013,0.0672361061,0.216263988,0.0292392459,0.0420984333,0.131633511,0.0231863888
190,0.436699911,1.00591716,46.9404293,108.538674,0.435527022,0.28530152,67.0783388,2,0.164666781,0.0718126627,0.201365909,0.0167965802,0.0372836133,0.114269055,0.0939929839
191,0.436122971,0.976331361,47.4928065,108.791577,0.437100387,0.285261302,67.8771307,2,0.168618393,0.0714961552,0.219695903,0.0117139065,0.0346713501,0.0677622517,0.0293372957
192,0.436620604,0.99408284,48.0511577,109.011547,0.438203481,0.285628686,68.7992405,2,0.172674339,0.0605381644,0.228644791,0.0142969543,0.0561024519,0.113177023,0.0492595066
193,0.437713257,1.01183432,48.6163323,109.218411,0.438616892,0.294914831,69.181916,2,0.159662668,0.0754815315,0.221263276,0.0189284445,0.0351789762,0.145589595,0.0485332904
194,0.436196289,1.00591716,49.1827195,109.442302,0.439600031,0.297387495,69.2323358,2,0.163160972,0.0723044375,0.213089445,0.0160483926,0.037124647,0.107237753,0.0512416398
195,0.434350082,1.03550296,49.7728482,109.692678,0.438814315,0.302736496,69.3995226,2,0.168325753,0.0768302714,0.219919923,0.023003622,0.0367736692,0.118399227,0.0315573453
196,0.433721302,0.98816568,50.372148,109.931739,0.437026658,0.306174179,68.4197107,2,0.177689813,0.0688772708,0.226432072,0.00558297597,0.0393462558,0.0867276095,0.0360832092
197,0.433018984,0.99408284,50.9856983,110.147071,0.434955563,0.306179183,67.8792738,2,0.158547987,0.0682647657,0.205835393,0.0147792484,0.0550373,0.134392781,0.052315191
198,0.436471903,0.970414201,51.5739103,110.371814,0.434759427,0.291999952,67.2360294,2,0.165217349,0.0701955018,0.212606084,0.0289367068,0.0447622445,0.134108359,0.0497825258
199,0.437416696,1,52.1171949,110.611201,0.436776688,0.289094061,67.2745764,2,0.165800016,0.0710006405,0.203920842,0.0132670035,0.0423320102,0.0987196611,0.0726509928
200,0.436734575,0.98816568,52.6806839,110.855793,0.438163193,0.287654187,67.9329523,2,0.166885686,0.0756950387,0.226370641,0.012802252,0.0472468029,0.0793330582,0.0227268112
201,0.437801482,1.01183432,53.2350765,111.066481,0.439496311,0.290325447,68.3297243,2,0.17554807,0.0667783825,0.230812882,0.013527147,0.0544639268,0.121989035,0.0354436246
202,0.438088767,1.0295858,53.8040999,111.275392,0.44003213,0.298045183,68.3977768,2,0.160553002,0.0775295941,0.211177917,0.0222567312,0.0457855129,0.126891305,0.062226539
203,0.436281933,1.01183432,54.3844471,111.516746,0.440528424,0.302052153,68.59012,2,0.164324163,0.0740833191,0.217962408,0.00905624888,0.052645444,0.107098829,0.0375607125
204,0.43397688,1.04733728,54.9782489,111.771287,0.439267891,0.306205046,67.9530703,2,0.171535139,0.0772317512,0.210081849,0.0144178305,0.0463236261,0.0975657013,0.0736697511
205,0.43312839,0.98816568,55.6014136,112.015601,0.436210005,0.305171944,67.1499947,2,0.181272087,0.0735973195,0.225651793,0.0180184677,0.0437705973,0.12171602,0.050741716
206,0.433120828,0.98816568,56.2015812,112.230487,0.434743774,0.302503913,66.8452863,2,0.159851353,0.0652067155,0.219536407,0.0327073677,0.033284051,0.113564027,0.0178830681
207,0.436802335,0.982248521,56.7862611,112.463147,0.434998275,0.285420005,66.4949529,2,0.163486672,0.0717131572,0.20225257,0.0287922773,0.0328554206,0.133089554,0.0534950098
208,0.43678974,0.99408284,57.3310868,112.718478,0.437077598,0.285949978,67.1037321,2,0.167476227,0.0698802786,0.210045083,0.0128431166,0.034538169,0.0841707512,0.0635390082
209,0.43653956,1.01775148,57.8985369,112.953445,0.438175284,0.283401337,68.1669103,2,0.170289639,0.081459404,0.226047654,0.00893331227,0.0525918725,0.0907654634,0.050415835
210,0.437918267,1.01775148,58.4593081,113.159248,0.439130835,0.290507669,68.6791769,2,0.17905169,0.0723223665,0.225051705,0.0162110472,0.0411903367,0.144435433,0.0290044441
211,0.437360008,1.0295858,59.0185805,113.3755,0.439990134,0.294523651,68.9475107,2,0.162117195,0.0739610271,0.207190788,0.0047156903,0.0447067362,0.121778175,0.0919392955
212,0.435402548,1,59.603971,113.626153,0.439887404,0.301343622,69.4511914,2,0.166033639,0.075948173,0.219443751,0.0159096622,0.0508660835,0.101389558,0.0317235597
213,0.433713184,1.0295858,60.2017439,113.877532,0.438327966,0.305585573,68.6928708,2,0.175027249,0.0686912618,0.215966853,0.0108291124,0.0288418141,0.0944071438,0.054390793
214,0.43277144,0.982248521,60.829683,114.104051,0.435410694,0.305494567,67.9376187,2,0.157875804,0.0759495029,0.213378196,0.0343391205,0.0277332052,0.12615897,0.0544737677
215,0.434573553,0.99408284,61.4239626,114.325668,0.434576377,0.296149597,67.3345957,2,0.162874416,0.0681966291,0.216436898,0.0282611465,0.0428513945,0.13444622,0.0279455785
216,0.436624915,0.99408284,61.9817678,114.559246,0.435723162,0.287176132,67.1410428,2,0.164988225,0.0718196372,0.201961109,0.0142020798,0.040698491,0.105585816,0.0999954
217,0.436010393,0.99408284,62.538111,114.812005,0.437115323,0.286011721,67.8634344,2,0.168937577,0.0723004266,0.221952401,0.011632062,0.036959314,0.0688138265,0.0236119153
218,0.436803411,0.98816568,63.0941756,115.029739,0.438256125,0.286648296,68.6883966,2,0.173346494,0.0618275017,0.229609719,0.0157514829,0.0561672853,0.116534408,0.0490634416
219,0.437790993,1.00591716,63.6590021,115.238323,0.438641372,0.295900434,69.0246303,2,0.159973795,0.0762005721,0.218939814,0.0215572412,0.0364351841,0.140330617,0.0587197404
220,0.436078566,1,64.2276397,115.466842,0.439644111,0.298469119,69.1467887,2,0.163544413,0.072464272,0.214009853,0.0159856809,0.040569792,0.106759138,0.0418222199
221,0.434185451,1.04733728,64.8172227,115.717592,0.438811565,0.304117071,69.1511928,2,0.169019105,0.0773168819,0.219551442,0.0228801613,0.0335826171,0.120840982,0.0327815658
222,0.433638071,0.982248521,65.4188605,115.956788,0.436731372,0.306556868,68.3448008,2,0.178419696,0.0696397699,0.227472616,0.00914488789,0.043690831,0.0948512963,0.046562703
223,0.43307699,0.99408284,66.0248872,116.16737,0.435024848,0.307149974,67.7964762,2,0.158865155,0.0664346917,0.210679325,0.00841483771,0.0447277053,0.127973515,0.0600700984
224,0.436593827,0.976331361,66.61662,116.392947,0.434773584,0.292003036,66.8415485,2,0.165884687,0.0708111696,0.210584555,0.0295868313,0.0440085357,0.132120135,0.0524910107
225,0.43726643,1.00591716,67.159325,116.639564,0.436872623,0.289281931,67.0229388,2,0.166243187,0.0706909373,0.204231746,0.0155944948,0.0413070643,0.100760155,0.0613142219
226,0.436792122,1.00591716,67.725291,116.883231,0.438206535,0.287186407,67.606771,2,0.167582672,0.0768312182,0.2265358,0.0110711426,0.0494683509,0.0836637589,0.027683775
227,0.437953317,1.01183432,68.280639,117.093125,0.439410271,0.290080066,68.1102689,2,0.176259985,0.0680374371,0.229612624,0.0152866415,0.0520206249,0.127678269,0.0309531169
228,0.438133799,1.02366864,68.845726,117.306789,0.440107311,0.297032494,68.2587683,2,0.16104358,0.077037658,0.208566123,0.0194535433,0.0482338707,0.130888358,0.0557191792
229,0.436091792,1.02366864,69.4263844,117.555438,0.440481696,0.301638418,68.6728027,2,0.164928726,0.0744974156,0.218048399,0.00740118287,0.0541639481,0.101941667,0.0415446459
230,0.43380595,1.03550296,70.0209089,117.810334,0.43916989,0.305257392,67.9901274,2,0.172201701,0.0760835183,0.206394226,0.0138173646,0.0543081807,0.0900173465,0.0632953265
231,0.432897571,1,70.6494621,118.05469,0.43590063,0.30314308,67.3531643,2,0.166397846,0.0742545822,0.223110687,0.0231373674,0.0384397403,0.134584682,0.0406105677
232,0.43328418,0.98816568,71.2455556,118.264112,0.434702346,0.300349455,66.6863532,2,0.160376745,0.065886652,0.218316828,0.0315745146,0.0350265754,0.117578617,0.0193372132
233,0.436426396,0.982248521,71.8276639,118.498039,0.434863573,0.28522037,66.1806604,2,0.164031852,0.0716989069,0.202049859,0.026482306,0.030790632,0.131543984,0.0612402403
234,0.4361771,0.98816568,72.3689498,118.758981,0.43692745,0.28672119,66.9843721,2,0.168109072,0.0697783175,0.213957485,0.0111490517,0.0308055114,0.0758287889,0.0540423434
235,0.436589507,1.01183432,72.9343373,118.991072,0.437893493,0.284489957,68.2007731,2,0.17084902,0.0822871597,0.225988256,0.00915406469,0.0536178642,0.101841757,0.0446014715
236,0.438119515,1.01183432,73.4947246,119.196861,0.438804297,0.292799457,68.7701597,2,0.179605072,0.072915178,0.224424354,0.01790242,0.0392098388,0.147733319,0.0298025295
237,0.437411055,1.04142012,74.0499566,119.420813,0.439977058,0.296896855,69.2114073,2,0.162825199,0.0737052212,0.208915751,0.00600101185,0.0424608769,0.11376485,0.0920117226
238,0.435174611,1.00591716,74.6369076,119.674644,0.439645428,0.304050865,69.8968689,2,0.166791306,0.0762694729,0.222520976,0.0189941677,0.0485669606,0.0980595101,0.0300904596
239,0.434133554,1.01775148,75.2333625,119.920869,0.438236034,0.308320848,69.1509349,2,0.17552129,0.0677518077,0.223000907,0.00539466943,0.0325914658,0.0862267539,0.0291111169
240,0.433153181,0.98816568,75.8605221,120.142716,0.435624455,0.306414685,68.4895041,2,0.158479937,0.0746920063,0.208660848,0.0365039248,0.0386827884,0.115221367,0.06432681
241,0.435041177,0.976331361,76.4597122,120.354947,0.434858827,0.298149959,67.2723072,2,0.163433004,0.0692387028,0.216161597,0.0267921381,0.0441924256,0.133582569,0.0343946753
242,0.436247172,1,77.0171481,120.598555,0.435867707,0.2910137,66.9226926,2,0.165602417,0.0719540718,0.202769697,0.0130844544,0.0443930735,0.0971563574,0.0979302486
243,0.435938898,0.99408284,77.5759767,120.855739,0.43692167,0.288276005,67.6682794,2,0.169620915,0.0729627235,0.224434978,0.00891084974,0.0408116721,0.0727324984,0.0243546659
244,0.436921764,0.98816568,78.1297861,121.069653,0.438087047,0.28896339,68.4374444,2,0.173902908,0.0631797189,0.229582819,0.0191239932,0.0527020743,0.118010464,0.0416719083
245,0.438005018,1.00591716,78.6919574,121.285105,0.438689751,0.297426765,68.9026012,2,0.160704765,0.0764037399,0.216315908,0.0229603327,0.0412626006,0.133924429,0.0655887026
246,0.436163752,1.00591716,79.2580661,121.520845,0.439838548,0.30172386,69.2952202,2,0.164388208,0.072796906,0.214530344,0.0162989595,0.0452627874,0.104175482,0.042732551
247,0.434205127,1.04142012,79.8471407,121.768913,0.439089762,0.30673556,69.2700051,2,0.169486574,0.0784522008,0.221855133,0.0217157291,0.0328476132,0.119057742,0.0300035801
248,0.433895437,0.982248521,80.4500711,122.006342,0.437053661,0.306870086,68.7232721,2,0.178907361,0.0705339838,0.228547839,0.0141971774,0.0457323762,0.112072841,0.0535348911
249,0.433971,0.99408284,81.0498208,122.206239,0.43584727,0.304424971,67.9169091,2,0.159472491,0.0669914266,0.211984295,0.00941662835,0.0382725044,0.122903311,0.0577252501
250,0.436476444,1,81.6529037,122.432141,0.435095421,0.293723191,66.2091956,2,0.16645162,0.0717693367,0.20954194,0.0293432701,0.0417144305,0.129403419,0.0491746001
251,0.436675943,1,82.197532,122.697138,0.437025127,0.291446315,66.4559832,2,0.167142788,0.0703501586,0.20533098,0.016139188,0.0399498604,0.100649526,0.0617380034
252,0.436673433,1.0295858,82.7686563,122.942287,0.437944537,0.286881718,67.0780513,2,0.168260254,0.0780346192,0.226349953,0.00368500841,0.0512918711,0.0940571761,0.0372826752
253,0.437821291,1,83.328787,123.152968,0.438780976,0.290199539,67.9392628,2,0.177012296,0.0692163117,0.226833505,0.0198020564,0.0471379027,0.135941607,0.0207506231
254,0.437781007,1.0295858,83.8860055,123.379892,0.439715272,0.295349794,68.5790673,2,0.162185805,0.0761727586,0.206830064,0.0153664243,0.0460425738,0.13366324,0.0693094897
255,0.435387291,1.01775148,84.4656778,123.638733,0.439833729,0.301097226,69.42157,2,0.166230206,0.0743308983,0.218713754,0.0114769159,0.0524892771,0.0890441335,0.0432656352
256,0.433601971,1.01183432,85.0614927,123.888454,0.438471513,0.302557489,68.9353323,2,0.172835824,0.0719932534,0.203930055,0.013668492,0.0528308094,0.110869873,0.0387868108
257,0.433432651,1.01183432,85.6799583,124.115541,0.436154215,0.299687687,68.3235919,2,0.182499349,0.0744313538,0.219280414,0.0281048955,0.0286413378,0.14409424,0.0367028374
258,0.434188552,1,86.2735564,124.31738,0.435237466,0.296476827,67.180042,2,0.161209068,0.0670274723,0.216059678,0.0244042096,0.0343708809,0.117284405,0.0222047543
259,0.43546883,1,86.8638516,124.550565,0.434917277,0.28954386,65.4471323,2,0.164852585,0.0719321749,0.204421155,0.0254384324,0.0323703047,0.126904279,0.0699443381
260,0.435929518,0.982248521,87.4009095,124.820771,0.43668502,0.29041358,66.3476012,2,0.16907455,0.0694947901,0.219269205,0.00779907872,0.0287375119,0.0705755203,0.0368130274
261,0.436865031,1.01183432,87.9651057,125.05122,0.437495659,0.287603239,67.532358,2,0.171329777,0.074766934,0.204207359,0.0190722116,0.0479121648,0.0985574261,0.0423739772
262,0.438212351,1.00591716,88.5248098,125.266853,0.438542412,0.295726532,68.640815,2,0.160419577,0.0738635783,0.222919255,0.019610246,0.0412097568,0.145472381,0.0396343111
263,0.437091225,1.02366864,89.0776531,125.510744,0.439755363,0.299380172,69.4831649,2,0.16423037,0.0740782119,0.209296885,0.00807876809,0.0434773982,0.102971642,0.0895799434
264,0.434783319,1.00591716,89.6648415,125.767269,0.439468592,0.305372703,70.181228,2,0.166638149,0.0772537888,0.226832806,0.0183753383,0.0479777109,0.0868900205,0.0265332037
265,0.434718686,0.98816568,90.2604213,125.99674,0.438518736,0.303837133,69.4285798,2,0.175944083,0.0670763712,0.228149667,0.0117282454,0.047128635,0.104026901,0.0340745309
266,0.434693711,1.0295858,90.8749272,126.201581,0.436878283,0.298587954,68.7812911,2,0.159399707,0.0738128246,0.203760647,0.0313690696,0.048233791,0.12341976,0.0552060447
267,0.435582354,0.970414201,91.4725324,126.421836,0.436232983,0.29480132,67.4401744,2,0.163633319,0.0707483291,0.213834829,0.0184093268,0.0473687175,0.124710989,0.0373781078
268,0.435145445,1.01183432,92.0440004,126.667665,0.436280233,0.294878794,65.9756569,2,0.166682269,0.0722774466,0.202654062,0.0128252422,0.0494724254,0.0916703574,0.0845536835
269,0.435045822,0.98816568,92.6154027,126.933689,0.436175844,0.290691998,66.3941116,2,0.165865667,0.0734614795,0.22548662,0.00217978625,0.0454722561,0.0902142942,0.0401354692
270,0.436051595,0.99408284,93.1724115,127.147701,0.436936354,0.290625003,67.2038182,2,0.17456893,0.0648967741,0.225087782,0.0248671038,0.0423089883,0.113528158,0.0246728461
271,0.43752419,1.00591716,93.7263467,127.381635,0.438168762,0.296501611,68.3346746,2,0.162213045,0.0757434125,0.212344037,0.0226745534,0.0441136718,0.131433757,0.0564901002
272,0.436004411,1.01183432,94.2906749,127.635515,0.439081896,0.300564814,69.0968817,2,0.16617992,0.072138121,0.213110737,0.0186671064,0.0466591572,0.0952844818,0.0564636483
273,0.434969212,1.03550296,94.8804121,127.870474,0.439100036,0.299968819,68.8885124,2,0.170006439,0.0807029015,0.224771934,0.0172713457,0.0378431482,0.112399952,0.0282342867
274,0.435996928,1.01775148,95.4688595,0.0905930433,0.438681609,0.294299821,68.7127346,2,0.17920093,0.0715241901,0.225711513,0.0173561317,0.0409159582,0.137729109,0.0432849892
275,0.436209503,1.0295858,96.0572084,0.294760922,0.437832269,0.292849872,68.0833084,2,0.160855639,0.0698131974,0.207700432,0.00501282107,0.036495039,0.124207432,0.072390251
276,0.435972229,0.99408284,96.6590829,0.533972271,0.437196465,0.29121757,66.8903562,2,0.16654817,0.0738293038,0.211392457,0.0209046121,0.0425401697,0.122235773,0.03476031
277,0.434975673,1.01183432,97.2346642,0.794588603,0.436933121,0.298076443,66.1467438,2,0.168665447,0.0692689164,0.210274903,0.011738946,0.0319884585,0.0947706799,0.0676564673
278,0.435290369,1.00591716,97.8223813,1.04116351,0.436603651,0.291963758,66.2201085,2,0.169099708,0.0780212145,0.219167351,0.0211167297,0.0372462504,0.12761739,0.0263915586
279,0.436684175,0.99408284,98.3862287,1.27088151,0.437060919,0.292073486,67.8515071,2,0.162284823,0.0699431304,0.220353041,0.0246768976,0.0436779514,0.13538563,0.0233547702
280,0.436820177,1.02366864,98.9350309,1.51732715,0.438081008,0.295512678,68.9332208,2,0.164333237,0.0747026837,0.205936993,0.0107532456,0.0392892831,0.117231433,0.0948472129
281,0.435022876,0.982248521,99.510152,1.76655353,0.438660365,0.295239211,69.3416339,2,0.168227399,0.0734363824,0.221516463,0.0146709793,0.0422612107,0.0707546287,0.0291237233
282,0.435039923,0.99408284,100.092901,1.98902739,0.438655036,0.290598611,69.3533341,2,0.173326572,0.0626982461,0.222678878,0.0107775376,0.0449612117,0.0954727359,0.0267115048
283,0.435941736,0.98816568,100.682579,2.20045186,0.437807705,0.289591442,69.1868227,2,0.18254029,0.0745387819,0.214502244,0.0247974865,0.0319888009,0.142826983,0.0580320429
284,0.435591174,1.01775148,101.265352,2.4191664,0.437430337,0.287980013,68.3848189,2,0.162799475,0.069362094,0.211877593,0.0154234153,0.0374560633,0.111301429,0.0313946435
285,0.434552997,1.01775148,101.852816,2.66000747,0.436872411,0.293575016,67.4533687,2,0.169575248,0.0745488344,0.211823789,0.0226233508,0.0300077825,0.125131715,0.053920169
286,0.434400423,0.98816568,102.433077,2.90322059,0.43581893,0.30031752,66.8563509,2,0.163016822,0.0693269329,0.225765564,0.00443955209,0.0376680951,0.0795169853,0.0345327199
287,0.434565688,0.98816568,103.01961,3.12760746,0.43519332,0.298043589,66.8090256,2,0.158243867,0.0661302497,0.211310306,0.00463150689,0.0446811241,0.123691704,0.0579653537
288,0.437629804,0.99408284,103.578116,3.36624986,0.436205951,0.296369601,68.2569598,2,0.161972654,0.0727714184,0.216800658,0.0248281854,0.0474969595,0.134040175,0.0495926809
289,0.437529927,1.00591716,104.123216,3.60257474,0.438398464,0.295440215,68.3445137,2,0.16566523,0.0727271321,0.207295345,0.0140401363,0.0439286728,0.0980275015,0.0710460585
290,0.436257743,1,104.69915,3.8398383,0.439527238,0.294346541,68.646653,2,0.169372473,0.0776444763,0.227819859,0.0160618201,0.0496324856,0.0823940192,0.0233314716
291,0.437090098,1.01183432,105.269658,4.05645987,0.440120959,0.291751434,68.7958071,2,0.176088406,0.0678499354,0.22983076,0.012442813,0.0522233015,0.122756646,0.0367607027
292,0.437002046,1.02366864,105.859872,4.26383192,0.439628224,0.293567486,68.2894883,2,0.160372374,0.075807987,0.205541702,0.0222788875,0.0486699384,0.130856856,0.0546287984
293,0.436183654,1.02366864,106.447483,4.50654651,0.439565239,0.294402699,68.051532,2,0.164164789,0.0732743236,0.214912056,0.0039158606,0.05214641,0.112267348,0.0383587418
294,0.434085012,1.03550296,107.040782,4.76321498,0.438086224,0.299487238,67.2071745,2,0.172512224,0.0741023874,0.203324422,0.0149090615,0.0527518423,0.0919166,0.0679520765
295,0.433627928,0.98816568,107.655039,5.00854119,0.43574169,0.29885363,66.3055694,2,0.166484983,0.0742621941,0.223646103,0.016749335,0.0434248682,0.11864225,0.0450702651
296,0.433807518,0.99408284,108.241149,5.23062008,0.434689773,0.297472383,66.7763161,2,0.160017954,0.0656069383,0.220235073,0.0321676101,0.0379959634,0.11857156,0.0199981584
297,0.437032561,0.98816568,108.802548,5.46580191,0.435824449,0.289987703,67.3450322,2,0.163528155,0.073077697,0.204504872,0.0248949182,0.0347718811,0.132186969,0.0560867524
298,0.436310885,0.982248521,109.358907,5.71412692,0.437481186,0.289410443,67.6189518,2,0.167408233,0.0705362079,0.212572497,0.0144696259,0.0385983123,0.0808833502,0.059191449
299,0.435876706,1.01183432,109.927715,5.94765309,0.438409541,0.287122505,68.7579476,2,0.170745554,0.0821732175,0.225882793,0.0130843303,0.0478837186,0.099935359,0.0439949767
300,0.437206106,1.01183432,110.494973,6.15680019,0.438811548,0.290466561,69.0379975,2,0.179608952,0.0723170037,0.224678663,0.0157742401,0.0390114109,0.147366103,0.0315449232
301,0.436671964,1.0295858,111.062672,6.36925534,0.43917992,0.292038161,68.9261217,2,0.162019615,0.0718203536,0.208334699,0.00776796866,0.0393205702,0.118823395,0.0835502936
302,0.435526061,0.99408284,111.647367,6.61496642,0.439067671,0.297658714,68.84909,2,0.166365116,0.0752542137,0.218163375,0.0178549856,0.0471017592,0.110796443,0.0302266156
303,0.43407233,1.01183432,112.241707,6.86749749,0.437538449,0.305114888,68.2814365,2,0.17565167,0.0682354719,0.218457822,0.0082801175,0.0280762771,0.0895940972,0.0499326079
304,0.433544513,0.982248521,112.861626,7.09253239,0.435363921,0.30458668,67.328257,2,0.157695819,0.0761641881,0.213227916,0.0345334589,0.0289053918,0.120490558,0.0568539595
305,0.435846413,0.99408284,113.441381,7.32659891,0.435242127,0.296575708,67.978695,2,0.163146573,0.0692023626,0.218250156,0.0278441011,0.0442540162,0.135119663,0.0303741668
306,0.437428228,1.00591716,113.991423,7.55574988,0.436955381,0.291465731,67.9005408,2,0.164933592,0.0729610989,0.204507872,0.0114072347,0.0415014821,0.104629929,0.101614871
307,0.436072076,0.99408284,114.557818,7.80391745,0.43811299,0.289976062,68.3161039,2,0.16881121,0.0736270628,0.223649235,0.0130646889,0.0406264211,0.0704719468,0.0229897623
308,0.436709845,0.982248521,115.118403,8.0215821,0.43902877,0.289906458,68.9714684,2,0.17372504,0.0631492487,0.229747456,0.0135239265,0.056407313,0.113387247,0.0435967548
309,0.437174985,1,115.69689,8.23054275,0.438676418,0.294855039,68.9982079,2,0.15985223,0.0762861827,0.216134492,0.0236632828,0.036666431,0.13758619,0.0642997729
310,0.435762655,1.01183432,116.272386,8.4592258,0.439175494,0.296055857,68.9676449,2,0.163425403,0.071685072,0.214030315,0.0145936658,0.0427570496,0.109625748,0.0344374534
311,0.434083185,1.04142012,116.861436,8.70769641,0.438263412,0.301680927,68.596074,2,0.169709931,0.0764534611,0.215349896,0.0217558783,0.0313495856,0.123216303,0.0458419107
312,0.433541295,0.98816568,117.46182,8.9483,0.436067673,0.305135615,67.8134026,2,0.179090938,0.069978993,0.227021877,0.00894788321,0.0437951888,0.0940561704,0.0474655522
313,0.433341722,0.982248521,118.060132,9.16150217,0.43465304,0.305325292,67.4597326,2,0.158773471,0.0645540862,0.215687962,0.0154402017,0.0337325737,0.113837933,0.0462432887
314,0.437156902,0.982248521,118.641611,9.38952522,0.435067495,0.291331833,67.0783973,2,0.166275174,0.0714995368,0.210483168,0.0294464384,0.0433673695,0.132079846,0.0546231416
315,0.437675322,1.01775148,119.185496,9.63100091,0.437298122,0.289877457,67.1851304,2,0.166109389,0.0709137656,0.205692853,0.0166559076,0.0405192044,0.101810779,0.0590892863
316,0.436705773,1.00591716,119.752228,9.87270427,0.438825093,0.288545806,67.8537068,2,0.168003562,0.0780203999,0.226921371,0.013793015,0.0499583066,0.0858125291,0.0296783661
317,0.437758657,1.01775148,120.314248,10.0847873,0.439668517,0.289406813,68.2273355,2,0.176785123,0.0691121292,0.229025136,0.0134370233,0.0505107458,0.127979747,0.0343858061
318,0.437595353,1.01183432,120.886173,10.2947581,0.440105151,0.294976972,68.2157889,2,0.160855596,0.0762889715,0.206178219,0.0167924613,0.0505687818,0.133209211,0.0563957444
319,0.435875678,1.0295858,121.471532,10.5429338,0.44015963,0.298670835,68.5255555,2,0.164733341,0.0746266031,0.217045264,0.00273218085,0.0545392023,0.106218706,0.0399937143
320,0.433618074,1.01775148,122.067104,10.7992059,0.438730987,0.302445882,67.7064467,2,0.172923504,0.0738431325,0.20339375,0.0147758668,0.0546513357,0.0989124495,0.0498727105
321,0.432874501,1,122.694549,11.0393622,0.435618248,0.30150787,66.7146213,2,0.167102335,0.0749886729,0.222150323,0.0219352577,0.0398019442,0.130526526,0.0373971732
322,0.433595875,0.98816568,123.28442,11.2625728,0.434503245,0.297045221,66.8216056,2,0.160694057,0.0658670828,0.218114738,0.0328159515,0.0386447011,0.123471995,0.0196731715
323,0.43689903,1.00591716,123.853468,11.4934105,0.435340894,0.28397278,66.9168699,2,0.163959539,0.072033843,0.201398395,0.023552591,0.0318899258,0.129847495,0.0691039903
324,0.43649697,0.982248521,124.401346,11.7446597,0.43726162,0.285083302,67.524382,2,0.167885308,0.0705416834,0.21434656,0.0119204311,0.0341787963,0.0742023472,0.0501166795
325,0.436343,1,124.965264,11.9739544,0.438313157,0.284564534,68.6839275,2,0.171332248,0.0833773794,0.225862856,0.0112106597,0.0459460061,0.101102939,0.0442650075
326,0.437752748,1.01183432,125.530133,12.1806153,0.438957842,0.291374484,69.0512462,2,0.18015833,0.0738079358,0.223578791,0.016516834,0.0369069109,0.148486756,0.0331140979
327,0.436814214,1.02366864,126.094248,12.3978544,0.439796426,0.294345328,69.1769906,2,0.162466475,0.0726560276,0.209635842,0.011230438,0.0373923874,0.112353475,0.0774612961
328,0.435051005,1.01183432,126.683931,12.647295,0.439336845,0.299700486,69.4029957,2,0.166936426,0.0762279096,0.218951106,0.0204065517,0.044472919,0.110363191,0.0298260785
329,0.433904716,1.01775148,127.280904,12.8948926,0.437803216,0.305479601,68.6362867,2,0.176264127,0.0683635867,0.221692778,0.00514822571,0.0305751895,0.0830334056,0.0322727313
330,0.432818302,0.98816568,127.907154,13.1206499,0.43505676,0.305032577,68.0004487,2,0.158135155,0.0736161309,0.205235085,0.0345918067,0.044827366,0.109532726,0.0545715594
331,0.43560865,0.982248521,0.493217867,13.3465588,0.434813413,0.29374773,67.758245,2,0.163956529,0.069374138,0.215057798,0.0278902218,0.0447774613,0.135699298,0.0387614595
332,0.436916479,0.98816568,1.04487949,13.5792435,0.436289499,0.288414003,67.6305476,2,0.16530068,0.0716625888,0.202605756,0.010181745,0.0431483329,0.0976514333,0.0955449508
333,0.436139107,0.98816568,1.60602068,13.8271917,0.437553672,0.286558018,68.2632529,2,0.16917487,0.0738427456,0.223956314,0.0132603011,0.0425376744,0.0726926177,0.0202989813
334,0.437052233,0.982248521,2.16043893,14.0396529,0.438772932,0.288232573,68.8131883,2,0.174381858,0.0640093764,0.230078224,0.0129261212,0.0561519039,0.116255551,0.0417480489
335,0.437593492,1.01775148,2.72907988,14.2460611,0.439015748,0.296530628,68.8812667,2,0.160094704,0.0768611663,0.215218212,0.0228785345,0.0394675947,0.131337437,0.0678381913
336,0.436056003,0.99408284,3.30179366,14.4758218,0.439822355,0.300277255,68.8762698,2,0.163684716,0.0726760928,0.216458792,0.0140445738,0.0463803674,0.108829774,0.0329289874
337,0.433985895,1.05325444,3.89147377,14.7269986,0.438793511,0.305744586,68.5242882,2,0.170179278,0.0772754666,0.21604769,0.0191607091,0.03284979,0.119518636,0.0516647822
338,0.433391469,0.98816568,4.49907661,14.9671058,0.436334961,0.307251828,67.7115033,2,0.179673072,0.0712551645,0.227970416,0.0110004408,0.0449313302,0.101456117,0.0525023746
339,0.433339251,0.98816568,5.09973751,15.1795586,0.434891849,0.30547619,67.2976525,2,0.159055604,0.0644035503,0.218550551,0.0234524816,0.0285616043,0.107917311,0.0291042648
340,0.437067859,0.99408284,5.68849478,15.4100246,0.435071072,0.288906717,66.7388965,2,0.167007731,0.0716507173,0.207130135,0.030782605,0.0399013225,0.131369384,0.0536284598
341,0.437509642,1.01183432,6.23484729,15.6576955,0.437181117,0.287578779,66.9772045,2,0.166526492,0.0703577721,0.205900301,0.016631242,0.0380848443,0.0996402081,0.0615886891
342,0.436803747,1.00591716,6.8025819,15.8965129,0.438646077,0.285588355,67.6114136,2,0.168790342,0.0791223418,0.225858744,0.0118897046,0.0495824659,0.0886990436,0.0364078749
343,0.437957104,1.02366864,7.36331387,16.1074074,0.439609538,0.288790668,68.0294347,2,0.177551779,0.0704719363,0.22720907,0.0149765065,0.0473857005,0.133171688,0.0326448476
344,0.43751077,1.02366864,7.9308089,16.3193539,0.440175759,0.293894138,68.1806205,2,0.161239905,0.0757096982,0.205126051,0.0111449286,0.0503820713,0.133891515,0.0714207131
345,0.435591673,1.01775148,8.51639608,16.5698347,0.440170828,0.298793734,68.631827,2,0.165153667,0.075260714,0.216977448,0.00682338584,0.0544068805,0.103078053,0.0386792754
346,0.433374892,1.01775148,9.11499149,16.8266279,0.438553367,0.301872267,67.8500896,2,0.173671742,0.0716693117,0.204243718,0.0155047399,0.0474437941,0.110292746,0.0527842347
347,0.432711018,1,9.74279257,17.0626665,0.435476272,0.301307836,66.9255263,2,0.157229164,0.0756273399,0.21917329,0.0260478689,0.0347607215,0.135581817,0.029103363
348,0.433616859,0.99408284,10.3326716,17.2886827,0.43433694,0.295874793,66.9126212,2,0.161447994,0.0664460963,0.216832136,0.0314085794,0.0406931496,0.127778349,0.0203243149
349,0.436819216,1.00591716,10.8970642,17.5178858,0.435368286,0.283729619,66.9056173,2,0.164341965,0.0717829219,0.200923061,0.0202883928,0.0336146096,0.123351602,0.0825696232
350,0.436382304,0.970414201,11.4463897,17.7698968,0.437132663,0.28441947,67.6517891,2,0.168279638,0.0708075937,0.216914646,0.0113839252,0.0333556885,0.0693961719,0.0388721623
351,0.436521099,1.01775148,12.0062557,17.9940413,0.438228423,0.284612881,68.7092594,2,0.171972746,0.0674378409,0.207183974,0.0113277942,0.0374016902,0.114182802,0.0536677785
352,0.437825774,1.01775148,12.5706042,18.1998824,0.438832473,0.293199333,69.1233399,2,0.180790691,0.0747559933,0.222780541,0.0171777197,0.0356562861,0.148189211,0.0388953537
353,0.436561191,1.01775148,13.1348307,18.4208239,0.439823093,0.295959132,69.2269001,2,0.162825374,0.0725766871,0.211417751,0.0142928573,0.0360551136,0.108411479,0.0655947673
354,0.434704647,1.0295858,13.7250599,18.6708975,0.439171095,0.301051829,69.4686496,2,0.167579061,0.0766614617,0.219763125,0.0221306772,0.0409821371,0.11345492,0.0304737591
355,0.433808827,0.98816568,14.3241485,18.9145514,0.437498328,0.305560159,68.6029713,2,0.17693982,0.0685056516,0.22442523,0.00378482418,0.0349045311,0.0828795966,0.0281292489
356,0.432765853,0.99408284,14.9473061,19.1361903,0.434934448,0.3050393,68.0016963,2,0.158377974,0.0708836996,0.203093364,0.0268440787,0.0557185406,0.123722173,0.0364195448
357,0.435946261,0.964497041,15.5342629,19.3611523,0.434703446,0.292143654,67.5216409,2,0.164597858,0.069717126,0.213596223,0.0283196982,0.0450716082,0.13491244,0.0448650277
358,0.437067131,0.99408284,16.0814844,19.5971423,0.436435887,0.28825608,67.4934822,2,0.165580348,0.0712257069,0.202919539,0.0110871043,0.0431026718,0.0967404533,0.0849763303
359,0.436407821,0.99408284,16.6431518,19.8432599,0.437724368,0.28657411,68.1549467,2,0.169425936,0.0745870635,0.225147663,0.0130057187,0.0450750607,0.0757099294,0.0208317685
360,0.437428886,0.98816568,17.1957803,20.0537956,0.439084475,0.289124753,68.6026992,2,0.174934067,0.0652872226,0.230647347,0.0132217733,0.0557863289,0.118892734,0.038710391
361,0.437882006,1.01183432,17.7636015,20.2612119,0.439518897,0.297478921,68.6230521,2,0.160331435,0.0772876972,0.213506063,0.022940413,0.0426377903,0.127528168,0.0677927666
362,0.436208443,1.01183432,18.3390028,20.4965693,0.440263627,0.301791445,68.6915334,2,0.164008896,0.0734111071,0.217529456,0.0123292529,0.0499183674,0.108123436,0.0346291774
363,0.434019966,1.04733728,18.9303968,20.7492235,0.439142958,0.306654275,68.2377546,2,0.17078745,0.0776554541,0.214202549,0.0165108978,0.0373571989,0.11187465,0.0632103827
364,0.433324116,0.99408284,19.5455844,20.9913384,0.43637151,0.306801221,67.4340601,2,0.180399756,0.0724459993,0.227384644,0.0144291499,0.045284023,0.111608293,0.0542705422
365,0.433278252,0.98816568,20.1462295,21.2044966,0.434944492,0.304466788,67.0545794,2,0.159445259,0.0648064021,0.219667109,0.0292902048,0.02928558,0.10844296,0.0188420825
366,0.436965936,0.982248521,20.7365339,21.436705,0.435065262,0.286902935,66.4830783,2,0.163073515,0.0717927897,0.204292839,0.0305779281,0.0361198356,0.132106542,0.0511635162
367,0.437178476,1,21.2825691,21.6903306,0.437185807,0.28663068,66.9538551,2,0.167036415,0.0701067653,0.207442013,0.0147897978,0.0362510439,0.0929176946,0.0661426376
368,0.436727459,1.02366864,21.8514887,21.9279559,0.438451843,0.283903373,67.7582935,2,0.169554512,0.0803630672,0.225535705,0.009637167,0.0510497768,0.0900855069,0.0443444551
369,0.438017444,1.02366864,22.4124709,22.1364979,0.439460098,0.289346246,68.2912393,2,0.178319858,0.0715690618,0.225673196,0.0160973581,0.0440827966,0.139566223,0.029493057
370,0.437434115,1.02366864,22.9753848,22.3517647,0.440126394,0.293758366,68.5192049,2,0.161746323,0.0748927366,0.205485541,0.00587408208,0.0479557022,0.128851951,0.0874842477
371,0.435366381,1.01183432,23.5611757,22.6033914,0.440053199,0.299699457,69.0796093,2,0.165677991,0.0756514407,0.217846743,0.0121177042,0.0528552221,0.100391791,0.0351564669
372,0.433381914,1.02366864,24.1595696,22.8578601,0.43842809,0.303094481,68.3363274,2,0.174368274,0.0696235346,0.209631343,0.0140619712,0.0349005181,0.105928588,0.063963549
373,0.432655776,1.00591716,24.7876511,23.0890947,0.43537279,0.302670659,67.5288243,2,0.157642105,0.0759057522,0.215835093,0.0308753969,0.0282488402,0.134464979,0.0387217822
374,0.433932327,1,25.3800275,23.3105856,0.434346851,0.295724444,67.055817,2,0.16218793,0.0672408703,0.216376506,0.0291183447,0.0419721198,0.131401944,0.0230794265
375,0.436609646,1,25.9400968,23.5421679,0.435443933,0.285644736,66.9450259,2,0.164721373,0.0717557089,0.201486319,0.0171366049,0.0373132964,0.114090185,0.0937693425
376,0.436086181,0.976331361,26.4918252,23.7967292,0.437012665,0.285501432,67.784837,2,0.168698894,0.0713993085,0.219946401,0.0113058528,0.0342856069,0.067637481,0.0288507201
377,0.436658295,0.99408284,27.0498604,24.0164779,0.438116235,0.285781864,68.716985,2,0.172654068,0.0603466285,0.229184613,0.015552047,0.0560422123,0.116167061,0.0524943527
378,0.437792305,1.01775148,27.6139254,24.2238613,0.438602882,0.295287362,69.1540617,2,0.159747834,0.0754187947,0.221369734,0.0191618052,0.0357026897,0.145353078,0.0489731678
379,0.436251652,1,28.1792185,24.4494777,0.439633778,0.297872221,69.2534903,2,0.163273089,0.0724216244,0.213020858,0.0158627943,0.0376598202,0.106834189,0.0530734694
380,0.434394957,1.03550296,28.7689616,24.7000818,0.438882489,0.303382488,69.4635953,2,0.168265025,0.0769744657,0.22075891,0.0229884065,0.0377045012,0.116819037,0.0311467918
381,0.433783335,0.98816568,29.3684677,24.9391836,0.437105816,0.306576481,68.5328317,2,0.177632308,0.068841921,0.22685063,0.00638136432,0.0402889212,0.0884539511,0.0370483793
382,0.433055035,0.99408284,29.9824214,25.1522914,0.435033687,0.306809361,67.9298965,2,0.158629553,0.0685787668,0.205833724,0.0158843221,0.0554475051,0.134536492,0.0516217789
383,0.436391373,0.976331361,30.57279,25.3761958,0.434736507,0.292875053,67.0945215,2,0.165199844,0.0702335566,0.212705396,0.0289225311,0.0449128803,0.133671471,0.0494539852
384,0.437263154,0.99408284,31.1157762,25.6183831,0.436766597,0.2897242,67.1636496,2,0.165912236,0.0710636327,0.203973685,0.0131879701,0.0429234502,0.0981833506,0.0723594859
385,0.436726988,0.98816568,31.6797594,25.8643087,0.438060486,0.287916395,67.8054913,2,0.166871241,0.0756481263,0.226544473,0.011757913,0.0475065716,0.0796322335,0.023264603
386,0.437795202,1.00591716,32.2339558,26.0748747,0.439390855,0.29059947,68.2451158,2,0.175530559,0.0667128086,0.230810013,0.0148052747,0.0543610696,0.123484393,0.0343179119
387,0.438196394,1.0295858,32.8011394,26.2863032,0.439997413,0.298157677,68.3674832,2,0.160723487,0.0774513065,0.211209001,0.0223322029,0.0458167849,0.127791164,0.0616293681
388,0.436276787,1.01183432,33.3806289,26.5291801,0.44052095,0.302405512,68.6318371,2,0.164518438,0.074062674,0.217850467,0.00969040667,0.0526596177,0.105204931,0.0391123474
389,0.434037842,1.04733728,33.9738385,26.7835262,0.439344657,0.306311645,68.0531477,2,0.171466227,0.0775447577,0.210796854,0.0148101636,0.045188095,0.09887778,0.0710792442
390,0.433254316,0.98816568,34.596171,27.0285261,0.436340281,0.30501528,67.391391,2,0.181190172,0.0735145674,0.225461897,0.019401445,0.0426981802,0.125734165,0.0499031081
391,0.433178339,0.982248521,35.196889,27.2387177,0.434906342,0.302857225,66.8465415,2,0.159979964,0.065521224,0.219141023,0.0313780546,0.0320093786,0.112365954,0.0181167168
392,0.436611385,0.982248521,35.7858349,27.4718653,0.434895353,0.2862732,66.2026145,2,0.163622896,0.0717273849,0.202620948,0.0289308443,0.0324422664,0.132999832,0.0528778028
393,0.436505176,0.99408284,36.3277258,27.731684,0.437029624,0.287187187,66.8941953,2,0.167682563,0.0697534594,0.210739167,0.0126100125,0.033120506,0.0833163268,0.0634266183
394,0.436576825,1.01775148,36.8961364,27.9675236,0.438007021,0.283857437,67.9859391,2,0.170252131,0.0813672169,0.226189651,0.00690526639,0.0542526174,0.0928577319,0.0500580254
395,0.437968167,1.01183432,37.4564886,28.1738316,0.438946811,0.291088417,68.598904,2,0.179007634,0.0721262585,0.224862343,0.0172222395,0.0411783626,0.145335922,0.0271052777
396,0.437439629,1.02366864,38.0121841,28.3946701,0.439923827,0.295337885,68.9771646,2,0.16241672,0.0741459438,0.207280455,0.00383540496,0.0450538758,0.120615947,0.094525414
397,0.435277636,1,38.5965209,28.6474769,0.439803428,0.30274114,69.6636312,2,0.166366827,0.0758432345,0.220898288,0.0164711572,0.0508269581,0.0969330512,0.0318345221
398,0.433849319,1.01775148,39.1927953,28.897021,0.438322301,0.306563271,68.9259216,2,0.174887427,0.0680971696,0.217698112,0.00932712991,0.0286974555,0.092790211,0.0485361602
399,0.432998522,0.99408284,39.8186875,29.121408,0.435574597,0.305953648,68.2326532,2,0.158147,0.0756168752,0.213158397,0.0350397097,0.028666555,0.125803971,0.0587858355
400,0.434621099,0.98816568,40.4167838,29.3352263,0.43470922,0.297883978,67.1605534,2,0.162762247,0.0684186841,0.216811275,0.0271720685,0.0426097936,0.132802833,0.0276900647
401,0.436308191,1.00591716,40.9775875,29.5741152,0.435634146,0.289763588,66.7656933,2,0.165220549,0.0720232425,0.202840086,0.0156202403,0.04126675,0.104617136,0.0990417528
402,0.436081085,1,41.5324294,29.8323768,0.436960704,0.287734453,67.5547216,2,0.169255888,0.0721458555,0.222831615,0.00966660085,0.0366572251,0.0692112407,0.024289813
403,0.436824559,0.98816568,42.08893,30.0506841,0.438069299,0.287973257,68.4760681,2,0.173264531,0.0619815932,0.229265717,0.0187841673,0.051735729,0.115568881,0.0455817345
404,0.437911836,0.98816568,42.6518375,30.2631666,0.438605768,0.29689357,69.0189224,2,0.160361979,0.076048599,0.218717372,0.0219293225,0.0388464571,0.139322704,0.0601331449
405,0.436073016,1,43.2179358,30.4971267,0.439667568,0.299682122,69.3714328,2,0.164017605,0.072694105,0.213203761,0.0161375886,0.041780172,0.105159949,0.0468258488
406,0.434216059,1.0295858,43.8071213,30.7464953,0.438943883,0.305306934,69.4942723,2,0.16886127,0.0778516482,0.222048441,0.0228556029,0.0360387164,0.116468273,0.0298160371
407,0.433730762,0.982248521,44.4093134,30.9852765,0.436846612,0.306850714,68.8742264,2,0.178270522,0.0693943881,0.228102328,0.0123079237,0.0455609419,0.103417911,0.0494145906
408,0.433655564,0.99408284,45.0121964,31.1869224,0.435510756,0.305099192,68.1063556,2,0.159170662,0.0676135153,0.208423232,0.00845622562,0.0482163687,0.132505369,0.0628761176
409,0.436411551,0.982248521,45.6099581,31.4099787,0.434870822,0.294197067,66.5467701,2,0.165780595,0.071035891,0.211255382,0.02840965,0.0443816878,0.130123911,0.0500369183
410,0.436812057,1.01183432,46.1531997,31.6665046,0.436799181,0.291466212,66.6316437,2,0.166664134,0.0707436353,0.204296052,0.015483241,0.0432803768,0.100063108,0.0597792182
411,0.43660664,1.01183432,46.7199771,31.9145457,0.437863116,0.288290151,67.2544738,2,0.167499642,0.0766561733,0.227153558,0.00635449885,0.0505657641,0.0878100349,0.0317857669
412,0.437782347,1.01183432,47.2760779,32.1247194,0.438906313,0.291109374,67.9905272,2,0.176188718,0.0678212451,0.229110201,0.0189807961,0.0506125886,0.13079224,0.0246127978
413,0.438172555,1.0295858,47.8358642,32.3464443,0.439838715,0.297208561,68.4521015,2,0.161663192,0.0767993861,0.209148642,0.0194788055,0.0464954427,0.133306296,0.0569943083
414,0.435876291,1.02366864,48.4148553,32.6005644,0.440204582,0.30220691,69.0999352,2,0.165633818,0.0740879839,0.218187304,0.0108327582,0.0532716747,0.095010873,0.0459134882
415,0.434001025,1.02366864,49.0091052,32.8510335,0.439078477,0.304886127,68.6028475,2,0.172017269,0.076605448,0.207146005,0.015101638,0.0530172001,0.0901915513,0.0599554404
416,0.433410264,1.01775148,49.6308165,33.0903766,0.436420828,0.30193401,68.1873764,2,0.181731508,0.0739812384,0.222599374,0.0255739782,0.0334991662,0.14217195,0.037444035
417,0.434060199,1,50.2283346,33.287546,0.435377448,0.298420339,67.0553396,2,0.160742907,0.0665325278,0.216646761,0.0264721586,0.0312969562,0.113865219,0.0215308496
418,0.435741511,0.982248521,50.8233511,33.520137,0.434842246,0.28884373,65.5127258,2,0.164377141,0.0719142956,0.204141787,0.0276633235,0.0308914563,0.131039062,0.0588166078
419,0.435962289,0.982248521,51.3589783,33.7921063,0.436861045,0.289829002,66.3991946,2,0.168626661,0.0693389153,0.215918821,0.00958229308,0.0281150553,0.0748324176,0.0500368051
420,0.436815651,1.00591716,51.9268174,34.025895,0.437628961,0.285867137,67.6525771,2,0.170731522,0.0798516945,0.21693762,0.0189330238,0.0340372338,0.120130195,0.0374347986
421,0.438162216,1,52.4867823,34.2366641,0.438634678,0.293999339,68.6123297,2,0.159947876,0.0729446052,0.223871806,0.0194606447,0.0407964038,0.146653014,0.0313756674
422,0.437339419,1.03550296,53.037855,34.4738644,0.439841309,0.298075325,69.4172312,2,0.163654131,0.0743856073,0.208540053,0.00353265616,0.0440997991,0.109235133,0.0976275971
423,0.434989617,1.01183432,53.6231668,34.7319712,0.439562076,0.304886951,70.3418846,2,0.16598698,0.0765064611,0.225086487,0.0180387397,0.0482363059,0.086506578,0.0280007631
424,0.434290062,1.00591716,54.2204357,34.9702124,0.438326863,0.306342,69.6526636,2,0.175319308,0.0665429691,0.226493351,0.00849749465,0.0418821275,0.0939610834,0.0241909023
425,0.434110721,1.01183432,54.8404018,35.1778454,0.436542433,0.300426099,68.9807312,2,0.159028835,0.0747058229,0.207007986,0.0348979766,0.0401766109,0.119910758,0.0670694448
426,0.435364686,0.982248521,55.4383143,35.3926412,0.435880458,0.29613133,67.6763733,2,0.16309866,0.0699677425,0.214691016,0.0210579472,0.045016107,0.126881154,0.0336562863
427,0.435433913,1.00591716,56.012342,35.6334741,0.435981422,0.292952438,66.1503761,2,0.166148032,0.0724292544,0.202474444,0.0145265273,0.0470880913,0.0955205527,0.0946222947
428,0.435295188,1.00591716,56.5766769,35.8986999,0.436322638,0.289591046,66.811343,2,0.170292186,0.0727050567,0.224618574,0.00359256503,0.042684736,0.0801284196,0.0338750887
429,0.436287556,0.99408284,57.133969,36.1130366,0.437207562,0.2885934,67.59276,2,0.173968266,0.0638053505,0.225502692,0.0229256919,0.0432020701,0.110486003,0.0289707783
430,0.437733842,1.00591716,57.6908879,36.3390788,0.438277515,0.295251391,68.5754931,2,0.161548106,0.0757734157,0.213867274,0.0226406496,0.043816507,0.131794113,0.0621332813
431,0.436071575,1.01183432,58.2538917,36.5856848,0.439235447,0.299797803,69.3551343,2,0.165401325,0.0724408697,0.21195706,0.0186244029,0.0457543407,0.100441261,0.0507487628
432,0.43445029,1.04142012,58.8416794,36.8255772,0.439124516,0.302611383,69.2778538,2,0.16940124,0.0795724209,0.224793534,0.0194057126,0.0379709278,0.111108057,0.0278208483
433,0.435282705,1,59.4322584,37.0472591,0.438351996,0.297618806,68.8772283,2,0.178629037,0.0706827255,0.22693379,0.014273,0.0444224464,0.124262101,0.050533585
434,0.435352286,1.02366864,60.0274132,37.2453856,0.437225714,0.296296748,68.204524,2,0.16008415,0.0693038162,0.207251053,0.00282560122,0.0424499841,0.130688499,0.0702514561
435,0.436179622,0.976331361,60.631155,37.4787758,0.436452596,0.292233889,66.7442537,2,0.166111796,0.0729951726,0.210641381,0.0228775861,0.044048187,0.124843039,0.0410523711
436,0.435509615,1,61.1978033,37.7428758,0.43682272,0.294593829,66.0229936,2,0.167857434,0.0700485539,0.205618694,0.0149863538,0.0393685215,0.101757605,0.0646675328
437,0.435802026,1.01183432,61.7765351,37.9908418,0.437077176,0.288795672,66.3558602,2,0.168383361,0.0778245233,0.223801646,0.00849290566,0.0480556072,0.112180354,0.0368471605
438,0.436900918,1,62.3382978,38.2108486,0.437682201,0.290020852,67.8373381,2,0.161535903,0.0691058886,0.223098387,0.0232165677,0.0438030277,0.135494935,0.0182175295
439,0.437018728,1.04142012,62.8920442,38.4504557,0.438524611,0.294452845,68.9355923,2,0.16328837,0.0753016668,0.206015575,0.0146930051,0.0408980893,0.129944916,0.079256623
440,0.434783643,0.976331361,63.4684601,38.7077611,0.438837551,0.297673894,69.5553771,2,0.167308766,0.0732317234,0.219080469,0.0145625912,0.0458213088,0.0774041093,0.0402643509
441,0.434006904,1.01183432,64.0602731,38.9414805,0.438110799,0.294372514,69.2754224,2,0.172816767,0.0678607037,0.206322112,0.0116221541,0.0382532541,0.116074713,0.0561049554
442,0.435023127,1,64.6568745,39.1552265,0.43716039,0.290467122,68.9130509,2,0.182138664,0.0738964188,0.217197592,0.0250006912,0.0280088923,0.146924936,0.0439082706
443,0.435340251,1.01183432,65.2403485,39.3623636,0.436555792,0.289645147,67.9430816,2,0.161911931,0.0679880679,0.212967421,0.0173384116,0.0319705297,0.111654446,0.0283504913
444,0.434950199,1.02366864,65.8306289,39.5957921,0.436114105,0.293029294,66.494052,2,0.169228577,0.0733920453,0.209678014,0.0255397766,0.0306881865,0.128415038,0.0556581118
445,0.435151406,1,66.3926657,39.8546536,0.43616788,0.297515978,66.3213898,2,0.169603962,0.0688591308,0.222478653,0.00528356904,0.0313969466,0.0735848949,0.0320335458
446,0.436013792,0.99408284,66.9664454,40.0877116,0.436493342,0.292388828,67.0026642,2,0.171350709,0.0716263935,0.203749645,0.0177840768,0.0563059964,0.116675829,0.0322087315
447,0.438013145,0.99408284,67.5247597,40.3179079,0.437533311,0.296088768,68.5885729,2,0.161217311,0.07315265,0.22074882,0.0219843995,0.0453184998,0.140487785,0.0424663483
448,0.437276733,1.01775148,68.0727065,40.5657886,0.43896128,0.299568659,69.3799469,2,0.165090447,0.0739589213,0.208451644,0.00842637571,0.0447839306,0.097828366,0.0888562906
449,0.435604922,1,68.6554607,40.8074607,0.439554335,0.299773146,69.5711736,2,0.168866574,0.0771166867,0.227583323,0.0166333749,0.0478429041,0.0802655078,0.0215109591
450,0.436099084,0.98816568,69.2376143,41.0259541,0.439735926,0.295193236,69.2593541,2,0.175587723,0.0669844493,0.228909862,0.0117811024,0.0518351909,0.114525682,0.0371851223
451,0.436005667,1.01183432,69.8403937,41.2315588,0.438611541,0.293892941,68.584249,2,0.159868106,0.0754764228,0.20514196,0.0276930952,0.0454499678,0.126263111,0.0614863191
452,0.436025522,0.982248521,70.4301026,41.4646662,0.438334024,0.292595988,67.8504912,2,0.163510409,0.0719351224,0.213439379,0.00943379543,0.0492084649,0.117382244,0.0351182937
453,0.43413253,1.03550296,71.0194689,41.7138711,0.437043856,0.298041605,66.6151007,2,0.172179201,0.0736728283,0.203616611,0.0144171753,0.0499336853,0.0914310982,0.0824020662
454,0.433979167,0.98816568,71.6163109,41.9658222,0.435513895,0.29657041,65.9461879,2,0.165879858,0.0731855131,0.224459576,0.00968642176,0.0457084661,0.10175051,0.0469839627
455,0.434489443,0.98816568,72.1876351,42.186782,0.435359129,0.294536861,66.6633723,2,0.159181798,0.0648541495,0.221712832,0.0288600068,0.0374225583,0.112624631,0.0202074919
456,0.437102297,1.00591716,72.7439831,42.4296594,0.436408354,0.294397802,67.923862,2,0.162963429,0.0739425926,0.208408031,0.0245575937,0.0407762431,0.131335573,0.0513175023
457,0.43628501,0.99408284,73.3041831,42.6769915,0.437870577,0.293900381,68.1225823,2,0.166827992,0.0708830126,0.211006654,0.0179808375,0.0422366208,0.0901587057,0.0623666297
458,0.435641946,1.00591716,73.8810099,42.9087166,0.438785423,0.291107225,68.6565994,2,0.17001578,0.0810789697,0.225727588,0.0150702989,0.0466335358,0.100881244,0.0385261142
459,0.436952885,1.00591716,74.4524422,43.1224767,0.43891897,0.290466998,68.8675792,2,0.178944409,0.0711894199,0.225948539,0.0151818858,0.0412734519,0.14192012,0.0351667537
460,0.436879286,1.0295858,75.0272491,43.3314104,0.438834284,0.290968001,68.4738371,2,0.161428287,0.0716300244,0.20654764,0.00285832322,0.0422369298,0.126930671,0.0848798903
461,0.435963585,0.99408284,75.6134799,43.5743632,0.438863391,0.294836195,68.0102142,2,0.165835623,0.0746928787,0.216158951,0.0143944977,0.0487291821,0.112329014,0.0323988751
462,0.434057073,1.0295858,76.2077366,43.8337111,0.437219363,0.302884086,67.5043365,2,0.175120884,0.0688157413,0.21293113,0.0115395522,0.0316206659,0.0990821551,0.0648538276
463,0.434008042,1.00591716,76.8177857,44.0636453,0.43566489,0.300869931,66.4925755,2,0.169027902,0.0770486122,0.218796263,0.0278435806,0.0317903607,0.131503911,0.03236061
464,0.435799733,0.99408284,77.3896886,44.3041858,0.435629022,0.295497803,67.9754803,2,0.162338884,0.0687336034,0.219242411,0.0279336542,0.0436424568,0.132339896,0.0247461514
465,0.437277535,1,77.9398995,44.5355159,0.437223195,0.29240032,68.2447064,2,0.164617436,0.0736361212,0.205360187,0.0137004212,0.0378979758,0.114509661,0.0956312399
466,0.435856336,0.99408284,78.5088857,44.7803092,0.43825038,0.291134111,68.5314857,2,0.168442331,0.0727854586,0.221905603,0.0130553671,0.0394427018,0.0695504392,0.028444588
467,0.436308793,0.99408284,79.0767511,45.0022617,0.438915517,0.288867559,69.2229156,2,0.173074236,0.0619196887,0.226830933,0.0122838739,0.052512267,0.10381181,0.0354048963
468,0.437063329,1,79.6557749,45.2121875,0.438572813,0.29258411,69.3311978,2,0.182121483,0.0752961685,0.217996478,0.0221001333,0.0343283906,0.144401397,0.0550438621
469,0.435898955,1.01183432,80.2330764,45.4354371,0.438677627,0.292836766,68.997081,2,0.163053705,0.0708041056,0.212836286,0.0159055432,0.0380684507,0.109946048,0.0387162315
470,0.434532134,1.03550296,80.8200926,45.6787887,0.438135236,0.298301804,68.5161141,2,0.169063947,0.0758451495,0.215860019,0.0227802591,0.0316057169,0.12508206,0.0404710779
471,0.433833152,0.98816568,81.4167252,45.9199564,0.436201297,0.303855904,67.6526622,2,0.162761332,0.069089069,0.2264815,0.00552500665,0.0398078827,0.0850596641,0.0378647791
472,0.433571397,0.99408284,82.0179237,46.1371462,0.434730715,0.304169956,67.3224419,2,0.158392909,0.0659591914,0.210896871,0.00696337165,0.0463858347,0.127263509,0.0589666381
473,0.437269194,0.98816568,82.5899236,46.3682924,0.435344622,0.294310815,67.6392215,2,0.165467556,0.0714529858,0.214345092,0.0282040161,0.0456451483,0.13441838,0.0519634598
474,0.437741888,1.00591716,83.1365116,46.6026805,0.437443977,0.292139794,67.5704596,2,0.165666884,0.0715848878,0.205989968,0.0144154844,0.0426389643,0.100711593,0.0679134882
475,0.436629343,1.01183432,83.7012607,46.8445249,0.43906816,0.291133825,68.248476,2,0.169445701,0.0770064479,0.227500018,0.0151955191,0.0490261754,0.0818506617,0.0242172322
476,0.437569532,1.01775148,84.2650001,47.0589173,0.439857476,0.290813679,68.5960846,2,0.176015626,0.0676369715,0.230608664,0.0118961737,0.0532048189,0.121915003,0.0366495905
477,0.437476094,1.01775148,84.8440401,47.2649844,0.439936306,0.29616401,68.427026,2,0.160390382,0.0766825416,0.208369081,0.0216658372,0.0485624616,0.128268396,0.0568097572
478,0.436177674,1.00591716,85.4288469,47.5074432,0.440063639,0.298972925,68.5047065,2,0.1641788,0.0738065733,0.217234678,0.00430636209,0.0533973714,0.111229868,0.0380091472
479,0.433981374,1.03550296,86.021597,47.7622034,0.438717546,0.303969973,67.6933548,2,0.172212453,0.0753235351,0.206011164,0.0143734054,0.0527632691,0.0915261345,0.0732073897
480,0.433271935,0.98816568,86.6429583,48.0054662,0.435967689,0.30276877,66.6910879,2,0.166296223,0.0742806443,0.225004799,0.0169839837,0.0444764121,0.119015313,0.0473942528
481,0.433782805,0.99408284,87.2349714,48.2260543,0.434766216,0.299334212,66.9058492,2,0.159921429,0.065243281,0.220198959,0.0335884479,0.0375861232,0.119422293,0.0195712797
482,0.437051536,0.99408284,87.8067159,48.4598066,0.435562253,0.286879529,67.2007401,2,0.163434478,0.0723991852,0.202971938,0.0266048018,0.0338201411,0.132753054,0.0573121429
483,0.436816735,0.98816568,88.3598386,48.7077896,0.437398295,0.286814609,67.5972283,2,0.167309213,0.0704967713,0.211613578,0.0128579333,0.0374894525,0.0822523011,0.0599885116
484,0.436143719,1.01775148,88.9272937,48.9410484,0.438498598,0.285467297,68.7087867,2,0.170738963,0.0819901093,0.224790767,0.0131102169,0.0441943124,0.102708184,0.0408958023
485,0.437422401,1.01183432,89.4946543,49.1491341,0.439048994,0.290172337,68.9917132,2,0.179603973,0.0728876587,0.224662338,0.0155620956,0.039021517,0.145603997,0.0330274118
486,0.436791863,1.0295858,90.0616064,49.3592025,0.439599891,0.293123961,69.0396377,2,0.161862539,0.0724974812,0.20836828,0.00797720144,0.0396544714,0.118582368,0.082391536
487,0.435405891,1,90.6496966,49.6052877,0.439368984,0.298625955,69.0633753,2,0.16640151,0.0757630999,0.2172207,0.0179486703,0.0474220761,0.111551383,0.030367178
488,0.433849701,1.02366864,91.2464021,49.8567782,0.437798821,0.304962538,68.3480419,2,0.175725033,0.0687431459,0.216933149,0.00957974665,0.0285199401,0.0893863203,0.0528639035
489,0.433242577,1,91.8683552,50.0839606,0.435404332,0.303156321,67.3652115,2,0.157561884,0.076316117,0.212109368,0.0335936342,0.0289775063,0.120975487,0.0552900973
490,0.435347248,1,92.449918,50.3199597,0.435062859,0.294392622,68.126953,2,0.163279969,0.0688484126,0.216971006,0.0279924717,0.0440984956,0.136728427,0.031254408
491,0.437172848,0.99408284,93.0026254,50.5466293,0.436463962,0.288392208,68.0893428,2,0.164791083,0.0722060832,0.202923276,0.0101595747,0.0410290235,0.104665949,0.101422123
492,0.435985998,1,93.5662699,50.7916934,0.437757436,0.28728476,68.5228389,2,0.16862021,0.0733307216,0.222554623,0.0138978954,0.0400783479,0.0712717098,0.0231693982
493,0.436723255,0.98816568,94.125235,51.008571,0.438791357,0.287979055,69.1492543,2,0.173831797,0.0633841601,0.228061749,0.0106757537,0.0527970389,0.105358086,0.0367376062
494,0.437187063,1.01183432,94.6997252,51.2128796,0.438733178,0.294896492,69.1374933,2,0.159576243,0.0766164393,0.217168366,0.0223405908,0.0347073675,0.137456336,0.0618930126
495,0.435916442,1.00591716,95.2762133,51.4357756,0.439218332,0.297146679,68.9890403,2,0.163058994,0.0718539921,0.21561494,0.0148984069,0.0418098845,0.110726143,0.0305764361
496,0.434023849,1.03550296,95.8678808,51.682561,0.438326134,0.302398427,68.4595159,2,0.169810637,0.07634733,0.214285905,0.0211049183,0.0324619772,0.123049332,0.0530049602
497,0.433273028,0.98816568,96.4700837,51.923379,0.436093771,0.306059347,67.5608875,2,0.179220058,0.0704153369,0.226956331,0.00682363149,0.042353404,0.0875338803,0.0430775217
498,0.433443983,0.982248521,97.0710131,52.140619,0.434673473,0.302457015,67.2602613,2,0.158447172,0.0631574967,0.217206358,0.0198090796,0.0312150324,0.10795918,0.0358473003
499,0.436935146,0.98816568,97.6474128,52.3759188,0.435108438,0.289408884,67.6229898,2,0.166365825,0.0714453035,0.210000839,0.0301334741,0.0429060042,0.132816212,0.0566507067
500,0.437732396,1.00591716,98.1963079,52.6094829,0.437067794,0.287851426,67.57995,2,0.16577317,0.0705550709,0.205364795,0.0171155041,0.0391956994,0.103136571,0.0577988602
501,0.436454159,1.00591716,98.7621963,52.8479855,0.438781238,0.287421498,68.200866,2,0.168159318,0.0778428186,0.225702054,0.0158747259,0.047054682,0.0889021853,0.0302895312
502,0.437712642,1.01775148,99.3218758,53.0603357,0.439705048,0.289236951,68.5025023,2,0.17690431,0.0692067078,0.229095907,0.0110669023,0.0500692268,0.121980351,0.0401048528
503,0.437510976,1.01183432,99.897262,53.2612011,0.440055823,0.295758623,68.3517671,2,0.160331267,0.0762885169,0.206153054,0.0167292285,0.0525460561,0.131100461,0.0520423236
504,0.436275744,1.01183432,100.483648,53.5014729,0.440104658,0.299851515,68.4012899,2,0.164085514,0.0748934419,0.217312342,0.00243489566,0.0544085501,0.113238156,0.0384531574
505,0.43372352,1.02366864,101.07982,53.7590253,0.438614371,0.30476748,67.568818,2,0.173122193,0.0738706877,0.204286942,0.0138798958,0.053985715,0.0985166081,0.0555928092
506,0.433086671,1,101.702796,53.99996,0.436128523,0.300698869,66.3629834,2,0.167231182,0.0758485663,0.223832698,0.0149910485,0.0462135937,0.118296114,0.0427677208
507,0.434317012,0.98816568,102.286606,54.2296621,0.435351563,0.29228352,67.3239301,2,0.160728211,0.0657970875,0.218364579,0.0318903868,0.0403045201,0.128468053,0.0200513159
508,0.436463027,1.01775148,102.856081,54.4669481,0.435795635,0.284594967,67.9275407,2,0.163546064,0.0723891407,0.201269536,0.0224066106,0.0333679228,0.131155612,0.0692271251
509,0.4364294,0.970414201,103.417891,54.7083573,0.437192415,0.284105732,68.2365783,2,0.167318082,0.0707330807,0.21265977,0.0110678826,0.038438908,0.0779966145,0.0503780513
510,0.43580061,1.00591716,103.98461,54.9390683,0.438181516,0.283071737,69.196103,2,0.171634532,0.0787489962,0.209616298,0.0143655855,0.0373439627,0.102673801,0.0556355616
511,0.437176964,1.00591716,104.552008,55.1452637,0.438710922,0.289515788,69.2307047,2,0.180500122,0.073960798,0.22316271,0.0159229186,0.0347966117,0.145482425,0.0361463125
512,0.436509664,1.01183432,105.123971,55.3484114,0.439090571,0.293262754,69.0078264,2,0.161693928,0.0713070986,0.211523947,0.0137443801,0.0318111498,0.110951884,0.0581672049
513,0.435128247,1,105.714539,55.5888807,0.438809838,0.298056609,68.6857251,2,0.167414677,0.0758292466,0.215002505,0.0217055925,0.0411155207,0.121502393,0.0319502846
514,0.433747137,1,106.310399,55.8397597,0.437100811,0.304945344,67.8379486,2,0.176724989,0.0690039931,0.21903608,0.00816602798,0.0297916662,0.0810608968,0.0458542808
515,0.433718269,1.00591716,106.922219,56.0656109,0.435601943,0.298110755,67.0057915,2,0.15727517,0.0756409263,0.207325799,0.0314289795,0.0353299086,0.109087375,0.0582469926
516,0.436179469,0.98816568,107.495349,56.3069247,0.4356308,0.288563495,68.6179301,2,0.16398983,0.0695448442,0.216021615,0.0262758556,0.0433509408,0.141636939,0.0377805768
517,0.4373322,1.01183432,108.043046,56.5377793,0.43699219,0.288108353,68.8883,2,0.164652802,0.0719249617,0.20357052,0.00698079284,0.0412675124,0.103125304,0.0968478743
518,0.435835247,1.00591716,108.61446,56.7782014,0.438025454,0.288167114,69.1492176,2,0.168409397,0.0742804989,0.223434041,0.0161413854,0.0425984783,0.0766302184,0.0232068707
519,0.436802961,1,109.176716,56.9952619,0.438977416,0.288645393,69.4670516,2,0.174636193,0.0649595005,0.227128247,0.00761716198,0.0479017112,0.0984703929,0.0298888871
520,0.436826603,0.99408284,109.757173,57.1935571,0.438853157,0.296077332,69.13421,2,0.159274329,0.0772144021,0.215318708,0.0242586812,0.0352128269,0.129896313,0.0667802834
521,0.436205472,1,110.338995,57.4138113,0.438925359,0.299324651,68.7465363,2,0.162715801,0.0720244718,0.218361907,0.0131926632,0.0452357006,0.116834648,0.0259382475
522,0.434214639,1.00591716,110.929808,57.6551021,0.438140261,0.305104941,67.5585431,2,0.170778254,0.0756752869,0.211030696,0.0173959665,0.0412351745,0.11195395,0.0805670194
523,0.433378491,1.00591716,111.530223,57.9030821,0.436292896,0.30521464,66.7207171,2,0.164534731,0.0720380773,0.227304081,0.00497606623,0.0440064291,0.0841596273,0.0397327202
524,0.434657931,0.98816568,112.118285,58.1256934,0.435659924,0.294903786,67.009224,2,0.158213959,0.062246413,0.221946872,0.0281097038,0.0368582769,0.110022679,0.022282002
525,0.43703007,0.98816568,112.692027,58.3646013,0.436139161,0.287320955,68.1591994,2,0.161946896,0.0726439766,0.208657697,0.0292945992,0.0413372756,0.132994629,0.0601035933
526,0.437307669,1.01183432,113.252806,58.601292,0.437371898,0.288055091,68.3480012,2,0.165645188,0.0705172392,0.207175545,0.0174007878,0.039827881,0.102240775,0.0546735466
527,0.43572793,1.02366864,113.823717,58.8379128,0.43861969,0.289890097,68.7712428,2,0.169120585,0.0785806163,0.223929835,0.0167872966,0.0396500113,0.102555523,0.031698535
528,0.437144078,1.01183432,114.389027,59.0524301,0.439215732,0.2911473,68.9711282,2,0.177953553,0.0704374518,0.228118078,0.0115666833,0.0459852911,0.121328536,0.0468114146
529,0.436987964,1.01183432,114.967852,59.2455081,0.439274232,0.296768769,68.7311163,2,0.160086064,0.0736397894,0.206050514,0.0093125165,0.0526143582,0.135060707,0.0653343966
530,0.436622286,1,115.561075,59.4734616,0.439188473,0.299844357,68.1069502,2,0.165016792,0.0751092689,0.215933004,0.0131969266,0.0512882213,0.120602845,0.0404791305
531,0.43415412,1,116.156183,59.7359103,0.43787584,0.303825373,67.1041074,2,0.174315359,0.071952692,0.20570443,0.0149754705,0.0475361278,0.105312514,0.0573797108
532,0.434345913,1,116.759317,59.9769951,0.436891929,0.295762083,66.3107032,2,0.168114333,0.0777109904,0.224155456,0.007984921,0.0511354267,0.109495619,0.0405356482
533,0.435735239,0.99408284,117.332552,60.2061073,0.436852734,0.287624981,67.8565583,2,0.161446125,0.0672248575,0.219932173,0.0265928274,0.0427280399,0.137491211,0.0190171336
534,0.436755323,1.02366864,117.896464,60.4437082,0.437145865,0.286236007,68.8236672,2,0.163182941,0.0733691084,0.201734384,0.0163462871,0.0384988917,0.130632177,0.0798656806
535,0.43534477,0.976331361,118.471275,60.687924,0.437666589,0.288944227,69.1329307,2,0.166998813,0.0720086878,0.215519939,0.0113974317,0.0438216111,0.080380114,0.0418301404
536,0.434821844,1.01775148,119.046272,60.9245099,0.437778874,0.288316213,69.6031289,2,0.172597995,0.0703275797,0.201748114,0.0137964996,0.0488945401,0.111736339,0.0408259862
537,0.435665423,0.99408284,119.628278,61.1297831,0.437639236,0.291686407,69.1914454,2,0.181691849,0.0744848583,0.221461407,0.0191272361,0.0307219761,0.143873267,0.038523807
538,0.435418552,1.01183432,120.21008,61.3282148,0.437112674,0.294828754,68.5302453,2,0.161378356,0.0687869547,0.216065441,0.0176813092,0.0307315975,0.10935931,0.0280550663
539,0.434840551,1,120.798661,61.5588873,0.436787426,0.298068693,67.4382541,2,0.168729071,0.0740532069,0.211150051,0.0246143445,0.0344902818,0.129358255,0.0485316264
540,0.434381638,1.00591716,121.371948,61.8159812,0.436257838,0.301655906,66.8608492,2,0.168999706,0.0689711857,0.220790514,0.00813608368,0.0320476687,0.0756495782,0.0420097413
541,0.435559205,1,121.952716,62.0426222,0.43653562,0.292624097,67.2023777,2,0.171136183,0.0760141896,0.207746456,0.0249680163,0.0374806531,0.103765056,0.0555949391
542,0.437527775,1,122.519341,62.2709791,0.437082477,0.290358886,68.821922,2,0.164364701,0.0711416102,0.220657361,0.0228586904,0.0406000023,0.14739004,0.0389585794
543,0.437779113,1.02366864,123.069313,62.5035768,0.438383196,0.293262548,69.4441863,2,0.164118388,0.0724721815,0.208088558,0.00675315033,0.0415741619,0.107333286,0.0904652238
544,0.435576835,1,123.651353,62.7463663,0.43887189,0.297681654,69.5822637,2,0.167911973,0.0757644609,0.22617756,0.0178546003,0.0449280245,0.0880166115,0.0267118755
545,0.436222783,1.00591716,124.22573,62.9750615,0.439122325,0.298632591,69.4476601,2,0.175402038,0.0669002513,0.228444454,0.00686866094,0.0427024446,0.0942697169,0.0274888783
546,0.436081195,1.01183432,124.826165,63.1729026,0.438427613,0.301387926,68.9574111,2,0.158951602,0.0769055745,0.212132339,0.0307564017,0.0385950546,0.120931158,0.0683673571
547,0.436681844,0.982248521,125.420466,63.3885378,0.438097835,0.301755964,68.1099581,2,0.162819777,0.0721207075,0.218983929,0.0184487428,0.0460072779,0.127559674,0.0308348908
548,0.4350237,1,126.008801,63.6340992,0.437332932,0.303226337,66.6414299,2,0.172012517,0.0738642884,0.206072496,0.0149460702,0.0495151096,0.097710188,0.094457082
549,0.434680473,0.99408284,126.593026,63.8900029,0.43686576,0.29777645,66.5222339,2,0.165516025,0.0735331289,0.225627145,0.00381648601,0.0460069757,0.0819281718,0.0336446207
550,0.43580214,0.98816568,127.166202,64.1107611,0.436975651,0.289815593,67.1332116,2,0.158846908,0.0632531531,0.224921633,0.0268771726,0.04894757,0.121525993,0.0328234852
551,0.437306201,1.0295858,127.73177,64.3430581,0.437624983,0.290352675,68.4245358,2,0.161610283,0.0744942942,0.208899208,0.0259418428,0.0425842668,0.131848524,0.063614982
552,0.436379626,0.98816568,0.302201224,64.5836681,0.43831406,0.292681347,68.9467561,2,0.165369814,0.0713913469,0.210628528,0.0162012859,0.0456694538,0.100395878,0.050722317
553,0.43460269,1.03550296,0.88192004,64.8266222,0.438281562,0.297283563,69.1214714,2,0.170030001,0.0785778919,0.220684888,0.0177471862,0.0311610679,0.116057879,0.0290244512
554,0.435679926,1.01183432,1.4624366,65.048674,0.437915142,0.296302238,69.1708566,2,0.179100572,0.0711481083,0.227469314,0.0135021992,0.043186818,0.123464878,0.0514076292
555,0.435696158,1.02366864,2.0454486,65.2398233,0.437416648,0.300145198,68.7148504,2,0.159997239,0.0693525725,0.21131148,0.00380898978,0.0396375717,0.124570365,0.0654668381
556,0.43649902,0.98816568,2.64463471,65.4643849,0.437069829,0.298511966,67.2835208,2,0.166322417,0.0739253462,0.213229662,0.023078831,0.0450892701,0.125891315,0.0430117884
557,0.435493903,1,3.21417716,65.7267837,0.437430202,0.299912337,66.3860305,2,0.167605996,0.070779324,0.208543726,0.01590174,0.0413891348,0.101354746,0.0656540498
558,0.43591923,1.02366864,3.79742045,65.9698211,0.437736444,0.291401581,66.8505117,2,0.168709695,0.0789718733,0.225923583,0.00438778123,0.0524569534,0.104270105,0.0398903612
559,0.437167307,1.01183432,4.36661215,66.1910486,0.438071901,0.288917997,68.2776143,2,0.161978315,0.0691317181,0.223539106,0.0224131823,0.0435914925,0.141206919,0.0190364695
560,0.437308232,1.03550296,4.92587639,66.42517,0.438643935,0.29155944,69.2515892,2,0.162893282,0.0745440712,0.204574095,0.0117279783,0.0431103912,0.129842527,0.0864876509
561,0.435069004,1,5.50721279,66.6766822,0.438809833,0.295162678,69.7404437,2,0.16682316,0.0736390748,0.218594606,0.0129255748,0.0481565273,0.0841371197,0.0380348959
562,0.434072774,1.01775148,6.09529064,66.9181402,0.43786254,0.296622147,69.3945147,2,0.173363916,0.0676467908,0.208907492,0.0118926177,0.0340841381,0.110186564,0.0596406178
563,0.434442032,0.98816568,6.69590231,67.1305831,0.436726943,0.295472735,68.8180128,2,0.182748474,0.0748077799,0.218797173,0.0256732259,0.0274064613,0.141895876,0.0424175569
564,0.434929157,1,7.28372771,67.3310992,0.435905775,0.296170049,67.7579572,2,0.161423425,0.0678466718,0.217430654,0.0206240979,0.0356746704,0.116711016,0.0225904926
565,0.435034556,1.00591716,7.87252447,67.563363,0.435464881,0.295253387,66.1033691,2,0.169883195,0.0724222395,0.207515988,0.0235819312,0.0355776437,0.124965935,0.071973991
566,0.435337904,0.98816568,8.42229544,67.825018,0.436412294,0.296452575,66.4823213,2,0.169140906,0.0696086211,0.222549533,0.0076379168,0.032691894,0.0711544893,0.0337775328
567,0.436358884,1,8.99107726,68.0519587,0.43699402,0.291110343,67.3127608,2,0.171735582,0.0692787144,0.205171337,0.00951396197,0.0577509114,0.123150241,0.0394808282
568,0.438189017,1,9.55053761,68.2736502,0.437984272,0.295487195,68.7146753,2,0.160525785,0.0732427125,0.222434441,0.0213571833,0.0409981164,0.146831651,0.0443930596
569,0.437354349,1.01775148,10.1060861,68.5145457,0.439134503,0.298589756,69.5953949,2,0.164289776,0.0729787626,0.210560136,0.0105398696,0.0421632913,0.105129272,0.080437681
570,0.435192993,1.00591716,10.691305,68.7629727,0.439270189,0.304987388,69.9080616,2,0.167051641,0.0772264579,0.228201373,0.0187235424,0.0463176168,0.0927379333,0.0279973661
571,0.43564171,1,11.2781653,68.99233,0.438896546,0.304238993,69.4663054,2,0.176221332,0.0679756865,0.230029066,0.0110159134,0.045742653,0.102775129,0.0360592501
572,0.435576016,1.01775148,11.8876791,69.1925164,0.437691074,0.302361535,68.9066537,2,0.159258069,0.0747534214,0.20606862,0.0304673978,0.0498434866,0.123044939,0.0519089052
573,0.436560184,0.976331361,12.4862156,69.412656,0.437246795,0.299336687,67.6603676,2,0.163847119,0.0721413186,0.215918154,0.020590843,0.0478785452,0.12757498,0.0388792056
574,0.435465843,1.00591716,13.0648238,69.6604659,0.437071374,0.299809756,66.1400956,2,0.166569779,0.0727717596,0.203583738,0.0136183113,0.0504176775,0.0942188748,0.0804943234
575,0.435020514,1.00591716,13.6439673,69.9233549,0.436851317,0.293768873,66.4403556,2,0.166311988,0.0746338899,0.225612232,0.00212461835,0.0481837095,0.0894789197,0.0376155635
576,0.435983374,1,14.2090865,70.1401487,0.437235565,0.290447425,67.1434572,2,0.159516977,0.0650637303,0.224975737,0.0256464564,0.0482321775,0.123118075,0.0267735001
577,0.437175232,1.01775148,14.7674216,70.3741132,0.438151759,0.294029389,68.3169228,2,0.162095519,0.0753114573,0.208763858,0.0233443492,0.0436440544,0.132602537,0.057861686
578,0.435794846,0.99408284,15.3382837,70.6237062,0.438738154,0.297062109,68.9921718,2,0.165995409,0.0718030711,0.212963803,0.01581483,0.0484394615,0.0941173484,0.0540299216
579,0.434492946,1.0295858,15.9238944,70.8653705,0.438343787,0.299079382,68.966787,2,0.17068585,0.0793919057,0.218973718,0.0171406184,0.0296151016,0.117904205,0.0331793625
580,0.435578916,1.01775148,16.512581,71.0855212,0.4378043,0.294303653,68.8438425,2,0.179884079,0.0718419574,0.225110921,0.0169913058,0.0392341347,0.136924013,0.0448975527
581,0.435820933,1.01775148,17.0957813,71.2808933,0.437212167,0.295681228,68.1101014,2,0.160638958,0.0684899057,0.212225077,0.0108069276,0.030416999,0.11548373,0.0545793512
582,0.436007347,0.98816568,17.6955291,71.5127947,0.436671942,0.295108393,66.7252819,2,0.167117643,0.0737428585,0.211855369,0.0237539558,0.0400456346,0.126841983,0.0376320725
583,0.435504131,1.00591716,18.259777,71.77681,0.437135573,0.298721194,66.0640955,2,0.168387657,0.0696416448,0.212475147,0.0132087151,0.0332025887,0.0920082072,0.0670455752
584,0.43608462,1.00591716,18.8412986,72.018933,0.437413643,0.290935771,66.6620797,2,0.16939529,0.0793112209,0.22250662,0.0152155842,0.0433505067,0.123462437,0.0266684064
585,0.437400516,0.99408284,19.407746,72.2448969,0.437924175,0.291070404,68.2292936,2,0.162621032,0.0706955546,0.222284816,0.0227356679,0.0426038008,0.141576618,0.0227410279
586,0.437176617,1.01775148,19.9604051,72.4891776,0.438767117,0.294223963,69.3346766,2,0.163893401,0.074645932,0.205813786,0.00749954113,0.0417622447,0.117973918,0.0987286579
587,0.434828075,0.98816568,20.539578,72.7443878,0.438996222,0.297385955,69.8423563,2,0.16788106,0.0743600287,0.222265506,0.0149829215,0.0448216014,0.0756013576,0.0291809992
588,0.434636445,1.00591716,21.1287962,72.9720085,0.438520359,0.293743974,69.4268614,2,0.173887441,0.0642943224,0.221047998,0.00944870014,0.0385334445,0.0911639864,0.0266798755
589,0.435250731,0.98816568,21.7289449,73.1813396,0.437342447,0.291178444,68.9571626,2,0.183264764,0.0750330418,0.212595641,0.0288006479,0.0301037867,0.137166195,0.0623795857
590,0.435433311,1,22.316069,73.3961049,0.43675132,0.290099388,67.9946397,2,0.16243914,0.0690254908,0.213484376,0.01584167,0.0400597339,0.115512731,0.0258586985
591,0.43456401,1.01775148,22.9044356,73.6300166,0.436173968,0.2950838,66.4141943,2,0.170381806,0.0735000923,0.207970362,0.0217471214,0.0367059019,0.117581619,0.0770676503
592,0.434721445,1.00591716,23.4721635,73.8876052,0.43579327,0.29731146,66.3254362,2,0.163627554,0.0700023881,0.225024575,0.00398979256,0.0388861424,0.0767805446,0.0337985655
593,0.435434132,1,24.0430816,74.1120353,0.435997143,0.292974133,66.7932675,2,0.172548149,0.0644042372,0.215869117,0.0123094888,0.0346501798,0.1080658,0.0458466205
594,0.43777261,0.98816568,24.5994365,74.3462175,0.437113725,0.295325746,68.3599089,2,0.161659648,0.0737818772,0.217326117,0.0232481525,0.046048824,0.136469541,0.0531048247
595,0.436889888,1,25.1513069,74.5926721,0.438534592,0.297553186,68.9496125,2,0.165510502,0.0725698314,0.208768527,0.0161242479,0.0436911457,0.100294272,0.0636966853
596,0.435563902,1.01775148,25.7347094,74.8268399,0.439259772,0.29784586,68.9272703,2,0.167729835,0.0782941723,0.227744904,0.0169334418,0.0484464677,0.0894726518,0.0271628267
597,0.436640248,1.00591716,26.309798,75.0470302,0.439592024,0.293949926,68.9625036,2,0.176715594,0.0685934906,0.229071847,0.0128433232,0.0495473607,0.121358164,0.0403714046
598,0.436632068,1.0295858,26.9044899,75.2493078,0.438892545,0.294709048,68.3686486,2,0.160145434,0.0744708204,0.203895342,0.0207184341,0.0514575422,0.134190373,0.0514315276
599,0.436486798,1,27.4950571,75.4861332,0.438812111,0.294291937,67.5381551,2,0.163985267,0.0734259478,0.214447176,0.00882952739,0.0511992685,0.117012058,0.038848817
600,0.434251341,1.01775148,28.0872517,75.7435468,0.437484367,0.300570271,66.4752915,2,0.173238308,0.0727414442,0.203073977,0.0143851796,0.0514706925,0.0975449364,0.0578431076
601,0.434156632,0.98816568,28.6893267,75.9959871,0.436073177,0.29649014,65.7901076,2,0.16702073,0.0753787107,0.223624307,0.0135948,0.0455440672,0.114385889,0.0430020632
602,0.434786048,1.00591716,29.2617032,76.2212962,0.435893455,0.293231388,66.949493,2,0.160339113,0.0664679084,0.22063653,0.0294538116,0.0406477538,0.123057492,0.0206988002
603,0.436664425,1.01183432,29.820393,76.4651371,0.436637525,0.292402311,68.054502,2,0.163517767,0.0739549467,0.205325478,0.0220867033,0.03592121,0.133034395,0.0602134586
604,0.435721384,0.98816568,30.3851306,76.7144659,0.437776343,0.292082498,68.3914847,2,0.16741353,0.0709419363,0.21395977,0.0144697733,0.0406662176,0.0790991356,0.0542190403
605,0.43532709,1.01183432,30.9628506,76.9456629,0.438246759,0.288147519,69.0502003,2,0.17129454,0.0812713261,0.218842477,0.0148523455,0.0315378913,0.117998331,0.0305009508
606,0.436718877,1.01775148,31.5354915,77.1566185,0.438304808,0.289429612,69.1511459,2,0.180242055,0.0724005594,0.222637325,0.0172154775,0.0357268713,0.148671099,0.0340359258
607,0.436461841,1.02366864,32.1069877,77.3668184,0.438290347,0.290540188,68.761224,2,0.161981538,0.070212939,0.209513831,0.011218872,0.0332971882,0.113742594,0.0684906257
608,0.435400575,0.982248521,32.6917188,77.6082349,0.438243042,0.295485664,68.174045,2,0.167058106,0.0747933695,0.216710137,0.0203957329,0.0424837811,0.118034566,0.0306910041
609,0.434280406,1.01775148,33.2799793,77.8581585,0.43688165,0.304660954,67.4811584,2,0.160624677,0.0681935752,0.220349648,0.00775832669,0.028326809,0.0839603475,0.0452686195
610,0.43402354,0.99408284,33.887602,78.0874035,0.435404196,0.30290441,66.7374795,2,0.170118782,0.0758788447,0.21206191,0.0327390974,0.0323720965,0.113918328,0.0590169884
611,0.436590575,0.98816568,34.4539981,78.3303549,0.435789707,0.297321334,68.3254767,2,0.16334372,0.070044978,0.219673962,0.0261249341,0.0460278283,0.135735469,0.0325848125
612,0.437586313,1,34.9992914,78.5628042,0.4376885,0.294671999,68.4950041,2,0.165043815,0.0734730915,0.206537187,0.00872967454,0.0422407377,0.102752023,0.10187891
613,0.43609901,0.99408284,35.5745568,78.8064549,0.438519886,0.29232587,68.6957526,2,0.168850857,0.0742844963,0.225180307,0.0137278894,0.0428897234,0.0721088277,0.0217033353
614,0.436728449,0.98816568,36.1385464,79.0236242,0.439399493,0.291410096,69.0722164,2,0.174039788,0.063852377,0.230316441,0.0132687257,0.0560439807,0.114218869,0.0415294003
615,0.437045549,1,36.7229736,79.2331066,0.438860594,0.294659255,68.9240392,2,0.183171463,0.0763143132,0.214475801,0.025380483,0.0376792798,0.135180479,0.067829248
616,0.435859492,1.00591716,37.3040838,79.4636772,0.439009975,0.295231907,68.6857463,2,0.163494956,0.071554514,0.214418292,0.0134134208,0.0448220914,0.111452898,0.032891025
617,0.434280406,1.03550296,37.8918236,79.7102447,0.438219482,0.301003519,68.0231364,2,0.170184744,0.0763244384,0.21346716,0.020381269,0.0327266658,0.120283477,0.0573122318
618,0.433747886,1,38.4923994,79.9529275,0.436039355,0.304393315,67.3009922,2,0.163943741,0.0706985809,0.227013821,0.00989516016,0.0443760616,0.0959673647,0.0489124103
619,0.433344482,0.982248521,39.0897295,80.1675154,0.434531015,0.305143965,66.9709165,2,0.158867427,0.0640719419,0.219008352,0.0221105917,0.0298885129,0.106990908,0.0316912474
620,0.437361391,0.98816568,39.6627419,80.4009823,0.435371357,0.292184145,67.1198982,2,0.162515349,0.0721297928,0.209828086,0.0289674811,0.0432225345,0.131159011,0.0540285303
621,0.437449865,1.01183432,40.2101966,80.6447044,0.437473065,0.290642922,67.1969062,2,0.166323507,0.0709199095,0.20632516,0.0173890647,0.0408307491,0.10090551,0.0593519133
622,0.436627318,1,40.7775109,80.885118,0.438949313,0.288980734,67.9488408,2,0.168398607,0.0787769544,0.226830541,0.0134912531,0.051230476,0.0878148677,0.0331527788
623,0.437659834,1.01775148,41.3414908,81.0974268,0.439624421,0.289109748,68.3108238,2,0.177210794,0.0696606403,0.228129691,0.0140081798,0.0488878369,0.13164228,0.0331153629
624,0.43738039,1.01183432,41.9151082,81.3086565,0.439883811,0.293497265,68.1729441,2,0.161072758,0.0753887215,0.205132879,0.0134104522,0.0507015064,0.135707785,0.0652958453
625,0.435851466,1.02366864,42.499036,81.5563218,0.439995559,0.297493984,68.3460772,2,0.164942528,0.0747259858,0.216840304,0.0043550313,0.0541140839,0.105385854,0.0395614523
626,0.433585168,1.01183432,43.0965101,81.815244,0.438383992,0.301570779,67.6779823,2,0.17338297,0.0723067432,0.203652214,0.0154567874,0.0509501928,0.107469561,0.047191714
627,0.43307189,1,43.7209855,82.0515365,0.435575053,0.301439412,66.6732568,2,0.157055258,0.0754476858,0.221157841,0.0240452793,0.0371834366,0.133415398,0.0320051146
628,0.433902448,0.99408284,44.3090313,82.2774596,0.434578661,0.296885716,66.887963,2,0.161078614,0.0664390939,0.218001736,0.0319335586,0.0397032442,0.125248959,0.0202701495
629,0.437026044,1,44.8731937,82.5074408,0.435680323,0.285347183,67.0018348,2,0.164178762,0.0723222798,0.202041456,0.0216759991,0.0325440881,0.12683068,0.0754241037
630,0.436378729,0.982248521,45.4233818,82.7587563,0.437454042,0.286449736,67.5979313,2,0.168105567,0.0708565175,0.216321976,0.0120290151,0.0341604829,0.0711887989,0.0442544365
631,0.436370234,1.02366864,45.9866948,82.9863508,0.438386833,0.285930978,68.7381312,2,0.171667106,0.0835843296,0.224113529,0.0117761559,0.0386562014,0.111040007,0.0327924216
632,0.437646794,1.01183432,46.553525,83.1937114,0.43883906,0.292136429,69.1768652,2,0.180523828,0.0741058944,0.222927475,0.0170054752,0.0362119836,0.148928914,0.0361070218
633,0.436540418,1.01775148,47.1187571,83.4132411,0.439601113,0.294422138,69.2116359,2,0.162706892,0.0722136928,0.210405804,0.0130133174,0.0364457102,0.110122367,0.0708515177
634,0.434880483,1.02366864,47.7069945,83.6619196,0.439063103,0.299739437,69.4129557,2,0.16729679,0.0761478654,0.219493215,0.0215252582,0.0424895461,0.112231109,0.030222023
635,0.433964715,1,48.3035944,83.9073682,0.437481186,0.305280434,68.6457808,2,0.176618662,0.068124948,0.223661493,0.0040105893,0.0331663171,0.0827883151,0.0277895755
636,0.433002011,0.98816568,48.9259112,84.1297464,0.43494237,0.305506251,68.0482411,2,0.158277287,0.0723366036,0.204438341,0.0317270361,0.0513344316,0.114652735,0.043396592
637,0.436006674,0.976331361,49.5113422,84.3535694,0.434798383,0.294202011,67.6098497,2,0.164239722,0.0696997958,0.215394821,0.0279379253,0.0450669899,0.135469162,0.0414153785
638,0.437128717,0.99408284,50.0599753,84.5881288,0.436514817,0.290151596,67.5088527,2,0.165439513,0.0717330683,0.203771811,0.0102037006,0.0438375025,0.0968364788,0.091493785
639,0.436331274,0.98816568,50.6215152,84.835896,0.437815048,0.288404546,68.1900783,2,0.169310875,0.0743899552,0.225440019,0.0131202165,0.044353004,0.0741391712,0.0205888821
640,0.437203528,0.982248521,51.1774863,85.0484459,0.438969753,0.289708169,68.6761641,2,0.174648224,0.0646933446,0.230910697,0.013588262,0.056416291,0.118454553,0.0404011013
641,0.437675512,1.01183432,51.7467147,85.2565536,0.439274983,0.29748583,68.7396299,2,0.16025865,0.0770154436,0.214414246,0.0235776968,0.0414019017,0.129589713,0.0685568687
642,0.436100444,0.99408284,52.3212169,85.490278,0.44003059,0.301152506,68.7763245,2,0.163910594,0.0729526196,0.216888863,0.0129255034,0.0483972484,0.108693214,0.03429005
643,0.434075255,1.0591716,52.9109984,85.7414797,0.438991777,0.306212958,68.3879497,2,0.170484349,0.0775021896,0.215302773,0.0182240532,0.0345810884,0.11656684,0.056792168
644,0.433522676,0.99408284,53.5219687,85.9829143,0.436400328,0.306896437,67.6136272,2,0.180030761,0.0718390708,0.2276579,0.0135002328,0.045315097,0.107798142,0.054310538
645,0.433441598,0.98816568,54.1213589,86.1952357,0.435018673,0.305468428,67.245202,2,0.159300558,0.0648227233,0.219194086,0.0263643627,0.028181218,0.107437025,0.0236567502
646,0.437102622,0.98816568,54.7129036,86.4255233,0.435126059,0.288577264,66.524249,2,0.167389119,0.0718910679,0.205760089,0.0308687622,0.0381003137,0.131493835,0.0520548534
647,0.437324556,1.01183432,55.2583201,86.6783206,0.437298203,0.288002046,66.9304786,2,0.16684876,0.0703972049,0.206768638,0.0157448237,0.0372844554,0.0963827351,0.0649667382
648,0.436746847,1.01183432,55.8278896,86.9172042,0.438594576,0.285354712,67.6629528,2,0.169185775,0.0799307217,0.225746462,0.0101675907,0.0511094165,0.0895266281,0.041156
649,0.437892389,1.0295858,56.3906363,87.127582,0.439480515,0.289080124,68.1674687,2,0.177978693,0.0711008902,0.226026472,0.0159012044,0.0454423034,0.137479312,0.0298285414
650,0.437359076,1.01775148,56.955688,87.3431943,0.440055062,0.293307044,68.3753442,2,0.161612411,0.0751556554,0.204813482,0.00789902559,0.0489026745,0.131472047,0.0826032231
651,0.435300702,1.01775148,57.5414613,87.595143,0.439952552,0.298656135,68.9208013,2,0.165549109,0.075315854,0.217152881,0.0102181557,0.0533458658,0.100274648,0.0368849171
652,0.433305586,1.03550296,58.1389902,87.8498779,0.438353479,0.301715524,68.1654764,2,0.174046722,0.0701312012,0.206839691,0.0149056904,0.0396113306,0.109848084,0.0620288081
653,0.432678789,0.98816568,58.7657843,88.0833713,0.435299835,0.301416221,67.3865762,2,0.157552677,0.075570066,0.216950462,0.0292602702,0.0298561336,0.136212822,0.0332106682
654,0.433773099,0.99408284,59.3568343,88.3031932,0.434269686,0.295759632,66.9418054,2,0.161825535,0.0668314013,0.216696914,0.0296197229,0.041188512,0.129141566,0.0214151966
655,0.436719782,1.00591716,59.9181144,88.5334864,0.435372382,0.285380074,66.7947537,2,0.164585725,0.0717863646,0.20172016,0.0187825288,0.0355568353,0.118535908,0.0883004674
656,0.436228179,0.976331361,60.4669252,88.788087,0.437083857,0.28590029,67.6441205,2,0.168563859,0.0710856437,0.219190574,0.0113510901,0.0333200924,0.0677502699,0.0329642961
657,0.436657153,1.00591716,61.0256916,89.0098098,0.438176814,0.286197259,68.6493435,2,0.17227643,0.0597169173,0.229400592,0.0158642344,0.0556304741,0.116668374,0.0540214001
658,0.437874227,1.01183432,61.5902157,89.2170595,0.438716002,0.295089474,69.1378636,2,0.159641555,0.0750867935,0.222498229,0.0183350906,0.0358408333,0.147154286,0.0439553992
659,0.436435819,1.00591716,62.1539982,89.4426318,0.439782007,0.297573675,69.2945571,2,0.163166122,0.0725814374,0.212326571,0.0148324012,0.0371354521,0.107183528,0.060780283
660,0.434517184,1.03550296,62.7450035,89.6943001,0.439006925,0.302835488,69.6201357,2,0.16789068,0.0768755882,0.22111592,0.0227905923,0.0398484969,0.113744276,0.0308367386
661,0.43388842,0.982248521,63.3442105,89.9341015,0.437368836,0.306243849,68.6857107,2,0.177253289,0.068564724,0.226186635,0.00570638742,0.0386128559,0.0867759959,0.0328225253
662,0.433052698,0.99408284,63.9625556,90.1499038,0.435086827,0.306093246,68.0651831,2,0.158592247,0.0698573526,0.204199466,0.0221796523,0.0567606018,0.131104486,0.042089353
663,0.436174384,0.970414201,64.5542614,90.3719313,0.434688191,0.29345878,67.1534377,2,0.164910334,0.0700204558,0.213309482,0.0288901768,0.0449257171,0.133914695,0.0474254832
664,0.437112736,0.99408284,65.0986664,90.6132008,0.436636361,0.289771539,67.1858006,2,0.165831262,0.0712040289,0.203614171,0.0120717262,0.0436356251,0.0968028904,0.0780653899
665,0.436555314,0.99408284,65.661491,90.860919,0.437855675,0.288051548,67.8454548,2,0.169701859,0.0751106035,0.22626567,0.0115614984,0.0467458104,0.0779873746,0.022543381
666,0.437584524,0.99408284,66.2152848,91.0716421,0.4391815,0.290528384,68.3094071,2,0.175238826,0.0660330963,0.230943267,0.0151655279,0.0550998609,0.122467614,0.0358137184
667,0.438116156,1.01775148,66.7816581,91.2833324,0.439758395,0.298273868,68.447695,2,0.160677068,0.0773301013,0.212293897,0.0230018848,0.0447349098,0.127702246,0.0645027584
668,0.436253181,1.01183432,67.3588368,91.5241686,0.440407989,0.302576049,68.6869551,2,0.164440134,0.073732156,0.217599995,0.0112419335,0.0516336568,0.105407835,0.0385741841
669,0.434125497,1.04733728,67.950806,91.7774908,0.439328371,0.306653166,68.2033692,2,0.171106344,0.0779271016,0.213187435,0.0159479927,0.0401766823,0.106484454,0.0656546163
670,0.433440259,0.99408284,68.5688404,92.0218572,0.436495891,0.305859985,67.6042776,2,0.180763131,0.073019815,0.226472283,0.0181686284,0.0437201764,0.122671087,0.0523897993
671,0.433318936,0.982248521,69.1700477,92.2297205,0.435126481,0.303895392,66.9967208,2,0.159839383,0.065550681,0.219208104,0.0295346877,0.0298230655,0.10979883,0.0185545275
672,0.436663786,0.982248521,69.7638345,92.4624406,0.434939882,0.287398347,66.1232053,2,0.163475634,0.0718469126,0.203601783,0.0298789899,0.033653085,0.132752535,0.0505066677
673,0.436613917,1,70.3057782,92.7232975,0.437115008,0.288218905,66.7865469,2,0.167551524,0.0698953153,0.209742458,0.0132508425,0.033811493,0.0871239452,0.0662033973
674,0.436627756,1.02366864,70.8760526,92.961109,0.438098367,0.284323283,67.7781946,2,0.169938323,0.0809457457,0.226018623,0.00615541254,0.0537149273,0.0928830123,0.0482115777
675,0.437949751,1.01775148,71.4373248,93.1683274,0.439021885,0.290864378,68.4399339,2,0.178708199,0.0718155156,0.224997468,0.0176048915,0.0420538764,0.143988552,0.0261072248
676,0.437455066,1.0295858,71.9934096,93.390469,0.439939801,0.295227657,68.8493391,2,0.162351077,0.0745319769,0.20651005,0.00398716959,0.0460640229,0.123279181,0.0942004537
677,0.435213945,1.00591716,72.5781334,93.6452677,0.43976623,0.302185594,69.6291878,2,0.166332307,0.0756199081,0.220194524,0.0153333312,0.0514068472,0.0950490045,0.0331402161
678,0.4336904,1.02366864,73.17442,93.894898,0.438310071,0.305484413,68.9024633,2,0.174600312,0.0681032489,0.21545494,0.0103751822,0.02908096,0.0965435486,0.0538913929
679,0.432944439,0.98816568,73.7991829,94.1207555,0.435499919,0.30517451,68.2094458,2,0.158136805,0.0754838443,0.21406052,0.0341124557,0.0274206217,0.129671432,0.0550904261
680,0.43438128,0.98816568,74.3960076,94.3316759,0.434655367,0.297927761,67.0795833,2,0.16243762,0.0680832468,0.216898767,0.0266237819,0.042048995,0.131022449,0.0253971417
681,0.436193247,1,74.9588716,94.5707964,0.435456691,0.290089605,66.5571055,2,0.165168694,0.0720223078,0.203133456,0.0170167613,0.0399169635,0.108100673,0.0965078607
682,0.436080819,1,75.5105413,94.8305897,0.436858339,0.28848652,67.4146396,2,0.169227964,0.0716868552,0.222544638,0.00935487687,0.0351774747,0.0684702014,0.025600279
683,0.436736097,0.98816568,76.0680701,95.0500355,0.437920673,0.288466831,68.394904,2,0.172938596,0.061687976,0.228326179,0.0188654802,0.0468142415,0.109835698,0.0401230094
684,0.437927066,0.98816568,76.6301774,95.2628925,0.438542945,0.29725795,69.0641478,2,0.160357696,0.0756782393,0.219929085,0.0210852258,0.0390055627,0.141354556,0.0565355654
685,0.4361146,0.99408284,77.1940279,95.4974745,0.439616556,0.300013979,69.450547,2,0.164023039,0.0727714709,0.2127489,0.016046332,0.0409578986,0.10490762,0.0524795486
686,0.434280158,1.0295858,77.7832777,95.7469651,0.438957669,0.305717308,69.6939832,2,0.168488715,0.0777948214,0.223413341,0.0226948557,0.0388336909,0.112515648,0.0302355663
687,0.433835072,0.98816568,78.3845355,95.9844948,0.437032272,0.307023686,69.0381457,2,0.177883367,0.0689551933,0.228297152,0.0121662671,0.0452463406,0.102344701,0.0467512958
688,0.433821026,0.99408284,78.9898313,96.1863644,0.435633728,0.304387317,68.2620301,2,0.159161943,0.0686812473,0.206214144,0.0131248515,0.0527482525,0.135983013,0.059637113
689,0.436341697,0.982248521,79.5885323,96.4071453,0.434923415,0.294864265,66.6513124,2,0.165445818,0.0708686907,0.212145951,0.0277015066,0.0451522918,0.130081572,0.0485739211
690,0.436700952,1,80.1325125,96.6634448,0.436730677,0.292168002,66.5831655,2,0.166616325,0.0709956113,0.203954184,0.0145191633,0.0450490119,0.0987361179,0.0622920376
691,0.436502061,1.00591716,80.6979333,96.9141488,0.437740265,0.289092994,67.2214442,2,0.167155207,0.0761008453,0.227289004,0.00561352053,0.049953871,0.0874029387,0.0316537338
692,0.437637172,1.01183432,81.254039,97.1248274,0.438760953,0.291481406,67.96534,2,0.175844359,0.0672684151,0.229253833,0.0198741279,0.051038423,0.129006923,0.0250643363
693,0.43818743,1.01183432,81.813304,97.347781,0.43973443,0.297695775,68.5098079,2,0.161684077,0.0769467388,0.210119488,0.0206478897,0.0457978876,0.13285921,0.0566798242
694,0.435899598,1.01775148,82.3917745,97.6012126,0.440179787,0.30243758,69.1872611,2,0.165643947,0.0738323918,0.217599328,0.0121626008,0.0527108885,0.0954125369,0.0475100309
695,0.434162066,1.0295858,82.9851839,97.8507441,0.439193675,0.304834309,68.7758497,2,0.171643499,0.0779196954,0.210083487,0.0162125121,0.0457980302,0.0965425255,0.0634641946
696,0.433765894,1.01775148,83.6034166,98.0870791,0.436829389,0.301392021,68.372655,2,0.181303385,0.0736796175,0.223350905,0.0240164504,0.0347883187,0.141471871,0.0401009546
697,0.434352553,0.982248521,84.2011717,98.284301,0.43579484,0.297689469,67.2820637,2,0.160692204,0.0666891789,0.215725983,0.0245026919,0.0285556405,0.111256212,0.0232907361
698,0.435765311,0.970414201,84.8019594,98.5167078,0.43502551,0.288580147,65.5645535,2,0.164323559,0.0721261115,0.204474907,0.0281490741,0.0306817216,0.131651246,0.0534238586
699,0.435897413,0.982248521,85.340082,98.7884207,0.436894393,0.290246734,66.2521645,2,0.168569073,0.0692273909,0.214589588,0.0101071377,0.028222233,0.077368138,0.054287459
700,0.436665737,1.01183432,85.9104222,99.0245726,0.437560414,0.285298626,67.4444947,2,0.170475347,0.079862317,0.218101394,0.0177612379,0.0370993963,0.121779072,0.0315010158
701,0.437956559,1.00591716,86.4705706,99.2370818,0.438509163,0.292640558,68.5119298,2,0.159954403,0.072513464,0.22333966,0.0195064191,0.0413327217,0.145745718,0.0293769943
702,0.437250847,1.03550296,87.0200276,99.4761819,0.439641007,0.29688065,69.3880876,2,0.163690342,0.0745166338,0.207617883,0.00148861402,0.0444251019,0.110518518,0.099849821
703,0.43488105,1.01183432,87.6037321,99.7345852,0.439436512,0.303390974,70.2987791,2,0.167727894,0.0760968737,0.224472752,0.0174784847,0.0480989541,0.0833531572,0.0275147681
704,0.434238026,1.00591716,88.1991932,99.9707469,0.438296966,0.303837594,69.6159495,2,0.174987393,0.0659268087,0.225423674,0.00830444114,0.0414783412,0.0934487367,0.023233797
705,0.434233924,1.00591716,88.8154067,100.179262,0.436592493,0.298158954,69.0164925,2,0.159050974,0.0748519788,0.208233679,0.0341612183,0.0365825157,0.122999941,0.0694439366
706,0.435314978,0.976331361,89.410551,100.392793,0.435972775,0.295077792,67.7211904,2,0.162664859,0.0696558787,0.214752786,0.0191545594,0.0440358994,0.124549002,0.0306236246
707,0.435214063,1.00591716,89.988416,100.631696,0.435882427,0.293485082,66.037661,2,0.166120247,0.0727230467,0.203488892,0.0161453315,0.0456396137,0.0990102653,0.0949964736
708,0.435150187,1.00591716,90.5526069,100.897652,0.436140922,0.290912791,66.620741,2,0.170275817,0.0721502829,0.224762306,0.00342635158,0.04138549,0.0793885899,0.0346446404
709,0.436121549,0.98816568,91.1118242,101.113638,0.436943856,0.289426466,67.3908009,2,0.173622252,0.0636310132,0.224249516,0.0226149852,0.0383696502,0.105159387,0.0250606572
710,0.437744801,1.00591716,91.6685994,101.341766,0.43808925,0.295318546,68.5589291,2,0.161590091,0.0754994913,0.214713894,0.0228038421,0.0439971008,0.132914662,0.0605550197
711,0.436217586,1.01183432,92.2297634,101.589048,0.439112627,0.299282256,69.2896991,2,0.165453879,0.0724610809,0.210825372,0.018745245,0.0444748372,0.100925882,0.0523061509
712,0.434614905,1.02366864,92.8170107,101.827636,0.439184658,0.30189543,69.2675969,2,0.169015792,0.0794799238,0.225846914,0.0188170399,0.0418983225,0.105135209,0.0298763829
713,0.435595349,1.01183432,93.4048375,102.048122,0.438636507,0.296414242,68.9126841,2,0.178200586,0.0701581269,0.226939752,0.0139345196,0.0453471394,0.123527759,0.0485390955
714,0.435584554,1.0295858,94.0011366,102.248069,0.437485234,0.29533583,68.3089072,2,0.16012607,0.0702881977,0.205063612,0.00629424754,0.0470890627,0.135413626,0.0720714221
715,0.436183266,0.976331361,94.6012512,102.480186,0.436884589,0.292636035,66.928044,2,0.16564455,0.0730469929,0.211601691,0.0197570176,0.0464077141,0.122738887,0.0407428349
716,0.435146314,1.01775148,95.1738819,102.742774,0.436798036,0.29606026,66.0197252,2,0.167855841,0.0703831141,0.204711143,0.0151652541,0.0421898898,0.103321319,0.0607131586
717,0.435381343,1.00591716,95.7560123,102.992654,0.436746642,0.290787734,66.1232786,2,0.168062693,0.0771658193,0.223883374,0.00939326224,0.0475084979,0.113135469,0.0376854148
718,0.436422978,0.99408284,96.3181055,103.214395,0.437216019,0.290607898,67.6129017,2,0.161220398,0.0683570649,0.222823556,0.0244586721,0.0435440094,0.132465269,0.0187420159
719,0.436839479,1.01775148,96.8713552,103.455765,0.438031445,0.294840324,68.7921454,2,0.163371335,0.0750608559,0.206546244,0.0165982112,0.0394678549,0.131457223,0.0733730246
720,0.434970118,0.982248521,97.4447335,103.710874,0.438567379,0.297383743,69.3521654,2,0.167357399,0.0726235194,0.218596367,0.0145521543,0.044486415,0.0771368886,0.0433550916
721,0.434414357,1.01183432,98.0345901,103.941921,0.438183306,0.292875873,69.2281137,2,0.172415471,0.0707094315,0.202102442,0.0131298798,0.0512695469,0.114839183,0.0376620985
722,0.435593334,1,98.6255659,104.155563,0.437492743,0.289995274,68.9797885,2,0.181649468,0.07357981,0.218825864,0.0229934717,0.0293723538,0.148734608,0.0403611143
723,0.435658713,1.01775148,99.2062452,104.363106,0.437079949,0.289637484,68.1352054,2,0.161923527,0.0683944875,0.212426707,0.0163776366,0.0298004782,0.110293413,0.0346539547
724,0.435034613,1.01775148,99.7962156,104.600476,0.436659247,0.293234843,67.032316,2,0.168690869,0.0739166957,0.21158674,0.0252594457,0.0313176484,0.128984846,0.045364107
725,0.43486697,1.00591716,100.367078,104.853717,0.436254871,0.299915341,66.5178701,2,0.169589332,0.0686216207,0.222220914,0.00521495586,0.0303664911,0.0750688409,0.0341103992
726,0.435645277,1,100.947983,105.08824,0.436257288,0.294242848,66.9260617,2,0.171062235,0.0731430166,0.204297697,0.024033563,0.0513755613,0.107712068,0.0406527476
727,0.437813252,0.98816568,101.507978,105.321665,0.437123602,0.295918833,68.5683277,2,0.161276022,0.0724005399,0.220273926,0.023127062,0.0459964051,0.13955482,0.0400775633
728,0.437510024,1.01183432,102.052976,105.566097,0.438761879,0.298875446,69.2586291,2,0.16509526,0.0739718286,0.207898707,0.00681487068,0.0446364327,0.0978753054,0.0939121338
729,0.435852495,0.99408284,102.63471,105.806443,0.439462499,0.297748653,69.4042779,2,0.168850671,0.0764633112,0.226941087,0.0162112632,0.0471761765,0.0776557136,0.0206932205
730,0.436282329,0.98816568,103.212585,106.025084,0.439817432,0.29402008,69.2767408,2,0.175196633,0.0663184738,0.229210208,0.0113414289,0.0529997182,0.113923441,0.0369351632
731,0.436178797,1.01183432,103.812492,106.23124,0.438759467,0.293722502,68.6593885,2,0.159863118,0.0759364065,0.207223147,0.0276010785,0.0429284338,0.126346646,0.0669850376
732,0.435988763,0.99408284,104.399536,106.463913,0.438577185,0.292978603,68.0673525,2,0.163498635,0.0718339443,0.21381921,0.00927867084,0.0486799402,0.116001755,0.0334078071
733,0.434076484,1.04733728,104.98912,106.712854,0.437314521,0.298413143,67.0006433,2,0.171704993,0.0744890528,0.205451737,0.0151993756,0.0470600073,0.0959461629,0.0846388153
734,0.433819333,0.98816568,105.587542,106.960099,0.435572218,0.298779672,66.2236235,2,0.165430345,0.0726368239,0.225157865,0.00947456994,0.045509217,0.0995278544,0.048252202
735,0.43413003,0.98816568,106.166629,107.180315,0.435002803,0.296297497,66.6210991,2,0.159067424,0.0643095463,0.221597471,0.0288576731,0.0354252609,0.109954922,0.0190271939
736,0.437113326,0.99408284,106.724852,107.422915,0.436056764,0.29389175,67.7785341,2,0.162858052,0.0734538499,0.20868866,0.0257229716,0.0413330516,0.130733859,0.0513842593
737,0.436595989,1,107.282942,107.667046,0.437685428,0.292475619,67.8648315,2,0.166672587,0.0707211957,0.20964095,0.0181437859,0.0415359717,0.0936403977,0.062342883
738,0.435941959,1.02366864,107.855676,107.900092,0.438838861,0.290329028,68.5144311,2,0.169619937,0.0804706755,0.226221764,0.0148997669,0.0484428414,0.0967812102,0.0387435865
739,0.437224261,1.01775148,108.424047,108.112886,0.439177714,0.29025693,68.761163,2,0.178500735,0.0708515006,0.226825306,0.0144663729,0.0434817251,0.13867914,0.0356191209
740,0.43705582,1.01775148,108.998836,108.320874,0.439201001,0.291638016,68.4246947,2,0.161263651,0.0725898895,0.205864368,0.00356343233,0.0460393102,0.131412984,0.0845009062
741,0.436085286,1,109.584233,108.564334,0.439275885,0.2956401,68.1309364,2,0.165378642,0.0748339447,0.216443071,0.0115376122,0.0507293718,0.110598158,0.0342385262
742,0.433974116,1.01775148,110.181065,108.824439,0.437572498,0.302564711,67.5924963,2,0.174704142,0.0695947255,0.210165793,0.0133610365,0.0358178854,0.105072017,0.0661898295
743,0.433795548,1.01183432,110.795718,109.054952,0.435719782,0.301267952,66.4831938,2,0.168683093,0.0770317096,0.220158095,0.0259204269,0.0347822378,0.132634294,0.0275031703
744,0.435356532,1,111.372173,109.293706,0.435440713,0.294641311,67.7759138,2,0.162065197,0.0681412952,0.218734092,0.0290234434,0.0425529923,0.131623767,0.023145389
745,0.43716657,1.01183432,111.925952,109.523784,0.436882296,0.290564312,68.067343,2,0.164434131,0.073333587,0.204314865,0.0155129938,0.0367012786,0.117902043,0.091974415
746,0.435969729,0.976331361,112.491313,109.768542,0.43806054,0.289666353,68.4206233,2,0.168258475,0.0722995867,0.220247293,0.0128183816,0.0383691957,0.0696206053,0.0320905248
747,0.436257735,1.01183432,113.058327,109.992381,0.438775404,0.287756413,69.2191091,2,0.172786352,0.0622109109,0.223281604,0.0111085291,0.0451355095,0.093433085,0.0278553015
748,0.437068684,1.00591716,113.634834,110.200901,0.438597165,0.292194254,69.3649904,2,0.18179428,0.0751066776,0.219430766,0.0204199355,0.0335560124,0.14629602,0.0492754514
749,0.435950624,1.01775148,114.210224,110.42031,0.438791859,0.293115686,69.0298683,2,0.162817339,0.0708866536,0.212783294,0.0162030762,0.0359431324,0.109511003,0.0418032818
750,0.434596875,1.02366864,114.797883,110.663688,0.438235703,0.298386474,68.714535,2,0.168716925,0.075786607,0.216097617,0.0231553985,0.033089926,0.124724936,0.0376986097
751,0.433772516,0.99408284,115.394246,110.905664,0.43640084,0.304339885,67.8251192,2,0.178035087,0.0688357777,0.225791026,0.00433833299,0.0374776807,0.0819165824,0.0334479049
752,0.433615153,0.99408284,115.998964,111.124399,0.43483882,0.303469097,67.4414297,2,0.158193736,0.0670315728,0.207526115,0.00956528787,0.0532233412,0.13222898,0.0554582174
753,0.437062018,0.99408284,116.571642,111.356519,0.435280782,0.29417511,67.9073148,2,0.165181914,0.0710213414,0.215169324,0.0282971909,0.0455767238,0.135893536,0.0502357927
754,0.437812092,1.01183432,117.11833,111.587549,0.437308235,0.29180253,67.8445792,2,0.165430449,0.0715661605,0.205800727,0.0130320498,0.042462552,0.100509019,0.0740809958
755,0.436526118,0.99408284,117.683426,111.828973,0.438890374,0.290829278,68.5127364,2,0.169202706,0.0764048318,0.227132874,0.0158096697,0.0476466262,0.0805043557,0.0232094638
756,0.437404644,1.00591716,118.246632,112.043659,0.439739912,0.29076117,68.8178105,2,0.175728619,0.0670985467,0.230821366,0.0104851159,0.0535117061,0.117478914,0.0378120158
757,0.437339517,1.0295858,118.826113,112.246275,0.439816464,0.296821755,68.6656669,2,0.160098045,0.0770157933,0.209826555,0.0231420625,0.0467421836,0.125280394,0.0617249156
758,0.436298034,0.99408284,119.410638,112.483676,0.439945304,0.299767003,68.6218791,2,0.16380743,0.073550617,0.217583642,0.00663756235,0.0523165865,0.113982266,0.0353187858
759,0.434031161,1.03550296,120.002228,112.736258,0.438683194,0.305166341,67.7637283,2,0.171909806,0.0756993023,0.207579808,0.0141467579,0.0504111549,0.0938135261,0.0802160877
760,0.433394331,0.982248521,120.61967,112.979897,0.436164206,0.303632124,66.7565839,2,0.165932348,0.0739945374,0.226075377,0.0135353811,0.0463432677,0.109819196,0.0494819948
761,0.433921572,0.98816568,121.214184,113.200312,0.434917537,0.298773036,67.0134411,2,0.159596626,0.0646099381,0.220978849,0.0334823727,0.0383575674,0.119172332,0.0198933377
762,0.43696828,1,121.785996,113.4379,0.435634248,0.287901521,67.4675495,2,0.16309219,0.0724565589,0.203691361,0.0277691301,0.035622069,0.132842648,0.0548989887
763,0.437054142,0.98816568,122.342881,113.68109,0.437379313,0.287001134,67.7198833,2,0.166892038,0.0704769903,0.210082023,0.013399629,0.0393741441,0.0872840182,0.0618782032
764,0.436026851,1.03550296,122.9117,113.915451,0.438569721,0.285502771,68.6990783,2,0.170495317,0.0810368009,0.223064524,0.0144809845,0.0395976478,0.106781602,0.0349165278
765,0.437361151,1.00591716,123.47872,114.124165,0.439155772,0.289697874,68.9410159,2,0.179355003,0.0725773316,0.225341477,0.0146173976,0.040430859,0.141230788,0.0368480697
766,0.436816868,1.0295858,124.048518,114.327922,0.439590618,0.293149896,68.8850164,2,0.161373787,0.07244568,0.208160759,0.00672536414,0.0407858481,0.121834013,0.0807780063
767,0.435694639,0.99408284,124.637966,114.570333,0.439424797,0.297966598,68.7454519,2,0.16621822,0.0757311199,0.215802571,0.0167698283,0.0483588178,0.114491485,0.0318647469
768,0.433827723,1.02366864,125.235978,114.823758,0.437755874,0.304596833,67.9952392,2,0.175562155,0.0694554525,0.213638537,0.0119014243,0.0315016903,0.0943642948,0.0634826811
769,0.43355684,1.01775148,125.853177,115.053487,0.4357967,0.300222431,66.8559939,2,0.157085741,0.0777023032,0.216638573,0.0277042156,0.0330156075,0.130218212,0.0346288451
770,0.435590645,0.99408284,126.431191,115.292586,0.435555693,0.290731029,68.2981462,2,0.162987361,0.0686024343,0.216954183,0.0274832482,0.0425924447,0.139122591,0.0278162418
771,0.437043955,1.0295858,126.984217,115.522982,0.43662556,0.28797507,68.5071605,2,0.164421588,0.0725086139,0.202755639,0.00939068252,0.039470092,0.109668623,0.100993249
772,0.435824278,1,127.552513,115.763379,0.437762035,0.286943502,68.8360518,2,0.168177794,0.073172673,0.22083112,0.014260457,0.0399191852,0.0723421414,0.0267036009
773,0.436369378,0.99408284,0.115375364,115.984087,0.438668903,0.286962483,69.4358013,2,0.17367774,0.0638472058,0.223463583,0.00924294887,0.0433693858,0.0914384104,0.0258933458
774,0.436648502,1,0.693647462,116.186044,0.438515248,0.293586513,69.2323658,2,0.15915693,0.076408843,0.218013829,0.0214023593,0.031567831,0.139704059,0.0560288059
775,0.435763859,1,1.27309132,116.401572,0.438643225,0.295971209,68.9040188,2,0.162524563,0.0711641837,0.216092127,0.0155827981,0.0391917947,0.112165333,0.0273051057
776,0.434060864,1.01775148,1.866072,116.642319,0.437885628,0.300940129,68.0928454,2,0.169782375,0.0755695507,0.212185308,0.0215754823,0.0334602412,0.123869319,0.06006239
777,0.433330257,0.982248521,2.461709,116.887927,0.436020667,0.304295484,67.174229,2,0.163464203,0.0700870329,0.225659917,0.00418323077,0.0392991752,0.0794775907,0.0354726856
778,0.434192764,1.00591716,3.05588184,117.10778,0.435132259,0.296893381,67.1473142,2,0.157934061,0.0621781287,0.216648333,0.0180042122,0.0317248027,0.105604582,0.0367612483
779,0.436944942,0.98816568,3.62758092,117.341907,0.435567217,0.288300659,68.2618646,2,0.166055952,0.0715168823,0.212271869,0.0287498105,0.0425267492,0.136270033,0.0578058083
780,0.43761211,1.00591716,4.18050435,117.572334,0.437108111,0.288162265,68.2994947,2,0.165192724,0.0706388692,0.206188368,0.0163971285,0.0387176225,0.104593983,0.0585560578
781,0.435943312,1.01775148,4.74673164,117.809784,0.43863376,0.291048266,68.7724895,2,0.167917682,0.0771868631,0.225956891,0.0174717766,0.0442723708,0.0920083349,0.0292364753
782,0.437327778,0.99408284,5.30917045,118.025338,0.439432771,0.292318856,68.9511558,2,0.176705788,0.068697683,0.22993048,0.00805523595,0.0489425744,0.111733155,0.0424915384
783,0.437072044,1.02366864,5.89051067,118.218628,0.439577905,0.29907454,68.685582,2,0.159666068,0.0763097471,0.207614428,0.0204455983,0.0526529877,0.12519108,0.0485084427
784,0.436799071,1.00591716,6.48080104,118.447403,0.439500792,0.301896054,68.2765017,2,0.163762516,0.0743894411,0.218372727,0.00976479854,0.0519793494,0.121933124,0.0372462345
785,0.434351595,1.01183432,7.07149429,118.703825,0.438466601,0.306533674,67.1714293,2,0.172992098,0.0741961039,0.205774885,0.0128140792,0.0530273695,0.0958407995,0.069336076
786,0.433919525,0.99408284,7.68264792,118.950824,0.436865647,0.299155087,66.3252449,2,0.166916374,0.0760232793,0.225571833,0.00674666222,0.0496891159,0.100883745,0.0425025428
787,0.435310686,0.982248521,8.26128391,119.176805,0.436619497,0.289944768,67.3954825,2,0.160332561,0.0655464993,0.220966777,0.0295835224,0.043552765,0.130423466,0.0213936752
788,0.436727861,1.01775148,8.83311284,119.417084,0.436869402,0.285834205,68.335303,2,0.162766936,0.0732738647,0.201985678,0.0235607208,0.037564787,0.134600231,0.0619409426
789,0.43611481,0.98816568,9.4061089,119.661553,0.437506252,0.287764129,68.7205789,2,0.166586759,0.0711387545,0.21158612,0.0101635967,0.043938995,0.0855771901,0.0523029705
790,0.43493276,1.03550296,9.9790858,119.900462,0.437934115,0.287843037,69.3553715,2,0.171548216,0.077668129,0.208434367,0.0149186559,0.0389574,0.0995386297,0.0589492781
791,0.436129255,1.01183432,10.5563061,120.109205,0.438066224,0.290232236,69.1823903,2,0.180567283,0.0733544559,0.223292224,0.0162109717,0.035492506,0.139845904,0.0407350805
792,0.435911022,1.02366864,11.1348597,120.304653,0.437781419,0.294407673,68.7801928,2,0.161010202,0.0694079579,0.21326167,0.0144463287,0.0288789705,0.109244931,0.0445146123
793,0.435308707,0.98816568,11.7273554,120.532914,0.437545384,0.298053658,67.7750105,2,0.167614929,0.0746288498,0.212283567,0.0233332622,0.0396612798,0.126389301,0.0377381288
794,0.434474905,0.98816568,12.3051873,120.791042,0.436830241,0.302403725,66.9454202,2,0.168610026,0.0692454493,0.216036206,0.0117730373,0.0326918423,0.0843749319,0.0589602305
795,0.435269215,1.01775148,12.8938916,121.021601,0.436817381,0.292819157,66.9757614,2,0.170217057,0.0794903589,0.220394085,0.0178982177,0.0419724442,0.125953799,0.0263108883
796,0.437059893,1,13.464957,121.252319,0.437007054,0.287931497,68.6206968,2,0.163514952,0.0700731224,0.220315006,0.0227222847,0.0404947283,0.146393419,0.0292444932
797,0.437539021,1.02366864,14.0142076,121.486199,0.438026332,0.290914505,69.3747814,2,0.16384686,0.0730433115,0.205797976,0.00240799291,0.0418135113,0.11244106,0.099244416
798,0.435388577,1.00591716,14.5942145,121.729897,0.438539264,0.294284616,69.5293517,2,0.167654644,0.0746593512,0.223322877,0.0164205161,0.0444606394,0.0823228248,0.027413045
799,0.435698112,0.99408284,15.169067,121.96085,0.438730477,0.294837399,69.4788471,2,0.174516672,0.0657574755,0.223646865,0.00797613978,0.0367733053,0.088222337,0.0251406658
800,0.435709711,0.99408284,15.7664834,122.161978,0.437951661,0.297656901,68.8655731,2,0.158780905,0.0767356336,0.215411341,0.0283951646,0.0303624405,0.131468991,0.0631330852
801,0.435897915,0.99408284,16.3567063,122.373652,0.437519729,0.298918596,68.0755367,2,0.162088318,0.0706045316,0.218457089,0.0174597573,0.0423551525,0.122224081,0.0245835791
802,0.434584644,1.00591716,16.946238,122.6163,0.436736573,0.30136722,66.6420289,2,0.171034969,0.0737831442,0.207595351,0.0187257701,0.0439116617,0.109352094,0.0903315234
803,0.434426931,1,17.5227048,122.871416,0.43627353,0.298981733,66.4498235,2,0.164417262,0.0713896958,0.225239499,0.00419742657,0.0417350444,0.0763350848,0.0324602568
804,0.435564925,1,18.0969012,123.093203,0.436373595,0.290696217,66.9242921,2,0.157764082,0.0614477371,0.224047473,0.0246997754,0.0411889128,0.108760611,0.0279122121
805,0.437507491,1.01183432,18.6590634,123.324762,0.437144397,0.290513805,68.5228608,2,0.1613244,0.0736195866,0.213612708,0.0251528258,0.0424812389,0.136144822,0.0621439654
806,0.436809956,0.98816568,19.2193063,123.563356,0.438215785,0.293313303,69.0138568,2,0.16505244,0.0713911525,0.209808741,0.0177723903,0.0415601286,0.104420626,0.0520245969
807,0.434983745,1.01775148,19.7996111,123.803851,0.438468881,0.298734722,69.2004172,2,0.168743924,0.0780396831,0.225886716,0.01872694,0.0405234339,0.10555338,0.0301415023
808,0.436222559,1,20.3741826,124.027494,0.438499065,0.29817891,69.2988542,2,0.177721603,0.069614214,0.229820823,0.0118166267,0.0462030652,0.115098132,0.0476888502
809,0.43623403,1.02366864,20.962735,124.219681,0.438095208,0.301812042,68.8422158,2,0.159682518,0.0725386866,0.206996024,0.0138908418,0.0539804665,0.13656831,0.0582696226
810,0.437007866,0.98816568,21.5589307,124.443133,0.438007751,0.300790522,67.5824061,2,0.164983293,0.0740079228,0.216110797,0.019193012,0.0493505788,0.125535624,0.0428077516
811,0.435393601,0.99408284,22.1402791,124.702659,0.437740811,0.302267829,66.3641659,2,0.16722904,0.0722833883,0.205460931,0.014943429,0.0482476699,0.102962782,0.0575184485
812,0.435398532,1.01183432,22.7271313,124.954847,0.43765343,0.29425175,66.5296775,2,0.167611426,0.077347322,0.225774806,0.00314262604,0.0509339312,0.101077767,0.039718121
813,0.436405954,1,23.2990116,125.177096,0.437736378,0.289446454,67.731508,2,0.160922057,0.067386927,0.223122424,0.0251138525,0.0456342762,0.134608143,0.0198980475
814,0.43704365,1.04142012,23.8628376,125.41456,0.438137767,0.290905524,68.7764306,2,0.162727503,0.0747305428,0.204083469,0.0189673522,0.041213903,0.135220987,0.0682954344
815,0.435225812,0.982248521,24.4404622,125.666099,0.438462509,0.29370425,69.3478002,2,0.16665779,0.0723440991,0.215233165,0.0115694648,0.047376235,0.0848343463,0.0467326291
816,0.434138853,1.01775148,25.0257004,125.908058,0.43775132,0.294405483,69.2996355,2,0.172276568,0.0732267883,0.201375282,0.0151353204,0.0559399115,0.0964833629,0.0389483724
817,0.434940955,1,25.6185397,126.120589,0.437026753,0.292013839,68.9001021,2,0.181539683,0.0733963161,0.220986936,0.0209168484,0.0313656579,0.144308816,0.0379763235
818,0.435230634,1.01775148,26.2005642,126.317243,0.436325641,0.294097905,67.9543475,2,0.161206922,0.0675351029,0.215416979,0.0184309632,0.0293491368,0.109272838,0.0284015444
819,0.435176166,0.98816568,26.7892672,126.547518,0.435975298,0.295255946,66.5589014,2,0.1685823,0.0729945853,0.210414858,0.0251309976,0.0341103117,0.129877296,0.0475171983
820,0.435185247,1.00591716,27.3465307,126.807693,0.436422446,0.298812616,66.2098973,2,0.168870205,0.0687492855,0.219571146,0.0101772879,0.0308321392,0.0772224061,0.0483199306
821,0.436298059,0.99408284,27.9183184,127.039638,0.43705801,0.292122216,67.0237015,2,0.170598725,0.07843175,0.216421996,0.0217356837,0.0320418766,0.120162641,0.0449718482
822,0.438099724,1,28.4795872,127.264913,0.437902038,0.293663397,68.5442261,2,0.160389272,0.0717737871,0.223828613,0.0209970169,0.0422609477,0.146351254,0.0319036421
823,0.43773793,1.0295858,29.028236,127.506145,0.439154084,0.297323997,69.4712203,2,0.164158512,0.0738981164,0.209402605,0.00242102304,0.0440625355,0.108550412,0.0990705872
824,0.435553179,1.00591716,29.6104722,127.756676,0.439501626,0.30177453,69.8967225,2,0.168073069,0.0761101086,0.227423997,0.0162437853,0.0461138251,0.0819396215,0.0252683763
825,0.435793945,1,30.1979509,127.983715,0.439350492,0.299602237,69.4110372,2,0.174967982,0.0664656084,0.227943982,0.00951686052,0.0445496574,0.0981825314,0.0270360808
826,0.435804512,1,30.807793,0.189332428,0.438078596,0.297705327,68.8593231,2,0.159208319,0.0763184756,0.209911871,0.0328053839,0.0372275165,0.124972513,0.0699347499
827,0.43608864,0.982248521,31.4032841,0.408285976,0.437647446,0.296823329,67.9064349,2,0.162629468,0.0712954013,0.215791248,0.0171898478,0.0456189917,0.123338254,0.0308650031
828,0.43474354,1.01183432,31.9930992,0.649580964,0.436728638,0.298929989,66.2628766,2,0.171767175,0.0736051866,0.204535635,0.0168737128,0.047583024,0.0979278356,0.0937693197
829,0.434264919,1.00591716,32.573847,0.910793193,0.436107581,0.296561092,66.1848121,2,0.16521636,0.0726158766,0.225095372,0.00443293229,0.0451869726,0.0846132172,0.0386907769
830,0.435314828,0.98816568,33.1431425,1.13057296,0.436227886,0.290920856,66.780653,2,0.158486601,0.0632783175,0.223016334,0.0269796454,0.0419605801,0.111735126,0.0261533263
831,0.437167992,1.00591716,33.7020934,1.36579478,0.437233179,0.29240993,68.2664878,2,0.161965543,0.0743389514,0.210632946,0.0251970683,0.044141884,0.131571716,0.0601510974
832,0.43625317,1.01183432,34.2639715,1.61305284,0.438115152,0.295411941,68.9230691,2,0.165828951,0.0712763255,0.209768538,0.0185638904,0.0449402383,0.0990734526,0.0549773299
833,0.435044886,1.0295858,34.8433866,1.84817901,0.438604163,0.297259964,69.0579607,2,0.169427916,0.0792500943,0.224874263,0.017274909,0.0412024918,0.106556615,0.0306055191
834,0.436439599,1.01183432,35.419005,2.0648648,0.438610717,0.293541996,69.1350379,2,0.178421954,0.0703624812,0.227518824,0.0132613736,0.0448876422,0.127703502,0.0462628408
835,0.436421211,1.0295858,36.0028816,2.26143095,0.438134914,0.296011024,68.6366233,2,0.160334859,0.0712511363,0.207120942,0.00409393091,0.0470747031,0.134075238,0.0744226439
836,0.436620006,0.976331361,36.5977071,2.49072329,0.437992423,0.296436493,67.4287226,2,0.165589173,0.074278836,0.214584847,0.016463772,0.0482296514,0.121037631,0.0390907658
837,0.434869443,1.01775148,37.1816787,2.75166812,0.437445338,0.30148542,66.3345209,2,0.167994814,0.0711406721,0.207566037,0.0153257573,0.0423930581,0.10421661,0.0627607392
838,0.435087069,1.02366864,37.7737948,2.99866378,0.437076312,0.294348615,66.2979961,2,0.168340544,0.0781718752,0.224330364,0.0115051284,0.0473979415,0.116930616,0.0362540966
839,0.436235752,1,38.3454119,3.22768872,0.437163,0.28990266,67.9427467,2,0.161647061,0.0686209376,0.221229955,0.0257421994,0.04227758,0.136109589,0.0195351384
840,0.436928312,1.02366864,38.9022867,3.4681094,0.437845738,0.291598957,68.9810794,2,0.163564209,0.074382026,0.204100348,0.014780764,0.0384889374,0.128028026,0.0840074597
841,0.434985211,0.970414201,39.4774928,3.71834559,0.438339692,0.293344205,69.410491,2,0.16747415,0.072599942,0.218028732,0.0134246661,0.0432703507,0.0758854483,0.0387708133
842,0.434617789,1.02366864,40.0617226,3.94870768,0.438104608,0.289627828,69.454605,2,0.172839415,0.0667268501,0.207115622,0.0117680386,0.033811624,0.111677262,0.058144297
843,0.435605369,1,40.648956,4.1578833,0.437482958,0.289430624,69.1150734,2,0.182014938,0.0739587248,0.218073902,0.0223920698,0.0292957004,0.146057616,0.0437533556
844,0.435474407,1.01775148,41.2298542,4.36427324,0.436897215,0.290062749,68.2957195,2,0.161941769,0.0683339636,0.213643205,0.0167817394,0.0327158942,0.110463994,0.0301179565
845,0.434708261,1.01183432,41.8159142,4.59795133,0.43656129,0.295500462,67.2229076,2,0.16899866,0.0737749582,0.211738908,0.0244760702,0.0327957529,0.128654724,0.0507288217
846,0.434625829,0.99408284,42.3872707,4.84995029,0.435996375,0.301110298,66.6477258,2,0.162301105,0.0686380159,0.223440554,0.00601694289,0.0326304252,0.0744608942,0.0331948379
847,0.435493635,1,42.9672434,5.07829112,0.436034304,0.294944506,66.9888625,2,0.171363178,0.0713087534,0.20418524,0.0192595366,0.0572649414,0.115474641,0.0314110098
848,0.437858994,0.99408284,43.5268782,5.31103218,0.436932588,0.294941813,68.6423792,2,0.161109878,0.0720479599,0.220926508,0.0232137615,0.0446279842,0.142507207,0.0422748268
849,0.437716679,1.01183432,44.0729757,5.55086724,0.438577283,0.297948299,69.2148686,2,0.164857301,0.0732072791,0.209200678,0.00829194839,0.0439505316,0.100994633,0.089007676
850,0.435856924,1.00591716,44.6544501,5.79154561,0.43929057,0.299327338,69.3366628,2,0.1686179,0.0766099552,0.228541553,0.0166656869,0.0467509484,0.082032532,0.0230791701
851,0.436697359,1,45.2298792,6.01171563,0.439830481,0.296280764,69.3258281,2,0.175466862,0.0670512088,0.230316914,0.0103041257,0.050333021,0.109071434,0.0355888488
852,0.436546402,1.01775148,45.8299057,6.21415642,0.439074084,0.297159232,68.8103553,2,0.159596194,0.0765793725,0.208647705,0.0287581513,0.043676772,0.124227503,0.0653319985
853,0.43652457,0.99408284,46.4213738,6.44230552,0.438891217,0.297153374,68.0887006,2,0.163161024,0.0726079574,0.215986252,0.0122408453,0.0488081007,0.120756367,0.0335721584
854,0.434493185,1.0295858,47.0128443,6.69027341,0.437718533,0.302307095,66.8400082,2,0.172075692,0.0743819872,0.205316958,0.0151973825,0.0498742993,0.0938556286,0.0872372296
855,0.434000996,0.98816568,47.612449,6.94406439,0.436232216,0.299621726,66.1418447,2,0.165819516,0.0737728567,0.225411877,0.00837146757,0.0470450153,0.0960612808,0.0446194132
856,0.434865854,0.98816568,48.190668,7.1665518,0.435933171,0.293208369,66.7676281,2,0.159229188,0.0644734067,0.221698328,0.0301687192,0.0411782256,0.117217281,0.0230729923
857,0.436964015,1.01775148,48.7545836,7.40756655,0.436634371,0.291477382,68.0587839,2,0.162618227,0.073752825,0.206505477,0.0261821062,0.0410132674,0.13212838,0.0552372716
858,0.436261627,1,49.3196366,7.6550787,0.437636403,0.29224553,68.3634915,2,0.166485605,0.0707666545,0.209996265,0.0163063566,0.0437116442,0.091424957,0.0604229131
859,0.435390113,1.01775148,49.893476,7.88794574,0.438542615,0.290695867,68.9279763,2,0.170210562,0.080195352,0.222481377,0.0159208127,0.0384247065,0.109742862,0.0309701118
860,0.43667568,1.00591716,50.4663486,8.10148766,0.438673163,0.290021341,69.0465818,2,0.179161697,0.0714108546,0.225754936,0.014263392,0.0413213381,0.137234438,0.041038576
861,0.436644554,1.0295858,51.0419313,8.30059011,0.438499582,0.292782274,68.6994526,2,0.16094672,0.0710069208,0.208189533,0.00455247401,0.0404644715,0.125001583,0.077255857
862,0.436207365,1.01183432,51.630573,8.53484266,0.438536187,0.296045157,67.892337,2,0.166102703,0.0747653794,0.215067842,0.0161945746,0.0477139211,0.11821683,0.0340868852
863,0.434285276,1.01775148,52.2216038,8.79219532,0.43729174,0.303613173,67.0018828,2,0.17533756,0.0698592379,0.2119316,0.0136004441,0.0357708475,0.0988788642,0.0676676446
864,0.434550057,1.01775148,52.8221916,9.02896618,0.436456341,0.296917528,66.4138297,2,0.169096744,0.0784075897,0.221972457,0.0194413992,0.041543154,0.128079977,0.0262092928
865,0.436344712,0.98816568,53.3932094,9.26636182,0.436574984,0.29043134,68.2315402,2,0.162393897,0.0689720505,0.21978872,0.0263159677,0.0422812868,0.1383176,0.0228548328
866,0.437176759,1.0295858,53.9464876,9.50369939,0.437525549,0.291210962,68.9727986,2,0.164120303,0.0737346818,0.20452137,0.0110167026,0.0386131387,0.117879874,0.0961751408
867,0.435448541,0.98816568,54.5208355,9.74685379,0.438301225,0.291550191,69.1335218,2,0.167919591,0.0731851391,0.220790226,0.0136524914,0.0414040877,0.0731496816,0.0310676107
868,0.435729019,1.01183432,55.0951322,9.97141153,0.438705652,0.288756324,69.4829123,2,0.17336144,0.0641576507,0.219164503,0.0100065056,0.0351740613,0.0895031577,0.0332613098
869,0.436227358,0.99408284,55.6812038,10.1783295,0.438168283,0.291388481,69.2289148,2,0.182518809,0.0754552498,0.217339588,0.0230680726,0.030298287,0.142837547,0.0527085949
870,0.4355919,1.01183432,56.2640954,10.391842,0.43781007,0.292259378,68.60916,2,0.162372531,0.0698422362,0.214546487,0.0162061563,0.0372895889,0.112407008,0.0283005882
871,0.434376808,1.01775148,56.8539653,10.628173,0.437263335,0.297409547,67.590178,2,0.169593208,0.0746650202,0.211344874,0.0227771276,0.0327967597,0.125848653,0.0589929918
872,0.433955023,0.98816568,57.4381967,10.8757275,0.435970856,0.302233486,66.8380581,2,0.163096823,0.0694553238,0.224987092,0.00398621069,0.0370330841,0.0765080394,0.0322813342
873,0.434693671,0.99408284,58.0260696,11.0985299,0.435426262,0.295773263,66.9256495,2,0.157789529,0.064042586,0.212291998,0.00771330408,0.0407933452,0.117074006,0.054009483
874,0.437290051,0.99408284,58.5906055,11.3336149,0.436062054,0.292204188,68.4308788,2,0.161462733,0.0719292633,0.216125373,0.0263978814,0.0445724762,0.138770313,0.0529907373
875,0.437621355,1.00591716,59.1386271,11.5666293,0.437799367,0.293127427,68.6497676,2,0.165103583,0.0717281012,0.207557216,0.0145140293,0.0415494345,0.102727095,0.0686090065
876,0.435918203,1.01775148,59.7117203,11.8048283,0.43895762,0.29495431,69.0033246,2,0.168825442,0.0771122092,0.227484501,0.0172812587,0.0466386702,0.0877791678,0.0267013143
877,0.437064548,0.99408284,60.2808918,12.0233252,0.439504759,0.293522024,69.181544,2,0.176263935,0.06793648,0.230339394,0.00900518943,0.0499452565,0.112214126,0.0396528402
878,0.43685763,1.01775148,60.868866,12.2192629,0.439334539,0.298305954,68.7854238,2,0.159675983,0.0762769187,0.207934338,0.0238160114,0.0498728807,0.124591235,0.0542316544
879,0.436795892,1.00591716,61.4584163,12.4478964,0.439308427,0.299920218,68.1666636,2,0.163412754,0.07364827,0.217696785,0.0103939486,0.0510731957,0.121674613,0.0360801931
880,0.43449844,1.01775148,62.0487948,12.701422,0.43826977,0.305107784,67.0459641,2,0.172637418,0.0743405525,0.205729234,0.0133439939,0.0523643885,0.0936078365,0.0772998106
881,0.433992018,0.99408284,62.6562368,12.9516337,0.43670663,0.299889831,66.2812458,2,0.1665037,0.0752419626,0.225881291,0.00819601352,0.0483662502,0.100407774,0.0438397161
882,0.435247427,0.98816568,63.2353196,13.1759782,0.436424511,0.291847024,67.1909705,2,0.159926868,0.0652276257,0.221490923,0.0305356636,0.0430246525,0.125634608,0.0225504129
883,0.436924325,1.00591716,63.8042482,13.4164002,0.436883794,0.288344229,68.2479727,2,0.162756254,0.0735509246,0.203717132,0.0252003326,0.0383742054,0.133969926,0.0579201332
884,0.436269309,0.99408284,64.3741057,13.6626053,0.437670812,0.289685241,68.5847672,2,0.166603207,0.0709701814,0.211129618,0.0124669413,0.0438834547,0.0868521347,0.056586527
885,0.435072904,1.0295858,64.9483088,13.8982357,0.438294738,0.288981557,69.2076794,2,0.171067325,0.0794809587,0.215496794,0.0154723548,0.0294667218,0.114495113,0.0398954589
886,0.436349712,1.01183432,65.5244587,14.1096399,0.438328316,0.28955376,69.197225,2,0.180069667,0.0725674659,0.224000608,0.0152940249,0.0374798559,0.139881429,0.0408483487
887,0.436257795,1.0295858,66.1008508,14.3069381,0.438087333,0.293092804,68.8234159,2,0.161045908,0.0697951388,0.211141797,0.0111145653,0.0318671659,0.113856158,0.0589375841
888,0.435678286,0.99408284,66.6918718,14.5373825,0.437937217,0.296841197,67.904765,2,0.167060497,0.0746520291,0.21360611,0.0211686567,0.0426652624,0.123404592,0.0346911554
889,0.434438899,1.00591716,67.274865,14.7936457,0.436978218,0.303323748,67.0202047,2,0.168650713,0.0692829218,0.215158544,0.0123569914,0.0330033268,0.0891872085,0.0630440652
890,0.435055485,1.01775148,67.8682713,15.026328,0.436669969,0.294553477,66.8068175,2,0.169816739,0.079045925,0.221075549,0.0187593297,0.0414909125,0.127228502,0.0256835376
891,0.43691726,0.98816568,68.4381493,15.2602851,0.436897941,0.289213793,68.5335622,2,0.163096083,0.0697285196,0.220481072,0.0239336685,0.0417134961,0.143784509,0.0263054643
892,0.437514936,1.02366864,68.9884408,15.4954034,0.437935502,0.291154196,69.2545859,2,0.163990678,0.0734227028,0.205401378,0.0055085535,0.0414123288,0.113701403,0.100269319
893,0.435470764,1.00591716,69.5664179,15.7391694,0.438551944,0.293208667,69.4102521,2,0.167799522,0.0742432137,0.222820998,0.0153005609,0.0435445789,0.0776884819,0.028036813
894,0.435857553,1.01183432,70.1407932,15.966626,0.438886262,0.29209489,69.5443595,2,0.174074894,0.0651746295,0.222411035,0.00897829256,0.0373659577,0.0889184917,0.0266910802
895,0.435942625,0.98816568,70.7349074,16.1706282,0.438109716,0.294292,69.0608276,2,0.183357928,0.0764181419,0.215833788,0.0264019581,0.0299475086,0.136206212,0.0601664697
896,0.43574351,1,71.3224556,16.3843851,0.437718307,0.295408896,68.3626427,2,0.162256018,0.070328571,0.216718885,0.0160097479,0.0409539465,0.117842729,0.0244655269
897,0.434461948,1.01183432,71.9127671,16.6226755,0.43699,0.299972931,67.0349899,2,0.170511986,0.0742246507,0.208791092,0.0207291094,0.0392320656,0.116510729,0.0805272149
898,0.434086425,1,72.4939143,16.8753629,0.436076587,0.300791641,66.5480189,2,0.163967411,0.0706973393,0.225348741,0.00413120728,0.0402748486,0.0766212349,0.0335299507
899,0.435198333,0.99408284,73.0725824,17.0975428,0.435943638,0.292390305,66.8919499,2,0.157774107,0.0617144007,0.220888364,0.0218457375,0.033695941,0.102150804,0.0255924683
900,0.437342466,0.99408284,73.6365634,17.3312702,0.436632357,0.290455939,68.4980743,2,0.161426098,0.0729461219,0.214105014,0.0259752138,0.0430728808,0.136939737,0.0593738562
901,0.437018393,1,74.1931749,17.5694206,0.437838131,0.292544729,68.9065892,2,0.165147198,0.0712918197,0.208438669,0.0171192608,0.0409972421,0.104156684,0.0559998909
902,0.435281609,1.01183432,74.7693162,17.8074299,0.438586518,0.296661259,69.1575909,2,0.168270566,0.0777890716,0.226633862,0.0181692947,0.0438486135,0.0980991899,0.0301806913
903,0.436654738,0.99408284,75.3408334,18.0275633,0.43884755,0.295310769,69.2334732,2,0.177200522,0.0689548777,0.229743066,0.0104474526,0.0476417294,0.114368669,0.0449649402
904,0.436570798,1.02366864,75.9275272,18.2202522,0.438605535,0.299701975,68.7824325,2,0.159691441,0.0741145838,0.206301251,0.0186822796,0.0548483363,0.132618024,0.0482839786
905,0.436914312,0.98816568,76.5203201,18.4446977,0.438557764,0.300781858,67.8009047,2,0.164380002,0.0739515944,0.217270509,0.0146944629,0.0505359166,0.124052442,0.0404455408
906,0.434839067,0.99408284,77.1067755,18.7032229,0.437835396,0.304609777,66.5513596,2,0.173543367,0.0729343082,0.20558226,0.0140023046,0.0513096104,0.100009177,0.0604991333
907,0.434817506,1,77.7011565,18.9542322,0.437205605,0.296760652,66.231486,2,0.16720557,0.0765067989,0.226028365,0.00489870785,0.0502406418,0.101493444,0.0413525599
908,0.43597434,0.98816568,78.2720924,19.1787237,0.437294469,0.290746949,67.441734,2,0.160501443,0.0664981778,0.222835048,0.0271479467,0.0449724488,0.131245446,0.0208532366
909,0.436911774,1.02366864,78.8382064,19.4201367,0.437607143,0.290528447,68.5849039,2,0.162814636,0.0742906362,0.204358307,0.0214424468,0.0396043321,0.135671806,0.0630040089
910,0.435603352,0.98816568,79.4123812,19.6693107,0.43817266,0.292829887,69.0950571,2,0.166707979,0.0717386947,0.214084727,0.0117426445,0.045665035,0.0850079163,0.0506020603
911,0.43464453,1.02366864,79.994285,19.9072154,0.438015935,0.292108709,69.2916886,2,0.171785703,0.0766405592,0.205826254,0.0157822655,0.0468536615,0.092819637,0.0598375268
912,0.435632545,1,80.5805097,20.1194791,0.437625298,0.290821662,69.047149,2,0.180945464,0.073102563,0.222226094,0.0187117584,0.0333836531,0.143783664,0.0387187244
913,0.435688665,1.02366864,81.1609084,20.3170887,0.437078685,0.293677463,68.3864395,2,0.161204511,0.0683548403,0.213848033,0.0158884994,0.027941819,0.10906819,0.0384066086
914,0.435229178,1,81.7521052,20.5481587,0.436754636,0.296380022,67.2237297,2,0.168001644,0.0737323304,0.21192905,0.0244395037,0.0367200599,0.128455615,0.0401802256
915,0.434933924,1,82.3198578,20.8052304,0.436615521,0.3008057,66.4950893,2,0.168831724,0.0687652436,0.218011153,0.0104950131,0.0310479701,0.0810327036,0.0536220173
916,0.435816338,1,82.9005566,21.0379469,0.436855989,0.292996151,66.8957967,2,0.170321197,0.0786073588,0.217832791,0.0216776646,0.0342618465,0.12492141,0.0372002579
917,0.437664042,0.99408284,83.4657915,21.2676378,0.437396209,0.291474522,68.5077327,2,0.163527992,0.0709235385,0.2220689,0.0221556124,0.0424912298,0.145161358,0.0304936641
918,0.437654837,1.0295858,84.012378,21.5070467,0.438642649,0.294946971,69.3617469,2,0.164172605,0.0737479713,0.207868226,0.00234428192,0.0433313462,0.109782382,0.100499987
919,0.435522392,1.00591716,84.5920528,21.7546805,0.43913853,0.29833727,69.6616214,2,0.168041882,0.0753329096,0.225923842,0.0160927999,0.0451805667,0.0794137235,0.0255983124
920,0.435902224,1.00591716,85.1733991,21.9806737,0.43923305,0.296245988,69.4089053,2,0.17458436,0.0657138772,0.226563071,0.00871172703,0.0435090069,0.0954408232,0.0252053873
921,0.435940135,0.98816568,85.7763829,22.1857759,0.438167338,0.296249537,68.8500367,2,0.159152748,0.0765145331,0.212428343,0.0303330483,0.0339030156,0.129543969,0.0688443538
922,0.436023748,0.98816568,86.3672573,22.4044344,0.437826199,0.296224302,68.0270804,2,0.162569287,0.0709857618,0.216249886,0.0158058769,0.0441585056,0.120584051,0.0274884022
923,0.434574379,1.01775148,86.958011,22.6458287,0.436899137,0.300031074,66.5742419,2,0.171218922,0.0741003249,0.20681348,0.0183829715,0.0440665633,0.105405201,0.0903206326
924,0.434179921,1,87.5400457,22.9018546,0.436078418,0.299178759,66.2429874,2,0.164688214,0.071847918,0.225674193,0.00435715348,0.0436550578,0.0821615955,0.038168608
925,0.435174632,0.99408284,88.1146012,23.1232846,0.436009145,0.292169773,66.700456,2,0.158176322,0.0626879855,0.222361622,0.0258600559,0.0377676901,0.106960064,0.023570226
926,0.437229109,0.99408284,88.6757232,23.3603394,0.436905087,0.291826983,68.2805251,2,0.161880303,0.0737811619,0.211802863,0.0256921756,0.0442211944,0.132801189,0.0597911019
927,0.436547669,1.01183432,89.2343426,23.6052414,0.437957079,0.294615652,68.823024,2,0.165706897,0.0712509301,0.208978071,0.0187730647,0.0432717919,0.101186161,0.0543701487
928,0.435281002,1.02366864,89.8127526,23.8399254,0.43866609,0.296285731,69.003755,2,0.16894926,0.0787976546,0.2259088,0.0171082618,0.0438450994,0.101174654,0.0317041277
929,0.436685607,1.01775148,90.3853671,24.0571864,0.438833464,0.293485058,69.1073978,2,0.177896361,0.0697590909,0.228409009,0.0127845561,0.0464747962,0.12445232,0.0451598126
930,0.436690638,1.0295858,90.9695841,24.2529944,0.4385033,0.296765188,68.6217927,2,0.160203037,0.0725134285,0.206009073,0.009953644,0.0516310787,0.13713509,0.0676275399
931,0.436782868,0.99408284,91.5615461,24.482673,0.438490287,0.29751374,67.5921236,2,0.165024157,0.0742828509,0.215603349,0.0136023549,0.0505162384,0.120164401,0.039763
932,0.434589185,1,92.1514344,24.7417398,0.437547362,0.303162827,66.3670107,2,0.174241163,0.0718019288,0.206368553,0.015175054,0.046742169,0.104966296,0.0568171282
933,0.434767294,1.00591716,92.7461466,24.9902248,0.436961774,0.296282721,66.1241908,2,0.167908541,0.0775025083,0.22496136,0.0105807084,0.0483105262,0.114188384,0.039345
934,0.435901663,0.98816568,93.3182099,25.2193438,0.436948606,0.290712684,67.6477784,2,0.161222029,0.0677948871,0.221286601,0.0271244526,0.0425583565,0.133704333,0.0197097084
935,0.436832003,1.02366864,93.877643,25.460533,0.437502904,0.291220482,68.6999612,2,0.163445828,0.0742540688,0.204132813,0.0176163547,0.0374855926,0.131432976,0.0761436055
936,0.435197589,0.976331361,94.4511678,25.7101034,0.438099385,0.292688693,69.155243,2,0.167345366,0.0720598652,0.216631038,0.0126864315,0.0428577062,0.0774922356,0.0434847637
937,0.434794428,1.01183432,95.0332494,25.9414729,0.438069555,0.288910329,69.4064342,2,0.172394522,0.0706778869,0.200845128,0.0134294131,0.0514010439,0.11271,0.0372092921
938,0.435904324,1.00591716,95.6170872,26.1509886,0.437663388,0.289281243,69.1461144,2,0.181516987,0.0736421014,0.219639193,0.0206769041,0.0305809292,0.147193409,0.0396161366
939,0.435633797,1.02366864,96.1964567,26.3554961,0.437178559,0.290634227,68.4474903,2,0.161804626,0.0686163606,0.213065745,0.0163678494,0.0303941236,0.109394252,0.035876001
940,0.434869189,1.00591716,96.7821375,26.5891467,0.436926701,0.29550483,67.4852592,2,0.168470898,0.0740554511,0.212568263,0.0242881451,0.0342325952,0.1283923,0.0427629617
941,0.434435198,1.01183432,97.3583422,26.8405615,0.436114948,0.302126248,66.7635969,2,0.161849097,0.0684522401,0.221935828,0.00693270165,0.031196477,0.0759981835,0.0381455606
942,0.435251147,1,97.9423979,27.0704702,0.436014475,0.295275729,66.9404887,2,0.170974967,0.0741910289,0.206199917,0.0261558432,0.0455260803,0.102743722,0.0512469017
943,0.437648362,0.99408284,98.5035541,27.3047886,0.436745525,0.293821538,68.6375034,2,0.164118032,0.0712979789,0.220720129,0.0234715717,0.0446237858,0.142686972,0.0383169056
944,0.437768007,1.02366864,99.0477299,27.5434522,0.438401377,0.296687049,69.2194334,2,0.164741441,0.0732705143,0.208448526,0.00582059492,0.0438540348,0.102192806,0.0953113591
945,0.435887807,1.00591716,99.6278095,27.7850002,0.439123717,0.297799401,69.3470921,2,0.168515628,0.0758391319,0.227669957,0.0163034912,0.0458557906,0.0792326147,0.0226561298
946,0.436689116,0.99408284,100.20143,28.0047893,0.439729284,0.295204907,69.3595427,2,0.175022337,0.0662288513,0.22979215,0.00957459683,0.0500725415,0.105752173,0.0332042476
947,0.436541061,1.01183432,100.799967,28.2081829,0.438929745,0.296604236,68.9012144,2,0.159502859,0.0767791551,0.210881708,0.0287191867,0.0398959223,0.125983161,0.0695554602
948,0.436396348,0.99408284,101.388687,28.4337772,0.438802868,0.297028298,68.2369819,2,0.163027769,0.0721609374,0.216398255,0.0125747939,0.0474393836,0.119700376,0.0306910991
949,0.434405327,1.0295858,101.97953,28.6782739,0.437703604,0.302364052,66.9873227,2,0.171555157,0.0748524599,0.207178378,0.016201676,0.0467254746,0.0996795784,0.0891448094
950,0.433882222,0.98816568,102.577302,28.9302576,0.43616596,0.301183928,66.2849222,2,0.165270343,0.0729440801,0.226066357,0.00731411721,0.0461526834,0.0912468422,0.0438269912
951,0.434702064,0.982248521,103.158579,29.1528333,0.435720827,0.293790521,66.7328271,2,0.158727795,0.0636828411,0.22188561,0.0295423802,0.039234226,0.113005865,0.022616049
952,0.437076287,1,103.723017,29.3933239,0.43646127,0.291026535,68.0684615,2,0.162395686,0.0734635386,0.207860423,0.0271007454,0.0422337172,0.131700741,0.0564489211
953,0.43661053,1.01183432,104.284783,29.6379573,0.437633632,0.291800811,68.3522032,2,0.166218082,0.0707324474,0.208815966,0.0176070818,0.0428968945,0.0964575637,0.0592500903
954,0.435598388,1.01775148,104.858079,29.87122,0.438699291,0.291056078,68.85785,2,0.169657487,0.0796821545,0.223992206,0.0161322565,0.0419825011,0.104425194,0.0332511505
955,0.436925812,1.01183432,105.428237,30.0854083,0.438969203,0.290359941,69.0458422,2,0.178566204,0.0708243087,0.226917307,0.0134994005,0.0439367537,0.132246982,0.0427210565
956,0.436882267,1.01775148,106.00587,30.2825952,0.438845925,0.293717305,68.7000544,2,0.16066555,0.0720339555,0.206767497,0.00335223051,0.046383625,0.131897203,0.078176868
957,0.436507402,1,106.595259,30.5156958,0.438885007,0.296562054,67.9815875,2,0.165550925,0.0748678704,0.215287508,0.0133926464,0.0500171606,0.117501649,0.0366475782
958,0.434246113,1.02366864,107.188883,30.7749056,0.437573175,0.303274885,67.0776223,2,0.174826295,0.0707415276,0.208794952,0.0148886751,0.0409422039,0.104384937,0.0653594025
959,0.434336924,1.01775148,107.79297,31.0128928,0.436535703,0.297099155,66.3013546,2,0.168640163,0.0781386292,0.22331522,0.0156330499,0.0458510019,0.123093008,0.0324164612
960,0.435972542,1,108.364891,31.2475143,0.43656671,0.289984047,68.0781622,2,0.161951417,0.0682727908,0.219747579,0.0270327571,0.0418968724,0.137129649,0.0207341421
961,0.436984454,1.0295858,108.921986,31.4848117,0.437309251,0.289750899,68.8757788,2,0.163825182,0.07361807,0.203546346,0.0135404915,0.0376789965,0.123433588,0.0898735631
962,0.435394934,0.970414201,109.495285,31.7281135,0.438050484,0.291057119,69.105533,2,0.167626774,0.0725562302,0.218820123,0.0130054393,0.0415134123,0.0743986891,0.03589962
963,0.435466695,1.02366864,110.070364,31.955501,0.438418391,0.287983234,69.5616934,2,0.172974438,0.0658569864,0.211260437,0.0117957264,0.029292972,0.102397303,0.0549323717
964,0.436141929,1.00591716,110.653818,32.1619829,0.438045818,0.290715086,69.2878379,2,0.182090914,0.0749288357,0.21917257,0.0209623635,0.0297445661,0.145135422,0.0448380367
965,0.435620236,1.00591716,111.234967,32.3699537,0.437665296,0.29244663,68.6604567,2,0.162030527,0.0694285827,0.214751102,0.0167938006,0.034040739,0.11090588,0.0297638279
966,0.434542813,1.01183432,111.824275,32.6037199,0.437247543,0.297529311,67.6911435,2,0.169129292,0.0745836433,0.211978809,0.0238084082,0.0329237507,0.128169693,0.0522500813
967,0.434036227,0.99408284,112.407738,32.8532836,0.436038877,0.302845113,66.8974742,2,0.162620903,0.0690663593,0.223822083,0.00491693998,0.0341394237,0.0746822555,0.0321534514
968,0.434917978,1.00591716,112.995185,33.0792224,0.435668814,0.295357557,67.081058,2,0.15748785,0.0671003141,0.205416953,0.00777174576,0.0560920368,0.129395299,0.0491897277
969,0.437370506,0.99408284,113.559887,33.3125306,0.436306214,0.292338179,68.7033805,2,0.164998232,0.071510549,0.218152991,0.0256533082,0.0434503853,0.142338858,0.0483297641
970,0.437763957,1.01183432,114.107713,33.5451061,0.43792786,0.294061341,69.0320233,2,0.164767283,0.0720284802,0.207906658,0.0114235109,0.0417909447,0.103035014,0.0787696845
971,0.435779345,1.00591716,114.683231,33.785428,0.43889412,0.29684557,69.2934798,2,0.168522312,0.0764938483,0.227737812,0.0173996194,0.0458507069,0.0860081987,0.0256625611
972,0.436890796,1,115.254207,34.0047294,0.439431435,0.295366901,69.4067447,2,0.175846982,0.067342835,0.230258,0.00795585041,0.0487489752,0.105449938,0.0362927382
973,0.436644708,1.01775148,115.846295,34.20055,0.439128068,0.299572132,68.9710334,2,0.159383594,0.0767435708,0.209910753,0.0269822621,0.0457832039,0.121005817,0.0627225225
974,0.436851861,1.00591716,116.436892,34.4234776,0.438994905,0.301099878,68.2919078,2,0.163076444,0.0730890584,0.218445324,0.0134145908,0.0493257334,0.124175475,0.0335407409
975,0.434837526,1.01183432,117.025267,34.6725706,0.438127859,0.305283587,67.0437684,2,0.172269793,0.074504297,0.206500132,0.0136143561,0.051219706,0.0946203188,0.0874451852
976,0.434158367,0.98816568,117.626062,34.9237778,0.436856713,0.300855956,66.3752058,2,0.166032219,0.0746130515,0.226611684,0.00536571163,0.0481604782,0.091613915,0.0403703703
977,0.435483508,0.976331361,118.204914,35.14759,0.436653653,0.291585674,67.1169482,2,0.159451781,0.0644147866,0.222907421,0.0297612065,0.0451616563,0.123881063,0.0259199828
978,0.436980271,1.02366864,118.77508,35.3872493,0.437089417,0.289238181,68.3586997,2,0.162300771,0.0738680516,0.205305651,0.026510084,0.0407577386,0.133119194,0.0576978129
979,0.436321324,1,119.347266,35.6316855,0.437749532,0.290533085,68.7336044,2,0.166120086,0.070989611,0.210279,0.013663299,0.0453137527,0.0926823938,0.0561859304
980,0.434895079,1.0295858,119.921553,35.8696606,0.438259284,0.291926824,69.1449588,2,0.170649264,0.0791874471,0.217923668,0.0158762768,0.0291415654,0.115225545,0.0333196742
981,0.436209776,1.01775148,120.50052,36.0832011,0.438191052,0.290813354,69.1385512,2,0.179695627,0.0719948835,0.225104718,0.0143194342,0.040044734,0.133352783,0.0461434432
982,0.436098524,1.02366864,121.077627,36.2764185,0.437910381,0.295101232,68.797207,2,0.160569039,0.0695940447,0.211325229,0.00883457952,0.0342819342,0.11733407,0.061381136
983,0.436030467,0.98816568,121.671785,36.5021291,0.437683028,0.297686076,67.6832993,2,0.166746635,0.0745134508,0.21335116,0.0210371656,0.0442044725,0.124284641,0.0380631618
984,0.43481584,1,122.24886,36.7632682,0.437244396,0.302129231,66.7892702,2,0.168176066,0.069965342,0.212062793,0.0146522743,0.0371772627,0.095700014,0.0681183835
985,0.435406047,1.01775148,122.838644,36.998431,0.437197324,0.293271049,66.8242578,2,0.169353812,0.0794733772,0.224776749,0.0105500015,0.050218087,0.116388967,0.0344513175
986,0.436973787,0.99408284,123.40905,37.2257206,0.437444103,0.28910718,68.4877901,2,0.162641406,0.0694897206,0.222049081,0.0232345546,0.0414492741,0.144225198,0.0214671652
987,0.437399527,1.0295858,123.964891,37.4608645,0.438149647,0.290878314,69.3898791,2,0.163451008,0.0736996628,0.204809399,0.00752988125,0.0417141254,0.121512124,0.0966886689
988,0.435286975,0.99408284,124.544885,37.7078477,0.438560582,0.294168917,69.6540964,2,0.16731012,0.073928991,0.220852195,0.0143869792,0.0452972042,0.0809162091,0.0320135717
989,0.435031396,1.01775148,125.124572,37.942451,0.438385959,0.294619838,69.5827146,2,0.173821433,0.0659863801,0.216950378,0.0100069774,0.0284187245,0.0924987737,0.0449916697
990,0.43524175,0.99408284,125.722268,38.1481556,0.437521596,0.295222914,68.9718923,2,0.183160431,0.0759280347,0.217434372,0.026139755,0.0275133268,0.138992744,0.0516686497
991,0.435337467,1,126.311871,38.3545765,0.436801144,0.296104676,68.1160769,2,0.161790258,0.0691758974,0.217430614,0.0182468585,0.0384875689,0.118519351,0.022953144
992,0.434644184,1.00591716,126.901101,38.591141,0.436157225,0.298765982,66.6689272,2,0.170329709,0.0732373133,0.208014544,0.0220959084,0.0386478697,0.119628077,0.0797728451
993,0.434632802,1.00591716,127.467523,38.8472765,0.436109908,0.298873089,66.5386429,2,0.169488696,0.0701421514,0.224121612,0.0054255344,0.0370521255,0.0724100075,0.0305246618
994,0.435709727,0.99408284,0.040422697,39.071317,0.436379537,0.291483744,67.069358,2,0.172506605,0.0619902136,0.219098736,0.0160283079,0.0322868022,0.100092476,0.0350971852
995,0.437721274,1,0.600612229,39.2978649,0.437266709,0.292639729,68.6635312,2,0.160904139,0.0731773766,0.218148027,0.0235594787,0.0415620833,0.142327569,0.0546966022
996,0.437072003,1.00591716,1.15754793,39.5355372,0.438382451,0.294988767,69.2821098,2,0.164617768,0.0719672849,0.209752553,0.0148745863,0.0407325061,0.105079394,0.0638364321
997,0.435028382,1.00591716,1.74035562,39.7779029,0.438610298,0.301131212,69.4219006,2,0.167818057,0.0773225351,0.227209213,0.0192190824,0.0442397279,0.0987123073,0.0293806433
998,0.435939583,1.00591716,2.31738764,40.0057729,0.438577812,0.300292294,69.4291829,2,0.176834182,0.0685076635,0.230287312,0.0104264968,0.0466314439,0.107383981,0.0421785664
999,0.436019027,1.01775148,2.91290918,40.1997699,0.437998973,0.30271574,68.8870676,2,0.159371404,0.0742924432,0.20649757,0.0246346741,0.0537999978,0.127984606,0.0450244784
1000,0.436949839,0.98816568,3.50795305,40.4217032,0.43786177,0.301103309,67.7046875,2,0.164186766,0.0731428072,0.217027151,0.0189660817,0.0489984703,0.127219365,0.0402320452
1001,0.435428794,0.99408284,4.08851296,40.6748308,0.437573875,0.302955617,66.3003369,2,0.166794232,0.0729905639,0.204910679,0.0137201338,0.050929506,0.0970673359,0.0703848595
1002,0.435179805,1.00591716,4.67333706,40.9325337,0.437366661,0.295256472,66.4693361,2,0.166770891,0.0757969329,0.226159666,0.00203088301,0.0495098394,0.0935774553,0.0385256474
1003,0.436221001,1,5.24211257,41.1528318,0.437610433,0.290623608,67.3774462,2,0.160033009,0.065987331,0.224302698,0.0259787815,0.0476113606,0.128164872,0.0238290787
1004,0.43712078,1.01775148,5.80595571,41.3894898,0.438219323,0.292315164,68.4771025,2,0.162335778,0.0750851923,0.20619482,0.022752607,0.0421996345,0.134836438,0.057534648
1005,0.435735703,1,6.38097918,41.6392534,0.438677348,0.294877071,69.0768265,2,0.166238335,0.0719581761,0.213309731,0.0131577771,0.0480004589,0.090547776,0.052609261
1006,0.434382592,1.0295858,6.96742156,41.882128,0.438117509,0.296432957,69.0895691,2,0.171365962,0.0781496562,0.211485996,0.016475698,0.0359731843,0.106612838,0.0553806846
1007,0.435316832,1.00591716,7.55844222,42.1005459,0.43744845,0.292476387,68.9266352,2,0.18060066,0.0724943239,0.223101165,0.0183270507,0.0357248349,0.140708622,0.0412142364
1008,0.435541229,1,8.14045049,42.2953238,0.436862062,0.294845918,68.1755569,2,0.160864434,0.0678779821,0.213790302,0.015320223,0.0271968142,0.109667739,0.040186226
1009,0.435613843,0.976331361,8.73583956,42.5249878,0.436397684,0.295107537,66.7921066,2,0.167747493,0.0734144589,0.211009411,0.0246367384,0.0372099176,0.128522565,0.0396516784
1010,0.435305937,0.99408284,9.29671317,42.7867139,0.436817552,0.298780819,66.1933087,2,0.168542405,0.0690815476,0.215383524,0.0124093711,0.0317490922,0.0850932952,0.0612143182
1011,0.436115576,1.01183432,9.8741782,43.0233193,0.437269834,0.291096883,66.8921024,2,0.169909034,0.0794312213,0.221945257,0.0163006894,0.0417413637,0.12493525,0.0256250023
1012,0.437683565,1,10.4388094,43.2484084,0.437842032,0.291383317,68.3991346,2,0.163106397,0.0709439574,0.223088859,0.0215003394,0.0422269616,0.144510788,0.0255594507
1013,0.437468675,1.02366864,10.9879895,43.4902788,0.438849702,0.29500582,69.435946,2,0.163910606,0.074224623,0.207357401,0.00384887799,0.0431947665,0.114510383,0.100677854
1014,0.435211095,1.01183432,11.5677078,43.7422664,0.439195181,0.299171225,69.9028658,2,0.167847913,0.075037994,0.224590944,0.0157144493,0.0456430594,0.0787175459,0.0275460476
1015,0.435192158,1,12.1555435,43.9709635,0.438848874,0.296714006,69.4496152,2,0.174305368,0.0653150645,0.223913158,0.00872974262,0.0395792014,0.0919903264,0.0242758697
1016,0.435457757,0.98816568,12.7603372,44.1782862,0.437633287,0.294726809,68.8917797,2,0.183755268,0.0758866185,0.212559273,0.0307514734,0.0311226943,0.132585629,0.0661496778
1017,0.43569716,0.99408284,13.352319,44.3940254,0.437085603,0.29386463,67.9312241,2,0.162406647,0.069939919,0.215253085,0.0168258898,0.0422950697,0.119709294,0.0263253545
1018,0.434690776,1.01183432,13.9421581,44.6314639,0.436365297,0.29709045,66.2969529,2,0.170971221,0.0735502684,0.206446781,0.019848299,0.0417813845,0.109380035,0.088433264
1019,0.4345893,1.01183432,14.514359,44.8908061,0.435951127,0.297143636,66.2892389,2,0.164286859,0.0711363179,0.225072526,0.00405780358,0.0413512348,0.0784659871,0.0354896694
1020,0.435428816,0.99408284,15.0842231,45.1127786,0.436200068,0.291858626,66.8086307,2,0.173190986,0.0628737013,0.221302807,0.0218394959,0.0335847089,0.101417727,0.024571598
1021,0.437494069,0.99408284,15.6425343,45.3466647,0.437215931,0.293541871,68.3788876,2,0.161666636,0.0740714626,0.214646289,0.0243835717,0.044826415,0.13464929,0.0586167862
1022,0.43656066,1.00591716,16.198696,45.5924834,0.438354514,0.29646522,68.9671653,2,0.165507554,0.0718858306,0.209065318,0.0181490678,0.0434456412,0.101910338,0.0556188424
1023,0.435148989,1.01775148,16.781329,45.8284576,0.438844743,0.298614203,69.036917,2,0.168458266,0.078600277,0.226863246,0.0174933907,0.0461316444,0.0972998607,0.030502621
1024,0.436466853,0.99408284,17.3564125,46.0480207,0.438991625,0.294794709,69.057299,2,0.177443945,0.0692560382,0.228610646,0.0127828032,0.0476982409,0.121974015,0.0442187419
1025,0.436464387,1.0295858,17.9470535,46.2458424,0.438375506,0.296473039,68.478222,2,0.160091288,0.0729659301,0.204672947,0.014836003,0.0529106043,0.137449431,0.0595285971
1026,0.436703343,0.99408284,18.5390671,46.4770551,0.438315202,0.296309856,67.4123163,2,0.164672923,0.0737694769,0.215023684,0.012999036,0.0505114402,0.120102535,0.0399058839
1027,0.434608582,1.00591716,19.1272488,46.7352796,0.437411553,0.301961644,66.1564605,2,0.173863263,0.0720795228,0.204839102,0.0147873995,0.0488504889,0.102798781,0.0545844706
1028,0.434675095,1,19.7205647,46.988453,0.436698039,0.296062066,65.9142872,2,0.167508824,0.0766869553,0.224797161,0.0106486745,0.0475771441,0.11277417,0.0409809645
1029,0.435573886,0.982248521,20.2909872,47.2156426,0.436722269,0.291444732,67.3302967,2,0.160796675,0.0673203566,0.221519552,0.0274697743,0.0423411595,0.129348102,0.0201968421
1030,0.436674776,1.0295858,20.8492484,47.4583672,0.437339052,0.292642183,68.4565755,2,0.163411988,0.0744424901,0.205213359,0.0195410597,0.03690003,0.133424321,0.0676726706
1031,0.435284028,0.98816568,21.4199752,47.7105884,0.438044171,0.294069096,68.9742916,2,0.167352944,0.0716579313,0.215833518,0.0134882813,0.0422264508,0.0782807718,0.0482657602
1032,0.434848297,1.01183432,22.0035089,47.9404296,0.438150871,0.289752748,69.2543659,2,0.171929827,0.0758629807,0.202992155,0.0156175359,0.0523105464,0.0911669375,0.0521750382
1033,0.436152968,1.00591716,22.5851541,48.1519782,0.437811786,0.289153383,69.1231597,2,0.181018033,0.0729512548,0.220548396,0.0197741407,0.0320443984,0.148374507,0.0373224827
1034,0.436001482,1.02366864,23.1615777,48.3580329,0.437483083,0.290326714,68.4998526,2,0.161844264,0.0689033529,0.211517272,0.0148704164,0.0293107109,0.109848315,0.0467083319
1035,0.435173203,1,23.7474824,48.5946346,0.437307474,0.294845721,67.6400771,2,0.167929413,0.0742164379,0.213956555,0.0232487997,0.0364923003,0.125791457,0.036095429
1036,0.434469572,1.01183432,24.326662,48.8441379,0.436356723,0.30341874,66.8840222,2,0.161354094,0.0683329742,0.221327633,0.00735255839,0.0296885444,0.0783906704,0.0415823534
1037,0.435016096,1,24.9166754,49.076356,0.435953989,0.297473031,66.8118397,2,0.170573053,0.0755173838,0.209454195,0.0289576839,0.0373194169,0.106958766,0.05811981
1038,0.437381632,0.98816568,25.4788368,49.3146826,0.436547561,0.295380919,68.5380432,2,0.163731825,0.0709799336,0.220653498,0.0240655109,0.0459528819,0.13980473,0.0351389817
1039,0.437737275,1.01183432,26.0219945,49.5527644,0.438308405,0.29674249,69.0353003,2,0.164886943,0.0736878204,0.207893813,0.00531445501,0.0435750164,0.101865956,0.0997050645
1040,0.436019087,1,26.6016837,49.7941191,0.43904973,0.295696497,69.183215,2,0.168658111,0.075301979,0.226625108,0.0155065384,0.0451314135,0.075353668,0.0216012076
1041,0.436610316,1.00591716,27.1736831,50.012972,0.439707709,0.293211596,69.2656495,2,0.174588799,0.0652932874,0.229689715,0.0107990073,0.0525822427,0.109069925,0.0354257215
1042,0.436626109,0.99408284,27.7683427,50.2197125,0.438857429,0.294639375,68.8668424,2,0.159683008,0.0765441137,0.211828179,0.0275332665,0.0383131838,0.129954619,0.0701291278
1043,0.436082831,0.99408284,28.3541525,50.4475727,0.438835072,0.294743973,68.3594746,2,0.163243323,0.0717311936,0.215183357,0.0118721657,0.0465047906,0.115617286,0.0302828517
1044,0.434295045,1.03550296,28.9441533,50.6931794,0.43784096,0.300216195,67.3225817,2,0.171002395,0.0753995667,0.208968005,0.0178625177,0.0410679915,0.108084181,0.0799953287
1045,0.433864121,1,29.542177,50.9402125,0.435978158,0.301838318,66.5885895,2,0.164721516,0.0719625196,0.226196884,0.00849928883,0.0450110721,0.0929546394,0.0468053502
1046,0.434025947,0.982248521,30.1299315,51.1594715,0.43506083,0.297989797,66.6303409,2,0.158741742,0.0635881027,0.221211116,0.0276847156,0.0336822394,0.106833928,0.0194992705
1047,0.437101905,1.00591716,30.6941644,51.4015778,0.435886277,0.292677789,67.7281549,2,0.162524653,0.0729524661,0.209244817,0.0277049147,0.043006163,0.131065147,0.0543723668
1048,0.436910466,1.00591716,31.2506817,51.6433393,0.437506486,0.291397004,67.7863407,2,0.166302176,0.0707277587,0.207704904,0.0181240209,0.0415036621,0.0988948056,0.059792978
1049,0.436106441,1.01183432,31.8209974,51.8788375,0.438899567,0.289772009,68.4922722,2,0.169078084,0.0794930636,0.225729987,0.0151510094,0.0484877829,0.0946555563,0.0360418504
1050,0.437385778,1.01183432,32.38725,52.091911,0.439340836,0.289314996,68.7549309,2,0.177925781,0.0702118358,0.227339373,0.0136296746,0.0464111969,0.132503969,0.0382718483
1051,0.437186036,1.02366864,32.9634685,52.2954194,0.439377061,0.292970618,68.4241292,2,0.160865929,0.0737331087,0.205130169,0.00812824676,0.0502893082,0.135746757,0.0752522449
1052,0.436279025,1,33.5485056,52.5363224,0.43952656,0.296346809,68.1407487,2,0.164820399,0.0748949373,0.216215063,0.0077078013,0.0526613582,0.111555487,0.0372400207
1053,0.433794347,1.01775148,34.1468204,52.7968311,0.437847018,0.302426434,67.474786,2,0.17416907,0.0710846315,0.206408892,0.0153566106,0.0444085457,0.108561839,0.0591829842
1054,0.433645421,1,34.7612272,53.0314677,0.435968437,0.300155155,66.3522077,2,0.168144175,0.0768909595,0.222290898,0.0202434981,0.0411351398,0.128622498,0.031005535
1055,0.434935939,1.00591716,35.3387497,53.26761,0.435522368,0.293220944,67.6902951,2,0.161542964,0.0673741437,0.218681893,0.029852107,0.0415624995,0.130959706,0.0213371285
1056,0.436827562,1.02366864,35.8975216,53.5006738,0.436525361,0.288872184,68.1445504,2,0.164073029,0.0731756466,0.203371794,0.0175915052,0.034646247,0.124415063,0.0833105207
1057,0.436026129,0.970414201,36.4633116,53.7415979,0.43777894,0.287836856,68.4132173,2,0.167837467,0.0716416188,0.217299418,0.0124665447,0.0382850468,0.0722793914,0.039302197
1058,0.435973219,1.01775148,37.0312066,53.9685598,0.438539925,0.285916539,69.2789649,2,0.172362603,0.0679315495,0.205993556,0.0127077421,0.038814779,0.114954637,0.0539358889
1059,0.436952973,1.01183432,37.6060408,54.175936,0.438546374,0.290449222,69.3283533,2,0.181344387,0.0746182568,0.220932052,0.0184163729,0.0323848006,0.147820841,0.040878309
1060,0.43608174,1.01183432,38.1808588,54.3872378,0.438704587,0.292355912,68.9225384,2,0.16230059,0.0707026616,0.212608979,0.0161770207,0.0324309949,0.109406837,0.0451942976
1061,0.43477447,1.01775148,38.7690236,54.6278754,0.438249421,0.2972451,68.5936476,2,0.168265993,0.0755257276,0.215157581,0.0230912418,0.0351526191,0.124763235,0.0361271568
1062,0.433650784,0.98816568,39.3643396,54.8727033,0.436500926,0.304519195,67.6785485,2,0.177567806,0.0686928604,0.223614371,0.00453364161,0.0329199518,0.0778137437,0.0316375665
1063,0.433739744,0.99408284,39.9714956,55.0968375,0.435017243,0.30000606,67.2629747,2,0.157763085,0.0695470528,0.202758472,0.0205227178,0.0587897256,0.124986659,0.0344710913
1064,0.436815568,0.98816568,40.5406506,55.3322212,0.435459519,0.292069001,68.3591213,2,0.164697665,0.0704155539,0.216306257,0.0277369904,0.0450641319,0.139372709,0.0456873496
1065,0.437810914,1,41.0859663,55.5621699,0.437240584,0.291450405,68.4842426,2,0.165033904,0.0716797051,0.205554255,0.0102980963,0.0423539865,0.10079011,0.0854105354
1066,0.436317612,1,41.6539282,55.8013375,0.438648833,0.290995156,68.9928079,2,0.168770898,0.0754493089,0.22628639,0.0165979985,0.0456699102,0.0791448883,0.0229083782
1067,0.437172043,1.00591716,42.2174088,56.0170258,0.439543306,0.291183974,69.2429097,2,0.175272013,0.0662631219,0.230326921,0.0079892894,0.0521996397,0.108599535,0.0362670093
1068,0.437068169,1.01183432,42.7999924,56.2153893,0.439497744,0.297531349,68.9981132,2,0.159615458,0.0773491246,0.21249117,0.0247315685,0.0420805258,0.124210472,0.0683914811
1069,0.436505379,0.98816568,43.384183,56.4428377,0.439581116,0.300686056,68.6996882,2,0.163169339,0.073038433,0.218454589,0.0104617983,0.0494867738,0.118109963,0.0303911473
1070,0.434250888,1.02366864,43.9748571,56.6893916,0.438552343,0.30643884,67.6351164,2,0.171482142,0.0758666374,0.209443788,0.0146935,0.0469646983,0.100842509,0.0860866965
1071,0.433551236,0.99408284,44.5846098,56.9360319,0.436467817,0.304860862,66.7198103,2,0.165384528,0.0735501761,0.227186127,0.00830134731,0.0466984265,0.094858497,0.0456969428
1072,0.434536948,0.98816568,45.1766178,57.1581511,0.435595922,0.295890332,67.0548971,2,0.159009654,0.0636883266,0.221917252,0.0319215679,0.0398785461,0.117855217,0.0224948552
1073,0.437054643,0.99408284,45.7504213,57.3975425,0.436136428,0.28755695,67.9076056,2,0.162461602,0.0728368006,0.205052828,0.029192814,0.038844778,0.132188635,0.056443538
1074,0.437092248,1.00591716,46.3141605,57.6382979,0.437359491,0.287863645,68.0621085,2,0.166223405,0.0705172117,0.208334852,0.0149423932,0.0413732259,0.0948220105,0.059928583
1075,0.435681684,1.01775148,46.8839987,57.8741969,0.438631446,0.287168825,68.827072,2,0.17006248,0.0797726398,0.221554198,0.0160343499,0.0359535172,0.108980097,0.0309880044
1076,0.437063995,1.00591716,47.4515435,58.0855355,0.439153888,0.289544226,68.9772599,2,0.178930367,0.0717849074,0.226212453,0.0131709078,0.0427503821,0.131666743,0.0444988628
1077,0.436825422,1.02366864,48.0265918,58.2812581,0.43920382,0.293728047,68.8417208,2,0.160644657,0.0721012429,0.207533813,0.00406717221,0.0438895581,0.127129876,0.0766437881
1078,0.436163101,1.01183432,48.6183583,58.5129522,0.439086668,0.29786802,68.3108703,2,0.165911849,0.0753531339,0.214553731,0.0156735859,0.0491413248,0.118773214,0.036756544
1079,0.433938367,1.01775148,49.2133054,58.7734473,0.437573575,0.303462243,67.5472345,2,0.175207897,0.0703802131,0.209425049,0.0145101199,0.039438133,0.101407082,0.067775493
1080,0.434164035,1.02366864,49.819834,59.0052495,0.436508857,0.295646424,66.5057404,2,0.169059906,0.0786423969,0.222735013,0.0136769999,0.0488396217,0.120459041,0.033698614
1081,0.435951978,0.99408284,50.3926884,59.2386523,0.436500221,0.287381109,68.3196506,2,0.162385757,0.068222362,0.218926179,0.0257070355,0.0412423073,0.141644134,0.0213182572
1082,0.436983183,1.03550296,50.9510995,59.4724151,0.437054269,0.286396094,69.023714,2,0.163631486,0.0729148899,0.202274954,0.010225506,0.0393621962,0.12077175,0.0949050753
1083,0.435421655,0.982248521,51.5254565,59.7122635,0.437748058,0.288818584,69.0881802,2,0.167379117,0.0728698525,0.218693229,0.0135590459,0.0426598449,0.0776296252,0.0334539651
1084,0.435498662,1.01775148,52.0939216,59.9445752,0.43824237,0.288710513,69.670752,2,0.173342525,0.0661617166,0.213102637,0.0126585692,0.0280710828,0.0979874079,0.0529544952
1085,0.435854149,0.99408284,52.6777479,60.1468217,0.438023779,0.293511629,69.208241,2,0.182464812,0.0758300149,0.220236437,0.0207213716,0.0287599769,0.142435486,0.0442950841
1086,0.435496542,1.01183432,53.2615865,60.3521764,0.437565064,0.296433156,68.6244465,2,0.161752756,0.0697479252,0.217445812,0.0171359674,0.035296255,0.113285045,0.0241183994
1087,0.434526841,1.01183432,53.8532098,60.5863254,0.437049059,0.299931096,67.4507502,2,0.169581404,0.0744422256,0.210419494,0.0236050605,0.0343599283,0.126592449,0.0631100411
1088,0.434025788,0.98816568,54.433892,60.8395964,0.436192882,0.302372732,66.8835763,2,0.163029562,0.0697217831,0.223433745,0.00528244137,0.0349494803,0.0733416092,0.0320821441
1089,0.435269441,0.99408284,55.0178598,61.0651402,0.43610585,0.292692431,67.2034106,2,0.157267816,0.0634771508,0.211434176,0.00684722757,0.0403834559,0.114581288,0.0536954538
1090,0.437288842,1.00591716,55.5868152,61.2947673,0.436593742,0.289396586,68.7914275,2,0.165418987,0.0718050069,0.216729271,0.0254376213,0.0403638934,0.143635326,0.0528955721
1091,0.437522236,0.99408284,56.1411263,61.525897,0.43786701,0.29155037,69.2295869,2,0.164467141,0.0714476723,0.207836323,0.0132890725,0.038896179,0.105856322,0.0687427851
1092,0.435425207,1.00591716,56.7197614,61.7658766,0.438476918,0.296544626,69.3563789,2,0.168216821,0.0764916264,0.225756628,0.0191385363,0.0434501863,0.0954451464,0.0287139681
1093,0.436307101,1.00591716,57.2892386,61.9919325,0.438791789,0.298305591,69.4402638,2,0.176394353,0.0679795265,0.229985125,0.00700915682,0.045866291,0.10071276,0.0381372193
1094,0.436170655,1.01183432,57.8804999,62.1838945,0.438471521,0.303144422,68.9903892,2,0.159123352,0.0759534256,0.209145221,0.0267820923,0.0496745483,0.118568072,0.0545568084
1095,0.436964919,0.98816568,58.472922,62.4029141,0.438268526,0.303207006,68.0981536,2,0.163639406,0.0730553951,0.219176609,0.0173694433,0.0488429989,0.128375108,0.0363169956
1096,0.435161537,1.01183432,59.0557563,62.6542724,0.437735738,0.305340906,66.77868,2,0.172746192,0.0736213575,0.20634926,0.0125223513,0.0517913648,0.0954969356,0.0831366953
1097,0.435015724,1.00591716,59.6450942,62.9054867,0.437282387,0.297406323,66.6018177,2,0.166329597,0.0751011703,0.226396049,0.00325680737,0.0489342162,0.0869000826,0.0347080326
1098,0.436158674,0.99408284,60.2164327,63.126422,0.437545108,0.29042509,67.3671095,2,0.159631762,0.0647090288,0.225251812,0.0260324704,0.0496149674,0.127722619,0.0284808333
1099,0.437308145,1.02366864,60.7843494,63.360207,0.438034874,0.290497236,68.4129504,2,0.161878235,0.0746451652,0.206560257,0.0247141717,0.0424076397,0.133212666,0.0590121763
1100,0.436248471,1,61.3609485,63.603688,0.438504476,0.292436924,68.8767035,2,0.165682625,0.0717134092,0.212229744,0.0128372411,0.0477851041,0.0962326289,0.0510891743
1101,0.434522909,1.04142012,61.9430898,63.848931,0.438125155,0.296157174,68.954789,2,0.170985778,0.0781593155,0.214404278,0.0162499192,0.0315545625,0.111412004,0.0489081227
1102,0.435302862,1.01775148,62.5306668,64.0716092,0.437529815,0.295290586,68.9040792,2,0.180166669,0.0723835699,0.225517359,0.016287429,0.0392565464,0.132167898,0.0478193824
1103,0.435386502,1.00591716,63.1130849,64.2634995,0.436958157,0.298870979,68.3820045,2,0.160367179,0.0680190351,0.214873316,0.0141644123,0.0289140664,0.110785265,0.0431272233
1104,0.435946753,0.964497041,63.7102564,64.4898909,0.436480758,0.297622067,67.055135,2,0.167347756,0.0735706935,0.211306118,0.0249964534,0.0403918847,0.128182982,0.0412353278
1105,0.435391128,0.99408284,64.2711665,64.7522784,0.437117535,0.299254157,66.4165503,2,0.168004351,0.0697238997,0.212523334,0.0147442815,0.0362808423,0.0920040755,0.0675419508
1106,0.436139163,1.01775148,64.8508693,64.9883776,0.437584452,0.290613583,67.0284492,2,0.169544832,0.0798528908,0.226000743,0.00764687848,0.0523507655,0.110074823,0.0380341848
1107,0.437526369,1.00591716,65.417336,65.2080229,0.438022255,0.290307581,68.3871921,2,0.162770875,0.070127801,0.224237925,0.0208702454,0.0418560832,0.145450253,0.0216681219
1108,0.437618968,1.0295858,65.971295,65.4431068,0.438828915,0.29351918,69.2917731,2,0.163173544,0.0741404087,0.20660564,0.00600462391,0.0435186103,0.123154538,0.0963225886
1109,0.435324793,0.98816568,66.5520304,65.6946159,0.439111758,0.298907643,69.8013677,2,0.167103373,0.074568627,0.222306607,0.014851884,0.0476823127,0.0850106771,0.0326021035
1110,0.434690343,1.01775148,67.140013,65.9338707,0.438340489,0.300684063,69.3483817,2,0.174062703,0.066515472,0.218257855,0.00850418902,0.0283154101,0.0936063928,0.0450916114
1111,0.434774415,0.99408284,67.7464913,66.1455928,0.43703653,0.299622712,68.7208468,2,0.183538927,0.0759776185,0.216764288,0.0302840824,0.0271057678,0.136562812,0.0548828128
1112,0.435272881,0.99408284,68.3410293,66.351868,0.436333854,0.298905902,67.6729706,2,0.161747938,0.0691751248,0.217958066,0.0210256743,0.0397989345,0.122563861,0.0235588891
1113,0.435043268,1,68.9301281,66.5895332,0.435793945,0.297067923,65.9205748,2,0.170783251,0.0727307547,0.206040284,0.0207398401,0.0406639736,0.11394213,0.0887573584
1114,0.435291918,1,69.4861798,66.8525182,0.436497684,0.295678508,66.448387,2,0.169570597,0.0708181004,0.223789317,0.00548098217,0.036875343,0.0718315977,0.0297915115
1115,0.436051331,1,70.0539772,67.0762503,0.436930051,0.291033024,67.2107231,2,0.172718394,0.0622904086,0.221745529,0.018637728,0.0331969989,0.0983886405,0.0278984771
1116,0.437780842,0.99408284,70.6142001,67.3012564,0.43778348,0.294461444,68.6110246,2,0.160957131,0.0741944475,0.218008376,0.0227972565,0.0422010134,0.140419684,0.0568141715
1117,0.436526255,1,71.1734104,67.5451773,0.438679612,0.297704171,69.4058881,2,0.164768396,0.0722626223,0.210230764,0.0158693921,0.042183075,0.104021771,0.0600930463
1118,0.434625664,1.01183432,71.7572686,67.7895758,0.438691588,0.303958899,69.6166149,2,0.168082322,0.0778462856,0.227252996,0.01949101,0.0446426824,0.100382483,0.0302988069
1119,0.43546805,0.99408284,72.3413285,68.0163349,0.438247394,0.301758515,69.3498689,2,0.177208258,0.0687071386,0.229537075,0.0127533113,0.0470931754,0.111892678,0.0445436614
1120,0.435654608,1.01775148,72.9395205,68.2119293,0.437339305,0.301864627,68.6665241,2,0.159561395,0.0725317957,0.205110358,0.0206268322,0.0546688796,0.134733697,0.0495096803
1121,0.436697205,0.98816568,73.5350782,68.435791,0.437150886,0.299133814,67.2579242,2,0.164610597,0.0727739192,0.215372683,0.0197395818,0.0489339412,0.125686869,0.0418594239
1122,0.435546033,1,74.1081937,68.6919739,0.437287305,0.30025469,65.9908316,2,0.167062093,0.0723240653,0.204391658,0.01405902,0.0497631761,0.0983084974,0.0621659077
1123,0.435469531,1,74.6877046,68.950915,0.437284711,0.293688995,66.3381838,2,0.166995384,0.076060176,0.226170379,0.00277215848,0.0493209529,0.0986562251,0.0402166442
1124,0.436246617,1,75.2548312,69.1707877,0.437524944,0.291018149,67.3252723,2,0.160231737,0.0667285565,0.22456066,0.0252927672,0.046124792,0.127772139,0.0216017203
1125,0.437112444,1.01183432,75.8136504,69.409245,0.438309647,0.29442219,68.4661821,2,0.162644453,0.0754466358,0.207312493,0.0211997981,0.0415642968,0.135514543,0.0579582459
1126,0.435398246,1,76.3872948,69.6645097,0.438803109,0.297520706,69.174958,2,0.166632964,0.0721472323,0.215078563,0.0141724518,0.0474224568,0.0868842716,0.0529281875
1127,0.434373878,1.02366864,76.9781599,69.9034868,0.43818614,0.296821326,68.9920648,2,0.171533749,0.0782951578,0.210491217,0.0173526588,0.0385132072,0.104709536,0.0571059717
1128,0.435362363,1.00591716,77.5708963,70.1211053,0.437507954,0.291827389,68.7898132,2,0.180795254,0.0726444952,0.221956409,0.0205873429,0.0332982627,0.14566656,0.0378458676
1129,0.435714668,1.01183432,78.1528417,70.3214463,0.436918536,0.292472185,67.9928664,2,0.161272598,0.0680580481,0.212438179,0.0154204786,0.0268218149,0.110122708,0.0419353579
1130,0.435355887,1,78.747618,70.5551063,0.43643055,0.293689131,66.6557906,2,0.167931532,0.0734289128,0.211273345,0.0247883895,0.0351460416,0.128409916,0.0391103505
1131,0.43527988,1.00591716,79.3099897,70.8159479,0.436620236,0.298560708,66.1139156,2,0.168999187,0.0685960477,0.217293575,0.00950073561,0.0288223939,0.0807783684,0.0527808008
1132,0.436045913,0.99408284,79.887073,71.0539882,0.436940891,0.292328438,66.7651589,2,0.170110516,0.0780208649,0.215788322,0.0238001552,0.0308230097,0.121835176,0.0443978528
1133,0.437740338,0.98816568,80.4497444,71.2836489,0.437585881,0.293382674,68.3160818,2,0.160682014,0.0714681137,0.221977803,0.0220323477,0.0443212455,0.141289173,0.0297006453
1134,0.437343932,1.02366864,80.9950149,71.5300946,0.438846899,0.29717887,69.3462786,2,0.164532728,0.0745666786,0.207913326,0.00384532936,0.0433313503,0.107529699,0.101811772
1135,0.43532955,1.00591716,81.5740895,71.7804877,0.439275383,0.299141641,69.7637167,2,0.168445121,0.0753559059,0.22594298,0.0153640615,0.0448335187,0.0746161664,0.023182427
1136,0.435621422,1.00591716,82.1599567,72.000432,0.439264097,0.294094834,69.3581222,2,0.174374323,0.0648104242,0.227027382,0.0112346153,0.0493862222,0.104205354,0.0311457529
1137,0.435914614,0.98816568,82.7611434,72.2095359,0.438129607,0.292294786,68.9280712,2,0.183767865,0.0757791376,0.210256307,0.0296550643,0.0354616395,0.131445327,0.0699642764
1138,0.435917572,0.98816568,83.3500146,72.4330998,0.437809764,0.290837465,68.0967595,2,0.163017184,0.0706249877,0.213180569,0.013295367,0.0441548183,0.115927498,0.0289721831
1139,0.434433704,1.02366864,83.9398865,72.6740459,0.436935294,0.295972326,66.7594042,2,0.170935726,0.0744278917,0.207149986,0.0189496626,0.03993834,0.108697449,0.0820989903
1140,0.434195527,1.00591716,84.5248376,72.9249565,0.435733931,0.298527249,66.270115,2,0.164450587,0.0712950301,0.22535834,0.00614596923,0.0434930619,0.0862898008,0.0428961621
1141,0.43450672,0.982248521,85.1022675,73.1481036,0.435343206,0.294810891,66.4946544,2,0.158564119,0.0637411875,0.219992635,0.0232738205,0.0313285434,0.102712139,0.023696627
1142,0.437215955,0.99408284,85.6593669,73.3898177,0.436341387,0.294524821,68.0410227,2,0.162340902,0.0735353229,0.212281059,0.0250957179,0.0458437214,0.13097414,0.0544068642
1143,0.436596999,1.01775148,86.2114959,73.6337125,0.437986333,0.294882225,68.2120022,2,0.166151758,0.0714746834,0.20801026,0.019299783,0.0432917191,0.0996506361,0.0570990448
1144,0.435887754,1.02366864,86.7895392,73.8661186,0.439067887,0.292730519,68.529915,2,0.16858655,0.0791239555,0.226500816,0.01582973,0.0498512031,0.091812387,0.0325166538
1145,0.437055171,1.01183432,87.3577929,74.0817594,0.439402456,0.290452833,68.7087955,2,0.177465513,0.0694008883,0.227975266,0.0135692921,0.0478853578,0.130257333,0.0380275882
1146,0.437049448,1.0295858,87.9411082,74.2869715,0.439090642,0.292389077,68.1591034,2,0.16073393,0.0736666941,0.204252932,0.0119414001,0.0509066705,0.137627678,0.0674128013
1147,0.436334886,1.00591716,88.5266358,74.528695,0.439153347,0.294288278,67.695625,2,0.16451086,0.0741458119,0.2155951,0.00576201527,0.0524530131,0.111693831,0.0380150949
1148,0.433932369,1.02366864,89.1223297,74.7906094,0.437559941,0.30051181,67.0003636,2,0.173786402,0.0714840505,0.204721713,0.0154686388,0.0477392275,0.107110693,0.0524774658
1149,0.433911628,1,89.7315667,75.029283,0.435867184,0.29943891,66.0405838,2,0.16768073,0.0761850658,0.222949594,0.0195118269,0.0413412364,0.126776824,0.0343405883
1150,0.434746462,0.99408284,90.3070623,75.2637409,0.43548282,0.294774365,67.2852954,2,0.161047849,0.0672018677,0.219664129,0.0302837237,0.0407804452,0.125891284,0.0213140376
1151,0.436899679,1.01775148,90.864428,75.4991517,0.436627603,0.290862148,67.9010744,2,0.164049245,0.073551535,0.204706746,0.0198499778,0.0334471089,0.12847734,0.0731481905
1152,0.435962188,0.970414201,91.4291111,75.7442743,0.437843602,0.289485106,68.1601968,2,0.167879286,0.0712385478,0.216641522,0.0129702123,0.03784853,0.0730207061,0.044284316
1153,0.435908426,1.01775148,91.9998944,75.9735709,0.438459224,0.286334462,69.0807447,2,0.17187335,0.0771735583,0.204849485,0.0157724838,0.0506477982,0.092174796,0.0529560376
1154,0.437109023,1.01183432,92.5722429,76.182918,0.438565393,0.289881173,69.2906119,2,0.180816295,0.0736495287,0.221469116,0.0182048919,0.0344910427,0.149794528,0.0375645665
1155,0.436375224,1.01775148,93.1440253,76.3977095,0.43876942,0.290937309,68.9521518,2,0.162464211,0.0707616111,0.210510246,0.0143416154,0.0332008871,0.11052489,0.0599593802
1156,0.435099327,1.01183432,93.7287315,76.6409737,0.438465995,0.296428952,68.7260259,2,0.16763643,0.0753728224,0.217307088,0.0219411172,0.0392788785,0.119159953,0.0319670029
1157,0.434122103,1.01183432,94.3212284,76.8875318,0.436884506,0.304165522,68.0015814,2,0.176894194,0.0681126834,0.223461014,0.00450733283,0.0318447836,0.0806707465,0.0306210995
1158,0.433460719,0.98816568,94.9345763,77.1107607,0.434957658,0.304258327,67.3585917,2,0.157980636,0.0725258305,0.205336068,0.0300548907,0.0516579143,0.111781574,0.0429340958
1159,0.436657301,0.976331361,95.5053104,77.345168,0.435330454,0.296384393,68.1397113,2,0.164145475,0.0702651464,0.217730199,0.0271676151,0.0463258841,0.136631677,0.0403564625
1160,0.437701852,0.99408284,96.0509598,77.5750268,0.437347967,0.293211919,68.1530056,2,0.165234793,0.0724238583,0.205675717,0.00873188533,0.0440249345,0.0983640983,0.0945607895
1161,0.436411217,0.98816568,96.6193336,77.8188163,0.438581333,0.291276042,68.6928253,2,0.169044004,0.0749475979,0.226248781,0.0146964724,0.0452275476,0.0746800045,0.0207790262
1162,0.437208989,0.98816568,97.1805949,78.0331823,0.439559385,0.291484895,69.0514278,2,0.174696795,0.0650987069,0.231104393,0.0117360097,0.0558604079,0.115447668,0.0394571429
1163,0.43726669,1.00591716,97.7617591,78.239456,0.439314859,0.29641593,68.9060761,2,0.1599915,0.0768819705,0.213479924,0.0246911669,0.0407967947,0.1291816,0.0694896939
1164,0.436107386,1,98.3418154,78.4709348,0.439674832,0.299098039,68.7788183,2,0.163608356,0.0725487605,0.216860394,0.0113012261,0.048375995,0.112646008,0.0321252383
1165,0.43416331,1.04142012,98.9319163,78.7200905,0.43865695,0.30462891,68.115316,2,0.170811193,0.0766252472,0.212235539,0.0177462073,0.0388555429,0.111811439,0.0705251552
1166,0.433548136,0.98816568,99.5421806,78.9619439,0.436153821,0.306344415,67.2303316,2,0.164721572,0.0721664008,0.227431753,0.0118304917,0.0455601801,0.101397173,0.0513130234
1167,0.433591395,0.976331361,100.140465,79.1776382,0.43474035,0.304177026,67.0520888,2,0.159025596,0.0639536102,0.221449323,0.0298620247,0.0321621625,0.108475222,0.0181595209
1168,0.437231846,0.98816568,100.719205,79.4128386,0.435368389,0.289670392,67.0489436,2,0.162700604,0.0722242441,0.20635221,0.0303835939,0.0391630136,0.131373119,0.0541236815
1169,0.43749055,1,101.26978,79.6572486,0.43740211,0.288362196,67.2923813,2,0.166519509,0.0705041273,0.20733048,0.0162084936,0.0391276037,0.0968256337,0.0630135528
1170,0.436446226,1.01183432,101.837843,79.8948766,0.438799683,0.286722885,68.1119988,2,0.169341293,0.0798964985,0.225508019,0.0138608096,0.0484277433,0.0935538079,0.038811164
1171,0.43764672,1.0295858,102.401675,80.1057127,0.43954938,0.289258318,68.4567284,2,0.178151176,0.0711181283,0.226871002,0.0140169114,0.045773412,0.134920315,0.0364335554
1172,0.437112186,1.01775148,102.972852,80.3132241,0.439881013,0.293139204,68.4347308,2,0.161144126,0.0742628247,0.205337279,0.00657550998,0.0496302863,0.132762697,0.0806909476
1173,0.435770453,1,103.558671,80.5593359,0.439870279,0.297775001,68.584588,2,0.164989623,0.0753797546,0.216446381,0.00930180874,0.053037059,0.10822764,0.0363101765
1174,0.433578591,1.01775148,104.157606,80.8158622,0.438221419,0.302387314,67.8486174,2,0.174337599,0.0706434801,0.207022668,0.0151315079,0.041088046,0.108424538,0.0634265107
1175,0.433185635,1.00591716,104.779538,81.0497665,0.435704212,0.300525925,66.7948301,2,0.157027602,0.076705934,0.219663509,0.0243932913,0.0366385311,0.133089752,0.0273971104
1176,0.434578395,1.00591716,105.362279,81.2827242,0.435019344,0.29328636,67.5946539,2,0.161910613,0.0672716394,0.217366239,0.029894974,0.0417058301,0.132457338,0.0217888175
1177,0.436906317,1.02366864,105.922866,81.5108854,0.436079081,0.285674719,67.7663794,2,0.164232584,0.0724409447,0.201888324,0.0165478605,0.03592223,0.119678632,0.0901695709
1178,0.436239461,0.964497041,106.48183,81.7549477,0.437570313,0.285633667,68.2625787,2,0.168046058,0.0717609606,0.218043595,0.0126074105,0.0367607417,0.0703890525,0.0353468646
1179,0.43629067,1.00591716,107.045622,81.9791407,0.438510896,0.285400661,69.13587,2,0.172587838,0.064460683,0.215513972,0.0113296442,0.030856498,0.0940756084,0.0457393627
1180,0.437164289,1.00591716,107.617351,82.1847464,0.438672364,0.292342312,69.2348754,2,0.181521114,0.0753618309,0.221205072,0.0181988651,0.0325917477,0.14678936,0.0435522813
1181,0.435984646,1.01183432,108.189872,82.3998893,0.439175224,0.294549006,69.030397,2,0.162498271,0.0714524694,0.213293573,0.0163931236,0.0338825305,0.108817266,0.0438377733
1182,0.434482543,1.02366864,108.781141,82.6441435,0.438471451,0.298971699,68.8576231,2,0.168455333,0.0760279803,0.215596711,0.0232132499,0.0341106972,0.124301991,0.0359188754
1183,0.433431203,0.98816568,109.379714,82.8873326,0.43661405,0.304708424,67.8940207,2,0.177808026,0.0689011814,0.224196117,0.00388606724,0.0347455344,0.0789553924,0.0311911968
1184,0.433396703,0.98816568,109.990355,83.1092711,0.434837653,0.301029144,67.4165422,2,0.15795736,0.067293536,0.204224848,0.0130509805,0.0562575705,0.132290639,0.0493817548
1185,0.436564831,0.99408284,110.564593,83.3444054,0.435068125,0.290339672,68.1708876,2,0.165071767,0.0702494976,0.214068253,0.0286975889,0.0447648254,0.137285516,0.0493783442
1186,0.437699846,1.00591716,111.111407,83.5728581,0.436835962,0.288628461,68.1613211,2,0.165200908,0.0709907536,0.204512427,0.0124767651,0.0410305149,0.101140613,0.0770962835
1187,0.436411038,1,111.674662,83.8117504,0.438474639,0.288829209,68.7648622,2,0.168933599,0.0756577864,0.225936243,0.0164246324,0.0458541232,0.080519439,0.0235442432
1188,0.43741884,1.01183432,112.232971,84.0255042,0.439576598,0.290598308,69.0598366,2,0.175515171,0.0667778947,0.230597393,0.00810020566,0.052575436,0.111017429,0.0375073577
1189,0.437373076,1.01775148,112.811203,84.2231628,0.439770227,0.298104141,68.8930233,2,0.159736918,0.0776453285,0.211945956,0.0234546637,0.0440525588,0.122934206,0.066165313
1190,0.436553798,0.98816568,113.395329,84.453282,0.439956496,0.301736889,68.7024771,2,0.163332532,0.0736708872,0.218786537,0.0089424981,0.0507834665,0.116913432,0.0314481454
1191,0.434039571,1.02366864,113.988132,84.7034711,0.438753937,0.307176877,67.7461573,2,0.171689559,0.0760858408,0.208980955,0.0135960526,0.0486615561,0.0973753052,0.0848185747
1192,0.433338733,0.982248521,114.603188,84.948662,0.436472615,0.30466296,66.7352777,2,0.165674815,0.0740692706,0.226752421,0.00959029759,0.0470472285,0.0993764117,0.0473640426
1193,0.434279577,0.98816568,115.197235,85.1718406,0.435483804,0.295717254,67.1144969,2,0.159331792,0.0640827761,0.221005466,0.0328099675,0.0395881135,0.120344793,0.0217964941
1194,0.436880214,1,115.772891,85.4126978,0.435931245,0.2860188,67.8424699,2,0.162698403,0.0725483155,0.203130446,0.0289869692,0.0368108886,0.132761393,0.0555800436
1195,0.437069064,1.00591716,116.335636,85.6544502,0.437225896,0.286215744,68.0238999,2,0.166475785,0.0704344424,0.208345637,0.0133836165,0.0404910846,0.091047186,0.0607736546
1196,0.435777706,1.03550296,116.905192,85.8887664,0.438499998,0.284821395,68.8328956,2,0.170393632,0.080010948,0.220040731,0.0155591664,0.0336072814,0.110571775,0.0304460145
1197,0.437168801,1.00591716,117.471453,86.0982439,0.439153327,0.288809786,68.9637008,2,0.179241458,0.0723542853,0.225228462,0.0135374774,0.0413151846,0.134703308,0.0424724068
1198,0.436798931,1.02366864,118.044105,86.2953652,0.439333899,0.293308042,68.8516437,2,0.160865082,0.072087736,0.208061534,0.00629394743,0.0410758403,0.122833981,0.0758167223
1199,0.435861603,1.00591716,118.635913,86.5298478,0.439171121,0.297808699,68.4152387,2,0.166186144,0.0755846962,0.214351734,0.0166911285,0.0483318446,0.118005952,0.0346576031
1200,0.433727982,1.01775148,119.232198,86.7892823,0.437474349,0.303555784,67.7169402,2,0.175503086,0.0699330505,0.21101909,0.0139104079,0.0361969778,0.0973491253,0.0675950277
1201,0.433921029,1.02366864,119.840804,87.018445,0.436274654,0.295830566,66.5899041,2,0.169387565,0.0786847326,0.220985845,0.0173137672,0.0454350314,0.125621456,0.0280699454
1202,0.435824454,1.00591716,120.414271,87.2551511,0.436191667,0.286883886,68.4114885,2,0.162722977,0.0683637651,0.217860723,0.0256316553,0.0409938186,0.142117842,0.0237489165
1203,0.436925497,1.02366864,120.970159,87.4881851,0.43686133,0.28598003,69.0047059,2,0.163877891,0.072557135,0.202292074,0.00841014378,0.0393349641,0.116054775,0.0982289633
1204,0.435509409,0.98816568,121.542938,87.7277425,0.437652502,0.287514509,69.0949306,2,0.167620976,0.0730231659,0.219551497,0.0142971924,0.0413915152,0.0761131164,0.030361662
1205,0.435875424,1.01183432,122.10922,87.9555157,0.438344542,0.287408162,69.6275409,2,0.173581568,0.0652147221,0.217188347,0.0113966523,0.0302171577,0.0893296582,0.0404237434
1206,0.43616375,1,122.690821,88.1561148,0.438218239,0.293808167,69.1901618,2,0.182669085,0.0762741697,0.219613685,0.0212241207,0.0289195029,0.14115453,0.0482392938
1207,0.435735675,1,123.273822,88.3646351,0.437948233,0.296776368,68.6612391,2,0.161947424,0.0704053949,0.217590063,0.0165729159,0.0368627788,0.113869674,0.0240003422
1208,0.434358912,1.01183432,123.866523,88.6005816,0.437391579,0.300982434,67.4951096,2,0.169789416,0.0748747101,0.210715672,0.0227645886,0.0349915293,0.124628891,0.066236706
1209,0.433789669,0.98816568,124.452547,88.8524407,0.436222893,0.302950591,66.8291641,2,0.163321054,0.0701128544,0.224199091,0.0045896837,0.0365779195,0.0740567957,0.0313154692
1210,0.435056107,1,125.038314,89.078026,0.435945727,0.292722073,67.1542222,2,0.157469157,0.0619341473,0.21580497,0.0151278302,0.0323230437,0.104102855,0.0402592329
1211,0.43708885,1,125.609285,89.3102368,0.436294797,0.288154782,68.7398981,2,0.165770084,0.0718141945,0.21451207,0.0266725876,0.0410647756,0.140686264,0.05679869
1212,0.437363585,1,126.164025,89.541445,0.437542895,0.28987867,69.0857564,2,0.164710078,0.071043932,0.207139353,0.0149802106,0.0386266469,0.10543351,0.0620862064
1213,0.435405223,1.01183432,126.738685,89.7796573,0.438357803,0.294643487,69.2763995,2,0.168432146,0.0766974601,0.22543226,0.0188416645,0.042922579,0.0962060374,0.0293377677
1214,0.436520057,1,127.30522,90.0019861,0.438805125,0.296487663,69.3795953,2,0.176644064,0.0682659583,0.229907724,0.0072355733,0.0468678113,0.104207386,0.0410317955
1215,0.436392799,1.01775148,127.892324,90.1928013,0.438639286,0.302143152,68.9342387,2,0.15926252,0.0756921791,0.208308398,0.0240904111,0.0521828615,0.121247327,0.0491833989
1216,0.436997733,0.99408284,0.483766348,90.4131747,0.438536458,0.303117164,68.0936471,2,0.163808849,0.0735170244,0.219042684,0.0156928366,0.0497955277,0.127121522,0.0372338451
1217,0.434997409,1.01183432,1.06804652,90.6671389,0.437902647,0.30595482,66.8448602,2,0.172938227,0.0736803551,0.206359711,0.0124823854,0.0522080155,0.0958324366,0.0773069175
1218,0.434867096,1.00591716,1.66166355,90.9171854,0.437293091,0.297381491,66.515648,2,0.166588493,0.0755822346,0.226396115,0.00257211899,0.0495922407,0.0902454683,0.0365737536
1219,0.436086762,1,2.23342075,91.1394221,0.437511864,0.290085576,67.4151336,2,0.159897199,0.0651801616,0.224347905,0.0264778673,0.0480783263,0.129209203,0.0256453687
1220,0.437179707,1.02366864,2.80270524,91.3757848,0.437905933,0.289335927,68.4576416,2,0.162121637,0.0744070952,0.205194291,0.0240534378,0.0414580894,0.134397166,0.0577776581
1221,0.436183531,0.98816568,3.38015534,91.6199831,0.438351179,0.290986617,68.9072564,2,0.165937236,0.0716737585,0.212194529,0.0117967407,0.0472566432,0.0932893602,0.0514778047
1222,0.434593578,1.04142012,3.96130482,91.8641563,0.438059796,0.293983017,69.0330527,2,0.171270388,0.0778466422,0.21166174,0.0157357293,0.0349121246,0.10570769,0.0557167097
1223,0.435414642,1.01183432,4.5483079,92.0837645,0.437580741,0.293511281,68.9481583,2,0.180442311,0.0727815699,0.224477009,0.0168889376,0.0373940036,0.135382817,0.0450680134
1224,0.435417172,1.00591716,5.13046273,92.2758852,0.437033844,0.297655919,68.4087738,2,0.160560706,0.0681581796,0.21501583,0.0154376168,0.0279367729,0.109176482,0.0391831576
1225,0.435705782,0.964497041,5.72663545,92.5024158,0.436584297,0.2978073,67.0929975,2,0.167603679,0.07371403,0.211087922,0.0250235024,0.0391693262,0.128424939,0.0408286337
1226,0.43520258,0.982248521,6.28967242,92.7641601,0.437006875,0.29982693,66.432365,2,0.168190001,0.0695092916,0.2139361,0.0136720686,0.0347128416,0.0882440591,0.0650527925
1227,0.436021418,1.01775148,6.86966409,92.9991326,0.437442136,0.290842512,67.0431253,2,0.169838501,0.0800418011,0.224983194,0.0102869925,0.0506138197,0.115309922,0.033860708
1228,0.437503081,1.00591716,7.4372872,93.22028,0.437831975,0.290088678,68.4552694,2,0.163082612,0.070349496,0.223503975,0.0210590188,0.0409866314,0.146535107,0.0239113111
1229,0.43761215,1.0295858,7.98966639,93.4566699,0.438665552,0.293365585,69.3983991,2,0.163385467,0.073788304,0.206768615,0.00373660952,0.0431357811,0.119256993,0.0986545078
1230,0.435322223,0.99408284,8.57036309,93.7067955,0.438994848,0.298825252,69.8437782,2,0.16729368,0.0747662969,0.223190564,0.0155557056,0.0469207051,0.0845994759,0.0304892078
1231,0.434990369,1.01775148,9.15540866,93.9435521,0.438470707,0.300203918,69.4366179,2,0.17430326,0.0662045838,0.221088556,0.00780283926,0.030841877,0.0893875761,0.0350907138
1232,0.435057424,1,9.76102839,94.1516178,0.437262435,0.29976892,68.7964412,2,0.183766069,0.0762858361,0.215890178,0.0307522014,0.0282219747,0.133803978,0.0594503297
1233,0.43551271,0.982248521,10.3555585,94.3596515,0.436666027,0.299117956,67.7575339,2,0.161869555,0.0697120822,0.218097078,0.0202986766,0.0410620889,0.123447981,0.0243820644
1234,0.434976022,1.00591716,10.9442632,94.5986709,0.436069591,0.298209482,66.0424282,2,0.171004112,0.0730104013,0.206103541,0.0195808421,0.0425452551,0.110472379,0.0915433641
1235,0.435104801,1,11.505579,94.8603815,0.436501696,0.296074093,66.4323908,2,0.16969346,0.0712093529,0.224259064,0.00503136655,0.0388333403,0.0732133403,0.0303270634
1236,0.435925632,1,12.0748474,95.0830536,0.436840885,0.290755798,67.1036766,2,0.173044491,0.061879814,0.22373918,0.0217380473,0.0377607317,0.102863233,0.0263027422
1237,0.437697834,0.98816568,12.6350183,95.3101034,0.437673288,0.293320707,68.55401,2,0.161095366,0.0742324491,0.216290426,0.0234548468,0.0424436841,0.138328155,0.0597753453
1238,0.436501633,1,13.1952731,95.5529855,0.438589506,0.296541556,69.2673621,2,0.164890398,0.0719737745,0.210222552,0.0169763825,0.0422357447,0.104157321,0.0552690435
1239,0.434638281,1.01183432,13.77853,95.7959926,0.438593981,0.302570072,69.4512034,2,0.168414531,0.0780017275,0.226690048,0.0194191868,0.0430208423,0.103342778,0.0304014805
1240,0.435615954,0.98816568,14.3605649,96.0222132,0.438205971,0.300360875,69.2904414,2,0.177508826,0.0690818136,0.229389616,0.0127148219,0.0466761274,0.113829237,0.0464265507
1241,0.435772482,1.01775148,14.9550598,96.2163618,0.437448365,0.301642486,68.6514684,2,0.159630653,0.0720798158,0.205735677,0.016863498,0.0542885793,0.136576759,0.0550659322
1242,0.436805047,0.98816568,15.5508854,96.4406418,0.437275924,0.299249384,67.2357447,2,0.164857585,0.0731305806,0.215317712,0.0199079672,0.0489423749,0.12554482,0.0425111171
1243,0.435552634,0.98816568,16.12446,96.6989395,0.437409774,0.30044461,66.0389117,2,0.16717093,0.0721704129,0.204813658,0.0146370812,0.04885578,0.100507355,0.0585276023
1244,0.435533271,1.01183432,16.7052439,96.9551242,0.437468281,0.293530081,66.3843665,2,0.167269436,0.0766166361,0.226120308,0.00301099686,0.0498357882,0.100515916,0.0399665125
1245,0.436372018,1.00591716,17.2738119,97.1757339,0.437650546,0.290408658,67.4728347,2,0.160528311,0.0671507482,0.224192918,0.0250341211,0.0458892895,0.130525168,0.0204990964
1246,0.437098676,1.03550296,17.8336805,97.4140436,0.438334211,0.293440488,68.558361,2,0.162719432,0.0753050988,0.206296547,0.0202490455,0.0412245589,0.135797215,0.0614113577
1247,0.43530793,0.99408284,18.4088529,97.66933,0.438760292,0.29656037,69.2671669,2,0.166708282,0.0723122765,0.215527838,0.0131999065,0.0473466529,0.085403947,0.0504544964
1248,0.434255405,1.0295858,18.9996048,97.9094671,0.438027147,0.295956647,69.0892039,2,0.171868824,0.0763354288,0.2051926,0.0169791742,0.0496768241,0.0918835381,0.0575857542
1249,0.435207277,1,19.5930221,98.1256623,0.437317663,0.291582872,68.8217305,2,0.18114097,0.0729842492,0.221096635,0.0214361062,0.0318813979,0.146162892,0.0375345469
1250,0.435520748,1.01775148,20.1751438,98.3252032,0.436701897,0.292528748,67.9585903,2,0.1613313,0.0678415495,0.213297144,0.0168000868,0.0273359449,0.109378726,0.0358135045
1251,0.435229667,1.00591716,20.7677758,98.5578858,0.436243585,0.293824932,66.5726223,2,0.168246497,0.0732615778,0.210809111,0.0251963185,0.0338742629,0.129285903,0.0424136535
1252,0.43525434,1.00591716,21.328274,98.8183952,0.436490564,0.298382728,66.0975806,2,0.169037424,0.068558046,0.218479501,0.00912714739,0.0292025467,0.0784045774,0.0488840648
1253,0.436159225,0.99408284,21.9024274,99.0546709,0.436944675,0.292184638,66.8566091,2,0.170350427,0.0777413334,0.214371465,0.0240457219,0.0306635446,0.117816104,0.0497203472
1254,0.437933962,0.99408284,22.463844,99.2833273,0.437692188,0.293785972,68.3979012,2,0.160676989,0.0717358416,0.222413991,0.0215716866,0.0441100395,0.14261964,0.031367754
1255,0.437455583,1.02366864,23.0094414,99.5292416,0.438998903,0.297659211,69.4082751,2,0.164519399,0.0744006839,0.20846426,0.00259814257,0.0440528487,0.106179389,0.101276133
1256,0.435421343,1.00591716,23.589559,99.7800117,0.439379807,0.300389922,69.8420749,2,0.168437683,0.0757589907,0.226842515,0.0155385709,0.0454665786,0.0762869197,0.0228164698
1257,0.43577723,1.00591716,24.1762892,100.000142,0.43937506,0.295521554,69.3936452,2,0.174629518,0.0654231882,0.227674766,0.0110181988,0.0489808291,0.104424378,0.0310627488
1258,0.435882591,0.98816568,24.7805509,100.208258,0.438169538,0.293647597,68.8909503,2,0.184071108,0.0759543379,0.209517658,0.0304993695,0.0368898428,0.12883001,0.0706691468
1259,0.435984799,0.98816568,25.370487,100.432045,0.437855845,0.29226023,68.0462462,2,0.163000704,0.0709526252,0.213778025,0.0133751744,0.0452621765,0.117663342,0.0297519636
1260,0.434395818,1.02366864,25.9606694,100.672754,0.436886208,0.297128147,66.6222827,2,0.17126046,0.0742271614,0.20617096,0.0177513943,0.0432381369,0.103346812,0.087364345
1261,0.434171763,0.99408284,26.5460727,100.926871,0.435763197,0.297841622,66.2049537,2,0.164782386,0.0718009797,0.225208695,0.00613863724,0.0443455025,0.0875657405,0.0431464191
1262,0.434589201,0.98816568,27.1211339,101.148707,0.435495064,0.293825798,66.559373,2,0.158573548,0.0636383714,0.22112673,0.0254517843,0.0341467001,0.104683953,0.0209331553
1263,0.437135746,1,27.6784809,101.390258,0.436456201,0.293930715,68.1362912,2,0.162347775,0.0736883611,0.211331511,0.0252403912,0.0451573319,0.131022688,0.0551720055
1264,0.436467703,1.01775148,28.2328782,101.635163,0.437954481,0.295077886,68.4011193,2,0.166174416,0.0712667044,0.208620824,0.0194719631,0.043419507,0.0990326687,0.0573565772
1265,0.435724406,1.0295858,28.8118266,101.866249,0.438963643,0.293113396,68.6654118,2,0.168934791,0.0793919698,0.226049998,0.0160922493,0.0481462749,0.0957336201,0.0338398795
1266,0.436971707,1.01183432,29.3807271,102.082208,0.439213754,0.290780108,68.8375429,2,0.177823861,0.069796792,0.227721015,0.0137129102,0.0465930295,0.130988214,0.0398059
1267,0.437003142,1.0295858,29.9631338,102.284821,0.438896503,0.292835659,68.3000003,2,0.160700328,0.0729905575,0.204779986,0.00908092634,0.0501857355,0.137148137,0.0727244166
1268,0.436469052,0.98816568,30.5504694,102.523943,0.438940257,0.294438002,67.6828137,2,0.164851085,0.0743216665,0.215427104,0.0085675675,0.0516226831,0.11385042,0.0373669532
1269,0.434050203,1.02366864,31.1455546,102.78459,0.437458943,0.301698604,66.8820483,2,0.174149291,0.0711479778,0.206181781,0.015250655,0.0448777555,0.107372952,0.0576895983
1270,0.434122959,1.00591716,31.7508065,103.02548,0.436107263,0.298667358,66.0622652,2,0.167981352,0.0768591733,0.223009849,0.0186011946,0.0421326871,0.1260929,0.0329774632
1271,0.435199892,1,32.3245836,103.25983,0.435902208,0.293095182,67.5122898,2,0.161321619,0.0676500419,0.219707831,0.0292095936,0.0415241681,0.129287978,0.0212665358
1272,0.436716611,1.03550296,32.8804514,103.498581,0.436887225,0.292040024,68.2676608,2,0.164040327,0.0738029433,0.204870086,0.0180115747,0.0344273173,0.126992415,0.0783495608
1273,0.435739721,0.970414201,33.4493404,103.74114,0.437962878,0.289951721,68.5212072,2,0.167830306,0.0716006615,0.21726202,0.0130234295,0.0390278204,0.0728980161,0.0410695011
1274,0.435657605,1.01775148,34.0226409,103.968847,0.438436423,0.286403133,69.2310429,2,0.172228763,0.0694818925,0.202585894,0.0132480466,0.0472373167,0.117023821,0.0439831503
1275,0.436784061,1.01183432,34.598674,104.17779,0.438345438,0.28929061,69.2923697,2,0.181229282,0.073915853,0.220298485,0.0191621612,0.0327133735,0.149016861,0.04030343
1276,0.436130155,1.02366864,35.1734247,104.39013,0.438345468,0.290380537,68.8099377,2,0.162345781,0.0701094335,0.211508444,0.0156438349,0.0320500957,0.109804169,0.048540039
1277,0.435013276,1.00591716,35.7583881,104.62991,0.438056411,0.295757164,68.3798635,2,0.168099813,0.0751352005,0.21554874,0.0228316565,0.0359930155,0.123949205,0.0351243077
1278,0.434031497,1.00591716,36.3489613,104.875051,0.436542422,0.303840223,67.5337299,2,0.161702521,0.0684364898,0.223696621,0.00478457559,0.032128037,0.0783867301,0.031648229
1279,0.433861977,0.98816568,36.9554858,105.09998,0.435081318,0.301144654,67.0960743,2,0.157812187,0.0712625756,0.203926209,0.0251152351,0.056368831,0.117094755,0.0343783628
1280,0.437025708,0.982248521,37.5205667,105.33709,0.435670917,0.295025328,68.3519596,2,0.164383855,0.0707029625,0.217914374,0.0268111356,0.0462678752,0.138375368,0.0424036448
1281,0.437891764,1,38.0649632,105.567793,0.437644571,0.293719943,68.4864926,2,0.16512176,0.0724340697,0.206283263,0.00873483242,0.043629815,0.0992673331,0.0911072776
1282,0.436408138,1,38.6356895,105.808151,0.438902496,0.292414885,68.9433146,2,0.168877359,0.0754694004,0.226693131,0.0159878374,0.0459850557,0.0768084633,0.0215153255
1283,0.437120971,0.99408284,39.2006623,106.024358,0.439767951,0.291991283,69.1989349,2,0.175010349,0.0658736383,0.230813607,0.00985366837,0.0539626091,0.112176698,0.0373887738
1284,0.437014387,1.01183432,39.7870685,106.227332,0.439392725,0.296243517,68.9286268,2,0.159802069,0.0769771629,0.212118423,0.0252713854,0.0415645652,0.126639032,0.0690784134
1285,0.436280522,0.99408284,40.3703604,106.457618,0.439511459,0.298616163,68.6511007,2,0.163400282,0.0726453264,0.217123023,0.0103239818,0.049085515,0.115793415,0.0313199055
1286,0.434219044,1.0295858,40.9605548,106.705182,0.438467758,0.304372132,67.7234588,2,0.171258669,0.0759576971,0.209728314,0.0160602636,0.0442002211,0.104080796,0.0816395308
1287,0.433625954,0.99408284,41.5687766,106.950512,0.436248385,0.30447765,66.8622111,2,0.165137135,0.0728859362,0.226940846,0.0100301763,0.0460334106,0.0985026301,0.0486102641
1288,0.434062937,0.982248521,42.1634413,107.168807,0.435084268,0.299487339,66.9111427,2,0.158887608,0.0637818506,0.221939863,0.0313993639,0.0367397656,0.113177305,0.0196392734
1289,0.43706757,0.98816568,42.7353903,107.409651,0.435741407,0.290015309,67.6278058,2,0.162650804,0.0726584076,0.206213049,0.0291897953,0.0394037608,0.13169421,0.0544530902
1290,0.437202154,1.00591716,43.2934073,107.650605,0.437382721,0.288722235,67.7596101,2,0.16641571,0.0704705495,0.208164687,0.0160352745,0.0403422112,0.0952880583,0.0619275071
1291,0.435998283,1.01775148,43.8628711,107.885901,0.438728651,0.287426265,68.5546919,2,0.169732362,0.0799937917,0.224152335,0.015351164,0.0432678384,0.101258363,0.0360949858
1292,0.437352138,1.01183432,44.428396,108.096782,0.439319549,0.289510138,68.7963013,2,0.178568688,0.0713345604,0.226703396,0.0134607851,0.0441268527,0.134088094,0.0404818281
1293,0.436985195,1.01775148,45.0020354,108.297735,0.439492627,0.29328946,68.6567609,2,0.160902116,0.0730102149,0.206399102,0.00421943482,0.0472427789,0.130699346,0.0809377785
1294,0.436122819,1.00591716,45.5895282,108.536845,0.439511746,0.297515226,68.4135074,2,0.165461379,0.0753285608,0.215745528,0.0121672229,0.0513117308,0.113988552,0.0355813036
1295,0.433783137,1.02366864,46.188219,108.793936,0.437807107,0.303884264,67.6812195,2,0.174815922,0.0704294201,0.208925282,0.0144297073,0.0395762484,0.104629265,0.0666055741
1296,0.433782656,1.01775148,46.8017738,109.028046,0.436076263,0.298923214,66.5082594,2,0.168777716,0.0777425785,0.221375565,0.0199773757,0.0423641655,0.128487981,0.0284479805
1297,0.43546245,0.99408284,47.3782052,109.26435,0.435814188,0.290713653,68.1000804,2,0.162159456,0.0678242901,0.218282549,0.0281374962,0.0419269886,0.137063846,0.0220463608
1298,0.436904941,1.02366864,47.9356699,109.497738,0.436646984,0.288020384,68.5482687,2,0.164027149,0.0729176521,0.202865665,0.0132175081,0.0372515785,0.119541993,0.0932263461
1299,0.435855555,0.970414201,48.5040181,109.736311,0.437794791,0.288209051,68.7900493,2,0.167754855,0.0724275753,0.218871133,0.0130715039,0.0398484632,0.0731006821,0.0342603691
1300,0.4360044,1.01775148,49.0720487,109.962511,0.438516826,0.286942075,69.4918314,2,0.17300076,0.0653835881,0.214221769,0.0118007327,0.0292544912,0.0959892152,0.0494680238
1301,0.436516934,0.99408284,49.6507298,110.166713,0.438426068,0.292320443,69.3011208,2,0.182042653,0.0756034509,0.220344407,0.019569207,0.0304548114,0.144757401,0.045112412
1302,0.435772955,1.01183432,50.2294713,110.376123,0.438426312,0.294676715,68.8571689,2,0.162126927,0.0705091256,0.215384874,0.0167233737,0.0342353013,0.110419679,0.0308228505
1303,0.434413011,1.01183432,50.8224313,110.613767,0.437798548,0.299101824,68.1471648,2,0.169100488,0.0753209742,0.21257677,0.0235542594,0.0325145121,0.127634632,0.0498323782
1304,0.433621993,0.98816568,51.4148962,110.861467,0.436165888,0.303787935,67.2018712,2,0.162732754,0.0693266099,0.223826312,0.00422737538,0.0349335076,0.0757304571,0.0319890573
1305,0.434409645,1,52.0097605,111.085559,0.435405186,0.296182296,67.2161416,2,0.157586861,0.0649802183,0.207649752,0.00318577008,0.0487493331,0.125909519,0.0567876385
1306,0.436982244,0.99408284,52.5797573,111.318871,0.435819048,0.28983732,68.6210454,2,0.165308708,0.0710344679,0.215491347,0.0274862397,0.0427555938,0.140877547,0.0521107735
1307,0.437716881,1.01775148,53.1294278,111.548435,0.437334385,0.290390138,68.8007181,2,0.1648193,0.0712325492,0.206409956,0.013059079,0.0399958249,0.103971422,0.0720390584
1308,0.435760639,1,53.6997526,111.787618,0.438540725,0.293528734,69.1574798,2,0.168556534,0.0762763954,0.226530371,0.0176676779,0.0450337463,0.0875259477,0.0268486077
1309,0.437001669,0.99408284,54.264595,112.004975,0.439268247,0.293871508,69.3325062,2,0.176009297,0.0674972414,0.230038039,0.00659046842,0.0486940819,0.104635744,0.0373796491
1310,0.436752896,1.01775148,54.8502834,112.197922,0.439266702,0.300125544,68.9697737,2,0.159342534,0.0770206312,0.210431527,0.0251240399,0.046715232,0.119496039,0.0615315552
1311,0.43687354,1.00591716,55.4394204,112.420351,0.439160925,0.302658702,68.41378,2,0.163115944,0.0734183468,0.219398288,0.0124947503,0.0498834759,0.124317355,0.0331176939
1312,0.434754593,1.01775148,56.0271554,112.670336,0.438338831,0.306683301,67.1975443,2,0.172299303,0.0747411681,0.207188615,0.0125415963,0.0516292711,0.0947670986,0.0868010858
1313,0.434150319,0.99408284,56.6312395,112.919266,0.436992011,0.301147011,66.4778483,2,0.166113116,0.0748953249,0.226737004,0.00474192162,0.0484324341,0.0909449256,0.0393314822
1314,0.435538245,0.970414201,57.2116386,113.144064,0.436776495,0.290870459,67.2620139,2,0.159556853,0.064407052,0.222906623,0.0296696187,0.045615131,0.126105536,0.0260482023
1315,0.436991765,1.02366864,57.784781,113.383442,0.437112506,0.287457549,68.4008189,2,0.162241285,0.0737308173,0.204320454,0.0266547208,0.0399493222,0.133473015,0.0579553959
1316,0.436464713,0.99408284,58.3589273,113.625731,0.437736587,0.288833738,68.7382015,2,0.166027045,0.0710759201,0.210114434,0.0123569542,0.0451582647,0.0929867589,0.0548180526
1317,0.434860659,1.0295858,58.9333601,113.865886,0.438156341,0.290860541,69.1494787,2,0.170833751,0.0787904462,0.215562887,0.0156387689,0.0284207199,0.113350937,0.0402114009
1318,0.436092517,1.01775148,59.5122775,114.079543,0.438158777,0.291061955,69.1275077,2,0.179879336,0.072432069,0.224842837,0.0144458988,0.039481304,0.132159556,0.0469759415
1319,0.435906346,1.01775148,60.0902475,114.271133,0.437877887,0.295912669,68.8091076,2,0.160486457,0.069419149,0.212292853,0.0106443379,0.0322288966,0.114156634,0.054970418
1320,0.435869781,0.976331361,60.6859018,114.496242,0.437564431,0.297949438,67.7074143,2,0.166967215,0.0745555052,0.212388297,0.0222540863,0.0432619011,0.125371853,0.0392428781
1321,0.434750181,1,61.2611203,114.757492,0.43717427,0.30161219,66.8317617,2,0.168085813,0.0698919604,0.21199484,0.0146781283,0.0371725396,0.0939677693,0.0677942436
1322,0.435436622,1.0295858,61.8487471,114.99111,0.437266724,0.292270988,66.957411,2,0.169511673,0.0797230694,0.225028118,0.00841264964,0.0523312594,0.11217548,0.0374401115
1323,0.437002176,0.99408284,62.4190579,115.215711,0.437493668,0.28842638,68.523423,2,0.16279778,0.0694930504,0.222178734,0.0221893038,0.0408753199,0.145579546,0.0221395942
1324,0.437395079,1.0295858,62.9751597,115.450297,0.438106208,0.290340842,69.4426174,2,0.163285894,0.0734236329,0.204820282,0.00604913834,0.0422221315,0.12158571,0.096851327
1325,0.435278745,0.99408284,63.5561433,115.69683,0.438459619,0.294680575,69.7196126,2,0.167137974,0.0740466263,0.220931912,0.0145410542,0.0460158413,0.0837737494,0.0315805303
1326,0.435001179,1.01775148,64.135201,115.933055,0.438238251,0.296144356,69.5542604,2,0.173987515,0.06638193,0.21697706,0.0102272597,0.027428936,0.0928859548,0.0469057717
1327,0.435056518,0.99408284,64.7337082,116.138602,0.437376983,0.297856495,68.8785315,2,0.18333919,0.0762174322,0.218376111,0.0266031444,0.0271641666,0.137703493,0.0502521847
1328,0.435377222,0.98816568,65.3252147,116.343334,0.436658246,0.298418874,68.0069011,2,0.161614586,0.0692781474,0.218781572,0.0197012919,0.0389292643,0.121130178,0.0221840988
1329,0.434853704,1.00591716,65.9135188,116.580564,0.436059312,0.299285218,66.5030885,2,0.170523731,0.0730463207,0.207453313,0.0211491612,0.0400876087,0.1175679,0.0842610862
1330,0.434913241,0.99408284,66.4758469,116.838231,0.436411513,0.297850476,66.6519118,2,0.169347367,0.070486526,0.22380371,0.00627245553,0.0369232566,0.0714485785,0.0299187062
1331,0.435869941,0.99408284,67.048035,117.061973,0.436709223,0.290904973,67.2195106,2,0.172625547,0.0610851123,0.222585298,0.0192756438,0.0347419118,0.0996108993,0.0270604802
1332,0.437763155,1.00591716,67.6088008,117.286154,0.437533933,0.292803984,68.7537759,2,0.160721149,0.0734702231,0.218327564,0.0232690201,0.0404429236,0.142985646,0.0556596441
1333,0.436917944,1.00591716,68.1688587,117.522842,0.438506367,0.295397398,69.3997677,2,0.164419407,0.0718992896,0.210467151,0.0151895871,0.0400298526,0.106136287,0.0606815203
1334,0.434927024,1,68.7526264,117.768155,0.438483523,0.302633834,69.6081304,2,0.168009788,0.0772842048,0.226497138,0.0199519207,0.0426436533,0.10288868,0.0301482422
1335,0.435492253,1,69.3334074,117.998956,0.438169158,0.303120648,69.5095082,2,0.177084491,0.0687405937,0.230463152,0.0108708124,0.0454942994,0.105008597,0.043252569
1336,0.43562583,1.01183432,69.930394,118.19238,0.437471533,0.305129069,68.9502947,2,0.159255945,0.0733985666,0.20663067,0.0235407459,0.0552780413,0.130096963,0.043792016
1337,0.437019362,0.98816568,70.5270474,118.412226,0.437229494,0.302207759,67.6309836,2,0.164485116,0.0728726277,0.216858804,0.0221385879,0.0483575906,0.12885942,0.0423437083
1338,0.435777545,0.99408284,71.1010426,118.665015,0.437451177,0.302107388,66.3490028,2,0.16664086,0.0726597124,0.205058823,0.0136921433,0.050013284,0.0980901696,0.0688297042
1339,0.43555439,1,71.6803347,118.92163,0.43757655,0.294425919,66.7667537,2,0.166880229,0.0759387608,0.226474558,0.00192384566,0.0502945767,0.0902965981,0.0355030553
1340,0.436492064,1.00591716,72.247316,119.139745,0.43792112,0.290866209,67.5744543,2,0.160114312,0.0660920416,0.225818045,0.0240052675,0.0497337137,0.129588607,0.0248064681
1341,0.437354962,1.01775148,72.8099032,119.371298,0.438586094,0.293491095,68.5403236,2,0.162051534,0.075375377,0.206961352,0.0221571379,0.0437905372,0.134514969,0.0576660118
1342,0.435740255,1.00591716,73.3857948,119.620623,0.439012085,0.296825683,69.1433574,2,0.165947228,0.0723383424,0.214493533,0.0126674539,0.0499270318,0.0931720672,0.0504543241
1343,0.434255966,1.02366864,73.9740621,119.866666,0.438144798,0.299593089,68.9933518,2,0.171469721,0.0775481673,0.210549013,0.0164410612,0.0404555354,0.101656066,0.0601424158
1344,0.434808116,1.01775148,74.5706237,120.090143,0.43710583,0.295932899,68.7592921,2,0.180790995,0.0727347561,0.223945991,0.0191577893,0.0360441579,0.139288094,0.0422418708
1345,0.435139699,0.99408284,75.1563929,120.283213,0.436397559,0.297594944,67.8537113,2,0.160675202,0.0672722674,0.215824542,0.0181430573,0.0268378367,0.108596136,0.0319103902
1346,0.435805638,0.964497041,75.7524298,120.512494,0.435905061,0.294823918,66.3117076,2,0.168006715,0.0729991634,0.209832804,0.0257741449,0.0354785442,0.130131725,0.0430310751
1347,0.435619182,0.98816568,76.3045105,120.779094,0.436942315,0.297097669,66.1963485,2,0.168423341,0.0692529812,0.215399351,0.0127956097,0.0316065003,0.0841605055,0.0613294427
1348,0.436464184,1.01183432,76.8797252,121.014307,0.437533124,0.290140849,67.0536355,2,0.169995706,0.0799544587,0.223466696,0.014093339,0.0448288066,0.121858874,0.0266504995
1349,0.437862871,1.00591716,77.4438193,121.234359,0.438203427,0.292370305,68.4211397,2,0.159911854,0.0713125409,0.224328211,0.020720228,0.0417323546,0.145829347,0.0252187822
1350,0.437548087,1.0295858,77.993566,121.474122,0.439241875,0.295961506,69.3757967,2,0.163658163,0.0743066611,0.207889924,0.00282045836,0.0438546784,0.115797809,0.100304432
1351,0.435200235,1,78.575439,121.729165,0.439391461,0.301362668,70.0111535,2,0.167643199,0.0753612446,0.224665128,0.015868191,0.0470106616,0.0818922504,0.0286945748
1352,0.43484483,1,79.1670944,121.963582,0.438612323,0.30093059,69.4650937,2,0.17448585,0.0656762392,0.224053836,0.00802340125,0.0376769981,0.0909939007,0.0245595087
1353,0.435030263,1,79.7772906,122.17196,0.437185617,0.297600327,68.8597686,2,0.184020165,0.0757016506,0.212166763,0.0329970551,0.0314898858,0.13007721,0.06721088
1354,0.435569434,0.976331361,80.3718003,122.384733,0.43659437,0.296427011,67.7640564,2,0.162261446,0.0697912044,0.216016112,0.0189161806,0.0427413634,0.122539019,0.0272425644
1355,0.434932206,1.01183432,80.9597418,122.621825,0.436046097,0.297239014,65.915199,2,0.165966023,0.0731318788,0.205385468,0.0192836391,0.0440368056,0.105851108,0.0930961167
1356,0.43501593,1.00591716,81.5235462,122.88608,0.436239261,0.295353271,66.3284557,2,0.170094997,0.0715650929,0.22484526,0.00383678725,0.0409343726,0.0772052077,0.0339257964
1357,0.435820756,0.98816568,82.089785,123.107225,0.436672265,0.291428186,67.0102138,2,0.173277891,0.0630297398,0.22278591,0.0221889689,0.035793097,0.102144464,0.0242304573
1358,0.437588437,0.98816568,82.6487961,123.338285,0.437652683,0.294551772,68.4506034,2,0.161535698,0.0746729011,0.215062698,0.023604177,0.0443464561,0.134794106,0.0600121901
1359,0.436336849,1.00591716,83.2076824,123.585232,0.438658001,0.297961606,69.1667319,2,0.165394248,0.0721248937,0.209804737,0.0181309114,0.0438978154,0.102086542,0.0544965832
1360,0.434749898,1.01775148,83.7930371,123.824107,0.438806916,0.301273724,69.2222408,2,0.168641205,0.0787913524,0.226660374,0.0181187138,0.0447283696,0.10080421,0.0306257836
1361,0.435980666,0.98816568,84.3735006,124.044658,0.438660448,0.29657417,69.0920764,2,0.177710946,0.069455217,0.228096352,0.0134201708,0.0469534007,0.121586032,0.0461098216
1362,0.4360183,1.0295858,84.9668799,124.242555,0.437803147,0.297133422,68.498725,2,0.160039929,0.0718042935,0.204701473,0.0124805885,0.0518971987,0.138001307,0.0648252076
1363,0.436515066,0.982248521,85.5620246,124.47158,0.437567474,0.295864487,67.1818685,2,0.165031634,0.0733912644,0.214053745,0.016426222,0.0490446383,0.121729928,0.0408611154
1364,0.434979263,1,86.1412875,124.731297,0.437185661,0.300034611,65.9900527,2,0.167676511,0.0715792428,0.204793022,0.0150931672,0.0470093379,0.103072459,0.0555785894
1365,0.4350899,1.01183432,86.7279734,124.985318,0.436845777,0.293908798,66.043094,2,0.167624584,0.0768281871,0.224898224,0.0088273772,0.04793609,0.111108759,0.0401571572
1366,0.435907743,0.982248521,87.2963018,125.209968,0.436965122,0.290742273,67.4375505,2,0.160879716,0.0676258265,0.222458202,0.0259637557,0.043143238,0.13031007,0.0195792044
1367,0.43671411,1.0295858,87.8519832,125.452296,0.437671137,0.293999553,68.6197528,2,0.163317129,0.0748185386,0.206107171,0.0187294625,0.0383399115,0.13374085,0.0679419882
1368,0.435077902,0.982248521,88.4241008,125.706513,0.438286698,0.296031371,69.1900404,2,0.167289271,0.0720092294,0.216868107,0.0139615705,0.0437170288,0.0788577208,0.047282975
1369,0.434633934,1.01775148,89.0112153,125.936917,0.43812456,0.291870316,69.1717749,2,0.172050239,0.0746552905,0.20186744,0.01540671,0.0553819299,0.0934791636,0.0433259114
1370,0.43586884,1.00591716,89.5976625,126.150625,0.437606805,0.289591247,68.9770949,2,0.181213477,0.0730695145,0.220030787,0.0211865506,0.030966942,0.148741545,0.0378667937
1371,0.435867986,1.02366864,90.1753973,126.356807,0.437244422,0.290256742,68.2344796,2,0.161825104,0.068564436,0.211924505,0.015467911,0.0287735174,0.109750289,0.0418757099
1372,0.435105302,1.00591716,90.7634141,126.594475,0.436915208,0.294054476,67.2789177,2,0.168178346,0.0739754144,0.213038051,0.024201516,0.034339483,0.127524867,0.0387843937
1373,0.434711371,1.01183432,91.3371921,126.845291,0.436322405,0.301962336,66.5757005,2,0.169457678,0.0684049773,0.221408205,0.00660652125,0.0294849667,0.0771383204,0.0396555983
1374,0.435436878,1,91.9213366,127.080294,0.436205107,0.296038369,66.7979938,2,0.170645884,0.075256407,0.208228833,0.0281584624,0.0397722065,0.104761881,0.0569117762
1375,0.437652326,0.982248521,92.482553,127.316458,0.436903235,0.295846516,68.4641268,2,0.16378989,0.0715993885,0.220807776,0.023451774,0.0461273766,0.139495352,0.0359208655
1376,0.43764681,1.01775148,93.0260281,127.559263,0.438590253,0.298283423,69.1359571,2,0.164988485,0.0740747929,0.208107771,0.00529351104,0.0440581027,0.100342303,0.0991148262
1377,0.435966155,1.00591716,93.6069863,127.800872,0.439295547,0.296769586,69.3066762,2,0.168763619,0.075733486,0.226685259,0.0155417209,0.0458255115,0.0754945475,0.0208792893
1378,0.436384945,1,94.1829098,0.0194374512,0.439761192,0.293580271,69.2501095,2,0.174732966,0.0655416296,0.229512873,0.0114894161,0.0533418221,0.112063503,0.0367192099
1379,0.436419201,1.01183432,94.7799416,0.227103579,0.43878812,0.293838116,68.7849223,2,0.184061588,0.0762648719,0.209843603,0.0278382611,0.0397013387,0.128771501,0.0701829309
1380,0.435996515,0.98816568,95.3663699,0.457055015,0.438700732,0.293223204,68.220579,2,0.163391485,0.0716527507,0.214100336,0.0108897667,0.0471163302,0.115069253,0.0315551221
1381,0.434185695,1.04142012,95.9563197,0.703965409,0.437581506,0.298596469,67.2025932,2,0.171192496,0.075137181,0.207615105,0.0170656617,0.0423115243,0.104315179,0.0814624657
1382,0.433851211,1,96.5531902,0.950648116,0.435783299,0.300284234,66.4832803,2,0.164893597,0.0719938303,0.225670639,0.0089517006,0.0450531515,0.0956233387,0.048095849
1383,0.433900649,0.976331361,97.1385523,1.16991615,0.434874056,0.29780469,66.5674879,2,0.15890494,0.0638872382,0.22112214,0.0276906143,0.0332178315,0.106653377,0.0187953811
1384,0.437087183,1,97.6993536,1.41294326,0.435826361,0.293573729,67.7059892,2,0.162702238,0.0730749035,0.20931953,0.0267244106,0.0428465327,0.130447008,0.0523534749
1385,0.436778854,1.00591716,98.2548997,1.65544011,0.437557162,0.2917921,67.7438872,2,0.166491252,0.0707165052,0.208158079,0.0183465958,0.0415662971,0.0973944112,0.0608993852
1386,0.436164126,1.01183432,98.8254172,1.88999323,0.438890478,0.289923477,68.4415542,2,0.169147144,0.0797452771,0.226296954,0.0147550121,0.0499623582,0.0932950571,0.0371687302
1387,0.437403191,1.01183432,99.3916259,2.10256571,0.43933316,0.289589624,68.7047888,2,0.177994154,0.070267797,0.227334405,0.0139614378,0.0458947685,0.135138537,0.0357391711
1388,0.437192126,1.01775148,99.9670959,2.30990999,0.439377237,0.292227033,68.3399001,2,0.161092344,0.0735678128,0.205153377,0.00724985907,0.0492572962,0.135242832,0.0788136908
1389,0.436135637,0.99408284,100.5513,2.55349646,0.439528543,0.295934616,68.1353325,2,0.164898382,0.074819877,0.216570234,0.00813637296,0.0524074313,0.109361326,0.0365094707
1390,0.433798351,1.02366864,101.149559,2.81447035,0.43779719,0.301968187,67.5602773,2,0.17421186,0.070541205,0.20720505,0.0150284049,0.0419062676,0.109374959,0.0614156894
1391,0.433616693,0.99408284,101.76621,3.04661957,0.435764146,0.301037964,66.4411138,2,0.168222029,0.0766755211,0.221328458,0.0236425862,0.0374858285,0.13201561,0.0280690783
1392,0.434873934,1.01183432,102.345027,3.28264871,0.435296422,0.294809108,67.5229128,2,0.161641051,0.067547508,0.218644871,0.0301260784,0.0415393756,0.129586901,0.0218090617
1393,0.437081236,1.01775148,102.902709,3.5128136,0.436571567,0.288897954,67.8510301,2,0.164262712,0.0731547488,0.203564918,0.0178698091,0.0348480935,0.122490703,0.0851646303
1394,0.436130679,0.976331361,103.465218,3.75790738,0.437887199,0.288309693,68.2166743,2,0.168092303,0.0717276899,0.218320642,0.012465237,0.0372010772,0.0703048008,0.0371888158
1395,0.43621918,1.00591716,104.031463,3.98384422,0.438653113,0.286595531,69.1386829,2,0.172366613,0.0645010418,0.214019725,0.0108796275,0.0304973988,0.0981893466,0.0491790619
1396,0.437149657,1.01775148,104.605145,4.19171887,0.438670889,0.291538676,69.3489232,2,0.181330386,0.0747179083,0.220863283,0.0186823979,0.0336031599,0.148098695,0.0429448173
1397,0.436081278,1.01775148,105.178614,4.4082226,0.438951505,0.292913148,69.031297,2,0.162628478,0.0710790398,0.212076536,0.0159171629,0.0340624749,0.109337356,0.0491916846
1398,0.43470774,1.01183432,105.766118,4.65195648,0.438423028,0.298063902,68.8656109,2,0.1682206,0.0757679672,0.216680311,0.0229867918,0.0357599789,0.122557005,0.0340173587
1399,0.433750219,0.99408284,106.362139,4.89637832,0.43663826,0.304438167,68.0466828,2,0.177533428,0.0684797606,0.22467077,0.00387022157,0.0348939156,0.0805445029,0.0301959134
1400,0.433428397,0.98816568,106.972371,5.11708404,0.434856395,0.303168165,67.5507245,2,0.158079438,0.0692496086,0.204147627,0.0195416647,0.0580396211,0.129105113,0.0395445734
1401,0.436728647,0.982248521,107.546674,5.34914939,0.435121172,0.294019266,68.0392592,2,0.164791781,0.0704200915,0.215748284,0.0282422438,0.0457294177,0.136924663,0.0467521377
1402,0.43776376,1,108.092815,5.57832698,0.437091481,0.291323061,68.0210223,2,0.165286359,0.0715778101,0.205216822,0.0110125307,0.0429163128,0.0996176876,0.0826401191
1403,0.436479371,1,108.657403,5.82027291,0.438613433,0.290256718,68.6726229,2,0.169066764,0.0755762356,0.226578566,0.0157682886,0.0464573352,0.0780578526,0.0219850474
1404,0.437304589,1,109.218752,6.03448991,0.439565606,0.290635047,68.974314,2,0.175293002,0.0662420791,0.230942113,0.00995069322,0.054272924,0.11456815,0.0379453307
1405,0.43732656,1.02366864,109.796901,6.23653293,0.439637626,0.297326479,68.8401547,2,0.159945827,0.0772679144,0.21206837,0.0239545416,0.0435864676,0.125264951,0.0672492427
1406,0.436321614,0.99408284,110.378991,6.46924506,0.439913051,0.30058711,68.7058995,2,0.163581954,0.0732658011,0.217982093,0.0091866607,0.0506126408,0.114396405,0.0324253479
1407,0.434067291,1.0295858,110.970577,6.71991756,0.438729289,0.306058818,67.9025431,2,0.171415272,0.0763014615,0.209911517,0.0150851319,0.0459480742,0.101117194,0.0808360307
1408,0.433441075,0.98816568,111.584492,6.96346559,0.436287622,0.305422161,66.9385573,2,0.165382693,0.0733759373,0.226986336,0.0116721972,0.046369322,0.103624652,0.0502658945
1409,0.433855638,0.982248521,112.182452,7.1825849,0.434967204,0.300436317,67.0198635,2,0.159102889,0.0641032088,0.221551722,0.0328449247,0.0368240985,0.115732098,0.0193876558
1410,0.437048812,0.98816568,112.757537,7.42174607,0.435612027,0.288234182,67.4341238,2,0.162839782,0.0724065636,0.204425149,0.0294161599,0.0369578036,0.132358108,0.0540093186
1411,0.437321561,1.00591716,113.314273,7.6640816,0.437378412,0.287131003,67.6552883,2,0.166626275,0.0704645731,0.208413453,0.0144314373,0.0392268607,0.0921215261,0.0630038742
1412,0.436100845,1.0295858,113.883879,7.89959895,0.438680981,0.285603248,68.5182045,2,0.170060608,0.0805011326,0.223391529,0.0146436029,0.0417070024,0.102721451,0.0366411152
1413,0.43743402,1.00591716,114.449357,8.1092845,0.439375172,0.289312601,68.7866249,2,0.178896204,0.0720645293,0.225788432,0.0140630085,0.0425449382,0.136980554,0.0388071586
1414,0.436892842,1.01775148,115.020926,8.31164611,0.439690004,0.293211787,68.7367392,2,0.16111947,0.0730400212,0.206772183,0.00450624621,0.0446524936,0.12662402,0.0827988631
1415,0.435776545,1.00591716,115.610281,8.55395349,0.439557149,0.29764763,68.6506726,2,0.165785641,0.0756462814,0.215340664,0.0142472814,0.0503788096,0.113241789,0.0337843566
1416,0.433630327,1.01775148,116.209587,8.80877512,0.437803421,0.303502689,67.8862579,2,0.175149793,0.0698910591,0.210334813,0.0136998892,0.0354190417,0.100325071,0.0675279462
1417,0.433453927,1.01775148,116.826443,9.04087424,0.43578244,0.299095836,66.6837487,2,0.15688866,0.0776761137,0.218872583,0.0235684115,0.0382112726,0.130993799,0.0267645348
1418,0.435306341,0.99408284,117.403477,9.27818945,0.435486232,0.289974574,68.1975422,2,0.162554328,0.0679266806,0.217129795,0.0276257348,0.0420669339,0.138043584,0.0243120248
1419,0.436861523,1.01775148,117.958502,9.50907077,0.436417543,0.28686986,68.4924971,2,0.164204231,0.0724634001,0.202422196,0.0110984544,0.0382354362,0.114621663,0.0977978125
1420,0.435857259,0.98816568,118.524865,9.74806337,0.437615198,0.286685242,68.81622,2,0.16793849,0.0725710507,0.219655764,0.0138964118,0.0393352674,0.0722170357,0.0304896591
1421,0.436240879,1.01183432,119.088898,9.97128261,0.438485906,0.286437121,69.4752702,2,0.17326403,0.0643040681,0.219081442,0.0108438695,0.0344636631,0.0882587687,0.0346704249
1422,0.436651426,0.99408284,119.665302,10.1735717,0.438500199,0.293410361,69.2804792,2,0.182270337,0.0760495462,0.220155781,0.019731438,0.030715682,0.143291632,0.0483883976
1423,0.435870015,1.01183432,120.243408,10.3851399,0.438660577,0.295950271,68.9079493,2,0.162267811,0.0709902939,0.216109136,0.016452402,0.0358315261,0.110927289,0.0291782628
1424,0.434257337,1.01775148,120.837693,10.6246262,0.437970974,0.300435069,68.1836923,2,0.169338956,0.0756255413,0.212812388,0.0229283229,0.0324308476,0.126664992,0.0528474253
1425,0.433453937,0.98816568,121.433326,10.8714197,0.436195494,0.304369349,67.2203547,2,0.163020715,0.069717603,0.224613998,0.00393418714,0.0364645584,0.0767750628,0.032450094
1426,0.434280765,1,122.029867,11.0944025,0.435316875,0.296316458,67.2151552,2,0.157725039,0.063219865,0.211982222,0.0101761405,0.0381229924,0.114594205,0.0516434591
1427,0.436867849,0.99408284,122.602535,11.3277797,0.435659114,0.288360556,68.4698018,2,0.165664617,0.0711734878,0.213540401,0.0284496026,0.042385022,0.13885504,0.0555541852
1428,0.437620519,1,123.154367,11.5573283,0.437106897,0.288275079,68.5949612,2,0.164958255,0.0708235182,0.205748749,0.0148031686,0.0388288191,0.10446105,0.064668661
1429,0.435751894,1.01183432,123.721717,11.7954821,0.438477472,0.291752384,68.9983903,2,0.168679408,0.0765677216,0.225863844,0.0176595605,0.0444891432,0.0898048904,0.028058531
1430,0.437123937,0.99408284,124.283887,12.0114546,0.439286055,0.292930227,69.1774606,2,0.176310738,0.0679746311,0.229810626,0.00670382485,0.0488108675,0.106792054,0.0398337634
1431,0.436891585,1.01775148,124.866604,12.2038837,0.439391488,0.299839476,68.8515353,2,0.159435683,0.076827919,0.20920137,0.023323142,0.0494843064,0.120256368,0.0559856808
1432,0.436869008,1.01183432,125.455976,12.4283453,0.4392931,0.302682638,68.3557949,2,0.163374632,0.073837719,0.219153273,0.0113494892,0.0508294791,0.123705276,0.034754253
1433,0.434607513,1.01775148,126.044223,12.6809955,0.438424993,0.30690441,67.1874733,2,0.172565989,0.0746311451,0.206700595,0.0120858391,0.052488172,0.0941456349,0.0813151699
1434,0.434082483,1,126.65112,12.9287877,0.437007009,0.300336268,66.4112666,2,0.166423755,0.0754040819,0.226350058,0.00485656219,0.0491521038,0.0938921515,0.0403547973
1435,0.43548662,0.982248521,127.230662,13.1544035,0.43681723,0.290266768,67.3243068,2,0.159854095,0.0648809214,0.222188709,0.0294768226,0.0449756259,0.128022439,0.0241672893
1436,0.43689537,1.01183432,127.804125,13.394422,0.437086094,0.286487631,68.38409,2,0.162412844,0.0735868972,0.203145063,0.0255282097,0.0389195194,0.134190388,0.0579974046
1437,0.436327498,0.98816568,0.379054322,13.6383018,0.437639863,0.288094228,68.761566,2,0.166223466,0.0711147233,0.210493836,0.011142103,0.0449088901,0.0901444231,0.0540455389
1438,0.434829868,1.03550296,0.953197493,13.8782834,0.438031393,0.289649759,69.2101126,2,0.171143711,0.0784749355,0.212789327,0.0152822286,0.0307199885,0.109308058,0.0488502352
1439,0.436054876,1.01775148,1.53219281,14.0902178,0.43808203,0.290381647,69.1492914,2,0.180190513,0.0728350333,0.224012906,0.0151811427,0.0377505811,0.135108906,0.0446148228
1440,0.435871773,1.01775148,2.11037718,14.2827714,0.437803754,0.295156389,68.779568,2,0.160668303,0.0692941254,0.212815011,0.0127348065,0.0300175672,0.11107841,0.0490843764
1441,0.435627238,0.982248521,2.70509365,14.5087586,0.437504095,0.297682435,67.6912891,2,0.167267088,0.0745376451,0.211959395,0.0228145227,0.041703453,0.125852014,0.0384565963
1442,0.434649446,0.99408284,3.28014957,14.7690792,0.437028424,0.30155592,66.8553446,2,0.168266863,0.069583456,0.213442963,0.0138412913,0.0352439886,0.0898355369,0.0654782341
1443,0.435392929,1.02366864,3.86718769,15.0014372,0.43712833,0.29206657,66.9988086,2,0.169799808,0.0798440669,0.22407096,0.0110376739,0.0503694012,0.117089981,0.0329961758
1444,0.437016486,1,4.43755869,15.2275478,0.437310302,0.288029717,68.5556929,2,0.163086855,0.0697145484,0.221655671,0.0220480308,0.0404154205,0.146323313,0.0242206328
1445,0.437449352,1.0295858,4.99056141,15.4615936,0.438082455,0.290585699,69.4263308,2,0.1634624,0.073246174,0.205366601,0.00408017729,0.0420906603,0.118322785,0.0984433439
1446,0.435328919,0.99408284,5.57119102,15.7072351,0.43849208,0.294852763,69.6734537,2,0.167300548,0.0742951537,0.221991529,0.0154102529,0.0454514078,0.0836018274,0.0298820096
1447,0.43522918,1.01775148,6.14879195,15.942683,0.438384367,0.296412468,69.5356463,2,0.174199874,0.0660631662,0.219989675,0.00902122509,0.0297621596,0.0886748334,0.0371619473
1448,0.435307318,0.99408284,6.74747347,16.1457222,0.437564227,0.298271121,68.8586113,2,0.183554273,0.0765091247,0.217478917,0.0276608712,0.02767682,0.13571013,0.0550468425
1449,0.435609934,0.98816568,7.33937737,16.3528396,0.436961046,0.298917465,67.9969443,2,0.161763119,0.069807607,0.218819664,0.0192400203,0.0401132372,0.122152349,0.0228709212
1450,0.434805805,1.01183432,7.92846503,16.5923074,0.436282205,0.300195213,66.492039,2,0.170757266,0.0732979206,0.207390584,0.0202956794,0.041691235,0.114114899,0.0877920303
1451,0.43481645,1.00591716,8.49503262,16.8498682,0.4364212,0.298064067,66.570662,2,0.169529191,0.0708712881,0.224296055,0.00545875146,0.0386253943,0.0726458622,0.0298695287
1452,0.43575473,1,9.06816013,17.0726363,0.436623982,0.290762427,67.0826551,2,0.172940002,0.0609987406,0.224012992,0.0220633623,0.0388922916,0.104196463,0.0274365155
1453,0.437638225,1.00591716,9.62892448,17.2991527,0.437428419,0.292050103,68.6632605,2,0.160924261,0.0736437167,0.216519903,0.0239355363,0.0412763199,0.140228505,0.0591376828
1454,0.436762126,1.01183432,10.1896138,17.5370165,0.438379033,0.294605986,69.2643416,2,0.164640882,0.071701392,0.210166252,0.016384837,0.0406183359,0.105628583,0.0558255687
1455,0.434819884,1.00591716,10.7724619,17.780413,0.438373702,0.301401757,69.4478299,2,0.168319717,0.0775037453,0.226102261,0.0197444733,0.0417376675,0.104572154,0.0301593743
1456,0.435661457,0.99408284,11.3504581,18.0090901,0.438170128,0.301451532,69.4287166,2,0.177350908,0.0690084073,0.230195069,0.0112489778,0.0459916759,0.10869032,0.0456513155
1457,0.435757504,1.01183432,11.9441546,18.2014966,0.437558177,0.304218997,68.8947495,2,0.159398385,0.0728422321,0.206649945,0.0197875765,0.0554446814,0.133697069,0.0480335414
1458,0.43704493,0.98816568,12.5397927,18.4229484,0.437421545,0.301719987,67.5434178,2,0.164684262,0.0732121855,0.216544387,0.0211237833,0.0488067305,0.127694913,0.0427664839
1459,0.435718086,0.99408284,13.1149364,18.6786169,0.437567901,0.301999631,66.2948145,2,0.166853389,0.0725424718,0.205146424,0.0141215441,0.0496072318,0.0996749328,0.0631048565
1460,0.435570326,1.01183432,13.6956296,18.934192,0.437697298,0.29434372,66.6653113,2,0.167119212,0.0764623372,0.226489516,0.000450390617,0.0505681756,0.0941614711,0.0375022076
1461,0.436535616,1.00591716,14.2645136,19.1537342,0.437936084,0.290445407,67.6104245,2,0.160383026,0.0666439778,0.224976724,0.024366738,0.04808333,0.131172106,0.0224273268
1462,0.437289046,1.02366864,14.8278174,19.3880495,0.438528401,0.292684338,68.5958289,2,0.162313273,0.0752661057,0.2059706,0.0211855753,0.0427999125,0.135588407,0.0592453055
1463,0.435603881,1,15.4045822,19.639139,0.438913599,0.295848069,69.2118474,2,0.166236546,0.0723934163,0.214714626,0.0121832482,0.0491055187,0.0899630218,0.0501159816
1464,0.434211277,1.0295858,15.9937113,19.8837824,0.438029157,0.297654577,69.0377911,2,0.171776739,0.0765334775,0.206723203,0.016298597,0.0475276969,0.0928763963,0.0610932542
1465,0.434858446,1.01183432,16.5895825,20.103987,0.437093346,0.294022262,68.7653176,2,0.181087226,0.0729981992,0.222530204,0.020192635,0.0338840219,0.142216303,0.0393747849
1466,0.435154769,1,17.1741741,20.2986469,0.436375663,0.295754885,67.8527021,2,0.160916357,0.0673549772,0.2154027,0.018387158,0.0273791504,0.108609116,0.0304512411
1467,0.435479921,0.976331361,17.7680842,20.5280899,0.435893102,0.294835763,66.3118193,2,0.168251315,0.0729298439,0.209913104,0.0256368799,0.0345642949,0.130087958,0.04434932
1468,0.435472559,0.98816568,18.3212787,20.7935867,0.436717733,0.297224169,66.1477966,2,0.168649792,0.0689195623,0.216959772,0.0115503187,0.0305527851,0.0806807837,0.0559809474
1469,0.4364263,0.99408284,18.8943091,21.0279382,0.437331168,0.290639824,67.027834,2,0.17022358,0.0794148428,0.220666186,0.0178979412,0.0384395765,0.124989129,0.028900516
1470,0.437972268,1.00591716,19.4570843,21.2502133,0.438060086,0.292768429,68.4419894,2,0.160159583,0.0715110163,0.223998298,0.0207546686,0.042177075,0.145770921,0.0278480017
1471,0.437560181,1.03550296,20.0054402,21.4921948,0.439168746,0.296710747,69.4595126,2,0.163940543,0.0741914678,0.208601021,0.00145055925,0.0440691395,0.112184497,0.100896771
1472,0.43527694,1.01183432,20.5866187,21.746563,0.439373711,0.302161724,70.0569798,2,0.167915047,0.0756407054,0.226199063,0.0158623876,0.0465847882,0.0806172626,0.0265055739
1473,0.435274703,1.00591716,21.1768429,21.9752507,0.438942329,0.29987767,69.4627407,2,0.17463817,0.0658158959,0.226057179,0.00900455221,0.0418047753,0.0945422759,0.0239338607
1474,0.435399463,0.98816568,21.7864673,22.182671,0.437589868,0.297091764,68.8596089,2,0.159104235,0.075940065,0.21111748,0.0328990576,0.0339125202,0.128270894,0.0694256448
1475,0.435807072,0.98816568,22.3808317,22.399274,0.437094681,0.29574115,67.8300208,2,0.162488656,0.0704200698,0.215560662,0.0176093076,0.043983552,0.122040651,0.0285545869
1476,0.43480639,1.02366864,22.9701906,22.6374531,0.436353049,0.297758982,66.0552006,2,0.171409228,0.0734567407,0.205222499,0.0184092113,0.0450793969,0.102807104,0.0932307361
1477,0.434619728,1.00591716,23.5425332,22.9007138,0.436079868,0.295988479,66.2745993,2,0.164727081,0.0719167948,0.225045177,0.00394016004,0.0429922404,0.0810111304,0.0368994242
1478,0.435522847,0.98816568,24.1098752,23.1210682,0.436395663,0.29145696,66.864728,2,0.1735918,0.0631862432,0.222641252,0.024368549,0.0373169388,0.105016354,0.0238268155
1479,0.437372618,1,24.6687905,23.3546418,0.437406098,0.293774127,68.3296356,2,0.161791277,0.0745024911,0.213167005,0.0244040841,0.0446787633,0.132820709,0.0600207068
1480,0.436324928,1.01183432,25.2278558,23.6023064,0.438391604,0.297061026,69.0250185,2,0.165661037,0.0717546792,0.209492725,0.018826066,0.0442228018,0.100987091,0.0541199518
1481,0.434966164,1.0295858,25.8114371,23.8376884,0.438761029,0.299057779,69.0403857,2,0.168928704,0.0790265573,0.226044312,0.0174710302,0.0443192864,0.101820832,0.0312029574
1482,0.436324573,1.01183432,26.3878463,24.0562104,0.43879036,0.294694072,69.0549781,2,0.177935098,0.0697893815,0.227797474,0.0133310384,0.0463659817,0.124929928,0.0455115207
1483,0.436335859,1.0295858,26.9771386,24.2541983,0.438119663,0.296044071,68.4837534,2,0.160221848,0.0718245517,0.20526087,0.00928224934,0.0503854396,0.137308913,0.0697051885
1484,0.436599458,0.982248521,27.5710319,24.4851659,0.437957851,0.295575376,67.2956211,2,0.165172373,0.0738455083,0.214255396,0.0149475539,0.0493661532,0.120336861,0.0397275721
1485,0.434726728,1.00591716,28.1557797,24.7450083,0.437256322,0.300894308,66.1167769,2,0.167890755,0.0713935811,0.205739547,0.0152984169,0.0452651777,0.104478328,0.0575485916
1486,0.434902976,1.01183432,28.7464647,24.9959425,0.436788817,0.29456437,66.050677,2,0.167913511,0.0772933979,0.224378352,0.0111579129,0.0470630764,0.115437559,0.03823269
1487,0.435875295,0.99408284,29.3161845,25.2236779,0.436851422,0.290448682,67.5843538,2,0.161190382,0.0679598115,0.221467901,0.0263607484,0.0424086715,0.132078818,0.0196589617
1488,0.436752667,1.02366864,29.8715475,25.4652761,0.437600653,0.292685936,68.6706113,2,0.163519939,0.0745395587,0.205147845,0.0173472633,0.0373751305,0.131303806,0.074397474
1489,0.435079567,0.982248521,30.4439679,25.7168788,0.438219328,0.294191329,69.1751921,2,0.167451231,0.0720733537,0.217300892,0.0137553981,0.0426353412,0.0764625492,0.043596397
1490,0.434723358,1.01183432,31.0290927,25.9466917,0.438107767,0.289592037,69.3148705,2,0.172329573,0.0708644179,0.200819255,0.0134605489,0.0523206259,0.112642894,0.0352416255
1491,0.435962555,1.00591716,31.6132764,26.1575232,0.437654472,0.289015129,69.0956494,2,0.181457443,0.0733892096,0.219336767,0.0212355578,0.0305188325,0.148309146,0.0396950171
1492,0.435790587,1.02366864,32.1915059,26.3645801,0.437260411,0.289667584,68.3692636,2,0.161946563,0.0686239166,0.21228036,0.0159920552,0.0300845996,0.109568945,0.038681591
1493,0.435004544,1.01183432,32.7772076,26.6009645,0.437012304,0.29445992,67.4613883,2,0.168393868,0.0741171875,0.213107499,0.0241860026,0.0338392886,0.127827995,0.0408387435
1494,0.434540151,1.00591716,33.3539736,26.8500765,0.436208502,0.302395316,66.7339681,2,0.161780838,0.0684502654,0.222537669,0.00618406382,0.0307272108,0.0761292827,0.036162394
1495,0.435226723,1.00591716,33.9398644,27.082282,0.435966634,0.296347399,66.8896463,2,0.170935382,0.0737875508,0.205861516,0.026475092,0.0477899571,0.104493284,0.0482573534
1496,0.437650424,0.99408284,34.500771,27.318467,0.43670718,0.295479215,68.5712479,2,0.164074547,0.0715805637,0.220520763,0.0238639711,0.0459415972,0.140405975,0.0385716174
1497,0.437776783,1.01183432,35.0443628,27.5576968,0.438502857,0.297527508,69.1000414,2,0.164964013,0.0736067113,0.20820947,0.00612613256,0.0442109042,0.100040547,0.0959224184
1498,0.436028841,1.00591716,35.6251006,27.7983055,0.439254421,0.296896831,69.2398448,2,0.168723524,0.0759416062,0.227337595,0.0159977748,0.0462724908,0.0774631151,0.0213760515
1499,0.436638893,0.99408284,36.1985099,28.0174112,0.439859068,0.294093763,69.2784309,2,0.174976718,0.0660597239,0.230004736,0.0107561618,0.0525290114,0.110936722,0.0359664263
1500,0.436571777,1.01183432,36.7957122,28.2228877,0.438998449,0.295124496,68.7979308,2,0.15973262,0.0765461725,0.209899407,0.0279324279,0.0408818676,0.127002571,0.0693099975
1501,0.436202742,0.98816568,37.3829445,28.4527061,0.438924761,0.295154017,68.234145,2,0.163323533,0.0720927166,0.215186486,0.0107857044,0.0480539344,0.116907255,0.0318219281
1502,0.434254621,1.03550296,37.9730462,28.6998327,0.437790593,0.300600394,67.1530594,2,0.171453846,0.0750825419,0.207168241,0.0162226928,0.0453916916,0.100397807,0.0852221531
1503,0.433835193,0.99408284,38.5736268,28.9480827,0.43594575,0.300899111,66.3899291,2,0.165212919,0.0726724861,0.225742454,0.00911855386,0.045813539,0.0961940481,0.047310028
1504,0.434193659,0.982248521,39.1582798,29.1685994,0.435199004,0.296397441,66.639905,2,0.158884366,0.0639521139,0.221488512,0.0294984122,0.0363697678,0.110604569,0.0198611095
1505,0.437066953,0.98816568,39.7211593,29.4106897,0.436057545,0.292286985,67.7919916,2,0.162667027,0.0732172154,0.207935718,0.0270329992,0.0416926274,0.131199099,0.0535923104
1506,0.436678208,1.00591716,40.2802931,29.6546248,0.437520962,0.291467683,67.9199198,2,0.166478512,0.0706129856,0.208693247,0.0176978049,0.0417655597,0.0954644222,0.0615372123
1507,0.435867603,1.01775148,40.8520107,29.8881692,0.438761612,0.289551335,68.6036036,2,0.169562668,0.0800280734,0.225120296,0.0152905512,0.0464505548,0.0988433295,0.0370660682
1508,0.437211179,1.01775148,41.4193314,30.1006584,0.439143549,0.289625357,68.8437361,2,0.178427053,0.0707398221,0.226795676,0.0138779756,0.0442856649,0.135539214,0.0384942889
1509,0.437064784,1.01775148,41.994292,30.3039597,0.439164723,0.292336184,68.5414512,2,0.160999371,0.0727204183,0.205919789,0.00438952903,0.0472615234,0.132455361,0.0814667208
1510,0.436267724,1.00591716,42.5799423,30.5435572,0.439302091,0.296121342,68.1419494,2,0.165311599,0.0749372078,0.21608533,0.0109760011,0.0512832885,0.112734633,0.0353605314
1511,0.433926772,1.01775148,43.1772696,30.8032291,0.437628198,0.303169373,67.510356,2,0.174644838,0.0702854972,0.209004149,0.0144424041,0.0394551525,0.10602335,0.0654312009
1512,0.433877261,1.01183432,43.7883287,31.0369814,0.436043247,0.299867892,66.4201735,2,0.168567636,0.0774179091,0.221758616,0.0215322078,0.0396124575,0.130130904,0.0275437822
1513,0.435435613,1.01183432,44.3645226,31.2746763,0.435775068,0.292600752,67.9532141,2,0.161945666,0.0679821576,0.218852829,0.0287606412,0.0421477274,0.13361699,0.0221463956
1514,0.436982457,1.01775148,44.9202604,31.5084669,0.436849037,0.2900828,68.4002366,2,0.164194796,0.0733552209,0.203914891,0.015026324,0.0360848632,0.120642403,0.0901830027
1515,0.435877533,0.970414201,45.4892798,31.748183,0.437994448,0.289079515,68.6258064,2,0.167940359,0.0722371859,0.219046142,0.0128207283,0.0392022742,0.0717005155,0.0347776946
1516,0.436022926,1.01183432,46.0586728,31.9738169,0.438677722,0.286829541,69.3547051,2,0.172791763,0.0644687566,0.215488754,0.0108720037,0.0308056941,0.0940914682,0.0452846301
1517,0.436782885,1.00591716,46.6370296,32.1809068,0.438488903,0.291053998,69.3235032,2,0.181828587,0.0751038092,0.21964844,0.0200263423,0.0315923777,0.146307267,0.0459951798
1518,0.435913265,1.01775148,47.2142755,32.3942967,0.438518735,0.292588727,68.8706249,2,0.162410886,0.070486985,0.213529972,0.0165958313,0.0342109399,0.109809365,0.0371120021
1519,0.434617932,1.01775148,47.803444,32.6341108,0.437999358,0.297524344,68.3562603,2,0.168803812,0.0754003829,0.214072542,0.0232592853,0.0326666518,0.126657506,0.0424431224
1520,0.43366278,0.98816568,48.3977721,32.8782198,0.436256908,0.30394401,67.3827304,2,0.162465189,0.0689699883,0.224615441,0.00395016777,0.0352119948,0.0776344472,0.0316485328
1521,0.433992578,1,48.9985478,33.1008655,0.435056879,0.299395454,67.1514409,2,0.157826023,0.066596585,0.20619808,0.00825660793,0.0543750796,0.131119973,0.0534433605
1522,0.437058978,0.99408284,49.5658486,33.3357986,0.435623967,0.292433851,68.3520179,2,0.165091385,0.0710249082,0.216030622,0.0277841279,0.0449236939,0.138892882,0.0495776546
1523,0.437808184,1.01183432,50.1124291,33.5664007,0.437394558,0.292048153,68.4422248,2,0.165100011,0.0716137707,0.206347203,0.0123984788,0.0417895433,0.101824944,0.0768993676
1524,0.436221869,1.00591716,50.6811335,33.8051065,0.438807695,0.292220446,68.9605718,2,0.168829789,0.0762094766,0.226967337,0.0169433694,0.0464224692,0.0824810052,0.0243234391
1525,0.437164646,1.00591716,51.2462943,34.0216677,0.439573769,0.291919404,69.2113735,2,0.175723348,0.067064151,0.230567474,0.00817575853,0.0515432261,0.11067991,0.0376179155
1526,0.436999175,1.01775148,51.8303361,34.2185034,0.43955074,0.297963265,68.936041,2,0.159664116,0.0771122763,0.210503417,0.0245029817,0.0456220409,0.122681819,0.0638495002
1527,0.436627976,1,52.4167135,34.4472222,0.439578271,0.300802596,68.5754093,2,0.163237847,0.0733858852,0.218379342,0.00943179413,0.0506844991,0.119627923,0.0328585248
1528,0.434284411,1.02366864,53.0075673,34.6954754,0.438489762,0.306781367,67.4839086,2,0.171993239,0.0753285776,0.207803713,0.0135352513,0.0504929897,0.0948664512,0.0860229572
1529,0.433585194,0.99408284,53.619603,34.943027,0.436461905,0.303787696,66.5351409,2,0.165931298,0.0743445073,0.22681533,0.0088442432,0.0477102879,0.0975780141,0.0451339722
1530,0.434822147,0.982248521,54.2066545,35.1671988,0.435840316,0.294113009,67.1507398,2,0.159478977,0.0642740276,0.221643229,0.032103929,0.041697896,0.122207357,0.023001904
1531,0.437014063,1,54.7788001,35.4059337,0.436382378,0.287470865,68.0297122,2,0.162592715,0.0730345231,0.204050106,0.0279227832,0.038205827,0.13278153,0.0564927403
1532,0.436820044,1,55.3455866,35.6479839,0.437408339,0.288276571,68.1920437,2,0.166374749,0.0706447787,0.209581575,0.0132517319,0.0426866765,0.0909624609,0.0591334801
1533,0.435447703,1.03550296,55.9154368,35.884123,0.438503813,0.287696821,69.0086678,2,0.170553701,0.0798602068,0.219382943,0.0158368378,0.0313496862,0.113707078,0.0302015966
1534,0.436803504,1.01183432,56.4863005,36.0950561,0.438845924,0.289843176,69.0688859,2,0.179473445,0.0723391514,0.225496425,0.01379487,0.0405360987,0.135156427,0.0437080182
1535,0.436616455,1.01775148,57.0608345,36.2908381,0.438852329,0.293860292,68.8906903,2,0.160794346,0.0710965683,0.209484215,0.00735434603,0.0379797735,0.120452068,0.0703864926
1536,0.435955657,1.00591716,57.6535486,36.521424,0.438681262,0.297986787,68.2041345,2,0.166461697,0.0752312747,0.214163948,0.0186642414,0.0464124388,0.120920176,0.0355502253
1537,0.434109978,1.00591716,58.2448379,36.7808763,0.437320225,0.304065101,67.4075162,2,0.175700592,0.069894397,0.212191184,0.0133970557,0.0360650646,0.0958077271,0.0674701077
1538,0.434571549,1.02366864,58.8460748,37.012042,0.436641518,0.295005958,66.6889672,2,0.169469919,0.0791277079,0.22235974,0.0152912149,0.0472331297,0.123131204,0.0298029682
1539,0.436391235,0.99408284,59.4186756,37.2456947,0.436728295,0.28771152,68.4937938,2,0.162791806,0.0689732387,0.219351883,0.0248996554,0.0409676388,0.143566313,0.0236376442
1540,0.437224042,1.0295858,59.9743125,37.4786682,0.437451262,0.287851786,69.1729548,2,0.163729191,0.0730424162,0.203257967,0.00733594468,0.0404222443,0.117253789,0.0984169971
1541,0.435428633,0.982248521,60.5517789,37.7199403,0.438048278,0.28993993,69.2495867,2,0.167499067,0.0735496081,0.220077464,0.0145119607,0.0430560078,0.0783898979,0.030446225
1542,0.435581016,1.01775148,61.1217941,37.95143,0.438468025,0.290159131,69.6832242,2,0.173778033,0.0655141043,0.217793703,0.0108384033,0.0303437481,0.0891914982,0.0396803657
1543,0.435740262,0.99408284,61.7105584,38.1534224,0.437984055,0.294143333,69.161733,2,0.182977474,0.0762388853,0.218308578,0.0232282184,0.028393763,0.139409925,0.0509738472
1544,0.435559944,1.01183432,62.2962177,38.3617832,0.437502587,0.296314965,68.5541197,2,0.161902863,0.0699258624,0.217529305,0.0167449371,0.0382117042,0.116295761,0.0231206804
1545,0.434490487,1.01775148,62.8864837,38.598061,0.436925125,0.299979797,67.2683523,2,0.170101308,0.0741802927,0.209303604,0.0220926006,0.0371163452,0.121845908,0.0737820852
1546,0.434092202,0.98816568,63.4657922,38.8501684,0.436148882,0.301003977,66.7802195,2,0.163528004,0.0701982888,0.224253755,0.00511807568,0.0373756874,0.073454996,0.0309201899
1547,0.435343683,0.99408284,64.0458524,39.0741912,0.43610668,0.291740801,67.1519694,2,0.157409238,0.0613746434,0.218907735,0.017780185,0.0319528808,0.100658921,0.0321070017
1548,0.437377649,1.00591716,64.6120239,39.303763,0.436693061,0.289502331,68.7592852,2,0.160996297,0.0724329216,0.215759027,0.0253430246,0.0408552544,0.141185932,0.0568889678
1549,0.437254689,1,65.1684878,39.5364401,0.437889858,0.291589465,69.187876,2,0.164631876,0.0713641641,0.208483006,0.0152408424,0.0391080942,0.105771628,0.0607323129
1550,0.435264588,1.00591716,65.7467284,39.7760896,0.4384354,0.297167669,69.349467,2,0.167917631,0.077020126,0.225898953,0.0192680063,0.0426171049,0.0990253961,0.0295285257
1551,0.436214935,0.99408284,66.317647,40.0018356,0.438640815,0.29840411,69.4283406,2,0.176838235,0.0685319622,0.230255736,0.00830757643,0.0463580771,0.1049366,0.0423361958
1552,0.436136945,1.02366864,66.9081022,40.1929403,0.438320206,0.302833004,68.9681461,2,0.159264692,0.0748912245,0.207520795,0.0238374805,0.0538136345,0.124601245,0.0450753766
1553,0.437011193,0.99408284,67.5015466,40.4137842,0.438167451,0.302390262,67.9828146,2,0.164086665,0.0733497996,0.218188574,0.017902746,0.0492812404,0.127997222,0.0393231608
1554,0.435254879,1,68.0834356,40.667235,0.437735069,0.304509489,66.6910263,2,0.173178681,0.073176659,0.205727291,0.0131333454,0.0515139362,0.0972377417,0.0729675834
1555,0.435113702,1.00591716,68.6723526,40.919164,0.437377366,0.296052023,66.6007571,2,0.166755509,0.0757363818,0.226282619,0.00224515788,0.050017769,0.0905166687,0.0362141275
1556,0.436283958,1,69.2414268,41.1398014,0.437679285,0.290245422,67.499654,2,0.160022294,0.0655077633,0.224813016,0.0255524511,0.0488265311,0.129796119,0.0252553397
1557,0.437270852,1.02366864,69.8082088,41.3739183,0.438166995,0.290756372,68.5034419,2,0.162092474,0.0747124798,0.205703115,0.0232478887,0.0424665184,0.134493322,0.057819411
1558,0.436042816,1,70.385003,41.6193987,0.438610093,0.293101731,68.9800801,2,0.165928105,0.0719497496,0.213152832,0.0119827998,0.0482986329,0.0933603144,0.0507876089
1559,0.434466054,1.0295858,70.968656,41.8643866,0.438090091,0.29602753,69.0383717,2,0.17138525,0.0775957621,0.210822409,0.0157057744,0.0380322256,0.102946235,0.0588101755
1560,0.435145381,1.01183432,71.5593024,42.0854031,0.437375315,0.29450695,68.9056859,2,0.1806141,0.0727907648,0.224405229,0.0174754483,0.036925703,0.136834152,0.0442601272
1561,0.435274111,0.99408284,72.142829,42.2777123,0.436739096,0.297814474,68.2342419,2,0.160589255,0.0676947935,0.215679768,0.0167616717,0.0273851962,0.108680253,0.035061383
1562,0.43574072,0.964497041,72.7383689,42.5049925,0.436280888,0.296814331,66.8753432,2,0.167787014,0.0733511353,0.210668778,0.0253941117,0.0377328001,0.129362423,0.0418579484
1563,0.435365759,0.982248521,73.296955,42.7673491,0.436967438,0.299049235,66.381881,2,0.16823983,0.069364771,0.214714891,0.0134170161,0.0338443514,0.0868089675,0.063910281
1564,0.436229049,1.01183432,73.8749182,43.0015032,0.43748864,0.290739052,67.0712256,2,0.169920597,0.080097707,0.225188691,0.0108599716,0.0499373713,0.116393606,0.0326042372
1565,0.437700754,1.00591716,74.4409317,43.2215588,0.43801099,0.291156358,68.4606709,2,0.163139558,0.0706815259,0.224218962,0.0207965479,0.041134072,0.14672836,0.0243083681
1566,0.437695001,1.0295858,74.9923653,43.4579628,0.438946778,0.294544882,69.3866363,2,0.163405669,0.0739523093,0.207471246,0.00326522557,0.0435980686,0.118627763,0.0989306914
1567,0.435398993,0.99408284,75.5735747,43.7091618,0.439240249,0.300146097,69.8815937,2,0.167330653,0.0750605691,0.223856789,0.0157160232,0.0472356009,0.0847656007,0.0302255306
1568,0.435002107,1.01183432,76.1612914,43.946359,0.43859166,0.301406381,69.4256277,2,0.174395178,0.0662894508,0.222095694,0.00731317743,0.0321488859,0.089306158,0.0321871211
1569,0.435025036,0.99408284,76.7701625,44.1554642,0.437232063,0.299920784,68.7969282,2,0.183908789,0.0762537196,0.214880712,0.0319797082,0.0289403431,0.132141486,0.0622370148
1570,0.435512151,0.982248521,77.365919,44.3649193,0.436618587,0.298887209,67.7411985,2,0.161967484,0.0697993564,0.217693219,0.0205386662,0.041754191,0.124211405,0.0254613193
1571,0.435021447,1.01183432,77.9543537,44.6036184,0.436033807,0.297755816,65.9560021,2,0.171161777,0.0729565339,0.205545157,0.0192303232,0.043446303,0.108179518,0.0934862375
1572,0.435122792,1,78.5156401,44.86611,0.436474553,0.295570581,66.3995931,2,0.169782968,0.0714401805,0.224334573,0.00473774231,0.0395608722,0.0740773943,0.0308586892
1573,0.435943058,1,79.0834152,45.0881953,0.436879883,0.290789782,67.1019951,2,0.173178362,0.0621424077,0.224074502,0.0223545813,0.0389506096,0.104169131,0.0268487193
1574,0.437679064,0.99408284,79.6434796,45.3157214,0.437731365,0.293672052,68.5161423,2,0.161183147,0.0744769526,0.215741852,0.0235970109,0.0428489017,0.137142231,0.060771424
1575,0.43641335,1,80.2041054,45.5596186,0.438648689,0.297115219,69.2455249,2,0.164994041,0.0720186961,0.210260315,0.0173352011,0.0428966668,0.103727352,0.0539911829
1576,0.434582287,1.01183432,80.7879075,45.8020672,0.438640889,0.302702349,69.4180978,2,0.168561054,0.0782468656,0.22647741,0.0193469415,0.0428225544,0.104230273,0.0303935972
1577,0.435624989,0.99408284,81.3702027,46.0274114,0.438245878,0.299926941,69.249007,2,0.177659417,0.0692995711,0.228975773,0.0130354644,0.0467183466,0.115877571,0.0471014331
1578,0.435765885,1.01775148,81.964534,46.2216821,0.437461049,0.300748949,68.5794086,2,0.159713782,0.0716937388,0.205637347,0.0145590829,0.0533793489,0.137329972,0.0594428434
1579,0.436710682,0.982248521,82.5613012,46.4473848,0.43721342,0.298206005,67.1600639,2,0.165020332,0.0731855744,0.214669503,0.0197652275,0.048677389,0.124938264,0.0426300198
1580,0.435488071,0.98816568,83.1342557,46.7068067,0.437348248,0.299696232,66.0032698,2,0.167293855,0.0719248461,0.204740122,0.0149814216,0.0479381167,0.101523137,0.0569846721
1581,0.435517055,1.01183432,83.715584,46.9621595,0.437379882,0.292823343,66.3496678,2,0.167431,0.076806215,0.225767929,0.00395053159,0.0496338032,0.102796488,0.0400748186
1582,0.436338445,1,84.2839053,47.183086,0.43755485,0.289952321,67.5232787,2,0.16068602,0.0674013595,0.223819928,0.0248329404,0.0452403587,0.131184264,0.0197779681
1583,0.437029756,1.03550296,84.8422683,47.4215855,0.438263794,0.293421096,68.6172356,2,0.162837274,0.0752392411,0.206144706,0.019485975,0.0408012069,0.135470011,0.0635515821
1584,0.435191739,0.98816568,85.4171607,47.6774044,0.438690103,0.296578372,69.3181887,2,0.166834443,0.0723395242,0.216047938,0.0133609954,0.0468886861,0.0837645138,0.0491886669
1585,0.434241512,1.02366864,86.0079102,47.9158166,0.437997985,0.295202752,69.1134314,2,0.171998597,0.0753706527,0.203398445,0.0164341379,0.0532893096,0.0908590981,0.0514439567
1586,0.435252637,1,86.6006525,48.1313083,0.437301796,0.291112295,68.8220337,2,0.181260195,0.0730640523,0.220607484,0.021788444,0.0311654603,0.14687126,0.0374126534
1587,0.435541839,1.01775148,87.1821299,48.3322277,0.436710957,0.291884046,67.9518571,2,0.161441058,0.0678814379,0.213205273,0.0168637916,0.0277334138,0.109476507,0.0352218226
1588,0.435131754,1.01183432,87.7740896,48.56542,0.436250736,0.293813672,66.6127966,2,0.16834515,0.073315753,0.211027435,0.0252804853,0.0333181197,0.129329987,0.0431230772
1589,0.43521998,1.00591716,88.3353407,48.8251826,0.436426533,0.298596041,66.1469947,2,0.169143478,0.0685156691,0.219300899,0.00832267892,0.0290990196,0.0773984329,0.0457892222
1590,0.436137892,0.99408284,88.9098376,49.0610697,0.43684819,0.292575172,66.8626973,2,0.170466213,0.0771545766,0.212378541,0.0252524156,0.0315974095,0.112803522,0.054787247
1591,0.437992511,0.99408284,89.470577,49.290573,0.437643874,0.294412991,68.418358,2,0.160790202,0.0719043419,0.222254828,0.0217699694,0.0444864147,0.142202906,0.0327803248
1592,0.43750572,1.0295858,90.0159976,49.5368836,0.439024336,0.298280668,69.3946929,2,0.164638807,0.0744064811,0.208620272,0.00303815813,0.0442299452,0.104370961,0.100743802
1593,0.435556547,1.00591716,90.5967891,49.7859618,0.439450539,0.300184916,69.7842311,2,0.168530653,0.0759435886,0.22703986,0.0155597978,0.0457018871,0.0763407656,0.0221227204
1594,0.435910412,1,91.1825441,50.005368,0.439518618,0.295389758,69.3655938,2,0.174727252,0.0656206503,0.228177542,0.0112756183,0.0501867669,0.106773367,0.0328402468
1595,0.435961141,0.99408284,91.7864539,50.2134169,0.4383214,0.293668049,68.8518144,2,0.184163343,0.0760060019,0.20894783,0.0301410329,0.0381483363,0.128121778,0.0706587543
1596,0.436004078,0.98816568,92.3760549,50.4388973,0.438033873,0.292289696,68.0513048,2,0.16310777,0.0711936435,0.213632207,0.0126392046,0.0459218739,0.117392005,0.0305896079
1597,0.434303612,1.0295858,92.9661588,50.6813386,0.436996876,0.297157427,66.7024137,2,0.171346231,0.0743232156,0.205933987,0.0171258645,0.0439202724,0.101728786,0.0871419182
1598,0.434052894,0.98816568,93.5547435,50.9336539,0.435707933,0.297960958,66.1848221,2,0.164917867,0.0719605222,0.225105362,0.00674530311,0.0448113464,0.0896949804,0.0444460589
1599,0.434455978,0.976331361,94.1302459,51.155355,0.435368767,0.294145464,66.5493233,2,0.158677421,0.0637458224,0.221135933,0.0262690442,0.0344572277,0.105589145,0.0202374234
1600,0.437101224,1,94.6878556,51.3974269,0.436327982,0.293676039,68.0517988,2,0.162459796,0.0735983451,0.210589185,0.0252937392,0.0446074335,0.130669654,0.0543144266
1601,0.436468557,1.01183432,95.2425569,51.6424115,0.437861082,0.294420315,68.288359,2,0.16628768,0.0711056632,0.208662687,0.0194816597,0.0431558185,0.0982063977,0.0583666874
1602,0.435794068,1.02366864,95.820011,51.873499,0.438938622,0.292250864,68.633242,2,0.169062672,0.0795722342,0.225993201,0.0158646154,0.0483558969,0.0957729943,0.0347628221
1603,0.437062339,1.01183432,96.3884668,52.0886042,0.43919093,0.290257565,68.8266589,2,0.177944794,0.0699390156,0.22750618,0.0138014671,0.0460762367,0.132613075,0.0388662512
1604,0.437060375,1.01775148,96.9688118,52.2919916,0.438960004,0.292381548,68.32346,2,0.160812368,0.0729383033,0.204961906,0.00782315493,0.0495222887,0.136528759,0.0754298114
1605,0.436407949,0.98816568,97.5555205,52.5318528,0.439031207,0.294491093,67.7715774,2,0.164930009,0.074427081,0.215664176,0.00863098878,0.0516238766,0.113029381,0.0368202949
1606,0.433989312,1.02366864,98.1512084,52.7931379,0.43747736,0.301783356,67.0586999,2,0.174237632,0.0708504616,0.206786178,0.0151820776,0.043504036,0.107926177,0.0597308936
1607,0.434033205,1.00591716,98.7584362,53.0310424,0.436041369,0.299097835,66.1532246,2,0.168100566,0.0769101934,0.222670372,0.0198475072,0.0409838843,0.127851553,0.0310347467
1608,0.435198153,1,99.3329543,53.2667997,0.435783817,0.293323066,67.5975429,2,0.161452411,0.0676972141,0.219495163,0.0293350457,0.0416640687,0.129691768,0.0215077625
1609,0.436819271,1.03550296,99.8880964,53.5032832,0.436877424,0.291681299,68.2328734,2,0.1641138,0.0736907246,0.204782152,0.0176148525,0.0345472836,0.125546877,0.0808589622
1610,0.435815109,0.970414201,100.456933,53.7453043,0.437969892,0.289669501,68.474441,2,0.167895379,0.0716793973,0.217775239,0.0128818931,0.0388114673,0.0721816068,0.0394951562
1611,0.435816248,1.01183432,101.028167,53.9724655,0.438523861,0.286472,69.241422,2,0.172315116,0.0675517674,0.205923393,0.0123102578,0.0385538174,0.115729194,0.0542626876
1612,0.436874489,1.01183432,101.603977,54.180929,0.438443367,0.28986959,69.3240694,2,0.181312137,0.0741730315,0.22039036,0.0191807593,0.0328037262,0.148785977,0.0413089318
1613,0.436135505,1.01775148,102.178968,54.3941265,0.438481294,0.290986368,68.8554543,2,0.162408226,0.0703079577,0.211877014,0.015853299,0.0325964909,0.10981658,0.0473078035
1614,0.434963868,1.00591716,102.764705,54.6343771,0.4381436,0.296330651,68.4688815,2,0.168198509,0.0752993419,0.215679785,0.0229604743,0.0354995645,0.124242832,0.0355614233
1615,0.433967687,0.98816568,103.357143,54.8789804,0.436548246,0.304030486,67.5916922,2,0.161830362,0.0685345011,0.224094678,0.00438015828,0.032903968,0.078591847,0.0309538857
1616,0.43380876,0.98816568,103.964147,55.1029209,0.43505641,0.30141327,67.1806721,2,0.157858138,0.0703820605,0.203783852,0.0225322562,0.0580199735,0.122562159,0.0335678547
1617,0.437000023,0.982248521,104.531234,55.3392179,0.435587577,0.294719602,68.3005394,2,0.164550531,0.0707548875,0.217317967,0.0273445105,0.0460742635,0.138305059,0.0442014323
1618,0.437881929,1,105.076265,55.5695052,0.437547053,0.29320742,68.4014888,2,0.165148519,0.0722121776,0.206024362,0.00961759412,0.0433807427,0.0995104079,0.0879951536
1619,0.436403248,1,105.645711,55.8097676,0.438879722,0.291999139,68.9085429,2,0.168902619,0.0756227672,0.226648065,0.0161366376,0.0462554217,0.0776522037,0.0219032844
1620,0.437142442,1,106.210164,56.0257976,0.439744848,0.291705224,69.1744196,2,0.17515882,0.0661183236,0.230734887,0.00955781931,0.0537678981,0.112370784,0.0374788955
1621,0.437019444,1.01183432,106.795444,56.2279101,0.439445758,0.296417126,68.92008,2,0.159811095,0.0770227938,0.211693964,0.0249455306,0.0424802333,0.125592296,0.0683418798
1622,0.436305247,0.98816568,107.378761,56.4584688,0.439563618,0.299100796,68.664683,2,0.163413575,0.0728092932,0.21735629,0.00980260839,0.0496778486,0.116066448,0.0316371892
1623,0.434186885,1.0295858,107.968866,56.7064297,0.438493997,0.304889582,67.7213888,2,0.171388528,0.0758991628,0.209367263,0.0153972274,0.0456234312,0.101878966,0.0828962441
1624,0.433581559,0.98816568,108.578353,56.9517548,0.43626015,0.304499149,66.833495,2,0.165286767,0.0731348805,0.226930913,0.0100484318,0.0463046394,0.0993131772,0.0485659686
1625,0.43415115,0.982248521,109.17234,57.1706017,0.435152401,0.298961098,66.963237,2,0.158942816,0.0638516223,0.22196081,0.0318199335,0.0375340148,0.114816801,0.0200912303
1626,0.437062359,0.98816568,109.744618,57.411511,0.435784312,0.289558899,67.6798085,2,0.162679859,0.0726568502,0.205743156,0.0290404695,0.0388151293,0.131879685,0.0543973682
1627,0.437192991,1,110.30341,57.6523015,0.437390024,0.288488594,67.8123318,2,0.166442211,0.0704702041,0.208496423,0.0155758544,0.0404081694,0.0941976253,0.0619197352
1628,0.435949747,1.01775148,110.873203,57.887416,0.438708915,0.28716661,68.6213094,2,0.169893803,0.0801137921,0.223652878,0.0154488205,0.0415137722,0.103446535,0.0351194891
1629,0.437314381,1.00591716,111.439187,58.0980673,0.439287683,0.289583999,68.8467843,2,0.1787373,0.0715816105,0.22651228,0.0134872601,0.0434237802,0.134635207,0.040881872
1630,0.436930675,1.01775148,112.012593,58.2983329,0.439469522,0.293349698,68.7205539,2,0.160911451,0.0727493377,0.206843037,0.00397038499,0.0459068323,0.12905056,0.0809636862
1631,0.436086693,1.00591716,112.601083,58.5367377,0.439440686,0.297555234,68.4425592,2,0.165641916,0.0753795365,0.215508054,0.013362926,0.0506441175,0.114888544,0.0351380469
1632,0.433811696,1.0295858,113.199141,58.7938448,0.437751321,0.303887073,67.712944,2,0.174986571,0.0702577753,0.209588884,0.0141830776,0.0383906824,0.103023328,0.0674971943
1633,0.433835066,1.01775148,113.811998,59.0268785,0.436117283,0.298364269,66.5434587,2,0.168937472,0.0779600394,0.22121262,0.0197728407,0.0427415558,0.12821599,0.0279724578
1634,0.435593328,0.99408284,114.387919,59.2633444,0.435894794,0.290005072,68.1903574,2,0.16231123,0.0679735624,0.218240941,0.0276598189,0.0418579491,0.138361464,0.0224442177
1635,0.436931148,1.02366864,114.944666,59.4968422,0.436699471,0.287931494,68.6610755,2,0.16401316,0.0728679184,0.202850598,0.0121137361,0.0379027516,0.118400921,0.095045123
1636,0.43577521,0.976331361,115.513808,59.7355098,0.43778192,0.288410696,68.8694797,2,0.167742341,0.0726136299,0.219257115,0.013308775,0.0402987414,0.0735403704,0.0331153091
1637,0.436011182,1.01183432,116.08136,59.9615355,0.438506581,0.287279299,69.5362046,2,0.173146247,0.0652271563,0.215436247,0.0116376428,0.0297347965,0.0934025463,0.0463454499
1638,0.436419977,0.99408284,116.660885,60.1650189,0.438394325,0.292810628,69.2895716,2,0.182201325,0.075792521,0.220183782,0.0199362058,0.0301478637,0.143998947,0.0460980459
1639,0.435751423,1.00591716,117.240857,60.3743367,0.438325571,0.295174518,68.8250969,2,0.162099012,0.0704823572,0.215910944,0.0166539877,0.0349577923,0.111124404,0.0286471032
1640,0.434343842,1.01775148,117.834386,60.6112211,0.437700551,0.299676051,68.0010865,2,0.169287276,0.0752417795,0.212095868,0.023478362,0.0327522945,0.127377141,0.0539607022
1641,0.433632329,0.98816568,118.425661,60.8597296,0.436142396,0.303819073,67.0811704,2,0.162900953,0.0695156366,0.223960023,0.00424189162,0.0354163571,0.075389374,0.0318817055
1642,0.434582322,0.99408284,119.018001,61.0843523,0.435527049,0.29536089,67.1871152,2,0.157568005,0.0640287946,0.209754328,0.00535806927,0.0435347239,0.120258302,0.056007415
1643,0.43698033,0.99408284,119.588772,61.3174608,0.435896751,0.289458412,68.6394845,2,0.16544956,0.0712169679,0.215169098,0.0274424359,0.0423708701,0.140805723,0.0536370394
1644,0.437648924,1.00591716,120.139669,61.547322,0.437349273,0.290224074,68.8645262,2,0.164801907,0.071148067,0.206523359,0.0137475283,0.0395308915,0.104400756,0.0689406746
1645,0.435652701,1.00591716,120.710755,61.7859395,0.438503327,0.293797294,69.1743767,2,0.168530305,0.076441342,0.226291274,0.017898138,0.0446594816,0.0896769082,0.0276989029
1646,0.436911788,0.99408284,121.275931,62.0041103,0.439163336,0.294304264,69.3376728,2,0.176186419,0.067726085,0.229922105,0.00655555903,0.0481857883,0.104457952,0.0383578051
1647,0.436682574,1.01775148,121.861441,62.1962587,0.439150157,0.30055567,68.9577218,2,0.159316543,0.0767571809,0.209820138,0.0248594218,0.0481734188,0.119222054,0.0586414909
1648,0.436895296,1.00591716,122.451405,62.4177968,0.439017928,0.302922585,68.3271702,2,0.163303208,0.073466819,0.219422739,0.0130940895,0.0499190702,0.125186016,0.0341460677
1649,0.434798605,1.02366864,123.038398,62.6690716,0.438234867,0.306696786,67.0921201,2,0.172474966,0.0744568126,0.20693752,0.0123179463,0.0520679715,0.0946177542,0.0847061983
1650,0.434307248,1,123.640521,62.9179914,0.437043369,0.300260006,66.4320661,2,0.166258137,0.0750894177,0.226638477,0.00408278153,0.0488357945,0.0906824901,0.0384964177
1651,0.435702561,0.982248521,124.21812,63.1427211,0.436983125,0.290391337,67.3069274,2,0.159658127,0.0646040026,0.223217138,0.0288734344,0.0463194292,0.127139709,0.0260180122
1652,0.43700733,1.0295858,124.790421,63.3823222,0.437288585,0.287936397,68.4762046,2,0.162223784,0.0738918687,0.204496824,0.0259681066,0.0403009913,0.133813929,0.0578572766
1653,0.436416441,0.99408284,125.365724,63.623905,0.437897437,0.289046474,68.7925572,2,0.165998515,0.0712308129,0.21059307,0.0120995445,0.0456844509,0.0929278339,0.0538038308
1654,0.434789758,1.03550296,125.941734,63.8652678,0.43812749,0.291478279,69.1378501,2,0.170964592,0.0785517043,0.214384193,0.0155853381,0.0295092508,0.111827093,0.0449354151
1655,0.43591617,1.01183432,126.522629,64.0804321,0.438012297,0.291611037,69.1100433,2,0.180041074,0.0725672073,0.224729963,0.0149936986,0.0388775356,0.132905682,0.0465975263
1656,0.435747952,1.01775148,127.101869,64.2720834,0.437650757,0.296387549,68.7466192,2,0.160501303,0.0690447761,0.213136537,0.012026565,0.0305781025,0.112298164,0.0501645249
1657,0.435828301,0.976331361,127.697607,64.4972963,0.437309961,0.297869879,67.5735952,2,0.167150109,0.074346783,0.211975857,0.0231231126,0.0421162333,0.126275561,0.0395254233
1658,0.434870903,0.99408284,0.269713895,64.7584487,0.437124493,0.301147486,66.7371398,2,0.168100761,0.0697782813,0.212523736,0.0144365848,0.0364975704,0.0923674454,0.0672479712
1659,0.435602835,1.02366864,0.855106136,64.9923806,0.437328404,0.291819363,67.0075813,2,0.169611033,0.0798465911,0.22512558,0.00864255357,0.0521790242,0.112453544,0.0369916132
1660,0.437140652,1,1.42496709,65.215902,0.437567167,0.288718361,68.5242303,2,0.162890111,0.0696991441,0.222560775,0.0218105035,0.040819926,0.145991428,0.0226454284
1661,0.43744272,1.0295858,1.97999674,65.4511485,0.438220456,0.29124642,69.476157,2,0.163299195,0.0734752613,0.205380025,0.00537037425,0.0425471214,0.121069218,0.097465063
1662,0.435273033,0.99408284,2.56096564,65.6980669,0.438590639,0.295887318,69.7676109,2,0.167157296,0.074234933,0.221543536,0.0148305243,0.0463700959,0.0843571246,0.0313092906
1663,0.434997918,1.01775148,3.14133291,65.93427,0.438301622,0.297346396,69.5130431,2,0.174083327,0.0663634073,0.218015326,0.00962041494,0.0279426254,0.0918005893,0.0444084593
1664,0.435036857,1,3.74168745,66.1405611,0.437344013,0.298655333,68.8395494,2,0.183463866,0.0762747826,0.217921446,0.027684346,0.0272047973,0.136818138,0.052312376
1665,0.435416501,0.98816568,4.33432914,66.3461219,0.436639316,0.298787191,67.9266574,2,0.161658154,0.0693772427,0.218750466,0.0200137537,0.0395086881,0.122125608,0.0225520925
1666,0.43492228,1.01183432,4.92229117,66.5838351,0.436057913,0.299057811,66.3670893,2,0.170660799,0.0730069504,0.207107289,0.0206214253,0.0407912253,0.115755299,0.0866779492
1667,0.435011966,0.99408284,5.48412707,66.842488,0.436468662,0.297359212,66.5961472,2,0.169413875,0.0706896341,0.223936397,0.00608807306,0.0373424985,0.0716202763,0.0296460001
1668,0.43588967,1,6.05574234,67.0660637,0.436753052,0.290795236,67.1946302,2,0.172745974,0.0611359345,0.223441109,0.0203027367,0.0363908708,0.101048153,0.0266284683
1669,0.437744326,1,6.6159542,67.2904516,0.437586185,0.29310385,68.7179538,2,0.160788306,0.0737209808,0.217942091,0.0232850021,0.0408596263,0.141926642,0.0569351666
1670,0.436774414,1.01183432,7.17637522,67.5286427,0.438520567,0.295798638,69.3823501,2,0.164510042,0.0719326006,0.210519243,0.0156559175,0.0405367529,0.10573927,0.0588266694
1671,0.434820169,1.01183432,7.76002251,67.7737011,0.438481727,0.302838602,69.5901437,2,0.168125352,0.0774504874,0.226478227,0.0199765342,0.0425646516,0.103470452,0.0302429164
1672,0.435448724,1,8.34151254,68.0038108,0.438114556,0.302729136,69.4690719,2,0.177211133,0.068830388,0.230237788,0.011404456,0.0458200414,0.106935719,0.044430001
1673,0.435595579,1.01183432,8.93809026,68.1973412,0.43738162,0.304589087,68.8960018,2,0.159333456,0.0729332236,0.206336234,0.0218851124,0.0554385738,0.132438824,0.0458085446
1674,0.436970103,0.98816568,9.53437014,68.4181728,0.437177343,0.301562662,67.5207506,2,0.164599533,0.0728915923,0.216396152,0.0219091098,0.0484776877,0.1282208,0.0426958273
1675,0.435781181,0.99408284,10.1073412,68.6723554,0.437446083,0.301576644,66.2645269,2,0.166755554,0.0725340793,0.204920144,0.0138751414,0.0497749899,0.0986176314,0.0658996854
1676,0.435594264,1.01183432,10.6860896,68.9291467,0.437615146,0.29417868,66.691353,2,0.166970149,0.076124954,0.226511694,0.00100485917,0.0503109034,0.0924159624,0.0367700089
1677,0.436535503,1.00591716,11.2534703,69.147791,0.437920688,0.290787034,67.5532543,2,0.160210473,0.0663994262,0.225473605,0.0241812669,0.0488211853,0.129847378,0.0235118499
1678,0.437335054,1.01775148,11.8156349,69.381066,0.438591849,0.29350781,68.5427014,2,0.162204156,0.0754459818,0.206786689,0.0216784068,0.0432962618,0.135060045,0.0578652496
1679,0.435645988,1.00591716,12.3915648,69.6320669,0.439014461,0.296836071,69.1724574,2,0.166126046,0.0723925311,0.214680424,0.0128121611,0.0495186205,0.0913502412,0.050844101
1680,0.434247791,1.02366864,12.9808287,69.8772795,0.438145017,0.298888268,69.010379,2,0.171575448,0.0774181638,0.20934391,0.0165828056,0.0423955967,0.0991254893,0.0608473745
1681,0.434863357,1.01775148,13.5777886,70.0989972,0.437148631,0.29474391,68.7431101,2,0.180902946,0.0728360745,0.223088196,0.0198647362,0.034849145,0.141414252,0.0404553525
1682,0.435179079,1,14.163131,70.2935272,0.43643625,0.296149103,67.8342344,2,0.160836363,0.0673675082,0.215160273,0.0179530977,0.0268078172,0.108721283,0.0322891128
1683,0.435594856,0.976331361,14.7589719,70.5232067,0.435907928,0.294537979,66.269873,2,0.168108935,0.0729778773,0.209831268,0.0257458854,0.0348059263,0.130021475,0.0431273931
1684,0.435545823,0.98816568,15.3117666,70.7897751,0.436807858,0.296865548,66.1272119,2,0.168590236,0.0690106724,0.216045771,0.011890062,0.0305591142,0.0822054519,0.0583660315
1685,0.436429175,1,15.8858543,71.0252835,0.43738952,0.290189986,67.0031946,2,0.170091474,0.0795201221,0.221298386,0.0169929229,0.0400325347,0.124705096,0.0267753186
1686,0.437895154,1.00591716,16.4491597,71.2471674,0.438083912,0.292419044,68.406371,2,0.16011199,0.0714340096,0.223810071,0.0208452549,0.0422298869,0.145213641,0.0267161423
1687,0.437491943,1.03550296,16.9973281,71.4892998,0.439167574,0.296350201,69.4226894,2,0.16389531,0.0743261611,0.208122609,0.00232000214,0.0439235028,0.113254234,0.101020451
1688,0.435171939,1.01183432,17.5782329,71.7445225,0.439338741,0.301708021,70.0599951,2,0.167883165,0.0754626065,0.225534136,0.0158051708,0.046575504,0.0798477341,0.0269639397
1689,0.435070653,1,18.1690648,71.973785,0.438813869,0.299362056,69.4707605,2,0.174516638,0.0655367521,0.225220099,0.00896457284,0.0411475492,0.0937251743,0.023703741
1690,0.435281266,0.99408284,18.7778238,72.1816878,0.437458309,0.296267966,68.8834555,2,0.184028496,0.0757493854,0.211329223,0.0325370853,0.0329374396,0.12966532,0.0687037913
1691,0.435717435,0.98816568,19.371362,72.3977478,0.436929903,0.294872106,67.8382036,2,0.162464809,0.0700891366,0.215247838,0.0174113816,0.0433911334,0.121177592,0.0278215689
1692,0.434818858,1.02366864,19.9605043,72.6347387,0.436251965,0.297130988,66.0464683,2,0.17125788,0.0734087403,0.205511342,0.0189806695,0.0438911307,0.104975144,0.0920002554
1693,0.434737607,1.00591716,20.530544,72.8976259,0.436054329,0.295891033,66.2894861,2,0.170275405,0.0716382497,0.225028484,0.00388823224,0.0421198628,0.0798724227,0.0363568336
1694,0.435554288,0.99408284,21.097937,73.1186769,0.436392655,0.291696566,66.8809564,2,0.173405266,0.0632464953,0.222153451,0.0230552382,0.0351888303,0.102674359,0.0234209565
1695,0.437445218,0.99408284,21.6562797,73.3520752,0.437433026,0.294275211,68.3625846,2,0.161751176,0.0745128703,0.214099466,0.0240891527,0.044881591,0.133380956,0.0592953985
1696,0.436357955,1.01183432,22.2143394,73.6000085,0.438463613,0.297491094,69.0405867,2,0.165625133,0.0719273017,0.209380431,0.0186755242,0.0440451395,0.101219574,0.0545574081
1697,0.434982856,1.01775148,22.7992016,73.8350131,0.43882793,0.299175973,69.0161286,2,0.168737525,0.078938767,0.226365169,0.0174900441,0.0453876889,0.0997639043,0.0310109064
1698,0.43629177,1.01183432,23.3755887,74.0542617,0.438873416,0.294714051,69.0083138,2,0.177743573,0.0695672732,0.227907668,0.013325425,0.0469014212,0.124226636,0.0449274739
1699,0.436314381,1.0295858,23.9663163,74.253032,0.438149621,0.295711478,68.4118127,2,0.160203626,0.0721220128,0.204635723,0.0113663959,0.0513433772,0.137877066,0.0668077127
1700,0.436564688,0.982248521,24.5593742,74.4851664,0.437990369,0.295070183,67.2698501,2,0.164990222,0.0736784513,0.214201932,0.0140245242,0.0498089618,0.119790483,0.0396580372
1701,0.434624329,1.01775148,25.1451835,74.7440802,0.437183694,0.30091789,66.0674743,2,0.167876253,0.0714868465,0.205201022,0.015132318,0.0464955333,0.104127091,0.055796484
1702,0.434799139,1.00591716,25.7359038,74.9964327,0.436622522,0.295010712,65.9414825,2,0.167748496,0.0769206507,0.224390935,0.0115667649,0.0468114352,0.115465017,0.0389879006
1703,0.435713722,0.98816568,26.3050093,75.2238468,0.436692696,0.291035594,67.4395017,2,0.161015771,0.0676984308,0.221542776,0.0268131726,0.0423039461,0.130276248,0.0199512756
1704,0.436708771,1.02366864,26.8597714,75.466034,0.437482758,0.293289498,68.5209585,2,0.163531782,0.0745688321,0.205674031,0.0181896094,0.0369158956,0.132150817,0.0709035385
1705,0.435192537,0.98816568,27.4309277,75.7180405,0.438176273,0.294629769,69.0415404,2,0.167469382,0.0718918136,0.217034659,0.0139335291,0.042116674,0.0767417052,0.0456522988
1706,0.434859253,1.01775148,28.0157992,75.9470061,0.438191243,0.289818614,69.2540667,2,0.172121862,0.0734101891,0.200656319,0.0147130605,0.0562836066,0.0995928104,0.0342541965
1707,0.436147147,1.00591716,28.5987545,76.1584764,0.43780178,0.28916291,69.1064084,2,0.181230539,0.0732256288,0.219893656,0.0206980148,0.0312269629,0.148975755,0.0384550011
1708,0.435944139,1.02366864,29.1760507,76.3662629,0.437485938,0.289782548,68.4420994,2,0.161972857,0.0688864368,0.211655683,0.0154445486,0.0296205045,0.109746649,0.0435484227
1709,0.435090403,1.00591716,29.7621281,76.6036988,0.437257862,0.294346578,67.6024071,2,0.168158251,0.074296416,0.213683811,0.0237088774,0.0348758456,0.126700428,0.0378784461
1710,0.43449004,1.01183432,30.341181,76.8522628,0.436335352,0.302805191,66.8649745,2,0.161580953,0.068386897,0.222154174,0.0062277475,0.0300571697,0.0770903965,0.0371755167
1711,0.434996552,1.00591716,30.9316027,77.0845242,0.435854239,0.297269817,66.8552364,2,0.170806293,0.0742108198,0.206525449,0.0281207504,0.0450120958,0.10423314,0.0522924063
1712,0.437457046,0.98816568,31.493115,77.3224562,0.436515698,0.295786477,68.5548943,2,0.163954922,0.0713203591,0.220150985,0.0243123464,0.046380136,0.139318112,0.0376368683
1713,0.437771663,1.00591716,32.03626,77.5604164,0.438351863,0.297061816,69.0143434,2,0.165006506,0.0736259859,0.207721973,0.00599326597,0.043986758,0.0998407457,0.0974837704
1714,0.436057638,1,32.6161628,77.8006164,0.43913944,0.29577752,69.1583245,2,0.168759631,0.0756254136,0.226804133,0.0157529635,0.0459432055,0.0760899247,0.0210751372
1715,0.436642483,0.99408284,33.1876548,78.0192216,0.439799495,0.293279485,69.2638852,2,0.174807106,0.0656484894,0.229968534,0.0108134843,0.0532926491,0.111475399,0.0365331624
1716,0.436613268,1.01183432,33.7825208,78.2252645,0.438956018,0.294689857,68.8191686,2,0.159769758,0.0764925037,0.210676548,0.0272393321,0.0400818117,0.128188793,0.0698986939
1717,0.436107035,0.98816568,34.3682473,78.4550899,0.438935799,0.294825726,68.3222198,2,0.163360779,0.0719208767,0.215119379,0.0108722197,0.0476168563,0.115642202,0.0313472197
1718,0.434228018,1.04142012,34.9580227,78.7018575,0.437858295,0.300436001,67.3175797,2,0.171219104,0.0753395102,0.208274067,0.0167797575,0.0430401635,0.104208128,0.0820581316
1719,0.433827282,0.99408284,35.5581076,78.948645,0.435940143,0.301575006,66.5697121,2,0.164970431,0.0723016649,0.226110605,0.00917272963,0.0453496341,0.0959760733,0.047986251
1720,0.433991264,0.982248521,36.1459684,79.1675514,0.434995508,0.29810477,66.6503813,2,0.158867991,0.0638100524,0.221549621,0.0289075756,0.0346790342,0.108662919,0.018948092
1721,0.437095557,1,36.7097348,79.4098175,0.435867953,0.292708798,67.6974544,2,0.162653399,0.0730143136,0.208520433,0.0275704379,0.0419720875,0.130946833,0.0533599048
1722,0.436874598,1,37.2673016,79.6517724,0.4374926,0.2911773,67.7375677,2,0.166433943,0.0706246358,0.208247839,0.0177263773,0.0412993611,0.0970290705,0.0611943025
1723,0.436089307,1.01775148,37.837204,79.8868346,0.438843024,0.28937369,68.4962268,2,0.169331313,0.0798265645,0.225693587,0.0150621851,0.0480001623,0.0958999478,0.0372217019
1724,0.437372633,1.01775148,38.4037413,80.0991693,0.439300394,0.289514501,68.755503,2,0.178183458,0.0705703299,0.227142366,0.013775161,0.0453217924,0.134603118,0.0377691351
1725,0.437141688,1.02366864,38.9786927,80.3039178,0.439377243,0.292539687,68.4692807,2,0.160998715,0.0733426489,0.205495419,0.00606482412,0.0488591234,0.134112601,0.0797805599
1726,0.436198806,0.99408284,39.5638955,80.5455107,0.439507361,0.296397024,68.2156897,2,0.165060868,0.0749846838,0.216314745,0.00939178574,0.0521069,0.111284189,0.0361888788
1727,0.433830244,1.01775148,40.1623627,80.8055491,0.437790013,0.302675466,67.6019505,2,0.174411917,0.0705306765,0.207775929,0.0148154756,0.0412490424,0.107948163,0.0633766555
1728,0.433658634,1,40.7773044,81.0383279,0.43590961,0.300500555,66.4375696,2,0.168395381,0.0771029445,0.221673956,0.0219660395,0.0394619974,0.130527822,0.0283223632
1729,0.435118212,1,41.3549094,81.2751372,0.435530839,0.293208492,67.7674511,2,0.161795459,0.0676626724,0.218571382,0.0295154342,0.0418725483,0.132234832,0.0217871373
1730,0.436958527,1.01775148,41.912443,81.5072737,0.43662128,0.289076259,68.1617197,2,0.164176152,0.073162613,0.203435592,0.0164122346,0.0355559813,0.121722642,0.0878414989
1731,0.436038776,0.964497041,42.4781045,81.7484116,0.437890428,0.288219929,68.4599872,2,0.167943931,0.0719670097,0.218333448,0.0126007727,0.0384003334,0.0714101034,0.036425348
1732,0.436085961,1.01183432,43.0457734,81.9742876,0.438651132,0.286493897,69.2834486,2,0.17259021,0.065166853,0.213025441,0.0113863143,0.0297723698,0.0997873768,0.051699821
1733,0.436929485,1.01775148,43.6219249,82.1814631,0.438574579,0.291168665,69.3270707,2,0.181592576,0.0749890653,0.220382579,0.0191046723,0.0321593605,0.147114642,0.0438301561
1734,0.435994196,1.01183432,44.1975141,82.3948607,0.438727133,0.292885272,68.9353778,2,0.162419699,0.0707741854,0.213068374,0.0164687019,0.0334953365,0.109429267,0.0413982057
1735,0.434658773,1.01775148,44.7865245,82.6359244,0.438210174,0.297742269,68.5746194,2,0.168539445,0.0755975474,0.214865306,0.0232599955,0.0337115471,0.125590642,0.0383848249
1736,0.433597195,0.98816568,45.3825951,82.8797871,0.436413345,0.304506834,67.6341386,2,0.177853048,0.0688416862,0.224330584,0.00409652949,0.0344442532,0.0780267661,0.0311775853
1737,0.433775729,0.99408284,45.9877473,83.1028442,0.434991065,0.300173032,67.2801139,2,0.15785694,0.0677337416,0.204353456,0.0134420205,0.0573044706,0.131401212,0.0467794244
1738,0.436874718,0.99408284,46.5575052,83.3377799,0.435432862,0.292131833,68.306403,2,0.164961019,0.0706647129,0.215722008,0.0280566534,0.0450917005,0.138548036,0.0483448406
1739,0.437776938,1.00591716,47.103631,83.5678062,0.437203737,0.291348203,68.3860947,2,0.165121972,0.0714995925,0.205703981,0.011788411,0.0419185868,0.101143493,0.079749352
1740,0.436302839,1,47.6709059,83.8064311,0.438673166,0.290962219,68.9330847,2,0.168850486,0.075827027,0.226534442,0.0167372023,0.0462055638,0.0807448803,0.0235715605
1741,0.437185219,1.01183432,48.2342036,84.0221642,0.439532661,0.29111937,69.1906865,2,0.175534432,0.0666923182,0.230521602,0.00808567919,0.0522064204,0.110450958,0.0372268818
1742,0.437090913,1.01183432,48.8158637,84.2195116,0.439566024,0.297717622,68.9563194,2,0.159679868,0.0772714166,0.211453153,0.0243107239,0.0441964289,0.123076471,0.0661670145
1743,0.43654451,0.98816568,49.4005283,84.4485017,0.439648161,0.300935832,68.6674948,2,0.16325784,0.0732866101,0.218518104,0.00941512656,0.0504623575,0.118373191,0.0317348105
1744,0.434204363,1.02366864,49.9911395,84.6965207,0.438567998,0.306760474,67.6170002,2,0.171736554,0.0756949453,0.208740253,0.0138374613,0.0489453181,0.0972635884,0.0861873822
1745,0.433529991,0.99408284,50.6031633,84.9428741,0.436449738,0.304494173,66.6656264,2,0.165674426,0.0739737506,0.227048574,0.00895056761,0.0471543217,0.0973977291,0.0461604194
1746,0.434608045,0.982248521,51.1938364,85.1657947,0.435648684,0.295440225,67.1126963,2,0.159278694,0.0640277018,0.221739717,0.0323426994,0.0404890816,0.120211678,0.022476418
1747,0.437050014,1,51.7673001,85.4051885,0.436197274,0.2873906,67.9256697,2,0.16258107,0.0728708667,0.204300699,0.0287306718,0.0380208702,0.132573214,0.0560136321
1748,0.437028017,1.00591716,52.3318454,85.6468105,0.437387408,0.287865119,68.083956,2,0.166356414,0.0705876246,0.208966901,0.0138971805,0.0416624981,0.0923439346,0.0601290175
1749,0.435660728,1.0295858,52.9020257,85.8823562,0.438596002,0.286860275,68.8855101,2,0.170344151,0.0799704437,0.220518866,0.0158621411,0.0335772685,0.111455779,0.0300387005
1750,0.437019231,1.00591716,53.4708664,86.0932341,0.439075781,0.289536377,69.0010433,2,0.179232287,0.0722112289,0.225694341,0.0135654101,0.0414755697,0.134071168,0.0436271654
1751,0.436740973,1.02366864,54.0452652,86.289598,0.439140028,0.293649185,68.8620374,2,0.160774969,0.071724397,0.208418439,0.00583126758,0.0407396477,0.123317139,0.0746253687
1752,0.435980281,1.01775148,54.6376981,86.5219669,0.438979119,0.297822637,68.3074036,2,0.166214033,0.0753935077,0.214283905,0.0172039548,0.0478416065,0.119364374,0.0356143325
1753,0.433923083,1.01183432,55.2319392,86.7822577,0.437435964,0.303681058,67.5910018,2,0.17549905,0.0699975806,0.210972136,0.013763634,0.0369229363,0.0979779906,0.0680351704
1754,0.434222586,1.02366864,55.8376034,87.0122424,0.436461655,0.295484969,66.5809576,2,0.169337553,0.0788456506,0.221991327,0.0155803603,0.0472926793,0.123269748,0.030379039
1755,0.436094358,1,56.4101334,87.246825,0.436490078,0.287370497,68.4136148,2,0.162658334,0.0685561103,0.218707024,0.0254246678,0.0410664554,0.14258568,0.0230113855
1756,0.437062511,1.02366864,56.9665785,87.4799881,0.437140193,0.286835058,69.0716752,2,0.163749815,0.0728479745,0.20264468,0.0084514808,0.0398425679,0.117778852,0.0976022816
1757,0.435455798,0.98816568,57.5415545,87.7201313,0.437830281,0.288868798,69.140211,2,0.167502052,0.0731949557,0.219518051,0.0141778067,0.042470387,0.0773529989,0.0312402666
1758,0.43565872,1.02366864,58.1095536,87.9507675,0.438372806,0.288902237,69.6729806,2,0.173586774,0.0655607504,0.216374619,0.0116289198,0.0291708684,0.091090712,0.0439616167
1759,0.43590095,0.99408284,58.6946987,88.1523443,0.438075132,0.293851825,69.1992707,2,0.182729667,0.0761543761,0.21932598,0.021758269,0.0286088947,0.140971353,0.0479816224
1760,0.435584063,1.00591716,59.2790284,88.3600143,0.437654915,0.296432016,68.6286694,2,0.161875224,0.0700291785,0.217510321,0.0167544151,0.0369518206,0.114630174,0.0235701827
1761,0.434446214,1.01183432,59.8705892,88.5954271,0.437109374,0.300193954,67.4016906,2,0.169852957,0.074487962,0.210033588,0.0227929287,0.0354974635,0.124291288,0.068329534
1762,0.433972533,0.98816568,60.4525575,88.8477234,0.436184318,0.301922156,66.8332762,2,0.16332121,0.0700296626,0.223964314,0.00500584067,0.0363535434,0.0735145259,0.0311871384
1763,0.435227207,0.98816568,61.0357436,89.0728103,0.436046654,0.292211974,67.1810826,2,0.15738766,0.0619245669,0.216162103,0.0145787878,0.0325172467,0.103519614,0.0404475636
1764,0.43725854,1.00591716,61.6044359,89.3031175,0.436522505,0.288839347,68.7678774,2,0.160986211,0.0720359274,0.215547493,0.0258168425,0.040707289,0.141683992,0.0558871171
1765,0.437372374,1,62.1595373,89.5346118,0.43776458,0.29089845,69.1644273,2,0.164603309,0.0712690741,0.207821598,0.0146267591,0.0388036129,0.105685119,0.0632158891
1766,0.435348854,1.00591716,62.7366628,89.7739291,0.438413913,0.296107705,69.3203923,2,0.168342642,0.0767499993,0.225671781,0.0191435328,0.0429619799,0.0971386033,0.0292414249
1767,0.436321771,1,63.3057114,89.9988076,0.438716518,0.297745363,69.4138268,2,0.176651741,0.06826463,0.23008416,0.00750692652,0.0464219188,0.103389786,0.0408018376
1768,0.436216474,1.01183432,63.8950547,90.1898049,0.438454994,0.302740895,68.9556864,2,0.159215701,0.0754493028,0.208228428,0.0248630591,0.0522720179,0.121392709,0.048701382
1769,0.43699398,0.99408284,64.4873734,90.4099593,0.43830624,0.302897344,68.0471442,2,0.163865209,0.0732918603,0.218825993,0.0170243808,0.0493909661,0.127914409,0.0377617429
1770,0.435149852,1.01183432,65.0701025,90.6630912,0.437778529,0.305221107,66.7617194,2,0.172970351,0.0734447512,0.206165804,0.0126815457,0.0518991349,0.0961073917,0.0775582819
1771,0.43502941,1.00591716,65.6606523,90.9141731,0.437310443,0.296789861,66.5740928,2,0.166572692,0.0754720652,0.226412703,0.00265293966,0.0495569788,0.0892711279,0.0358115731
1772,0.436216171,1,66.230793,91.1351399,0.437604658,0.290342653,67.4278523,2,0.159856141,0.0651413191,0.224951647,0.0259605594,0.048922003,0.128962426,0.0263834223
1773,0.437296874,1.02366864,66.7985868,91.3696896,0.438077748,0.290333507,68.4473296,2,0.162026401,0.0746151611,0.205944678,0.0239785058,0.0422083588,0.134080851,0.0579280763
1774,0.436188437,1,67.3755164,91.6141365,0.438537603,0.292368693,68.9064602,2,0.165845883,0.0718159462,0.212683203,0.0122050627,0.0479078592,0.0943806918,0.0511847098
1775,0.434546646,1.04142012,67.9581935,91.859162,0.438118957,0.295606142,68.9874818,2,0.171221773,0.0779308366,0.212423212,0.0159103972,0.0346385262,0.106972546,0.0549417854
1776,0.435291855,1.01775148,68.5468634,92.0805958,0.43751595,0.294642919,68.9037578,2,0.18041974,0.0726979596,0.224884795,0.0170209898,0.0378229284,0.135042476,0.0456415087
1777,0.435353176,0.99408284,69.1300385,92.2727853,0.436913933,0.29825672,68.3232815,2,0.16051227,0.0679413716,0.215320748,0.015680289,0.0278211294,0.109314916,0.0385961435
1778,0.435798058,0.964497041,69.7265078,92.4997571,0.436442935,0.297457556,66.9897383,2,0.167601685,0.0735419078,0.210987612,0.02525207,0.0389568694,0.12882396,0.0412316949
1779,0.43534023,0.982248521,70.2870823,92.7620049,0.437047786,0.299380534,66.3979607,2,0.168156326,0.0695164262,0.213799633,0.0138398995,0.0347800795,0.0887899569,0.065622078
1780,0.43614067,1.01775148,70.8665378,92.9972326,0.437506498,0.290665892,67.0404218,2,0.169789654,0.0800228118,0.225349089,0.00977733953,0.0509399539,0.11428199,0.0347757822
1781,0.437587683,1.00591716,71.4331562,93.217383,0.437964098,0.290612418,68.4257946,2,0.163018066,0.0704281367,0.223974122,0.020925399,0.0412903429,0.146323887,0.0234152832
1782,0.437650314,1.0295858,71.9856303,93.4535766,0.438826048,0.29389708,69.3479964,2,0.163337134,0.0739574167,0.206968931,0.00416315594,0.0434176142,0.120072639,0.0983643281
1783,0.435350529,0.99408284,72.5664433,93.7047713,0.439120858,0.299457352,69.8447001,2,0.167262051,0.0748200869,0.223207642,0.0154423886,0.0472730761,0.0846870891,0.0309665185
1784,0.434908074,1.01775148,73.1533048,93.9424541,0.438476335,0.30093977,69.4100335,2,0.174270388,0.0662671229,0.220833162,0.00772344818,0.0305820067,0.0900086821,0.036310376
1785,0.434961582,1,73.7603916,94.1520146,0.437170377,0.299829619,68.7821069,2,0.183756118,0.0761795247,0.215719697,0.0311226289,0.0281438021,0.13398692,0.0594805334
1786,0.43543436,0.98816568,74.3553692,94.360068,0.436543681,0.298987622,67.7231792,2,0.161876062,0.0695840949,0.21789332,0.0205092951,0.0409964629,0.123421457,0.0245306763
1787,0.434997749,1.00591716,74.944138,94.5986624,0.435966257,0.297712164,65.9671501,2,0.171002156,0.072904876,0.205909158,0.0197503612,0.0423466494,0.11053962,0.0915999856
1788,0.435168735,1,75.5037671,94.8610532,0.43648449,0.29579428,66.4192924,2,0.169703956,0.0711720514,0.224226949,0.00499291649,0.0385517919,0.0731423391,0.0303573132
1789,0.435974162,1,76.0720487,95.0837169,0.436873561,0.290939977,67.126356,2,0.173000761,0.0620646136,0.22344216,0.0212375801,0.0366876475,0.101690328,0.0258568246
1790,0.437733282,0.98816568,76.6320526,95.3105714,0.437724685,0.293816428,68.5540722,2,0.161102679,0.0743223633,0.216601671,0.0233098974,0.0425904996,0.138389355,0.0593497646
1791,0.436482645,1,77.1919554,95.5543508,0.438642159,0.297161377,69.2975636,2,0.164911731,0.0720815282,0.210249698,0.016873494,0.0424717874,0.103923157,0.0559865057
1792,0.434622667,1.01183432,77.7754836,95.7973087,0.438663787,0.303073227,69.4807126,2,0.168366931,0.0780808452,0.226919318,0.0193836577,0.043579685,0.102554072,0.0304340452
1793,0.435602063,0.98816568,78.3582638,96.0231884,0.438259819,0.300564258,69.284505,2,0.177472872,0.0690588477,0.229316542,0.0129210096,0.0468949067,0.114302637,0.0461670242
1794,0.435754931,1.01775148,78.9537778,96.2179016,0.437447005,0.301307158,68.6219069,2,0.159654713,0.0720882754,0.205452141,0.0171201569,0.0542159097,0.136667399,0.0550488024
1795,0.436733972,0.98816568,79.5499451,96.4427868,0.437243028,0.298784519,67.2089883,2,0.164842893,0.0730665834,0.215085162,0.0196764579,0.048916732,0.125224339,0.0423486154
1796,0.435497052,0.98816568,80.1234934,96.7011789,0.437348016,0.300180837,66.0074522,2,0.167205921,0.0721134815,0.204632534,0.0146244979,0.0488467863,0.100390958,0.0583314377
1797,0.435490194,1.01183432,80.7044136,96.9578014,0.437365497,0.293372621,66.3360633,2,0.167256462,0.0765249581,0.225965831,0.00354921219,0.049592484,0.101290609,0.0402601692
1798,0.43629818,1.00591716,81.2726355,97.1784483,0.437548772,0.290405828,67.435439,2,0.16050993,0.0671286541,0.224062108,0.0251662816,0.0456096755,0.129967324,0.0204567748
1799,0.437054392,1.03550296,81.8316017,97.4171948,0.438262486,0.293701631,68.5427014,2,0.162768669,0.0752988294,0.20648358,0.0202632726,0.0410212637,0.135698628,0.0611536125
1800,0.43527101,0.99408284,82.4060845,97.6728323,0.438714217,0.296843818,69.258301,2,0.166763005,0.0722496159,0.2156157,0.0135026584,0.0470784346,0.084935304,0.0507858342
1801,0.434302211,1.02366864,82.996829,97.9114989,0.438053976,0.295693614,69.0731444,2,0.171825453,0.0766685367,0.205798902,0.0170213302,0.048339096,0.093202878,0.0584375417
1802,0.435298948,1,83.5893102,98.1277682,0.437377449,0.291349146,68.8217183,2,0.181082971,0.0729179554,0.221112405,0.0213151791,0.0319671086,0.146555598,0.0373955686
1803,0.435611971,1.01775148,84.1708408,98.3282636,0.436795113,0.292169443,67.9795435,2,0.161379118,0.0679601448,0.212915389,0.0163926823,0.0272643959,0.109560147,0.0376602813
1804,0.435200161,1.00591716,84.763775,98.5614789,0.436333075,0.293876465,66.6423433,2,0.168183984,0.0733634266,0.211147998,0.0250792119,0.034043088,0.129035453,0.0414011047
1805,0.43523057,1.00591716,85.3255013,98.8214956,0.436503114,0.298672772,66.1353762,2,0.169085869,0.0685225244,0.218544718,0.00885188482,0.0289594027,0.0786216874,0.0485144361
1806,0.436094398,0.99408284,85.9010821,99.0579882,0.436882506,0.292544418,66.8214235,2,0.170329408,0.0775602981,0.213864353,0.0247460723,0.0305694456,0.116975639,0.0511596356
1807,0.437901244,0.99408284,86.4626485,99.2876644,0.437608365,0.293931672,68.3784618,2,0.160744756,0.0717054269,0.222130491,0.0218414408,0.0444114023,0.141933546,0.0315417423
1808,0.43745572,1.02366864,87.0076996,99.5338522,0.438953372,0.297784226,69.3764359,2,0.164591441,0.0744520567,0.208353956,0.00299711957,0.0439160485,0.105593737,0.101355169
1809,0.435482875,1.00591716,87.587687,99.7833674,0.439382259,0.299745414,69.7758169,2,0.168490115,0.0757067501,0.226651265,0.0155253413,0.0453281534,0.0756485364,0.0225047715
1810,0.435812095,1.00591716,88.1734401,100.003017,0.439421988,0.294874916,69.3610802,2,0.174585001,0.0653093535,0.227770324,0.0111534151,0.0498048751,0.105590877,0.0320508515
1811,0.435948519,0.98816568,88.7763186,100.211554,0.438248962,0.293168877,68.8847199,2,0.184004978,0.0759499396,0.209557908,0.0299852433,0.0369545424,0.129341211,0.0706332797
1812,0.43597448,0.98816568,89.3657006,100.436211,0.437950789,0.291779579,68.0713626,2,0.163065794,0.0709757156,0.213531179,0.0129300874,0.0452388424,0.116873713,0.0298173268
1813,0.434347807,1.0295858,89.955823,100.678077,0.436971461,0.296759763,66.7321703,2,0.171184734,0.0743687151,0.206451068,0.0178399298,0.0424028427,0.104458888,0.0855663159
1814,0.434108291,1,90.5429632,100.929864,0.435720113,0.298202602,66.2246768,2,0.164733801,0.0716939755,0.225243509,0.00650048178,0.0443228982,0.0882472257,0.0438865928
1815,0.434468188,0.982248521,91.1193852,101.151908,0.435350917,0.294362485,66.526309,2,0.158623557,0.0636752323,0.220833959,0.0253175138,0.0332658978,0.104247975,0.0208191229
1816,0.437152154,1,91.6766591,101.393804,0.436332748,0.293929875,68.0527066,2,0.16240319,0.0735646691,0.211262601,0.0252968956,0.0450956561,0.130771708,0.0545343469
1817,0.436525717,1.01775148,92.2303471,101.63833,0.437906891,0.294623844,68.2652816,2,0.166223913,0.07123449,0.208420567,0.0194852197,0.0431910651,0.0989874762,0.0576841749
1818,0.43583407,1.0295858,92.8081372,101.869893,0.438987462,0.292470616,68.5976046,2,0.168877144,0.0793857973,0.226217978,0.0158449667,0.0489755387,0.0942907407,0.034023597
1819,0.43706875,1.01183432,93.3762866,102.085253,0.439270281,0.290350317,68.7888532,2,0.177754478,0.0697326244,0.22773746,0.0137140127,0.0468637544,0.131516961,0.0387124955
1820,0.437063738,1.02366864,93.9576954,102.289122,0.439014375,0.292554646,68.2647751,2,0.160767533,0.073251306,0.204695936,0.00952661839,0.0503543476,0.137248829,0.0723159032
1821,0.436395546,1,94.5440071,102.529546,0.439081492,0.294473044,67.7431201,2,0.16475011,0.0743496063,0.215666034,0.00752709626,0.0520067642,0.112643124,0.0373736674
1822,0.433963036,1.02366864,95.1399731,102.79123,0.437511538,0.301377472,67.0434043,2,0.174062079,0.071121417,0.205918483,0.0153271423,0.0452702561,0.10801953,0.0568201402
1823,0.434007096,1.00591716,95.7478751,103.029536,0.436000209,0.299196577,66.1099825,2,0.167935548,0.0766840083,0.222802912,0.0195746132,0.0412770686,0.12730536,0.0324656311
1824,0.435023939,1,96.3230163,103.264587,0.435696314,0.293750639,67.4796924,2,0.161297129,0.0675109896,0.219522388,0.0297253576,0.0413660222,0.128459064,0.0214136207
1825,0.436801782,1.0295858,96.8794374,103.500845,0.436785262,0.291347847,68.1227187,2,0.164075705,0.0736496339,0.204675354,0.0185110863,0.0340899632,0.126805016,0.078088221
1826,0.435859103,0.970414201,97.4470503,103.743889,0.437906611,0.289465359,68.367649,2,0.167873266,0.071491455,0.217188997,0.0128009279,0.0385038306,0.0725519593,0.0413120767
1827,0.43582169,1.01775148,98.0179843,103.971907,0.438478042,0.286256759,69.1886632,2,0.172156004,0.0702458514,0.202044757,0.0135859609,0.0500530323,0.115388335,0.0390771176
1828,0.436937346,1.01183432,98.5925693,104.180681,0.43846257,0.289675204,69.312949,2,0.181133895,0.0739654474,0.220726749,0.018758844,0.0332821534,0.149167537,0.0398724566
1829,0.436202298,1.01775148,99.1664608,104.393908,0.438555042,0.290846081,68.8820746,2,0.162404812,0.0704124648,0.211382893,0.0154211165,0.0324721297,0.109898744,0.0514180544
1830,0.435006187,1.01183432,99.7516281,104.634967,0.438234984,0.29623004,68.5498913,2,0.167994189,0.0753047813,0.216178532,0.0226649959,0.0368155585,0.122716754,0.0339402377
1831,0.433999399,1,100.344027,104.880309,0.436631063,0.30399825,67.7065181,2,0.161625424,0.068373945,0.223763962,0.00450797436,0.0323796646,0.0791579017,0.0310881151
1832,0.433656326,0.98816568,100.95331,105.104017,0.435001969,0.302292296,67.209518,2,0.157875263,0.0713155158,0.204070061,0.0259464065,0.0561653099,0.117339255,0.034777106
1833,0.436879233,0.982248521,101.520778,105.340728,0.435479923,0.295269099,68.2735911,2,0.164387155,0.0705137567,0.217566798,0.0272656925,0.0463032168,0.137838276,0.0425890312
1834,0.4378695,1,102.065589,105.570195,0.437490324,0.293115385,68.3549093,2,0.165159296,0.0722654373,0.205915795,0.008982217,0.0436517697,0.0991089416,0.0909701527
1835,0.436442625,0.99408284,102.634603,105.811431,0.438795247,0.291748132,68.8635896,2,0.168928615,0.0753278872,0.22655794,0.0157222024,0.0458928651,0.0764004443,0.0213956424
1836,0.437181381,1,103.197976,106.026906,0.439713743,0.291697285,69.1531038,2,0.174968376,0.0657499973,0.230940537,0.0101345334,0.0544861387,0.112921885,0.0378485805
1837,0.437111007,1.01183432,103.782165,106.230373,0.439423511,0.296422286,68.9330959,2,0.159849578,0.0770289029,0.212539431,0.0249238009,0.0415743825,0.126979084,0.0691617046
1838,0.436253828,1,104.364516,106.461192,0.439602594,0.299101383,68.7255026,2,0.163456125,0.0727098483,0.21726844,0.0103656999,0.0491768534,0.115003676,0.0314309252
1839,0.434200552,1.0295858,104.954745,106.709141,0.438573233,0.30476419,67.857215,2,0.17116789,0.0761853007,0.21035739,0.0162996416,0.0432770927,0.105618639,0.079586901
1840,0.433589313,0.98816568,105.564148,106.953452,0.436262784,0.305154346,66.9652235,2,0.165064809,0.0728127351,0.227116506,0.0104722699,0.045995549,0.0994810547,0.0493797438
1841,0.433929017,0.976331361,106.160975,107.171078,0.434977307,0.300745777,66.9382361,2,0.158923096,0.0637875993,0.221930849,0.0315260637,0.0360145637,0.112639562,0.0190433945
1842,0.437092032,0.99408284,106.734637,107.411041,0.43564187,0.289598222,67.4900776,2,0.162672519,0.0725199614,0.205978597,0.0295552468,0.0389965034,0.131728639,0.0544158361
1843,0.437306396,1,107.291171,107.652541,0.437378596,0.288232044,67.6595671,2,0.16644595,0.0704623479,0.207933734,0.0158833517,0.0398543142,0.0953986347,0.0623326676
1844,0.436094796,1.01775148,107.860322,107.888334,0.438740152,0.286910871,68.4690836,2,0.169692537,0.0800229659,0.224304935,0.0150459638,0.0440630415,0.0999043945,0.0369403245
1845,0.437420441,1.01183432,108.42531,108.098985,0.439389371,0.289351527,68.7319743,2,0.178520463,0.0713807053,0.226623787,0.013573885,0.0443173619,0.134363008,0.0397726502
1846,0.43699059,1.01775148,108.99834,108.300955,0.439616022,0.293240332,68.6296139,2,0.160952419,0.0732865163,0.20614968,0.00446885505,0.0476564579,0.13086087,0.0814536917
1847,0.436023001,1.00591716,109.585707,108.541749,0.439611617,0.297578871,68.4870279,2,0.165401678,0.0753992409,0.215780159,0.0117581628,0.051653386,0.112955668,0.0355354561
1848,0.433732009,1.01775148,110.184775,108.798267,0.437904914,0.303465849,67.7396813,2,0.174762115,0.0704215749,0.208565375,0.0145750204,0.039482699,0.105006601,0.066446381
1849,0.433613112,1.01183432,110.80083,109.032056,0.435950052,0.29933638,66.5487576,2,0.156750867,0.0775710734,0.220864601,0.0210008721,0.0412548116,0.129502532,0.0278053076
1850,0.435293951,0.99408284,111.377941,109.268195,0.435639074,0.290927793,68.0545439,2,0.162155328,0.0676933939,0.217935129,0.0283876128,0.0419611449,0.136502196,0.0221907106
1851,0.436871156,1.02366864,111.935719,109.500536,0.436499678,0.287420628,68.4276608,2,0.164070872,0.0727665827,0.202624992,0.0134660666,0.037054717,0.119072176,0.0932589732
1852,0.43593842,0.970414201,112.502403,109.739267,0.437730417,0.287389301,68.723888,2,0.167801047,0.0723081575,0.218724238,0.01313394,0.0393237227,0.0725737881,0.0341580882
1853,0.436077439,1.01775148,113.069413,109.964907,0.438501829,0.286448086,69.4442634,2,0.172959586,0.0652337276,0.214548,0.0118041461,0.0294812507,0.0952700043,0.0485399585
1854,0.436629647,0.99408284,113.646413,110.168868,0.438488293,0.292404484,69.2914767,2,0.181975204,0.0756270303,0.220589393,0.0191988394,0.0307548458,0.144991456,0.0448901373
1855,0.435827186,1.01183432,114.224146,110.378931,0.438588406,0.294806727,68.8922624,2,0.162170793,0.0707207256,0.215255678,0.0167240712,0.0340587136,0.110103354,0.0321001489
1856,0.434414994,1.02366864,114.817145,110.61771,0.437944525,0.299182036,68.266446,2,0.169017894,0.0754802076,0.213002743,0.023484604,0.0324415067,0.127486319,0.0476179316
1857,0.433549143,0.98816568,115.41174,110.864644,0.436211858,0.303986295,67.2871001,2,0.162683439,0.0693128089,0.223860622,0.00410496015,0.0349316201,0.0761801153,0.0320092358
1858,0.434241539,1,116.009076,111.088327,0.435314509,0.296759723,67.2312768,2,0.157630105,0.0650895885,0.207318619,0.00386634043,0.0492742479,0.126751802,0.0567459482
1859,0.436913146,0.99408284,116.579967,111.322066,0.435700129,0.289436844,68.5629642,2,0.165311991,0.0709116862,0.215015765,0.0278573011,0.0428295049,0.140400665,0.0521628849
1860,0.437708655,1.01183432,117.129467,111.551599,0.437213642,0.289724233,68.7080555,2,0.164868738,0.0711443522,0.20600586,0.0131102633,0.0398858977,0.103792349,0.0719985302
1861,0.435814486,1,117.698401,111.790519,0.438507226,0.292591099,69.1021491,2,0.168601855,0.0761958134,0.22633991,0.017552771,0.0450833344,0.0867822497,0.0266352656
1862,0.437066286,0.99408284,118.261778,112.007146,0.439305966,0.2932743,69.2937789,2,0.175965284,0.0674386421,0.230017482,0.00658948189,0.0491291121,0.105229545,0.0373871762
1863,0.436819202,1.01775148,118.846413,112.200284,0.439352257,0.299800171,68.9520777,2,0.159379435,0.0771516021,0.21056398,0.0247848654,0.0464448573,0.119712362,0.0621404137
1864,0.43684325,1.00591716,119.434822,112.423648,0.439269745,0.302577896,68.462863,2,0.163044097,0.0734736986,0.219355888,0.0118004975,0.0500838835,0.12352816,0.0327426529
1865,0.434665705,1.01183432,120.02303,112.673411,0.438409539,0.30680753,67.2688707,2,0.172234848,0.0749118891,0.20732462,0.0124954939,0.0514941658,0.0947560512,0.0869813631
1866,0.43402494,0.99408284,120.628951,112.92181,0.436949281,0.301551863,66.4944597,2,0.166077357,0.0748605901,0.226726811,0.00515952874,0.0483296778,0.0916496294,0.0400832117
1867,0.435427046,0.976331361,121.210687,113.146891,0.43665878,0.291107342,67.2526009,2,0.159541992,0.0643707514,0.222570365,0.0301131777,0.0449489316,0.125739155,0.0256376356
1868,0.436974427,1.01775148,121.784662,113.386417,0.436997931,0.286872078,68.3483488,2,0.162287762,0.0735980419,0.203955723,0.0269067899,0.0394390241,0.133408564,0.0578334364
1869,0.436512632,1,122.358191,113.629079,0.437640671,0.288341229,68.6878792,2,0.16607936,0.0710026037,0.209816533,0.0122976295,0.0446604411,0.0925722838,0.0553968764
1870,0.434918844,1.0295858,122.9318,113.868617,0.438170949,0.290064773,69.1499706,2,0.170809375,0.0789166182,0.215781533,0.0155956626,0.0281369322,0.113513468,0.0388000925
1871,0.43620223,1.01775148,123.509433,114.081284,0.438261528,0.290549048,69.1304012,2,0.179834892,0.0724604176,0.2247203,0.0142952729,0.0394909369,0.132289159,0.046689674
1872,0.435997351,1.02366864,124.086826,114.273114,0.438029968,0.29540404,68.8365505,2,0.160517413,0.0696746317,0.211782969,0.010251942,0.0328345442,0.114695651,0.0568651437
1873,0.435837775,0.976331361,124.682328,114.498526,0.437720097,0.29787461,67.792859,2,0.166911377,0.0746810428,0.212463427,0.0217872802,0.0436452116,0.124769721,0.0388213432
1874,0.43461637,1,125.259839,114.759712,0.43716341,0.30179281,66.9052131,2,0.168120495,0.0698824886,0.211871098,0.0146433248,0.0371375499,0.0940198394,0.067752624
1875,0.435287696,1.0295858,125.848803,114.99288,0.437176009,0.29236761,66.9393458,2,0.169512554,0.0796542993,0.224668839,0.0088845862,0.05202784,0.113125758,0.0368157219
1876,0.436880617,0.99408284,126.419395,115.218417,0.437372391,0.28799878,68.5320118,2,0.162803045,0.0693709108,0.221724299,0.0223699586,0.0407919403,0.145453546,0.0222104438
1877,0.437355506,1.0295858,126.975394,115.452442,0.437990914,0.289676059,69.4228937,2,0.163319408,0.0733142399,0.204527876,0.00604588107,0.0419493461,0.121148235,0.0968989908
1878,0.435307702,0.99408284,127.555972,115.698006,0.438371826,0.293733658,69.6637476,2,0.167156338,0.0739497487,0.220722098,0.0146139086,0.0456178181,0.0833473415,0.0314121714
1879,0.435055275,1.01775148,0.133569279,115.934493,0.438212933,0.295440637,69.5867486,2,0.17396202,0.0662960059,0.21699712,0.01041014,0.0274051197,0.0925089114,0.0465005533
1880,0.435140639,0.99408284,0.730608358,116.138781,0.437448041,0.297530728,68.9092115,2,0.183290756,0.076249113,0.218605476,0.0260470912,0.0272543438,0.138003572,0.0497586119
1881,0.435418919,0.98816568,1.32125389,116.343257,0.436762226,0.298470405,68.06281,2,0.161613388,0.0693510472,0.218898147,0.0193806449,0.038725499,0.120622574,0.022059109
1882,0.434793279,1.00591716,1.9103591,116.58081,0.436119912,0.29974418,66.5953827,2,0.170474361,0.073155438,0.207742169,0.0213786005,0.0398902198,0.118150143,0.0832217093
1883,0.43482267,0.99408284,2.4740837,116.837935,0.436384153,0.298306929,66.6735604,2,0.169342727,0.0704387138,0.223836027,0.00619580327,0.0369475919,0.0715845787,0.0300392747
1884,0.435822987,0.99408284,3.04709092,117.061717,0.436659052,0.290958201,67.2075217,2,0.172610796,0.061024955,0.222305996,0.0192004632,0.0344484605,0.0995819207,0.0272457465
1885,0.437732264,1.00591716,3.60841162,117.2863,0.437461451,0.292390265,68.7586598,2,0.160723432,0.0733283411,0.218144468,0.023462666,0.0403346976,0.143079723,0.0556528347
1886,0.436973694,1.00591716,4.16827235,117.522256,0.438451004,0.294906923,69.3839999,2,0.164410255,0.0718216353,0.210308166,0.0151209405,0.0397903483,0.106270448,0.0608070607
1887,0.434972739,1,4.75175256,117.76721,0.438453718,0.302176319,69.5807304,2,0.167996134,0.077204382,0.22640896,0.0199173446,0.0425251824,0.102789749,0.0300904125
1888,0.435566129,1,5.33112713,117.997941,0.438210178,0.303034774,69.5142392,2,0.177048861,0.0687178375,0.230559777,0.0105697156,0.0454368152,0.104519084,0.0429590438
1889,0.435683195,1.01183432,5.92759982,118.191083,0.437552276,0.305323682,68.9673965,2,0.159235668,0.0736086692,0.206862848,0.0238998252,0.0551688976,0.129171605,0.0434086124
1890,0.437059007,0.98816568,6.52406043,118.410767,0.437319135,0.302595132,67.6822379,2,0.164438444,0.0729298088,0.217149543,0.0219623791,0.048414457,0.128984251,0.0420801689
1891,0.435755386,0.99408284,7.09911427,118.663322,0.437483669,0.302520803,66.3829225,2,0.166614399,0.0727327063,0.205198113,0.0136338635,0.050158065,0.0980093199,0.0696196151
1892,0.435528502,1,7.67915587,118.919698,0.437575231,0.294643141,66.7817459,2,0.16686181,0.0759186455,0.226475588,0.00214299809,0.0503119713,0.089846648,0.0352139206
1893,0.436473505,1.00591716,8.24638292,119.137888,0.437919716,0.290867533,67.5833049,2,0.160099733,0.0660059849,0.22584414,0.0240342887,0.049910019,0.12966947,0.0251370849
1894,0.437351852,1.01775148,8.80944748,119.369182,0.438563514,0.293309608,68.5413809,2,0.162018471,0.0753106333,0.206880632,0.0223105227,0.0438265554,0.134429322,0.0577397914
1895,0.435771527,1.00591716,9.38551979,119.617984,0.438980045,0.296598206,69.1346597,2,0.165905998,0.0723030414,0.214400584,0.0125007807,0.0499375721,0.0935781222,0.0502886288
1896,0.434256617,1.02366864,9.97337953,119.864143,0.438120104,0.299581272,68.9873108,2,0.171459055,0.0774929885,0.210625321,0.0163746717,0.0403862757,0.101676991,0.0602730271
1897,0.4348,1.01775148,10.5694496,120.087996,0.437086876,0.296190955,68.7698305,2,0.180772651,0.0727177901,0.224162604,0.0189603072,0.0363235132,0.138660543,0.042699453
1898,0.435139122,0.99408284,11.1550501,120.280791,0.436391161,0.29791444,67.8750033,2,0.160637366,0.0672542713,0.216016568,0.0182307443,0.0269387729,0.108533374,0.0317211972
1899,0.43584951,0.964497041,11.7508673,120.509546,0.435916205,0.295081595,66.3470017,2,0.167982302,0.0730137627,0.209914194,0.0257599585,0.0357647782,0.130134498,0.0430713678
1900,0.435626639,0.98816568,12.302993,120.775869,0.436974674,0.297310674,66.2218961,2,0.16837296,0.0693182162,0.215299758,0.013057155,0.0320306567,0.0846915756,0.0620184076
1901,0.43646682,1.01183432,12.8785044,121.010835,0.437569504,0.290250553,67.0660624,2,0.169976632,0.0800654924,0.224105694,0.0131888995,0.0462434619,0.120540331,0.0278299235
1902,0.437855579,1.00591716,13.4428873,121.230432,0.438227249,0.292384134,68.4215326,2,0.159850494,0.071258523,0.224519776,0.0206705938,0.0415897724,0.146089363,0.0248850697
1903,0.437577546,1.0295858,13.9931389,121.469426,0.439251758,0.295874336,69.3590656,2,0.163584778,0.0742764797,0.207881019,0.00291261925,0.0438524841,0.11655817,0.100026352
1904,0.435227302,1,14.5752609,121.724258,0.439402017,0.301321293,69.9876596,2,0.167566525,0.0753378775,0.224481822,0.0158458207,0.0471492753,0.0827027946,0.0291701842
1905,0.434805973,1.00591716,15.1669438,121.96021,0.43856465,0.301526047,69.4543636,2,0.174483497,0.065772739,0.223758881,0.00769978811,0.0365521859,0.0903896248,0.0254291647
1906,0.434980089,1,15.7776325,122.168844,0.437121595,0.298173862,68.841018,2,0.184025508,0.0757324003,0.212480339,0.0331758286,0.0310777672,0.130140567,0.0666797788
1907,0.435529878,0.976331361,16.3726522,122.380471,0.436513564,0.297129292,67.7367895,2,0.162194857,0.0697483599,0.216345821,0.0194536074,0.0425737475,0.123080686,0.0271171186
1908,0.435019258,1.01183432,16.9595831,122.618242,0.436029407,0.297127718,65.9074159,2,0.165910028,0.0730683021,0.205308526,0.0192395414,0.0439538468,0.106079058,0.0933942592
1909,0.435081605,1.00591716,17.5221942,122.88251,0.436305328,0.295324104,66.3420033,2,0.170039226,0.0715748071,0.224799506,0.00393036965,0.0406262833,0.0764879837,0.0332418098
1910,0.4358783,0.99408284,18.0882182,123.10361,0.436764224,0.291430265,67.0522392,2,0.173253409,0.062946484,0.223086194,0.0220525286,0.0362555242,0.10224882,0.0245425663
1911,0.437618611,0.98816568,18.6475189,123.33386,0.437713409,0.294657795,68.4705507,2,0.161466555,0.074710834,0.215304769,0.0234931467,0.0441322159,0.135240665,0.0602174296
1912,0.436319371,1.00591716,19.2069084,123.580485,0.438696671,0.298094599,69.1992504,2,0.165320071,0.0721509256,0.209957515,0.0179823919,0.0438265984,0.102375264,0.0544112657
1913,0.434698826,1.01183432,19.7922525,123.820145,0.438797848,0.301751555,69.2780821,2,0.168628946,0.0787247228,0.226629349,0.0183925283,0.0443592886,0.101515078,0.0305744307
1914,0.435877366,0.98816568,20.3737178,124.041631,0.438575328,0.297295708,69.1178033,2,0.177714341,0.0694344548,0.228192442,0.0134622807,0.0469012639,0.120695026,0.0464292805
1915,0.435940133,1.0295858,20.9676884,124.238864,0.437705039,0.297680312,68.4984333,2,0.159982245,0.0716980157,0.204805851,0.0126701101,0.0520016028,0.137938995,0.064251625
1916,0.436508107,0.982248521,21.5636018,124.46717,0.437431336,0.296235384,67.1499218,2,0.165056278,0.0733169405,0.214047198,0.0172599084,0.0488069062,0.12236418,0.0412700448
1917,0.435086247,1,22.1409188,124.727362,0.437183352,0.299719177,65.972109,2,0.16761503,0.0715915899,0.204707682,0.0151228329,0.0470430636,0.102801557,0.0557027116
1918,0.435186856,1.01183432,22.7262233,124.981693,0.436924681,0.293512972,66.0932101,2,0.16759724,0.0768127397,0.225024719,0.00795278554,0.0482547622,0.109706454,0.0402943038
1919,0.435985599,0.98816568,23.2942815,125.205392,0.437061644,0.290588783,67.450465,2,0.160848148,0.0676043298,0.222746878,0.025677468,0.043499989,0.13043477,0.0194842176
1920,0.436732128,1.0295858,23.8501991,125.447432,0.437745641,0.29412969,68.6544623,2,0.163241128,0.0748925518,0.206217001,0.0188215853,0.0388674707,0.134154699,0.067154553
1921,0.435046562,0.982248521,24.4224984,125.702272,0.438334766,0.296544161,69.2474824,2,0.167222997,0.0720594526,0.21687084,0.01393411,0.0443745147,0.0796059605,0.0476321334
1922,0.434560157,1.01775148,25.010497,125.933326,0.438095868,0.292541302,69.1531133,2,0.172039015,0.0748394217,0.202217242,0.015598023,0.0549913598,0.0927425257,0.0451353604
1923,0.435771702,1.00591716,25.5981507,126.147565,0.437540734,0.289803436,68.9395944,2,0.181221105,0.0730440043,0.2201093,0.0213655867,0.0308990082,0.148587197,0.0377136898
1924,0.435841213,1.01775148,26.1762341,126.353039,0.437160725,0.290481431,68.1676207,2,0.16176624,0.0684497496,0.212113136,0.0156145422,0.0285122734,0.109745077,0.0408858174
1925,0.435105872,1.01183432,26.7651928,126.590701,0.436788446,0.293971088,67.1728134,2,0.168206137,0.0738682948,0.212744883,0.0244285573,0.0340748046,0.127922036,0.0394156442
1926,0.434834391,1.01183432,27.3365078,126.842644,0.436363579,0.301374213,66.4877311,2,0.169416314,0.0684423585,0.221084984,0.00678124555,0.0292906497,0.0771632451,0.0405581441
1927,0.435584571,1.00591716,27.9190057,127.07805,0.436341986,0.295514235,66.7939998,2,0.170609464,0.0755898166,0.208775479,0.0279130565,0.0382427442,0.10539094,0.0576005542
1928,0.437716096,0.982248521,28.4803736,127.31343,0.437045276,0.295714635,68.4480639,2,0.163755838,0.0717119253,0.22099517,0.0231915088,0.0459352469,0.139768651,0.0354942038
1929,0.437585597,1.02366864,29.0241989,127.557858,0.438664909,0.298595144,69.1977808,2,0.164966532,0.0741824362,0.208181893,0.00510614484,0.044082275,0.100611635,0.099410108
1930,0.435911329,1.00591716,29.6054136,127.799961,0.439341317,0.297146524,69.3802693,2,0.168749385,0.0757858452,0.226627163,0.0155153115,0.0458155027,0.0755026411,0.0209163592
1931,0.436290939,1,30.1830269,0.0185240799,0.439732389,0.293680887,69.2606262,2,0.174734795,0.0655373671,0.22925746,0.0115757453,0.0531230539,0.111807192,0.0365052813
1932,0.436338433,1.01183432,30.7809307,0.226424433,0.438718045,0.293565715,68.785991,2,0.184077042,0.0761880075,0.209498097,0.028091904,0.0396019297,0.12869157,0.0702419277
1933,0.435973629,0.98816568,31.3677505,0.456027489,0.438592791,0.292759295,68.1871443,2,0.16337543,0.0715632424,0.21384363,0.0109303958,0.0469846988,0.115163794,0.0315320038
1934,0.434166357,1.04142012,31.9576552,0.702712018,0.437469246,0.298089943,67.1445443,2,0.171213362,0.0750012218,0.207297894,0.0170033208,0.0424766601,0.10386434,0.0820107008
1935,0.433866205,0.99408284,32.5533232,0.949588611,0.43573157,0.299790316,66.4316162,2,0.164895675,0.0719451887,0.225534401,0.00867497644,0.0450111048,0.0950643313,0.0478113963
1936,0.433938389,0.982248521,33.137172,1.16916156,0.434891149,0.297344138,66.5502352,2,0.158893149,0.0638909635,0.221068851,0.0273800951,0.0331277655,0.106307121,0.0188807679
1937,0.437087069,1,33.6969687,1.41236497,0.435863093,0.293789022,67.7460113,2,0.162693203,0.0731409254,0.209583409,0.0264140845,0.0431508957,0.130351604,0.0522686443
1938,0.436745363,1.00591716,34.2520948,1.65489361,0.437607698,0.292113858,67.7910403,2,0.166482713,0.0707757861,0.20821892,0.0185804866,0.0417599871,0.0975122548,0.0605787575
1939,0.436140474,1.01183432,34.8235134,1.88913183,0.438911585,0.290176101,68.4489404,2,0.169117397,0.0797394073,0.226358143,0.0148357225,0.0500544896,0.0932030918,0.0368957288
1940,0.437377786,1.01183432,35.3900315,2.10197274,0.439326486,0.289581749,68.7061671,2,0.177969243,0.0701998662,0.227352169,0.0139852448,0.0459251672,0.135072989,0.03572781
1941,0.437195122,1.02366864,35.9659657,2.30936422,0.439342813,0.292122247,68.316193,2,0.161083816,0.0735342858,0.205075585,0.00740793093,0.0492478364,0.135502026,0.0784497748
1942,0.436151003,0.99408284,36.5502916,2.55290954,0.439490822,0.295678976,68.0898429,2,0.164889212,0.0747630815,0.216498303,0.0079883242,0.052348945,0.109435294,0.0365569035
1943,0.433811197,1.02366864,37.1483821,2.81420084,0.437761718,0.301793832,67.5262817,2,0.17419347,0.0705423311,0.20708661,0.0150324243,0.042058343,0.109428754,0.0611120072
1944,0.43364253,0.99408284,37.7644557,3.04650598,0.435764488,0.300968618,66.4146105,2,0.16819462,0.0766459897,0.221391204,0.023578245,0.0375261885,0.131895747,0.028172948
1945,0.434872229,1.01183432,38.343085,3.28254454,0.435297266,0.294881252,67.5038752,2,0.161610704,0.0675402759,0.218700359,0.0301353825,0.0415062078,0.12925695,0.0218102737
1946,0.437082713,1.01775148,38.9003812,3.51283053,0.436596569,0.28910978,67.8448916,2,0.164262977,0.0731906707,0.203681261,0.0179931635,0.0347409959,0.122803485,0.0845075841
1947,0.436113536,0.976331361,39.4630832,3.75812231,0.437894469,0.288439198,68.2060752,2,0.168095661,0.0716917124,0.218293587,0.0125055343,0.0372026306,0.0702958619,0.0374387906
1948,0.436208128,1.00591716,40.0294422,3.98421563,0.438643214,0.286613638,69.1358723,2,0.172335034,0.0646174225,0.213509449,0.0108970759,0.0303936231,0.0994515219,0.0502732496
1949,0.437156814,1.01775148,40.6029382,4.19216145,0.438667158,0.291486932,69.3579738,2,0.181295909,0.0746388761,0.22091685,0.0186462416,0.0337513345,0.148277368,0.0426791711
1950,0.436105574,1.01775148,41.1762977,4.40877999,0.438941613,0.292800972,69.0379015,2,0.162637187,0.0710596475,0.211973022,0.0158331482,0.0340611551,0.10941053,0.0500610114
1951,0.434738314,1.01775148,41.7634567,4.65251941,0.438430596,0.298017458,68.8767348,2,0.168179012,0.0757509064,0.216862863,0.0229390223,0.0360402272,0.122239979,0.033754396
1952,0.433791924,0.99408284,42.3592376,4.89701359,0.43666017,0.304444779,68.067478,2,0.177488087,0.0684440351,0.224706551,0.00387562714,0.0348035163,0.0806838735,0.030030325
1953,0.43342383,0.98816568,42.9697394,5.11778667,0.434862696,0.303425034,67.5687507,2,0.158090417,0.0695066525,0.204177804,0.0204397172,0.0580106604,0.128288359,0.0383284627
1954,0.43673695,0.976331361,43.5441495,5.34947162,0.435132158,0.294374588,68.0282451,2,0.164752336,0.0704299433,0.215922684,0.0282153617,0.0457721088,0.136898944,0.0463983063
1955,0.437760275,1,44.0904166,5.5787989,0.437110943,0.291546726,68.0080265,2,0.165293733,0.0716390167,0.205256248,0.0108473008,0.0430701567,0.0994383485,0.0833691854
1956,0.436481627,1,44.6551319,5.82105823,0.438620407,0.290384058,68.6605786,2,0.169079035,0.0755508886,0.226601971,0.0156485525,0.0464571918,0.0777916309,0.0218497125
1957,0.437306491,1,45.2164776,6.03523203,0.439571697,0.290729921,68.9667538,2,0.175257462,0.0661723773,0.230976743,0.0101919959,0.0544788981,0.114875455,0.0380327229
1958,0.437328918,1.02366864,45.7947712,6.2378412,0.439621536,0.297250762,68.8364181,2,0.159966269,0.0772337966,0.212114772,0.0240217795,0.0434793872,0.12550721,0.0674248976
1959,0.436301936,1,46.3765524,6.47069463,0.439912425,0.300509711,68.7085243,2,0.163604604,0.0732256416,0.217900525,0.00928118978,0.0505438504,0.114114189,0.0325044243
1960,0.434070073,1.0295858,46.9680991,6.72143433,0.43872831,0.305990044,67.9268596,2,0.171376548,0.0763410872,0.210075418,0.0152781672,0.0455244173,0.101761421,0.0802003253
1961,0.433447469,0.98816568,47.5818631,6.96479159,0.436269265,0.305575301,66.9658063,2,0.16534161,0.0732926847,0.227028461,0.0118647118,0.0463095918,0.103981934,0.0505296311
1962,0.433820587,0.982248521,48.1798934,7.18366247,0.43493665,0.300974379,67.034791,2,0.159119726,0.0641237107,0.22157349,0.0327357296,0.0363762984,0.115062526,0.0191075953
1963,0.437065063,0.98816568,48.7555265,7.42226145,0.435578408,0.288425505,67.3772448,2,0.162847835,0.0723896921,0.204545175,0.0294779472,0.0369859486,0.132302608,0.0538946901
1964,0.437341887,1.00591716,49.3115989,7.66492103,0.437385446,0.287241342,67.61323,2,0.166639391,0.0704668454,0.208384499,0.0145376828,0.0390927417,0.0923010966,0.0632130094
1965,0.436133017,1.0295858,49.8811593,7.90057076,0.43869011,0.285713328,68.477986,2,0.170018114,0.0805164014,0.223691734,0.0145090752,0.0425610791,0.101700767,0.0373773573
1966,0.437450905,1.01183432,50.4466234,8.11028355,0.4393885,0.289370391,68.7571302,2,0.178853491,0.0720198999,0.225845956,0.0141281948,0.0427085248,0.137128364,0.0384085656
1967,0.436903457,1.01775148,51.018013,8.31333234,0.439718973,0.293190554,68.7174715,2,0.161145818,0.0731414596,0.206621899,0.00437804133,0.0450369716,0.127013223,0.0833452781
1968,0.435762279,1.00591716,51.6070472,8.5562485,0.439584647,0.297678992,68.6680207,2,0.165735112,0.0756291768,0.215462052,0.0139317639,0.0505828607,0.112629418,0.0338126445
1969,0.433624118,1.01775148,52.2062874,8.81105196,0.4378426,0.303368336,67.9062884,2,0.17509824,0.0698853857,0.21020084,0.0137741941,0.0354646159,0.100802829,0.0674485548
1970,0.433391644,1.01775148,52.8242074,9.04301037,0.43572733,0.299477065,66.7018811,2,0.156922037,0.0775670069,0.21876297,0.0240749856,0.0376109245,0.131302687,0.026999695
1971,0.435248515,0.99408284,53.4015187,9.27997224,0.435421724,0.290312093,68.1533681,2,0.16252373,0.0678740644,0.217112245,0.0278135861,0.042122325,0.137573517,0.024222345
1972,0.436861359,1.02366864,53.9567061,9.5106266,0.436372712,0.286909582,68.427009,2,0.164228541,0.0724470151,0.202438709,0.0114667692,0.0381075046,0.114659284,0.0975582223
1973,0.435909126,0.98816568,54.5224371,9.74966917,0.437614493,0.286555539,68.7757879,2,0.167963581,0.0725112454,0.21962598,0.0138107017,0.039121816,0.0719077263,0.0305954307
1974,0.436279178,1.01183432,55.0863205,9.97269952,0.43849907,0.286363749,69.4475183,2,0.173223759,0.0642159397,0.219247783,0.0107869313,0.034854254,0.0882722375,0.034276384
1975,0.436710371,0.99408284,55.6621655,10.1752642,0.438529991,0.293414401,69.2793446,2,0.182221336,0.0760242302,0.220253166,0.0196061207,0.0309176994,0.14355209,0.0482707026
1976,0.4358794,1.01183432,56.2397707,10.3872309,0.438738626,0.295903893,68.9296521,2,0.162300483,0.0710527994,0.215948819,0.016462497,0.0357257676,0.110684456,0.0300216977
1977,0.434275444,1.01775148,56.8339581,10.6273756,0.438031194,0.300348602,68.2607949,2,0.169280596,0.0756899333,0.213068236,0.0229646607,0.0322678564,0.126733996,0.0512219556
1978,0.433432026,0.98816568,57.4305166,10.8736168,0.436209788,0.304453109,67.2813866,2,0.162976822,0.0696727647,0.224657796,0.0039150226,0.0364730649,0.0771143228,0.0325827584
1979,0.434179644,1,58.0284595,11.096183,0.435248998,0.296832248,67.2261072,2,0.15775286,0.0633965678,0.211563483,0.00951963078,0.0391078836,0.116041192,0.052768895
1980,0.436848156,0.99408284,58.6012444,11.3296803,0.435594541,0.288455471,68.4307633,2,0.165644444,0.0711093434,0.213464244,0.0286272022,0.0425545622,0.138660648,0.0553363869
1981,0.437631735,1.00591716,59.1526868,11.5592802,0.437062116,0.288195765,68.5351457,2,0.164988753,0.0708147683,0.205621404,0.0147418954,0.0389069382,0.104325378,0.0651273066
1982,0.435807853,1.01183432,59.7193458,11.7973842,0.438486875,0.29137878,68.9650916,2,0.168709127,0.076529002,0.225888501,0.0175758483,0.044687184,0.0890912905,0.0278252289
1983,0.437170092,0.99408284,60.2810275,12.0130232,0.439327224,0.29263565,69.1558905,2,0.176266055,0.0679211313,0.229857898,0.00677588597,0.0491190422,0.107273853,0.0396784714
1984,0.436935316,1.01775148,60.8633532,12.2057575,0.439454509,0.299633835,68.8460385,2,0.159464961,0.0769273406,0.209321982,0.0232594485,0.0491872033,0.120370217,0.0567310019
1985,0.436850397,1.01183432,61.4523069,12.4309832,0.439369684,0.302583626,68.3939329,2,0.163317295,0.0738526972,0.219120487,0.0108575211,0.0509680958,0.123164326,0.0345005415
1986,0.434557305,1.01775148,62.0409214,12.6833422,0.438474512,0.30698312,67.2429802,2,0.172514398,0.074743256,0.206775448,0.0120804291,0.0524666392,0.0939704175,0.0817480288
1987,0.433990546,1,62.6491053,12.9308553,0.436968691,0.300736695,66.4288012,2,0.16639227,0.0753616978,0.226378126,0.00530544679,0.0490714671,0.0945018756,0.0409351977
1988,0.435398217,0.98816568,63.2297539,13.1566206,0.436713213,0.290546508,67.3154221,2,0.159839905,0.064841412,0.22198883,0.0298619716,0.044563357,0.127719541,0.0239776938
1989,0.436881054,1.01775148,63.8036544,13.3966206,0.436992678,0.286211829,68.3454665,2,0.162447197,0.0734912352,0.202960654,0.0257511701,0.0385958044,0.134099983,0.0579993594
1990,0.436379136,0.98816568,64.3779215,13.6402233,0.437587737,0.28771938,68.6991858,2,0.166253489,0.0710568458,0.21029217,0.0111554846,0.0445313286,0.0899225858,0.0545182837
1991,0.434886393,1.0295858,64.9514685,13.8797963,0.438059241,0.28903981,69.2019647,2,0.171116695,0.0785971868,0.213073898,0.0152657698,0.0301886474,0.110023499,0.047485446
1992,0.436132052,1.01775148,65.5292955,14.0914475,0.438160383,0.290111699,69.1543538,2,0.180145242,0.0728374178,0.224015297,0.0150166814,0.03783679,0.135195619,0.0444715431
1993,0.435942328,1.02366864,66.107013,14.2842331,0.437918458,0.294869192,68.8063792,2,0.160691142,0.0694778305,0.212462499,0.0123709502,0.0304497836,0.111553769,0.0508542617
1994,0.435611408,0.982248521,66.7016783,14.510503,0.437621735,0.297713526,67.7673989,2,0.167213724,0.0746344972,0.212116131,0.0225096194,0.0420322175,0.125405602,0.0380601093
1995,0.434569565,0.99408284,67.2784846,14.7706541,0.437028248,0.301792335,66.9185118,2,0.16829147,0.0695792918,0.213378318,0.0137769173,0.0352191579,0.0900424857,0.0655073454
1996,0.435300555,1.02366864,67.8666642,15.0026498,0.437068869,0.292273848,66.9855907,2,0.169791628,0.079782662,0.223815087,0.0114305226,0.0500520817,0.117802635,0.0324594223
1997,0.436942475,1,68.4372552,15.229573,0.437236993,0.287834357,68.5656056,2,0.163082113,0.0696355866,0.221355429,0.0222285587,0.0404186691,0.146176921,0.0242860353
1998,0.437426877,1.0295858,68.9903135,15.4632593,0.438008949,0.290191663,69.4096576,2,0.163488426,0.0731916476,0.205150881,0.00416967176,0.0419233685,0.11804566,0.0984656159
1999,0.435349827,0.99408284,69.5707422,15.7081742,0.43843861,0.294190408,69.6292641,2,0.167315222,0.0742320005,0.221815873,0.0154328305,0.0451590878,0.0832329671,0.0297938258
2000,0.435279322,1.01775148,70.1474107,15.9434082,0.43838943,0.295721348,69.5514753,2,0.174178293,0.0660191559,0.219877629,0.00923828,0.0298423703,0.0885638396,0.0370987726
2001,0.435352346,0.99408284,70.7450023,16.1460007,0.437617181,0.297966483,68.8797703,2,0.183515661,0.0765288061,0.217616295,0.0272080617,0.0277055976,0.135994703,0.0546903973
2002,0.435615115,0.98816568,71.3363541,16.3531683,0.437022669,0.298857375,68.0489467,2,0.161768255,0.0698391,0.218840342,0.0189542409,0.0399648425,0.121744573,0.0227686967
2003,0.434744055,1.01183432,71.9259412,16.5927271,0.436315843,0.300507676,66.5719986,2,0.170717831,0.073356451,0.207598687,0.0204700983,0.0415185211,0.114609263,0.0870310385
2004,0.434743864,1.00591716,72.4936171,16.8497865,0.436376323,0.298388076,66.5955867,2,0.169527914,0.0708070977,0.224319845,0.00539973904,0.0386393268,0.072743964,0.0299499583
2005,0.435719898,1,73.067176,17.0724223,0.436567632,0.290799232,67.0806309,2,0.172924624,0.0609305723,0.22383723,0.0220553425,0.0385935566,0.104007487,0.0272185718
2006,0.437617052,1.00591716,73.6282496,17.2991157,0.437360268,0.29176818,68.6781324,2,0.160923682,0.0735356656,0.216440643,0.0240537533,0.0411920485,0.140315617,0.0590649967
2007,0.43680835,1.01183432,74.1886927,17.5363101,0.438330856,0.294287313,69.2628643,2,0.164629845,0.0716544385,0.210078325,0.0163282823,0.0404262452,0.105732116,0.0559891525
2008,0.434855081,1.00591716,74.7713253,17.7793181,0.438353572,0.30110508,69.4324031,2,0.168301959,0.0774494527,0.226065477,0.019723191,0.0416819785,0.10444828,0.0301023614
2009,0.4357131,0.99408284,75.3482836,18.0079543,0.438207172,0.301428699,69.4405003,2,0.177316931,0.0689975847,0.230293246,0.0109823694,0.0459609679,0.108198754,0.0454443484
2010,0.435795898,1.01183432,75.9416632,18.2001433,0.437630109,0.304393587,68.917995,2,0.159377239,0.0730278859,0.206765702,0.0202006359,0.055513057,0.133060572,0.0470276668
2011,0.437069132,0.98816568,76.5373384,18.4214962,0.437491847,0.301984517,67.5971118,2,0.164645912,0.0732562219,0.216734336,0.0210237732,0.0488356696,0.127849806,0.0426241201
2012,0.435699896,0.99408284,77.1133633,18.6769515,0.437589258,0.302276463,66.3382357,2,0.166827368,0.0725968782,0.205189276,0.0140651961,0.0497254646,0.0996079677,0.0636946077
2013,0.435548815,1.01183432,77.6947083,18.9322949,0.437690449,0.294463465,66.6868851,2,0.167104817,0.0764357369,0.226445662,0.000683361904,0.0506055838,0.093653128,0.0372524737
2014,0.436518224,1.00591716,78.2637148,19.1518857,0.437933821,0.290395674,67.6251399,2,0.160370543,0.0665657119,0.224970387,0.0243731657,0.0482523458,0.131228399,0.0226821469
2015,0.437283444,1.02366864,78.8274316,19.3858416,0.43850758,0.292502714,68.6030713,2,0.162278776,0.0752066912,0.205863404,0.021308691,0.0428883294,0.135507076,0.0591443742
2016,0.435633638,1,79.4042711,19.6362665,0.43889185,0.295636199,69.2015519,2,0.166191664,0.0723683915,0.214595136,0.0120435596,0.049179393,0.0903731304,0.0500146236
2017,0.434209865,1.0295858,79.9930072,19.8810384,0.438010894,0.297646426,69.030698,2,0.171765737,0.0765210249,0.206853396,0.0161622191,0.0473235478,0.0929805509,0.0614022926
2018,0.434841353,1.00591716,80.5884926,20.1015741,0.437075019,0.294241353,68.7708986,2,0.181070197,0.0729842766,0.222741732,0.0199229708,0.0341859313,0.141639475,0.0397648948
2019,0.435131756,1,81.1730955,20.2957206,0.436356081,0.2961431,67.8630919,2,0.160870634,0.0673182132,0.215648065,0.0184808368,0.0274267302,0.108512979,0.0300897191
2020,0.435524404,0.976331361,81.7667513,20.5250187,0.435892885,0.294966801,66.3383479,2,0.168230489,0.0729258185,0.209929613,0.0256023227,0.0347924643,0.130140116,0.0443085947
2021,0.435477195,0.98816568,82.3198489,20.7903835,0.436744071,0.297356719,66.173733,2,0.168599742,0.0689709676,0.216844454,0.0118350529,0.0308648203,0.0811490211,0.0568518787
2022,0.436436469,0.99408284,82.8931011,21.0244313,0.437365891,0.290674095,67.0471633,2,0.170204704,0.0795902787,0.221511279,0.0169966686,0.0401386285,0.124774943,0.0271662123
2023,0.437965296,1.00591716,83.4562357,21.246178,0.438082739,0.292712615,68.4514701,2,0.160096531,0.0714571103,0.224193363,0.020716813,0.041954514,0.146104933,0.0274302635
2024,0.437598495,1.03550296,84.0049263,21.4872029,0.439186496,0.296597306,69.4482805,2,0.163862545,0.074160349,0.208611838,0.00147510285,0.0440332648,0.112983616,0.100703767
2025,0.43530703,1.01183432,84.586301,21.7412779,0.439393733,0.302107512,70.0387213,2,0.167832468,0.0756222261,0.22601401,0.0159147016,0.0467041304,0.0813809254,0.0270760521
2026,0.435229323,0.99408284,85.1766389,21.9716993,0.438896761,0.300467728,69.4605683,2,0.174634983,0.0658948817,0.22580399,0.00864301379,0.0406838901,0.0933973786,0.0236025854
2027,0.435342041,0.99408284,85.7868291,22.1791808,0.43753137,0.297650128,68.8496405,2,0.1590497,0.0759754131,0.211444167,0.0331173799,0.0334437997,0.128300927,0.0690840245
2028,0.435769718,0.98816568,86.3818604,22.394817,0.437010906,0.296340636,67.8085231,2,0.162419015,0.0703686083,0.215853991,0.0182083316,0.0437961241,0.1226393,0.0284276783
2029,0.434840145,1.01775148,86.9711834,22.6330652,0.436288692,0.297891071,66.0047386,2,0.17142474,0.0733649585,0.205122457,0.0185152988,0.0452802511,0.102882384,0.0938042517
2030,0.434707816,1.00591716,87.5414529,22.8969042,0.436147052,0.295771182,66.293059,2,0.170264129,0.0719197382,0.224940448,0.00378364693,0.0427235104,0.0801281498,0.036051941
2031,0.435614473,0.98816568,88.1084175,23.1171596,0.436496762,0.291267568,66.9094292,2,0.173569024,0.0630949882,0.222900794,0.0242214878,0.0379237266,0.105226229,0.024415997
2032,0.4374073,0.99408284,88.6676712,23.3498444,0.437480315,0.293748295,68.357891,2,0.161716319,0.0745577686,0.213346427,0.024261973,0.044531024,0.133146569,0.0605600667
2033,0.436309664,1.01183432,89.2270959,23.5970288,0.438452538,0.297115249,69.0648158,2,0.165578574,0.0718058779,0.209614446,0.0187088018,0.0442211824,0.101325504,0.0537625118
2034,0.434832697,1.0295858,89.8111332,23.8340028,0.438701809,0.299938144,69.0919349,2,0.168923956,0.0789564032,0.226105472,0.0176302258,0.0438925346,0.102558204,0.0309315545
2035,0.436219816,1.01183432,90.3885204,24.052735,0.438697624,0.295304154,69.0899188,2,0.177945631,0.0697587705,0.227840512,0.0132992145,0.046339179,0.124004047,0.046108291
2036,0.436234371,1.0295858,90.9784579,24.2501632,0.43798902,0.296614641,68.5215982,2,0.160158799,0.0716603046,0.205386044,0.00940414324,0.0504591561,0.137317884,0.0692057352
2037,0.436600318,0.982248521,91.5730891,24.4798569,0.437801289,0.295929968,67.2590615,2,0.165204516,0.0737561865,0.214210102,0.0158544454,0.0490453482,0.12110091,0.0402261515
2038,0.434889025,1,92.1551463,24.7401975,0.437278824,0.300527097,66.0906019,2,0.167815587,0.0714412353,0.20561736,0.0153588807,0.0454297559,0.104190739,0.0573265649
2039,0.435035658,1.00591716,92.744364,24.9915219,0.436900926,0.294124562,66.0961526,2,0.167880688,0.0773109163,0.22462806,0.00996839292,0.047563466,0.113719661,0.0387764079
2040,0.435968622,0.98816568,93.3139283,25.2182629,0.436983484,0.2903008,67.5973424,2,0.161155129,0.0679768504,0.221836761,0.0259729944,0.0426716201,0.132284876,0.0194231804
2041,0.436761634,1.01775148,93.8698212,25.4598209,0.437695385,0.29289094,68.7195541,2,0.163434702,0.0746408357,0.205254743,0.0174654799,0.0378903077,0.131940221,0.0735573416
2042,0.435022185,0.98816568,94.4428584,25.7122659,0.438272982,0.294667163,69.241489,2,0.167379155,0.0721399087,0.217259869,0.0137384479,0.0432646283,0.07722697,0.0440275031
2043,0.434623159,1.01183432,95.0289814,25.9428575,0.43806728,0.290314242,69.284442,2,0.172327835,0.0712071484,0.200690835,0.013634008,0.0532566639,0.110907784,0.033592404
2044,0.43582482,1.00591716,95.6146918,26.1544394,0.437561572,0.289149315,69.040635,2,0.181479559,0.0733501885,0.219312295,0.021496436,0.0302985812,0.14814698,0.0394904339
2045,0.435730149,1.02366864,96.1932225,26.3607715,0.437131875,0.289844737,68.2862007,2,0.161887055,0.0684652802,0.212455684,0.0160927553,0.0298501565,0.109565573,0.0375074417
2046,0.434986547,1.01183432,96.7796381,26.5971095,0.43683751,0.29435428,67.3270121,2,0.168431846,0.073955595,0.21277546,0.0244244624,0.0335586587,0.128200798,0.0416705553
2047,0.434637564,1.01183432,97.3537285,26.8477197,0.436178576,0.301836122,66.6503226,2,0.161777008,0.0684210111,0.222285753,0.00632824296,0.0305590407,0.0760371906,0.0367739
2048,0.435408865,1,97.9368543,27.0802837,0.436100902,0.295825876,66.8841413,2,0.170888349,0.0741992414,0.206421507,0.0265503434,0.0459494748,0.103637666,0.0506663591
2049,0.437746978,0.99408284,98.4974134,27.3154877,0.436871113,0.295565419,68.5456617,2,0.164022084,0.07170748,0.220885819,0.023451939,0.0457909394,0.140673121,0.0379262674
2050,0.43772924,1.01775148,99.041195,27.5566691,0.438606564,0.298158951,69.159934,2,0.164947954,0.0737698327,0.208463991,0.00578752893,0.0443098316,0.100221298,0.0965404942
2051,0.435999062,1.00591716,99.6223474,27.7979162,0.439329575,0.297530435,69.3127871,2,0.168717441,0.0760174652,0.227415331,0.0159358023,0.0462595374,0.0773879295,0.021314513
2052,0.436548793,0.99408284,100.1978,28.0170629,0.439853877,0.294420545,69.2757075,2,0.174965622,0.06607382,0.229875052,0.0110299372,0.0524143394,0.111016823,0.0358991342
2053,0.436500165,1.00591716,100.796285,28.223124,0.438936057,0.294967879,68.778916,2,0.159736313,0.0764722699,0.209530975,0.0283160763,0.0407972238,0.127123936,0.0693833923
2054,0.436184544,0.98816568,101.383945,28.4530266,0.438841703,0.294665182,68.1823378,2,0.163328541,0.0720191139,0.214827429,0.0108523108,0.0479031428,0.116862199,0.0319635657
2055,0.434249468,1.03550296,101.974218,28.7002682,0.437684465,0.299982165,67.0845081,2,0.171472153,0.0749811909,0.206787554,0.0163006943,0.0454122262,0.0999655082,0.0853976767
2056,0.433860528,0.98816568,102.573681,28.9487852,0.435888195,0.300374693,66.3303724,2,0.165213763,0.0726251227,0.225519105,0.00908318727,0.0457421079,0.0961091114,0.0473090264
2057,0.434177781,0.982248521,103.15685,29.1696016,0.435192154,0.296173945,66.6056836,2,0.158900025,0.0640017688,0.221355564,0.0291561259,0.0360435051,0.10993745,0.0197316726
2058,0.437042208,0.99408284,103.718709,29.4121401,0.436063678,0.292611056,67.8066565,2,0.162689689,0.0732687246,0.208157158,0.0266704518,0.0419954293,0.131049655,0.0532411166
2059,0.436606968,1.00591716,104.277417,29.6565199,0.437542732,0.291702843,67.9455792,2,0.166508123,0.0706284588,0.208682032,0.0179635339,0.0418724205,0.0953940525,0.0615854774
2060,0.435863778,1.01775148,104.849527,29.889724,0.43876268,0.289748444,68.5968467,2,0.169523866,0.0800324583,0.225311545,0.0152120944,0.0472389866,0.0979643856,0.0374180434
2061,0.437201088,1.01775148,105.416798,30.1023196,0.439128922,0.289619498,68.8363133,2,0.178387462,0.0706344119,0.226796036,0.013947715,0.0443727124,0.13590515,0.0378137384
2062,0.437082484,1.02366864,105.99174,30.3064378,0.439133248,0.29213725,68.5003934,2,0.161038091,0.0727335648,0.20578045,0.00457705482,0.0473565775,0.132775531,0.081674312
2063,0.436251991,1.00591716,106.576948,30.5466626,0.439281894,0.295895377,68.1023009,2,0.165264816,0.0748691132,0.216201315,0.0106196173,0.0513725869,0.112104912,0.0352962699
2064,0.433926253,1.01775148,107.174094,30.806723,0.437604839,0.3029517,67.4913364,2,0.174595223,0.0702337504,0.208974412,0.0144886884,0.0393828663,0.106418162,0.0651169894
2065,0.433856072,1.01183432,107.785489,31.0398295,0.435987434,0.30016438,66.4035358,2,0.168523259,0.0772985816,0.221721534,0.0220534019,0.0388607726,0.130672739,0.0273060451
2066,0.435379582,1.01183432,108.361548,31.2778984,0.435716201,0.293111136,67.8808072,2,0.161899185,0.0679845564,0.218927011,0.0289238386,0.0421310911,0.132687214,0.0221896789
2067,0.437011726,1.01775148,108.917137,31.5112818,0.436854464,0.290272377,68.309902,2,0.164238778,0.0733985151,0.20409061,0.0154976789,0.0358010577,0.120787479,0.0894400146
2068,0.43590094,0.970414201,109.485619,31.7518646,0.438012788,0.289112461,68.5513889,2,0.167997884,0.0721691961,0.219114435,0.0127745139,0.0388604602,0.0712846627,0.0348054461
2069,0.436068329,1.01183432,110.054628,31.977337,0.438706085,0.286821817,69.3049612,2,0.172728566,0.0641324951,0.216225247,0.0107183195,0.0317082752,0.093113429,0.0431671866
2070,0.436890008,1.01183432,110.632316,32.184965,0.438530341,0.291026922,69.3245443,2,0.181754936,0.0750109918,0.219674632,0.0200273775,0.03202356,0.146692267,0.0460132157
2071,0.435982354,1.01775148,111.208951,32.39955,0.438598306,0.292411854,68.8887378,2,0.162492969,0.0705862723,0.213137323,0.0165011514,0.034239512,0.109671883,0.0392083153
2072,0.434667386,1.02366864,111.797344,32.640247,0.438103168,0.297496156,68.4457999,2,0.168708505,0.07549552,0.214660351,0.0232216231,0.0329953267,0.126057682,0.0403390721
2073,0.433663676,0.98816568,112.392443,32.8835397,0.43632537,0.304342484,67.4832344,2,0.178006919,0.0689100066,0.224894117,0.00395507354,0.0353337911,0.0783065821,0.0314935699
2074,0.433868042,0.99408284,112.995102,33.106183,0.435003697,0.300432582,67.1975975,2,0.15790911,0.0670506905,0.205901871,0.010044535,0.0553324041,0.131828248,0.0520651719
2075,0.437020177,0.99408284,113.563394,33.3413845,0.435521306,0.293030085,68.2575899,2,0.165053034,0.0709602581,0.215919899,0.0279490673,0.0453955132,0.138096034,0.0491698251
2076,0.43779919,1.00591716,114.109561,33.5722953,0.437352095,0.292266135,68.3270441,2,0.165192114,0.071631009,0.2061615,0.0123811912,0.0420915089,0.101118466,0.0776238574
2077,0.436354709,1,114.677617,33.81081,0.43882549,0.2916216,68.8800704,2,0.168918906,0.0761519182,0.226902374,0.0166436429,0.0466808698,0.0813482231,0.0237017791
2078,0.437224261,1,115.242015,34.0268417,0.439639744,0.291452797,69.1475934,2,0.17565649,0.0669623795,0.230695506,0.00872468576,0.0523236571,0.112357122,0.037779848
2079,0.437094066,1.01775148,115.824986,34.2249771,0.4396145,0.297522913,68.904119,2,0.159765267,0.0771295387,0.210558596,0.0242057004,0.0454798888,0.123389053,0.0642009042
2080,0.436536655,1,116.410423,34.4556964,0.43968575,0.300488387,68.6106073,2,0.163370257,0.0733970881,0.218169276,0.00869284497,0.0509748373,0.118077829,0.0330452139
2081,0.434192664,1.02366864,117.001323,34.7048341,0.438559072,0.306351731,67.5848997,2,0.171895672,0.0755418226,0.208000544,0.013744191,0.0499700777,0.0952492247,0.0850394651
2082,0.433512805,0.98816568,117.614658,34.9512121,0.436381191,0.303943531,66.6308918,2,0.16585403,0.0741701569,0.226720402,0.00986965985,0.0473387152,0.100125214,0.0467813797
2083,0.43453639,0.98816568,118.204485,35.173795,0.435565695,0.29562278,67.1154855,2,0.159445085,0.0642781694,0.221548307,0.0325066852,0.0405314637,0.120925604,0.0220475767
2084,0.436990738,1,118.776768,35.4133613,0.436131274,0.287777025,67.9087634,2,0.162708771,0.0728348953,0.204029107,0.0281701766,0.0376659011,0.132740692,0.0557471281
2085,0.436900467,1,119.340459,35.6558283,0.437353616,0.288214748,68.0771383,2,0.166497317,0.0705571458,0.20951524,0.0135960636,0.0416738535,0.0904274262,0.0604248372
2086,0.435669369,1.03550296,119.91041,35.8901796,0.438545877,0.286777436,68.9182079,2,0.170475151,0.0801026528,0.220411372,0.0157090108,0.0334441781,0.112110453,0.0299832432
2087,0.437022637,1.00591716,120.479273,36.1004068,0.439001234,0.289590659,69.0268986,2,0.179363634,0.0723067783,0.22555319,0.0137178015,0.0409004641,0.136156635,0.0422983928
2088,0.43673155,1.02366864,121.052635,36.297882,0.439113969,0.293582208,68.8673678,2,0.160904406,0.0715841302,0.208858482,0.00668659796,0.0396284188,0.12188172,0.0742464404
2089,0.435941249,1,121.644037,36.5316864,0.43898339,0.297857237,68.3315487,2,0.166313081,0.0753933203,0.214615779,0.017521038,0.0474704394,0.119114385,0.0344987764
2090,0.433939591,1.01775148,122.23862,36.7913721,0.437389468,0.30419006,67.6647342,2,0.175603439,0.0697928011,0.21217552,0.01319087,0.0354364605,0.0964289558,0.0672184411
2091,0.434201059,1.02366864,122.845418,37.0200393,0.436367031,0.296316253,66.6032174,2,0.169459659,0.0788191535,0.221357915,0.0180202042,0.044836317,0.126273961,0.0274843126
2092,0.436142392,1,123.418286,37.2565927,0.4363882,0.28806275,68.4469094,2,0.162785724,0.0687336206,0.2185906,0.0257587359,0.0412076815,0.142451902,0.0242400375
2093,0.437126775,1.02366864,123.973553,37.4896014,0.437145445,0.287632515,69.0388319,2,0.163900021,0.0728552083,0.203010873,0.00810917865,0.0398486241,0.115676942,0.0988001992
2094,0.435522121,0.98816568,124.547986,37.7298791,0.437903033,0.289050514,69.1217684,2,0.167654362,0.0733462579,0.220165373,0.0142961821,0.0419991948,0.0763446955,0.0300258118
2095,0.435857294,1.01775148,125.115759,37.9579144,0.438525685,0.288700215,69.6438846,2,0.173683729,0.0651718665,0.218415724,0.0107253562,0.0319027859,0.0883817979,0.0369201897
2096,0.436043947,0.99408284,125.700977,38.1595986,0.438185161,0.29369517,69.2071848,2,0.182827772,0.0762815124,0.218622501,0.0222728694,0.0290064847,0.140233932,0.0510020619
2097,0.435650605,1.00591716,126.285076,38.3698006,0.437825779,0.296170579,68.6837261,2,0.162028135,0.0702730944,0.217187939,0.0163530503,0.0379753256,0.114816528,0.0240327644
2098,0.434356917,1.01183432,126.876623,38.6056899,0.43725724,0.300538459,67.4808801,2,0.169947241,0.0746555342,0.210189954,0.0223387139,0.035811796,0.123237954,0.0694981464
2099,0.433851023,0.98816568,127.461324,38.8566645,0.436137373,0.302401944,66.81927,2,0.16345818,0.0701618861,0.224468695,0.00457339455,0.0373762741,0.0744112474,0.0314495301
2100,0.435108471,0.99408284,0.0451186407,39.0807879,0.435920083,0.292720011,67.1413207,2,0.15751231,0.0616839337,0.21743804,0.017040696,0.0317301855,0.102250914,0.0354898615
2101,0.437168207,1,0.61442866,39.3126684,0.436339223,0.288795338,68.7312593,2,0.161135444,0.0720662529,0.2146944,0.0264202029,0.0413251626,0.140087976,0.0573484995
2102,0.437323077,1,1.16945326,39.5445705,0.437615256,0.290701933,69.0777376,2,0.164758914,0.0711387359,0.207656871,0.015415302,0.0389945142,0.105384931,0.060582036
2103,0.435383188,1.01183432,1.74447159,39.7823689,0.438435515,0.295304896,69.2763354,2,0.168474514,0.0769482013,0.225743854,0.0188540404,0.042901184,0.0969618355,0.0294417523
2104,0.436495658,1,2.31280731,40.0048547,0.438803147,0.296451189,69.3755572,2,0.176762614,0.0684523312,0.229984439,0.00761918391,0.0469318416,0.10553317,0.0421357804
2105,0.436356005,1.02366864,2.9003827,40.1958848,0.438616941,0.301755365,68.9378486,2,0.159310701,0.0753640563,0.207740294,0.0233035937,0.0532050968,0.123358237,0.0467246468
2106,0.436970009,0.99408284,3.49245216,40.4170006,0.438504203,0.302510258,68.0762289,2,0.163944565,0.0735699317,0.21857183,0.015909975,0.0498015666,0.127096127,0.0382123009
2107,0.434994753,1,4.07691616,40.6715905,0.437855017,0.305420435,66.8478183,2,0.173076815,0.0734527056,0.205979912,0.0128157197,0.0520452649,0.0966577024,0.0739732036
2108,0.434864383,1.00591716,4.67069377,40.9216496,0.437251537,0.29676239,66.5094262,2,0.16672959,0.0757191196,0.226228974,0.00246200476,0.0498518561,0.0914981088,0.0371203367
2109,0.436126894,1,5.24113716,41.1434986,0.437508965,0.290006433,67.4685439,2,0.160017768,0.0653730118,0.224177747,0.0263672969,0.047887754,0.129845756,0.0248141014
2110,0.437167008,1.02366864,5.80966804,41.3797731,0.437912828,0.289552014,68.502669,2,0.162183954,0.0744084525,0.205019882,0.0236145057,0.0415397217,0.134650267,0.0578798399
2111,0.436129985,0.98816568,6.38670964,41.624029,0.438381066,0.291382822,68.9426002,2,0.166000454,0.0717459901,0.212538097,0.011604895,0.0473975849,0.0924691799,0.0512328054
2112,0.434584158,1.03550296,6.96778145,41.8680546,0.438073467,0.294169122,69.0892207,2,0.171371585,0.0776753964,0.210735923,0.0155199023,0.0370836112,0.103155107,0.0580649042
2113,0.435366323,1.01183432,7.55581847,42.0868697,0.437545823,0.293390833,68.9722079,2,0.180559664,0.0728933032,0.22425848,0.0169864166,0.0368520998,0.136494526,0.0443244606
2114,0.435383628,1.00591716,8.13823072,42.2793544,0.436980206,0.29740154,68.4003901,2,0.160614912,0.0680671762,0.215242361,0.0160183604,0.0276873239,0.108834481,0.0371303879
2115,0.435640564,0.964497041,8.73420732,42.5065008,0.436511947,0.29754105,67.1032256,2,0.167721989,0.0736302967,0.210927634,0.0251818767,0.0384195854,0.128809213,0.041170315
2116,0.435180953,0.982248521,9.29689771,42.7675616,0.436941273,0.299834483,66.4524188,2,0.16824315,0.069406079,0.214569044,0.0132242617,0.0341379955,0.0869591758,0.0638443232
2117,0.43605254,1.01183432,9.87637169,43.001734,0.437403902,0.290905904,67.0734035,2,0.169943308,0.08009358,0.224802651,0.0110330638,0.05003234,0.116624454,0.0325665904
2118,0.437561473,1.00591716,10.4438149,43.2229956,0.437832475,0.290279246,68.4975766,2,0.163184608,0.0704909697,0.223529047,0.0210541911,0.0407938847,0.146886942,0.0247409675
2119,0.437647665,1.03550296,10.9955747,43.4591482,0.43870259,0.293677612,69.4410553,2,0.163424191,0.0737402271,0.207029755,0.00302948143,0.0432312174,0.118192708,0.0989432285
2120,0.435358233,0.99408284,11.5765402,43.708708,0.439045436,0.299148019,69.8634677,2,0.167323562,0.0749216159,0.223544485,0.0157740759,0.0469081398,0.084875615,0.0299897463
2121,0.435068604,1.01183432,12.1614685,43.9451356,0.438552672,0.300466542,69.4583538,2,0.174397946,0.0662741684,0.221849949,0.00758732977,0.0317490867,0.0888830256,0.032768942
2122,0.435085529,0.99408284,12.7679923,44.1526174,0.437320482,0.29996646,68.8111288,2,0.183874879,0.0763770816,0.21549374,0.0311408222,0.0286837586,0.132528573,0.061018604
2123,0.435568358,0.982248521,13.3630588,44.361528,0.436721181,0.299159502,67.7827079,2,0.161922794,0.0698635037,0.21808508,0.020366041,0.0415670996,0.124203349,0.0248815168
2124,0.435005779,1.01183432,13.9512129,44.6006871,0.436125941,0.298349048,66.0638454,2,0.171112702,0.0730415024,0.205893997,0.0191377979,0.0433518668,0.108983006,0.0929361409
2125,0.435083399,1,14.513893,44.8620191,0.436512858,0.295971284,66.4371311,2,0.169719048,0.0714020653,0.224319025,0.005005182,0.0395017739,0.0736822193,0.0304277431
2126,0.435922841,1,15.0829761,45.0842506,0.436865611,0.290619854,67.0944172,2,0.173171501,0.0618515183,0.224401832,0.0225587497,0.0399944732,0.105302545,0.0278538171
2127,0.437669956,0.98816568,15.6433296,45.3115348,0.43769002,0.293127679,68.5381044,2,0.161117731,0.0743405555,0.215728199,0.0236664392,0.0424068207,0.137630054,0.0608694718
2128,0.436467664,1,16.2044425,45.5540928,0.438598287,0.296399426,69.2345625,2,0.1649077,0.0719269515,0.210305469,0.0172208129,0.0423755264,0.104188353,0.053648847
2129,0.434602881,1.01183432,16.7879147,45.7971248,0.438559294,0.302361497,69.4159072,2,0.168561166,0.0780811134,0.226251757,0.0195106694,0.0421329925,0.105034616,0.0302847263
2130,0.435582332,0.98816568,17.3698346,46.0234663,0.438156913,0.300192339,69.2755057,2,0.177653665,0.0692740254,0.229202754,0.012722586,0.0464532217,0.114330191,0.0472835003
2131,0.435732333,1.01775148,17.9635553,46.2170309,0.437421902,0.30160989,68.6360541,2,0.159641109,0.071745581,0.205969827,0.0150555841,0.0537811473,0.137015724,0.0580288433
2132,0.436800777,0.98816568,18.5599736,46.441659,0.437202231,0.298989412,67.2077065,2,0.164999588,0.0731714803,0.215004225,0.0203579506,0.04866368,0.12562403,0.0429532059
2133,0.435592562,0.99408284,19.1325018,46.7004422,0.437406318,0.299990458,66.0490637,2,0.167194409,0.0720245043,0.204866733,0.0148699827,0.0482049146,0.101262814,0.0577173817
2134,0.435585166,1.01183432,19.7129192,46.9556692,0.437520173,0.292984372,66.4336878,2,0.167389363,0.07681376,0.226050475,0.00273800328,0.0500528637,0.100699126,0.0396452553
2135,0.43645145,1.00591716,20.2813396,47.1761121,0.437705964,0.289941594,67.5552314,2,0.160645932,0.0673172318,0.224166526,0.0245879728,0.0458735573,0.131547291,0.0200712388
2136,0.437121075,1.04142012,20.8408966,47.4136287,0.438398905,0.293176257,68.6137274,2,0.162712948,0.0753036499,0.206081878,0.0197273681,0.0413664828,0.135722403,0.0627516897
2137,0.435281966,0.99408284,21.4166656,47.6688668,0.438793668,0.296372994,69.3137383,2,0.166701044,0.0724275789,0.215799145,0.0130103783,0.0475308573,0.0851751938,0.0493712022
2138,0.43416874,1.0295858,22.0076313,47.9100873,0.437969971,0.296117775,69.1191318,2,0.171994239,0.0754338273,0.203716769,0.0166299173,0.0529656254,0.0905398548,0.0526410048
2139,0.435094164,1,22.6020659,48.1258008,0.437225668,0.291771363,68.8097691,2,0.18128228,0.0731125705,0.220877398,0.0218443048,0.0313841776,0.146114851,0.0375264617
2140,0.435431691,1.01775148,23.1848003,48.325125,0.436567616,0.292646816,67.9087752,2,0.161330078,0.0677102425,0.213720483,0.0174357768,0.0276935458,0.109344174,0.0332318627
2141,0.435218898,1.00591716,23.7767288,48.5574466,0.436122295,0.293675567,66.4796846,2,0.168386387,0.0731483951,0.210470721,0.0253994658,0.0333233988,0.129613325,0.0442456563
2142,0.435284956,1.00591716,24.3357201,48.8183581,0.436454249,0.298059851,66.0728611,2,0.169036845,0.0685915497,0.21885866,0.0089631096,0.0293484593,0.077527566,0.0476097858
2143,0.436252043,0.99408284,24.9082443,49.0542313,0.436989562,0.291887867,66.9048377,2,0.170441318,0.0776748814,0.213866191,0.0239656063,0.0308349629,0.116103339,0.0512555913
2144,0.438019187,0.99408284,25.4691123,49.281928,0.437797876,0.294035199,68.4291315,2,0.160655126,0.0719119655,0.222693087,0.0213692095,0.0439239697,0.14321863,0.031974663
2145,0.437482219,1.02366864,26.0154328,49.5279192,0.439091687,0.297942476,69.4425568,2,0.164498737,0.0743685078,0.208682937,0.00242522293,0.0443106427,0.105839154,0.100889038
2146,0.435430567,1.00591716,26.5962473,49.7790753,0.43944139,0.300988685,69.8941541,2,0.168423051,0.0759556042,0.22710139,0.0156144038,0.0457998441,0.0771940112,0.02282972
2147,0.435778847,1.00591716,27.1838243,49.9998347,0.439395696,0.296306932,69.4186921,2,0.174747254,0.0656845494,0.227840463,0.0110526768,0.048772441,0.104511403,0.0310719982
2148,0.43580975,0.99408284,27.789983,50.207485,0.438138643,0.2941983,68.8813939,2,0.184218484,0.0759546601,0.208974367,0.0309729679,0.0376801633,0.127665564,0.07070598
2149,0.435983095,0.982248521,28.3805479,50.431163,0.437806605,0.292777421,68.0182741,2,0.162986921,0.0710401837,0.213894094,0.0135834087,0.0456716304,0.118528369,0.0303326396
2150,0.434394778,1.0295858,28.9705628,50.6712529,0.436815708,0.297520379,66.5260007,2,0.171415044,0.0740736647,0.205624695,0.0172443744,0.0446510985,0.100955761,0.0892616736
2151,0.434181789,0.99408284,29.5555339,50.9273491,0.435760002,0.29731353,66.1674396,2,0.164930217,0.0720132359,0.22506113,0.00601539723,0.0446665637,0.087970451,0.0429931107
2152,0.434674369,0.982248521,30.1287377,51.1486846,0.435591821,0.293306165,66.5983626,2,0.158573197,0.0636659119,0.221489437,0.0260087495,0.0354949651,0.10584622,0.0210055448
2153,0.437127115,1,30.6858654,51.3894263,0.436573732,0.293783342,68.1613036,2,0.162334786,0.0738290809,0.211040405,0.025078034,0.0448995477,0.130994444,0.0555602623
2154,0.436401655,1.01183432,31.2415042,51.635132,0.437980734,0.295266875,68.5024756,2,0.166173937,0.0712372217,0.208917521,0.0194679055,0.0436407182,0.098604279,0.0574121548
2155,0.435631432,1.0295858,31.8207893,51.8658773,0.438924618,0.293576466,68.7271057,2,0.169074832,0.0794958095,0.225870403,0.0163241983,0.0471678566,0.0975917779,0.0338573157
2156,0.436871649,1.01183432,32.3907702,52.0820851,0.439127351,0.291057532,68.8808855,2,0.177980785,0.0699718197,0.227618414,0.0137319064,0.0459393021,0.131289722,0.0406290737
2157,0.436936419,1.0295858,32.9734115,52.2836866,0.43878161,0.292921825,68.3517924,2,0.160682603,0.0726144787,0.205042523,0.00770453178,0.0494129343,0.136602433,0.0747035954
2158,0.436501977,0.98816568,33.5620485,52.5218234,0.438786701,0.294290799,67.6520499,2,0.165032008,0.0743265808,0.21518672,0.00999573293,0.050991516,0.114887885,0.0370763233
2159,0.434119178,1.01775148,34.156322,52.7814971,0.437376897,0.302037146,66.7798038,2,0.174317532,0.070987746,0.206822428,0.0150610707,0.0435092516,0.106837287,0.0599563276
2160,0.434212534,1.01183432,34.7594106,53.023966,0.436174896,0.298177849,66.0551757,2,0.16811579,0.0770968508,0.223030486,0.0182531275,0.0424914983,0.125672706,0.0324357494
2161,0.435421704,1.00591716,35.3319848,53.2581075,0.436070992,0.292380343,67.6098436,2,0.161437262,0.0678474848,0.219795182,0.0286688524,0.0417535794,0.130584566,0.0211781658
2162,0.436728554,1.03550296,35.8867759,53.4977689,0.437032535,0.292399999,68.423604,2,0.164027639,0.0739011474,0.204938502,0.017168235,0.0350649499,0.126392048,0.0803161881
2163,0.435629664,0.976331361,36.4567573,53.7401016,0.438050507,0.290548107,68.6843496,2,0.167814087,0.0718009602,0.217719274,0.0132251017,0.0396326496,0.0728729141,0.0399019213
2164,0.43555093,1.01183432,37.0316734,53.9671512,0.438447358,0.286819428,69.2926514,2,0.172369896,0.0678558854,0.20501437,0.0125101566,0.0399786289,0.116665089,0.0533649463
2165,0.436649517,1.01183432,37.6094694,54.1760366,0.438265864,0.28930916,69.2901658,2,0.181397959,0.0740123056,0.219870215,0.019713565,0.0321177362,0.148662932,0.0414340378
2166,0.436041163,1.01775148,38.1855481,54.3879538,0.438167335,0.290259892,68.7550659,2,0.162311778,0.0698558312,0.211921473,0.0159713323,0.0320812273,0.109793904,0.0444194614
2167,0.43499826,1.00591716,38.7708101,54.6265476,0.437884379,0.295603537,68.2252048,2,0.168293908,0.0750177578,0.214869727,0.0231590848,0.0347640385,0.125464056,0.0372327955
2168,0.434051023,0.99408284,39.36013,54.8713125,0.436448565,0.303830982,67.371766,2,0.161877031,0.0685822726,0.223922855,0.00484109204,0.032345281,0.0775547886,0.0317295115
2169,0.434089779,0.98816568,39.9635938,55.0972258,0.435158135,0.300021774,67.0140492,2,0.157769154,0.0706011712,0.203712883,0.0223972924,0.0577981305,0.120559079,0.0329816994
2170,0.437171824,0.98816568,40.5271569,55.334458,0.435846922,0.294685802,68.4251637,2,0.164486827,0.0709874555,0.218031445,0.0265614727,0.0461213494,0.138926502,0.0433694991
2171,0.437891655,1,41.0715191,55.5665183,0.437764136,0.294284947,68.604874,2,0.165101848,0.0725101768,0.206626116,0.00908794274,0.0434802077,0.09949714,0.0893158486
2172,0.436341046,1,41.6436778,55.8057009,0.439002827,0.293121837,69.0245286,2,0.168839076,0.0757434634,0.226893793,0.0163416642,0.0463087475,0.0779029012,0.0219238326
2173,0.437066203,0.99408284,42.2102304,56.0224605,0.439799572,0.292317482,69.2419307,2,0.17515985,0.0661671492,0.23062699,0.00944019189,0.0532806115,0.111546367,0.0369567156
2174,0.436893562,1.00591716,42.7986306,56.224369,0.439377933,0.296228853,68.9150898,2,0.159755765,0.0769125431,0.211332489,0.0255256422,0.0422896157,0.125557336,0.0683946577
2175,0.436325567,0.98816568,43.3830543,56.454245,0.439428758,0.298395212,68.5701442,2,0.163347578,0.0726591327,0.217097307,0.0100614981,0.04937698,0.116949889,0.031578695
2176,0.434234077,1.0295858,43.9729253,56.7016793,0.438355514,0.304229695,67.5708364,2,0.171451957,0.0756356892,0.208807178,0.0153985915,0.0461057571,0.100985675,0.0844056822
2177,0.43364741,0.99408284,44.5806136,56.9481315,0.43623182,0.303732093,66.7172771,2,0.165322088,0.0731295299,0.226769136,0.00957339476,0.0463001179,0.097973182,0.0476638583
2178,0.434289554,0.982248521,45.1720163,57.167616,0.435261848,0.297757312,66.9188766,2,0.158937755,0.0638532753,0.221989952,0.0314641903,0.0380552584,0.114844689,0.0206604502
2179,0.437112215,0.98816568,45.7420739,57.4080372,0.435953148,0.289939152,67.7584036,2,0.162625582,0.0728636626,0.206156942,0.0286251447,0.0394420453,0.131809749,0.054737434
2180,0.437058441,1,46.3022896,57.649732,0.437422087,0.289375712,67.8906788,2,0.166402063,0.0705291185,0.208742885,0.0159290735,0.0410173871,0.0944342342,0.0614660866
2181,0.435859871,1.01775148,46.8725064,57.8846024,0.438725378,0.287952966,68.6831632,2,0.169882912,0.0800829741,0.223654638,0.0156543496,0.0412803038,0.104206277,0.0344901433
2182,0.437238955,1.00591716,47.4394212,58.0958285,0.439221756,0.289721237,68.8975793,2,0.178740956,0.0714710405,0.226594521,0.0134611177,0.0433668159,0.134357631,0.0413747711
2183,0.43692204,1.01775148,48.0138581,58.2954513,0.439325412,0.293300213,68.7289288,2,0.160866427,0.0725101787,0.206943318,0.00373889493,0.0456194341,0.129260589,0.0803643956
2184,0.436183589,1.00591716,48.602297,58.5324028,0.4393297,0.297358313,68.3510783,2,0.16566089,0.0752727748,0.215458254,0.0135483295,0.0503671474,0.115659505,0.0353696469
2185,0.433890208,1.0295858,49.1996584,58.7909417,0.437666067,0.303886204,67.6608085,2,0.174994662,0.0702536692,0.209671051,0.0141419282,0.0386650518,0.103106622,0.0674422002
2186,0.433979111,1.01775148,49.8102884,59.0237027,0.436235843,0.298003387,66.5149341,2,0.168910756,0.0780701197,0.221729556,0.0188475203,0.0435848228,0.127208584,0.0287230223
2187,0.435733401,0.99408284,50.3855786,59.2597002,0.436069865,0.289902046,68.1919487,2,0.162274665,0.0680920765,0.218600488,0.0274825589,0.0418072421,0.13850095,0.0221032933
2188,0.436962318,1.02366864,50.9423709,59.4944015,0.4368429,0.288532593,68.7569227,2,0.163975023,0.0730403412,0.203049855,0.0122139444,0.037995736,0.119121254,0.0945331692
2189,0.43570449,0.970414201,51.5128777,59.7331399,0.437855896,0.289182405,68.9112569,2,0.16770531,0.0726917704,0.219276853,0.0131881641,0.0407514951,0.073920056,0.0334664361
2190,0.435926446,1.01183432,52.0814748,59.9598228,0.4385338,0.287687602,69.5638347,2,0.173148044,0.0653719872,0.214891341,0.0116646048,0.0293984958,0.0944857868,0.0477810439
2191,0.43632485,0.99408284,52.662665,60.1639546,0.438332084,0.292481245,69.2983754,2,0.182229141,0.0757073909,0.219867751,0.0202404141,0.0299417744,0.143950182,0.0461780206
2192,0.435682363,1.00591716,53.2434106,60.372985,0.438169057,0.294738465,68.7950968,2,0.16207789,0.0702696492,0.215770817,0.0166542635,0.0350233745,0.111326035,0.0282642933
2193,0.434359013,1.01775148,53.8364594,60.6090297,0.437557674,0.299291158,67.9156116,2,0.169319679,0.0750708578,0.211786074,0.0235403633,0.0328274719,0.127376429,0.0550614698
2194,0.433688641,0.98816568,54.4259157,60.8578933,0.436083982,0.303507825,67.0226139,2,0.162904933,0.0694639893,0.223908216,0.00437802295,0.0353302137,0.0751001557,0.0318210481
2195,0.434668569,0.99408284,55.0164687,61.0826916,0.435558902,0.295026506,67.1640984,2,0.157542057,0.064165277,0.209592812,0.00458327598,0.0443318187,0.120860355,0.0562560822
2196,0.437041146,0.99408284,55.5858755,61.3155701,0.435977755,0.289996079,68.6683383,2,0.165404305,0.0713010031,0.215717116,0.0270440347,0.0424547057,0.141174866,0.053080574
2197,0.437656557,1.00591716,56.1363654,61.5456647,0.437457287,0.291008493,68.9154787,2,0.16477601,0.0712729848,0.206884076,0.013544731,0.0398352642,0.104325887,0.0698807042
2198,0.435656508,1,56.7086169,61.7841935,0.438563193,0.29443929,69.1964045,2,0.168503023,0.0764733076,0.226505995,0.017976997,0.0447783514,0.0897450649,0.0275735107
2199,0.436869343,1,57.2750319,62.0033244,0.439158933,0.2946946,69.3575883,2,0.176172373,0.0677045613,0.230010515,0.00669004006,0.0480535239,0.104341095,0.0381567646
2200,0.436646422,1.01775148,57.861593,62.1957256,0.439102765,0.300636802,68.9661892,2,0.159308212,0.0766875591,0.209806895,0.0252201789,0.0480426762,0.119356739,0.0587291244
2201,0.436905063,1.00591716,58.4519256,62.4170337,0.438961749,0.302817286,68.3012277,2,0.163311338,0.0733993556,0.219368869,0.0134904839,0.0497446907,0.1254339,0.0342624711
2202,0.434841585,1.02366864,59.0388881,62.668227,0.438186568,0.30654259,67.0573266,2,0.172482627,0.0743849381,0.20687367,0.0125158687,0.0520004353,0.0946805941,0.0848254226
2203,0.434355057,1,59.6400631,62.9176084,0.437042365,0.300173015,66.4219146,2,0.166250986,0.0750550682,0.226658917,0.00410224301,0.048799902,0.0905237286,0.0384051843
2204,0.435748774,0.982248521,60.2170226,63.1420769,0.437013206,0.290528386,67.2989642,2,0.159640978,0.0646089523,0.2233664,0.0288133748,0.0464974049,0.126940886,0.0261939242
2205,0.437035353,1.02366864,60.7887755,63.3813347,0.437346077,0.288323736,68.4705141,2,0.162208354,0.0739675204,0.2047529,0.0259320621,0.0405572439,0.133734074,0.0579164113
2206,0.436399582,0.99408284,61.3640373,63.6231784,0.437948257,0.289431328,68.8018089,2,0.165987163,0.0712534502,0.210692527,0.0122897677,0.0458557766,0.0931100816,0.0538478235
2207,0.434765917,1.03550296,61.9403873,63.8647186,0.438144455,0.291926618,69.1387071,2,0.170943551,0.0785841007,0.214679553,0.015641912,0.0294620772,0.112299034,0.0442423681
2208,0.435891891,1.01183432,62.521734,64.0801639,0.437988815,0.291769352,69.1137378,2,0.180027093,0.0724963958,0.224797498,0.0150221734,0.0389958499,0.132982513,0.0466441941
2209,0.435742483,1.01775148,63.1010396,64.2719883,0.4376084,0.29645138,68.744808,2,0.160499817,0.0689812618,0.213135009,0.0118960993,0.0306800061,0.112561613,0.0505307158
2210,0.435858337,0.976331361,63.6967216,64.4971381,0.437272716,0.297833196,67.5525325,2,0.167136276,0.0742963893,0.212057176,0.02313042,0.0421402861,0.126331234,0.0395238897
2211,0.434923416,0.99408284,64.2682623,64.7582304,0.437133732,0.301134069,66.712246,2,0.168097349,0.0697834833,0.212532631,0.0144760373,0.0365468688,0.0926355113,0.0673753039
2212,0.435643392,1.02366864,64.8535407,64.9924502,0.437341654,0.291879138,66.9960256,2,0.169586573,0.0798230027,0.22522122,0.00866830241,0.052083173,0.112565404,0.0368928376
2213,0.437169926,0.99408284,65.423256,65.215939,0.437594042,0.288908005,68.5179064,2,0.162863376,0.0697226647,0.222710425,0.0218439701,0.0409380233,0.145867088,0.0224702257
2214,0.437451605,1.03550296,65.9782402,65.4514241,0.438255413,0.29151601,69.475857,2,0.163303501,0.0735447872,0.205476995,0.00558396768,0.0426096986,0.121286706,0.0974049656
2215,0.435266843,0.99408284,66.5591258,65.6986021,0.438630747,0.296124244,69.774474,2,0.167165657,0.0742438711,0.221603669,0.0147786718,0.0464421332,0.0841483457,0.0314674466
2216,0.434974342,1.01775148,67.1399834,65.9347883,0.438319846,0.297490031,69.5100123,2,0.174062241,0.0663552708,0.217976787,0.009554871,0.0279994277,0.092020322,0.0445661605
2217,0.435032327,1,67.7407589,66.1413705,0.437336881,0.298454269,68.8417541,2,0.183449357,0.0762266805,0.217798827,0.0277638398,0.0271937344,0.136970112,0.052444903
2218,0.435397683,0.98816568,68.3334168,66.3470679,0.436621939,0.298574757,67.9241457,2,0.161672936,0.0693336031,0.218599147,0.0199562889,0.0394673905,0.121946354,0.0226517268
2219,0.434915127,1.00591716,68.921481,66.5845313,0.436039868,0.298932151,66.3549341,2,0.170648141,0.0729903903,0.207100676,0.0207355776,0.0406693138,0.11591281,0.0864472968
2220,0.43501607,0.99408284,69.4831368,66.8433809,0.436443368,0.297379629,66.5797982,2,0.169427827,0.0706569243,0.223958943,0.00599053587,0.0372833537,0.0716915094,0.0297118089
2221,0.435893288,1,70.0545357,67.0669739,0.436738349,0.290897938,67.1853853,2,0.17272712,0.0612575126,0.223115158,0.019997215,0.0356601871,0.100418013,0.026578553
2222,0.437752324,1,70.6146427,67.2914738,0.437583793,0.293263793,68.7107003,2,0.160804279,0.0737332125,0.2180203,0.0232616455,0.0409941621,0.141906456,0.0567580299
2223,0.436781787,1.00591716,71.1748308,67.5299591,0.438530228,0.295954781,69.3798989,2,0.164530611,0.0719734147,0.210480156,0.0156236046,0.0406447119,0.105614371,0.0592725717
2224,0.434815651,1.01183432,71.7585672,67.7748956,0.438506421,0.302901578,69.5877398,2,0.168102613,0.0774820521,0.226596978,0.0198946742,0.0428233943,0.102986423,0.0302144872
2225,0.435476517,1,72.3400273,68.0046225,0.438157026,0.30257543,69.4641158,2,0.177187926,0.0688145699,0.230195252,0.011443124,0.0459340562,0.107254043,0.0443272116
2226,0.435606007,1.01183432,72.9368918,68.1982245,0.437407581,0.304400034,68.8862074,2,0.159347258,0.0729855605,0.206246715,0.0220204957,0.0553377871,0.132370241,0.045801107
2227,0.436950119,0.98816568,73.5330807,68.4194976,0.437209553,0.301340831,67.5199527,2,0.164579387,0.072893163,0.216320554,0.0216421048,0.0485333303,0.128020459,0.0425372703
2228,0.435748847,0.99408284,74.1064197,68.6737052,0.437439363,0.301572759,66.2530786,2,0.166776644,0.0725383633,0.204852431,0.0138865514,0.0498372965,0.0985251728,0.0658986036
2229,0.435552388,1.01183432,74.6855714,68.9306216,0.43757787,0.294218235,66.6604765,2,0.166962053,0.0760953481,0.22647953,0.000793857371,0.0502229979,0.0928191427,0.0371033694
2230,0.436505382,1.00591716,75.2528785,69.1494334,0.437877908,0.29079722,67.5361754,2,0.160201227,0.0663917677,0.225345368,0.0243517466,0.0486077452,0.129637637,0.0233758516
2231,0.437307481,1.01775148,75.8149248,69.3831668,0.438551945,0.293508302,68.5402896,2,0.162236981,0.0754326327,0.206787603,0.0216998935,0.0431553234,0.135070028,0.0578232294
2232,0.435636072,1,76.3906364,69.6341885,0.438984998,0.29677349,69.1680734,2,0.166159196,0.0723561689,0.214621184,0.0129523211,0.0493425461,0.091039936,0.0510633865
2233,0.434253927,1.02366864,76.9799511,69.8789155,0.438136451,0.29866794,69.0087697,2,0.171561736,0.0774951896,0.209498857,0.0166073286,0.0418794849,0.0997551035,0.060475036
2234,0.434911552,1.01775148,77.5763111,70.1001483,0.437187317,0.294419048,68.7558225,2,0.180879861,0.0728145825,0.223019985,0.0197869061,0.0348032798,0.141630579,0.0403770849
2235,0.435221685,0.99408284,78.1612855,70.2950353,0.436483696,0.295833759,67.8634093,2,0.160859926,0.0674222589,0.214931025,0.017646868,0.0267467818,0.108810246,0.0331591519
2236,0.435563148,0.982248521,78.7573549,70.5246715,0.435941978,0.294631364,66.3079897,2,0.168083671,0.0730131503,0.209976377,0.0257055498,0.0348966943,0.129887865,0.042724996
2237,0.435523984,0.98816568,79.3108732,70.7909602,0.436789703,0.297021697,66.1240875,2,0.168608753,0.068979608,0.216052982,0.0117781195,0.0305035296,0.0822906593,0.0582769072
2238,0.436406526,1,79.8851641,71.0266199,0.437362543,0.290285528,66.9817686,2,0.170080689,0.0794433367,0.221054326,0.0173363335,0.0395252167,0.124925896,0.0271147823
2239,0.437885792,1.00591716,80.4484952,71.2490441,0.438052409,0.292361291,68.4010593,2,0.160141313,0.071414342,0.223671073,0.0209431383,0.0423250411,0.14499998,0.0267745011
2240,0.437482695,1.0295858,80.9965758,71.4915564,0.439133357,0.296323552,69.4334755,2,0.163930569,0.0743389049,0.208063171,0.0024699109,0.043875016,0.113040844,0.101097319
2241,0.435166773,1.01183432,81.5772693,71.7465647,0.439323025,0.301545712,70.0545259,2,0.167915073,0.0754404771,0.225540591,0.0157599785,0.0464470086,0.07940038,0.0267508571
2242,0.435103583,1,82.167829,71.9749984,0.438846771,0.298860505,69.4701392,2,0.174497329,0.065489096,0.225215965,0.00907752066,0.0415067372,0.0940315464,0.0238328216
2243,0.435325796,0.99408284,82.7759852,72.1828582,0.437511071,0.29588325,68.8907525,2,0.183999769,0.0757607565,0.211298631,0.0322962572,0.0329472236,0.129916272,0.0686959382
2244,0.435731973,0.98816568,83.3692368,72.3993513,0.436986128,0.294473055,67.8619791,2,0.162489864,0.0701011138,0.215090959,0.0171040757,0.0433800697,0.120795474,0.0277470524
2245,0.434797196,1.02366864,83.9584558,72.6363397,0.436296186,0.297020871,66.0953448,2,0.171225872,0.0734651914,0.20560547,0.0190244612,0.0436106518,0.105339611,0.0914648196
2246,0.434688149,1.00591716,84.5295845,72.8985989,0.436015745,0.2960657,66.2821673,2,0.164524758,0.071586186,0.225041808,0.00396543327,0.0421982805,0.080104906,0.0366367648
2247,0.435499344,0.99408284,85.0974169,73.1197818,0.436328964,0.291752725,66.8518806,2,0.173397139,0.0632469097,0.221966368,0.023004969,0.0348698564,0.102534615,0.0233431757
2248,0.437437415,0.99408284,85.655528,73.3536656,0.437377408,0.294181337,68.3500745,2,0.161776025,0.074448923,0.214029745,0.0241359733,0.0449728188,0.133319173,0.0590300896
2249,0.436370996,1.01183432,86.2132507,73.6015986,0.438425891,0.29735016,69.0140581,2,0.165649978,0.0719048785,0.209285421,0.0187096714,0.0440055267,0.101143904,0.0546916867
2250,0.435043932,1.02366864,86.7977226,73.8360183,0.438849654,0.298720162,68.9930616,2,0.168714415,0.0789336132,0.226367813,0.0174357747,0.0456356478,0.0992094399,0.0310465326
2251,0.436340613,1.01183432,87.3735169,74.0551995,0.438916708,0.294428055,68.992743,2,0.177711201,0.0695443922,0.227945221,0.013262784,0.046997171,0.124413575,0.0446223933
2252,0.436362223,1.0295858,87.9639444,74.2541515,0.438216711,0.29549709,68.394964,2,0.160221117,0.0722515135,0.204569626,0.0116163645,0.0514636042,0.137902599,0.0663825798
2253,0.436570846,0.98816568,88.5565043,74.4868005,0.438076873,0.294985305,67.2902276,2,0.164945379,0.0737076804,0.214282756,0.0134899571,0.0500110693,0.119434026,0.0395009433
2254,0.43457368,1.01775148,89.1432175,74.7457608,0.437204824,0.300960572,66.0991483,2,0.167902513,0.0715151494,0.205146833,0.0151339472,0.0467060858,0.104203221,0.0555320095
2255,0.434737196,1.01183432,89.7349465,74.9976972,0.436571707,0.29530807,65.9191802,2,0.167733539,0.0768697902,0.224339429,0.0119494729,0.0466230978,0.115973502,0.0389826407
2256,0.435655992,0.982248521,90.3041288,75.2253911,0.436636363,0.291206947,67.4233401,2,0.161002012,0.067655701,0.221440016,0.0270146192,0.0421820843,0.129993485,0.0200482313
2257,0.436703397,1.02366864,90.859057,75.4676073,0.437429215,0.293186511,68.490754,2,0.163556364,0.0745265772,0.205632781,0.0183067633,0.036676125,0.132076579,0.0707424944
2258,0.435221811,0.98816568,91.4298402,75.7194105,0.43814446,0.294458633,69.0023034,2,0.167490789,0.0718433915,0.216971937,0.013910316,0.0418217799,0.0765829571,0.0457783556
2259,0.434916519,1.01775148,92.0142386,75.9480251,0.43820247,0.289539047,69.2562245,2,0.172097479,0.0736713576,0.200740661,0.0148474621,0.0562562339,0.0982014819,0.0356220312
2260,0.436208211,1.00591716,92.5964654,76.1593469,0.437845681,0.289140407,69.1273304,2,0.181194771,0.0732198325,0.219990196,0.0205112813,0.0314051731,0.149046543,0.0383405864
2261,0.435971514,1.01775148,93.1735624,76.3673618,0.437545763,0.289784859,68.4832955,2,0.161990029,0.0689686742,0.211549318,0.0153519228,0.029700119,0.10979767,0.0445536375
2262,0.43510525,1.00591716,93.7593884,76.6047608,0.437334902,0.294429587,67.6657085,2,0.168115444,0.0743502401,0.213858508,0.0235459667,0.0351723336,0.126366117,0.0373410216
2263,0.434455655,1.01183432,94.339329,76.8530311,0.436363564,0.302978707,66.9184096,2,0.161552016,0.0683770435,0.222159911,0.00626132994,0.0300366598,0.077283172,0.0372322442
2264,0.434902342,1.00591716,94.9313114,77.0848199,0.435794633,0.297604858,66.8516232,2,0.170801741,0.0741781927,0.206533117,0.0283487454,0.0450218387,0.104334076,0.0523972522
2265,0.437396544,0.98816568,95.4930034,77.3232525,0.43643692,0.295798065,68.5589848,2,0.163953178,0.0712261395,0.220043979,0.0244905752,0.0464358337,0.139208861,0.0376485982
2266,0.437779683,1.00591716,96.0360707,77.5603462,0.438295144,0.296808273,68.9805648,2,0.16500541,0.0735556272,0.207619944,0.00607453252,0.0439326688,0.0998790004,0.0975446743
2267,0.436087675,1,96.6154014,77.8005472,0.439109388,0.295464143,69.1406718,2,0.168758551,0.0755585568,0.226744521,0.0157405495,0.0458349664,0.0759490419,0.0210996839
2268,0.43668025,0.99408284,97.1863259,78.0189716,0.439790559,0.293144408,69.2600028,2,0.174786342,0.0655992999,0.23001457,0.0107217377,0.0533330673,0.111302838,0.0365302023
2269,0.436649775,1.01183432,97.7805545,78.2249054,0.43897156,0.294767912,68.8287025,2,0.159764148,0.076529184,0.210956534,0.0270835481,0.0399477084,0.128337432,0.0699307957
2270,0.436107157,0.99408284,98.3660902,78.4545595,0.438963115,0.29503681,68.3462975,2,0.163352492,0.0719335541,0.215269462,0.0109659547,0.0475797962,0.115598826,0.0312120004
2271,0.434227926,1.04142012,98.95587,78.7012096,0.437901586,0.300693852,67.3474047,2,0.171185469,0.0753978768,0.208535732,0.0168623709,0.0427647344,0.104855537,0.0816413226
2272,0.433813479,0.99408284,99.5562441,78.9478711,0.435962164,0.301864833,66.5977672,2,0.164941315,0.0722773419,0.226219977,0.00916372485,0.045340047,0.0958123902,0.0479506557
2273,0.433986102,0.976331361,100.144754,79.1666187,0.434991227,0.298315023,66.658995,2,0.158853417,0.0637670176,0.221579659,0.0289532027,0.034647204,0.108672752,0.0189549842
2274,0.437102146,1,100.709086,79.4087675,0.435850163,0.292587716,67.6842598,2,0.162636993,0.0729724311,0.208493855,0.0277575737,0.0419411299,0.130994097,0.053545884
2275,0.436915766,1,101.266646,79.6504103,0.437478293,0.29106391,67.7173788,2,0.166412662,0.0706169781,0.208174161,0.0176641357,0.0412413461,0.0972544756,0.0610920951
2276,0.4361043,1.01183432,101.836254,79.8857447,0.438846867,0.289297818,68.4892161,2,0.169316472,0.0797900329,0.225661268,0.0150755818,0.0478768526,0.0959240835,0.0370970406
2277,0.437388328,1.01775148,102.402664,80.0980546,0.4393169,0.289509585,68.750877,2,0.178166621,0.0705743452,0.227179439,0.0137306613,0.0454349234,0.134282413,0.0379938044
2278,0.437144039,1.02366864,102.977654,80.3025054,0.439400407,0.292665684,68.475041,2,0.160976647,0.0734042154,0.205499003,0.00621571946,0.0490413049,0.134220124,0.0793791753
2279,0.436204761,0.99408284,103.562952,80.5439452,0.439529013,0.296510387,68.2276292,2,0.16504613,0.0750079747,0.216299282,0.00929934841,0.0521903761,0.111422214,0.0363256062
2280,0.43381915,1.01775148,104.161586,80.8039223,0.437809394,0.302720459,67.6055295,2,0.174399789,0.0705966533,0.207635324,0.0148635435,0.0415851736,0.107995456,0.063128762
2281,0.43364985,1,104.776576,81.0369691,0.435924502,0.300412414,66.4371815,2,0.168384007,0.0771138846,0.221732679,0.0216827009,0.0398175151,0.130245516,0.0286138392
2282,0.435107216,1,105.354263,81.2736046,0.435537536,0.293054645,67.7779205,2,0.161785367,0.067624293,0.218537357,0.0295199403,0.0418553497,0.132391865,0.0217166346
2283,0.436933215,1.01775148,105.912024,81.5059615,0.436596645,0.288973083,68.1806126,2,0.164155648,0.0731402285,0.203358766,0.0164159088,0.0355267867,0.121914923,0.0876753212
2284,0.436039391,0.964497041,106.477754,81.7467105,0.437871286,0.288120787,68.4756318,2,0.167917351,0.0719513903,0.218208043,0.0125853786,0.0384655601,0.0715978092,0.036679196
2285,0.436072983,1.01183432,107.045454,81.9727329,0.438634651,0.286430923,69.2971912,2,0.172585222,0.065455768,0.212238849,0.011562768,0.0298456574,0.101579803,0.0532284394
2286,0.436910241,1.01775148,107.621616,82.1797742,0.438567415,0.291131999,69.3275522,2,0.181587756,0.0749948058,0.220448365,0.0190139755,0.0320602492,0.147081048,0.0435117532
2287,0.435987143,1.01183432,108.197283,82.3926034,0.438714775,0.292932903,68.931906,2,0.162384427,0.070758206,0.213147119,0.0164950382,0.0333412889,0.10941622,0.0411063492
2288,0.434654079,1.02366864,108.786492,82.6334026,0.438196747,0.297735079,68.5579253,2,0.168538935,0.0755816097,0.214729884,0.0232737745,0.0337077448,0.125738467,0.0386177026
2289,0.433595624,0.98816568,109.382416,82.8775927,0.436408496,0.304401833,67.6157101,2,0.177850251,0.0688489732,0.224165677,0.00413512887,0.0342643661,0.077802375,0.0312529742
2290,0.433801946,0.99408284,109.987322,83.1007321,0.435010746,0.29984234,67.2681388,2,0.157823938,0.067769108,0.204149101,0.0135995138,0.0574913002,0.131153929,0.0460955338
2291,0.436880512,0.99408284,110.556874,83.3356074,0.435459237,0.291861003,68.3341252,2,0.164951152,0.0706435673,0.215751063,0.0279746837,0.0449088893,0.138864664,0.0482726394
2292,0.437781841,1.00591716,111.10303,83.5655519,0.437214903,0.291208239,68.4213502,2,0.165086749,0.0714967269,0.205707634,0.0116648494,0.041844194,0.101309354,0.0800103838
2293,0.436265698,0.99408284,111.670479,83.804271,0.438662169,0.29106476,68.9565411,2,0.168816734,0.0758039761,0.226511131,0.0168199327,0.0460782168,0.0809030769,0.0236818107
2294,0.437168258,1.01183432,112.233888,84.0201399,0.439514447,0.291224265,69.2087659,2,0.175529495,0.0666836907,0.230457419,0.00787042974,0.0519570129,0.109731033,0.0370203183
2295,0.437065147,1.01183432,112.815887,84.2171881,0.43954507,0.297807232,68.9665318,2,0.159643564,0.0772852059,0.211545928,0.024423814,0.0439949132,0.12290385,0.0663574797
2296,0.436569231,0.98816568,113.400771,84.4454581,0.439613652,0.300998894,68.6612011,2,0.163210282,0.0732614543,0.218590333,0.00966891106,0.050309044,0.118777728,0.0315056853
2297,0.434232429,1.02366864,113.991339,84.6930101,0.438547252,0.306831723,67.5867471,2,0.171739668,0.0756547261,0.208737114,0.0138186358,0.0489764278,0.0973598069,0.0866835564
2298,0.433545337,0.99408284,114.602834,84.9397159,0.436471923,0.304486147,66.6376988,2,0.165669283,0.073984947,0.22709079,0.00859322124,0.0471969481,0.0963984328,0.0456030061
2299,0.434684184,0.982248521,115.19281,85.1630678,0.435724163,0.294978098,67.1166406,2,0.159262664,0.0639844008,0.221782467,0.032206102,0.040808678,0.120401248,0.0228217519
2300,0.437059023,1,115.766294,85.4022325,0.436264714,0.287237302,67.9584861,2,0.162534883,0.0729224931,0.204358638,0.0287139521,0.0382248289,0.132545194,0.0562772683
2301,0.437011066,1.01183432,116.331663,85.6436602,0.437398617,0.287823931,68.1130636,2,0.166307191,0.070600021,0.208920524,0.0139127783,0.0419194856,0.0927363539,0.0597350343
2302,0.43560278,1.0295858,116.901757,85.8797637,0.438587199,0.287103664,68.9076756,2,0.17033996,0.079894829,0.220358447,0.0159265467,0.033148516,0.111798459,0.0298780259
2303,0.436964748,1.00591716,117.470971,86.0909151,0.439043365,0.289616938,69.0157779,2,0.179233928,0.0721854494,0.225735474,0.0135488943,0.0414928541,0.133525281,0.0441490082
2304,0.43671752,1.02366864,118.0458,86.2866767,0.439077872,0.293748357,68.8723824,2,0.160729323,0.0716193038,0.208510595,0.00580184947,0.0405790435,0.123290474,0.0739331611
2305,0.436006535,1.01183432,118.638618,86.5179944,0.438907688,0.297878998,68.2737324,2,0.166228404,0.0753531622,0.214183819,0.0174279283,0.0476804471,0.119838787,0.036035131
2306,0.433978898,1.01183432,119.232007,86.7782793,0.43743481,0.303629384,67.5169564,2,0.175500115,0.0700661957,0.210830607,0.0138950521,0.0373097006,0.0981313291,0.0681202662
2307,0.434326832,1.02366864,119.836121,87.0091862,0.436558103,0.295093288,66.6048166,2,0.169314389,0.0789190034,0.222322213,0.0145834574,0.0480824428,0.121963944,0.0314897445
2308,0.436151859,0.99408284,120.408696,87.242783,0.43659769,0.28726601,68.4215628,2,0.162635876,0.0685996371,0.218940366,0.0251874502,0.0410233645,0.142837082,0.0226792515
2309,0.437072217,1.0295858,120.965513,87.4760053,0.437220905,0.286839437,69.1118271,2,0.163687582,0.0729074382,0.202657604,0.00839630524,0.0399823973,0.118505964,0.097285601
2310,0.435413477,0.98816568,121.541488,87.7164243,0.437851931,0.289104153,69.1703249,2,0.16744413,0.0732226244,0.219394551,0.0141439505,0.0428120577,0.0780106901,0.0315078693
2311,0.435555305,1.02366864,122.110091,87.9482977,0.438333385,0.28927947,69.6847303,2,0.173595177,0.0656901671,0.215925598,0.0117313125,0.0286461752,0.0918995883,0.0455100115
2312,0.435803425,0.99408284,122.696133,88.1500203,0.438000396,0.293930578,69.1857046,2,0.182752071,0.0761107715,0.219298442,0.021948868,0.0284227792,0.140857316,0.0476127746
2313,0.435544342,1.00591716,123.28081,88.3568846,0.437540512,0.296462075,68.5890776,2,0.161826322,0.06989175,0.217611833,0.0168982389,0.0368920245,0.114911376,0.0232778747
2314,0.434495288,1.01183432,123.871929,88.5922177,0.436995539,0.300004586,67.3377526,2,0.169873896,0.0743347029,0.209805652,0.0228018052,0.0357226056,0.124151986,0.0690972016
2315,0.434046727,0.98816568,124.452059,88.8450145,0.43618602,0.301571731,66.8227638,2,0.163313423,0.0700092456,0.223866852,0.00523249373,0.0362395775,0.0732093702,0.0311566947
2316,0.435297113,0.98816568,125.034172,89.0701612,0.436107101,0.292014857,67.1858201,2,0.157346269,0.0619353721,0.216236574,0.0142436136,0.0326515707,0.103384069,0.0407815544
2317,0.437329647,1.00591716,125.6019,89.2996784,0.436634651,0.289147642,68.7738405,2,0.160932475,0.0721187484,0.216009117,0.0254459373,0.0405376236,0.142216684,0.0553795819
2318,0.437370892,1,126.157358,89.5314273,0.43786252,0.291280625,69.1951173,2,0.164553551,0.071350432,0.208097274,0.0144558031,0.0388408815,0.105815206,0.0638131359
2319,0.435325491,1,126.735637,89.7714101,0.438423594,0.296747733,69.3366806,2,0.168303282,0.0767488477,0.225769918,0.0192423929,0.0429653701,0.0975623919,0.029223018
2320,0.436245947,1,127.305555,89.9974136,0.438678479,0.298412609,69.423033,2,0.176649293,0.0682589766,0.230183573,0.00770781646,0.0462063282,0.10301622,0.0405980708
2321,0.436160363,1.01183432,127.895954,90.1885963,0.438372797,0.303117039,68.9556217,2,0.159196817,0.0753638887,0.208231197,0.025279826,0.0522596367,0.121433732,0.0485801525
2322,0.437011943,0.98816568,0.488616971,90.4086243,0.438208038,0.302945171,68.0161281,2,0.16388464,0.0732045823,0.218773203,0.0175971434,0.0492233609,0.128180093,0.037977587
2323,0.435215392,1.00591716,1.07078279,90.661369,0.437737993,0.304990205,66.7095209,2,0.172980981,0.0733808969,0.206117563,0.0127538938,0.0517804128,0.0961523325,0.0777253248
2324,0.435085665,1.00591716,1.65995425,90.9132004,0.437332478,0.29659825,66.5996661,2,0.166561785,0.0754405244,0.226434583,0.0026793185,0.0495526452,0.088908221,0.0355558338
2325,0.436250061,1,2.2296507,91.1337038,0.437641447,0.290469804,67.4262214,2,0.159838292,0.0651388818,0.225170948,0.0257714296,0.0492366478,0.128829534,0.026666557
2326,0.437325032,1.02366864,2.79687445,91.3676942,0.43814326,0.290748172,68.4422124,2,0.161995222,0.0746982422,0.206229199,0.0239529025,0.0424868005,0.133993663,0.0580334646
2327,0.436172349,1,3.37361661,91.6125114,0.438598341,0.29292127,68.916206,2,0.165820491,0.0718555253,0.212847176,0.0123624976,0.0481415418,0.0947267013,0.0511192073
2328,0.434525145,1.04142012,3.95692447,91.8577684,0.438128748,0.296252763,68.9740291,2,0.171201945,0.0779617408,0.212724954,0.0160511082,0.0344751186,0.107569048,0.0545084538
2329,0.435252883,1.01775148,4.5462171,92.0798616,0.437481885,0.295040461,68.888968,2,0.180409642,0.0726440213,0.225000756,0.0171456251,0.0379665864,0.135029566,0.045733616
2330,0.43535402,0.99408284,5.12954249,92.2720387,0.43687459,0.298437566,68.2828691,2,0.160500605,0.0678731213,0.215386459,0.0157304946,0.0278068961,0.109414219,0.0385992303
2331,0.435850056,0.964497041,5.72608467,92.499008,0.436408067,0.297310426,66.9243157,2,0.167595073,0.0734946796,0.210978333,0.0252895807,0.0388863652,0.128892518,0.0413336012
2332,0.435393902,0.982248521,6.28578915,92.7617209,0.437072083,0.299227829,66.3745292,2,0.168151889,0.0695340482,0.213765625,0.0139257899,0.0347712094,0.0889665684,0.0658171294
2333,0.436177789,1.01775148,6.86509172,92.9971837,0.437534295,0.290638459,67.0305271,2,0.169767058,0.0800130893,0.225417224,0.0097445948,0.0508666497,0.114273475,0.0347562829
2334,0.437610314,1.00591716,7.43141894,93.2171908,0.4380089,0.290796365,68.4083286,2,0.162990921,0.0704659094,0.22409863,0.0209098584,0.0414327426,0.146189847,0.0232322374
2335,0.437644375,1.0295858,7.98388072,93.4535573,0.438880754,0.294090407,69.3283486,2,0.163336833,0.074024088,0.207021193,0.00435022713,0.0434943686,0.120265919,0.0983259786
2336,0.435338389,0.99408284,8.56475051,93.7053366,0.439156018,0.299637113,69.8467697,2,0.167270885,0.0748278771,0.223219983,0.0153948867,0.0473374714,0.0844950344,0.0310784091
2337,0.434872128,1.01775148,9.1522796,93.9431472,0.438468391,0.301071967,69.4012739,2,0.174254369,0.0662233155,0.220820842,0.00764990657,0.0306950136,0.0901330065,0.0362058257
2338,0.434939217,1,9.75976601,94.1530837,0.437133459,0.299622821,68.7795036,2,0.183746344,0.0761008367,0.215543566,0.0312512292,0.028184774,0.134052598,0.05971361
2339,0.435413759,0.98816568,10.354696,94.3612006,0.436499482,0.298777381,67.7123968,2,0.161893759,0.0695299447,0.217745017,0.0204499813,0.0409710649,0.123217352,0.0246236967
2340,0.434996069,1.00591716,10.9434739,94.5995238,0.435933274,0.297551581,65.9378846,2,0.17099178,0.0728865493,0.205902861,0.0198546,0.0422232779,0.110628771,0.0914167306
2341,0.435179959,1,11.5025637,94.8622694,0.436464988,0.29579275,66.4055134,2,0.169722959,0.0711466612,0.224281155,0.00489770492,0.0384865692,0.073227752,0.0304860073
2342,0.435980245,1,12.0705378,95.0849178,0.436868464,0.291108443,67.1238291,2,0.172977152,0.0621933824,0.22316779,0.0209368317,0.0359184484,0.101016071,0.025649944
2343,0.43774452,0.98816568,12.6304438,95.311968,0.437732435,0.294049041,68.5506649,2,0.1611245,0.0743467901,0.216716544,0.0232669276,0.0427555561,0.138356293,0.0590956161
2344,0.436481268,1.00591716,13.1900465,95.5561859,0.438660601,0.29740088,69.3026689,2,0.164940405,0.0721276483,0.210214163,0.0168545232,0.0425974287,0.103770439,0.0564247565
2345,0.434643742,1.01183432,13.7737356,95.7989267,0.438699526,0.303135248,69.4797823,2,0.168339618,0.0781270613,0.227023865,0.0192589779,0.0439415063,0.101903578,0.0304382571
2346,0.435629349,0.98816568,14.3565982,96.0243969,0.438315742,0.300437071,69.2770805,2,0.177446847,0.0690437131,0.229272882,0.0130106702,0.04702692,0.114749768,0.0459679607
2347,0.435774146,1.01775148,14.9524806,96.2195498,0.43747893,0.300987656,68.613595,2,0.159680466,0.0721433861,0.20528755,0.0172529354,0.0541480793,0.1367035,0.0550543391
2348,0.436697747,0.982248521,15.5486688,96.4446881,0.437274456,0.298558229,67.2081234,2,0.164822951,0.0730728722,0.215008882,0.0193518984,0.0489789739,0.124929623,0.0421846876
2349,0.435443321,0.99408284,16.1228448,96.7031205,0.43732431,0.300162459,65.9965544,2,0.167236258,0.072096245,0.20454252,0.0146169674,0.0488874572,0.10035798,0.0581406685
2350,0.435436325,1.00591716,16.7042468,96.959976,0.437293183,0.293435929,66.2971305,2,0.167253856,0.0764800238,0.225863661,0.00403556513,0.0494443072,0.101984691,0.0404949186
2351,0.436233279,1,17.2723568,97.1808109,0.43747038,0.290475017,67.411885,2,0.160505574,0.0671144743,0.223916638,0.0253311824,0.0453808119,0.129653787,0.0204200349
2352,0.437008139,1.03550296,17.8310391,97.4200349,0.438181406,0.293790949,68.5376458,2,0.162813045,0.0752522804,0.206517043,0.0202649959,0.0408104938,0.135630653,0.0611887195
2353,0.435247027,0.99408284,18.4050449,97.6758109,0.438650352,0.296906171,69.2515343,2,0.166809545,0.0721822311,0.215643836,0.0136315158,0.0468008034,0.0844976648,0.0509309092
2354,0.434339954,1.01775148,18.9954908,97.9132991,0.438059063,0.295337129,69.0745947,2,0.171804544,0.0768245292,0.206088407,0.0169856958,0.0476178097,0.0939965865,0.0587136259
2355,0.43537651,1,19.5869922,98.1293674,0.437415405,0.291156646,68.8333927,2,0.181046753,0.0728696189,0.221137198,0.0211563913,0.0320457015,0.146789764,0.0372983528
2356,0.435678051,1.02366864,20.1679073,98.330415,0.436865566,0.291987105,68.0061832,2,0.161412734,0.0680502281,0.212718973,0.0160961797,0.027311275,0.109685224,0.0389819778
2357,0.435205098,1.00591716,20.760589,98.5643149,0.43642292,0.293872897,66.7172487,2,0.168134202,0.0734458182,0.211439785,0.0248767112,0.0343192955,0.128797692,0.0405732428
2358,0.43519627,1.00591716,21.3235987,98.8233435,0.436516475,0.299057306,66.1767905,2,0.169114743,0.0685158041,0.218679006,0.00872071026,0.0288850751,0.0788173534,0.0483127435
2359,0.436033705,0.99408284,21.9004044,99.0598299,0.436836586,0.292936186,66.7989664,2,0.170318819,0.0774646354,0.213640935,0.0252002367,0.0305795699,0.116580322,0.0519139405
2360,0.437864249,0.99408284,22.4622529,99.2903715,0.437541301,0.294029427,68.3701015,2,0.160787055,0.0716651841,0.221962287,0.0220627758,0.0445794182,0.141569142,0.0316801181
2361,0.43746257,1.0295858,23.0070831,99.5365513,0.438908726,0.29782176,69.3504274,2,0.164633615,0.0744571244,0.208283283,0.00331924535,0.0437974368,0.105255087,0.101367077
2362,0.435535669,1.00591716,23.5870802,99.785031,0.43937564,0.299208003,69.7191351,2,0.16851611,0.07566447,0.226505603,0.0154994632,0.045234312,0.0753756098,0.0223704362
2363,0.435854296,1.00591716,24.1718985,100.00459,0.43945333,0.294485261,69.3382634,2,0.174560915,0.0652525327,0.227844267,0.0112177572,0.0502562818,0.10621362,0.0326237516
2364,0.435999263,0.98816568,24.773863,100.2133,0.438304735,0.292971707,68.8775381,2,0.183966609,0.0759698791,0.209645091,0.0296688609,0.0370098745,0.129620929,0.0706036214
2365,0.435967488,0.982248521,25.3629323,100.438422,0.438016484,0.29163753,68.0890551,2,0.163100342,0.0710082404,0.213452218,0.0127273664,0.045253988,0.116468037,0.0298745164
2366,0.434311129,1.0295858,25.9530542,100.681061,0.437025661,0.296706425,66.8063961,2,0.171141472,0.0744586257,0.206660186,0.0179027224,0.0419499221,0.10515505,0.0844947428
2367,0.434057536,1,26.5413387,100.931376,0.435693863,0.298537912,66.2362887,2,0.164708418,0.0716365235,0.225288755,0.0067231119,0.0443549435,0.088645216,0.0442842476
2368,0.434397416,0.982248521,27.1185053,101.153528,0.435271016,0.294716714,66.5131665,2,0.158648873,0.0636786183,0.220687007,0.025268628,0.0328528795,0.10410412,0.0208298804
2369,0.437161135,1,27.675914,101.395518,0.436258376,0.293895724,67.9987636,2,0.162429968,0.0734798432,0.211198095,0.0253681237,0.0450329196,0.130660284,0.0542426209
2370,0.436578465,1.01775148,28.229329,101.639544,0.437877903,0.294225639,68.180174,2,0.166242875,0.071204405,0.208285932,0.0194481995,0.0430529909,0.0990190253,0.0578100733
2371,0.435894277,1.02366864,28.806238,101.871705,0.438996024,0.292122101,68.558387,2,0.168847468,0.0793747985,0.226312542,0.0157113588,0.0493540523,0.0935943114,0.0340964765
2372,0.437127225,1.01183432,29.3739265,102.086719,0.439299658,0.290160644,68.7620544,2,0.177717602,0.0697047162,0.227778449,0.0137049876,0.0470133921,0.131738257,0.038164008
2373,0.437099567,1.02366864,29.9547869,102.291163,0.439083426,0.292481516,68.252811,2,0.160799427,0.0734009255,0.204697084,0.00975809068,0.0504413435,0.137278233,0.0720346815
2374,0.436360647,1,30.5406128,102.532219,0.43916618,0.294592985,67.7829823,2,0.164697075,0.0743745335,0.215817801,0.00702683542,0.0522129776,0.112032838,0.0374348532
2375,0.433937498,1.02366864,31.1368681,102.793917,0.43757696,0.301262941,67.1041733,2,0.174013564,0.0711571444,0.205781069,0.0153965517,0.0455418633,0.108258837,0.0562568547
2376,0.433932198,1.00591716,31.7464228,103.031386,0.435953815,0.299526011,66.138757,2,0.167912857,0.0765958181,0.222719318,0.0200471443,0.0409153462,0.127842708,0.0322752846
2377,0.434934564,1,32.3223289,103.266821,0.435590142,0.294075744,67.4676693,2,0.161286389,0.0674293594,0.219413743,0.0300010288,0.0412982015,0.128094874,0.0214688655
2378,0.436868119,1.02366864,32.8791621,103.501672,0.436725361,0.290810498,68.0518868,2,0.164088624,0.0735470532,0.204476318,0.018761314,0.0339844573,0.126749671,0.0779892271
2379,0.435908405,0.970414201,33.4459286,103.745082,0.437870992,0.289211603,68.2935499,2,0.167891913,0.0714354827,0.217155673,0.0127007674,0.0382749936,0.0723850667,0.0414689031
2380,0.435895979,1.01775148,34.0155801,103.973242,0.438495613,0.286196905,69.1727149,2,0.172118439,0.0707928213,0.201752641,0.0138196959,0.0518255653,0.113653095,0.0357720264
2381,0.437006133,1.01183432,34.5894418,104.181904,0.438516634,0.289885704,69.3258017,2,0.181085027,0.0739914787,0.220967679,0.0185297974,0.0335803983,0.149223813,0.0396073466
2382,0.436232835,1.01775148,35.1628574,104.395552,0.438654628,0.291096955,68.9231549,2,0.162430493,0.0705625086,0.211337399,0.0152925214,0.0327193868,0.109958677,0.0528825185
2383,0.434998604,1.01183432,35.7481537,104.637221,0.438318354,0.296483467,68.6384469,2,0.167939901,0.0753814119,0.216490831,0.0225944534,0.0372572048,0.122067857,0.0334260219
2384,0.433998493,1,36.3410621,104.882769,0.436699408,0.304083816,67.8206039,2,0.177204095,0.0683476358,0.223795418,0.00443167944,0.0324646797,0.0795265242,0.0307851255
2385,0.433566203,0.98816568,36.9520087,105.105712,0.434967204,0.302842613,67.2671011,2,0.157901751,0.0713663683,0.204147609,0.0264360321,0.0559955947,0.117262617,0.0350608135
2386,0.436803576,0.982248521,37.5206522,105.342294,0.435392911,0.295386203,68.2431617,2,0.164385191,0.070429619,0.217411624,0.0274647345,0.0462835581,0.137600513,0.0426253437
2387,0.437856335,1,38.0658105,105.571167,0.437413683,0.292825511,68.2936092,2,0.165174485,0.0721923993,0.205734037,0.00909895934,0.043639529,0.0990685439,0.090933047
2388,0.436458528,0.99408284,38.6340443,105.812844,0.438742055,0.291435994,68.8262348,2,0.16895069,0.0752669572,0.226480039,0.0155931035,0.0458119119,0.0762304556,0.021367934
2389,0.437214786,1,39.1967186,106.02794,0.439686477,0.291552354,69.1284404,2,0.174948727,0.0656969816,0.230965067,0.0102670388,0.0546928449,0.113198522,0.0380459702
2390,0.437156884,1.01775148,39.7798593,106.231669,0.439438903,0.296510693,68.9323552,2,0.159869832,0.0770613732,0.212729115,0.0247679026,0.0415514109,0.127107713,0.0691997513
2391,0.436242997,1,40.3617045,106.462548,0.439658053,0.299333885,68.7453708,2,0.163477308,0.0727526347,0.217335387,0.0104285069,0.0491794572,0.114635007,0.0314485162
2392,0.434183135,1.0295858,40.9520747,106.710867,0.438620642,0.304951663,67.9155534,2,0.171126167,0.0762893825,0.210639578,0.0164076432,0.0428415547,0.106333796,0.0785734206
2393,0.433563022,0.98816568,41.562059,106.954747,0.436264312,0.305452159,67.0107187,2,0.165032171,0.0727735156,0.227174549,0.0106778719,0.045985662,0.099911834,0.0497181223
2394,0.433880039,0.976331361,42.1594123,107.172272,0.434949426,0.301239069,66.9744974,2,0.158941756,0.0638010405,0.221863611,0.0315019524,0.0355635094,0.112269237,0.0187849538
2395,0.43709841,0.99408284,42.7342239,107.411645,0.435590927,0.289412783,67.4270171,2,0.162681948,0.0724494797,0.205864296,0.0297302145,0.0388217981,0.131731673,0.0544106911
2396,0.437354275,1,43.2900094,107.653376,0.437373263,0.288023836,67.6140045,2,0.166458995,0.0704562812,0.207818899,0.0158143404,0.0396375035,0.0954562902,0.0625080476
2397,0.436138435,1.01775148,43.8590303,107.889362,0.43874233,0.28667687,68.4250978,2,0.169672349,0.0800287951,0.224361961,0.0149031562,0.0444223882,0.0992689862,0.0372923891
2398,0.437450267,1.01183432,44.4237408,108.099914,0.439417485,0.289287823,68.6986037,2,0.178495949,0.071396967,0.22659106,0.0136075597,0.0444220269,0.134446182,0.0394598928
2399,0.436991574,1.01775148,44.9964584,108.302392,0.43966963,0.293226201,68.6154738,2,0.16097487,0.0734169931,0.206036157,0.00461344348,0.047857526,0.130934825,0.0816377808
2400,0.435970446,1.00591716,45.5837753,108.543994,0.439651416,0.297602811,68.519625,2,0.165371489,0.0754248299,0.21580137,0.0115649635,0.0518167779,0.112443772,0.0355268053
2401,0.433699733,1.01775148,46.1830202,108.80028,0.437939924,0.30324862,67.7658572,2,0.17473469,0.0704110239,0.208392203,0.0146511972,0.039458029,0.105188515,0.06633269
2402,0.433533065,1.01183432,46.8000642,109.033963,0.435888052,0.299492555,66.5740962,2,0.156780673,0.0774781569,0.220639348,0.021445479,0.0407227664,0.129929391,0.0275487105
2403,0.435216426,1.00591716,47.3774858,109.269786,0.435557433,0.290964008,68.0197564,2,0.162148216,0.0676214,0.217791124,0.0284779898,0.0419454375,0.136214146,0.0222084632
2404,0.436860715,1.02366864,47.9353708,109.501743,0.436429526,0.28714888,68.3710388,2,0.164089734,0.0726946375,0.202534727,0.01363352,0.0369544201,0.118920767,0.0931751506
2405,0.435981609,0.970414201,48.5011868,109.740594,0.437702137,0.287049757,68.6895501,2,0.167821776,0.0722466984,0.218679031,0.0131561102,0.0390725068,0.0723472752,0.034172473
2406,0.436117167,1.01775148,49.0677468,109.965967,0.438499396,0.286258956,69.4166875,2,0.172933544,0.0651906389,0.214649179,0.0118102249,0.0295635332,0.0951448373,0.0483185991
2407,0.436693695,0.99408284,49.6439548,110.169857,0.438524913,0.292483203,69.2827118,2,0.181936793,0.0756404014,0.220739874,0.0190347896,0.0309078122,0.145153143,0.0447211067
2408,0.435856619,1.00591716,50.221209,110.380334,0.438675425,0.294890365,68.9045476,2,0.162192718,0.0708215443,0.215172473,0.016719273,0.0339751869,0.109940583,0.0328670194
2409,0.434424375,1.02366864,50.8142984,110.619674,0.43802184,0.299227936,68.3205407,2,0.168973413,0.0755651993,0.213223818,0.0234628054,0.032431641,0.12739229,0.0464906557
2410,0.433529953,0.98816568,51.4096974,110.866386,0.436258906,0.304077265,67.3430833,2,0.178276522,0.0693169543,0.223872073,0.0040496266,0.0348934521,0.0764057635,0.0319876283
2411,0.434159834,1,52.0085538,111.089824,0.43527375,0.29706405,67.2337882,2,0.157653495,0.0651726165,0.20710945,0.00427578905,0.0496160546,0.127242201,0.056703569
2412,0.436877105,0.99408284,52.5798961,111.323842,0.435643419,0.289269914,68.531671,2,0.165310876,0.0708561262,0.214773624,0.0280354588,0.042901651,0.140136946,0.052165716
2413,0.437699636,1.01183432,53.1293275,111.553412,0.437156847,0.289419132,68.6626893,2,0.16489707,0.0711071333,0.205787364,0.0131347111,0.0398510258,0.103663036,0.0720353113
2414,0.435838347,1,53.6975998,111.7922,0.438491477,0.292111121,69.0755023,2,0.16862812,0.0761537556,0.226230443,0.0174853818,0.0451348604,0.0863602223,0.0265121886
2415,0.437093423,0.99408284,54.2602643,112.008471,0.439321266,0.29294841,69.2778834,2,0.17594163,0.0673961372,0.229996156,0.00661889853,0.0493825749,0.105605076,0.0374078302
2416,0.436850463,1.01775148,54.8443456,112.201735,0.439388663,0.299597177,68.9455296,2,0.159402102,0.0772028517,0.210608661,0.0246047225,0.0463271133,0.119854451,0.0624414148
2417,0.436823984,1.00591716,55.4322901,112.4256,0.439320816,0.302491749,68.4882573,2,0.163004532,0.0734906318,0.219316044,0.0114135074,0.050195253,0.123054478,0.0325538821
2418,0.434614378,1.01183432,56.0207656,112.675235,0.438439549,0.306866777,67.3059071,2,0.172199463,0.0749935026,0.207414278,0.0124606626,0.0514172567,0.0947473225,0.0870217003
2419,0.43395982,0.99408284,56.6276155,112.923281,0.436921154,0.301750007,66.502738,2,0.166056492,0.0748296543,0.2267354,0.00539616915,0.0482836278,0.0920381505,0.0405338293
2420,0.435369431,0.976331361,57.2100276,113.148509,0.436591352,0.291255155,67.2464543,2,0.159531681,0.0643458474,0.22241364,0.0303332253,0.0445813728,0.125485652,0.025376575
2421,0.436972419,1.01775148,57.7843134,113.388157,0.436937464,0.286595144,68.318412,2,0.162314952,0.0735272567,0.203811515,0.0270403656,0.039179924,0.133376451,0.0577315275
2422,0.436559118,1,58.3573411,113.630691,0.437612748,0.287992232,68.6406052,2,0.16610455,0.0709688151,0.209660051,0.0123209337,0.044351574,0.0924170954,0.0557352292
2423,0.434970709,1.0295858,58.9305969,113.869918,0.438202303,0.289520931,69.1360018,2,0.170790577,0.0789998826,0.215943403,0.0156033706,0.0280703078,0.113666875,0.037876962
2424,0.436263621,1.01775148,59.5074433,114.082439,0.438330354,0.290277336,69.1227836,2,0.179803801,0.0724776191,0.224688314,0.0142272434,0.0395237211,0.132443769,0.0464875264
2425,0.436053537,1.02366864,60.0845483,114.274549,0.438124208,0.295090827,68.8449456,2,0.160539823,0.0698342311,0.21146722,0.00998682718,0.0332485569,0.115133343,0.0581157391
2426,0.435819237,0.982248521,60.6799903,114.500284,0.437814519,0.297807865,67.8378709,2,0.166874848,0.0747482992,0.212523844,0.0215244227,0.0438542206,0.124418652,0.0385177342
2427,0.434542709,1,61.258926,114.761459,0.437159914,0.301869633,66.9455124,2,0.168147794,0.0698698214,0.211794321,0.0145569362,0.0370550336,0.0940727247,0.0677265112
2428,0.435206271,1.0295858,61.848712,114.99446,0.437122199,0.292406498,66.9248247,2,0.169511126,0.0796006594,0.224385684,0.00932775522,0.0517063861,0.11399301,0.036222354
2429,0.436812392,0.99408284,62.4194797,115.220617,0.437300548,0.287744564,68.5353724,2,0.16280437,0.0693034985,0.221419147,0.0225175707,0.0407730594,0.145341857,0.0222835505
2430,0.437329432,1.0295858,62.9753658,115.454432,0.437924964,0.289300449,69.4100299,2,0.163350505,0.0732596067,0.204347468,0.00608603848,0.0417790301,0.120828226,0.0969993394
2431,0.435315827,0.99408284,63.5556377,115.69958,0.438321043,0.293195634,69.6339543,2,0.167180935,0.0738903139,0.22061345,0.0146735216,0.045349887,0.0829412819,0.031306597
2432,0.435080987,1.01775148,64.132374,115.936188,0.438198754,0.295023249,69.6143848,2,0.173943344,0.0661998322,0.217107267,0.010448981,0.0274987976,0.092102813,0.0458739392
2433,0.435202383,0.99408284,64.7285189,116.139591,0.437493331,0.29723152,68.9369224,2,0.183258108,0.076249833,0.218657768,0.0257365344,0.0273412052,0.138208509,0.0496857862
2434,0.435445316,0.98816568,65.3185415,116.344024,0.436830098,0.298411957,68.1041465,2,0.161625382,0.0693938601,0.21889284,0.0190861861,0.0386009373,0.120198013,0.0220519479
2435,0.43474565,1.00591716,65.9081767,116.581699,0.436160365,0.300024903,66.6525761,2,0.170440261,0.0732308248,0.207946087,0.0215501409,0.03974821,0.118516478,0.082450264
2436,0.434758605,1,66.4728674,116.838581,0.436354392,0.298622905,66.6788525,2,0.16935283,0.0703997094,0.223890339,0.0061127871,0.0369828617,0.0717295478,0.0301274084
2437,0.435786559,0.99408284,67.0463934,117.062411,0.436613364,0.291027003,67.1919731,2,0.172599896,0.0610519388,0.221959913,0.0189962023,0.034014748,0.0994485762,0.0275944086
2438,0.437709372,1.00591716,67.6080243,117.287417,0.437403188,0.292144972,68.7549335,2,0.160740893,0.073235635,0.218008409,0.0235850735,0.040351718,0.14304366,0.0556643204
2439,0.437008446,1.00591716,68.1675579,117.523076,0.438411511,0.294618477,69.3676208,2,0.164423062,0.0717815147,0.210177645,0.0150868425,0.0397073777,0.106269378,0.0610052464
2440,0.435004044,1,68.7507744,117.767563,0.438447925,0.301833815,69.5500613,2,0.16798085,0.0771702581,0.226416188,0.0198468973,0.0425480917,0.102478781,0.0300251966
2441,0.43563765,1,69.3291743,117.99803,0.43825926,0.30278787,69.5060526,2,0.177018349,0.0686948634,0.23059861,0.0104008587,0.0454849734,0.104474191,0.042791392
2442,0.435738646,1.01183432,69.9252611,118.190949,0.437627102,0.305317602,68.963267,2,0.159233576,0.0737693786,0.206992516,0.0241183287,0.0550131049,0.128587708,0.0433483337
2443,0.437075917,0.98816568,70.5214937,118.410888,0.437407264,0.302723849,67.7068906,2,0.164398339,0.0729788365,0.217307167,0.0216531164,0.0485012134,0.128912552,0.0417978054
2444,0.435717383,0.99408284,71.0975555,118.663455,0.437505297,0.3027985,66.391477,2,0.166616482,0.07278386,0.205264661,0.0136219658,0.0502953795,0.0979258961,0.0699967461
2445,0.435489177,0.99408284,71.678346,118.919744,0.437559066,0.294814516,66.764387,2,0.166849157,0.0759035665,0.22646647,0.00207930407,0.0502891005,0.089909685,0.0353328256
2446,0.436449027,1.00591716,72.2457851,119.13816,0.437896538,0.290862526,67.5724411,2,0.160090392,0.0659615406,0.225752106,0.0242092598,0.0498400478,0.129653938,0.0251661823
2447,0.437335952,1.01775148,72.8091511,119.369705,0.438527567,0.293150086,68.536498,2,0.162026637,0.0752580716,0.206791566,0.0224121716,0.0437356285,0.134448791,0.0577686095
2448,0.435786981,1.00591716,73.3852624,119.618312,0.438941887,0.296359931,69.1251968,2,0.165911129,0.0722617557,0.214289994,0.0124586948,0.0498165762,0.0935503883,0.0503770453
2449,0.434264014,1.02366864,73.9729528,119.864236,0.438099733,0.299353454,68.9822059,2,0.171452388,0.0774870909,0.210658593,0.016364387,0.0401999786,0.101846809,0.0601633682
2450,0.434834149,1.01775148,74.5683203,120.087941,0.43710498,0.296059414,68.7847669,2,0.180755004,0.0727057562,0.224193289,0.0188495357,0.0363928923,0.138550916,0.0427950557
2451,0.435161905,0.99408284,75.1536382,120.280633,0.436418751,0.297928796,67.9053095,2,0.160634896,0.067290402,0.21599256,0.018061815,0.0269651155,0.108542342,0.0321263165
2452,0.43585142,0.964497041,75.7493309,120.509221,0.435954461,0.295282512,66.3892958,2,0.167958296,0.0730503116,0.210038417,0.0257102175,0.0359776776,0.130048531,0.0428839131
2453,0.4356126,0.98816568,76.3020362,120.775245,0.436981438,0.297526117,66.2301991,2,0.168363205,0.0693317444,0.215270747,0.013108318,0.0322060172,0.0849341741,0.062246184
2454,0.436449717,1.01183432,76.8777964,121.010197,0.437570253,0.290370354,67.0593633,2,0.169965569,0.0800737431,0.224223896,0.0130271774,0.0465316217,0.120322395,0.0281137361
2455,0.437842311,1.00591716,77.4424049,121.229972,0.43821336,0.292307942,68.4204461,2,0.159843306,0.0712158833,0.224496571,0.0207082062,0.0415712369,0.146119204,0.0248071581
2456,0.437581393,1.0295858,77.9928144,121.468865,0.439227729,0.295787061,69.3596786,2,0.163576019,0.0742579064,0.207841718,0.0029787635,0.0438142287,0.116730513,0.0999750182
2457,0.435231233,1,78.5749071,121.723511,0.439386178,0.301212561,69.978002,2,0.167554863,0.0753103348,0.224429113,0.0158176679,0.0471276299,0.082788619,0.0292477393
2458,0.434817856,1.00591716,79.1663076,121.959509,0.438562123,0.301473019,69.4501224,2,0.174473557,0.065786507,0.223649891,0.00763484412,0.0362713579,0.0902471751,0.0257247063
2459,0.434991526,1,79.7768051,122.168094,0.437128367,0.298214693,68.8337797,2,0.18401258,0.0757595629,0.212624356,0.0330845136,0.0309067763,0.130307043,0.0664236383
2460,0.435528603,0.976331361,80.3717961,122.379558,0.436520478,0.297219249,67.7346807,2,0.162180593,0.0697456249,0.216424858,0.0194872184,0.0425082096,0.123086569,0.0269927499
2461,0.435012525,1.01183432,80.9588794,122.617373,0.436026088,0.297195781,65.9050621,2,0.165896453,0.0730603209,0.205351254,0.0192561248,0.0438985291,0.106283286,0.0933372654
2462,0.435076748,1.00591716,81.5213035,122.88158,0.436310637,0.29540543,66.3405811,2,0.170024684,0.07155269,0.224796805,0.00394668266,0.0405519248,0.076322996,0.0331038269
2463,0.43587922,0.99408284,82.0874745,123.102727,0.4367648,0.291435907,67.0506801,2,0.173241789,0.0628990334,0.223104591,0.0220295342,0.0362858594,0.102240443,0.0246033263
2464,0.437626051,0.98816568,82.6467924,123.332868,0.437709184,0.294612763,68.4723273,2,0.161451062,0.0746855437,0.215360004,0.0234951907,0.0440811656,0.135384519,0.0602114922
2465,0.436331615,1.00591716,83.2061827,123.579318,0.438693233,0.298037416,69.2000718,2,0.16530184,0.0721444574,0.209971797,0.0179423013,0.0437685858,0.102463475,0.0544541768
2466,0.43470145,1.01183432,83.7914186,123.819107,0.438792075,0.301804266,69.2846229,2,0.168615915,0.0786936525,0.226655229,0.0184259208,0.0443230949,0.101555771,0.0305609168
2467,0.435874041,0.98816568,84.3728879,124.040808,0.438566066,0.297445674,69.1264969,2,0.177701374,0.069419645,0.228263753,0.0134439706,0.0469190896,0.120417017,0.0464306291
2468,0.435938536,1.0295858,84.9669205,124.237879,0.437700572,0.297862626,68.5068036,2,0.159966856,0.0717288062,0.204844318,0.0128756822,0.0521260285,0.137929679,0.0638219884
2469,0.436522758,0.982248521,85.56286,124.466001,0.437433172,0.296380276,67.1558412,2,0.165044688,0.073318613,0.214106239,0.0173477836,0.0488338067,0.122494517,0.041341292
2470,0.43510158,1,86.1400939,124.72614,0.437198057,0.299777831,65.9758159,2,0.167595945,0.071627942,0.204702472,0.0151116101,0.047158923,0.102706171,0.0557014121
2471,0.435196892,1.01183432,86.7252852,124.98059,0.436947985,0.293521099,66.1066871,2,0.167582581,0.0768066636,0.225069903,0.00774933761,0.0483487807,0.109312896,0.0403649829
2472,0.435995388,0.98816568,87.2934058,125.204125,0.437084164,0.290581303,67.4525905,2,0.160834466,0.067582288,0.22279333,0.0256675476,0.043587876,0.130451416,0.0194955055
2473,0.436742636,1.0295858,87.8495585,125.445981,0.43776063,0.294080763,68.6526518,2,0.163218457,0.0749033823,0.206194118,0.018882673,0.0389632608,0.134268531,0.0669003077
2474,0.435043095,0.982248521,88.4219597,125.701034,0.438336576,0.29659157,69.259039,2,0.167203661,0.0720584868,0.216809794,0.0138885731,0.0445147232,0.0798242717,0.0477700866
2475,0.434546407,1.01183432,89.0100149,125.93226,0.438085752,0.292656452,69.1546293,2,0.172031483,0.0749255544,0.202334729,0.0156591422,0.0547897767,0.0924234634,0.0459810184
2476,0.435748556,1.00591716,89.5978237,126.146545,0.437526959,0.28985892,68.9370644,2,0.181215995,0.0730318262,0.220159889,0.021339362,0.0309331374,0.148496606,0.0376569755
2477,0.435832122,1.01775148,90.1759691,126.351716,0.437139937,0.29057418,68.1596211,2,0.161745556,0.068422432,0.212170444,0.015636881,0.0284499779,0.109736176,0.0407103426
2478,0.435110413,1.01183432,90.765078,126.589159,0.436765974,0.293991315,67.149199,2,0.168204343,0.0738413468,0.21268396,0.0244535565,0.034084004,0.127987746,0.0394991334
2479,0.434857502,1.01183432,91.3358811,126.841497,0.436372701,0.301266582,66.4718087,2,0.169398386,0.0684481916,0.220974157,0.00689818597,0.0292511215,0.0772332211,0.040987308
2480,0.435615627,1.00591716,91.918032,127.0769,0.436374039,0.295389087,66.7939664,2,0.17059425,0.0757162359,0.209046934,0.027838062,0.037576237,0.105803483,0.0578089907
2481,0.437732784,0.982248521,92.4794296,127.312045,0.437079418,0.295615548,68.4434794,2,0.163741087,0.0717139215,0.22106272,0.0231250808,0.0458340498,0.139910904,0.0352835682
2482,0.437575342,1.02366864,93.0233558,127.556788,0.438677709,0.298623618,69.2146598,2,0.16494981,0.0741989666,0.208213837,0.00501854513,0.0440648027,0.100829615,0.0995284097
2483,0.435897013,1.00591716,93.604549,127.799075,0.439347827,0.297265055,69.4012115,2,0.168735548,0.0757840631,0.22662705,0.0155172565,0.0457749714,0.0755105688,0.0209842744
2484,0.436272714,1,94.1826137,0.0176962056,0.43972136,0.293727523,69.2651992,2,0.174728339,0.0655286873,0.229187231,0.0115531203,0.0529784525,0.111497104,0.0363293245
2485,0.436320791,1.00591716,94.7807676,0.22561457,0.438697923,0.293537931,68.7907351,2,0.184074494,0.0761809508,0.209494586,0.0281865164,0.0394822666,0.128700537,0.0702879023
2486,0.43597256,0.98816568,95.367721,0.4549485,0.438562187,0.29270358,68.1817612,2,0.16335857,0.0715377082,0.213827131,0.0110171511,0.0469051234,0.115264072,0.0314424073
2487,0.434168666,1.04142012,95.9576309,0.701463445,0.437442617,0.29802334,67.1262926,2,0.171212983,0.0749650646,0.207251259,0.0170283471,0.0425053127,0.10387238,0.082218308
2488,0.433874358,0.98816568,96.5529112,0.948466554,0.435727312,0.299704008,66.4160944,2,0.164889238,0.0719317352,0.225517806,0.00854042262,0.0450061973,0.0946703339,0.0476196661
2489,0.433967131,0.982248521,97.1362922,1.16817749,0.434915598,0.297156789,66.5471528,2,0.158877773,0.0638735059,0.221060753,0.0272795305,0.0331593728,0.106216048,0.0189572269
2490,0.437093118,1,97.6959406,1.41131056,0.435888637,0.293766134,67.7602749,2,0.162676728,0.0731613765,0.209661276,0.0263512207,0.0432644061,0.130367735,0.0523999609
2491,0.436738596,1.00591716,98.2509891,1.65393152,0.437625205,0.292222207,67.8149828,2,0.16646768,0.0707996779,0.208225612,0.0186489391,0.041842691,0.0976267877,0.0603969526
2492,0.436124554,1.01775148,98.8227606,1.88809877,0.438920268,0.290273166,68.4580289,2,0.169105634,0.0797268689,0.226344502,0.0148989344,0.0499810156,0.0932914381,0.036735122
2493,0.437366812,1.01183432,99.3893962,2.1010735,0.439324274,0.289578592,68.7126717,2,0.177959316,0.0701758976,0.227360378,0.0139782036,0.0459625932,0.134899288,0.0359022352
2494,0.437193719,1.02366864,99.9655731,2.30820613,0.439328457,0.292129552,68.3160052,2,0.161065721,0.0735224124,0.20505115,0.0074965558,0.0493033571,0.135617916,0.0781365493
2495,0.43616859,1,100.550021,2.55153727,0.439473914,0.295600409,68.072166,2,0.16486777,0.0747480469,0.216441788,0.00792533861,0.0523337217,0.109632787,0.0365990298
2496,0.433817271,1.02366864,101.148046,2.81294118,0.43774899,0.301762246,67.5066231,2,0.174188217,0.070574318,0.207006934,0.0150579917,0.0422459981,0.109385541,0.060912186
2497,0.433653335,0.99408284,101.76381,3.04539308,0.435774758,0.300895421,66.3927587,2,0.168184527,0.076657721,0.221481662,0.0233364897,0.0378061684,0.131644986,0.0283241246
2498,0.43487744,1.01183432,102.342166,3.28160831,0.435317618,0.29477217,67.5116596,2,0.161596336,0.0675352925,0.218722431,0.0301214162,0.0415104321,0.129236406,0.0217895926
2499,0.437069131,1.01775148,102.899392,3.51210627,0.436606482,0.289180075,67.8668386,2,0.16425166,0.0732087578,0.203710731,0.0179992687,0.0346970083,0.12301665,0.0842167717
2500,0.436099232,0.976331361,103.462425,3.7571683,0.437892168,0.288443615,68.2182852,2,0.168080755,0.0716757521,0.218218763,0.012529189,0.0372845251,0.0704130636,0.037637571
2501,0.436189107,1.00591716,104.02892,3.98335973,0.438635184,0.286561221,69.1458737,2,0.172326873,0.0649085969,0.212670797,0.0110084966,0.0303362758,0.10142491,0.051959823
2502,0.437145045,1.01775148,104.602447,4.1912829,0.438658917,0.291377057,69.360752,2,0.18128824,0.0746064557,0.220924909,0.0186204009,0.0337078132,0.148329764,0.0424789165
2503,0.436115956,1.01183432,105.17588,4.40761475,0.438920842,0.292693182,69.0317417,2,0.16261898,0.0710265479,0.211968727,0.0158285974,0.0339478474,0.109452059,0.0500372764
2504,0.43475473,1.01775148,105.762948,4.65112977,0.438423539,0.297916418,68.8595588,2,0.168171058,0.0757289359,0.216808268,0.0229282441,0.0360599173,0.122321195,0.0338016311
2505,0.433800474,0.99408284,106.358589,4.89565986,0.436662452,0.304420639,68.0459322,2,0.177477949,0.0684513892,0.224652188,0.0038807363,0.0346232662,0.080512332,0.0299941771
2506,0.433440482,0.98816568,106.969116,5.11658102,0.434873311,0.303302446,67.5459397,2,0.158071578,0.0695814416,0.204112416,0.0207044409,0.058057276,0.127853768,0.0377415445
2507,0.43673779,0.976331361,107.543142,5.34871999,0.435151255,0.294379117,68.0526341,2,0.164736596,0.070436389,0.216003304,0.0281918502,0.045790974,0.137001433,0.0462332504
2508,0.437767977,1,108.089327,5.57791635,0.437130024,0.291591785,68.038547,2,0.165279943,0.0716656016,0.205276687,0.0107566343,0.043076659,0.0994582816,0.0837577634
2509,0.436474842,1,108.654301,5.82003176,0.438629487,0.290433301,68.6813657,2,0.169062996,0.0755390759,0.226577317,0.015692049,0.0464104122,0.0777627131,0.0218528594
2510,0.437294939,1,109.215779,6.03432203,0.439578784,0.290759053,68.9859877,2,0.175246539,0.0661563874,0.230952942,0.0101170658,0.0544350799,0.114615512,0.0380213343
2511,0.437306715,1.02366864,109.794453,6.23680442,0.439606461,0.297207727,68.8493392,2,0.159950069,0.0772262689,0.212131034,0.0240770953,0.0433726517,0.125505963,0.0675505312
2512,0.436304796,0.99408284,110.376259,6.46935857,0.439888819,0.300459823,68.7115724,2,0.163583728,0.0731972275,0.217888344,0.00933844943,0.0504606316,0.114291331,0.0323602325
2513,0.434080044,1.0295858,110.967694,6.71985789,0.43871649,0.305967265,67.917678,2,0.171370222,0.0763188998,0.210068909,0.0152913876,0.0454785125,0.101906504,0.0803752891
2514,0.433457876,0.98816568,111.581126,6.9633447,0.436276224,0.305551239,66.9604076,2,0.165330091,0.0732792166,0.227044879,0.0116664886,0.046321606,0.103484541,0.0503920281
2515,0.433846367,0.982248521,112.179005,7.18215158,0.43495577,0.3008616,67.0273705,2,0.159096118,0.0640900447,0.221627072,0.0326693026,0.0364849796,0.11508237,0.0191759574
2516,0.437065879,0.98816568,112.754471,7.4210296,0.435595958,0.288480755,67.4000152,2,0.162828588,0.0724065034,0.204623489,0.0294881054,0.0371259045,0.132276995,0.0539650981
2517,0.437339132,1.00591716,113.31078,7.66352764,0.437386576,0.287308062,67.6278867,2,0.166617619,0.0704693807,0.208358561,0.0146076701,0.0391833882,0.0925224148,0.0631150968
2518,0.436119651,1.0295858,113.880387,7.89917558,0.438694392,0.28579807,68.4858048,2,0.170006043,0.0804754066,0.223647439,0.0146082056,0.0423809984,0.101900376,0.0371161056
2519,0.437440311,1.01183432,114.445896,8.10899876,0.439385214,0.289357958,68.7594659,2,0.178842126,0.0719878028,0.225885743,0.0140651304,0.0427734535,0.136848031,0.0386817344
2520,0.436902762,1.01183432,115.017466,8.31172859,0.439702098,0.293205841,68.7152429,2,0.161120759,0.0731176365,0.206626314,0.0043378972,0.045123092,0.127189022,0.0831127799
2521,0.435779269,1.00591716,115.606522,8.55434815,0.439576104,0.297653962,68.6482478,2,0.165726903,0.075616653,0.215431407,0.0138868775,0.0505993849,0.112842921,0.0339402816
2522,0.433631305,1.01775148,116.205737,8.80927176,0.437830608,0.30339395,67.8860611,2,0.175089646,0.0699189336,0.210092385,0.0138126641,0.0357400256,0.101002401,0.067544205
2523,0.433426384,1.01775148,116.823197,9.04143683,0.435753779,0.299313461,66.6809525,2,0.156897451,0.0775997311,0.218967056,0.0236615591,0.03814152,0.131121247,0.0267573931
2524,0.43527174,0.99408284,117.40029,9.27843989,0.435454111,0.290234849,68.1605796,2,0.162504536,0.067867974,0.217184034,0.0277856037,0.042093139,0.13764832,0.0240550905
2525,0.43686398,1.02366864,117.955562,9.50927899,0.43639428,0.286945415,68.4485914,2,0.164207484,0.0724745679,0.202463772,0.0114955006,0.038079316,0.115001911,0.0973371088
2526,0.435897664,0.98816568,118.52152,9.74825711,0.437624093,0.28669279,68.785568,2,0.167941517,0.0725119002,0.219588768,0.0137951559,0.0392090932,0.0720398508,0.0308390896
2527,0.436255778,1.01183432,119.085706,9.97155018,0.438495206,0.286435057,69.4569147,2,0.173214156,0.0643099186,0.21887582,0.0108990603,0.0341744092,0.0885151529,0.0354900076
2528,0.436687729,0.99408284,119.661781,10.1741364,0.438520983,0.293391186,69.2810189,2,0.182215324,0.0760057905,0.220294546,0.0196013936,0.0308390626,0.14362917,0.0479746663
2529,0.435875269,1.01183432,120.2396,10.3858337,0.438705925,0.295874961,68.9201217,2,0.162278651,0.0710096385,0.215968718,0.0164837565,0.0356151422,0.110723161,0.0299001943
2530,0.434282914,1.01775148,120.833782,10.6256638,0.438009265,0.300312478,68.2357458,2,0.169277838,0.0756575594,0.212994402,0.0230128519,0.0323074618,0.126810056,0.0514335537
2531,0.433450729,0.98816568,121.429929,10.8721563,0.436210164,0.304406032,67.2613165,2,0.162967642,0.0696628989,0.224586062,0.00392051857,0.0363381895,0.0769137853,0.0324563969
2532,0.434219171,1,122.027424,11.094986,0.435280554,0.296656069,67.2231805,2,0.157734156,0.0634453148,0.211386286,0.00915533848,0.0394639979,0.116401269,0.0531454375
2533,0.436856256,0.99408284,122.600135,11.3284901,0.43562312,0.2884886,68.4534618,2,0.165627109,0.0711166111,0.213592743,0.0285359033,0.0425265465,0.138861155,0.0552162123
2534,0.437631395,1.00591716,123.151538,11.5580793,0.437084847,0.28831017,68.5703644,2,0.164969989,0.0708420691,0.205672461,0.0146513821,0.0389412725,0.104332702,0.0654548209
2535,0.435786886,1.01183432,123.718593,11.7962425,0.438481888,0.291573893,68.9884287,2,0.168691289,0.0765168513,0.225901122,0.0176030951,0.044666347,0.0891507875,0.0278248685
2536,0.437144094,0.99408284,124.280526,12.0120484,0.439308847,0.292762458,69.1763948,2,0.176258213,0.0679005621,0.229844862,0.00673100581,0.0490299314,0.106954541,0.0395599569
2537,0.436909982,1.01775148,124.863117,12.2046885,0.439423707,0.299709217,68.8581906,2,0.159448258,0.0769136687,0.209367093,0.0234109686,0.0490904227,0.120214079,0.0569389866
2538,0.436856961,1.01183432,125.452142,12.4294922,0.439335382,0.302612366,68.3878529,2,0.163314715,0.0738149499,0.219150316,0.0110824839,0.050863917,0.123378987,0.034441649
2539,0.434583312,1.01775148,126.040575,12.6817398,0.438453221,0.30694173,67.2277607,2,0.172508978,0.0747194053,0.206791261,0.0120834749,0.052422381,0.0940321239,0.0820973718
2540,0.434023576,1,126.648142,12.9293676,0.436980863,0.30067089,66.4286885,2,0.166377224,0.0753365795,0.226402667,0.00512742246,0.0490523668,0.0940486765,0.0406679659
2541,0.43543107,0.982248521,127.228497,13.1550422,0.436745797,0.290496707,67.3140025,2,0.159820259,0.0648171316,0.222107784,0.0297528229,0.0447436322,0.127670692,0.0241806998
2542,0.436894698,1.01775148,127.802271,13.3950195,0.437026676,0.286348506,68.3586883,2,0.16242218,0.0735338017,0.20309693,0.0257745197,0.0387689568,0.13407694,0.0579293963
2543,0.436374386,0.98816568,0.376721302,13.6386298,0.437611546,0.287878851,68.7188908,2,0.166228591,0.071072361,0.210315819,0.0112400074,0.0446745423,0.0902135882,0.0544556995
2544,0.434869146,1.03550296,0.950519594,13.8783287,0.438058923,0.289312816,69.1979413,2,0.171101869,0.0785901792,0.213204852,0.0152902391,0.0300771002,0.110180839,0.0472326772
2545,0.436111855,1.01775148,1.52869544,14.0901847,0.438143543,0.290216685,69.1514069,2,0.180135866,0.0728077287,0.224068608,0.0150031857,0.0379408799,0.134926628,0.0447107282
2546,0.435921802,1.02366864,2.10655684,14.2827957,0.437889886,0.294989833,68.8006313,2,0.160668683,0.0694262326,0.212530923,0.0123437243,0.0304480227,0.111595322,0.0507077465
2547,0.435631875,0.982248521,2.70134383,14.5088828,0.437590293,0.29769781,67.745083,2,0.167208497,0.0746073315,0.212082811,0.0225600271,0.0420536894,0.125510724,0.038236394
2548,0.434599962,0.99408284,3.27759376,14.7692031,0.437037822,0.301700704,66.898375,2,0.168268798,0.0696001779,0.213275864,0.0138713648,0.0353688919,0.0902916783,0.065736247
2549,0.435331383,1.02366864,3.86543472,15.001387,0.437097499,0.292201649,66.9891715,2,0.169772417,0.0797971419,0.223997513,0.0110552503,0.0503824215,0.117133979,0.0330805825
2550,0.436961828,1,4.43592791,15.2278769,0.437272603,0.287919945,68.5618401,2,0.163061374,0.0696392739,0.221500703,0.0221683126,0.040438793,0.146187825,0.0240666472
2551,0.437431457,1.0295858,4.98918826,15.4616791,0.438032363,0.29029892,69.4179447,2,0.163463736,0.0732185717,0.205181986,0.00428666369,0.0419871089,0.118412823,0.098353545
2552,0.435342959,0.99408284,5.56969919,15.7068658,0.438452497,0.294404793,69.6484632,2,0.167294778,0.0742315331,0.221794398,0.015362676,0.0452980535,0.0833915457,0.0299538392
2553,0.435243315,1.01775148,6.1467596,15.9423512,0.438372932,0.295994194,69.5515097,2,0.174168119,0.0660557842,0.219704936,0.00925106369,0.029536134,0.0888312653,0.037912613
2554,0.435322111,0.99408284,6.74470134,16.145176,0.437587345,0.298086268,68.8762818,2,0.183510958,0.0765064817,0.21767678,0.0272680173,0.027624827,0.136095266,0.0543683935
2555,0.43559976,0.98816568,7.33625476,16.3521072,0.436980608,0.298876804,68.0343605,2,0.161751675,0.0697891853,0.2188536,0.0190990916,0.0399063251,0.121827312,0.0227311799
2556,0.43477459,1.01183432,7.92560573,16.5914455,0.436290519,0.300367902,66.5478518,2,0.17071259,0.0733203906,0.207542279,0.0204821556,0.0414464914,0.114729251,0.0870433923
2557,0.43477835,1.00591716,8.4925861,16.8486649,0.43639684,0.298296687,66.5952683,2,0.169510389,0.0708024707,0.224278361,0.00549543405,0.0384876258,0.0725701885,0.0298731222
2558,0.435738685,1,9.06596794,17.0714629,0.43659603,0.290818333,67.0950034,2,0.172905749,0.0609361509,0.223861014,0.021896462,0.0384847302,0.103781083,0.0272106932
2559,0.437627968,1.00591716,9.62697566,17.2978555,0.437390249,0.291941476,68.6839179,2,0.160903992,0.0735601847,0.21661754,0.0239710916,0.0411373381,0.140517215,0.0588607489
2560,0.43680005,1.00591716,10.1874936,17.535123,0.438352262,0.294466978,69.2780906,2,0.164611297,0.0716815335,0.210137812,0.0162524641,0.0404283066,0.10575762,0.0562259531
2561,0.434847636,1.00591716,10.7702773,17.7784586,0.438359905,0.301324426,69.4552728,2,0.168285583,0.0774409634,0.226090177,0.0197727502,0.0417473484,0.104424917,0.0301257971
2562,0.435674026,0.99408284,11.3477821,18.0073216,0.438183884,0.301621754,69.4475984,2,0.177309096,0.0689758864,0.230292481,0.0110286336,0.04593058,0.107997211,0.0453532891
2563,0.435764277,1.01183432,11.9415097,18.1996115,0.437588163,0.30446593,68.9196407,2,0.159368929,0.0729974644,0.206737448,0.0203675153,0.0555278971,0.13300789,0.0468856908
2564,0.437062177,0.98816568,12.5372202,18.4208089,0.437442976,0.301979823,67.5879308,2,0.164644066,0.073206618,0.216715033,0.0211785449,0.0487797674,0.127933417,0.0426611754
2565,0.435717666,0.99408284,13.1127634,18.6760713,0.437570274,0.302211123,66.32977,2,0.166813615,0.0725873203,0.205185152,0.0140362408,0.0497259185,0.0994956431,0.0639670852
2566,0.435563954,1.01183432,13.6936629,18.9315771,0.437687817,0.294449755,66.6938697,2,0.167088482,0.0764007569,0.226481801,0.000755900852,0.0505909809,0.0934084587,0.0371280856
2567,0.436528798,1.00591716,14.262452,19.1510164,0.437941845,0.290476566,67.621018,2,0.160350813,0.0665469872,0.225081435,0.0243135515,0.0483680982,0.131085441,0.0228095844
2568,0.437299173,1.02366864,14.8259935,19.3847964,0.438528742,0.292663299,68.5977033,2,0.162262444,0.0752433513,0.205997958,0.0213656462,0.042971813,0.135460033,0.0589326423
2569,0.43564106,1.00591716,15.402766,19.635263,0.438918191,0.295828003,69.1982335,2,0.166175984,0.0723817191,0.214630066,0.0121096138,0.0492609336,0.090573037,0.0500942053
2570,0.434216523,1.0295858,15.9916073,19.880191,0.438033564,0.297872457,69.0264613,2,0.171743863,0.0766344598,0.207155056,0.0162181514,0.0467892698,0.093590734,0.0615801888
2571,0.434836411,1.01183432,16.5874407,20.1010207,0.437079491,0.294379121,68.7637888,2,0.181053762,0.0729730805,0.222803187,0.0199410937,0.0342722503,0.141573416,0.0398604858
2572,0.435129267,1,17.1722649,20.2951836,0.436357235,0.296205575,67.8541992,2,0.160862244,0.0673146622,0.215631554,0.0184848836,0.0273548048,0.108520663,0.0301893395
2573,0.435538198,0.976331361,17.7661544,20.5245196,0.435888227,0.294905954,66.3233366,2,0.168221163,0.0729263093,0.209887907,0.0256370234,0.0347704079,0.130156115,0.0442474821
2574,0.435489938,0.98816568,18.3190901,20.7901108,0.436755019,0.297273065,66.1680762,2,0.168595481,0.0689813934,0.216744346,0.011843909,0.0308320102,0.0812470113,0.0570446123
2575,0.436439557,0.99408284,18.8924063,21.0243229,0.4373732,0.290600704,67.0453751,2,0.170193849,0.0795951426,0.221519112,0.0169490347,0.040209133,0.124723389,0.0270684844
2576,0.437957174,1.00591716,19.4555678,21.2459743,0.4380875,0.292693284,68.4454806,2,0.160093348,0.0714588296,0.224166595,0.0207166078,0.0419748626,0.146033353,0.0273449864
2577,0.437585496,1.03550296,20.004216,21.4870678,0.439189186,0.296573551,69.4422236,2,0.163860434,0.0741760072,0.208559404,0.00153703813,0.0440347881,0.113034665,0.100737223
2578,0.435290431,1.01183432,20.5855582,21.7412993,0.439388482,0.302083137,70.0411631,2,0.167832802,0.0756065095,0.225950966,0.0159126481,0.0467195872,0.0812794474,0.0270985482
2579,0.435203879,1,21.1759816,21.9717622,0.438878133,0.300427904,69.4633899,2,0.174624712,0.065859521,0.225739127,0.00866226813,0.0406906065,0.0933960707,0.0235910928
2580,0.435323941,0.99408284,21.7860732,22.1793086,0.437510697,0.297561774,68.8528798,2,0.159051697,0.0759449929,0.211438222,0.0330856444,0.0333917912,0.128418205,0.0690467297
2581,0.435759792,0.98816568,22.3809629,22.3949065,0.436989964,0.296238007,67.8077527,2,0.162420414,0.0703325557,0.215811522,0.0181610019,0.0437515782,0.12252619,0.0283634483
2582,0.434840592,1.01775148,22.970249,22.6329991,0.436275911,0.297822613,66.0005604,2,0.17141014,0.0733615393,0.205157426,0.0185605093,0.0451638782,0.10306928,0.0936838704
2583,0.434718545,1.00591716,23.540296,22.8968389,0.436143807,0.295753301,66.2944969,2,0.170263109,0.071896378,0.224954167,0.00378427524,0.042638726,0.0800577854,0.0360404959
2584,0.435617662,0.98816568,24.1072412,23.1171718,0.436495505,0.291305045,66.9118462,2,0.173550644,0.0631118832,0.222847573,0.0240986026,0.0376392703,0.104927225,0.0242612069
2585,0.437415925,0.99408284,24.6664233,23.3498773,0.43748413,0.29382204,68.3612206,2,0.161716833,0.0745637928,0.213443199,0.0242332625,0.0445586113,0.13318663,0.0604493966
2586,0.436313843,1.01183432,25.2257333,23.5971494,0.43846158,0.297185724,69.0675581,2,0.16558046,0.0718253979,0.209600537,0.018703913,0.0442016801,0.101329898,0.0538273112
2587,0.43484037,1.0295858,25.8099554,23.8339655,0.438714894,0.29992259,69.086781,2,0.168905553,0.0789573105,0.226135613,0.0176249511,0.0440368401,0.102313396,0.0309478734
2588,0.436220509,1.01183432,26.3873283,24.0527737,0.438712469,0.295278775,69.0828423,2,0.177927005,0.069740561,0.227835846,0.013314251,0.0463906589,0.124001569,0.0460143415
2589,0.436235613,1.0295858,26.9774217,24.2503409,0.437997321,0.296535853,68.511257,2,0.160161576,0.07169278,0.205297717,0.00959241875,0.0505494522,0.137390497,0.0690156134
2590,0.436594271,0.982248521,27.5719444,24.4802476,0.437808986,0.295829449,67.2569708,2,0.165186632,0.073740913,0.214187113,0.0157204016,0.0491063064,0.121000596,0.0401848105
2591,0.434869285,1,28.1542337,24.740464,0.437265832,0.300533698,66.0859634,2,0.167819751,0.0714412725,0.205563657,0.0153404405,0.0455161579,0.104180345,0.0571810557
2592,0.435016571,1.00591716,28.7435099,24.9919075,0.436875634,0.294173862,66.082632,2,0.167867342,0.0772711612,0.224604386,0.0100862649,0.0474995077,0.113842699,0.038795614
2593,0.435944966,0.98816568,29.3130162,25.2186874,0.436957314,0.290350485,67.5828689,2,0.161140878,0.0679500067,0.221815703,0.0260298854,0.0426473055,0.13209036,0.0194661011
2594,0.436756179,1.02366864,29.8687478,25.4602854,0.437677639,0.292943694,68.7024362,2,0.163441959,0.0746368882,0.205306026,0.0175370541,0.0378139508,0.131976861,0.0732591656
2595,0.435035879,0.98816568,30.4415977,25.712707,0.438265939,0.294688214,69.2254669,2,0.167386047,0.0721159215,0.217247136,0.0137713526,0.0431800067,0.0771891306,0.0441950161
2596,0.434644087,1.01183432,31.0276317,25.9431455,0.438079021,0.290297339,69.2817529,2,0.172306745,0.071414201,0.200617472,0.0137341293,0.0537618568,0.109948594,0.032746952
2597,0.435853597,1.00591716,31.6131296,26.1547529,0.437582389,0.289148507,69.0464518,2,0.18145515,0.0733350013,0.219373123,0.021421805,0.0303793224,0.148236834,0.0393759017
2598,0.435750439,1.02366864,32.1915468,26.3612046,0.437163811,0.289833963,68.2993763,2,0.161893822,0.0685005254,0.21238391,0.0160327925,0.029795186,0.109570473,0.0380339925
2599,0.434997403,1.00591716,32.7779592,26.597668,0.436874065,0.294334192,67.3508819,2,0.168405612,0.073986233,0.212858527,0.0243689057,0.0336537002,0.128097387,0.0412706482
2600,0.434618424,1.01183432,33.3526064,26.8480174,0.436185722,0.30196422,66.6642421,2,0.161759474,0.068418541,0.222279419,0.00630113691,0.0305096668,0.0761247307,0.0368283324
2601,0.435377518,1,33.9362502,27.0806872,0.436081029,0.295934783,66.8801358,2,0.170878909,0.0742100242,0.206440405,0.0267145282,0.0458067089,0.103685382,0.0508860089
2602,0.437724866,0.99408284,34.4968841,27.3161209,0.436842442,0.295584224,68.5450678,2,0.164013813,0.0716751119,0.220820665,0.0235342717,0.0458477701,0.140546168,0.0378844701
2603,0.437736472,1.01775148,35.0405657,27.5570476,0.438588761,0.298071703,69.1482078,2,0.164953869,0.07376427,0.208395771,0.0057873374,0.0442883225,0.100183224,0.0966614862
2604,0.436006635,1.00591716,35.6216198,27.7981998,0.439317532,0.297376381,69.2999822,2,0.168721871,0.0759834049,0.227355899,0.0159163062,0.0462359285,0.0772470704,0.021282104
2605,0.436556037,0.99408284,36.1967621,28.0173025,0.43985217,0.294309037,69.2753722,2,0.174949407,0.0660345669,0.229878068,0.0110144831,0.0525074928,0.111077761,0.0359585615
2606,0.436508634,1.00591716,36.794938,28.2233881,0.438939537,0.294925166,68.7832439,2,0.159740439,0.0764745148,0.209625981,0.0282210175,0.0407221224,0.127228189,0.069462466
2607,0.436176698,0.98816568,37.3824225,28.4533113,0.438851528,0.294650431,68.1965103,2,0.163332989,0.0720083014,0.214836361,0.0108292109,0.0478759859,0.116732521,0.0319050022
2608,0.434248306,1.03550296,37.9726606,28.7005116,0.437701275,0.299989649,67.1085594,2,0.171447822,0.075016697,0.206908358,0.0163441868,0.045191085,0.100344377,0.0851360341
2609,0.433859187,0.98816568,38.572175,28.9488536,0.435893535,0.300460811,66.3553594,2,0.165190234,0.0725938146,0.225562042,0.00909304259,0.0456971364,0.0961117659,0.0473914649
2610,0.434154617,0.982248521,39.1558744,29.1694931,0.435168535,0.296321427,66.6096826,2,0.158898329,0.0639824429,0.221363152,0.02913109,0.035900589,0.109796447,0.0196412103
2611,0.437045628,0.98816568,39.717838,29.4120051,0.436042988,0.292614611,67.7979449,2,0.16268758,0.0732442135,0.208188289,0.0267467524,0.0419911269,0.131027095,0.0532341755
2612,0.436627683,1.00591716,40.276434,29.6561729,0.437535688,0.291630208,67.9275572,2,0.166502701,0.0706248799,0.208634799,0.0179448307,0.0418104716,0.0955445313,0.0615661072
2613,0.435886019,1.01775148,40.8482981,29.8895087,0.438769431,0.28969748,68.5885692,2,0.169504658,0.0800114697,0.225352746,0.0152046672,0.0473401966,0.0977268679,0.0374228415
2614,0.437218322,1.01775148,41.4154641,30.1020594,0.439145716,0.28959787,68.8295693,2,0.178366626,0.0706251263,0.226830693,0.0139204624,0.0444661323,0.135785225,0.0377955753
2615,0.437088836,1.02366864,41.9903715,30.3062605,0.439157364,0.292156541,68.4970409,2,0.161035321,0.0727939058,0.205745192,0.00472803956,0.0475187202,0.132929425,0.0815291455
2616,0.436247347,1.00591716,42.5755565,30.5466366,0.439305101,0.295930786,68.1137478,2,0.16524307,0.0748797986,0.216218265,0.0104904288,0.0514481508,0.112000101,0.0353778211
2617,0.433917952,1.01775148,43.1728382,30.8067032,0.437624219,0.302912795,67.5033719,2,0.174575597,0.0702615282,0.208854508,0.0145229703,0.0395577228,0.106601785,0.0649626248
2618,0.433836829,1.01183432,43.7846236,31.0397509,0.435979435,0.300204678,66.4073129,2,0.168509744,0.0772786554,0.221716726,0.0220607532,0.0389007158,0.130675655,0.0273951298
2619,0.435353973,1.01183432,44.3608624,31.2776925,0.43569784,0.293127507,67.8668768,2,0.161888475,0.067954785,0.218890866,0.0289899876,0.0420982194,0.132627395,0.0221476043
2620,0.437009108,1.01775148,44.9166622,31.5109414,0.436832832,0.290143419,68.2916228,2,0.164233459,0.0733765919,0.20402055,0.0156017243,0.035773286,0.1208737,0.0892822504
2621,0.435916119,0.970414201,45.4848455,31.7516232,0.438002374,0.28901554,68.5388651,2,0.167994112,0.0721500277,0.219033057,0.0127534344,0.0388038695,0.071277004,0.0349617565
2622,0.436070126,1.01183432,46.0537182,31.9771426,0.438702054,0.286779131,69.3002852,2,0.172714346,0.0642036025,0.215973655,0.0107673721,0.0314376108,0.0935245858,0.0439223406
2623,0.436894146,1.01775148,46.6312441,32.184742,0.438535468,0.291030479,69.3234394,2,0.181738189,0.0750079825,0.219736345,0.0199335923,0.0320430078,0.146738544,0.0458091679
2624,0.435982682,1.01775148,47.2077502,32.3992509,0.438612401,0.292445831,68.8925347,2,0.162488296,0.0706061673,0.213117018,0.016498282,0.0341674989,0.109635368,0.0394533818
2625,0.43466506,1.02366864,47.7961779,32.6400224,0.43811468,0.297514282,68.4603055,2,0.16869028,0.075506034,0.214692111,0.0232273916,0.0330692485,0.126000118,0.04009017
2626,0.433656417,0.98816568,48.3913707,32.8833454,0.436334261,0.304361858,67.5002036,2,0.177990168,0.0688986125,0.224846541,0.00396825401,0.0352562662,0.0782938044,0.0314452213
2627,0.433855853,0.99408284,48.9943,33.1060336,0.435000375,0.300431076,67.2069256,2,0.157906775,0.0671237055,0.205738564,0.0104015404,0.0555741647,0.131872288,0.0515822503
2628,0.437005183,0.99408284,49.56274,33.3412052,0.435509016,0.292964694,68.2601034,2,0.165042812,0.0709282936,0.21590441,0.0279568361,0.0453818752,0.138118072,0.0490744109
2629,0.437797021,1.00591716,50.1088876,33.5720406,0.437336013,0.292189834,68.3297074,2,0.165188134,0.0716185215,0.206119831,0.0123227912,0.0420826462,0.101098216,0.0778530486
2630,0.436353839,1,50.6768469,33.8105667,0.438810873,0.291548993,68.8833289,2,0.168915105,0.0761184632,0.226874083,0.0166436645,0.0466418226,0.0812568066,0.023664336
2631,0.437222001,1,51.2411219,34.0265591,0.439630993,0.291416828,69.1502329,2,0.17564253,0.0669333519,0.230692292,0.00868456223,0.0523394992,0.112233398,0.0377384009
2632,0.437097105,1.01775148,51.8239286,34.224659,0.439611994,0.297540291,68.9087876,2,0.159760297,0.0771452912,0.210650966,0.0242188269,0.0453545787,0.123368617,0.0644188541
2633,0.43653503,1,52.4092688,34.4552694,0.43968666,0.300527763,68.617131,2,0.163363584,0.0733873753,0.218198968,0.00874296506,0.0509366356,0.118064138,0.0329276385
2634,0.434191946,1.02366864,53.000159,34.7043346,0.438562704,0.306385221,67.5910155,2,0.171877484,0.0755636973,0.208080679,0.0137614811,0.0498549112,0.0954411043,0.0851424004
2635,0.433513804,0.98816568,53.6134044,34.9506854,0.436386339,0.304007476,66.6371567,2,0.165834443,0.0741457948,0.226752589,0.0098184894,0.0473152916,0.0999476928,0.0467880758
2636,0.434534516,0.982248521,54.2034146,35.1732603,0.43556525,0.295662882,67.1130926,2,0.159428354,0.0642549483,0.221566762,0.0325068106,0.0404903379,0.120817448,0.0220560867
2637,0.436996267,1,54.775812,35.4128551,0.436129839,0.287763035,67.905724,2,0.162700861,0.0728322237,0.204057093,0.0282375334,0.0376843966,0.132728622,0.0557321852
2638,0.436913975,1,55.3394759,35.6552843,0.437355156,0.288197442,68.0726721,2,0.166488818,0.0705574953,0.209466797,0.0136307804,0.0416433532,0.0905915076,0.0604570561
2639,0.435677027,1.03550296,55.9094547,35.8896958,0.438552279,0.286769007,68.9114787,2,0.170460229,0.0801001705,0.220464732,0.0157184361,0.0335492496,0.111976426,0.030015179
2640,0.437031236,1.00591716,56.4782563,36.0999573,0.439014143,0.289587178,69.0219274,2,0.179347754,0.0722978291,0.225569781,0.0137090072,0.0409684802,0.136008602,0.0423639735
2641,0.436737026,1.02366864,57.0516749,36.2973965,0.439126159,0.29358968,68.8646096,2,0.160896821,0.0716145318,0.208800479,0.00658553924,0.03978569,0.122057603,0.0744206029
2642,0.435944625,1.00591716,57.6431293,36.5311989,0.438994217,0.297857366,68.3322063,2,0.166298896,0.0753998601,0.214602005,0.0174527801,0.0475417669,0.1190651,0.0345611733
2643,0.433931876,1.01775148,58.2378122,36.790959,0.437396134,0.304153416,67.6651837,2,0.175590815,0.0698071461,0.21206649,0.0132317939,0.0355425752,0.0965898245,0.0673084682
2644,0.434192652,1.02366864,58.8446415,37.0196957,0.436369047,0.296288652,66.59953,2,0.169447523,0.0788127385,0.221378608,0.0179090631,0.0449619255,0.126149663,0.0276182403
2645,0.436129017,1,59.4175362,37.2561651,0.436385975,0.288024581,68.4407384,2,0.162774003,0.068711404,0.218572442,0.0257604013,0.0412055168,0.142418988,0.0241532301
2646,0.437116532,1.02366864,59.9729078,37.4892272,0.437133885,0.287560929,69.036014,2,0.163894175,0.0728488817,0.202969327,0.00816581334,0.0398232247,0.115794839,0.0987252347
2647,0.435518595,0.98816568,60.5472577,37.7294818,0.43789189,0.289006494,69.1199652,2,0.167648154,0.0733255768,0.220113331,0.0142828799,0.0419937194,0.0763409327,0.0301114874
2648,0.435848651,1.01775148,61.1150009,37.9575962,0.438513289,0.288660873,69.644729,2,0.173671889,0.0651834322,0.218277295,0.0107923274,0.0317119389,0.088503886,0.0373693333
2649,0.436040947,0.99408284,61.7000821,38.1592577,0.438181019,0.293689712,69.2084779,2,0.182813782,0.0762697947,0.218690506,0.0221960364,0.028989067,0.1403347,0.050752607
2650,0.435647038,1.00591716,62.2841276,38.3693232,0.437821321,0.296178841,68.6830141,2,0.162020676,0.0702631215,0.217196343,0.0163750627,0.0378768536,0.114743686,0.0240380988
2651,0.434356942,1.01183432,62.875722,38.6051642,0.437255014,0.300526103,67.481325,2,0.169933157,0.0746577672,0.210214304,0.0223884638,0.0357328461,0.123380988,0.069226825
2652,0.433852736,0.98816568,63.4603628,38.8562042,0.436138983,0.302410322,66.8214521,2,0.163443169,0.070144982,0.224437658,0.00458449241,0.0372841974,0.0743636472,0.0314238193
2653,0.435110222,0.99408284,64.0442332,39.0804026,0.435922139,0.292719246,67.1435606,2,0.157506291,0.0617145485,0.217276462,0.0167946764,0.0317728784,0.10240695,0.0360616976
2654,0.437168753,1,64.6135839,39.3122578,0.436341077,0.288787082,68.7335257,2,0.161129029,0.0720495361,0.214737512,0.0264078124,0.041304718,0.140179664,0.0572344918
2655,0.437330024,1,65.1685296,39.5440963,0.437617595,0.290699339,69.0818943,2,0.164751505,0.0711436203,0.20764409,0.0153556006,0.0389837608,0.10538639,0.0608168191
2656,0.435385151,1.01183432,65.743608,39.7819514,0.438434479,0.295313661,69.2780668,2,0.168467991,0.0769291437,0.225745237,0.0188589591,0.0429327638,0.096871863,0.0294191691
2657,0.43649325,1,66.3119065,40.0044928,0.438803535,0.296485382,69.3774527,2,0.176748539,0.0684320267,0.229987691,0.0075918832,0.0469258057,0.105392909,0.0420104728
2658,0.436354278,1.02366864,66.8995306,40.1955296,0.438616222,0.301793311,68.9391024,2,0.15930515,0.0753929559,0.20779104,0.023425368,0.0531008753,0.123145796,0.0469630256
2659,0.436971668,0.99408284,67.4915636,40.4165724,0.438502948,0.302543717,68.0771415,2,0.163930682,0.073555815,0.218606206,0.015920762,0.049787092,0.127121762,0.0381257386
2660,0.434998192,1.00591716,68.0759906,40.6710801,0.437855331,0.305448132,66.8462898,2,0.173062353,0.0734679591,0.206006039,0.0127948138,0.0520588267,0.0965716283,0.0743425117
2661,0.434867409,1.00591716,68.6697254,40.9211782,0.437252129,0.296798771,66.5104231,2,0.166714459,0.0756983626,0.226241048,0.0024818127,0.0498186866,0.091362919,0.037066991
2662,0.43612759,1,69.2402252,41.1430124,0.437509971,0.290024677,67.4621936,2,0.160003518,0.0653503931,0.224205996,0.0263813526,0.0479261824,0.129760826,0.0249191963
2663,0.437172541,1.02366864,69.8087717,41.3792554,0.437916376,0.289568624,68.4972048,2,0.162175866,0.0744150227,0.205061824,0.0236660553,0.0415553451,0.134612078,0.0578565397
2664,0.436137739,0.98816568,70.3858219,41.6234914,0.438384503,0.291390234,68.9378272,2,0.165992053,0.0717430606,0.212513531,0.0116411,0.0474039266,0.092577499,0.05127353
2665,0.434585107,1.03550296,70.9669327,41.8675537,0.43807679,0.294194793,69.0832063,2,0.171358324,0.0777059283,0.210874478,0.0155419886,0.0368038939,0.103521196,0.0577757813
2666,0.435369496,1.01183432,71.5549183,42.0864876,0.437550291,0.293416542,68.9708251,2,0.180545599,0.0728789275,0.224289497,0.0169658312,0.0369246905,0.136378606,0.0444213566
2667,0.435385968,1.00591716,72.1373266,42.2789446,0.436985008,0.297428085,68.4018389,2,0.16060851,0.0680722486,0.215216294,0.0159511871,0.0277076569,0.108879081,0.0373635123
2668,0.435648141,0.964497041,72.7333571,42.5060384,0.436516558,0.297553304,67.1026311,2,0.167708704,0.0736348257,0.210942712,0.0251702364,0.0384935966,0.128777753,0.0411292891
2669,0.435185085,0.982248521,73.29605,42.7671593,0.436947513,0.299824622,66.4504129,2,0.168236865,0.0694145667,0.214498026,0.0132719928,0.03419654,0.0871165019,0.0639998151
2670,0.436051104,1.01183432,73.8755761,43.0014195,0.437407482,0.290891341,67.0704043,2,0.169930876,0.0800862634,0.224832633,0.0109389437,0.0501087031,0.11646082,0.0327352248
2671,0.437556603,1.00591716,74.442998,43.2226366,0.437835207,0.290272572,68.4936779,2,0.163171844,0.0704773146,0.223541143,0.0210519023,0.0408172613,0.146843167,0.0246372242
2672,0.437646236,1.03550296,74.9948241,43.4588094,0.4387016,0.293657216,69.436684,2,0.163418897,0.0737491999,0.207005506,0.00311965207,0.0432292104,0.118325694,0.0989123453
2673,0.435356045,0.99408284,75.5757579,43.7084266,0.43904387,0.299127228,69.8615958,2,0.167319165,0.0749064747,0.223506365,0.0157481313,0.0469186417,0.084841818,0.0300533073
2674,0.435059614,1.01183432,76.1607238,43.9449028,0.438546198,0.30045297,69.456171,2,0.174386309,0.0662699593,0.221758522,0.00761507858,0.0316354876,0.0889414749,0.0330642946
2675,0.435079916,0.99408284,76.7671951,44.1524808,0.437313751,0.299942884,68.8101921,2,0.183862423,0.0763667675,0.21553924,0.0310988329,0.0286238453,0.132680948,0.060836017
2676,0.435559478,0.982248521,77.3622304,44.3613076,0.436712339,0.299145087,67.7809699,2,0.16190985,0.0698429195,0.218081813,0.0203621291,0.0415096177,0.124128696,0.0248245006
2677,0.435003216,1.01183432,77.9504389,44.6004273,0.436117431,0.298326191,66.0616167,2,0.171100607,0.0730351118,0.205913293,0.0191931981,0.0432621841,0.109155906,0.0927940673
2678,0.435087073,1,78.5129565,44.8617978,0.436510415,0.295980699,66.4369083,2,0.169715591,0.0713792162,0.224311837,0.00500936263,0.0394229264,0.0736262074,0.0304136985
2679,0.435924763,1,79.0820454,45.0840731,0.436863132,0.290637844,67.0957853,2,0.17315696,0.0618514519,0.224341671,0.0224759244,0.0397576549,0.105029431,0.0276644972
2680,0.437674529,0.98816568,79.6423565,45.3113159,0.437689347,0.293156644,68.5405111,2,0.161114312,0.074331819,0.215799542,0.0236431765,0.042404807,0.137715121,0.0607471383
2681,0.436471777,1,80.2033874,45.5539061,0.438598789,0.29642568,69.238611,2,0.164904783,0.0719351001,0.210299421,0.0171923982,0.0423561634,0.104190985,0.0538203396
2682,0.434606368,1.01183432,80.786849,45.7969457,0.438564373,0.302397271,69.4205047,2,0.168544516,0.0780745566,0.226300891,0.0195056206,0.0422361315,0.104853497,0.0303004553
2683,0.435583813,0.98816568,81.3687826,46.0232896,0.438162841,0.300223285,69.2769365,2,0.177637228,0.0692550711,0.229222502,0.0127222087,0.0464811419,0.114264332,0.0471935127
2684,0.435734016,1.01775148,81.9626202,46.2169234,0.437424221,0.301616132,68.6374337,2,0.159639428,0.0717825327,0.205934396,0.0152653651,0.0538515384,0.136984026,0.0576990382
2685,0.436799848,0.98816568,82.5590032,46.4415264,0.437207651,0.299005126,67.2103032,2,0.164984425,0.0731651926,0.215028131,0.0203182191,0.048691008,0.125619791,0.0429118592
2686,0.435587975,0.98816568,83.1316186,46.7002484,0.437405429,0.300026573,66.0480202,2,0.167191381,0.072038219,0.204850052,0.0148410035,0.0482761187,0.101182878,0.0577886389
2687,0.435578351,1.01183432,83.712064,46.9555848,0.437513386,0.293030549,66.42818,2,0.167376,0.0767896654,0.226052333,0.00275742206,0.0500292776,0.100669376,0.0396772559
2688,0.436442292,1,84.2804862,47.1760374,0.437699237,0.289979811,67.5459712,2,0.160632597,0.0672967766,0.224166435,0.0246309307,0.0458792678,0.131430936,0.0201160102
2689,0.437118173,1.04142012,84.8400653,47.4136253,0.438391837,0.293201519,68.6068346,2,0.162712895,0.0753043782,0.206105058,0.0197853172,0.0413529762,0.13573286,0.0625822246
2690,0.43528558,0.99408284,85.41576,47.6688597,0.438790599,0.296391757,69.3084161,2,0.166700934,0.0724145692,0.215766024,0.0130330204,0.0475139492,0.0852052322,0.0494927734
2691,0.434178542,1.0295858,86.0066995,47.9099699,0.437976361,0.296104515,69.1154447,2,0.17197968,0.0755411539,0.203871936,0.0166715583,0.0526366754,0.0905306209,0.0533372366
2692,0.435105865,1,86.6010305,48.1257423,0.437235801,0.29175077,68.8106681,2,0.181266102,0.0730979143,0.22090403,0.0217923636,0.0314415202,0.146117988,0.0375274168
2693,0.435440342,1.01775148,87.1837022,48.3250888,0.436582263,0.292632875,67.9136303,2,0.161329512,0.0677228158,0.213675426,0.0173672511,0.0276415511,0.109338043,0.0334978783
2694,0.435219919,1.00591716,87.7757212,48.5574594,0.436134717,0.29368493,66.4889988,2,0.168370643,0.0731592185,0.210505891,0.0253790258,0.0333767753,0.129582999,0.0440317889
2695,0.43527958,1.00591716,88.3349254,48.8183071,0.436454592,0.29810048,66.0716098,2,0.169036048,0.0685864989,0.218815074,0.00897444993,0.0293339478,0.0776233406,0.0477600238
2696,0.436243568,0.99408284,88.9075591,49.0542635,0.436985116,0.291907975,66.8994769,2,0.170430611,0.0776850033,0.213931044,0.0239704075,0.0308031182,0.116319788,0.0510659597
2697,0.438011121,0.99408284,89.4684761,49.2820508,0.43778752,0.294003771,68.42527,2,0.160657044,0.0718925075,0.222665538,0.0213888749,0.0439437044,0.143152876,0.0318960112
2698,0.437480278,1.02366864,90.0147095,49.5280342,0.439083041,0.297909848,69.4385915,2,0.164500534,0.0743737764,0.208660026,0.0024269707,0.0442836492,0.105882668,0.100942993
2699,0.43543015,1.00591716,90.5954417,49.7791606,0.43943628,0.300925943,69.8886035,2,0.168424385,0.075934382,0.227074043,0.0156057451,0.0457636782,0.0770874898,0.0228260442
2700,0.435777958,1.00591716,91.1829433,49.9998607,0.439394193,0.296223504,69.4157461,2,0.174733489,0.0656555212,0.227821697,0.0110504334,0.0487947197,0.104498827,0.0310641956
2701,0.435817573,0.99408284,91.7888949,50.2075739,0.438142685,0.294137712,68.8822587,2,0.184201482,0.0759560349,0.209035653,0.0309272126,0.0375845046,0.127798165,0.070717361
2702,0.435983135,0.982248521,92.3794015,50.4312685,0.437812258,0.29271649,68.0210741,2,0.162988571,0.0710299558,0.213878039,0.0135577546,0.0456272932,0.118429685,0.0302633806
2703,0.434394789,1.0295858,92.9694581,50.6714264,0.436823151,0.297464089,66.5356711,2,0.171397783,0.0740903789,0.205678236,0.0173021827,0.0444959657,0.101213353,0.0890763488
2704,0.434181772,0.99408284,93.5544555,50.9273108,0.43576099,0.297364797,66.1714902,2,0.164913367,0.0719890497,0.225073234,0.00603118537,0.0446290346,0.0879273194,0.0430159363
2705,0.43466469,0.982248521,94.1278758,51.1487156,0.435581258,0.293355989,66.5937046,2,0.158573681,0.0636634298,0.22144458,0.0259482511,0.0353338984,0.105699395,0.0209736305
2706,0.437127367,1,94.6850366,51.389544,0.436560361,0.293791662,68.1576392,2,0.162336625,0.0738135225,0.211069167,0.0250931539,0.0449287044,0.130996013,0.055516954
2707,0.436408323,1.01183432,95.2405136,51.6351772,0.437977984,0.29524506,68.4914303,2,0.166174644,0.0712404595,0.208881228,0.0194717518,0.0436138417,0.0986513385,0.0574100379
2708,0.435641824,1.02366864,95.8197721,51.8659516,0.438928996,0.293518625,68.7201487,2,0.169058938,0.0794848425,0.225890958,0.0162986019,0.0472927221,0.0973662155,0.0338720705
2709,0.436881497,1.01183432,96.3896062,52.0821404,0.439137583,0.29102095,68.8762042,2,0.177962597,0.0699523671,0.22763027,0.0137349546,0.0460115309,0.131262202,0.0405256984
2710,0.436944953,1.0295858,96.9722277,52.2838635,0.438794059,0.292900974,68.3458173,2,0.160685367,0.0726570028,0.205002588,0.00786411903,0.04950758,0.136679127,0.0745024641
2711,0.436498676,0.98816568,97.5607048,52.5221202,0.438804231,0.294297443,67.6554658,2,0.165011013,0.0743250896,0.215212435,0.00982684974,0.051067761,0.11475977,0.03710365
2712,0.434110853,1.01775148,98.1550534,52.7819242,0.437386148,0.301996325,66.7912189,2,0.17429771,0.0710038642,0.206749133,0.0150905524,0.0436577696,0.106918775,0.0597024524
2713,0.434202212,1.01183432,98.7583785,53.0241924,0.436166116,0.298232971,66.0550755,2,0.168099664,0.0770681751,0.223025022,0.0182961526,0.0424371067,0.125732305,0.0324855435
2714,0.435394476,1.00591716,99.3310727,53.2583726,0.436050388,0.292466599,67.5970354,2,0.161423011,0.0678254694,0.219785194,0.0287269168,0.0417295776,0.130414657,0.0211886153
2715,0.436719715,1.03550296,99.8859817,53.4980486,0.437010294,0.29239987,68.4079898,2,0.164032009,0.0738917529,0.204944555,0.0172751093,0.0349770119,0.126453772,0.0800608055
2716,0.435642416,0.976331361,100.455831,53.7402905,0.438039405,0.290471242,68.6640073,2,0.167817039,0.0717760095,0.217663755,0.0132053507,0.0395532111,0.0728689295,0.0400298549
2717,0.435561696,1.01183432,101.030578,53.9674071,0.438445353,0.286758453,69.2833518,2,0.172352787,0.068009687,0.204730053,0.0125784101,0.0407191792,0.11696597,0.0526408814
2718,0.436663424,1.01183432,101.608158,54.1763087,0.438274244,0.289293695,69.2886136,2,0.181377473,0.0739989656,0.21991319,0.0196464955,0.0321890321,0.148717881,0.0412967554
2719,0.436049884,1.01775148,102.184066,54.3882899,0.43818744,0.290259647,68.7595522,2,0.16231703,0.0698844355,0.21186152,0.0159384521,0.0320631422,0.109792061,0.0449139073
2720,0.43500004,1.00591716,102.769285,54.6270219,0.43790406,0.295606211,68.2427739,2,0.16827008,0.0750298452,0.214948176,0.0231182777,0.0349016217,0.125295193,0.036945405
2721,0.434047935,0.99408284,103.358769,54.8717865,0.436458147,0.303832633,67.3895921,2,0.161855768,0.0685613333,0.223892476,0.00483335724,0.0323136454,0.0776549785,0.0317102265
2722,0.43406326,0.98816568,103.962593,55.0976126,0.435147706,0.300149432,67.022661,2,0.157775198,0.0706836859,0.20372299,0.0227482562,0.0576459627,0.120128266,0.0330240302
2723,0.437158819,0.98816568,104.526285,55.3348126,0.435826663,0.294733381,68.4142482,2,0.164473196,0.070953599,0.218016722,0.0265850556,0.0461478931,0.138853159,0.0432361584
2724,0.437895578,1,105.070631,55.5666992,0.43775271,0.294215805,68.5879046,2,0.165104676,0.0725048688,0.206582106,0.00902996573,0.0435085517,0.0994604861,0.0895585993
2725,0.436351824,1,105.642599,55.806042,0.438994067,0.293032659,69.0130587,2,0.168844407,0.0757112955,0.226870251,0.0163057573,0.0462748852,0.0777473407,0.0218630946
2726,0.437072984,0.98816568,106.208965,56.0227354,0.439798758,0.292270325,69.2345765,2,0.175140083,0.0661306343,0.230651827,0.0094810061,0.0533712186,0.111635982,0.0370044435
2727,0.436906983,1.00591716,106.797113,56.2248018,0.439381088,0.29622378,68.9149179,2,0.159762529,0.0769218544,0.211431694,0.0254838276,0.0421856487,0.125698651,0.0684962863
2728,0.436316923,0.98816568,107.38139,56.4547641,0.439439941,0.298411255,68.5792655,2,0.163355689,0.0726557762,0.217096044,0.0100790424,0.0493383868,0.11678718,0.0315360783
2729,0.434230619,1.0295858,107.971318,56.7022241,0.438369354,0.304236487,67.589481,2,0.171426851,0.0756765806,0.208918984,0.0154815145,0.0458598252,0.101365067,0.0840836812
2730,0.433645453,0.99408284,108.579068,56.9485418,0.436232625,0.303819477,66.7370067,2,0.165297932,0.0730950291,0.226787046,0.00964463308,0.0462511999,0.0980706895,0.0478047294
2731,0.434259023,0.982248521,109.170907,57.1678636,0.435236397,0.297983351,66.918334,2,0.158920425,0.0638439113,0.221981606,0.0314590334,0.0378643471,0.114607159,0.0205164419
2732,0.437106506,0.98816568,109.74119,57.4083963,0.435921805,0.289970047,67.7441245,2,0.162631191,0.0728346125,0.206169264,0.0286944041,0.0394309669,0.131789518,0.0546768733
2733,0.437079164,1,110.301102,57.6499449,0.437416047,0.289291183,67.8748296,2,0.166405389,0.0705183525,0.208669643,0.0159455764,0.0409169214,0.0945318927,0.0615432162
2734,0.43587872,1.01775148,110.871203,57.8848639,0.438725163,0.287896061,68.6684838,2,0.169862541,0.0800730347,0.223745118,0.015619496,0.0415859732,0.103774249,0.034747871
2735,0.43725538,1.00591716,111.437898,58.0960246,0.439235087,0.289712478,68.886784,2,0.178717164,0.0714501767,0.226621889,0.0134575471,0.0434749773,0.134334729,0.0412416822
2736,0.436930699,1.01775148,112.012222,58.2958395,0.439348319,0.293313065,68.7214467,2,0.160872492,0.0725768326,0.20687421,0.00377515789,0.0458639762,0.129472496,0.0805066697
2737,0.436178658,1.00591716,112.600504,58.5330949,0.439355344,0.297389174,68.3617671,2,0.165632874,0.0752789977,0.215508937,0.0133514429,0.0505085341,0.115416985,0.0353769095
2738,0.433877168,1.0295858,113.198031,58.7913913,0.437685332,0.303906504,67.6656883,2,0.174969233,0.070276704,0.209581454,0.0141821315,0.0387870518,0.103333797,0.0673440548
2739,0.4339556,1.01775148,113.809051,59.0243445,0.436214661,0.298152535,66.5166463,2,0.168891428,0.0780239071,0.221690789,0.0190119835,0.0433998832,0.127405119,0.0286652211
2740,0.43569878,0.99408284,114.38454,59.2603864,0.43603433,0.290032175,68.1804814,2,0.16225844,0.0680553213,0.218568476,0.0275766408,0.0418250607,0.138297928,0.0220901479
2741,0.436955536,1.02366864,114.941391,59.4949265,0.436817103,0.288500326,68.7283392,2,0.163983227,0.0730274401,0.203045023,0.0123609161,0.0378890328,0.119182084,0.0943585753
2742,0.435726715,0.970414201,115.511612,59.7336208,0.437849976,0.28907678,68.8954049,2,0.167712825,0.0726569516,0.21923751,0.0131677817,0.0406222166,0.0738012097,0.0335712847
2743,0.435940292,1.01183432,116.080166,59.9602166,0.438533718,0.287602086,69.5556908,2,0.173127587,0.0653696977,0.214817917,0.0116722691,0.0293862605,0.0946674692,0.0479905143
2744,0.436351751,0.99408284,116.661013,60.1643896,0.438346039,0.292471752,69.3004522,2,0.182203336,0.0756933395,0.219938985,0.0201537642,0.0300152149,0.144073771,0.0460395581
2745,0.435696239,1.00591716,117.241493,60.3734684,0.438205777,0.294729818,68.8058303,2,0.162085444,0.0703016063,0.215717654,0.0166605266,0.0349156171,0.111191722,0.0285866067
2746,0.434363741,1.01775148,117.834575,60.609722,0.437592637,0.299260571,67.9499922,2,0.169290233,0.075108595,0.211893483,0.0235501059,0.0327686729,0.127445781,0.054331704
2747,0.433681971,0.98816568,118.424426,60.8584264,0.436096037,0.303536913,67.049001,2,0.162881656,0.0694428008,0.223895177,0.00435659412,0.0352782795,0.0751913903,0.0318545812
2748,0.434635089,1,119.015585,61.0830951,0.43553743,0.295194113,67.1714514,2,0.157548361,0.0642712505,0.209322508,0.00419173337,0.0449485861,0.12161096,0.0564837842
2749,0.437036778,0.99408284,119.585042,61.3160041,0.435957942,0.289991554,68.6610391,2,0.165391279,0.0712642819,0.215693915,0.027111295,0.0425009963,0.141139724,0.0529556179
2750,0.437669638,1.00591716,120.13543,61.546006,0.437442675,0.290928336,68.8978871,2,0.164781344,0.0712685868,0.206825017,0.0134766033,0.0398600171,0.104285654,0.0701715822
2751,0.435669118,1,120.707401,61.7847203,0.438560254,0.294355125,69.1913014,2,0.168511254,0.0764508013,0.226530025,0.0179214884,0.0448257819,0.089417683,0.027472633
2752,0.43689091,0.99408284,121.273627,62.0035289,0.439176858,0.294584304,69.3548419,2,0.176150415,0.0676797339,0.230015177,0.00667103492,0.0481413124,0.104376553,0.0380516271
2753,0.436662677,1.01775148,121.860065,62.1960059,0.439129128,0.300571683,68.9677532,2,0.159312593,0.0767385838,0.20989263,0.0252123174,0.047863879,0.119351059,0.059138868
2754,0.436900878,1.00591716,122.450278,62.4174779,0.438990845,0.3027864,68.317114,2,0.163285596,0.0734037652,0.21937081,0.0133423409,0.0497708364,0.125289615,0.0341077176
2755,0.434830416,1.02366864,123.037341,62.668506,0.438209687,0.306552804,67.0768243,2,0.172458452,0.074432998,0.206906856,0.0125066074,0.0519643709,0.0946675028,0.0851161462
2756,0.434324435,0.99408284,123.638921,62.9178284,0.437036052,0.300294816,66.4305687,2,0.166233141,0.0750350173,0.226669215,0.00417710086,0.0487504479,0.0905803973,0.0385280346
2757,0.435717636,0.982248521,124.2164,63.1423468,0.436977982,0.290541725,67.2943734,2,0.159631256,0.0645789455,0.223295298,0.0289303428,0.0463816581,0.12684653,0.0261764265
2758,0.437022254,1.0295858,124.788356,63.3817566,0.43730371,0.288213118,68.471467,2,0.162214947,0.0739270541,0.204686607,0.0260358629,0.0404826931,0.133716595,0.0579133855
2759,0.436408001,0.99408284,125.363434,63.6234953,0.437916212,0.28932242,68.7935846,2,0.165992115,0.0712256563,0.210611096,0.0122948791,0.0457640746,0.093083435,0.0539669262
2760,0.434779838,1.03550296,125.939472,63.8648467,0.438144167,0.29177125,69.1419507,2,0.170929251,0.0786094736,0.21479516,0.0156370173,0.0292947694,0.112459695,0.0437083008
2761,0.435920088,1.01183432,126.520461,64.0800336,0.438011467,0.291674989,69.1170643,2,0.180007197,0.0724885379,0.224812006,0.0149334839,0.039066704,0.132856984,0.046698875
2762,0.435764743,1.01775148,127.099575,64.2717914,0.437645445,0.296390649,68.7544839,2,0.160496741,0.0690394844,0.213036786,0.0117276625,0.0308739913,0.112763915,0.0511116544
2763,0.435862021,0.976331361,127.69524,64.4969312,0.437314144,0.297862167,67.5745517,2,0.167113131,0.0743340852,0.212110218,0.0230157613,0.0422973911,0.126210146,0.0394851231
2764,0.434902594,0.99408284,0.267283587,64.7580498,0.437142441,0.301210751,66.7292833,2,0.168094528,0.0698024332,0.212463512,0.0145042043,0.036637402,0.0928321253,0.067442837
2765,0.435618853,1.01775148,0.852883879,64.9921795,0.437336606,0.291945561,66.9917637,2,0.169576311,0.0798158875,0.225207422,0.00861168908,0.0521370557,0.112471675,0.0370063972
2766,0.437151347,0.99408284,1.4227081,65.215807,0.437584877,0.288856474,68.5197726,2,0.162854814,0.0696936666,0.222644574,0.0218957423,0.0409269854,0.145843888,0.0224295862
2767,0.437444817,1.03550296,1.97787751,65.4511788,0.438237427,0.291362359,69.4716422,2,0.163299669,0.0735281553,0.205386051,0.00564293568,0.0425602669,0.121339208,0.0973346214
2768,0.435266044,0.99408284,2.55881762,65.698305,0.438606619,0.295942679,69.7688091,2,0.167161016,0.0742178965,0.221508771,0.0147421362,0.0463887544,0.0841189069,0.03148161
2769,0.434975432,1.01775148,3.13944242,65.9344699,0.438308122,0.297309736,69.5157249,2,0.174053788,0.0663593469,0.217833454,0.00964765784,0.0279095842,0.0921306903,0.0449091224
2770,0.435030991,1,3.73991955,66.1409222,0.437339631,0.29838271,68.8460169,2,0.183436243,0.076224366,0.217875677,0.0276071123,0.0271817401,0.137059743,0.0521461173
2771,0.435391616,0.98816568,4.33243881,66.3464791,0.436621276,0.298554707,67.9355087,2,0.161663735,0.0693212893,0.218626637,0.0199273372,0.0394012811,0.121860844,0.0225835139
2772,0.434907893,1.00591716,4.92046657,66.5838919,0.436039163,0.298978093,66.3750017,2,0.17063229,0.0729920044,0.207144835,0.0207763429,0.0405989994,0.116131537,0.086184757
2773,0.435003608,0.99408284,5.48217414,66.8425535,0.436438435,0.297442295,66.5906302,2,0.169414898,0.0706317026,0.223940659,0.00604706265,0.037232033,0.0716392317,0.0297235496
2774,0.435890493,1,6.05365507,67.0661682,0.436733464,0.290902702,67.1911775,2,0.17271336,0.0612218755,0.223083225,0.0199116043,0.0355811659,0.100332532,0.0266184666
2775,0.437754531,1,6.61380183,67.2905699,0.437576811,0.293219767,68.7184957,2,0.160790155,0.0736986919,0.218086474,0.0232510223,0.0409075354,0.142073763,0.0566001236
2776,0.436798657,1.00591716,7.17396552,67.5287622,0.438526291,0.295897809,69.3850362,2,0.16451191,0.0719652947,0.210500252,0.0155621815,0.0405550508,0.105696337,0.0594678164
2777,0.434829783,1.00591716,7.75771627,67.7737802,0.43850139,0.302892862,69.5931495,2,0.168089317,0.0774538694,0.226588528,0.0199096196,0.0427881025,0.102999534,0.0302075301
2778,0.435473343,1,8.3391213,68.0036956,0.438154516,0.302684883,69.4727269,2,0.17717377,0.0688061416,0.230242145,0.0113686559,0.0458654093,0.106894177,0.044182215
2779,0.43560625,1.01183432,8.93602362,68.1972847,0.437413103,0.304519864,68.8973549,2,0.159332574,0.0730407805,0.206296449,0.0222523537,0.0553503236,0.132066539,0.0454401562
2780,0.436960815,0.98816568,9.53230823,68.4183322,0.437207875,0.301469692,67.5368897,2,0.164567316,0.0728883154,0.216390417,0.0217516871,0.0485011375,0.128163258,0.0425275521
2781,0.435757336,0.99408284,10.105693,68.6723188,0.437441151,0.30164012,66.268984,2,0.166754982,0.0725558313,0.204873762,0.0138619066,0.0498600026,0.0984662631,0.0663210704
2782,0.435557469,1.01183432,10.6848157,68.9292065,0.437581448,0.294242516,66.6791844,2,0.166950246,0.0760745566,0.226473125,0.000959116779,0.0502466268,0.0924127014,0.036855789
2783,0.436507455,1.00591716,11.252078,69.1479137,0.437889333,0.290806899,67.5433763,2,0.160188719,0.0663519729,0.225412011,0.0242972976,0.0487906362,0.129640315,0.0235829369
2784,0.437315215,1.01775148,11.8142368,69.3813004,0.438560626,0.293501343,68.5413922,2,0.162207819,0.0754277209,0.206800447,0.0217599844,0.0432677688,0.134990676,0.0577754194
2785,0.435650528,1,12.3899955,69.6320615,0.438992132,0.296776242,69.1649299,2,0.166125962,0.0723580289,0.214590352,0.0129092187,0.0494515007,0.0913671424,0.0509768234
2786,0.434251426,1.02366864,12.9791761,69.8770143,0.43813782,0.29880194,69.0071608,2,0.171549626,0.077499475,0.209629501,0.0165664377,0.0417018068,0.0999871693,0.0604744797
2787,0.434889781,1.01775148,13.575628,70.0985875,0.437170792,0.294631644,68.7555278,2,0.180869188,0.0728028927,0.223144898,0.019685638,0.0349862732,0.141286034,0.0406379925
2788,0.435202964,1,14.1607371,70.2931504,0.436465282,0.29609156,67.8597462,2,0.160830475,0.0673925573,0.215070845,0.0177344581,0.02675454,0.108766321,0.0328950642
2789,0.435599769,0.982248521,14.7567766,70.522748,0.435931669,0.294615961,66.3048781,2,0.168074634,0.0730045338,0.209929713,0.0257059165,0.0349666464,0.129934031,0.0427874479
2790,0.435538181,0.98816568,15.3099914,70.7891236,0.436811866,0.296994024,66.1355367,2,0.168580056,0.0690190582,0.215949359,0.0119529898,0.0306517214,0.0825514232,0.0587638565
2791,0.436417136,1,15.8843796,71.0246839,0.43738923,0.290233002,66.9955914,2,0.170068431,0.0795333424,0.221459742,0.0168251127,0.0403794528,0.124655517,0.0264753464
2792,0.437883034,1.00591716,16.4478218,71.2467131,0.438076714,0.292341829,68.4075977,2,0.160104892,0.0713988807,0.223779193,0.0209009397,0.0422135946,0.145151374,0.0265157834
2793,0.437494835,1.03550296,16.9961002,71.4887564,0.43915324,0.296265448,69.4251938,2,0.163886819,0.0743339218,0.20804684,0.00250154347,0.0438702039,0.113483148,0.100984436
2794,0.435170368,1.01183432,17.5769866,71.7438605,0.439333066,0.301556295,70.0531676,2,0.16787282,0.0754295192,0.225422137,0.0157838922,0.0465357604,0.0797707113,0.0270608172
2795,0.435064324,1,18.1677574,71.9731588,0.438811133,0.299193098,69.4703797,2,0.17449621,0.0655190813,0.225042511,0.00890330246,0.0408914312,0.0934509292,0.02370645
2796,0.435280308,0.99408284,18.7762629,72.1810672,0.437462493,0.296151732,68.8850536,2,0.184004108,0.075753649,0.211434526,0.0324154002,0.0327095194,0.129927825,0.0684863667
2797,0.435706021,0.98816568,19.3697401,72.3970272,0.436924362,0.294793135,67.8459614,2,0.16245355,0.0700549576,0.215241131,0.017399701,0.0432792287,0.121090322,0.0276714164
2798,0.434815286,1.02366864,19.9588922,72.6339663,0.436249642,0.297081127,66.0603686,2,0.17123269,0.0734056831,0.205560275,0.0190675622,0.0437130503,0.105375774,0.0917948775
2799,0.434740399,1.00591716,20.5288023,72.8966111,0.436051787,0.295941555,66.2903952,2,0.170259549,0.0715910359,0.225013774,0.00389447442,0.0420002372,0.0796276614,0.0361873507
2800,0.435553882,0.99408284,21.0963608,73.1177683,0.436385725,0.291684475,66.8781948,2,0.173380638,0.0632105775,0.222101913,0.0229064254,0.0350386551,0.102490679,0.0234857208
2801,0.43745558,0.99408284,21.6546423,73.351087,0.43742744,0.294247763,68.3668143,2,0.161735735,0.0744905887,0.214203266,0.0240775322,0.0448581386,0.133523201,0.0592690633
2802,0.43637255,1.01183432,22.2125845,73.5988436,0.438465285,0.297438576,69.0377946,2,0.165606932,0.071937984,0.209364442,0.0186235669,0.0439865367,0.101304295,0.0546096805
2803,0.434981975,1.01775148,22.7974084,73.8340433,0.438826075,0.299217931,69.0190434,2,0.168709506,0.0789055028,0.226418314,0.0175119328,0.0454404144,0.0995697565,0.0309404102
2804,0.436290874,1.01183432,23.3737895,74.0533796,0.4388754,0.294765036,69.0097393,2,0.177715461,0.0695342994,0.227962942,0.0132759289,0.0469787117,0.123932972,0.0449311237
2805,0.436310203,1.0295858,23.9646569,74.2520774,0.438152135,0.295784622,68.4139257,2,0.16018871,0.0721748536,0.204610092,0.0117121688,0.0515292634,0.137908291,0.0661481866
2806,0.436568735,0.98816568,24.5576851,74.4840699,0.437996582,0.295152999,67.2721445,2,0.164963829,0.0736654703,0.214250974,0.0140001015,0.0498494393,0.119861849,0.0397264104
2807,0.43462822,1.01183432,25.1434903,74.7429172,0.43719134,0.300967118,66.0648955,2,0.167858082,0.0715287142,0.205142445,0.015100263,0.0467347092,0.104005431,0.0555619086
2808,0.434797933,1.00591716,25.7341616,74.9954754,0.436628734,0.295047797,65.9375053,2,0.167721276,0.0768863506,0.22444867,0.0114081687,0.0469155602,0.115113465,0.0392328161
2809,0.435707295,0.982248521,26.3032801,75.2227817,0.4366989,0.291060655,67.4263457,2,0.160988751,0.0676596994,0.221580652,0.0268409646,0.0423242816,0.130142669,0.0199561847
2810,0.436712409,1.02366864,26.858221,75.4649882,0.437478822,0.293305142,68.5123916,2,0.163515441,0.0745777616,0.20569189,0.0183357522,0.0369480358,0.132350716,0.0703942462
2811,0.435201974,0.98816568,27.4293358,75.7171151,0.438175196,0.294678285,69.0359409,2,0.167454924,0.0718791075,0.216943094,0.0139203271,0.0421654253,0.0769450931,0.0459926974
2812,0.434854081,1.01775148,28.0142486,75.9462091,0.438193527,0.2899159,69.2481174,2,0.172097634,0.0737702438,0.200835094,0.01486969,0.0562579058,0.0976887974,0.0363426662
2813,0.436145445,1.00591716,28.5972213,76.1577919,0.43780369,0.289194765,69.1026973,2,0.181206583,0.0732002031,0.219961342,0.0206445918,0.0312895171,0.148970623,0.0382889628
2814,0.435947199,1.02366864,29.1744825,76.3654247,0.437486016,0.289844847,68.4412681,2,0.161959761,0.0688876999,0.211624876,0.0153832057,0.0295477695,0.109766944,0.0438818965
2815,0.435096486,1.00591716,29.7606577,76.6028514,0.4372568,0.294357394,67.5987437,2,0.168135276,0.0742853782,0.21368282,0.0236829889,0.0349986814,0.126635082,0.0376890753
2816,0.434490657,1.01183432,30.3396453,76.8515428,0.43633661,0.302826993,66.8602231,2,0.161556958,0.0683772834,0.222043163,0.0063072833,0.0299785044,0.0771939776,0.0375714882
2817,0.435005129,1.00591716,30.9299484,77.0839237,0.435867533,0.297238815,66.848082,2,0.170780444,0.0743525627,0.206756805,0.0282913839,0.0441955248,0.104157358,0.0532579421
2818,0.437449755,0.98816568,31.4915042,77.3218561,0.436522749,0.29574864,68.5478234,2,0.163929753,0.0712953039,0.220181648,0.0242660383,0.0463550946,0.139315374,0.037378752
2819,0.43776241,1.00591716,32.03461,77.5599669,0.438350279,0.297052101,69.0160281,2,0.164999483,0.0736455282,0.207722052,0.00589715343,0.0439578429,0.0999593265,0.0977805911
2820,0.436047748,1,32.6145894,77.8002274,0.439127343,0.295765679,69.1546967,2,0.168753554,0.0755920878,0.226762175,0.0157226602,0.0458816031,0.0759753479,0.0210816098
2821,0.436630552,0.99408284,33.1860645,78.0188697,0.439788127,0.293250336,69.2616462,2,0.174782258,0.0656022211,0.229935576,0.0108241201,0.053286811,0.111359875,0.0365078899
2822,0.436609213,1.01183432,33.7809038,78.2250313,0.438938921,0.294637708,68.8192391,2,0.159766115,0.0764846985,0.21075582,0.0272451661,0.039912169,0.128372154,0.0699683769
2823,0.436098645,0.98816568,34.3665494,78.4547382,0.438921491,0.294745345,68.3218112,2,0.163355285,0.0718900585,0.215083828,0.0109548019,0.0474965756,0.115566623,0.0312541464
2824,0.434228939,1.04142012,34.9563549,78.7014288,0.437849789,0.300347318,67.3164147,2,0.171193046,0.0753472214,0.20835344,0.0168776635,0.0427598797,0.104651573,0.0817376435
2825,0.43383274,0.99408284,35.5561316,78.9481944,0.435936948,0.301570913,66.5732157,2,0.164939556,0.0722516058,0.226118532,0.00911900048,0.0452856081,0.0957497025,0.0479585408
2826,0.433980626,0.976331361,36.1440145,79.167082,0.434987449,0.298149379,66.6444739,2,0.158860656,0.0637939607,0.221509852,0.0287499221,0.034460359,0.108365437,0.0189186387
2827,0.437097465,1,36.707721,79.4094078,0.435861165,0.292753194,67.6954863,2,0.162646997,0.0730051584,0.208624537,0.0275675539,0.042093419,0.130921729,0.0533658639
2828,0.436883624,1,37.2650698,79.6513124,0.437497169,0.291195428,67.7336645,2,0.166426756,0.0706365045,0.208178119,0.0177825704,0.0412971075,0.0972417774,0.061081803
2829,0.436104287,1.01183432,37.8349666,79.8864538,0.438853392,0.289408541,68.4885999,2,0.169296354,0.0797929553,0.225743299,0.0150338107,0.0481941631,0.0955588308,0.0371640212
2830,0.437382434,1.01183432,38.4014484,80.098849,0.439311994,0.289489335,68.7496243,2,0.178147632,0.0705261323,0.227169513,0.0137776484,0.0454608326,0.13445988,0.0376592614
2831,0.437150591,1.02366864,38.9765124,80.3037047,0.439386048,0.292550448,68.4573145,2,0.160995385,0.0734052741,0.205428823,0.00631759952,0.0490348878,0.134343881,0.0794038954
2832,0.43619542,0.99408284,39.5616256,80.5454485,0.439517978,0.29637787,68.210631,2,0.1650254,0.0749721852,0.21632586,0.00914969885,0.0522014914,0.111130956,0.0363116124
2833,0.43381858,1.01775148,40.160136,80.8056103,0.437796988,0.302596019,67.5985132,2,0.174377124,0.0705701578,0.207602357,0.014884882,0.0415599942,0.108165162,0.0629566046
2834,0.433644492,1,40.7753049,81.0383652,0.435894577,0.300537855,66.4294225,2,0.168364139,0.0770546932,0.221693719,0.0219568706,0.0394716489,0.130512118,0.0284696462
2835,0.435076434,1,41.3529436,81.2751086,0.435505632,0.293315231,67.7411339,2,0.161764744,0.0676225279,0.218574713,0.0295931019,0.0418357129,0.131949363,0.021740003
2836,0.436952002,1.02366864,41.9106617,81.5070885,0.436600949,0.289000316,68.133023,2,0.164173258,0.0731520749,0.203423559,0.0166205166,0.0354436207,0.121985684,0.0873232912
2837,0.436051251,0.964497041,42.4759874,81.7484876,0.437877252,0.288167975,68.4353866,2,0.167945118,0.0719203486,0.218244683,0.0125732821,0.0382940216,0.0713937554,0.0367160891
2838,0.436086568,1.01183432,43.0435156,81.9743987,0.438645399,0.28646278,69.2700967,2,0.172554931,0.0653288411,0.212496989,0.0114605376,0.029850192,0.101178756,0.0527605655
2839,0.436953037,1.01775148,43.6193796,82.1816667,0.438581761,0.291145795,69.3255057,2,0.181552806,0.0749463362,0.22047759,0.0190117867,0.0322625226,0.147267396,0.0434886459
2840,0.436011954,1.01183432,44.1947369,82.3950897,0.43874714,0.292864928,68.9386261,2,0.162423276,0.0708002293,0.212970494,0.0164266362,0.0334091521,0.10940966,0.0422171047
2841,0.434675079,1.01775148,44.7835865,82.6363115,0.438237523,0.297735781,68.597886,2,0.168493539,0.075615282,0.21501568,0.0232376369,0.0339409595,0.125358873,0.0377936678
2842,0.433601543,0.98816568,45.3797606,82.8801863,0.436439782,0.304575824,67.6651466,2,0.17780876,0.0688145386,0.224305495,0.00410613983,0.0343155417,0.0781233367,0.0310886953
2843,0.433744023,0.99408284,45.9855901,83.1032766,0.434982364,0.300359245,67.2917474,2,0.157863697,0.0679662137,0.204120294,0.0144313283,0.0576850298,0.131097994,0.0452852033
2844,0.436851548,0.99408284,46.555604,83.3383045,0.435410057,0.292207457,68.2959813,2,0.164931313,0.0706229574,0.215732574,0.028087257,0.0451794834,0.138473715,0.0480507753
2845,0.437774168,1.00591716,47.1016274,83.5683264,0.437186941,0.291356721,68.3759873,2,0.1651301,0.0715067417,0.205630561,0.0116657351,0.0419939071,0.100979411,0.0803771106
2846,0.436323057,1,47.668782,83.8069429,0.43866304,0.290826523,68.9266866,2,0.168858483,0.0757715664,0.226481234,0.0166711766,0.0461906779,0.0804127291,0.02340884
2847,0.437192354,1.01183432,48.2318862,84.0225378,0.439537097,0.291024785,69.1862018,2,0.175498222,0.0666277028,0.230522239,0.0081547834,0.0523579681,0.110551201,0.037203542
2848,0.437105847,1.01183432,48.8133065,84.2201447,0.439568391,0.297653699,68.9568023,2,0.159689761,0.077285648,0.21157908,0.024288544,0.0439798754,0.12326179,0.066487607
2849,0.436526465,0.98816568,49.3977255,84.4492588,0.439661207,0.30089367,68.6793678,2,0.163269669,0.0732664428,0.218486459,0.0094278421,0.0504234571,0.118095749,0.0316162776
2850,0.434192754,1.02366864,49.9883245,84.6973065,0.438580184,0.306689203,67.6404693,2,0.17169257,0.0757559603,0.208874315,0.0139364883,0.048618088,0.0977563749,0.0859780718
2851,0.43352209,0.99408284,50.6003159,84.9434614,0.436442853,0.304568626,66.6907416,2,0.165629936,0.0739018376,0.22705781,0.00902209443,0.0470576325,0.0975354682,0.046422825
2852,0.434553189,0.98816568,51.1916439,85.1660546,0.435600469,0.295759072,67.1018129,2,0.159244436,0.0639954346,0.22174592,0.0323607407,0.0402087988,0.119760038,0.0222874484
2853,0.437048681,1,51.7652314,85.4056331,0.436151067,0.287447064,67.9015425,2,0.162588017,0.0728340944,0.204362126,0.028835894,0.0379995626,0.132531563,0.05587744
2854,0.437055207,1.01183432,52.3292226,85.6472288,0.437377918,0.287834014,68.060019,2,0.166362949,0.0705692035,0.208873468,0.0140406519,0.0414529066,0.0925245342,0.0603512648
2855,0.43569942,1.02366864,52.8994349,85.8825845,0.438607084,0.286718702,68.8594125,2,0.17030367,0.0799893287,0.22077114,0.0158382282,0.0341763032,0.110859751,0.0302731201
2856,0.43706205,1.00591716,53.4678295,86.0933828,0.439111388,0.289476202,68.9864354,2,0.179184836,0.0721687359,0.225739014,0.0135295912,0.0416575436,0.133999357,0.0434742044
2857,0.436767142,1.02366864,54.0420883,86.2899853,0.43919118,0.293597229,68.8518872,2,0.16078102,0.071846398,0.208220481,0.0055549981,0.0413052033,0.123897949,0.0754456642
2858,0.435988458,1.02366864,54.6342483,86.5228754,0.439039306,0.29779331,68.3284128,2,0.16616013,0.0754150126,0.214365902,0.0168507595,0.0481486158,0.118966122,0.0355530771
2859,0.43389016,1.01775148,55.2290848,86.783165,0.437460087,0.303661527,67.6257064,2,0.17545445,0.0700126679,0.210794007,0.0138203686,0.0370676492,0.098432722,0.06807918
2860,0.434156325,1.02366864,55.8356174,87.0130107,0.436423135,0.295695128,66.5659034,2,0.169306522,0.0787758592,0.221907984,0.0158426537,0.0470775134,0.123591408,0.0302420364
2861,0.436035411,1.00591716,56.4083128,87.2478884,0.436429916,0.287424415,68.3946223,2,0.162629888,0.0684773642,0.218595599,0.0255943271,0.0411164297,0.142303264,0.0229228626
2862,0.437038682,1.02366864,56.9648424,87.4811374,0.43707606,0.28673948,69.0411975,2,0.163767772,0.0728206933,0.202568871,0.00875002822,0.0396865211,0.117807433,0.0974419181
2863,0.435473571,0.98816568,57.5390806,87.7211064,0.437800529,0.288706514,69.1173689,2,0.167517288,0.0731298924,0.219461325,0.0141125642,0.0422879273,0.0769934286,0.0314038152
2864,0.435691183,1.01775148,58.1068265,87.951269,0.438369039,0.288631921,69.6628079,2,0.173544164,0.065553908,0.216167882,0.0117315048,0.0290960027,0.0914371918,0.0445181293
2865,0.435949065,0.99408284,58.6912148,88.1528527,0.438107417,0.293759121,69.2050792,2,0.182675231,0.0761356027,0.219487183,0.0214907429,0.0287160434,0.141293328,0.0475751172
2866,0.43558865,1.00591716,59.2752622,88.3606297,0.437703421,0.296403561,68.6473713,2,0.161884839,0.0700698611,0.217434814,0.0167358852,0.0367215439,0.114254175,0.0238157662
2867,0.434422728,1.01183432,59.8671632,88.5958911,0.437159988,0.300239339,67.4383067,2,0.169799425,0.0745692575,0.210211842,0.0229307934,0.0351565141,0.124752794,0.067074951
2868,0.433933136,0.98816568,60.4499436,88.8481029,0.436180228,0.302173492,66.8410848,2,0.163280369,0.0699875691,0.223925451,0.00491707338,0.0361888741,0.073627463,0.0312741576
2869,0.435183097,0.98816568,61.0339141,89.0733176,0.436012921,0.292391866,67.1777059,2,0.157395587,0.0620862719,0.215492913,0.01379988,0.0330779785,0.104690279,0.0424373141
2870,0.437216627,1.00591716,61.6032142,89.3039703,0.436459821,0.288709463,68.7616895,2,0.160999536,0.0719416918,0.215438053,0.0259794951,0.0407679992,0.141653727,0.0557493289
2871,0.437392248,1,62.1579208,89.5352988,0.437716165,0.290759491,69.1486941,2,0.164614043,0.0712405818,0.207646509,0.0145373027,0.0388018313,0.105609843,0.0636898705
2872,0.435369999,1.00591716,62.7345346,89.7743913,0.438410692,0.295806329,69.3094349,2,0.168349864,0.076701616,0.225649331,0.0190757755,0.0430861499,0.096571994,0.0291602243
2873,0.436365658,1,63.3030964,89.9987776,0.438744076,0.297440258,69.4067346,2,0.176610881,0.0682088669,0.230028722,0.00733609977,0.0465217256,0.103280154,0.0405310179
2874,0.436251927,1.01775148,63.8919832,90.1897907,0.438505408,0.302594775,68.9522337,2,0.159215479,0.0755815838,0.20838154,0.0249405167,0.0518954831,0.120869886,0.0496824223
2875,0.436981329,0.99408284,64.4840101,90.4098733,0.438362906,0.30295856,68.0650655,2,0.163812658,0.0733049485,0.218948575,0.0166806512,0.0494460657,0.12777673,0.037376981
2876,0.435109938,1.01183432,65.0670116,90.6630491,0.437801469,0.305453955,66.7872876,2,0.172922057,0.0735272973,0.206274735,0.0125960419,0.0519916435,0.0958885665,0.0784414013
2877,0.43499541,1.00591716,65.6582059,90.9137818,0.437298935,0.297065532,66.5576336,2,0.166534467,0.0754314791,0.226441991,0.00270868733,0.0494498753,0.0892061121,0.0359063597
2878,0.436187515,1,66.228898,91.1350406,0.437575667,0.290330645,67.4107078,2,0.159826531,0.0650825444,0.224871159,0.0261461303,0.0487769933,0.128779149,0.0264820812
2879,0.437286409,1.02366864,66.7970555,91.369988,0.438038415,0.290141627,68.4388704,2,0.162031062,0.074579177,0.205893001,0.0241415952,0.0420473227,0.134035826,0.0579455465
2880,0.436216651,1.00591716,67.3740746,91.6142018,0.438502324,0.292057406,68.8929294,2,0.165846903,0.0717773631,0.212500446,0.012221939,0.0477222813,0.0943926252,0.0513452513
2881,0.434566825,1.04142012,67.9564206,91.8590891,0.438122091,0.295279525,68.986233,2,0.171194073,0.0779941715,0.212627333,0.0159242147,0.0340163109,0.107602065,0.0540803826
2882,0.435338908,1.01775148,68.5445171,92.0802963,0.437556035,0.294422578,68.9120285,2,0.180383079,0.0726860891,0.224871178,0.0168986864,0.0379207002,0.134777475,0.0457946348
2883,0.435371281,0.99408284,69.1275127,92.2724487,0.436962412,0.298196569,68.3561406,2,0.160507011,0.068023196,0.215153062,0.0153661376,0.0279584596,0.109478,0.0395170377
2884,0.4357795,0.964497041,69.7241974,92.4994609,0.436483204,0.297569731,67.033338,2,0.167565584,0.073591918,0.211042177,0.0251774342,0.0392193586,0.128642978,0.0410450909
2885,0.43530621,0.98816568,70.2855002,92.7615264,0.43704177,0.299454543,66.4043028,2,0.16814885,0.0695263956,0.213619871,0.0138872662,0.034931207,0.0890810148,0.0658219455
2886,0.436102652,1.01775148,70.8651723,92.9968925,0.437489601,0.290660037,67.032117,2,0.169768316,0.0799887704,0.225286324,0.00968960866,0.0510077138,0.114143909,0.0349245006
2887,0.437554325,1.00591716,71.431919,93.2172323,0.437928865,0.29042084,68.4236371,2,0.162998734,0.0703583936,0.223854204,0.0209623916,0.0413050626,0.146231313,0.0232842251
2888,0.437635493,1.0295858,71.9844765,93.4534219,0.438777208,0.293711456,69.349809,2,0.163334717,0.0739419621,0.206860854,0.00432319217,0.0433481066,0.120244231,0.0982576329
2889,0.435335118,0.99408284,72.5651327,93.7044411,0.4390831,0.29924512,69.836806,2,0.167256892,0.0747652946,0.223103141,0.0154053587,0.0472230367,0.0845696037,0.0310441445
2890,0.434904902,1.01775148,73.1515687,93.9420131,0.438459429,0.300707835,69.4104269,2,0.174243261,0.0662566565,0.220608328,0.00785399174,0.030326861,0.0901572071,0.0370134136
2891,0.434975489,1,73.7580495,94.1513878,0.437183981,0.299731493,68.7807584,2,0.183719523,0.0761822298,0.215913231,0.0308560064,0.0280011174,0.134410993,0.0588521622
2892,0.435434236,0.98816568,74.3527962,94.3592376,0.436558695,0.298968507,67.7257886,2,0.161863087,0.0695629876,0.217933698,0.0204346166,0.0408153228,0.123192519,0.0243296175
2893,0.434985246,1.00591716,74.9417479,94.5979078,0.435973658,0.297769898,65.9842346,2,0.170964811,0.0729196839,0.206016757,0.0198781926,0.0421068892,0.111072582,0.0910746826
2894,0.435160935,1,75.5014305,94.860208,0.436482944,0.29588537,66.422983,2,0.16969075,0.0711165169,0.224197446,0.00501716234,0.0383794701,0.0730175052,0.0303071338
2895,0.435964543,1,76.0700528,95.0830067,0.436856967,0.290908526,67.1228535,2,0.172969574,0.0620417585,0.22324557,0.0210370917,0.036238851,0.101281626,0.0257860467
2896,0.437733387,0.98816568,76.6300576,95.3098015,0.437708317,0.293744728,68.5587175,2,0.161090648,0.0742665337,0.216702107,0.0232842649,0.0425406538,0.138608756,0.0590904829
2897,0.436500709,1,77.1897665,95.5534479,0.438627369,0.297042158,69.300024,2,0.164897624,0.0720764842,0.21020729,0.016790437,0.0423688279,0.103954987,0.0564033677
2898,0.434633804,1.01183432,77.7731652,95.7964376,0.438657041,0.303018967,69.4857389,2,0.168330707,0.0780326492,0.226974494,0.0193713115,0.0436972493,0.10221835,0.0304179833
2899,0.435608633,0.98816568,78.3557839,96.0223919,0.438261749,0.300587723,69.2926081,2,0.177434124,0.0690041404,0.22938428,0.0128440225,0.0469155686,0.113969025,0.045953332
2900,0.435762074,1.01775148,78.9513183,96.2171557,0.437452939,0.301417214,68.6375308,2,0.159643058,0.0721905051,0.205454986,0.0176382166,0.0543571432,0.136411629,0.0540662278
2901,0.436745012,0.98816568,79.5472496,96.4417736,0.437266636,0.298956324,67.2281227,2,0.164800775,0.0730562171,0.21522095,0.0195979269,0.0489892343,0.125285082,0.0422439172
2902,0.435497384,0.98816568,80.121103,96.6999063,0.437356956,0.300343413,66.0137114,2,0.167186036,0.0721667849,0.20464596,0.0145488092,0.0490460807,0.100135332,0.0587661393
2903,0.435485989,1.00591716,80.7020531,96.9567064,0.43736754,0.29354375,66.3363229,2,0.16721958,0.0764737241,0.226023638,0.00346061068,0.0495840139,0.100934459,0.0402846346
2904,0.436294898,1.00591716,81.2702937,97.1773638,0.437555392,0.290537866,67.4218898,2,0.160473338,0.0670725483,0.224119091,0.0252468247,0.0456857238,0.129743483,0.0206135435
2905,0.437066912,1.02366864,81.8294848,97.4161718,0.438265944,0.293745272,68.532383,2,0.162752684,0.0753096644,0.206536785,0.0204313629,0.0410607085,0.135724407,0.0607198798
2906,0.435297552,0.99408284,82.4039813,97.6717061,0.438721199,0.29685662,69.245942,2,0.166745407,0.072237545,0.215504048,0.0135053505,0.0471039659,0.0851985928,0.0510811051
2907,0.4343135,1.01775148,82.994682,97.9104499,0.438071075,0.295778949,69.06615,2,0.171791906,0.0768909975,0.206303337,0.01708895,0.047215211,0.0942441039,0.0590949816
2908,0.435303229,1,83.5871668,98.1268742,0.437395541,0.291388948,68.8236076,2,0.181049481,0.072892995,0.221207222,0.0212054786,0.0321308582,0.146414388,0.0374382684
2909,0.435618693,1.01775148,84.1688038,98.3272236,0.436808084,0.292230308,67.9861119,2,0.161362869,0.0679713461,0.212865148,0.0163096226,0.0271963356,0.109573126,0.0380664848
2910,0.435212189,1.00591716,84.7619368,98.560401,0.436342737,0.293889742,66.6493373,2,0.168155262,0.0733667079,0.211137193,0.0250437014,0.034196781,0.128975068,0.0411471522
2911,0.435229106,1.00591716,85.3237199,98.8204834,0.436513568,0.298657927,66.1325103,2,0.169070054,0.068523239,0.218366203,0.00898704688,0.028974409,0.0788724871,0.0491063603
2912,0.436083346,0.99408284,85.8994606,99.0570454,0.43688647,0.292497538,66.8133274,2,0.170304072,0.0776384482,0.214180342,0.0245595397,0.0305192641,0.117819094,0.050167862
2913,0.437879408,0.99408284,86.461172,99.2866895,0.437598399,0.293788909,68.3708321,2,0.160729524,0.071655262,0.222114147,0.0218341024,0.0443692133,0.141933376,0.0312828381
2914,0.437444256,1.02366864,87.0061505,99.5327731,0.438933799,0.297641744,69.3724746,2,0.16457458,0.0744493049,0.208305902,0.00299568274,0.0438542275,0.105918391,0.10143006
2915,0.435460503,1.00591716,87.5859308,99.7824667,0.439362441,0.299706358,69.7754222,2,0.168476042,0.0756543176,0.226593052,0.0155253733,0.0452625688,0.0755607335,0.0226337563
2916,0.435792581,1.00591716,88.171662,100.002193,0.439396871,0.294824519,69.3617786,2,0.174557218,0.0652522824,0.227680711,0.0110987389,0.049626333,0.105188366,0.0317547377
2917,0.435946364,0.98816568,88.7743749,100.210741,0.438231137,0.293134289,68.891531,2,0.183974608,0.075941784,0.209724335,0.0299731435,0.0366840178,0.129602495,0.0705568992
2918,0.435973388,0.98816568,89.3637414,100.435146,0.4379311,0.291748573,68.074294,2,0.163049155,0.0709315232,0.213555143,0.0130382297,0.0450810693,0.11683699,0.029629406
2919,0.434363224,1.0295858,89.9539066,100.676822,0.436963538,0.296742248,66.731303,2,0.171154791,0.074370195,0.206559085,0.0180022392,0.0421348508,0.104995696,0.0853160124
2920,0.434126675,1,90.5406218,100.928698,0.435730633,0.298247696,66.2328068,2,0.164697215,0.0716490729,0.225276866,0.00642275662,0.0442074198,0.0878688547,0.04367081
2921,0.434485793,0.982248521,91.1171633,101.150864,0.435365623,0.294359696,66.5276811,2,0.158607253,0.0636612587,0.220777238,0.0251015323,0.0330784295,0.104028743,0.0210464263
2922,0.437161826,1,91.674468,101.392675,0.436345687,0.293976142,68.0609356,2,0.162385542,0.0735655961,0.211406906,0.0253073919,0.0451970544,0.130838348,0.0546373817
2923,0.436531026,1.01775148,92.2280212,101.637195,0.437917593,0.29472197,68.273533,2,0.166206165,0.0712639074,0.208391917,0.0194658991,0.0432174856,0.0991344393,0.0575410955
2924,0.435833279,1.0295858,92.8059427,101.86878,0.438995424,0.292584596,68.5978949,2,0.168842855,0.0793452136,0.22624818,0.0158628591,0.049018005,0.0941166492,0.0338314667
2925,0.437062872,1.01183432,93.3741076,102.084248,0.439282854,0.290434945,68.7854999,2,0.177720431,0.0696930761,0.227789876,0.0136963337,0.0470127153,0.131234626,0.0387843313
2926,0.437059981,1.02366864,93.9558554,102.288074,0.439015315,0.292628669,68.2561073,2,0.160751161,0.0732917144,0.204659072,0.00985398796,0.0504997822,0.137344529,0.0716386041
2927,0.436403703,1,94.5421102,102.52847,0.439084771,0.294516187,67.731865,2,0.164720472,0.0743298687,0.215659941,0.007386304,0.0520667419,0.112684015,0.0374921861
2928,0.433964936,1.02366864,95.1380939,102.790189,0.437514482,0.301347458,67.0258692,2,0.174032717,0.071182185,0.205780292,0.0153412293,0.0456250075,0.107906475,0.0562802029
2929,0.434014147,1.00591716,95.7458551,103.028786,0.436003527,0.299186589,66.0943952,2,0.167903986,0.0766505772,0.222864927,0.01941019,0.0414303433,0.127061962,0.032848497
2930,0.435005095,0.99408284,96.3209779,103.263638,0.435699029,0.293795363,67.4546894,2,0.16126528,0.0674835348,0.219560454,0.0297543472,0.0413202867,0.128265698,0.0213825555
2931,0.436793341,1.03550296,96.8775764,103.500205,0.436772935,0.291376619,68.1117448,2,0.164065696,0.073655367,0.204690928,0.0186464093,0.0340203377,0.127092674,0.0774808118
2932,0.43586003,0.970414201,97.445059,103.743367,0.437900157,0.28947956,68.3583272,2,0.167865114,0.071464425,0.217083835,0.0128115507,0.0384883893,0.0726778164,0.041695416
2933,0.435812518,1.01775148,98.0162065,103.971549,0.438468039,0.286244027,69.1811844,2,0.172128227,0.0708778036,0.201509708,0.0138727776,0.0520927891,0.113298258,0.035164407
2934,0.436941301,1.01183432,98.5906747,104.18043,0.438459073,0.289615274,69.3080685,2,0.181104293,0.073919611,0.220759293,0.0187182304,0.0333470163,0.149228788,0.0396179105
2935,0.436214846,1.01775148,99.1643717,104.393649,0.438556187,0.290784256,68.8816541,2,0.162400765,0.0704147221,0.211282453,0.0153369112,0.0324446354,0.109920708,0.0520982524
2936,0.435016819,1.01183432,99.7494399,104.634807,0.438242731,0.296176431,68.5509123,2,0.167959998,0.0752921657,0.216233056,0.0225991217,0.037035405,0.122465725,0.0337369087
2937,0.434013026,1,100.341703,104.880268,0.436643669,0.30398505,67.7156091,2,0.161589102,0.0683446187,0.223690034,0.00456028795,0.0322597864,0.0792245336,0.0311578584
2938,0.433640067,0.98816568,100.951236,105.10401,0.434998795,0.302411467,67.2047982,2,0.157875157,0.071490188,0.204179507,0.0264873697,0.0556880473,0.116321103,0.0355456181
2939,0.436865423,0.982248521,101.518558,105.340889,0.43547388,0.295392816,68.2747887,2,0.164352463,0.0704814022,0.217647428,0.0271986055,0.0463509201,0.137747022,0.0422334636
2940,0.437864632,1,102.063325,105.570277,0.437491312,0.293155523,68.3537289,2,0.165160575,0.0722922054,0.205931079,0.00885317509,0.0436987939,0.0990429768,0.0915710238
2941,0.43644742,0.99408284,102.632399,105.811659,0.438783965,0.291752444,68.8586101,2,0.168932175,0.0752790574,0.226552127,0.0156493602,0.0458141484,0.076178679,0.0213090793
2942,0.437187374,1,103.195644,106.02707,0.439708488,0.291719873,69.1525112,2,0.174931935,0.0656750462,0.230977688,0.0102561127,0.0546065367,0.113040957,0.0379258991
2943,0.437127435,1.01183432,103.779695,106.23079,0.43941662,0.296428584,68.9367826,2,0.159856097,0.0770195344,0.212693006,0.0249391784,0.0414046096,0.127269898,0.069264872
2944,0.436245901,1,104.361968,106.461621,0.439605434,0.299061905,68.7317288,2,0.163462834,0.0726825693,0.217237243,0.0104808527,0.0490590224,0.114828108,0.0314176713
2945,0.434206659,1.0295858,104.952177,106.709571,0.438584119,0.304705261,67.8771791,2,0.171127771,0.0762280958,0.210537523,0.0164793161,0.0428125785,0.106318661,0.0788731828
2946,0.433591512,0.98816568,105.561533,106.953737,0.4362599,0.30525586,66.9871475,2,0.165023958,0.0727477923,0.227153651,0.0105525763,0.045938274,0.099479884,0.0495051929
2947,0.433893213,0.976331361,106.15865,107.171235,0.434953235,0.301038952,66.94194,2,0.158925554,0.0637864939,0.221909577,0.0314057744,0.0356791629,0.112176127,0.0188697012
2948,0.43709629,0.99408284,106.732614,107.410969,0.435615005,0.289663911,67.4578327,2,0.162671393,0.0724975234,0.206056195,0.0296452262,0.0390670707,0.131692268,0.0544186111
2949,0.437324037,1,107.288718,107.652581,0.437375721,0.288237554,67.6310959,2,0.166446577,0.0704621,0.207844335,0.0159452852,0.0397904612,0.0956277419,0.0623822446
2950,0.43612389,1.01775148,107.857728,107.888539,0.43874395,0.286899027,68.4423953,2,0.169651999,0.0799973533,0.224431776,0.014958775,0.0445558593,0.0992349686,0.0372119761
2951,0.437441986,1.01183432,108.422527,108.099191,0.439404635,0.289326431,68.7121333,2,0.178476984,0.0713341496,0.226661739,0.0135936705,0.0445058527,0.13432706,0.0395354361
2952,0.437001705,1.01775148,108.995469,108.301526,0.439638321,0.293245494,68.6122574,2,0.160961348,0.0733874664,0.206048529,0.00465478099,0.0479633278,0.131199649,0.0814152822
2953,0.436012673,1.00591716,109.582568,108.542776,0.439641651,0.297607876,68.4930516,2,0.16535263,0.0753986764,0.215856715,0.0114360265,0.0518401099,0.112575616,0.0356398067
2954,0.433724604,1.01775148,110.181739,108.799334,0.43793636,0.30336623,67.7472153,2,0.174714666,0.0704565169,0.208371373,0.0146550338,0.0397343374,0.105425734,0.0661512495
2955,0.433574214,1.01183432,110.798377,109.033103,0.4359273,0.299563564,66.5571515,2,0.156767241,0.0775028179,0.220841511,0.0212365562,0.0409618887,0.129737477,0.0277961332
2956,0.435242248,1.00591716,111.375814,109.268998,0.43560114,0.291134216,68.0165295,2,0.162122094,0.0676514001,0.217898534,0.0285443115,0.0419508057,0.136125313,0.0221181304
2957,0.436867171,1.02366864,111.933938,109.501206,0.436466806,0.287336117,68.3797315,2,0.164081343,0.0727534753,0.20257316,0.0137822236,0.0368916232,0.119216432,0.0928664002
2958,0.43597129,0.970414201,112.500107,109.740093,0.437725607,0.287212151,68.6905459,2,0.167813956,0.0722567438,0.218611544,0.0130851425,0.0391331009,0.0724040105,0.034383797
2959,0.436087404,1.01775148,113.067064,109.965695,0.438505393,0.286291699,69.4209377,2,0.172922874,0.0652401062,0.214368619,0.0118127382,0.0294637624,0.0956432559,0.0489173049
2960,0.436666055,0.99408284,113.643671,110.169839,0.438504016,0.292289255,69.2878874,2,0.181932353,0.0755940676,0.220617799,0.0190822263,0.0308810543,0.145168873,0.0447168695
2961,0.435836582,1.00591716,114.220993,110.380192,0.438631956,0.294677449,68.9021992,2,0.162190496,0.0707635142,0.215054662,0.016729905,0.0339332974,0.109913833,0.0329459621
2962,0.43442315,1.02366864,114.813798,110.619355,0.437984851,0.299048192,68.3158109,2,0.168965601,0.0755170988,0.213167908,0.0234673716,0.0324578129,0.127389826,0.0464317399
2963,0.433533288,0.98816568,115.408794,110.86601,0.43623243,0.30398145,67.338899,2,0.17826241,0.0692685696,0.223839459,0.00409848829,0.0348491643,0.0763460958,0.0319736152
2964,0.434166033,1,116.007257,111.08941,0.435262479,0.297044129,67.2339159,2,0.157647039,0.0653021573,0.206876348,0.00440529596,0.0503280854,0.127772096,0.0563897131
2965,0.436897412,0.99408284,116.578041,111.323303,0.435653707,0.289452958,68.5400552,2,0.16528189,0.0708456331,0.214989586,0.0278965726,0.0429661441,0.140267374,0.0518299155
2966,0.437717349,1.01183432,117.127181,111.552798,0.43718551,0.289652519,68.6723843,2,0.164887472,0.0711459555,0.205915687,0.0129814998,0.0399960721,0.103615889,0.0726766092
2967,0.435855951,1,117.69562,111.791686,0.438513331,0.292313033,69.0850373,2,0.168620086,0.0761399218,0.226359904,0.0174899651,0.0451744311,0.0861554372,0.0263705606
2968,0.437097877,0.99408284,118.25864,112.008078,0.439334681,0.293057862,69.2836337,2,0.175916253,0.0673696072,0.230067903,0.00663437553,0.0493705978,0.10550968,0.0372270056
2969,0.43685109,1.01775148,118.843072,112.201485,0.439393321,0.29962219,68.9514746,2,0.159398203,0.0772222203,0.210726361,0.0247449692,0.046101788,0.119948805,0.0627841855
2970,0.436830075,1.00591716,119.431097,112.425337,0.439324924,0.302472566,68.4905984,2,0.162985891,0.0734727448,0.219326637,0.0115241453,0.0501140117,0.123087349,0.0324697533
2971,0.434629394,1.01183432,120.019712,112.674795,0.438442572,0.306848279,67.3051821,2,0.172183008,0.0750064541,0.207440836,0.012586788,0.0513223315,0.0948569093,0.0872684139
2972,0.433963016,0.99408284,120.626532,112.92302,0.436921324,0.301821649,66.5055049,2,0.166039563,0.0748026766,0.226748213,0.00547853126,0.0482401899,0.091948881,0.0405358666
2973,0.435367683,0.976331361,121.209156,113.148195,0.436581958,0.291308276,67.2389803,2,0.159518058,0.0643220692,0.222423182,0.0304002372,0.0446078948,0.125365711,0.0254548557
2974,0.436975281,1.01775148,121.783385,113.387758,0.436931684,0.286666122,68.3149302,2,0.162308712,0.0735265069,0.203859043,0.0271184198,0.0392604049,0.133333675,0.0577791487
2975,0.436560205,1,122.356277,113.630267,0.437610602,0.288068345,68.6357473,2,0.166097916,0.0709594876,0.209635913,0.0123885365,0.0443846362,0.0925339405,0.0558040459
2976,0.434970824,1.0295858,122.929406,113.869475,0.43820826,0.289605275,69.137449,2,0.170771974,0.079010997,0.216107423,0.0156226814,0.0281156623,0.113800206,0.0374009655
2977,0.436270522,1.01775148,123.506154,114.081987,0.438334935,0.290320961,69.1254374,2,0.179783656,0.0724448983,0.224741741,0.0141689007,0.0396524927,0.132328696,0.0465735709
2978,0.43606371,1.02366864,124.083149,114.274065,0.438131635,0.295135599,68.8499418,2,0.160532273,0.0698518068,0.211422268,0.00981905593,0.0334798273,0.11542196,0.0585947341
2979,0.435841722,0.982248521,124.678547,114.499746,0.437826335,0.297853595,67.8432502,2,0.166852298,0.0747543212,0.212592056,0.0214442848,0.0439732854,0.124375783,0.0385531556
2980,0.434550877,1,125.257608,114.760913,0.437174665,0.301915566,66.9461239,2,0.168139266,0.0698997292,0.211734645,0.0146095134,0.037181001,0.0943604137,0.0678210239
2981,0.435206837,1.0295858,125.847586,114.993985,0.437131143,0.29246976,66.9184082,2,0.169493535,0.0795981377,0.224441395,0.00921873217,0.0517734189,0.11380985,0.0364076794
2982,0.436811216,0.99408284,126.4184,115.220182,0.437313256,0.28777976,68.5341399,2,0.162787493,0.0692992983,0.221437201,0.0225563589,0.0407881689,0.145290242,0.0221879362
2983,0.437324351,1.0295858,126.974529,115.454043,0.437927679,0.289264678,69.4098832,2,0.163344418,0.0732733471,0.204299659,0.00620514744,0.0417627405,0.120973374,0.0969082392
2984,0.43531046,0.99408284,127.554859,115.699212,0.43831988,0.293121204,69.6338782,2,0.167175181,0.0738765581,0.220530483,0.0146261466,0.0453497674,0.0829096895,0.0314000496
2985,0.435064741,1.01775148,0.131655478,115.935858,0.438192646,0.294941956,69.6158786,2,0.173932117,0.0662113333,0.2169328,0.0105051196,0.0274323284,0.092326772,0.0463028475
2986,0.435186894,0.99408284,0.727806584,116.139348,0.437482641,0.297101982,68.9387312,2,0.183246978,0.076223067,0.218651487,0.0256707459,0.0273314981,0.138268183,0.0494986757
2987,0.43542805,0.98816568,1.31772946,116.343686,0.436810331,0.298309248,68.1096424,2,0.161620091,0.0693575305,0.218853401,0.0190806733,0.0385477829,0.120108517,0.0220400707
2988,0.434742843,1.00591716,1.90726588,116.581203,0.436143577,0.299951275,66.6597061,2,0.170426029,0.073210579,0.207945942,0.0216018064,0.0396735757,0.11870027,0.0821950652
2989,0.43475947,1,2.47175968,116.838032,0.436344627,0.298614546,66.6839533,2,0.16934425,0.0703676086,0.223865775,0.00616223294,0.0369158575,0.0716966338,0.0301634987
2990,0.43579532,0.99408284,3.04518893,117.061835,0.436613863,0.291049875,67.1969054,2,0.172581077,0.061076426,0.221812269,0.0187447364,0.033778545,0.0992571464,0.0279145377
2991,0.437721847,1.00591716,3.60676746,117.286756,0.437408364,0.292196762,68.7579781,2,0.160730556,0.0732203117,0.218126487,0.023530121,0.0403154669,0.143207488,0.0554183754
2992,0.437026075,1.00591716,4.16624059,117.522324,0.438424105,0.29467871,69.3698564,2,0.16441132,0.0717961341,0.210213795,0.0150108014,0.0396876991,0.106305148,0.0613447946
2993,0.435015872,1,4.7495413,117.766893,0.438461206,0.3018979,69.5526597,2,0.167961583,0.077163333,0.226459504,0.0198475247,0.042597559,0.102366101,0.0299940208
2994,0.435636233,1,5.32808735,117.997489,0.438270165,0.302868717,69.506583,2,0.177001365,0.0686874155,0.230622139,0.0103688534,0.0454398264,0.104286662,0.042635052
2995,0.435734166,1.01183432,5.92439159,118.190496,0.437633689,0.305360188,68.9648401,2,0.159226492,0.0738146524,0.207013136,0.0243274043,0.0549381358,0.128346436,0.0433209498
2996,0.437073939,0.98816568,6.52072527,118.410411,0.437405115,0.302735061,67.7131285,2,0.164386332,0.0729653237,0.217318899,0.0217054262,0.048466007,0.12897417,0.0417560363
2997,0.435719511,0.99408284,7.09680728,118.662846,0.437502248,0.302811329,66.394798,2,0.166606967,0.0727893983,0.205253866,0.0136187142,0.0503025739,0.09786255,0.0703263098
2998,0.435485573,1,7.67761717,118.919184,0.437551027,0.294812884,66.7675095,2,0.166837768,0.0758762059,0.226447495,0.00213141013,0.0502613152,0.0897509403,0.0352454541
2999,0.436446757,1,8.24498714,119.137534,0.437894593,0.290869728,67.5692298,2,0.160077924,0.0659318729,0.225771032,0.0242118912,0.049912399,0.129576763,0.025301731
3000,0.437338388,1.01775148,8.80833298,119.368941,0.43852836,0.293177147,68.5326079,2,0.162014704,0.0752603437,0.206828695,0.0224601326,0.0437722983,0.134379422,0.0577762531
3001,0.435794521,1.00591716,9.38440971,119.617447,0.438943754,0.296393407,69.1208539,2,0.165897606,0.0722582587,0.214271046,0.0124807415,0.049844003,0.0936910317,0.0503699798
3002,0.43426447,1.02366864,9.97203648,119.863435,0.438102732,0.299442823,68.9806561,2,0.17143807,0.0775171328,0.21081887,0.0163699537,0.039922466,0.102236286,0.0599515771
3003,0.434833062,1.01775148,10.5673743,120.087281,0.437105793,0.296154954,68.7866506,2,0.180740223,0.0726928577,0.22426013,0.0187899544,0.0365005586,0.138379337,0.0429515655
3004,0.435164511,0.99408284,11.1526884,120.279905,0.436422753,0.298019903,67.9074497,2,0.160623509,0.0672918532,0.216008317,0.0180313763,0.0269620645,0.108559124,0.0322437445
3005,0.435866494,0.964497041,11.7485027,120.508446,0.435956899,0.295300321,66.3917546,2,0.167945354,0.0730572589,0.210047083,0.0257107631,0.0360338071,0.130039316,0.0428477549
3006,0.435618601,0.98816568,12.3011955,120.774479,0.436992742,0.297534617,66.2321785,2,0.168351228,0.0693518999,0.215196579,0.0131744655,0.0322802857,0.0851241737,0.0624752193
3007,0.436449633,1.01183432,12.8770908,121.009486,0.437578922,0.29035141,67.0584109,2,0.169954543,0.0800893058,0.224325607,0.0128376141,0.0467817964,0.11999917,0.0284300075
3008,0.437836183,1.00591716,13.4417359,121.229155,0.438220396,0.292296332,68.4174596,2,0.15983054,0.0712047007,0.224515462,0.0207036624,0.0415549193,0.146110108,0.024692102
3009,0.437581329,1.0295858,13.9922585,121.467946,0.43923091,0.295759757,69.3536673,2,0.163561649,0.0742622152,0.207806997,0.00305114169,0.0438050648,0.116911143,0.0999091354
3010,0.435230549,1,14.5743574,121.722607,0.439387124,0.301180515,69.9722327,2,0.16754074,0.075294667,0.224355703,0.0158053476,0.0471510098,0.0828617841,0.0293429941
3011,0.434797358,1.00591716,15.1658229,121.958879,0.438547141,0.301543036,69.4451213,2,0.174465983,0.0657880945,0.223540551,0.0075808198,0.0360388509,0.0901402027,0.0259784273
3012,0.434975132,1,15.7763508,122.167556,0.437109265,0.298253871,68.8283398,2,0.184005482,0.075749201,0.212681732,0.033079649,0.030792157,0.130398984,0.066252387
3013,0.435517325,0.976331361,16.3713373,122.378901,0.43649708,0.29724194,67.7297222,2,0.162170321,0.0697154165,0.216444405,0.0195496774,0.0424594307,0.123100172,0.026921395
3014,0.435024341,1.01183432,16.9582501,122.616668,0.436014932,0.297142819,65.9027871,2,0.165885435,0.0730442204,0.205361177,0.0192754933,0.0438117852,0.10644379,0.0932769443
3015,0.435091103,1.00591716,17.5203602,122.880883,0.43631721,0.295388787,66.3441751,2,0.170013804,0.0715366561,0.224793752,0.00397763346,0.0404450326,0.0761620438,0.0329742071
3016,0.435889957,0.99408284,18.0864994,123.102062,0.436776166,0.291446711,67.0588647,2,0.173226553,0.0628930362,0.223106996,0.0219214263,0.0361911684,0.102100001,0.0246217206
3017,0.437637367,0.98816568,18.6457922,123.332053,0.437720753,0.294666074,68.4773853,2,0.161438321,0.0746911015,0.21546395,0.0234597898,0.0440496746,0.135510934,0.0601488934
3018,0.436332834,1,19.2052214,123.578502,0.438702848,0.298085745,69.2081635,2,0.165289086,0.072159361,0.209993062,0.0178954575,0.0437443883,0.102507452,0.0545420573
3019,0.434696662,1.01183432,19.7904843,123.818421,0.43879667,0.30189469,69.296741,2,0.168601317,0.0786823216,0.226682122,0.0184566672,0.0443438026,0.101508074,0.0305527057
3020,0.435857382,0.98816568,20.3721734,124.040259,0.438559507,0.297560446,69.1313956,2,0.177690209,0.0694039105,0.22828505,0.0134637321,0.0469410442,0.12025059,0.0464236746
3021,0.435925369,1.0295858,20.966408,124.237288,0.437687125,0.297926794,68.5077545,2,0.159957621,0.0717327513,0.204820712,0.0130419362,0.0521962832,0.137935629,0.0635501038
3022,0.436522228,0.982248521,21.5623931,124.465366,0.437417704,0.296390226,67.1539747,2,0.165037392,0.0732987405,0.214096932,0.0174233035,0.048827497,0.122566687,0.0413827325
3023,0.435112415,1,22.139424,124.72542,0.437195561,0.299745967,65.9736571,2,0.167584694,0.0716368177,0.204665055,0.0150939763,0.0472290626,0.102616363,0.0556905627
3024,0.435203043,1.01183432,22.7244223,124.980018,0.436951824,0.293499786,66.1101231,2,0.167569098,0.076784974,0.225090545,0.00763871493,0.048385984,0.109083946,0.0404131108
3025,0.435996695,0.98816568,23.2924941,125.203401,0.437089817,0.290592251,67.4480335,2,0.16082022,0.0675640442,0.222837003,0.0256518006,0.0436381121,0.130376079,0.0195071181
3026,0.43674582,1.0295858,23.8486729,125.445173,0.43776933,0.294114772,68.6459104,2,0.163205832,0.0749169668,0.206228884,0.0189364205,0.0390266417,0.134342613,0.0666124022
3027,0.435042934,0.982248521,24.4210608,125.700401,0.43834055,0.296683977,69.2612898,2,0.167193767,0.0720560654,0.216786505,0.0138948807,0.0445897676,0.0799610315,0.0479289384
3028,0.434540474,1.01183432,25.0092312,125.931685,0.438084565,0.292757124,69.1504781,2,0.172019238,0.0750576429,0.202512466,0.0157325715,0.0545072952,0.0921041518,0.0470012356
3029,0.435741336,1.00591716,25.5971345,126.146067,0.43752341,0.289891358,68.933474,2,0.181205226,0.0730175192,0.220199618,0.0213256834,0.030965553,0.14848694,0.0375999796
3030,0.435833364,1.01775148,26.1752901,126.351149,0.437136026,0.290609675,68.1551413,2,0.161736698,0.0684160842,0.212167378,0.0156155793,0.0283926101,0.109755136,0.0408057404
3031,0.435117717,1.01183432,26.7645176,126.588567,0.436760649,0.29397973,67.1384231,2,0.168195588,0.0738328306,0.212668293,0.0244599697,0.0341033939,0.127989421,0.0394407522
3032,0.43486985,1.01183432,27.3351297,126.841071,0.436381316,0.301233313,66.4637228,2,0.169391739,0.0684510918,0.220906543,0.0069353658,0.0292012281,0.077302125,0.041229169
3033,0.435627909,1.00591716,27.9171932,127.076557,0.436389612,0.295359317,66.7914569,2,0.170581144,0.0757854898,0.209197482,0.0278428754,0.0371976518,0.106079628,0.0579256678
3034,0.437735973,0.982248521,28.4786257,127.311644,0.437094206,0.295600788,68.4386796,2,0.163728527,0.0717153412,0.221080271,0.023107984,0.0458110739,0.139906235,0.0351527104
3035,0.43756805,1.02366864,29.0225896,127.55656,0.438683138,0.298647168,69.2193793,2,0.164946254,0.074217894,0.208210902,0.00498960143,0.0440457772,0.100907022,0.0996276115
3036,0.435890667,1.00591716,29.6037738,127.798921,0.439350349,0.297282445,69.4079689,2,0.168733146,0.0757769036,0.226596677,0.0155059747,0.045747153,0.0754510003,0.0209901422
3037,0.436257505,1,30.1820374,0.0175545179,0.439714168,0.293709113,69.2652397,2,0.174719334,0.0655073986,0.229144428,0.0115679647,0.0529701935,0.11145299,0.0363215982
3038,0.436310437,1.00591716,30.7802113,0.225551427,0.438686063,0.293477021,68.7930965,2,0.184065801,0.0761689221,0.209487603,0.0281986018,0.0394157644,0.128756106,0.0703180852
3039,0.435964445,0.98816568,31.3671881,0.454808864,0.438544339,0.292621482,68.1803901,2,0.163356388,0.0715153514,0.213784839,0.01104467,0.0468540708,0.115229658,0.0314148295
3040,0.434165308,1.04142012,31.9570774,0.701269339,0.437427951,0.297943213,67.1235552,2,0.171204334,0.0749548753,0.20725711,0.0170593896,0.0424110894,0.104012802,0.0821231338
3041,0.433876762,0.98816568,32.5521343,0.948243553,0.435719903,0.299662091,66.414881,2,0.164877098,0.0719043882,0.225511517,0.00849577975,0.0449813808,0.0945483377,0.0475890067
3042,0.433966761,0.98816568,33.1354279,1.16794079,0.434910655,0.297156027,66.5437928,2,0.158874075,0.0638670779,0.221043798,0.0271846739,0.0330708995,0.106090403,0.0189867774
3043,0.43709735,1,33.6949361,1.41107113,0.435888695,0.293813801,67.7611636,2,0.162672986,0.0731624015,0.209733692,0.0263187214,0.0433326614,0.130346791,0.0523959023
3044,0.436741135,1.00591716,34.2498543,1.65364712,0.437631724,0.292271616,67.8140814,2,0.166463236,0.0708122321,0.208216124,0.0186835816,0.0418666123,0.0977117309,0.060306937
3045,0.436128741,1.01775148,34.8216934,1.88783951,0.438926593,0.290318148,68.4540647,2,0.169088959,0.0797126321,0.226374482,0.014900411,0.0500398707,0.0931729606,0.0366423872
3046,0.437369461,1.01183432,35.3883054,2.10084227,0.439330281,0.289593376,68.7082526,2,0.177942272,0.0701550684,0.227386926,0.0139793015,0.0460283725,0.134829273,0.0358658421
3047,0.437195725,1.02366864,35.9645821,2.30804173,0.439331132,0.292136681,68.3093025,2,0.161063152,0.0735459935,0.205030089,0.00762342715,0.0493630805,0.135717329,0.0778936152
3048,0.436168418,1,36.5490308,2.55142918,0.439475687,0.295574036,68.0673883,2,0.164866081,0.0747387936,0.216437225,0.0078216555,0.0523557062,0.109590877,0.036651199
3049,0.433816453,1.0295858,37.1470611,2.81286592,0.437751503,0.30170635,67.5022369,2,0.174172829,0.0705958719,0.20691993,0.015078294,0.0423989598,0.109446516,0.0606719067
3050,0.433652064,0.99408284,37.7628282,3.04541243,0.435773362,0.300875904,66.3922775,2,0.16816919,0.0766349105,0.221488596,0.0233286776,0.0378099167,0.131636784,0.028399009
3051,0.434863892,1.01183432,38.3412811,3.28150894,0.435307768,0.294814333,67.5016833,2,0.161582516,0.0675179646,0.218722812,0.0301571156,0.0414757168,0.129114613,0.0217720492
3052,0.437071953,1.01775148,38.8985474,3.51197821,0.436599918,0.289164792,67.8572988,2,0.16424966,0.0732052794,0.203704245,0.0180811773,0.0346448001,0.123143281,0.083960337
3053,0.436101978,0.976331361,39.4614615,3.7571387,0.437888831,0.288435955,68.2108905,2,0.168080292,0.0716570541,0.218177732,0.0125290629,0.0372473755,0.070415664,0.0377914584
3054,0.436188901,1.00591716,40.0279227,3.9833866,0.438630798,0.286549899,69.1433797,2,0.172311292,0.0650450081,0.212277011,0.0110504733,0.0304355364,0.102418266,0.0526673908
3055,0.437150482,1.01775148,40.6013273,4.19131423,0.438660851,0.291372669,69.3634279,2,0.181270739,0.0745850254,0.220969389,0.0185749209,0.0337613727,0.148383056,0.042321811
3056,0.436122598,1.01183432,41.1746719,4.40765938,0.438926858,0.292684279,69.0373985,2,0.162619678,0.0710339501,0.211927823,0.015790031,0.033945338,0.109466287,0.0504461312
3057,0.434760721,1.01775148,41.7616744,4.65122649,0.438431132,0.297915023,68.8710617,2,0.168151162,0.0757280802,0.216870516,0.0229083732,0.0361943419,0.122161242,0.0336665329
3058,0.433806983,0.99408284,42.3572744,4.89582448,0.436672519,0.304426929,68.0619465,2,0.177457413,0.068435215,0.224640289,0.00388278979,0.0345746433,0.0805561801,0.0299283567
3059,0.433430834,0.98816568,42.9679863,5.11676741,0.434872856,0.303373303,67.5578968,2,0.158074491,0.0696815387,0.204094849,0.0210935903,0.0580200916,0.127453776,0.0372617313
3060,0.436729819,0.976331361,43.5421422,5.34872441,0.435146275,0.294454885,68.049319,2,0.164720972,0.0704232477,0.216043986,0.0281891964,0.0457880652,0.137000164,0.0460899465
3061,0.437764004,1,44.0883854,5.57792033,0.437124611,0.291616315,68.03399,2,0.165280005,0.0716754786,0.205270156,0.0106944609,0.0431108066,0.0994100174,0.0840483304
3062,0.436475474,1,44.6533282,5.82014045,0.438622501,0.290438373,68.6781913,2,0.169064694,0.0755171612,0.226571054,0.0156526192,0.0463783619,0.0776548428,0.021804082
3063,0.437296465,1,45.2147554,6.0343911,0.43957487,0.290772584,68.984459,2,0.175230554,0.066125619,0.230962425,0.0101761051,0.0544947536,0.114647582,0.0380492763
3064,0.437311039,1.02366864,45.7933714,6.23701389,0.439601634,0.297209577,68.8518853,2,0.159953342,0.0772254667,0.212191025,0.0240942611,0.0432931639,0.125591424,0.0676524254
3065,0.43630029,1,46.3750602,6.46952566,0.439891966,0.300468821,68.7150863,2,0.163586338,0.0731884002,0.217877977,0.00940221335,0.050413924,0.114209765,0.032333168
3066,0.434080971,1.0295858,46.9665007,6.72006535,0.438720543,0.305969025,67.9311071,2,0.171351573,0.0763418466,0.210152176,0.0153662775,0.0452796701,0.102225244,0.0801240187
3067,0.433456992,0.98816568,47.5799072,6.96347112,0.436273937,0.305624306,66.9723044,2,0.16531105,0.0732488053,0.227064496,0.0116974129,0.0463028528,0.103497297,0.0504664297
3068,0.433833252,0.982248521,48.1778803,7.18221173,0.434947757,0.30102333,67.03342,2,0.159097058,0.0640879466,0.221625625,0.0326283518,0.0363345923,0.114857595,0.0190886732
3069,0.437069081,0.98816568,48.7535908,7.42093217,0.435584028,0.288512491,67.3829716,2,0.162827065,0.0723967738,0.204649712,0.0295364947,0.0371450948,0.132255715,0.0539533232
3070,0.437349665,1.00591716,49.3096923,7.66349813,0.437386824,0.287316026,67.6150207,2,0.166617158,0.0704693203,0.208316344,0.0146398284,0.039136412,0.0926352637,0.0631657686
3071,0.436131277,1.0295858,49.8792684,7.89920118,0.438698005,0.285804617,68.4717438,2,0.169988568,0.0804692706,0.223713717,0.0145755755,0.0426140428,0.101582005,0.0373047319
3072,0.437446962,1.01183432,50.4447355,8.10903774,0.439392804,0.289352911,68.7482555,2,0.178823992,0.071970868,0.225900018,0.014067403,0.0428474053,0.136811502,0.0386052002
3073,0.436906656,1.01183432,51.0162724,8.31192099,0.439713433,0.293199129,68.7078321,2,0.161123765,0.0731593053,0.206564627,0.00430888317,0.0452801397,0.127352535,0.0832315501
3074,0.435773689,1.00591716,51.6052554,8.55472339,0.439586388,0.297656403,68.652507,2,0.165707115,0.0756135402,0.215453605,0.0137647744,0.0506781085,0.11266327,0.033980534
3075,0.433624396,1.01775148,52.2044913,8.80965748,0.437842187,0.303332523,67.8897451,2,0.175070177,0.0699263468,0.210001598,0.0138591492,0.0358172158,0.10119983,0.0675296617
3076,0.433407129,1.01775148,52.8222154,9.04183632,0.435739133,0.299383096,66.6850822,2,0.156903692,0.0775670052,0.218951456,0.0237350706,0.038043865,0.131183793,0.0267772034
3077,0.435248738,0.99408284,53.3994011,9.27870878,0.435434018,0.290292721,68.1462785,2,0.162490643,0.0678416356,0.217169572,0.0278341386,0.0420957576,0.137504593,0.0239920218
3078,0.436859345,1.02366864,53.954746,9.50949825,0.436377141,0.286916554,68.4296721,2,0.16421091,0.072465465,0.202453995,0.0116174279,0.0380206043,0.115078991,0.097201558
3079,0.435911859,0.98816568,54.5205006,9.74847068,0.437619884,0.286629945,68.773019,2,0.167944854,0.0724844024,0.219554724,0.0137701349,0.0391376531,0.071961347,0.0309242544
3080,0.436263953,1.01183432,55.0846522,9.97173936,0.438494752,0.286388349,69.4482642,2,0.17319769,0.0643014646,0.218827527,0.0109158416,0.0341192861,0.0885731807,0.0356697737
3081,0.43670552,0.99408284,55.6605006,10.1743854,0.43852984,0.293387435,69.2793116,2,0.182195322,0.0759933877,0.220353173,0.0195364122,0.0308880657,0.14373757,0.0478272751
3082,0.435880649,1.01183432,56.2381559,10.3861344,0.438729034,0.295865171,68.9239841,2,0.162283349,0.0710257373,0.215928462,0.0164949911,0.0355377337,0.11063996,0.0301740205
3083,0.434292574,1.01775148,56.8323027,10.6261321,0.438029034,0.300288435,68.2561449,2,0.16925473,0.0756767641,0.213079029,0.0230345315,0.0322685916,0.126845016,0.0508801469
3084,0.433446665,0.98816568,57.4287119,10.8725204,0.436217572,0.304437093,67.2782177,2,0.162948624,0.0696466663,0.224585204,0.00391346823,0.036298971,0.0769779332,0.0324619616
3085,0.434192627,1,58.02663,11.0952937,0.435265573,0.296790108,67.2270266,2,0.157738964,0.0635236921,0.211182517,0.00883067005,0.0399235347,0.117027702,0.0536025899
3086,0.436850104,0.99408284,58.5993969,11.3288529,0.435607697,0.288511401,68.4460037,2,0.165615577,0.0710943746,0.213587391,0.0285822708,0.0425698733,0.138845285,0.055108715
3087,0.437634098,1.00591716,59.1506779,11.5584732,0.437072726,0.288291792,68.5593175,2,0.164976144,0.0708435678,0.205629594,0.0146048141,0.0389672619,0.104286753,0.0656946329
3088,0.435799686,1.01183432,59.7176026,11.7966334,0.43848115,0.291472445,68.9829639,2,0.168697396,0.0764975033,0.225901194,0.0175760202,0.0447183118,0.0889207023,0.0277458421
3089,0.437154229,0.99408284,60.279385,12.0123461,0.439318221,0.292685672,69.17406,2,0.176240391,0.0678757128,0.229852308,0.00674923217,0.0491132839,0.10703598,0.0394750397
3090,0.436920163,1.01775148,60.8618892,12.2050624,0.43943824,0.299658278,68.8593393,2,0.159454101,0.0769465563,0.20942148,0.0234256255,0.0489579331,0.120212045,0.0572558534
3091,0.43685263,1.01183432,61.4507808,12.4300173,0.439354093,0.302593619,68.4001959,2,0.16329345,0.0738122758,0.219146734,0.0109700011,0.0508852198,0.123238206,0.0343350254
3092,0.434572056,1.01775148,62.039298,12.6821326,0.438465812,0.306965784,67.2435613,2,0.172489032,0.0747552672,0.20682387,0.0120811262,0.0523992608,0.093992106,0.0823385152
3093,0.433999918,1,62.6471406,12.9296985,0.436971748,0.300796461,66.4351913,2,0.166361571,0.0753156807,0.226417149,0.00523029025,0.0490170134,0.0941400969,0.0408004701
3094,0.435407759,0.98816568,63.2278145,13.1554062,0.436718382,0.290581191,67.3108203,2,0.159809601,0.0647972992,0.222064843,0.0298532355,0.0446390474,0.127543675,0.024168327
3095,0.436891574,1.01775148,63.8017278,13.3953839,0.437002411,0.286283031,68.3492737,2,0.162427873,0.0735112594,0.203064705,0.02585634,0.0386949044,0.134039957,0.0579098378
3096,0.436390501,0.98816568,64.3760023,13.6389023,0.437598584,0.287782848,68.7031534,2,0.166232848,0.0710557281,0.210246257,0.0112676914,0.0445725534,0.090210826,0.0546037483
3097,0.434884348,1.0295858,64.9496573,13.878485,0.438068156,0.289160723,69.1946232,2,0.171088396,0.0786299124,0.213334108,0.0152924295,0.0298698417,0.11044974,0.0466743002
3098,0.436132518,1.01775148,65.5275358,14.0902868,0.438165565,0.290143497,69.1513843,2,0.180117746,0.072800476,0.224077755,0.0149451475,0.0379931804,0.134882681,0.0447201464
3099,0.435940342,1.02366864,66.1052669,14.282932,0.437921651,0.294916509,68.8075027,2,0.160670813,0.0694775195,0.212421232,0.0122110606,0.0306033588,0.111772936,0.0512855365
3100,0.435633194,0.982248521,66.7000432,14.509082,0.437621279,0.297699999,67.7652658,2,0.167188175,0.0746308581,0.212124732,0.0224617147,0.0421702837,0.125368412,0.0381416843
3101,0.434577797,0.99408284,67.2767673,14.7693764,0.437038904,0.301757885,66.91466,2,0.168271506,0.0696042916,0.213225347,0.0138803858,0.0354039965,0.0904246301,0.0658027755
3102,0.43530503,1.02366864,67.8649076,15.0014866,0.437082782,0.29225294,66.9852894,2,0.169764181,0.0797781817,0.223955699,0.0110941417,0.0503566763,0.117208382,0.0330495737
3103,0.436939084,0.99408284,68.4354427,15.2281496,0.437254573,0.287870907,68.5640534,2,0.163053792,0.0696106679,0.221434009,0.0222130943,0.0404470383,0.146135507,0.0240241082
3104,0.437424,1.0295858,68.9887845,15.4618454,0.438011854,0.290177554,69.4145351,2,0.163466334,0.0732043579,0.205113301,0.00435155233,0.0419430553,0.118412538,0.0983279342
3105,0.435348914,0.99408284,69.5692322,15.7068509,0.438436785,0.294218898,69.6381032,2,0.167294546,0.0742070496,0.22172696,0.0153509019,0.045232576,0.0833001902,0.0299650395
3106,0.435253127,1.01775148,70.1460599,15.9423197,0.43837023,0.295813083,69.5567984,2,0.174157185,0.0660499288,0.219615407,0.0093328178,0.0294778125,0.0888705406,0.0381196539
3107,0.435331886,0.99408284,70.7436935,16.1450481,0.437599553,0.298006581,68.8824232,2,0.18349521,0.0765084228,0.217747505,0.0271247285,0.0276170054,0.136228337,0.0541428576
3108,0.435598847,0.98816568,71.335106,16.3519351,0.436993287,0.2988592,68.0481353,2,0.161748985,0.069789418,0.218866345,0.0190390529,0.0398365881,0.121700181,0.0226822859
3109,0.434760776,1.01183432,71.9245957,16.5912566,0.436297274,0.300438397,66.5685464,2,0.170696808,0.0733343887,0.207601861,0.020554437,0.0413643492,0.114943558,0.0867627194
3110,0.434761654,1.00591716,72.4917921,16.8483629,0.436387457,0.298382365,66.602533,2,0.16950567,0.0707804633,0.224272284,0.00549573595,0.0384525345,0.0725658122,0.0298867202
3111,0.435731677,1,73.0652966,17.0711868,0.436584795,0.290828512,67.0959453,2,0.172895259,0.060918117,0.223787851,0.0218466649,0.0383250927,0.103640293,0.0271212045
3112,0.437623316,1.00591716,73.6264095,17.2975795,0.437374766,0.291875239,68.688639,2,0.16089968,0.0735285289,0.216624922,0.0239969792,0.0410970354,0.1405973,0.0587848521
3113,0.436813778,1.00591716,74.1868598,17.5346595,0.438341048,0.294388025,69.279909,2,0.164604055,0.0716718522,0.21011131,0.0162101383,0.0403641598,0.105794373,0.0563558759
3114,0.434857632,1.00591716,74.7696044,17.7779459,0.438354877,0.301260514,69.4541807,2,0.168275068,0.0774202729,0.226080558,0.0197767763,0.0417514588,0.104360672,0.030115494
3115,0.435683519,0.99408284,75.3468738,18.0068394,0.438191872,0.301639459,69.4516779,2,0.177294903,0.0689648113,0.230317928,0.0109515858,0.0459183661,0.107799069,0.045252154
3116,0.435771637,1.01183432,75.9405602,18.199091,0.437603703,0.304523743,68.9260499,2,0.159360797,0.0730559105,0.206766169,0.0205506753,0.055545028,0.132761781,0.0465355778
3117,0.437067829,0.98816568,76.5362706,18.4202236,0.437457474,0.302060766,67.6020278,2,0.164629229,0.0732103083,0.216775145,0.0211614438,0.0487807822,0.127990386,0.0426108117
3118,0.435713128,0.99408284,77.1120054,18.6753677,0.437573956,0.302291567,66.3399197,2,0.16680262,0.0726056757,0.205200378,0.014006357,0.0497731351,0.0994356281,0.0642448113
3119,0.435558199,1.01183432,77.693034,18.9308508,0.437684175,0.29448691,66.6998474,2,0.167078656,0.0763822274,0.226475403,0.00084860372,0.0505909865,0.0932055382,0.0370308499
3120,0.436523502,1.00591716,78.2618158,19.150283,0.437941158,0.290477054,67.6219871,2,0.160340872,0.0665148926,0.225100496,0.0243085441,0.0484391746,0.131057841,0.0229227569
3121,0.437299667,1.02366864,78.8254457,19.3839427,0.438525092,0.292634104,68.5965787,2,0.162249105,0.0752312735,0.2059967,0.0214229322,0.0430054323,0.135422709,0.058853618
3122,0.435651719,1.00591716,79.4022166,19.6342413,0.438914546,0.29579693,69.1935439,2,0.166160021,0.0723727405,0.214596664,0.0120876466,0.049287083,0.0907364137,0.0500920954
3123,0.434218724,1.0295858,79.9909523,19.8792206,0.438031852,0.297907452,69.0226274,2,0.171733629,0.0766615915,0.207281429,0.0161966567,0.0465552885,0.0938214371,0.0616959415
3124,0.434834122,1.01183432,80.5866919,20.1002056,0.437076903,0.294468271,68.764281,2,0.181042061,0.0729632303,0.222883985,0.0198601955,0.0343899432,0.141382675,0.0400128906
3125,0.435125057,1,81.1715405,20.2942238,0.436354806,0.296333562,67.8565199,2,0.160847247,0.0673066379,0.215692328,0.0184931298,0.0273483496,0.108492644,0.0301637706
3126,0.435554418,0.976331361,81.7654107,20.5235062,0.435890326,0.294951642,66.3289553,2,0.168209542,0.072928228,0.20989975,0.0256309514,0.0348511292,0.130162742,0.0441823704
3127,0.435493989,0.98816568,82.3183194,20.7891052,0.436766024,0.297311423,66.1735172,2,0.168579769,0.068998798,0.216683108,0.0119345001,0.0309268748,0.0814347048,0.057364528
3128,0.436442341,0.99408284,82.8917355,21.0232806,0.437385154,0.290608005,67.0483267,2,0.170183368,0.0796426645,0.221767372,0.0166678153,0.0407300665,0.124584471,0.0266778202
3129,0.437952437,1.00591716,83.4550281,21.2447938,0.438093719,0.292669478,68.4450874,2,0.160074903,0.0714396908,0.224213134,0.0207110827,0.0419237622,0.146098873,0.0271903613
3130,0.437593605,1.03550296,84.0037533,21.4856454,0.439193287,0.296534966,69.4363896,2,0.163838209,0.0741727844,0.208547666,0.00158555418,0.0440209659,0.113290774,0.100688739
3131,0.435295087,1.01183432,84.5851415,21.7398338,0.439391994,0.302050789,70.0352793,2,0.167809903,0.0755945489,0.225879862,0.0159178155,0.046752123,0.0814602709,0.0272658994
3132,0.435185626,1,85.1756041,21.9707891,0.438860823,0.300570135,69.4628981,2,0.174618814,0.0658708689,0.225642937,0.00856887553,0.040368653,0.0930930651,0.023552187
3133,0.435304986,0.99408284,85.7858035,22.178376,0.437490067,0.297689307,68.8505981,2,0.159037124,0.0759489628,0.211539174,0.0331299603,0.0332304251,0.128490978,0.0689209661
3134,0.435747268,0.98816568,86.3808057,22.3936833,0.436964203,0.296388598,67.8015006,2,0.162401301,0.0703094598,0.215884431,0.0183120465,0.0436825024,0.122646474,0.0282986745
3135,0.43484747,1.01775148,86.9701119,22.6317694,0.436256113,0.297847168,65.9864285,2,0.171407998,0.0733374728,0.205148034,0.0186108175,0.0451696404,0.103174491,0.0937897697
3136,0.434745588,1.00591716,87.5395322,22.8957566,0.436160116,0.295701951,66.2992475,2,0.170246197,0.071885381,0.224925253,0.00375156813,0.0425295796,0.0797955595,0.0358117699
3137,0.435640102,0.98816568,88.106397,23.1160988,0.436520706,0.291273998,66.9244932,2,0.173537453,0.0630898469,0.222896876,0.0240193306,0.0377075889,0.104877886,0.0243705139
3138,0.437425469,0.99408284,88.6656657,23.3485858,0.437502372,0.293834348,68.3706991,2,0.161696654,0.0745771357,0.213523452,0.024190174,0.0445268094,0.133297505,0.0605485889
3139,0.436309797,1.01183432,89.225031,23.5957606,0.438477254,0.297218921,69.0800094,2,0.16555876,0.0718430256,0.209625964,0.0186646764,0.0441913261,0.101426799,0.0537652414
3140,0.434806817,1.0295858,89.8094162,23.8329533,0.438700264,0.30015316,69.1006178,2,0.168897128,0.0789355287,0.226164096,0.0176657212,0.0439795367,0.102419741,0.0308901987
3141,0.43619226,1.01183432,90.3870326,24.0518375,0.438690134,0.295440009,69.0918813,2,0.177922385,0.069723046,0.227851321,0.0133107196,0.0464034017,0.123744579,0.0461307304
3142,0.436209051,1.0295858,90.9773359,24.249287,0.437963703,0.296675767,68.5201806,2,0.16014511,0.0716627511,0.20530504,0.00971162564,0.050613356,0.137421506,0.0687951234
3143,0.436592992,0.982248521,91.5719994,24.4789004,0.437769814,0.29590804,67.2485381,2,0.165187491,0.0737121354,0.214178343,0.0159175115,0.0490434132,0.121170716,0.0403113192
3144,0.434905048,1,92.1536566,24.7391913,0.437267667,0.30045742,66.0784249,2,0.167799863,0.0714573913,0.205518434,0.0153443022,0.0456033324,0.104096208,0.0570680338
3145,0.43504455,1.01183432,92.7425527,24.9907908,0.436897826,0.294092402,66.091524,2,0.167852386,0.0772609906,0.224669815,0.00980152053,0.047614391,0.11340467,0.0389454121
3146,0.435963796,0.98816568,93.3119807,25.2172921,0.436984244,0.290350088,67.5811561,2,0.161124699,0.0679412087,0.221918109,0.0259522453,0.0427191541,0.132071984,0.0194213463
3147,0.43675687,1.02366864,93.867844,25.458921,0.437696921,0.293024712,68.7101991,2,0.163420641,0.0746637336,0.205354683,0.017606892,0.0379295673,0.132167383,0.0729061134
3148,0.435025999,0.98816568,94.4408028,25.7115603,0.438277992,0.29482865,69.2380072,2,0.16736813,0.0721256177,0.217227546,0.0137701506,0.043319321,0.077397459,0.0443812998
3149,0.434623336,1.01183432,95.0270721,25.9421479,0.438073903,0.290498297,69.271784,2,0.172298002,0.0715867937,0.20058282,0.0138188181,0.0541432674,0.109037988,0.0322197687
3150,0.435826402,1.00591716,95.612945,26.1539857,0.437563852,0.289183576,69.0326712,2,0.181452266,0.0733187411,0.219386626,0.0214679176,0.0303472046,0.148218713,0.0392856552
3151,0.435742416,1.02366864,96.191416,26.3603097,0.437139813,0.289876457,68.2799957,2,0.161879839,0.0684685974,0.212402541,0.0160434754,0.0297069522,0.109567289,0.0379047014
3152,0.434998,1.00591716,96.7780114,26.5967888,0.436839864,0.294302109,67.3205854,2,0.168406427,0.0739522468,0.212795839,0.0244159699,0.0336146113,0.128155034,0.0413617282
3153,0.434647047,1.01183432,97.3520007,26.8474387,0.43619113,0.301826517,66.6423506,2,0.16175001,0.0684141,0.222195161,0.00635190169,0.0304350973,0.0761343533,0.0370563859
3154,0.435415692,1,97.9351706,27.0802467,0.436112636,0.295839292,66.8758208,2,0.17086204,0.0743302372,0.206620871,0.0267733766,0.0452265586,0.1035425,0.0515932209
3155,0.437742181,0.99408284,98.4957519,27.3155106,0.436877605,0.295612609,68.5374114,2,0.163996124,0.0716977344,0.220898201,0.0234489525,0.0458294073,0.140569076,0.0376882412
3156,0.437723645,1.01775148,99.0394637,27.5568814,0.43861018,0.298207907,69.1597778,2,0.164951272,0.0738059137,0.208441,0.00569795701,0.0443089035,0.100226402,0.0968709166
3157,0.435999031,1.00591716,99.6206088,27.7981807,0.439331591,0.297486214,69.3152064,2,0.168721574,0.0759903513,0.227353405,0.0158884599,0.0462255345,0.0771769425,0.021256834
3158,0.436533485,0.99408284,100.196189,28.0172762,0.439847884,0.294350885,69.2748202,2,0.17494046,0.0660224394,0.229840871,0.0110829111,0.0525084478,0.111114456,0.0359526319
3159,0.436491981,1.00591716,100.7946,28.2235171,0.43892168,0.294857558,68.7801469,2,0.159742455,0.0764540016,0.209560946,0.028289606,0.040671404,0.127295503,0.0695055967
3160,0.436167764,0.98816568,101.382148,28.4534283,0.438829554,0.294512932,68.1876097,2,0.163334818,0.0719831232,0.214748489,0.0108440405,0.0478226034,0.116680358,0.0319151182
3161,0.434245477,1.03550296,101.972416,28.7006286,0.437675833,0.299827485,67.0977463,2,0.171443996,0.0749996435,0.206853602,0.0163804867,0.0451172258,0.100366387,0.085101238
3162,0.433864623,0.98816568,102.571626,28.9489811,0.435878275,0.300352879,66.3470245,2,0.165181652,0.0725683428,0.225523083,0.00907955235,0.0456623352,0.0960623334,0.0474053404
3163,0.434145651,0.982248521,103.155034,29.1696326,0.435161029,0.296329258,66.6022749,2,0.15890051,0.0639881805,0.221338652,0.0290257371,0.0357661328,0.109564269,0.0195816381
3164,0.437041885,0.99408284,103.71678,29.4122459,0.436039412,0.29271276,67.7988784,2,0.162691343,0.0732505972,0.208269235,0.0266781995,0.0420826555,0.13097967,0.0531484179
3165,0.436618663,1.00591716,104.275194,29.6564416,0.437542337,0.291693816,67.9280763,2,0.1665069,0.0706314988,0.208619121,0.0180131973,0.041830435,0.0956006961,0.0615512998
3166,0.435893138,1.01775148,104.847123,29.8897448,0.438774224,0.289746337,68.5831915,2,0.169486291,0.080003896,0.225415804,0.0151822606,0.0475693744,0.0974281702,0.0374866537
3167,0.437221461,1.01775148,105.414264,30.102326,0.439148648,0.28959395,68.8244768,2,0.178347878,0.0705932675,0.226845012,0.0139318292,0.0445264623,0.135822568,0.0376236992
3168,0.437096242,1.02366864,105.989203,30.3067582,0.439157533,0.29212174,68.4844039,2,0.161043098,0.0728174413,0.205697913,0.00483361089,0.047597916,0.133074909,0.0815030602
3169,0.436242719,1.00591716,106.574283,30.5473422,0.43930704,0.295887149,68.105857,2,0.165223178,0.0748646939,0.216249843,0.0103522098,0.0514930519,0.111813606,0.0354017687
3170,0.433914813,1.01775148,107.17156,30.8075183,0.437624235,0.302847827,67.5005872,2,0.174555624,0.0702602393,0.208800004,0.0145501633,0.0396140533,0.106767846,0.0648170115
3171,0.433824599,1.01183432,107.783541,31.0404021,0.435962683,0.300293861,66.4034302,2,0.168492824,0.0772409588,0.221712791,0.0221816584,0.0387410652,0.130798582,0.0273817467
3172,0.435329215,1.00591716,108.359797,31.2783948,0.435675843,0.293269119,67.8437057,2,0.161871833,0.0679438133,0.21890107,0.0290538768,0.0420802336,0.132364047,0.0221409477
3173,0.437018394,1.01775148,108.915651,31.5113974,0.436828997,0.290113818,68.2619158,2,0.164240585,0.0733778417,0.204032319,0.0157595102,0.0357074929,0.120969757,0.0890107499
3174,0.435927256,0.970414201,109.483558,31.7524594,0.438001452,0.28899942,68.5145206,2,0.168007179,0.0721248443,0.21901871,0.0127292954,0.038692768,0.0711705328,0.0350386256
3175,0.436078127,1.01183432,110.052284,31.9779402,0.438706745,0.286776577,69.2860871,2,0.17269194,0.0641448364,0.216065185,0.0107567661,0.0315680591,0.0934590658,0.0436867535
3176,0.436920365,1.01775148,110.629585,32.1856654,0.438546421,0.291034896,69.3236161,2,0.181712267,0.074979963,0.219774433,0.0198993093,0.0321629903,0.146860946,0.0457132591
3177,0.435998856,1.01775148,111.205902,32.4004445,0.438634733,0.29242044,68.8988779,2,0.162506946,0.0706355917,0.213013376,0.0164682359,0.0341525547,0.109603074,0.0401080396
3178,0.434677313,1.01775148,111.794147,32.6414491,0.438142475,0.297521133,68.4878786,2,0.168658542,0.0755304359,0.214857486,0.0232204212,0.0332052328,0.125802606,0.0395078108
3179,0.43366192,0.98816568,112.389469,32.8846714,0.436358557,0.304433361,67.5350574,2,0.177960459,0.0688757868,0.22489152,0.00396722404,0.0352588641,0.0784815912,0.0313793529
3180,0.433824422,0.99408284,112.992989,33.1072113,0.434985338,0.300724842,67.2211549,2,0.157925177,0.0672724777,0.205623746,0.0110258613,0.0558854834,0.131977408,0.0509237282
3181,0.436994105,0.99408284,113.561755,33.3424463,0.435478246,0.293119267,68.2382627,2,0.165027416,0.0709009933,0.215882189,0.0279832216,0.0454759789,0.137939911,0.0489250006
3182,0.437806518,1.00591716,114.107847,33.573037,0.437332868,0.292109715,68.2963226,2,0.165203703,0.0716244628,0.206038686,0.0122301256,0.0421865506,0.100943986,0.0781444129
3183,0.436376267,1,114.67552,33.8118742,0.438812979,0.291416768,68.8598052,2,0.168935534,0.0760970706,0.226862216,0.0165740819,0.0466946555,0.0809449753,0.0234892036
3184,0.437226394,1,115.239622,34.0277602,0.439643477,0.2913093,69.129918,2,0.175619097,0.0668963771,0.230724292,0.00882175802,0.0525352596,0.112619899,0.0377634835
3185,0.437115974,1.01775148,115.822177,34.226284,0.43962236,0.297416032,68.8979802,2,0.159785687,0.077146625,0.210677515,0.0241710143,0.0452705591,0.123559937,0.0645764814
3186,0.436509234,0.99408284,116.407292,34.4573232,0.43970946,0.300407682,68.6259799,2,0.163395675,0.0733768447,0.218125262,0.00862309646,0.0509833755,0.117659674,0.0329621823
3187,0.434178439,1.02366864,116.998166,34.7065541,0.438579424,0.306223629,67.6174461,2,0.171846339,0.0756177401,0.208137988,0.0138375151,0.0496514705,0.0956388774,0.0848710845
3188,0.433507283,0.98816568,117.611568,34.9526098,0.436372148,0.304005978,66.6620532,2,0.165805752,0.0740858875,0.226720777,0.0100495131,0.0472145645,0.100531653,0.047194082
3189,0.434461939,0.98816568,118.202316,35.1747675,0.435498259,0.296043609,67.0999193,2,0.15941119,0.0642508397,0.221548889,0.0325650169,0.0401717715,0.120399051,0.0217919267
3190,0.43699084,1,118.774724,35.4146309,0.436068852,0.28784829,67.8718127,2,0.162728608,0.072787128,0.204086511,0.028297502,0.0375738324,0.132708513,0.0554895561
3191,0.436944913,1,119.337613,35.656954,0.437354046,0.288096939,68.0355248,2,0.166514906,0.0705388822,0.209410169,0.0137356656,0.0413835673,0.0905725029,0.0607587926
3192,0.435724825,1.0295858,119.90759,35.8912326,0.438565726,0.286569488,68.8803508,2,0.170431095,0.0801664855,0.220794206,0.0156570598,0.0342981676,0.111326973,0.0302894694
3193,0.437082142,1.00591716,120.475923,36.1013662,0.439052156,0.289522042,69.0085078,2,0.179311303,0.0722759583,0.225585741,0.013718164,0.0410855118,0.136267828,0.0419568944
3194,0.436758593,1.02366864,121.049046,36.2992775,0.439191709,0.293507188,68.8588954,2,0.16092621,0.0717456247,0.208609085,0.00637360187,0.0402728412,0.122508421,0.0754747294
3195,0.435939662,1,121.640165,36.534017,0.439066161,0.297788388,68.3702856,2,0.166252581,0.0754313816,0.214709917,0.0171351267,0.0478308323,0.118521027,0.0343214056
3196,0.433901302,1.01775148,122.235529,36.7933863,0.437433151,0.30413265,67.7089878,2,0.175555137,0.0697964534,0.211996899,0.0132202082,0.035408146,0.0968557766,0.06729028
3197,0.434113879,1.02366864,122.843457,37.0221383,0.436319305,0.296588689,66.6061706,2,0.169429016,0.0787177743,0.22109079,0.0186494107,0.044166415,0.126929738,0.0270964266
3198,0.436056871,1,123.416886,37.259108,0.436290538,0.28819615,68.4258806,2,0.162763846,0.0686427479,0.218385051,0.0260008259,0.0413034697,0.142032777,0.0242783964
3199,0.437087372,1.02366864,123.972163,37.4923018,0.437047166,0.287589267,68.9976413,2,0.163942216,0.0728104907,0.202914838,0.00847232186,0.0396542664,0.115417924,0.0987824474
3200,0.435541313,0.98816568,124.545519,37.7323475,0.437856496,0.288855618,69.0941401,2,0.16769293,0.0732659994,0.220143508,0.0142169585,0.041696115,0.0757362275,0.0300476886
3201,0.435911614,1.01183432,125.112897,37.9593884,0.438522757,0.288313281,69.629106,2,0.173639008,0.0650807645,0.218424968,0.0107703605,0.0321595554,0.0883590331,0.0367111139
3202,0.436115459,1,125.69705,38.161093,0.438225477,0.293556752,69.2168039,2,0.182766411,0.0762618017,0.21876971,0.0219383447,0.0291794527,0.140592386,0.0507232873
3203,0.435670609,1,126.28056,38.3713613,0.437913818,0.296082188,68.7017172,2,0.16205252,0.0703504144,0.217077342,0.0163102306,0.0377538845,0.114313068,0.0243463205
3204,0.434320208,1.01183432,126.872584,38.6072083,0.437328904,0.300635802,67.5358583,2,0.169884117,0.0747657041,0.210473762,0.0224619767,0.0353422225,0.123772836,0.0678521548
3205,0.433782017,0.98816568,127.458525,38.8580083,0.436124677,0.302812416,66.8272556,2,0.163414456,0.0701140644,0.224509647,0.00446425075,0.037271019,0.0746267973,0.0315774767
3206,0.435038649,0.99408284,0.043404536,39.0822226,0.435858835,0.29306288,67.1319346,2,0.157534728,0.0618301444,0.216781968,0.0163587996,0.0319439724,0.103168507,0.037505805
3207,0.437116066,1,0.613450762,39.3146894,0.436236155,0.288691696,68.7148424,2,0.161167022,0.0719340944,0.214535632,0.0266873155,0.0414695255,0.139926673,0.0571944594
3208,0.437356222,1,1.16780254,39.5463458,0.43754271,0.290560064,69.0385741,2,0.164786653,0.0710891789,0.207457581,0.0153744384,0.0390039878,0.105250569,0.0609919985
3209,0.435427721,1.01183432,1.74189811,39.7837005,0.438445062,0.294892285,69.245259,2,0.16849532,0.0769038759,0.225789083,0.018718226,0.0431068472,0.0961277143,0.0293325356
3210,0.436581441,1,2.30950947,40.0053828,0.438861062,0.29601065,69.351758,2,0.176711085,0.0683987107,0.229958615,0.00743982133,0.0471173004,0.105588357,0.041844093
3211,0.436429992,1.02366864,2.89640352,40.1965101,0.438713906,0.301536407,68.9226204,2,0.159320471,0.0755618363,0.207914962,0.0233667939,0.0527927979,0.122744156,0.0477270877
3212,0.436966545,0.99408284,3.48807532,40.4177833,0.438606575,0.302635035,68.1007471,2,0.163876177,0.0736137908,0.218726401,0.0153318646,0.0499312404,0.126784503,0.0377491559
3213,0.434918954,1.01183432,4.07335754,40.6726217,0.43789563,0.30580685,66.8905032,2,0.173021212,0.0735777971,0.206102171,0.0127327201,0.0522308161,0.0963329009,0.0748270538
3214,0.434787115,1.00591716,4.66845271,40.922234,0.437227,0.297164927,66.480907,2,0.166694574,0.075689275,0.226245213,0.00264131618,0.0497546841,0.0917373929,0.0374543472
3215,0.43607129,1,5.23977624,41.1446022,0.437449395,0.289972436,67.4478726,2,0.159996504,0.0653200991,0.223950964,0.0267217922,0.0475685803,0.129671567,0.0247744436
3216,0.437127714,1.01775148,5.80887833,41.3817118,0.437830014,0.289228846,68.4978704,2,0.162214247,0.0743319824,0.204837139,0.0238204398,0.0412325452,0.134661622,0.0578924125
3217,0.436160535,0.98816568,6.38589436,41.6256063,0.438309834,0.290917882,68.9294539,2,0.166025098,0.0716781307,0.212278098,0.0115432362,0.0471098538,0.0922121182,0.051523661
3218,0.434616447,1.0295858,6.96627598,41.8693526,0.438069472,0.293608463,69.1095528,2,0.171348062,0.0777648595,0.210903753,0.0155264578,0.0363138701,0.103867224,0.0572721067
3219,0.435453495,1.00591716,7.55328829,42.0873649,0.43761294,0.293011463,68.9992405,2,0.18052013,0.0728965082,0.224192308,0.0168158392,0.0369182488,0.136356822,0.0443408132
3220,0.435430905,1.00591716,8.13532531,42.2799777,0.43706955,0.297154913,68.4619581,2,0.160624652,0.0682045082,0.214962228,0.0156239398,0.0278476418,0.108994364,0.0383702583
3221,0.435645677,0.964497041,8.73106504,42.5068398,0.436634218,0.297531428,67.1698064,2,0.167672891,0.0737458597,0.211008371,0.0249293189,0.0387672145,0.12850137,0.0407981378
3222,0.435106714,0.982248521,9.29559808,42.7676008,0.436935747,0.300093545,66.470102,2,0.168243762,0.0694282705,0.214440369,0.0132441607,0.0342742835,0.0871912048,0.0639859046
3223,0.435971797,1.01775148,9.87569483,43.0019401,0.437369466,0.290948812,67.0644799,2,0.169932732,0.0800664363,0.224638388,0.0110939533,0.0499840939,0.116786032,0.0324729706
3224,0.437498538,1.00591716,10.4435314,43.223738,0.437763792,0.289942588,68.5033675,2,0.163180178,0.070403324,0.223264378,0.0211630371,0.0407269249,0.146828024,0.0247441249
3225,0.437616682,1.03550296,10.9954543,43.4599953,0.438604093,0.293322084,69.4569099,2,0.163437426,0.0736751787,0.206821043,0.00309877156,0.0430859102,0.118119957,0.0989481627
3226,0.435324632,0.99408284,11.5762655,43.7090965,0.438964033,0.298700732,69.8552723,2,0.167329634,0.0748394993,0.223390552,0.0157512411,0.046761634,0.0846709345,0.0299298211
3227,0.435081351,1.01183432,12.1601616,43.9450814,0.438526832,0.299973243,69.4679202,2,0.174377526,0.0662214107,0.221677975,0.00773316663,0.0315907982,0.0887812781,0.0330769978
3228,0.435111471,0.99408284,12.7657011,44.1519201,0.437344459,0.299734261,68.814849,2,0.18383908,0.0763831228,0.215718929,0.0307217083,0.0285440846,0.132906912,0.0603864957
3229,0.4355777,0.982248521,13.3603559,44.3606243,0.436744705,0.299073912,67.7989314,2,0.161884755,0.0698457925,0.218173963,0.0201927923,0.0414123612,0.123963417,0.0246019442
3230,0.434986073,1.01183432,13.948444,44.5997838,0.436147695,0.29856593,66.1049121,2,0.171069437,0.0730727631,0.206109051,0.0192345963,0.0431641898,0.109604084,0.0923707392
3231,0.435062738,1,14.5115138,44.8607728,0.43650823,0.296214113,66.448094,2,0.169699575,0.0713389807,0.224356899,0.00504761984,0.0393965169,0.0735514713,0.0303467484
3232,0.435912275,1,15.0811246,45.0830701,0.436841323,0.290651704,67.0873741,2,0.173142571,0.0617654931,0.224367155,0.022495347,0.0397891531,0.105113408,0.0277047277
3233,0.437679936,0.98816568,15.6414114,45.3103464,0.437669405,0.29302692,68.5515939,2,0.161099162,0.0742735297,0.215851415,0.0236877527,0.0423052189,0.137941082,0.0606410604
3234,0.436507918,1,16.2025076,45.5524458,0.438585638,0.296196759,69.2344247,2,0.164881966,0.0719146044,0.210295612,0.01714322,0.0421638638,0.104354288,0.0538959085
3235,0.434628419,1.01183432,16.7859333,45.7955523,0.438551882,0.302239189,69.4169448,2,0.168530208,0.0780285937,0.226277893,0.019516118,0.0421234546,0.104894447,0.0302779515
3236,0.435595145,0.98816568,17.3676239,46.0221508,0.438162039,0.300221802,69.289619,2,0.177619123,0.0692424518,0.229298803,0.0126196588,0.0464080808,0.113801729,0.0471441634
3237,0.435739343,1.01775148,17.9613565,46.2157066,0.437436885,0.301825547,68.6682001,2,0.159620416,0.0718620951,0.205989662,0.0155961066,0.0540196588,0.136847902,0.0570110929
3238,0.436830212,0.98816568,18.5576097,46.4398958,0.437237013,0.299247767,67.242658,2,0.164962652,0.0731823219,0.215145875,0.0204135392,0.0487248397,0.125801243,0.0429656169
3239,0.435607075,0.98816568,19.1304753,46.6983284,0.43743096,0.300207831,66.072438,2,0.167161381,0.0720873432,0.20486097,0.014782965,0.0484110913,0.101084608,0.0581046436
3240,0.43557526,1.01183432,19.7109414,46.9536226,0.43754448,0.293173004,66.4483816,2,0.16735846,0.0767786037,0.22610739,0.00245343944,0.0501440601,0.100055064,0.0395454473
3241,0.43645859,1,20.2794836,47.1740209,0.437730925,0.290004457,67.5516183,2,0.160616931,0.0672489077,0.224216099,0.0246108621,0.0460736076,0.131493246,0.0202543704
3242,0.437133465,1.04142012,20.839535,47.4113498,0.438408588,0.293096801,68.6041907,2,0.16267734,0.0753003897,0.206040657,0.0198794904,0.0414979427,0.135768492,0.0623366357
3243,0.435311791,0.99408284,21.4154158,47.6662349,0.438801689,0.296276356,69.3010109,2,0.166659921,0.0724178406,0.215644819,0.01292699,0.047681782,0.0856136037,0.0495470224
3244,0.434166279,1.0295858,22.0061416,47.9080347,0.437964548,0.29630408,69.1185931,2,0.171970962,0.0755976035,0.204030711,0.016687809,0.0523664008,0.0904189857,0.0540123713
3245,0.435071978,1,22.6007773,48.1237459,0.437212966,0.291920591,68.8122624,2,0.181262145,0.0730972489,0.221018538,0.0216502646,0.0315924281,0.14581521,0.0375918594
3246,0.435402059,1.01775148,23.1836402,48.3225483,0.436550064,0.292916351,67.9076569,2,0.161289818,0.0676743287,0.213869216,0.0174807598,0.0276293076,0.109268703,0.0330303616
3247,0.435245541,1,23.775684,48.5547166,0.43610262,0.293732575,66.4658263,2,0.168370063,0.0731174237,0.210405934,0.0253857406,0.0334616037,0.129648097,0.0441974453
3248,0.435303733,1.00591716,24.3341036,48.8159809,0.436478655,0.297965162,66.0748259,2,0.168999701,0.0686126014,0.218665486,0.00925613989,0.0294114374,0.0778113752,0.0485056866
3249,0.43627152,0.99408284,24.9065712,49.0516882,0.437025584,0.291768303,66.9125925,2,0.170415175,0.0778810286,0.21458732,0.0234795123,0.0308021531,0.117710015,0.0492616302
3250,0.438012359,0.99408284,25.467653,49.27899,0.43782685,0.293863743,68.4316612,2,0.160609219,0.0718715108,0.222813842,0.0212921944,0.0437352882,0.14349087,0.0315457573
3251,0.437480743,1.02366864,26.0141744,49.5246654,0.439096558,0.297766433,69.4495171,2,0.164447897,0.074354116,0.208671459,0.00223994636,0.0442674352,0.106475757,0.100978596
3252,0.435405957,1.00591716,26.5949474,49.7761339,0.439439821,0.301030917,69.9092252,2,0.168377093,0.0759169209,0.227028855,0.0156715685,0.0457824873,0.077439913,0.0231561557
3253,0.435732739,1,27.1828735,49.9976464,0.439352826,0.296525628,69.4243255,2,0.174732398,0.0656712912,0.227687519,0.0109139619,0.0482229697,0.103560925,0.0303468289
3254,0.435776377,0.99408284,27.7893384,50.205232,0.438085713,0.294377245,68.8855789,2,0.184208412,0.0759483546,0.209155142,0.031184519,0.0373071016,0.12771795,0.0707064144
3255,0.435971682,0.982248521,28.3802318,50.4282939,0.437739164,0.292958351,68.0088868,2,0.162942092,0.0709756705,0.214014204,0.0139283007,0.0455031481,0.118824352,0.0301200663
3256,0.434426137,1.0295858,28.9702547,50.667744,0.436766809,0.297683125,66.4812184,2,0.171410229,0.0740176265,0.205645238,0.0174102826,0.0446609934,0.101171153,0.0896974029
3257,0.434225747,0.99408284,29.5540567,50.9248206,0.435782461,0.297238269,66.1657689,2,0.164907136,0.0719938125,0.2250802,0.00580100467,0.0445453449,0.0872723894,0.0424770297
3258,0.434750003,0.982248521,30.1267673,51.1460861,0.435652794,0.293142254,66.6057038,2,0.158532595,0.0636118706,0.221584292,0.0258555207,0.0356544424,0.105748539,0.021257715
3259,0.437152609,1,30.6837808,51.3862069,0.436661446,0.293787112,68.1695501,2,0.162284483,0.0738991318,0.211263096,0.0250231626,0.0449769569,0.131127065,0.0560328043
3260,0.436394673,1.01183432,31.2397028,51.6323598,0.438018918,0.29551893,68.5579141,2,0.166130622,0.0712921487,0.208960249,0.019424067,0.0437528582,0.0988444741,0.0570533823
3261,0.435586359,1.0295858,31.8194909,51.8632417,0.438921429,0.294031162,68.7490318,2,0.169054545,0.0794514586,0.225883198,0.016439186,0.0469240728,0.0979140338,0.0335620084
3262,0.436831248,1.01183432,32.3898703,52.0797142,0.43911243,0.291367681,68.8913636,2,0.177966724,0.0699567893,0.22765443,0.0136908662,0.0460390883,0.130755597,0.0410926049
3263,0.436893014,1.0295858,32.9732373,52.2809542,0.438736697,0.293186884,68.3538583,2,0.160639909,0.072574648,0.205043703,0.0079235907,0.0495373507,0.136727371,0.0741448038
3264,0.436518949,0.98816568,33.5622683,52.5186013,0.438731077,0.294358247,67.6136525,2,0.165035443,0.0742976041,0.215082678,0.0102901751,0.0508882151,0.115352097,0.0372615677
3265,0.434152076,1.01775148,34.1561741,52.7781418,0.437358063,0.301995147,66.6988671,2,0.174315221,0.0710480519,0.206691909,0.0150755122,0.0437277362,0.106603884,0.0596589609
3266,0.434253488,1.01183432,34.7583312,53.0217013,0.436203902,0.297922647,66.0223955,2,0.168098926,0.077112002,0.223128072,0.0177392294,0.0429534214,0.124925102,0.0330332928
3267,0.435451708,1,35.3303599,53.255414,0.436134727,0.292170544,67.597776,2,0.161411873,0.0678564333,0.219877715,0.0285060616,0.0417592172,0.130653102,0.0210670833
3268,0.436715965,1.03550296,35.8851607,53.4954606,0.437075357,0.292374649,68.4387031,2,0.163991572,0.0739514626,0.204930311,0.0171486917,0.035178688,0.126855128,0.0797806829
3269,0.435572082,0.976331361,36.4552593,53.7386514,0.438054456,0.290799804,68.7260922,2,0.167791428,0.0718042086,0.217643216,0.013312625,0.0398084093,0.0731085829,0.0402238962
3270,0.43547967,1.01183432,37.0310384,53.9657742,0.43841042,0.286941589,69.2981416,2,0.172359975,0.0681829519,0.204332567,0.0126386915,0.0415942155,0.117304372,0.0518004483
3271,0.436601369,1.00591716,37.6091675,54.1748362,0.43821227,0.28918221,69.2796455,2,0.181393243,0.0739310587,0.219800464,0.0198084837,0.0320114615,0.148705212,0.0412416138
3272,0.436028159,1.02366864,38.1853465,54.3864614,0.438086618,0.290089324,68.7329181,2,0.16228846,0.0697466907,0.211875001,0.0159264266,0.0319044648,0.109782991,0.0442462041
3273,0.435012152,1.00591716,38.770347,54.6247226,0.437826977,0.295439943,68.1682388,2,0.168286671,0.0749454196,0.214774014,0.0231932632,0.0347627827,0.125568816,0.0373215434
3274,0.434096258,1,39.3586475,54.869771,0.436443952,0.303699873,67.3303469,2,0.161853867,0.0685654989,0.223818615,0.00498347614,0.032137146,0.0774327021,0.0319856826
3275,0.434159579,0.98816568,39.9612962,55.0960854,0.435202533,0.299771113,66.9872605,2,0.157751335,0.0708847753,0.203757178,0.0230423706,0.0573130001,0.118885564,0.0330773656
3276,0.437198605,0.98816568,40.5243691,55.3336925,0.435905684,0.294774344,68.453666,2,0.164443267,0.0710246032,0.21824647,0.0263371812,0.0461872093,0.138985923,0.0428701516
3277,0.437894527,1,41.0685971,55.5660753,0.437825032,0.294501391,68.6486063,2,0.165094926,0.0726088571,0.206731891,0.00880931736,0.043545649,0.0994290398,0.0901041016
3278,0.436329032,1,41.6414686,55.805277,0.439027412,0.29335291,69.0427888,2,0.168832453,0.0757412692,0.226918139,0.0163084022,0.0462761947,0.0777650575,0.0218249062
3279,0.437044482,0.98816568,42.2084842,56.0221922,0.439813664,0.292412239,69.2479995,2,0.175132565,0.0661274182,0.230597762,0.00957272198,0.0532817318,0.111560864,0.0369049648
3280,0.436874212,1.00591716,42.7975511,56.2244324,0.439351816,0.296100015,68.9030659,2,0.159756757,0.0768762041,0.211276597,0.0256925521,0.0421204981,0.125771894,0.0685406612
3281,0.436310652,0.98816568,43.3820817,56.4543217,0.43939634,0.29811128,68.5435741,2,0.163348777,0.0725992504,0.216948183,0.0101426197,0.0492501847,0.116891402,0.0315792552
3282,0.434236749,1.0295858,43.9719287,56.7017088,0.438321196,0.303936485,67.5429603,2,0.171436385,0.0756042155,0.208754395,0.0155121578,0.0459003127,0.101204477,0.0843178945
3283,0.433663642,0.99408284,44.5790492,56.9482381,0.436210516,0.303558596,66.6991422,2,0.165297644,0.0730608854,0.226710886,0.00956444946,0.0462361227,0.0978622602,0.0476869263
3284,0.434268964,0.982248521,45.1701541,57.1676332,0.435242863,0.297792445,66.8895373,2,0.158908658,0.0638490902,0.22197682,0.0313046341,0.0378517124,0.114377155,0.0205351991
3285,0.437116739,0.98816568,45.7396591,57.4082031,0.435948703,0.290194402,67.7476095,2,0.162628173,0.0728810728,0.206344867,0.0285359694,0.0396410524,0.131759993,0.0546447289
3286,0.437043627,1,46.2996919,57.6499817,0.437427535,0.289556845,67.8753358,2,0.166405964,0.0705307323,0.20872729,0.0161111617,0.0410304079,0.0946249877,0.0615079324
3287,0.43587262,1.01775148,46.8698811,57.8848543,0.438732929,0.288107063,68.6646429,2,0.169841893,0.080076881,0.223884081,0.0156166688,0.0419231346,0.103511282,0.0348908667
3288,0.437252441,1.00591716,47.4367484,58.0961627,0.439224835,0.289740873,68.8865409,2,0.178699193,0.0713983164,0.226660692,0.0134862815,0.043507569,0.134414338,0.0411107888
3289,0.436938553,1.01775148,48.0112836,58.2961293,0.439323804,0.293265658,68.7094834,2,0.160877021,0.0725645458,0.206841308,0.0037326024,0.0459185321,0.129691143,0.0805823396
3290,0.43619838,1.00591716,48.5993513,58.5334563,0.439346029,0.297305205,68.3385453,2,0.165614864,0.0752507155,0.215557669,0.0132225963,0.0505396872,0.115322959,0.0353800326
3291,0.433885678,1.02366864,49.1969009,58.7919111,0.43767177,0.303928543,67.6513385,2,0.174951577,0.0702755376,0.209587616,0.0141549734,0.0388174375,0.103492219,0.0672617062
3292,0.433969234,1.01775148,49.8076581,59.0250079,0.436217129,0.298257412,66.5073095,2,0.168869658,0.0779954859,0.22172342,0.0191646856,0.0431761827,0.127566817,0.0285801974
3293,0.435701813,0.99408284,50.3831444,59.2611492,0.436038419,0.290213502,68.1682275,2,0.16223663,0.0680666016,0.218616085,0.0276562267,0.0418652395,0.13802361,0.0220772182
3294,0.436960055,1.02366864,50.9399178,59.4958512,0.436835283,0.288702327,68.7200465,2,0.163997674,0.0730703678,0.203123988,0.0125428535,0.037788474,0.119297319,0.0941395023
3295,0.435731133,0.970414201,51.510238,59.7345255,0.437870657,0.289184311,68.8872826,2,0.16772696,0.0726433627,0.219239576,0.0131203542,0.0405776556,0.073672681,0.0336530344
3296,0.435941095,1.01183432,52.0789717,59.9610532,0.438551053,0.287621205,69.5507679,2,0.173108933,0.0653190431,0.214842873,0.0115877937,0.0294780618,0.0946563299,0.0478536685
3297,0.436370579,0.99408284,52.659916,60.1655002,0.438348388,0.292340965,69.3084376,2,0.182186187,0.0756510376,0.219859211,0.0201963459,0.0300854817,0.144197642,0.0461441746
3298,0.435697857,1.00591716,53.24026,60.3748314,0.43821156,0.294537489,68.8120311,2,0.16210674,0.0702905044,0.215562041,0.0166538591,0.034893506,0.111094878,0.0289805408
3299,0.434373034,1.01775148,53.833157,60.6111931,0.437604123,0.299076416,67.9695393,2,0.169268078,0.0751202668,0.21197141,0.0235287076,0.0326967743,0.127480843,0.0537038495
3300,0.433691305,0.98816568,54.423053,60.8596644,0.436096179,0.303468144,67.0668032,2,0.162860203,0.0694088231,0.223921326,0.00433587734,0.035263452,0.075315554,0.0318618249
3301,0.434597707,1,55.0146587,61.0840879,0.435504833,0.295402912,67.1674206,2,0.157563873,0.0644117702,0.209098754,0.00377020575,0.0456524021,0.122429589,0.0566773578
3302,0.43704723,0.99408284,55.5837279,61.3170588,0.435945909,0.29017677,68.6441917,2,0.165370748,0.0712567411,0.215764726,0.027110389,0.0426666461,0.141039924,0.0527090754
3303,0.437683839,1.01183432,56.1338053,61.5470467,0.437452537,0.29102269,68.8689234,2,0.164797604,0.0712992951,0.20682872,0.0134011203,0.0400106246,0.104150611,0.0706451679
3304,0.435687461,1,56.7055464,61.7861044,0.4385767,0.294403335,69.1822597,2,0.168532881,0.0764497949,0.226658938,0.0178126815,0.0449726144,0.0888757353,0.027270774
3305,0.436919032,0.99408284,57.2719385,62.0044824,0.439206282,0.294395441,69.3482998,2,0.176124038,0.0676437771,0.23003935,0.00674615984,0.0483189442,0.10472514,0.0379897772
3306,0.43668797,1.01775148,57.8583584,62.197193,0.439161686,0.30036356,68.9644962,2,0.15933114,0.0767695081,0.209916089,0.025196353,0.0477000603,0.119545471,0.0594842605
3307,0.436897521,1.00591716,58.4483429,62.4191163,0.439033543,0.302599602,68.3296157,2,0.163255357,0.0734035378,0.219301739,0.0130875621,0.0498338363,0.124994402,0.0339811732
3308,0.434813908,1.01775148,59.0355987,62.6699506,0.438239132,0.306490513,67.0975994,2,0.17243123,0.0744890271,0.206918749,0.0125481954,0.0519094191,0.0946063844,0.0852913319
3309,0.434276625,0.98816568,59.6377934,62.919277,0.437018909,0.300466096,66.435101,2,0.166215521,0.0750118477,0.226690606,0.00437502491,0.0486852719,0.0909530396,0.0389199622
3310,0.435667624,0.976331361,60.2159639,63.1438566,0.436917002,0.290657583,67.2828865,2,0.159624436,0.0645641959,0.223166412,0.0291590043,0.0461018147,0.126634549,0.0259986891
3311,0.437014352,1.02366864,60.7879906,63.383362,0.437251057,0.288110968,68.4560373,2,0.162240031,0.0738747592,0.204595852,0.0261433507,0.0403426058,0.133695673,0.0578703967
3312,0.436411341,0.99408284,61.3626877,63.6254132,0.437872075,0.28928992,68.782709,2,0.166022082,0.071184016,0.210528985,0.0123262758,0.045616838,0.0928438631,0.0542928836
3313,0.434800947,1.03550296,61.9382857,63.866384,0.438151857,0.291577773,69.1547729,2,0.170910715,0.0786873464,0.215044495,0.0156264475,0.0290506216,0.112806797,0.042672964
3314,0.435977732,1.01775148,62.5188001,64.0809093,0.438053752,0.291431894,69.1299658,2,0.179981251,0.0724688426,0.224786031,0.0148381625,0.0391117723,0.132989101,0.0465676525
3315,0.435818898,1.01775148,63.0975788,64.2727946,0.437709479,0.296130756,68.7745905,2,0.160512416,0.0691373293,0.212806228,0.011454377,0.0311895477,0.113128979,0.0522295967
3316,0.435860722,0.976331361,63.6931163,64.4979927,0.437390901,0.2978251,67.6160078,2,0.167079941,0.0743929046,0.212226691,0.0227782921,0.042527335,0.125974413,0.039279181
3317,0.434866994,0.99408284,64.2660778,64.7590138,0.437151194,0.301372466,66.7596232,2,0.168109591,0.0698099286,0.212454489,0.0144894217,0.0366518016,0.0930036717,0.067475076
3318,0.435569265,1.01775148,64.8523978,64.9929667,0.437307247,0.292122967,66.9769793,2,0.169568716,0.0797903448,0.225117248,0.00883160644,0.0519928799,0.112960622,0.0367127673
3319,0.437115185,0.99408284,65.4223638,65.2171184,0.437549474,0.288795268,68.5240555,2,0.162849435,0.0696603328,0.222498021,0.0220367835,0.0409221682,0.145777423,0.0224277564
3320,0.437440153,1.03550296,65.9775816,65.4522358,0.438208056,0.291164051,69.4609258,2,0.163316184,0.0735086352,0.205274431,0.00570760664,0.0424554497,0.121194883,0.0973402928
3321,0.43525986,0.99408284,66.5585498,65.6994916,0.438564482,0.295709254,69.7651069,2,0.167179556,0.0741816932,0.221454224,0.0147108005,0.0462374725,0.0837998177,0.0313742294
3322,0.434998575,1.01775148,67.1386571,65.9352822,0.438309333,0.296956203,69.5343775,2,0.174041516,0.0663169081,0.217820006,0.00970379827,0.0279449817,0.0919475872,0.0446831647
3323,0.435065277,1,67.7386303,66.1412275,0.437371068,0.298084548,68.8636548,2,0.183416099,0.0762255367,0.217891047,0.0273613168,0.0272111989,0.137175075,0.0520359886
3324,0.435398079,0.98816568,68.3308834,66.3467994,0.436651759,0.298375156,67.9654217,2,0.16166874,0.0693304149,0.218595508,0.0197276353,0.0393303073,0.121615348,0.0225493962
3325,0.434881876,1.00591716,68.918973,66.5841422,0.436061701,0.299140844,66.4184244,2,0.170608952,0.0730306899,0.207265289,0.0208758368,0.0405232427,0.116410229,0.0857289761
3326,0.434959178,0.99408284,69.4813084,66.8424623,0.436414177,0.297670665,66.593998,2,0.169413473,0.0705992591,0.223975685,0.00602005446,0.0372732556,0.0717024923,0.0297819555
3327,0.435870239,1,70.0530365,67.0660634,0.436704207,0.290982289,67.1805819,2,0.172703696,0.0611988777,0.222966438,0.0198482538,0.035406041,0.100254999,0.0266514214
3328,0.437748584,1,70.6132854,67.2906394,0.437546392,0.29310512,68.719602,2,0.160791241,0.0736408008,0.218059848,0.0233121198,0.0408735575,0.142145769,0.0565316306
3329,0.436829938,1.00591716,71.1733362,67.528452,0.438509035,0.295727696,69.3752737,2,0.164507062,0.0719447531,0.210455881,0.0155329925,0.0404579324,0.105760033,0.0596047073
3330,0.434853296,1.00591716,71.7570696,67.7732914,0.438495934,0.302696289,69.5782981,2,0.168079212,0.0774283187,0.226568896,0.0198802602,0.042749258,0.10292216,0.0301674665
3331,0.435504392,1,72.3380205,68.0032447,0.438175288,0.30255661,69.4766119,2,0.177156571,0.0687993892,0.230269293,0.0112285372,0.0458255908,0.106677847,0.0440660303
3332,0.43563146,1.01183432,72.9346667,68.1966657,0.437457639,0.304556397,68.9073335,2,0.159322902,0.0731460359,0.206362314,0.0224445922,0.0553225814,0.131678124,0.0450776199
3333,0.436976012,0.98816568,73.5309521,68.4176679,0.437251596,0.301576673,67.5645214,2,0.164546126,0.0729159886,0.216486251,0.021676986,0.0485099562,0.128225702,0.0424342407
3334,0.435745219,0.99408284,74.1048506,68.6714996,0.437453932,0.301802568,66.2901207,2,0.166742182,0.0725860897,0.20490436,0.0138493906,0.0499162801,0.0984354272,0.0666694776
3335,0.435541338,1.01183432,74.6843556,68.9282489,0.437576445,0.294320362,66.6881056,2,0.166943057,0.0760602611,0.226450347,0.0010680704,0.0502617488,0.0921600375,0.0367165398
3336,0.436496323,1.00591716,75.2516629,69.1469841,0.43788693,0.290784271,67.5511514,2,0.160182234,0.0663082109,0.225404271,0.024313052,0.0488824413,0.129673219,0.0237179831
3337,0.4373114,1.01775148,75.8140472,69.3801744,0.438548523,0.293400195,68.5463368,2,0.162190225,0.0753936799,0.206740494,0.0218273189,0.0433085868,0.134933291,0.0577760809
3338,0.435667368,1.00591716,76.3898692,69.6305646,0.438978278,0.29664427,69.161786,2,0.166102571,0.0723416636,0.214523676,0.0128365138,0.0494799611,0.0915767014,0.0508913082
3339,0.434249224,1.02366864,76.9788594,69.87558,0.438124488,0.298773502,69.0071743,2,0.171544678,0.0774669675,0.209651196,0.0164935101,0.041684557,0.0999677101,0.0605558562
3340,0.434882631,1.01775148,77.575028,70.0972986,0.43716146,0.294736632,68.7653497,2,0.180859812,0.0727939533,0.223257846,0.0195323609,0.0351444813,0.14095172,0.0408849694
3341,0.4351929,1,78.160143,70.2915655,0.4364553,0.296295116,67.8726247,2,0.160805711,0.0673746801,0.215203331,0.0177727103,0.0267841566,0.108718753,0.0327090576
3342,0.435627563,0.976331361,78.7560255,70.5210343,0.435934113,0.294695076,66.3263385,2,0.168062899,0.0730071374,0.209946834,0.0256879791,0.0350981543,0.129953485,0.0428005629
3343,0.435540375,0.98816568,79.3092315,70.7872827,0.436827618,0.297091849,66.15334,2,0.168551292,0.069054323,0.215893872,0.0121092047,0.0308574797,0.0828302372,0.0592138355
3344,0.436420989,1.00591716,79.8837744,71.0226566,0.437409949,0.290264735,67.0076212,2,0.170058974,0.07962093,0.221891128,0.0163136806,0.0412879856,0.124320094,0.0260391645
3345,0.437880476,1.00591716,80.4473867,71.2443847,0.438092729,0.292325487,68.4153019,2,0.160068511,0.0713711516,0.223890956,0.020883625,0.0420928595,0.145342248,0.0262858996
3346,0.437514522,1.03550296,80.9959175,71.4859082,0.439162682,0.296204722,69.4202872,2,0.163842316,0.0743157731,0.208041438,0.00252779587,0.0438634949,0.113929181,0.100851032
3347,0.435187976,1.01183432,81.5769814,71.740822,0.439345572,0.301510162,70.0417016,2,0.167825343,0.0754208771,0.225304981,0.0158093495,0.046613778,0.0802255575,0.0273923138
3348,0.435040634,1,82.1678176,71.9711063,0.438785004,0.299524979,69.469653,2,0.174497149,0.065573134,0.224870831,0.00869567022,0.040206354,0.0928438291,0.0236812997
3349,0.435243748,0.99408284,82.7766429,72.1790148,0.437427325,0.296481595,68.8773632,2,0.184010046,0.0757726104,0.211617491,0.0325187067,0.0324482682,0.12993616,0.0682397021
3350,0.435682902,0.98816568,83.3704411,72.3943999,0.436875854,0.29518162,67.8327501,2,0.162412499,0.0700262269,0.215428177,0.0177264495,0.043185106,0.121446094,0.0275906329
3351,0.43483015,1.02366864,83.9595774,72.6314058,0.436210836,0.297183104,66.0322359,2,0.171243397,0.0733491067,0.205502403,0.0191016948,0.0438620764,0.105378654,0.0921824199
3352,0.434780143,1.00591716,84.5283921,72.8943628,0.4360911,0.295840166,66.2986913,2,0.170224419,0.0715993185,0.2249727,0.00384703185,0.0418405602,0.0791318588,0.0356996754
3353,0.435606696,0.98816568,85.0957616,73.1154928,0.43643932,0.29156617,66.9023631,2,0.173371275,0.0631422267,0.222272714,0.0228836911,0.0353750925,0.10259044,0.0236477239
3354,0.437481608,0.99408284,85.6542024,73.3483,0.437467167,0.294216543,68.3841099,2,0.161692188,0.0745153861,0.214299628,0.0240161971,0.0447365454,0.13375295,0.0595557214
3355,0.436372422,1.01183432,86.2123592,73.5957014,0.438500046,0.297455569,69.0616694,2,0.165557834,0.0719620204,0.20945105,0.0185410359,0.0439630828,0.101485796,0.0544900136
3356,0.434909586,1.01775148,86.7974046,73.8318371,0.438793069,0.299743987,69.0517326,2,0.168709447,0.0788710076,0.226470682,0.0176046782,0.0451868126,0.10002917,0.030834988
3357,0.436235823,1.01183432,87.3743808,74.051289,0.438823404,0.295138942,69.0345633,2,0.177724701,0.0695272949,0.227996764,0.0132562672,0.0469451822,0.123362843,0.0452891863
3358,0.436251975,1.0295858,87.9656382,74.2496226,0.438080139,0.29614596,68.4424973,2,0.160150352,0.0720866003,0.20469149,0.0117773962,0.0516056997,0.137903068,0.0659062805
3359,0.436569356,0.976331361,88.5591807,74.4807668,0.437909113,0.295401342,67.2570451,2,0.164987199,0.0736249718,0.214243281,0.01459655,0.0496633285,0.120375788,0.0400038078
3360,0.434714444,1,89.1435779,74.7398326,0.437201727,0.300846891,66.0484377,2,0.167809885,0.0715549786,0.205119215,0.0151109604,0.0467704219,0.103819247,0.0556047051
3361,0.434870964,1.01183432,89.73337,74.9926762,0.436703905,0.294762705,65.9697779,2,0.167708906,0.0769149725,0.224588848,0.0107100768,0.0472539693,0.114054512,0.0395041434
3362,0.435766279,0.982248521,90.3025032,75.2195147,0.436780002,0.29089038,67.4412081,2,0.160976613,0.0676697805,0.221757515,0.0266180802,0.0425036056,0.130390518,0.0198332981
3363,0.436725417,1.0295858,90.857712,75.4615864,0.437536437,0.293359516,68.5465363,2,0.163462288,0.0746295619,0.205703805,0.0183794952,0.0372949534,0.132669581,0.0700846921
3364,0.435169669,0.98816568,91.429224,75.7141323,0.438207147,0.294896833,69.0798801,2,0.167408318,0.0719240686,0.216901106,0.0138947208,0.0425943627,0.0774020391,0.046184359
3365,0.434785677,1.01775148,92.0146052,75.9436943,0.438173859,0.290347496,69.2367196,2,0.172103207,0.0738107002,0.200928388,0.0148773574,0.0562155363,0.0973106405,0.0368635087
3366,0.436060549,1.00591716,92.5985352,76.1557231,0.43774554,0.289255516,69.0708074,2,0.181227112,0.0731834916,0.219932059,0.0207931554,0.0311393384,0.148829628,0.038254074
3367,0.435907565,1.02366864,93.1760093,76.3628309,0.437402812,0.289943538,68.3886722,2,0.161919233,0.0687806228,0.211761907,0.0154497842,0.0293780399,0.109719387,0.0428900552
3368,0.435087459,1.00591716,93.7625488,76.6001367,0.437148695,0.294305264,67.5118887,2,0.168164825,0.0741893542,0.213459746,0.023849597,0.0347633006,0.126984065,0.0381824669
3369,0.434528979,1.01183432,94.3402945,76.8494406,0.436296992,0.302656707,66.7834171,2,0.161567102,0.068378451,0.22191648,0.00638137808,0.0299415179,0.0770778076,0.0380365908
3370,0.435136917,1.00591716,94.9283785,77.0824703,0.43596029,0.296794759,66.8410491,2,0.170755914,0.074575917,0.207082227,0.0281812827,0.043133359,0.104039725,0.0542738701
3371,0.437522434,0.98816568,95.4897335,77.319733,0.436635053,0.295689752,68.5314464,2,0.163902085,0.0713795956,0.220386776,0.0239935845,0.0462257376,0.139531827,0.0370330837
3372,0.437744784,1.01183432,96.03293,77.5591109,0.438422122,0.297376457,69.0583988,2,0.164986108,0.0737514821,0.207876255,0.00568258799,0.0439934493,0.100139772,0.0980448502
3373,0.43602434,1,96.6131728,77.7997664,0.439181738,0.296153105,69.2045043,2,0.16874635,0.0756490966,0.226814729,0.0157240558,0.0458777063,0.0759757754,0.0210817203
3374,0.436570887,0.99408284,97.1859309,78.01846,0.439789463,0.293445133,69.2640379,2,0.17478017,0.0656234422,0.229843175,0.0109429334,0.0531755121,0.111325937,0.0364208905
3375,0.436558033,1.01183432,97.7816319,78.2249085,0.438903728,0.294523704,68.809658,2,0.159764196,0.0764432584,0.210509893,0.0274901007,0.0398621394,0.12838647,0.0700197909
3376,0.436089492,0.98816568,98.3675474,78.4546349,0.438870468,0.294424343,68.2908706,2,0.16335367,0.071845473,0.214864363,0.0109612796,0.047408059,0.115597125,0.0313029747
3377,0.434229314,1.04142012,98.9574355,78.7013572,0.437783894,0.299939619,67.272926,2,0.171209929,0.0752750522,0.208077172,0.0168938531,0.0428499657,0.104282518,0.0820392911
3378,0.433847827,0.99408284,99.5564995,78.9483044,0.435907898,0.301188703,66.5356808,2,0.164945304,0.0722257636,0.225970712,0.00903718942,0.0452569702,0.0955978042,0.0478884624
3379,0.433986123,0.982248521,100.143467,79.1674871,0.434990292,0.297825888,66.6272635,2,0.158866986,0.0638205678,0.221403949,0.0285283387,0.0343152858,0.108061649,0.0189250561
3380,0.437087855,1,100.706438,79.4100241,0.435875694,0.292871927,67.7166988,2,0.162656626,0.0730448056,0.20874422,0.0273146896,0.0422759704,0.13083763,0.0531845205
3381,0.436833907,1,101.263543,79.6523077,0.437513538,0.291333424,67.765696,2,0.166442308,0.0706533448,0.208188994,0.0179376954,0.0413929753,0.0971861687,0.0610533627
3382,0.436093584,1.01183432,101.833789,79.8871063,0.438855558,0.289544189,68.49572,2,0.169277952,0.0797948477,0.225817817,0.0150135023,0.0485043681,0.0952427843,0.0372075099
3383,0.437371235,1.01183432,102.400284,80.0995861,0.439301439,0.289489159,68.7552982,2,0.178129438,0.0704691438,0.227167713,0.0138157118,0.0454837198,0.134641423,0.0373269529
3384,0.437158092,1.02366864,102.975475,80.3047915,0.439361054,0.292438602,68.4401476,2,0.161012367,0.0733889988,0.205369697,0.0064134068,0.0490136032,0.134483651,0.0794111741
3385,0.436194394,1,103.560392,80.5467345,0.439499977,0.296228481,68.1841396,2,0.16500613,0.0749301322,0.21635672,0.00900406773,0.0521944634,0.110880221,0.0362872919
3386,0.433822371,1.01775148,104.158765,80.807138,0.437778312,0.302488188,67.5821326,2,0.174355696,0.070546558,0.207591353,0.0149054177,0.0415335617,0.108322214,0.0627739689
3387,0.433654192,1,104.773969,81.0396915,0.435872462,0.300640296,66.4171004,2,0.168343273,0.0770038208,0.221668063,0.0222170238,0.0391351806,0.130740259,0.0283411556
3388,0.435052222,1.00591716,105.351542,81.2765887,0.43548568,0.293574361,67.7067627,2,0.161742844,0.0676330523,0.218626813,0.029654897,0.0418126813,0.131491072,0.0217738601
3389,0.436969352,1.02366864,105.909191,81.5083038,0.436615419,0.289070883,68.0917659,2,0.164192247,0.0731758693,0.203506434,0.0168171307,0.035340878,0.122069009,0.0869547407
3390,0.436054004,0.970414201,106.474268,81.7503393,0.43788548,0.288239939,68.3973398,2,0.167974052,0.0718897233,0.218283331,0.0125547171,0.0381344672,0.0711917607,0.0367312322
3391,0.436101935,1.01183432,107.041672,81.9762164,0.438650143,0.28647369,69.2436374,2,0.17252612,0.065145433,0.212833491,0.0113170808,0.0298766986,0.100480481,0.052020864
3392,0.43698786,1.01775148,107.617227,82.1836624,0.438592058,0.291143873,69.3254649,2,0.181519173,0.0748896697,0.220490371,0.0190124202,0.0324849218,0.147443328,0.0434936139
3393,0.436030546,1.01183432,108.192264,82.3976934,0.438770776,0.292771274,68.9440262,2,0.162463959,0.0708284048,0.212787347,0.0163517116,0.0335081965,0.109401829,0.0433536827
3394,0.434692464,1.01775148,108.78069,82.6393307,0.438268769,0.297726334,68.6338811,2,0.16844828,0.075637458,0.215316482,0.023192456,0.0342039311,0.124949316,0.0370228733
3395,0.43363595,0.98816568,109.376687,82.8833213,0.436483727,0.30451032,67.7218121,2,0.177760733,0.0687586622,0.224416716,0.00401493543,0.0344085474,0.0785777161,0.0309125905
3396,0.43367686,0.98816568,109.983615,83.1057699,0.434953135,0.300954971,67.3186261,2,0.157902654,0.0681898893,0.204142837,0.0153182003,0.0578810932,0.130952045,0.0443186471
3397,0.436841945,0.99408284,110.553978,83.3408414,0.435357211,0.292650885,68.2599735,2,0.164905904,0.0705965544,0.215751518,0.0281415102,0.0453954781,0.138128685,0.0477862294
3398,0.437792154,1.00591716,111.099952,83.5704232,0.437190745,0.29134208,68.315358,2,0.165162862,0.071532488,0.205546152,0.0115302697,0.0422097307,0.100713756,0.0808230671
3399,0.436366057,1,111.66667,83.8096369,0.438675788,0.290697431,68.8835784,2,0.168900577,0.0757522739,0.226504774,0.0165249164,0.0463045498,0.0799146601,0.0231040318
3400,0.437203787,1.01183432,112.229584,84.0250655,0.439566824,0.290902181,69.1506329,2,0.175462252,0.0665738512,0.230612726,0.0084991348,0.052755139,0.111448156,0.0373858818
3401,0.437137856,1.01183432,112.810681,84.223498,0.439585607,0.297471171,68.9379031,2,0.159742156,0.0772718998,0.211570333,0.0242208781,0.0439544138,0.123683341,0.0666013277
3402,0.43647694,0.99408284,113.394775,84.4534766,0.4397019,0.300685144,68.6905541,2,0.163335572,0.0732559066,0.218316004,0.00922569651,0.050524871,0.117376876,0.0318103293
3403,0.434160622,1.02366864,113.985388,84.702032,0.438603552,0.306432352,67.6878077,2,0.171646688,0.075843516,0.208960727,0.0141255679,0.0482235657,0.0981477596,0.08515828
3404,0.43350369,0.99408284,114.597763,84.9476732,0.436404317,0.304590425,66.7352044,2,0.165590039,0.0738011618,0.226990959,0.00952931621,0.0469291906,0.0987949963,0.0472878715
3405,0.434410847,0.98816568,115.190383,85.1694477,0.435462261,0.296561417,67.0761552,2,0.159224733,0.064006156,0.221696812,0.0324746465,0.0395891676,0.119009356,0.0216904348
3406,0.437033017,1,115.763873,85.4095303,0.4360259,0.287714616,67.8338019,2,0.162648911,0.0727402119,0.20440958,0.0289205907,0.0378261195,0.132510161,0.0553947107
3407,0.437089224,1.01183432,116.326259,85.6513215,0.437357008,0.28788532,67.9927736,2,0.166426898,0.0705313648,0.208853479,0.0142118848,0.0409941043,0.09231876,0.0610194614
3408,0.435794732,1.0295858,116.896509,85.8860425,0.438622484,0.286410442,68.8024846,2,0.170257951,0.0800959407,0.221333089,0.0157087018,0.0355928767,0.109571805,0.0310876575
3409,0.437164259,1.00591716,117.463985,86.0964531,0.439175531,0.289401747,68.9525864,2,0.179124765,0.072130375,0.225784905,0.0135473749,0.0418680943,0.134630422,0.0426057199
3410,0.436810702,1.02366864,118.037535,86.2940188,0.439311956,0.293484188,68.8289896,2,0.160844044,0.0720895769,0.207931876,0.00528261253,0.0421639246,0.124632237,0.0771552485
3411,0.43597874,1.01183432,118.628918,86.5288079,0.4391764,0.297720957,68.3872757,2,0.166076836,0.0754727168,0.214616239,0.0162036798,0.0486805338,0.117914844,0.0350339325
3412,0.433836495,1.01775148,119.225048,86.7883326,0.43752431,0.303708271,67.7002353,2,0.175391375,0.0699929988,0.210746306,0.0137868618,0.0367951521,0.0988934586,0.0680314199
3413,0.434010817,1.01775148,119.833648,87.0182704,0.436328141,0.296356851,66.5722923,2,0.169275744,0.0786135964,0.221392515,0.0174212129,0.0455044152,0.125566496,0.0286779401
3414,0.435903108,1.00591716,120.407407,87.254278,0.436247543,0.28782173,68.360227,2,0.16261574,0.0683675908,0.218239741,0.0260969228,0.0412722083,0.141561255,0.0232279171
3415,0.436989022,1.02366864,120.963734,87.4878254,0.436916242,0.286841964,68.958646,2,0.163872272,0.0727545037,0.202503547,0.00927995725,0.0393029632,0.116978483,0.0976295332
3416,0.435524334,0.98816568,121.536094,87.727443,0.437745423,0.288421609,69.0642107,2,0.167616296,0.0730251592,0.219557453,0.014017311,0.0416294992,0.0757459777,0.0312413413
3417,0.43582773,1.01183432,122.103186,87.9553985,0.438402601,0.287922994,69.6297648,2,0.173487276,0.0653216861,0.216581054,0.0115921004,0.0298659948,0.0906520273,0.0427832166
3418,0.436101817,1,122.685825,88.1570146,0.438202356,0.293477846,69.2238066,2,0.182591015,0.0761224794,0.219564756,0.0210584774,0.0290867559,0.141737183,0.0478007943
3419,0.435643844,1.00591716,123.268877,88.3654978,0.437894959,0.296168082,68.6862897,2,0.161960904,0.0702550089,0.217138899,0.0165783031,0.0365476054,0.113465033,0.0245708865
3420,0.434330045,1.01183432,123.861629,88.600945,0.437319397,0.300453614,67.552495,2,0.169712949,0.0747987774,0.210716657,0.0230339634,0.0345354054,0.125330756,0.0646052828
3421,0.433793639,0.98816568,124.447128,88.8524393,0.436144346,0.302929219,66.854192,2,0.163236378,0.0699234692,0.224081275,0.0045917689,0.0362176966,0.0741568263,0.0314362226
3422,0.435043392,0.99408284,125.032972,89.0775854,0.435879269,0.293032924,67.1574468,2,0.157462271,0.062330327,0.214541224,0.0129218417,0.0340556421,0.106830179,0.0449626553
3423,0.437123474,1,125.603165,89.3094635,0.436268703,0.288673804,68.7360917,2,0.165674459,0.0717423543,0.215044426,0.0265292966,0.0412293624,0.141074833,0.0558133409
3424,0.437437152,1,126.156972,89.5405182,0.437564416,0.290468903,69.0754107,2,0.164695596,0.0711450398,0.207271935,0.0146280394,0.0389067524,0.105276624,0.0639187975
3425,0.435452383,1.00591716,126.73159,89.7785077,0.438436573,0.294918325,69.2603398,2,0.168414182,0.0766739562,0.22573692,0.0187924529,0.0433943967,0.0950828196,0.0289938778
3426,0.436547648,1,127.29881,90.000955,0.438865682,0.296373531,69.3714077,2,0.176543913,0.0681589043,0.229952411,0.00703312912,0.0469581292,0.103848021,0.0403160918
3427,0.436399719,1.01775148,127.886241,90.1920856,0.43870736,0.301961521,68.9363078,2,0.159251338,0.075892294,0.208602599,0.0246178161,0.0512994983,0.120429442,0.0512555285
3428,0.436971174,0.98816568,0.477644191,90.4125696,0.43857597,0.302999344,68.1161483,2,0.16371319,0.0734342388,0.21910331,0.0155123046,0.0496901143,0.127081172,0.0366700592
3429,0.434950965,1.01183432,1.06237059,90.666379,0.437885915,0.306091812,66.8813573,2,0.172849541,0.0737438193,0.206431046,0.0125261463,0.0522502253,0.0955379792,0.0791613733
3430,0.434823915,1.00591716,1.65645271,90.9159976,0.437246938,0.297708841,66.4944364,2,0.166507074,0.0754258953,0.226401667,0.00281138074,0.0493564023,0.0899349341,0.0366939256
3431,0.436075386,1,2.22878414,91.1384052,0.437448702,0.290096052,67.3835785,2,0.159824752,0.0650343686,0.22428418,0.0268323559,0.0480100552,0.128660645,0.0260607127
3432,0.437190678,1.02366864,2.79804523,91.3749953,0.437857107,0.289338637,68.4412076,2,0.162109301,0.0743975358,0.205338924,0.0244018673,0.0414369992,0.134155273,0.0578358407
3433,0.436250607,0.98816568,3.37519023,91.618608,0.438333247,0.290888482,68.8770385,2,0.16591575,0.0716348726,0.211954889,0.0120170727,0.0471287673,0.0935836326,0.0518711915
3434,0.434615502,1.04142012,3.9558779,91.8626445,0.438097543,0.293906296,69.0322912,2,0.171185592,0.0780518116,0.212507765,0.0157505346,0.0333479092,0.107796846,0.0532339903
3435,0.435480155,1.01183432,4.54209283,92.0820573,0.437655593,0.293391635,68.9716382,2,0.180345201,0.0727084143,0.224619614,0.0165176805,0.0378454876,0.13473608,0.0456214084
3436,0.435445002,1.00591716,5.12407088,92.2743754,0.437112909,0.297564559,68.4766049,2,0.160537116,0.0682630543,0.214672717,0.0147320017,0.0283104213,0.109764003,0.0413668092
3437,0.435740182,0.964497041,5.72046665,92.5005229,0.436673676,0.297723044,67.1569714,2,0.167507291,0.0737836088,0.211207675,0.0247720654,0.0397131331,0.128121187,0.0405346051
3438,0.435162486,0.99408284,6.28487937,92.7620895,0.437008211,0.29994949,66.4454949,2,0.168157648,0.0695433589,0.213537583,0.0138374658,0.0351066664,0.0892507639,0.0657734031
3439,0.435975689,1.01775148,6.86534266,92.9973615,0.437427718,0.290822084,67.0265181,2,0.169770979,0.0799729903,0.225054165,0.00982130971,0.0509809386,0.114480684,0.0347289191
3440,0.437454736,1.00591716,7.4329845,93.218581,0.437805238,0.289880637,68.4509195,2,0.163015383,0.0702294144,0.223434019,0.0211295837,0.041062803,0.146291286,0.0234346967
3441,0.437600235,1.0295858,7.9857816,93.4548799,0.438609554,0.293098294,69.3962715,2,0.163357498,0.0738088973,0.206554534,0.00426843254,0.0430699633,0.119954751,0.0983104174
3442,0.435301104,0.99408284,8.56630731,93.7047137,0.438957973,0.298472719,69.8264364,2,0.167261152,0.074665911,0.222885819,0.0154091282,0.0469374093,0.0844300978,0.0308460079
3443,0.434954926,1.01775148,9.15090358,93.9415369,0.438445519,0.299856635,69.4323326,2,0.174232868,0.0662321431,0.220374966,0.00813433169,0.0300615007,0.0899486575,0.0374320982
3444,0.435033447,1,9.7558077,94.1497434,0.437258722,0.299480938,68.7907931,2,0.183684495,0.0762495813,0.216267036,0.0301990768,0.0278496169,0.134746307,0.0579094231
3445,0.435467287,0.98816568,10.3500579,94.3573302,0.436633164,0.298932953,67.7652691,2,0.161833285,0.0695893432,0.218112882,0.020237312,0.0406424581,0.123029379,0.0239650287
3446,0.434960632,1.00591716,10.9388579,94.5961799,0.436034103,0.298153244,66.0744773,2,0.170919655,0.0729759098,0.206265982,0.0199122482,0.0419825075,0.111757729,0.0904210964
3447,0.435113418,1.00591716,11.4996837,94.8576176,0.436483679,0.296190904,66.449897,2,0.169650275,0.0710560274,0.224174962,0.00516826826,0.0383439798,0.0728245561,0.0301298465
3448,0.435935189,1,12.0692078,95.0804904,0.436820339,0.290772941,67.1154068,2,0.172956371,0.0618266011,0.223385919,0.0211613118,0.0366712886,0.101699457,0.0259840989
3449,0.437725934,0.98816568,12.6292182,95.3070996,0.437667683,0.293404668,68.5777912,2,0.16104843,0.0741485424,0.216741803,0.0233345253,0.0422674084,0.139021477,0.0590135215
3450,0.436549301,1,13.1891344,95.5497089,0.438587853,0.296544685,69.2926987,2,0.164839202,0.0720146716,0.210228756,0.0166989836,0.0420067831,0.104284727,0.0564021214
3451,0.434659153,1.01183432,13.7723419,95.7929687,0.438603392,0.302745128,69.4848431,2,0.168317843,0.0779202069,0.226852828,0.0194678271,0.0433488447,0.102622345,0.0303684329
3452,0.435597867,0.98816568,14.3544678,96.019579,0.43822126,0.300717744,69.3212294,2,0.17741356,0.068983971,0.229547937,0.0125667844,0.0467246052,0.112863812,0.0459192862
3453,0.435747285,1.01775148,14.9496695,96.2139313,0.437447497,0.301974069,68.692553,2,0.159592676,0.0722994444,0.205672259,0.0181730173,0.0546183758,0.135970311,0.0527473668
3454,0.436809162,0.99408284,15.5453776,96.4377515,0.437284869,0.29948304,67.2811564,2,0.164771524,0.0730644754,0.215476231,0.0199526109,0.0489740993,0.125794369,0.0423591234
3455,0.435559542,0.98816568,16.1192221,96.6953271,0.437405076,0.300624588,66.0573531,2,0.167114485,0.072255586,0.204733157,0.0144521995,0.0492163974,0.0999238656,0.0596945287
3456,0.435522953,1.00591716,16.6998376,96.9519725,0.437455711,0.293708521,66.3970129,2,0.167184963,0.0764658083,0.226171713,0.00267640013,0.0498071255,0.0994420656,0.039878463
3457,0.43636636,1.00591716,17.2681831,97.1723949,0.437657642,0.290563966,67.447586,2,0.160440361,0.0669943821,0.224323422,0.025110877,0.0461679633,0.129968715,0.0209085265
3458,0.437129974,1.0295858,17.8282508,97.4104873,0.438351387,0.293560998,68.534981,2,0.162663864,0.0753483952,0.206457979,0.0206269682,0.0414309138,0.135777778,0.0602472278
3459,0.435367493,0.99408284,18.4033008,97.6652963,0.438790678,0.296671697,69.2366873,2,0.166645255,0.0722905325,0.21528379,0.0133004407,0.0475528351,0.0861783284,0.0511084602
3460,0.434269728,1.0295858,18.9939139,97.9059017,0.4380638,0.296384512,69.0671903,2,0.171779905,0.0769008182,0.206529064,0.0170921651,0.0468986352,0.0942645429,0.0595201801
3461,0.435213477,1,19.5875399,98.1224558,0.437347209,0.291792936,68.8171256,2,0.181055312,0.0729186259,0.221383534,0.0210744452,0.0323598678,0.145719974,0.0377049526
3462,0.435512196,1.01775148,20.1699634,98.3215166,0.436726813,0.292801032,67.9596849,2,0.161273696,0.067841789,0.213288422,0.0166256313,0.0270969495,0.109378679,0.0365255357
3463,0.435278573,1,20.763257,98.5542378,0.436251235,0.293807814,66.5667975,2,0.16817589,0.0732573557,0.210743898,0.025138176,0.0341792362,0.129228364,0.0417913511
3464,0.435263975,1.00591716,21.3236973,98.8151732,0.43652245,0.298259484,66.0848199,2,0.168987082,0.0685768325,0.217993711,0.00947608929,0.0292190694,0.0791099331,0.0505409535
3465,0.436158119,0.99408284,21.8981043,99.0516985,0.43697749,0.291924908,66.8455488,2,0.170282879,0.0779839128,0.215299288,0.0234212437,0.0308578449,0.120071199,0.0464858571
3466,0.437891178,0.99408284,22.4599125,99.2800036,0.437698788,0.293410976,68.3833772,2,0.160625056,0.0716353892,0.222412711,0.0215481446,0.0439329505,0.14268941,0.0306227655
3467,0.437432404,1.02366864,23.0054981,99.5256476,0.438972188,0.297288637,69.407146,2,0.164463243,0.0744099239,0.20830734,0.00258631209,0.043907322,0.10710532,0.101468062
3468,0.435367853,1.00591716,23.5852496,99.7767618,0.439353894,0.300205103,69.8490796,2,0.168386903,0.075640424,0.226595565,0.0155995073,0.0453561221,0.0761992912,0.023234201
3469,0.43569467,1.00591716,24.1721495,99.9975762,0.439303839,0.295460019,69.3975108,2,0.174564836,0.0652996343,0.227345207,0.0108413889,0.0483664265,0.103180792,0.0301024097
3470,0.435845032,0.98816568,24.7762165,100.205644,0.438106482,0.293541946,68.9018347,2,0.184003383,0.0759218665,0.20986705,0.030519898,0.0361420547,0.129427141,0.0704883533
3471,0.43596536,0.98816568,25.366226,100.42873,0.437773375,0.292137042,68.043709,2,0.162948908,0.0708092763,0.213805317,0.0136823612,0.0448385419,0.117661113,0.0292542565
3472,0.43444365,1.02366864,25.9564349,100.668766,0.436841008,0.297012172,66.5922967,2,0.171194295,0.074193799,0.206337311,0.0181397373,0.0426677949,0.104530857,0.0870418686
3473,0.434237777,0.99408284,26.5402935,100.923413,0.43579423,0.297802352,66.2174524,2,0.164692085,0.0716868158,0.225244229,0.0058550318,0.0439825449,0.086463307,0.0424884059
3474,0.434660042,0.98816568,27.1154814,101.14544,0.435545155,0.293733669,66.5554997,2,0.158522501,0.0635891757,0.221037374,0.0249119284,0.0337269154,0.104064227,0.0213706885
3475,0.437180703,1,27.6725913,101.386495,0.436536346,0.294005469,68.1478488,2,0.162288985,0.0737388229,0.211754727,0.02517292,0.045350343,0.131206105,0.0555402406
3476,0.436481502,1.01775148,28.2269162,101.631655,0.438006273,0.295306018,68.4407402,2,0.166119616,0.0713659445,0.208553606,0.0193961651,0.0434836469,0.0994093986,0.0569306612
3477,0.435694612,1.0295858,28.8063812,101.863034,0.438984589,0.293515401,68.6742382,2,0.168849707,0.0793036257,0.226136592,0.0161935853,0.0482170459,0.0953433559,0.0333595798
3478,0.436921638,1.01183432,29.3755776,102.079392,0.439236152,0.291031291,68.8331489,2,0.1777434,0.0697067364,0.227827456,0.013662182,0.0469099963,0.130216846,0.0400784129
3479,0.436960152,1.0295858,29.9590371,102.281965,0.438870449,0.292998481,68.2789745,2,0.160655696,0.07305701,0.204631063,0.00990624624,0.0505425567,0.137419823,0.0711233849
3480,0.436468144,0.99408284,30.5463226,102.520921,0.438907782,0.2944248,67.6447983,2,0.16478629,0.0742482747,0.215335435,0.00838996223,0.0516896132,0.114042589,0.0376227238
3481,0.434054848,1.02366864,31.1412486,102.781439,0.437437952,0.301520708,66.8149721,2,0.174082009,0.0712675916,0.205801855,0.0152553459,0.0456331607,0.107062148,0.0564354674
3482,0.434151628,1.00591716,31.7457549,103.023427,0.436103343,0.298501409,66.0200551,2,0.16790242,0.0767572461,0.223122525,0.0181477949,0.0424978946,0.125369646,0.0339378514
3483,0.435164397,0.98816568,32.3192318,103.25714,0.435912444,0.293124062,67.4536598,2,0.161237997,0.0675798926,0.219813696,0.0292226798,0.0414119668,0.128774892,0.0211777077
3484,0.436686046,1.03550296,32.8753641,103.496728,0.436869139,0.292211158,68.2559852,2,0.164011369,0.0738431918,0.204979622,0.0183839968,0.0342851839,0.127752463,0.0766793333
3485,0.435744036,0.970414201,33.4439209,103.739708,0.437954785,0.29011284,68.5141914,2,0.167807932,0.0715412476,0.217011003,0.013070404,0.0390050411,0.073258384,0.042076117
3486,0.435627126,1.01775148,34.0180342,103.967784,0.438412436,0.286473949,69.2146835,2,0.172156784,0.0709166238,0.201188879,0.0138790243,0.0522243476,0.113082125,0.0348275119
3487,0.436785481,1.01183432,34.5939488,104.177088,0.438332084,0.289160935,69.2808955,2,0.18115545,0.0737956491,0.220360128,0.0190985685,0.0328362669,0.149202038,0.0396730067
3488,0.436149228,1.02366864,35.1684429,104.389398,0.438333436,0.290211924,68.8053377,2,0.162334339,0.0700958425,0.211237227,0.0154517612,0.031894955,0.109853579,0.0500973518
3489,0.435031631,1.00591716,35.7532542,104.629371,0.43805828,0.295548753,68.3683161,2,0.168019597,0.0750921182,0.215626639,0.0226783091,0.0364541215,0.123444265,0.0345681429
3490,0.434060476,1.00591716,36.3432769,104.874852,0.436562021,0.303722186,67.5415511,2,0.161613701,0.0683588005,0.223466056,0.00492001289,0.0317945708,0.0785433901,0.0319384654
3491,0.433826174,0.98816568,36.9502876,105.099848,0.435067772,0.301342708,67.0627487,2,0.157810133,0.071709924,0.204197533,0.0264532318,0.055042442,0.114425362,0.0366309699
3492,0.436991712,0.982248521,37.5147935,105.33748,0.435656676,0.295322238,68.3494276,2,0.164293649,0.0706242298,0.218115092,0.0266315851,0.0464237865,0.138126081,0.0414852301
3493,0.437880392,1,38.0588607,105.568058,0.437656801,0.293847753,68.4865796,2,0.165125899,0.0725161284,0.206328081,0.00835137344,0.0437565108,0.0990909121,0.0926534556
3494,0.436420009,0.98816568,38.6297648,105.80875,0.438882657,0.292456416,68.9311803,2,0.168886719,0.0753468976,0.226675015,0.015802154,0.0458128332,0.0761952244,0.021247529
3495,0.437122425,0.99408284,39.1944908,106.024899,0.439762405,0.292060195,69.1980237,2,0.174913919,0.0656914156,0.230922515,0.0101752848,0.054281544,0.112533836,0.0375760783
3496,0.43705292,1.01183432,39.7807135,106.228549,0.439372407,0.296208366,68.9377199,2,0.159821071,0.0769527328,0.212468762,0.0253292554,0.0411099545,0.127425854,0.0693502247
3497,0.436260531,0.99408284,40.3639084,106.45891,0.439512061,0.29841453,68.6666601,2,0.163420475,0.072568733,0.216988502,0.0105778234,0.048783583,0.115313456,0.0312662449
3498,0.434236929,1.03550296,40.9541069,106.706501,0.438488484,0.304107309,67.7744015,2,0.171157921,0.076062213,0.210115921,0.016520389,0.0430322283,0.105794531,0.0799814672
3499,0.433639503,0.98816568,41.5621106,106.951402,0.43624169,0.304639012,66.914701,2,0.165032978,0.0727217112,0.226993367,0.010230609,0.0458497164,0.098524705,0.048959435
3500,0.433947011,0.976331361,42.1579942,107.169155,0.43499232,0.300256616,66.8862149,2,0.158893047,0.0637630553,0.221909007,0.0311710021,0.0359874426,0.112074639,0.0191514939
3501,0.437079925,0.99408284,42.730121,107.409666,0.435678262,0.29013605,67.5447851,2,0.162651033,0.0726076209,0.206396016,0.0293719738,0.0395766561,0.131589724,0.054421958
3502,0.437239458,1,43.2870601,107.650937,0.43737941,0.288684209,67.6848152,2,0.16642089,0.0704706401,0.207914176,0.0162137189,0.0401593621,0.0958374587,0.0620704779
3503,0.436074798,1.01775148,43.8560694,107.886614,0.438746738,0.287345934,68.4857571,2,0.169626084,0.0799386815,0.224489864,0.0151484608,0.044616032,0.0994282143,0.0368693249
3504,0.437408145,1.01183432,44.4211158,108.097519,0.439364195,0.289380991,68.7489246,2,0.178454934,0.0712112461,0.226776051,0.0135002094,0.0445933037,0.134044305,0.0398103871
3505,0.437014262,1.01775148,44.9945551,108.299427,0.439553455,0.29322672,68.6119507,2,0.160928548,0.07327323,0.206097277,0.00472148785,0.0480479482,0.131597834,0.0809136301
3506,0.436098293,1.00591716,45.5813141,108.539783,0.439594135,0.297517404,68.4306237,2,0.165333033,0.0753271477,0.215929482,0.0112962788,0.0517919556,0.112980771,0.0357895535
3507,0.433766785,1.02366864,46.1803086,108.796975,0.437893082,0.303550158,67.7027649,2,0.174692322,0.0705160504,0.208408583,0.0146481029,0.0401746804,0.105700584,0.0658274997
3508,0.433667059,1.01183432,46.7957779,109.030901,0.435996104,0.299493148,66.5131442,2,0.156732834,0.0775536965,0.221263007,0.0206724135,0.0415461231,0.129195241,0.0283556383
3509,0.435309582,0.99408284,47.3729323,109.267121,0.435688436,0.291267029,68.0261405,2,0.162077068,0.0677071589,0.218145695,0.0285820739,0.0419465958,0.136026332,0.0219371935
3510,0.436887755,1.02366864,47.9310405,109.499822,0.436558117,0.287777752,68.4197555,2,0.164059725,0.0728827948,0.202736688,0.0140061433,0.0368027589,0.119878112,0.0922130543
3511,0.435943446,0.970414201,48.4981016,109.738679,0.43778071,0.287658685,68.7034924,2,0.167791855,0.0722854153,0.218559218,0.0129632495,0.0393359582,0.0726096791,0.0348110326
3512,0.436035695,1.01183432,49.0658832,109.964741,0.438527164,0.286458874,69.4335632,2,0.172904426,0.0653879786,0.213761023,0.0118290381,0.029275966,0.0969390923,0.0503208566
3513,0.436620733,0.99408284,49.6434107,110.16938,0.438473251,0.291975302,69.2954941,2,0.181928292,0.0755137919,0.220420135,0.019239442,0.030796427,0.145239621,0.0446582738
3514,0.435806974,1.01183432,50.2210393,110.379444,0.438551049,0.294315001,68.885662,2,0.162178818,0.0706359587,0.214888027,0.0167358571,0.0338588299,0.109932311,0.0329487549
3515,0.434440647,1.02366864,50.8134241,110.618179,0.437918063,0.298734486,68.2816853,2,0.168959752,0.0754282672,0.213028776,0.0235100083,0.0324937509,0.12746304,0.0465787331
3516,0.433555622,0.98816568,51.4076011,110.864867,0.436195302,0.303809094,67.3033532,2,0.162618767,0.0691965709,0.223770474,0.00417441137,0.0347726194,0.0762010612,0.0319898749
3517,0.434211261,1,52.0051107,111.088426,0.435269524,0.296929642,67.2214614,2,0.157631664,0.065541792,0.206496205,0.00478950049,0.0514682903,0.128514872,0.0557214676
3518,0.436945056,0.99408284,52.5749092,111.322158,0.435698083,0.289839737,68.5562591,2,0.165232956,0.0708642796,0.215385683,0.0276457552,0.0430857312,0.140524177,0.0512831985
3519,0.437742692,1.01183432,53.1236244,111.551687,0.437256954,0.290157754,68.6979968,2,0.164870102,0.0712387368,0.206147098,0.0127207351,0.0402760171,0.103522525,0.0737731186
3520,0.435869993,1,53.6926317,111.790791,0.438555735,0.292731396,69.1051549,2,0.168606117,0.0761359109,0.226554814,0.0175046095,0.0452603544,0.0858732107,0.0261649669
3521,0.43708258,0.99408284,54.2564871,112.007515,0.439345864,0.293238986,69.2993624,2,0.17588261,0.067323253,0.230144745,0.00668637704,0.0493443192,0.105399217,0.0369736962
3522,0.43683074,1.01775148,54.8416193,112.201154,0.439376993,0.299615569,68.9612134,2,0.159393035,0.0772088318,0.210825877,0.0249838171,0.0458243272,0.120116181,0.0632049921
3523,0.436831176,1.00591716,55.4297287,112.424883,0.439307297,0.302362212,68.4847527,2,0.162964511,0.0734177637,0.219303106,0.0117132944,0.0499780318,0.123167381,0.0323929409
3524,0.434653285,1.01183432,56.0183775,112.674059,0.438427047,0.306749615,67.2935518,2,0.172162148,0.074994983,0.207458678,0.0127666261,0.0511871826,0.0950072817,0.0876130118
3525,0.433977012,0.99408284,56.6248305,112.922584,0.436913816,0.301866407,66.5061098,2,0.166012976,0.0747457804,0.226779697,0.00554961796,0.0481651653,0.0917778416,0.0405159731
3526,0.435376957,0.976331361,57.2075035,113.147624,0.436569818,0.291381002,67.2286411,2,0.159492242,0.064281677,0.222487845,0.030436834,0.044645574,0.125104621,0.0255758517
3527,0.436991574,1.01775148,57.7813992,113.387029,0.436934275,0.286879577,68.3164371,2,0.162297323,0.0735422133,0.20403684,0.0271979609,0.0394306512,0.133260541,0.0578243638
3528,0.436563736,1,58.3540486,113.629524,0.437622515,0.288297029,68.6369192,2,0.166086307,0.0709529544,0.209658937,0.0125608485,0.0444538506,0.0927638747,0.0559001036
3529,0.434975286,1.0295858,58.927115,113.868668,0.438227285,0.289859159,69.1395168,2,0.170736172,0.0790440317,0.216471921,0.0156713341,0.0282138581,0.114057551,0.0364722332
3530,0.43628275,1.01775148,59.5038639,114.081245,0.438345128,0.290443805,69.1305725,2,0.179747874,0.0723868665,0.224864982,0.014102715,0.0398575276,0.132170605,0.0467102367
3531,0.436080469,1.02366864,60.0808382,114.273333,0.438139129,0.295214717,68.8552398,2,0.160520831,0.0698724162,0.21135579,0.00952288472,0.0338529888,0.115947073,0.0594013843
3532,0.435882129,0.976331361,60.6762062,114.498942,0.437840853,0.297909736,67.8449124,2,0.166815722,0.0747545802,0.212707979,0.0213383093,0.0441490985,0.124336383,0.0386194049
3533,0.434572872,1,61.2553942,114.760128,0.437199955,0.301984984,66.9416763,2,0.168126993,0.0699436527,0.211644522,0.0146589218,0.037368115,0.0948332044,0.0679690053
3534,0.435216712,1.0295858,61.8456464,114.993387,0.437147986,0.292584213,66.9046005,2,0.169463226,0.0795868923,0.224522892,0.00910769038,0.0518310902,0.113609984,0.0366331233
3535,0.436816396,0.99408284,62.4165158,115.219623,0.437337112,0.287889375,68.5275929,2,0.16275806,0.0692969324,0.221482815,0.0226466103,0.0408496801,0.145187211,0.0220422878
3536,0.437321236,1.0295858,62.9729949,115.453638,0.437937594,0.28928024,69.4069049,2,0.163338091,0.0733069572,0.204242072,0.0064267694,0.0417594153,0.121210191,0.0967766404
3537,0.4353006,0.99408284,63.5533792,115.69889,0.438324889,0.293080741,69.6334601,2,0.167170155,0.0738582713,0.220419878,0.014543315,0.0453783672,0.0828115172,0.0315740638
3538,0.435037313,1.01775148,64.1303029,115.935593,0.438188212,0.294865097,69.6200243,2,0.173910983,0.066222385,0.216682158,0.0105742208,0.0273838122,0.0926882938,0.0469182382
3539,0.435164208,0.99408284,64.7265347,116.13925,0.437466485,0.296874956,68.9452806,2,0.183227104,0.0761722443,0.218614189,0.025578164,0.027332381,0.138388504,0.0492849801
3540,0.435399099,0.98816568,65.3163045,116.343466,0.436779179,0.298112112,68.1173349,2,0.161616655,0.0692960393,0.218761338,0.0190425705,0.0384650919,0.119924945,0.0220545448
3541,0.434735972,1.00591716,65.9056926,116.58069,0.436118438,0.299825761,66.6665567,2,0.170401447,0.0731803746,0.207957593,0.021692559,0.0395346733,0.119008516,0.0817373033
3542,0.434759977,1,66.4699074,116.837474,0.436324455,0.298615018,66.6845805,2,0.16933553,0.0703144256,0.223841609,0.00621535773,0.0368094836,0.0716716315,0.0302357432
3543,0.435807772,0.99408284,67.0431885,117.061265,0.436608157,0.291103546,67.1992945,2,0.17254982,0.0611537676,0.221482908,0.0182586743,0.0333271418,0.0989651776,0.028689874
3544,0.437741865,1.00591716,67.6046431,117.286124,0.437413081,0.292290866,68.7602246,2,0.160720693,0.0731980225,0.218309545,0.0234446369,0.0402996308,0.143426144,0.0550160753
3545,0.437054908,1,68.1639279,117.521639,0.438443603,0.294786587,69.3725587,2,0.164400606,0.0718259623,0.210255548,0.0148864713,0.039692008,0.106313756,0.061964966
3546,0.435034781,1,68.7473405,117.766246,0.438488585,0.301980318,69.554341,2,0.167927196,0.0771600653,0.226554105,0.0198288105,0.0427272157,0.102065208,0.0299367936
3547,0.435642103,1,69.3261115,117.996951,0.438296309,0.302909242,69.5050752,2,0.176970492,0.0686700538,0.230645078,0.0103266626,0.0454093612,0.104102238,0.0423815288
3548,0.435733027,1.01183432,69.9227357,118.190069,0.437652804,0.305367251,68.9630096,2,0.159219821,0.0738971899,0.207034014,0.0246618441,0.0547837417,0.127960104,0.0433599962
3549,0.437066667,0.98816568,70.5191701,118.410076,0.437414218,0.302695716,67.7210009,2,0.164362032,0.0729472592,0.217322903,0.0217004032,0.0484300789,0.129008279,0.0416354947
3550,0.435712283,1,71.0954217,118.662336,0.437497195,0.302830772,66.3948942,2,0.166599006,0.0728007204,0.20522549,0.0136209298,0.0503342768,0.0977445987,0.0708217021
3551,0.435470223,1,71.6763699,118.91878,0.43753118,0.29481763,66.7614362,2,0.16681828,0.0758300388,0.226411935,0.00214107812,0.0501974638,0.0896293703,0.0352251321
3552,0.436437174,1,72.243641,119.137085,0.437881559,0.290872836,67.5574437,2,0.160056891,0.0658876749,0.225757784,0.0242755071,0.04995203,0.129418883,0.0254495988
3553,0.437335759,1.01775148,72.8069553,119.368454,0.438519989,0.293199774,68.5249125,2,0.162007089,0.0752601266,0.206874561,0.0225396196,0.0437822236,0.134295127,0.0577824176
3554,0.435804392,1.00591716,73.382941,119.616847,0.438939085,0.296407204,69.1130436,2,0.165888234,0.0722452933,0.214215676,0.0125454,0.0498311321,0.0938073073,0.0504370509
3555,0.434268006,1.02366864,73.9704999,119.862795,0.438106547,0.299490193,68.9775967,2,0.171414062,0.0775791134,0.211075089,0.0163907514,0.039400733,0.102949081,0.0594864564
3556,0.434846921,1.01775148,74.5656324,120.086713,0.437120323,0.296175922,68.7932139,2,0.180713006,0.0726707724,0.224320033,0.0186929799,0.0366324616,0.138209996,0.0431363702
3557,0.435177588,1,75.1508722,120.279261,0.436442419,0.298074545,67.9181922,2,0.16061346,0.0673129146,0.215963198,0.0178854467,0.0269440093,0.108612581,0.0326669426
3558,0.435879357,0.964497041,75.7468981,120.507799,0.435972839,0.295330397,66.4048915,2,0.167920282,0.0730778352,0.210083038,0.0256916304,0.0361411114,0.129983925,0.0427000674
3559,0.435619854,0.98816568,76.2997935,120.773779,0.437004266,0.297569903,66.2326138,2,0.168340301,0.0693713809,0.215079535,0.0132408473,0.0323668429,0.0854024409,0.0627734914
3560,0.436440885,1.01183432,76.8759252,121.008929,0.437582732,0.290331626,67.0516222,2,0.169936331,0.0800887919,0.224381152,0.0126840055,0.0469658673,0.119739451,0.0287066203
3561,0.437823045,1.00591716,77.4406259,121.22861,0.438219619,0.292234394,68.413105,2,0.159822032,0.0711808507,0.224486728,0.0207212799,0.0415564904,0.146039176,0.0245443254
3562,0.437575925,1.0295858,77.9912587,121.467379,0.43922348,0.29569377,69.349577,2,0.163552797,0.0742702718,0.207734756,0.00318041324,0.0437754842,0.11709418,0.0998457126
3563,0.435220805,1,78.5733333,121.722042,0.439380034,0.301081192,69.9655324,2,0.167531913,0.075265731,0.224254106,0.015781755,0.0471482568,0.0828137382,0.029425844
3564,0.434778068,1.00591716,79.1647616,121.9584,0.438533203,0.301469706,69.439877,2,0.174449401,0.0657703098,0.223382348,0.00755256151,0.0358169922,0.0900400082,0.0262702824
3565,0.434964552,1,79.7751402,122.16714,0.437096213,0.298174105,68.8239969,2,0.183986565,0.0757338825,0.212753331,0.0329877718,0.0306350822,0.130612389,0.0660001391
3566,0.435501877,0.976331361,80.370036,122.378368,0.436476644,0.297186265,67.7277723,2,0.162162004,0.0696737724,0.21644392,0.0195332061,0.0423680403,0.12300171,0.0267946163
3567,0.435022035,1.01183432,80.9569299,122.616029,0.435998219,0.297099932,65.9000559,2,0.165875451,0.0730278432,0.205409103,0.0193351206,0.0436639296,0.106748857,0.0930718835
3568,0.435099211,1.00591716,81.5187177,122.88021,0.436313858,0.295400064,66.3450488,2,0.170003276,0.0714963278,0.224796628,0.00400587434,0.0403116763,0.07599793,0.0328695532
3569,0.435895042,0.99408284,82.0849016,123.101473,0.436773266,0.29146528,67.0609427,2,0.173201587,0.0628864619,0.223036907,0.021750771,0.0359204004,0.101822611,0.0246075596
3570,0.437652561,0.98816568,82.6440824,123.331376,0.437723848,0.294711601,68.4823176,2,0.161427755,0.0746814393,0.215603715,0.0234256243,0.0440325313,0.135673117,0.0599919632
3571,0.436344476,1,83.2034387,123.577813,0.43870989,0.298112096,69.213445,2,0.165278326,0.0721780317,0.209997487,0.0178336941,0.0437012969,0.102545606,0.0547403875
3572,0.434702459,1.01183432,83.7887169,123.81781,0.438805799,0.301946986,69.3051533,2,0.168573701,0.0786676182,0.226745606,0.0184590585,0.0444549858,0.101264826,0.0305330916
3573,0.435854171,0.98816568,84.3705272,124.039742,0.438567788,0.297628829,69.1360516,2,0.177664487,0.0693768134,0.228324781,0.0134745868,0.0469987165,0.120079441,0.0463411342
3574,0.435922533,1.0295858,84.9649863,124.236827,0.437688557,0.297963547,68.5127897,2,0.159950429,0.0717808689,0.204766269,0.0133677006,0.0523356875,0.137952806,0.0630431793
3575,0.436522525,0.976331361,85.5609412,124.464832,0.437422886,0.296421177,67.159279,2,0.165014707,0.0732851649,0.214117795,0.0174024307,0.0488611978,0.122590716,0.0413932504
3576,0.435111909,1,86.1380406,124.724744,0.437197151,0.299779614,65.9742442,2,0.167574124,0.0716615786,0.204611775,0.0150513634,0.0473826234,0.102490889,0.0556469524
3577,0.43519461,1.01183432,86.7230166,124.979577,0.436946203,0.293552445,66.1067117,2,0.167547134,0.0767475486,0.225103804,0.00760101399,0.048403889,0.108910853,0.0405046161
3578,0.435983126,0.98816568,87.2910767,125.202876,0.437083382,0.290640524,67.436703,2,0.160798074,0.0675299541,0.222852129,0.0256924779,0.0436632043,0.130210555,0.0195550549
3579,0.436743112,1.0295858,87.8473415,125.444705,0.437761177,0.294151851,68.6365615,2,0.163198516,0.0749219674,0.206258445,0.0190398066,0.03904051,0.13442058,0.0662393313
3580,0.435048933,0.982248521,88.4196444,125.699992,0.438335509,0.296728678,69.255248,2,0.167187375,0.0720379773,0.216720966,0.0139053124,0.0445984647,0.0800816113,0.0481803546
3581,0.434543786,1.01183432,89.0078268,125.931259,0.438085593,0.292794127,69.1483713,2,0.171997293,0.0752801727,0.202797943,0.0158345963,0.0539845547,0.0916977573,0.0486436288
3582,0.435747239,1.00591716,89.5956163,126.145698,0.437529536,0.289905173,68.9356114,2,0.181181504,0.0729925117,0.220264892,0.0212487771,0.0310522847,0.148485744,0.0375142843
3583,0.435842392,1.01775148,90.1736905,126.35071,0.437145586,0.290636883,68.1603377,2,0.161729837,0.0684270675,0.21212545,0.0155399988,0.0283395474,0.109787901,0.0412096111
3584,0.435126312,1.01183432,90.7630018,126.588195,0.43676991,0.293988888,67.1468957,2,0.168171902,0.0738336985,0.21270306,0.0244222048,0.0342199213,0.127910631,0.0391922417
3585,0.434869973,1.01183432,91.3336854,126.840653,0.436390281,0.301279286,66.4654027,2,0.169385197,0.0684486323,0.220830215,0.00699625056,0.0291448735,0.077443662,0.0415702517
3586,0.435623133,1.00591716,91.9159073,127.076203,0.436393201,0.295396406,66.786902,2,0.170561051,0.0758659012,0.209411124,0.0278981697,0.0366947759,0.106518504,0.0580642772
3587,0.437726863,0.982248521,92.4773968,127.311342,0.437093019,0.295587948,68.4342061,2,0.163709325,0.0716904953,0.221087867,0.0231210713,0.0457999176,0.139866077,0.0349621918
3588,0.437567244,1.02366864,93.0213479,127.556235,0.438678316,0.298612502,69.2157308,2,0.164941177,0.0742314678,0.208195818,0.00496358012,0.0439965167,0.101042576,0.0997780117
3589,0.435889404,1.00591716,93.6024581,127.798655,0.439345599,0.297233527,69.40569,2,0.168728986,0.0757490893,0.226550804,0.0154892135,0.0456836268,0.0753378698,0.0210105181
3590,0.436249299,1,94.1807562,0.0173070359,0.439706977,0.293652086,69.2618696,2,0.174699316,0.0654668684,0.229110255,0.0115681866,0.0529734823,0.111359853,0.0363172728
3591,0.436308798,1.00591716,94.7787926,0.225408453,0.438679527,0.293420182,68.7969216,2,0.184043634,0.0761664141,0.209563555,0.0281782387,0.0392794425,0.128900401,0.0703657686
3592,0.435954983,0.98816568,95.3657626,0.454558457,0.438533242,0.292562223,68.1836423,2,0.163352476,0.0714914062,0.213760519,0.0111072212,0.0467661846,0.115163209,0.0313457313
3593,0.434164461,1.04142012,95.9556506,0.700943435,0.437424058,0.29788887,67.127568,2,0.171182041,0.0749628881,0.207332255,0.0171439106,0.0421844175,0.104404795,0.0818380005
3594,0.43387887,1,96.5505081,0.947863882,0.435718183,0.299675821,66.42128,2,0.16485169,0.0718611808,0.225521599,0.00845588695,0.0449395967,0.0943746686,0.0475588683
3595,0.433961761,0.982248521,97.1339291,1.16752246,0.434901567,0.297204454,66.5407437,2,0.158867538,0.0638520683,0.221005364,0.027055553,0.0329147655,0.105909269,0.0190504413
3596,0.437102451,1,97.6933956,1.41061998,0.435882122,0.293855842,67.7570446,2,0.162665937,0.0731514085,0.20981843,0.0263218199,0.0434164277,0.130329167,0.0524211334
3597,0.436750449,1.00591716,98.2481448,1.6530918,0.437633675,0.292297227,67.8047086,2,0.166454559,0.0708252403,0.208175991,0.0187085874,0.0418801996,0.097866238,0.0601807884
3598,0.436138669,1.01775148,98.8199632,1.88738962,0.438933308,0.290347409,68.4462884,2,0.169061925,0.079682055,0.226405848,0.0148914053,0.0501189247,0.0929813813,0.0365026839
3599,0.437375342,1.01183432,99.3864865,2.10040604,0.439340543,0.289599935,68.7009927,2,0.177913852,0.0701235852,0.227428436,0.0139701034,0.0461471459,0.134682895,0.0358283573
3600,0.437198996,1.02366864,99.9628527,2.3076613,0.439340355,0.292170123,68.3012508,2,0.161057208,0.0735970621,0.205003883,0.00784823164,0.0494816049,0.135862586,0.0774499079
3601,0.436167074,1,100.547278,2.55112273,0.439484703,0.295569665,68.0652986,2,0.164861293,0.0747311239,0.216438294,0.00764072921,0.0524092837,0.109521847,0.0367480332
3602,0.433811641,1.0295858,101.145355,2.812591,0.437760638,0.301636996,67.4996157,2,0.174146176,0.0706424283,0.206768769,0.0151203698,0.0426965705,0.109541829,0.0602325386
3603,0.433645963,0.99408284,101.761194,3.04527642,0.435772943,0.300846912,66.3930169,2,0.168143657,0.07660061,0.221506946,0.0232866631,0.0378568054,0.131607489,0.0285529466
3604,0.434839292,1.01183432,102.339838,3.28117342,0.435293123,0.294865287,67.4871383,2,0.161559962,0.0674869441,0.218716297,0.0302262911,0.0414161699,0.128953072,0.0217351952
3605,0.437075458,1.01775148,102.897278,3.51160479,0.436583754,0.289097738,67.8432443,2,0.164243825,0.073195252,0.203669038,0.0182133961,0.0345545387,0.123356681,0.0835669936
3606,0.436108932,0.976331361,103.459983,3.7568721,0.437881041,0.288391462,68.1999517,2,0.168076127,0.0716279881,0.218089193,0.0125178446,0.0371869552,0.0704456775,0.0380682788
3607,0.436187407,1.00591716,104.026386,3.98321446,0.438624189,0.286512339,69.1394505,2,0.172287284,0.0653445473,0.211476481,0.0111518102,0.0308140595,0.104417875,0.0539105795
3608,0.437156608,1.01775148,104.599613,4.19113676,0.438664481,0.291353586,69.365662,2,0.181243956,0.0745572532,0.221036388,0.0184967219,0.0338218042,0.148448289,0.042055326
3609,0.436130431,1.01183432,105.172835,4.4074352,0.438937037,0.292670453,69.044448,2,0.162616175,0.0710472423,0.211865728,0.0157374005,0.0339239441,0.10947997,0.0510286255
3610,0.434766469,1.01775148,105.75978,4.65107201,0.438441769,0.297900764,68.8868839,2,0.168121565,0.0757254951,0.21693193,0.0228757913,0.0363916661,0.121937036,0.0334835036
3611,0.433810303,0.99408284,106.355337,4.89579473,0.436685656,0.304429012,68.0841116,2,0.177427134,0.0684111923,0.224595634,0.00388410995,0.0344758108,0.0805810304,0.0298345093
3612,0.433414876,0.98816568,106.966334,5.11679041,0.434870431,0.303427739,67.5727991,2,0.15807485,0.0698223408,0.204045273,0.0216621429,0.0579548133,0.126803066,0.0365692255
3613,0.436713343,0.976331361,107.540639,5.3485488,0.435136894,0.294504877,68.0490819,2,0.164697481,0.0703942719,0.216091237,0.0281798329,0.0457808876,0.137016821,0.0458658133
3614,0.437757256,1,108.086934,5.57770933,0.437111502,0.291614429,68.0329545,2,0.165276708,0.0716832313,0.205253789,0.010599497,0.0431452291,0.0993542374,0.0845073699
3615,0.436474642,1,108.651826,5.82003208,0.438607073,0.290421721,68.6783297,2,0.169063001,0.0754768648,0.226553787,0.015610102,0.0463112661,0.0774992335,0.0217410596
3616,0.43729807,1,109.213149,6.03422207,0.439566315,0.290786279,68.9868542,2,0.175205454,0.0660779113,0.230976641,0.0102232005,0.0545605994,0.114603466,0.0380768275
3617,0.437316325,1.01775148,109.79166,6.23695978,0.439593801,0.297232002,68.8601169,2,0.159952497,0.0772308241,0.212311329,0.0241157514,0.0431457484,0.125711179,0.0678239368
3618,0.436297238,1,110.373192,6.46931275,0.439895076,0.300503392,68.7221185,2,0.163583012,0.0731766017,0.217881594,0.00952062594,0.0503244769,0.114142973,0.0322382648
3619,0.434083794,1.0295858,110.964651,6.71986253,0.438727377,0.305993085,67.9495949,2,0.171322671,0.0763753037,0.210284719,0.0154746227,0.044976596,0.102734345,0.0797942013
3620,0.433456087,0.98816568,111.577986,6.96318186,0.436276082,0.305733829,66.9890506,2,0.165281027,0.0732074676,0.227100165,0.0116876531,0.0462781174,0.103362315,0.0505230646
3621,0.433820002,0.982248521,112.176131,7.18183971,0.434942565,0.301199041,67.0409263,2,0.159091245,0.0640744494,0.221626367,0.0325708649,0.0361606804,0.114580408,0.0189974903
3622,0.43707237,0.98816568,112.752168,7.42042339,0.435572088,0.288539868,67.367504,2,0.162819115,0.0723850467,0.204684694,0.0296236524,0.0371988896,0.132225052,0.0539721396
3623,0.437366016,1.00591716,113.308072,7.66301265,0.43738625,0.287315818,67.6031063,2,0.166609573,0.0704698341,0.208234128,0.0146868728,0.0390913003,0.0928520722,0.0631994837
3624,0.436145026,1.0295858,113.8776,7.8987929,0.438704453,0.285803122,68.4563298,2,0.169962504,0.0804476239,0.223761655,0.0145539889,0.0428376678,0.10123648,0.0374611003
3625,0.4374543,1.01183432,114.443002,8.10866269,0.439404898,0.289325531,68.7353421,2,0.178796913,0.0719443705,0.225917995,0.0140478901,0.042963142,0.136657939,0.0385958795
3626,0.436911067,1.01183432,115.014561,8.31161348,0.439726237,0.293194554,68.6992104,2,0.161118961,0.073213507,0.206478909,0.00428103391,0.0455056257,0.127606514,0.0832907896
3627,0.435768946,1.00591716,115.603494,8.55456824,0.439598475,0.29764873,68.6553628,2,0.165679597,0.0756105542,0.215458223,0.0135948028,0.0507858001,0.112501113,0.0340778356
3628,0.433613777,1.01775148,116.202806,8.80953812,0.437854203,0.303252865,67.8908255,2,0.175043837,0.0699475258,0.209837713,0.0139404501,0.0360014195,0.101492949,0.0675348311
3629,0.43338908,1.01775148,116.820726,9.04180809,0.435728392,0.29939836,66.6867256,2,0.156903251,0.0775352656,0.21897896,0.0236809232,0.0380908121,0.131188649,0.0267390003
3630,0.43522128,0.99408284,117.397984,9.2784957,0.435415782,0.290310934,68.1318886,2,0.162468494,0.0678011981,0.217157487,0.0278767855,0.042081603,0.137359201,0.0238655556
3631,0.436850269,1.02366864,117.953446,9.50925333,0.436357648,0.286856735,68.4138182,2,0.164207083,0.072454502,0.202433012,0.0117604982,0.0379381817,0.115276109,0.096960944
3632,0.435924274,0.98816568,118.518999,9.74817641,0.437612296,0.286565245,68.7611158,2,0.167940256,0.0724455525,0.219488618,0.0137420041,0.0390707656,0.0719132958,0.0311086818
3633,0.436264873,1.01183432,119.08316,9.97149134,0.438489019,0.28633322,69.4408648,2,0.173174372,0.0643295734,0.218611304,0.0109901061,0.033773488,0.0887600838,0.0363972436
3634,0.436720219,0.99408284,119.658753,10.1741692,0.438537185,0.293380968,69.2771079,2,0.182168012,0.0759726831,0.220457103,0.0194353856,0.0309155746,0.143890802,0.0475051323
3635,0.435888731,1.01183432,120.236256,10.3858496,0.4387476,0.295862725,68.9251582,2,0.1622789,0.0710335367,0.215902802,0.0165222769,0.0353906967,0.110549503,0.0304537485
3636,0.434307699,1.02366864,120.830384,10.6259394,0.438047114,0.300266525,68.2728769,2,0.169224755,0.0756915772,0.21316226,0.0230742015,0.032245903,0.126911573,0.0502819947
3637,0.433449183,0.98816568,121.42694,10.8723323,0.436232167,0.30446951,67.2964948,2,0.16292094,0.0696279541,0.224558616,0.00390400506,0.0361868857,0.0769712514,0.032408802
3638,0.434174865,1.00591716,122.025303,11.0951287,0.435260195,0.296880726,67.2329363,2,0.157736386,0.0636343777,0.210872068,0.00832905502,0.0406036842,0.117899063,0.054223999
3639,0.436845858,0.99408284,122.598115,11.328747,0.435601905,0.288531146,68.4494358,2,0.165595548,0.071070207,0.213620604,0.0286114399,0.0425891186,0.13891052,0.0549337581
3640,0.437636244,1.00591716,123.149341,11.5583722,0.437064861,0.28829175,68.5610141,2,0.164974565,0.0708499417,0.20558829,0.0145172918,0.0389935148,0.104248306,0.0660816211
3641,0.435804657,1.01183432,123.71625,11.7965488,0.438475752,0.291416638,68.9865466,2,0.168696075,0.0764664386,0.225890266,0.0175550638,0.0447529887,0.0887000558,0.0276673973
3642,0.437155238,0.99408284,124.277917,12.0122036,0.439320858,0.292647257,69.1798614,2,0.176217453,0.0678393181,0.229848186,0.00673936691,0.0491633965,0.106959202,0.0393305045
3643,0.436921472,1.01775148,124.860395,12.204946,0.43944332,0.299641011,68.8666745,2,0.159452282,0.0769815492,0.209508556,0.0234968734,0.0487649903,0.12012486,0.0577092628
3644,0.436850756,1.01183432,125.449172,12.4298737,0.439361059,0.302603247,68.4144418,2,0.163268307,0.0737955363,0.21916217,0.0109443032,0.0508638055,0.123179332,0.0341848966
3645,0.434571255,1.01775148,126.037694,12.681784,0.438472551,0.306986286,67.25805,2,0.172463973,0.0747879609,0.206871187,0.0120738209,0.0523532096,0.093987313,0.082767839
3646,0.43398722,1,126.6456,12.9293001,0.436968285,0.300914195,66.4446433,2,0.166337508,0.0752835872,0.226444055,0.00525327842,0.04897372,0.0940132226,0.0408075672
3647,0.435395742,0.98816568,127.226523,13.1550035,0.436703175,0.290649031,67.3086552,2,0.159789427,0.0647632451,0.222070141,0.0299123109,0.0446140316,0.12740159,0.0242529202
3648,0.436892197,1.01775148,127.800583,13.3949574,0.436989375,0.286254316,68.3456627,2,0.162421209,0.0735032833,0.203078366,0.0259586924,0.0386882789,0.13398595,0.0578700474
3649,0.43640643,0.98816568,0.374776423,13.638338,0.437592402,0.287728954,68.695126,2,0.166224031,0.0710444234,0.210173177,0.0113223535,0.0445241701,0.0903543282,0.0547140315
3650,0.434891984,1.0295858,0.948368161,13.8778731,0.438075538,0.289104954,69.1898841,2,0.171068253,0.0786603683,0.213500894,0.0152999734,0.0296313319,0.110739561,0.046040181
3651,0.436143901,1.01775148,1.52608131,14.0896902,0.438180279,0.29011066,69.1498506,2,0.18009502,0.0727823928,0.224109961,0.0148663246,0.0380978097,0.134671857,0.0448680719
3652,0.435947872,1.02366864,2.10373584,14.2822547,0.437942351,0.294902706,68.8129087,2,0.16066023,0.0695083563,0.212344574,0.0120689707,0.0307631731,0.111964292,0.0517701485
3653,0.435642219,0.982248521,2.69857207,14.5083698,0.437638819,0.297698654,67.777975,2,0.167165189,0.0746440673,0.21214231,0.0223852481,0.0422999915,0.125272768,0.0381490957
3654,0.434565033,0.99408284,3.27554103,14.768729,0.437042812,0.301773091,66.9249655,2,0.168261391,0.0696191561,0.213115085,0.0139398855,0.0355264762,0.0906834701,0.0659777358
3655,0.435289664,1.02366864,3.86382696,15.000815,0.4370803,0.292261464,66.9853197,2,0.169747296,0.0797673761,0.224009203,0.0109088445,0.0505348477,0.116872034,0.0333940114
3656,0.436922314,0.99408284,4.43436633,15.2274108,0.437251069,0.287845769,68.5665043,2,0.163036974,0.0695786624,0.221433943,0.0222210752,0.0404513934,0.146100965,0.0238741068
3657,0.437418569,1.0295858,4.98789659,15.4609991,0.437999451,0.290083363,69.4158796,2,0.163453111,0.0731970356,0.205051121,0.00446644259,0.0419290628,0.118611476,0.0982182812
3658,0.435353077,0.99408284,5.56833453,15.7059145,0.438424237,0.29411976,69.6366422,2,0.167279915,0.0741803064,0.221635725,0.015304218,0.0452391675,0.0833344045,0.0300589337
3659,0.43524416,1.01775148,6.14508212,15.9415501,0.438355423,0.295779698,69.5628284,2,0.174141908,0.0660715814,0.21941758,0.00943809774,0.0292238858,0.0890771534,0.0388447049
3660,0.435323792,0.99408284,6.74256005,16.1442572,0.437596429,0.298023196,68.8862346,2,0.183477501,0.0765046349,0.217881756,0.0269971559,0.0275615744,0.136411435,0.0536748016
3661,0.435591922,0.98816568,7.33393309,16.3509429,0.43698489,0.29888912,68.0552985,2,0.161733482,0.0697663937,0.218911346,0.0190784712,0.0397316039,0.121647907,0.0225938678
3662,0.434765943,1.00591716,7.9234368,16.5901537,0.436292107,0.300448634,66.5795245,2,0.1706787,0.0733296387,0.207629479,0.0206289803,0.0412534903,0.115227227,0.0865065582
3663,0.434765197,1.00591716,8.4904938,16.8472018,0.436393189,0.298417839,66.613475,2,0.169487528,0.0707605283,0.2242328,0.00556520134,0.0383311089,0.0724531581,0.0298501145
3664,0.435735615,1,9.06406458,17.0701486,0.436592534,0.290835923,67.1073751,2,0.172876009,0.0608881873,0.223764972,0.0217404729,0.0382189242,0.103485468,0.0271218338
3665,0.437623552,1.00591716,9.62527729,17.2963204,0.437376915,0.291886276,68.6984357,2,0.160880007,0.0735100615,0.216723009,0.023981407,0.0409919822,0.140806691,0.0586136383
3666,0.436821575,1.00591716,10.1857542,17.5331952,0.438340155,0.294390298,69.2912753,2,0.164581175,0.0716732441,0.210122686,0.0161205143,0.0402794953,0.105868399,0.0565683305
3667,0.434861832,1.00591716,10.7685467,17.7766582,0.438348048,0.301320561,69.4672005,2,0.168258542,0.0773887872,0.226056165,0.0198253945,0.0417438547,0.104369119,0.0301148166
3668,0.435663602,0.99408284,11.3458725,18.0057678,0.438179949,0.301812248,69.4605964,2,0.177279258,0.0689449495,0.230345964,0.0108828123,0.0458643794,0.107399036,0.0451091328
3669,0.435756876,1.01183432,11.9396891,18.1980568,0.437590486,0.304649264,68.9352162,2,0.159344637,0.0730889756,0.206787299,0.0208112514,0.0555816981,0.132469022,0.0461016683
3670,0.437069993,0.98816568,12.5354551,18.4189424,0.43743548,0.302173402,67.6120046,2,0.164616486,0.0731817816,0.216831889,0.0212827164,0.0487327628,0.128135486,0.042607855
3671,0.435723031,0.99408284,13.1110161,18.6738338,0.437565416,0.302330123,66.3482518,2,0.166778654,0.0726156118,0.205220727,0.0139553053,0.0498062953,0.0993212447,0.0647135308
3672,0.435567239,1.01183432,13.6918367,18.9293579,0.437682736,0.294502447,66.7165579,2,0.167059949,0.0763439719,0.226490832,0.00104454992,0.0505928105,0.0927633656,0.0367824603
3673,0.436528556,1.00591716,14.2604741,19.1486536,0.437950816,0.290517699,67.6244132,2,0.160319908,0.0664684692,0.225209622,0.0242277513,0.048620714,0.130971442,0.0231516553
3674,0.437314352,1.02366864,14.8240995,19.3819788,0.438539451,0.292699155,68.5932251,2,0.162218419,0.0752416401,0.206079318,0.021509148,0.0431175232,0.135342264,0.0586555614
3675,0.435669356,1.00591716,15.4008561,19.6321012,0.438930756,0.295890113,69.187203,2,0.166126581,0.0723770094,0.214594731,0.0120857914,0.0493933389,0.09109349,0.0500855898
3676,0.434223574,1.02366864,15.9895182,19.8773211,0.438044433,0.298121926,69.0165635,2,0.171711222,0.0767431617,0.207587065,0.0161943247,0.0460453524,0.0943889601,0.0618790135
3677,0.434818228,1.01183432,16.5854748,20.0987313,0.43706857,0.29471575,68.7577944,2,0.181023043,0.0729484826,0.223029135,0.0197905903,0.0345849177,0.141081286,0.0402649966
3678,0.4351096,0.99408284,17.1705538,20.2925488,0.436342134,0.296571419,67.8487271,2,0.160821075,0.0672838632,0.215793518,0.0185564883,0.0273161643,0.108461146,0.030054277
3679,0.435585417,0.976331361,17.7644941,20.5217952,0.435881635,0.294954363,66.3199479,2,0.16819522,0.0729221135,0.209866855,0.0256541805,0.03491478,0.130202579,0.0441484902
3680,0.435510593,0.98816568,18.3171279,20.7875933,0.436787119,0.297281531,66.1777816,2,0.168556145,0.0690288567,0.216556045,0.012056784,0.0310266786,0.0816981547,0.0578510413
3681,0.436453073,0.99408284,18.8906452,21.021794,0.43740778,0.290562978,67.0549434,2,0.170166331,0.0797098902,0.222097903,0.016257518,0.0414530778,0.124295321,0.0262557902
3682,0.437945742,1.00591716,19.454086,21.2429873,0.438110287,0.292658837,68.4421734,2,0.160046676,0.0714235057,0.224283178,0.0206897922,0.0418648818,0.146160785,0.0269494163
3683,0.43759878,1.03550296,20.0029079,21.4835277,0.43920706,0.296495814,69.4243296,2,0.163805121,0.0741784464,0.208519148,0.00166669406,0.0440152557,0.113657662,0.100626815
3684,0.43529468,1.01183432,20.5843814,21.7377934,0.439399036,0.302038691,70.0294903,2,0.167778022,0.0755770618,0.225761758,0.0159297702,0.0468236503,0.0816953134,0.0275084185
3685,0.435144402,1,21.1750081,21.9695168,0.438826373,0.300815287,69.4639102,2,0.174609502,0.0658732249,0.225499935,0.00846071203,0.0399484361,0.092719671,0.0235313127
3686,0.435265647,0.99408284,21.7853974,22.1772034,0.437446887,0.297860391,68.8495965,2,0.159018804,0.0759335883,0.211653446,0.0332088918,0.0330240583,0.128597098,0.0687525234
3687,0.435724877,0.98816568,22.3805131,22.3920824,0.43691376,0.296573646,67.7905638,2,0.162376288,0.0702606003,0.215966769,0.0185130032,0.0435827338,0.122786117,0.0282120107
3688,0.43485897,1.01183432,22.9698085,22.6300779,0.436218441,0.297852686,65.9594703,2,0.171403258,0.0732974979,0.20513911,0.0186903437,0.045156866,0.103337726,0.0939098283
3689,0.434792155,1.00591716,23.5381863,22.894355,0.436182288,0.295597343,66.3060636,2,0.170224297,0.0718662751,0.224892723,0.0037169156,0.0423459976,0.0794303143,0.0355082261
3690,0.435675693,0.98816568,24.1048599,23.11473,0.436558695,0.291251719,66.9444256,2,0.173513435,0.0630772192,0.222951612,0.0238493209,0.037680622,0.104684923,0.0244496135
3691,0.437442851,0.99408284,24.6642125,23.3469237,0.437533149,0.293909062,68.3838058,2,0.161670684,0.0746061121,0.213680719,0.0241113042,0.0444962563,0.133459169,0.0606253635
3692,0.436302322,1.01775148,25.2236142,23.5940672,0.438505572,0.297329645,69.0987187,2,0.165532301,0.0718787485,0.209667334,0.0186053403,0.0441836981,0.101540674,0.0537236486
3693,0.434772722,1.02366864,25.8082153,23.8316833,0.438697395,0.300439583,69.1223446,2,0.168878364,0.0789163616,0.226211866,0.0177378876,0.0439740228,0.102446282,0.0308388589
3694,0.436148877,1.00591716,26.3863043,24.0507342,0.438666636,0.295661027,69.0977051,2,0.177911004,0.0696967879,0.227864904,0.0133330203,0.0464402407,0.123450239,0.0462386315
3695,0.43617301,1.0295858,26.9769573,24.2480812,0.437922832,0.296816386,68.5197382,2,0.160126268,0.0716304788,0.205274431,0.00992163823,0.050707675,0.137480886,0.0684764323
3696,0.436582961,0.982248521,27.5718183,24.4775081,0.437716071,0.295946763,67.2312702,2,0.16518466,0.0736642511,0.214141439,0.016137475,0.0489711951,0.121340824,0.0404453359
3697,0.434942126,1,28.1526997,24.737864,0.437260417,0.300334876,66.0622067,2,0.167779125,0.0714683413,0.205435786,0.0153380403,0.0457143232,0.103981095,0.0569028957
3698,0.435075125,1.01183432,28.7410937,24.9897514,0.43691176,0.293984441,66.0941591,2,0.167829589,0.0772294168,0.22472292,0.00953331922,0.0476976382,0.112973767,0.0391027417
3699,0.435977289,0.98816568,29.3103676,25.2159202,0.43700481,0.290369362,67.5698879,2,0.161099494,0.0679240567,0.222033544,0.025871296,0.0427957873,0.131945394,0.0193920116
3700,0.436753629,1.01775148,29.8662439,25.45765,0.437713743,0.293174823,68.7100943,2,0.163400781,0.0746974813,0.205456371,0.0177141504,0.0380355663,0.132400503,0.0723537431
3701,0.435019574,0.98816568,30.4392257,25.7106084,0.438290497,0.295041018,69.244802,2,0.167353257,0.0721285014,0.217216617,0.013793374,0.0434403302,0.077606345,0.044667008
3702,0.43460773,1.01183432,31.0257783,25.9412568,0.438074833,0.290753565,69.2542142,2,0.172277786,0.0718755426,0.200555477,0.0139636121,0.0547145525,0.107520163,0.0316075703
3703,0.435810092,1.00591716,31.6120166,26.1534242,0.437551706,0.289232021,69.0150605,2,0.181437759,0.073291757,0.219418096,0.0215142458,0.0303445987,0.148261015,0.0391444787
3704,0.435746362,1.02366864,32.1904608,26.3597127,0.437129785,0.289915768,68.2576254,2,0.161870511,0.0684517834,0.212375978,0.0160240663,0.0295814786,0.109563752,0.0380501711
3705,0.435003413,1.00591716,32.7773084,26.5963733,0.436818499,0.294235363,67.2915383,2,0.168395444,0.0739298716,0.212767978,0.0244430263,0.0335954957,0.128157906,0.0412593121
3706,0.434673489,1.01183432,33.3507814,26.8471927,0.436203887,0.301722312,66.6169663,2,0.169487387,0.0684095551,0.222105418,0.00638028943,0.0303181855,0.0761763181,0.0372731123
3707,0.435443781,1,33.9336572,27.0803268,0.436138301,0.295795382,66.8665577,2,0.170838394,0.0744486009,0.20680456,0.0268929449,0.0446129663,0.103496741,0.0523212802
3708,0.437749696,0.98816568,34.4942019,27.3155662,0.436902757,0.29568506,68.5252213,2,0.163971905,0.071715664,0.220940849,0.0233852612,0.0458767344,0.140459377,0.0374681774
3709,0.437708247,1.01775148,35.0378874,27.5573957,0.438625919,0.298343183,69.164723,2,0.164959308,0.0738581586,0.208453817,0.00561562468,0.0443248078,0.100184211,0.0971579086
3710,0.435996382,1.00591716,35.6190887,27.7987766,0.439342769,0.297513533,69.3239015,2,0.168730884,0.0759840218,0.227315033,0.0158375084,0.046213815,0.0769929178,0.0211718287
3711,0.436509223,0.99408284,36.1949941,28.0178139,0.439843551,0.294324792,69.2706688,2,0.174921782,0.0659834185,0.22981345,0.011202189,0.05262688,0.111372446,0.0360662453
3712,0.436478479,1.00591716,36.7934684,28.2242991,0.438903546,0.294726755,68.7742439,2,0.159754673,0.0764212674,0.209504597,0.0282983263,0.0406141652,0.127455289,0.069572594
3713,0.436150055,0.98816568,37.3809447,28.4543419,0.438812915,0.29430057,68.1821361,2,0.163349093,0.0719470398,0.214620802,0.0107982345,0.0477675003,0.116465993,0.0319431091
3714,0.434239532,1.03550296,37.9712208,28.701616,0.43765633,0.299600027,67.1004053,2,0.171425325,0.0750052926,0.20685606,0.0164492741,0.0448751586,0.10059572,0.0847897541
3715,0.433868625,0.98816568,38.5701341,28.9498167,0.435860235,0.300265734,66.3534254,2,0.165158345,0.072513359,0.225497609,0.00912619539,0.0455882529,0.0961902143,0.0475635024
3716,0.434108555,0.982248521,39.1536012,29.1703341,0.435124537,0.296513498,66.592267,2,0.15891147,0.0639983135,0.221305437,0.0288847649,0.0354435312,0.109165771,0.0194093402
3717,0.43703872,0.99408284,39.7151077,29.4131494,0.436011179,0.292889921,67.7875242,2,0.162705459,0.0732387552,0.208388121,0.0266340756,0.04216723,0.130894973,0.052935336
3718,0.43662204,1.00591716,40.2731739,29.657209,0.43754443,0.291724742,67.9055895,2,0.166518891,0.0706340394,0.208580187,0.0180714106,0.041793832,0.0956982952,0.061594596
3719,0.435926067,1.01775148,40.8449371,29.8905921,0.438783818,0.28975937,68.5642042,2,0.169452142,0.0799927064,0.225556502,0.0151028231,0.0480329056,0.0967686945,0.0376641248
3720,0.437243107,1.01775148,41.4119339,30.1031409,0.439166217,0.289590481,68.808215,2,0.178311467,0.0705529898,0.226884781,0.0139534455,0.0446537878,0.135930749,0.0372260339
3721,0.437112444,1.02366864,41.9868256,30.3081574,0.439180172,0.292078251,68.4617247,2,0.161064959,0.0728965274,0.205618657,0.00505526273,0.0477665954,0.133308615,0.081508911
3722,0.436221197,1.00591716,42.5716673,30.5492968,0.439332774,0.295883451,68.1072808,2,0.165182302,0.0748555121,0.21633789,0.0100871727,0.0516072641,0.111354475,0.03545567
3723,0.433899945,1.01775148,43.1690682,30.8096549,0.437638344,0.302741626,67.5157646,2,0.174516691,0.0702506944,0.208696652,0.0145835663,0.0396774952,0.107112666,0.0645756574
3724,0.433791496,1.01183432,43.7818366,31.0421181,0.435916087,0.300532556,66.4035451,2,0.168466196,0.0771615352,0.221619499,0.0225848023,0.0383376898,0.131131267,0.0273179008
3725,0.435265621,1.00591716,44.358269,31.2801059,0.435619146,0.293583273,67.7934091,2,0.161847953,0.0679154795,0.218881967,0.029198524,0.0420472384,0.131881272,0.0221439627
3726,0.437034339,1.01775148,44.9143787,31.5124862,0.436805233,0.28995137,68.191139,2,0.164257597,0.0733523393,0.203995948,0.0160544745,0.0356202988,0.121015305,0.0886598425
3727,0.435958527,0.976331361,45.4814882,31.754374,0.437991531,0.288905713,68.4612215,2,0.168037094,0.0720771943,0.218993339,0.0126774007,0.038434789,0.0709250357,0.0351116397
3728,0.436104414,1.01183432,46.0497882,31.979751,0.438710626,0.286764845,69.2544675,2,0.172652941,0.0639773883,0.216439108,0.0107246777,0.0320858885,0.0929826203,0.0426288972
3729,0.436971774,1.01775148,46.6265443,32.1876442,0.438568413,0.29110911,69.3225292,2,0.181664755,0.0749457733,0.219869929,0.019798179,0.0324206458,0.147047534,0.0455757922
3730,0.436016962,1.01775148,47.2023635,32.4029992,0.438691444,0.292465943,68.9160263,2,0.162546863,0.070709842,0.212840017,0.016400997,0.0341876004,0.109520357,0.0414099256
3731,0.434689707,1.01775148,47.7903642,32.6445488,0.438197843,0.297606616,68.5520856,2,0.168599441,0.0755884952,0.21519799,0.0232025339,0.0334878264,0.125367522,0.038401729
3732,0.433697252,0.98816568,48.3858058,32.8878667,0.436415116,0.30438556,67.6250392,2,0.177903215,0.0688226961,0.224913004,0.0039319501,0.0353490975,0.0789703553,0.0312911642
3733,0.433743149,0.99408284,48.9907106,33.1095745,0.434952903,0.301371743,67.2612254,2,0.157962101,0.0675313609,0.205478415,0.0121153212,0.0563523404,0.132089562,0.0497814731
3734,0.436956024,0.99408284,49.5602855,33.3448988,0.435408452,0.293409304,68.1964301,2,0.165004461,0.0708434813,0.215810801,0.028055269,0.045632644,0.137575293,0.0486821781
3735,0.437812291,1.00591716,50.1064213,33.5749633,0.43730993,0.291905867,68.2250938,2,0.165233802,0.0716153213,0.20586606,0.0120995398,0.0423285532,0.100697837,0.0785173034
3736,0.436410475,1,50.6735023,33.8144473,0.438800601,0.291111404,68.8096305,2,0.16897574,0.0760493031,0.22681601,0.0164285216,0.0467607205,0.0804358093,0.023204126
3737,0.437233487,1.00591716,51.2371781,34.0300864,0.439654353,0.291066364,69.0843255,2,0.175580908,0.0668278579,0.230767018,0.00909234259,0.0528624995,0.113332006,0.0378275031
3738,0.437159527,1.01775148,51.819033,34.2293559,0.439639919,0.297210272,68.8731708,2,0.159833686,0.0771508036,0.210726838,0.0240663846,0.0451312895,0.123885026,0.0648199635
3739,0.436458678,0.98816568,52.4037152,34.4612503,0.439750341,0.300232792,68.6423656,2,0.163457036,0.07336245,0.218004068,0.00842397427,0.0510820151,0.11688596,0.0330581214
3740,0.434146796,1.0295858,52.9945533,34.7108219,0.438606217,0.305968069,67.6671776,2,0.171789895,0.0757192757,0.208269452,0.0139623823,0.0492646761,0.0960348949,0.0842688106
3741,0.433487046,0.982248521,53.6082786,34.9562855,0.436338759,0.304048434,66.7058908,2,0.165754353,0.0739732924,0.226675946,0.0104888501,0.0470391395,0.101663659,0.0479341874
3742,0.434319105,0.99408284,54.2003698,35.1776826,0.435367308,0.296818546,67.0739867,2,0.159380779,0.0642438433,0.221526904,0.0326704699,0.0395724371,0.119645657,0.0212896188
3743,0.436977505,1.00591716,54.7728181,35.4180603,0.43594916,0.288047401,67.8036603,2,0.162782193,0.0726978289,0.204150433,0.028414649,0.0373541068,0.132678245,0.0550245188
3744,0.437022367,1,55.3343291,35.6597921,0.43736469,0.287778289,67.9567128,2,0.166559251,0.0705107335,0.209281578,0.0138589988,0.0409010803,0.0905800895,0.061244984
3745,0.43580903,1.03550296,55.9042141,35.8942474,0.438592166,0.286232027,68.8140105,2,0.170378345,0.0803002899,0.221407492,0.0154944265,0.0357710135,0.109945816,0.0311752045
3746,0.437174484,1.00591716,56.4717638,36.1041789,0.439123849,0.289436687,68.9757672,2,0.17924631,0.0722570222,0.225608162,0.0137779738,0.0412688941,0.136783992,0.0411362715
3747,0.436791805,1.02366864,57.0444153,36.3030639,0.43931477,0.293385674,68.8446879,2,0.160985373,0.0720016736,0.208268049,0.00602041764,0.0410854783,0.123251431,0.0773151866
3748,0.43591644,1,57.6350686,36.5396891,0.43919285,0.297678647,68.4422108,2,0.166172947,0.0754971432,0.214882724,0.01660857,0.0483146455,0.117471774,0.0339061487
3749,0.433862718,1.02366864,58.2314464,36.7977192,0.437530441,0.304074459,67.7553934,2,0.17549135,0.0698049723,0.211842861,0.0132163841,0.0350948478,0.0972751654,0.0672470484
3750,0.433972639,1.01775148,58.8415642,37.0271785,0.436213966,0.297194628,66.6194694,2,0.16939944,0.0785186838,0.22044241,0.0201362071,0.0424744006,0.128336447,0.0263781683
3751,0.435906079,1,59.4160085,37.2650291,0.436105737,0.288595656,68.4013574,2,0.162750133,0.0685276148,0.218013649,0.0264249291,0.0415267186,0.141238212,0.0245788337
3752,0.437030923,1.02366864,59.9710685,37.4981461,0.436892159,0.287590586,68.9125552,2,0.164033532,0.0727400962,0.202788484,0.00899253643,0.0393657611,0.114657614,0.0989280848
3753,0.435574511,0.99408284,60.5426619,37.7379629,0.437787984,0.288502203,69.0447817,2,0.16778067,0.0731536978,0.220170657,0.0141403235,0.0411275914,0.0746476882,0.0298356838
3754,0.436007415,1.01183432,61.1092944,37.963161,0.438526418,0.287691279,69.5986638,2,0.173582725,0.0648435715,0.218830207,0.0106826379,0.0332574117,0.0880328988,0.035025471
3755,0.436240687,1,61.6917048,38.1649529,0.438289636,0.293323995,69.2331584,2,0.182682888,0.0762307983,0.218868381,0.0214915357,0.0295654503,0.141008042,0.0508011772
3756,0.435711552,1,62.2740582,38.3755281,0.438079612,0.295888408,68.7338139,2,0.162117627,0.0705106535,0.216829372,0.0162195693,0.0375326385,0.113530807,0.0250105264
3757,0.434237975,1.01183432,62.8669173,38.6114954,0.437447524,0.300855984,67.6435907,2,0.169795583,0.0749534178,0.210981175,0.022577764,0.0346520075,0.124399501,0.0652526425
3758,0.433654939,0.98816568,63.455296,38.8615518,0.436082045,0.303490101,66.8410113,2,0.163363999,0.0700404532,0.224636062,0.0043200351,0.0373110015,0.0751368848,0.0318578728
3759,0.4348948,1,64.0418368,39.0860066,0.435722024,0.293736575,67.1138221,2,0.157593854,0.062059252,0.21586585,0.0154575665,0.0325239527,0.104884237,0.0402803657
3760,0.437030461,0.99408284,64.6126512,39.3195075,0.436049763,0.288738707,68.6860431,2,0.165822675,0.0717351295,0.214260387,0.0271763691,0.0418584662,0.139480168,0.0569989649
3761,0.43740238,1,65.1661565,39.5508654,0.43740198,0.290309217,68.9529446,2,0.164857272,0.0709910268,0.2071363,0.0154124437,0.039064645,0.104966308,0.0613534749
3762,0.435511447,1.01183432,65.738332,39.7873944,0.438473433,0.294175205,69.1801573,2,0.168553038,0.0768611061,0.22593802,0.0184418332,0.043464205,0.0946474274,0.0291185018
3763,0.436761885,1,66.3046947,40.0073578,0.438981976,0.295149537,69.2977595,2,0.176635855,0.0683323835,0.229935767,0.00723068065,0.0475039383,0.106090646,0.0415273137
3764,0.436588939,1.01775148,66.8902755,40.1987247,0.438912348,0.301053361,68.8880083,2,0.159355074,0.0758809603,0.208167791,0.0232518659,0.052160843,0.122125243,0.0492936383
3765,0.436955571,1,67.4814557,40.4205335,0.438806993,0.302825967,68.1402193,2,0.163772745,0.0737282024,0.218936907,0.0142340958,0.0501918785,0.126072777,0.0370973422
3766,0.434809204,1.01183432,68.0680356,40.6750182,0.438023972,0.30645873,66.9102648,2,0.172938056,0.0738333468,0.206310402,0.0125906651,0.0524398316,0.0958057188,0.0758593755
3767,0.434614937,1.00591716,68.6661742,40.9248177,0.437176981,0.29795118,66.412588,2,0.166658973,0.075675814,0.226261828,0.00312129809,0.0496561649,0.0926003005,0.0383167718
3768,0.435952886,0.99408284,69.2391765,41.1483288,0.437319668,0.289920596,67.4116545,2,0.159987133,0.0652744552,0.223414026,0.0274492224,0.0468186077,0.129438931,0.0244537304
3769,0.437043337,1.01775148,69.809382,41.3870125,0.437643776,0.288600356,68.4975778,2,0.16229707,0.0741544888,0.204365738,0.024118673,0.0405799778,0.134732461,0.0580376437
3770,0.436206615,0.98816568,70.3860609,41.6305391,0.438155645,0.290091137,68.9039698,2,0.166102174,0.0715556311,0.211826543,0.0113517728,0.046513789,0.0913433843,0.0521155366
3771,0.434663178,1.0295858,70.9650009,41.8735814,0.43805337,0.292516497,69.1614033,2,0.171328139,0.077903448,0.211030843,0.0154743251,0.0353071329,0.104646616,0.0561175641
3772,0.435613517,1.00591716,71.5500138,42.089638,0.437735058,0.292243945,69.0528993,2,0.180468965,0.0729207937,0.224007431,0.0165242082,0.0369033763,0.136441276,0.0440690512
3773,0.435513862,1.01183432,72.1313727,42.2827433,0.437224632,0.296553365,68.5779609,2,0.160667864,0.0684581929,0.214425372,0.0149669456,0.0281789218,0.109283281,0.0405671854
3774,0.435625214,0.970414201,72.7264491,42.5091835,0.436854277,0.297473172,67.3014278,2,0.167600767,0.0739447028,0.211190074,0.0244258314,0.0393373981,0.127917253,0.040068101
3775,0.434986219,0.982248521,73.2937324,42.7695756,0.436944741,0.300460045,66.5522884,2,0.168274618,0.0694424788,0.214344452,0.0132850649,0.0343254891,0.0873711283,0.0639412512
3776,0.435814874,1.01775148,73.8756195,43.0035906,0.437282769,0.291164308,67.0484966,2,0.169931554,0.0799988456,0.224232767,0.0115684467,0.0495247361,0.117787737,0.0316166268
3777,0.437397627,1.00591716,74.4440941,43.226756,0.437617855,0.289377194,68.524447,2,0.163188971,0.0702551654,0.222739162,0.0214266131,0.0406413765,0.146733013,0.0249151786
3778,0.437555087,1.0295858,74.9961705,43.4633079,0.438410456,0.292764693,69.499538,2,0.163489186,0.0735434932,0.206513658,0.00315030359,0.0428153385,0.117669955,0.0990849442
3779,0.435257431,0.99408284,75.5766813,43.7115041,0.438809114,0.297947743,69.8455954,2,0.167367252,0.0747097625,0.223249282,0.0157258576,0.0464394869,0.0841379958,0.0296651599
3780,0.435130781,1.01183432,76.158531,43.9463482,0.438496311,0.299014286,69.4910001,2,0.174352046,0.0660930507,0.221627199,0.00793117542,0.0316971412,0.0884774467,0.0327535535
3781,0.435201411,0.98816568,76.7622,44.1516326,0.437418296,0.299192795,68.8255242,2,0.183784376,0.0764043224,0.216011818,0.0299922005,0.0284588971,0.133413857,0.0596491231
3782,0.435621712,0.982248521,77.3560035,44.3601926,0.43682919,0.298853619,67.8331899,2,0.16187801,0.0698605052,0.218301069,0.0197671724,0.0412306058,0.123467869,0.0242215002
3783,0.43494217,1.00591716,77.9440593,44.5995012,0.436217633,0.299078595,66.1852326,2,0.171000927,0.0731676675,0.206536418,0.019399011,0.0429257682,0.110531669,0.0913483848
3784,0.434997743,1,78.5084368,44.8597917,0.436488464,0.296773566,66.4529219,2,0.169684245,0.0712472219,0.224484877,0.0050109802,0.0394016062,0.0735559792,0.030368646
3785,0.435874732,1,79.0791263,45.0821355,0.436779287,0.290750827,67.0478796,2,0.173111348,0.0616372117,0.224270848,0.0225233827,0.0394700607,0.104946538,0.0274043727
3786,0.437687045,0.98816568,79.6393776,45.3097514,0.437615681,0.292796277,68.5546599,2,0.161089866,0.0741438927,0.215917287,0.023809554,0.0422240907,0.138305913,0.0603994841
3787,0.436585597,1,80.2004054,45.5510856,0.43855322,0.295762746,69.2058399,2,0.164860712,0.0718767269,0.210238205,0.0170921706,0.0418483964,0.104593073,0.0542086731
3788,0.434687632,1.01183432,80.7837892,45.7940769,0.438538001,0.301845986,69.3877581,2,0.168496706,0.0779598888,0.226299694,0.0194322399,0.0420609769,0.104682142,0.0302707318
3789,0.435657713,0.98816568,81.3647152,46.0209917,0.438193754,0.300023747,69.3025499,2,0.177573675,0.0692142031,0.229431085,0.0124586528,0.0463262522,0.11324982,0.0469307002
3790,0.435782894,1.01775148,81.9581249,46.2146305,0.437496927,0.302053987,68.7256547,2,0.159603601,0.0720763199,0.206049586,0.0162548162,0.0543040691,0.136564648,0.0557248767
3791,0.436874658,0.98816568,82.5540668,46.4381073,0.437339268,0.29965843,67.3107715,2,0.164907294,0.0732489457,0.215392362,0.0203298161,0.0488894979,0.12595963,0.0429188867
3792,0.435604321,0.98816568,83.1279708,46.6961287,0.437481747,0.300647578,66.1193807,2,0.167127011,0.072186353,0.204879278,0.0146861933,0.0487097767,0.100924604,0.0586272789
3793,0.435538972,1.01775148,83.7089642,46.9513374,0.437573732,0.293544821,66.4705636,2,0.167327566,0.0767524025,0.226157528,0.00220257779,0.0502793558,0.099396032,0.039440702
3794,0.436453607,1,84.2778012,47.1718196,0.437754125,0.290106224,67.5576658,2,0.160590644,0.0671576725,0.224201531,0.0247090342,0.0463000294,0.131530214,0.020497622
3795,0.437137681,1.03550296,84.8387384,47.4090122,0.438393312,0.292888129,68.6053817,2,0.162640815,0.0752565845,0.205882421,0.0200566521,0.0416033552,0.135810566,0.0620759772
3796,0.435348804,0.99408284,85.4147877,47.6632622,0.438783128,0.296018041,69.2919246,2,0.166613471,0.0723871487,0.215420145,0.0127610423,0.0478046541,0.0860818503,0.0496535306
3797,0.434170781,1.0295858,86.0049439,47.9055577,0.437948851,0.296321268,69.1323489,2,0.171952248,0.0756969334,0.204263631,0.0166343019,0.0518403551,0.0903289381,0.055159591
3798,0.43505517,1,86.5995243,48.121188,0.437193503,0.292051597,68.8285795,2,0.181242567,0.0730826848,0.221199909,0.0213270164,0.031868928,0.145348125,0.0377212134
3799,0.435366223,1.01775148,87.1824298,48.3191136,0.436528868,0.293312553,67.9186989,2,0.161236149,0.0676381076,0.214128765,0.017535025,0.0276068298,0.109142244,0.0326778581
3800,0.435274259,1,87.7744373,48.5510191,0.43608551,0.293933144,66.4702492,2,0.168350584,0.073089903,0.210381086,0.0253370746,0.0337105754,0.129679836,0.0441611382
3801,0.43530748,1.00591716,88.3323905,48.8125292,0.436503051,0.297977894,66.0882682,2,0.168945768,0.0686455479,0.218475354,0.00967035085,0.0296044913,0.0782030138,0.0496762824
3802,0.436284529,0.99408284,88.9048676,49.0478429,0.437064739,0.29168235,66.9257971,2,0.170388557,0.0781539996,0.215617044,0.022737941,0.0311780532,0.119785635,0.0461684953
3803,0.438003453,0.99408284,89.4662621,49.2745961,0.437851837,0.293616154,68.4380978,2,0.160540564,0.0717894985,0.223006231,0.0212162661,0.0434419064,0.143961982,0.0309867511
3804,0.437498695,1.02366864,90.0130108,49.5195403,0.439095831,0.297503328,69.4532388,2,0.164367818,0.0743027877,0.208691457,0.0020130011,0.0442117409,0.107421708,0.101001632
3805,0.435397415,1.00591716,90.5937188,49.7712181,0.43943757,0.301087568,69.9173294,2,0.168300283,0.0758652001,0.226949652,0.0157494491,0.0457938055,0.0779470429,0.023702827
3806,0.435692174,1.00591716,91.1818899,49.9939724,0.439305067,0.296961318,69.4266295,2,0.17471703,0.0656960765,0.227501522,0.0106089112,0.0472615709,0.101961439,0.0291243214
3807,0.435749434,0.99408284,91.7887788,50.2012549,0.438031075,0.294836964,68.8811947,2,0.184199669,0.0759821359,0.209535109,0.0314716134,0.0367168442,0.127767054,0.0706254574
3808,0.43596892,0.982248521,92.3802535,50.4233671,0.437665814,0.293484572,67.9884324,2,0.162865112,0.0709210501,0.214315358,0.0145314822,0.0452630312,0.119410493,0.0297920178
3809,0.434492979,1.0295858,92.9703091,50.6625465,0.436722924,0.297867382,66.4227128,2,0.171411079,0.073949255,0.205620916,0.0175947308,0.0447395834,0.101432093,0.0903748799
3810,0.434272142,0.99408284,93.5527814,50.9206079,0.435829873,0.297223943,66.164116,2,0.164887209,0.0720072148,0.225121753,0.00547294039,0.0443733604,0.0862031993,0.0416101711
3811,0.43486067,0.982248521,94.1248524,51.1417467,0.435757612,0.292859762,66.6246117,2,0.158464793,0.0635100682,0.221784259,0.0257603408,0.0361427962,0.105878457,0.0217269502
3812,0.437171608,1,94.6820388,51.3809481,0.436788958,0.293669991,68.1896778,2,0.162202314,0.0739939085,0.211482015,0.0250155447,0.0449808943,0.131368953,0.0568539466
3813,0.436370988,1.01775148,95.2386897,51.6277687,0.438048313,0.295797838,68.6556227,2,0.166058886,0.0713394861,0.209021304,0.0193073079,0.0438906054,0.099167905,0.0565215173
3814,0.435499495,1.0295858,95.8189192,51.8588958,0.438889061,0.294745168,68.8035777,2,0.169045613,0.0793667028,0.225835873,0.0166346124,0.0463277812,0.0987343682,0.0331050815
3815,0.436760635,1.01183432,96.3900496,52.0756984,0.439056691,0.291876454,68.9267423,2,0.177969525,0.0699384014,0.227696582,0.0135936322,0.0461135785,0.129811558,0.04197692
3816,0.436812389,1.0295858,96.9743215,52.2759386,0.438643299,0.293745071,68.3823225,2,0.16056154,0.0724572692,0.205156745,0.00809512153,0.0496910639,0.136787822,0.0734109254
3817,0.436558666,0.98816568,97.5640343,52.5124712,0.438624926,0.294616519,67.5634597,2,0.165063036,0.0742539245,0.214962241,0.0110006859,0.0506639607,0.116288859,0.0376042061
3818,0.434241803,1.01775148,98.1569277,52.7719965,0.437343438,0.301904671,66.5781761,2,0.174326995,0.0711363089,0.206562941,0.0151539481,0.0440618401,0.106213055,0.0593563347
3819,0.434332325,1.01183432,98.7576418,53.0166341,0.43628252,0.297520537,65.9825487,2,0.168088154,0.0771926263,0.223420114,0.0165707826,0.044040725,0.12329045,0.0341961374
3820,0.435538323,1,99.3285959,53.2497844,0.436279294,0.291809528,67.6071335,2,0.16138431,0.0678946914,0.220116288,0.0281618686,0.0418172065,0.131086997,0.0208249634
3821,0.436717144,1.03550296,99.8836016,53.4902968,0.437173623,0.292324839,68.491966,2,0.163910887,0.0740448836,0.204901487,0.0170296158,0.0355305569,0.127621938,0.079182939
3822,0.435461085,0.976331361,100.454213,53.7350305,0.438070848,0.291357077,68.8272396,2,0.167734851,0.0718516658,0.217590835,0.0134033922,0.0402591421,0.0736325468,0.0406767468
3823,0.435343948,1.01775148,101.031707,53.9622973,0.438350873,0.287256803,69.3261187,2,0.172370415,0.0685900316,0.203557452,0.0127461425,0.0434750808,0.117653299,0.0496795062
3824,0.436497952,1.00591716,101.610839,54.171557,0.438109101,0.289042726,69.2637318,2,0.181419361,0.0738341921,0.219660917,0.0200908778,0.0316624246,0.148620989,0.0410579757
3825,0.435988931,1.01775148,102.187607,54.3822781,0.437916626,0.289910799,68.6873616,2,0.162223095,0.0695179914,0.211964147,0.0159242685,0.031600497,0.109761373,0.0429152141
3826,0.43502433,1.01183432,102.772435,54.6196672,0.43768916,0.295245135,68.0398545,2,0.168319295,0.0748002976,0.214412855,0.02336192,0.0345468874,0.126102856,0.0381314741
3827,0.434186019,1,103.358593,54.8655107,0.436416446,0.303408542,67.2296243,2,0.161853009,0.0685721519,0.223584772,0.00526839924,0.0318717535,0.0770516233,0.0326903396
3828,0.434350941,0.99408284,103.958472,55.0926253,0.435344404,0.299001334,66.9634096,2,0.15769727,0.071350534,0.203837449,0.0236812417,0.0564090861,0.116018702,0.0339105459
3829,0.437256707,0.98816568,104.521172,55.3305339,0.436044015,0.294795886,68.5272682,2,0.164393318,0.0711288863,0.218651807,0.0259113559,0.0461548179,0.139399355,0.0422397628
3830,0.437896169,1,105.065317,55.5634105,0.437953644,0.294847858,68.7538405,2,0.165053289,0.072764913,0.20696901,0.00834087046,0.0436050424,0.0996198201,0.0909974036
3831,0.436266239,1,105.639635,55.802815,0.439075611,0.293970765,69.0954301,2,0.168793985,0.0757856356,0.226995486,0.0163535772,0.0462302195,0.0779020721,0.021838298
3832,0.436981328,0.98816568,106.207886,56.0202448,0.439822045,0.292704624,69.2729006,2,0.175123217,0.0661346104,0.230454259,0.00962164398,0.052953619,0.111035129,0.036578657
3833,0.43680633,1.00591716,106.798674,56.2226567,0.4392872,0.29592569,68.8882851,2,0.159729011,0.076810893,0.211030003,0.0261125847,0.0419136966,0.125784948,0.0686421919
3834,0.436309647,0.98816568,107.383819,56.4521543,0.439297568,0.297636059,68.4826551,2,0.163314911,0.0725020856,0.216735791,0.010342945,0.0490292619,0.117247986,0.0315488775
3835,0.434250629,1.0295858,107.973532,56.699251,0.438219803,0.303454279,67.4497607,2,0.171461432,0.0754571769,0.208436032,0.0155444305,0.0460800762,0.100811251,0.0850060245
3836,0.43369527,0.99408284,108.579378,56.9463013,0.43617474,0.303083333,66.618954,2,0.165302778,0.0730220855,0.226585296,0.00927939476,0.0462528072,0.0970580916,0.0472467695
3837,0.434324994,0.982248521,109.168743,57.1660913,0.435291627,0.297197345,66.848544,2,0.158886604,0.0638415766,0.221967202,0.0310071234,0.0380068915,0.114106522,0.0207323442
3838,0.437131413,0.98816568,109.736963,57.4065719,0.436027436,0.29043947,67.7760434,2,0.162602686,0.0729835269,0.206637116,0.0282452664,0.0400678666,0.131719863,0.0547702215
3839,0.436954485,1,110.297552,57.6488797,0.437442929,0.290071004,67.9004947,2,0.166388746,0.0705561535,0.208833703,0.0163982629,0.0413366869,0.0948699758,0.0612888862
3840,0.435840677,1.01775148,110.867985,57.8835783,0.438740821,0.288506153,68.6770058,2,0.169812271,0.0800539584,0.223982517,0.0156782496,0.0421408503,0.103500004,0.034801691
3841,0.437225436,1.00591716,111.435286,58.0952547,0.439195057,0.289780999,68.8991888,2,0.178676341,0.0713052527,0.226710157,0.013515094,0.0435461363,0.134317021,0.0411883087
3842,0.436949318,1.01775148,112.010323,58.2951161,0.439260263,0.293192442,68.7015236,2,0.160861188,0.0724955963,0.206805276,0.003628469,0.0459381221,0.130046916,0.0804131744
3843,0.436255111,1.01183432,112.598263,58.5320267,0.439303783,0.297136437,68.2867387,2,0.165597853,0.075197371,0.215559413,0.0131330278,0.0504932604,0.115486789,0.035496774
3844,0.433932626,1.02366864,113.195464,58.7908206,0.437659018,0.303886867,67.5955387,2,0.174929128,0.0703197963,0.209530041,0.014192829,0.0390289139,0.10371238,0.0670852629
3845,0.4340227,1.01775148,113.805368,59.0243567,0.4362642,0.298206597,66.4851256,2,0.16883387,0.0780063819,0.22191401,0.0189226242,0.043296914,0.127299673,0.028839686
3846,0.435737406,0.99408284,114.380612,59.2604188,0.436103889,0.290305277,68.1539504,2,0.162197069,0.0681092559,0.21874982,0.0276494626,0.0418790759,0.137774843,0.0219376487
3847,0.436953773,1.02366864,114.937469,59.4958158,0.436889538,0.289015554,68.7479772,2,0.163997122,0.0731563152,0.203217217,0.0127532772,0.0376901071,0.119689688,0.0936766111
3848,0.435692914,0.970414201,115.508409,59.7344887,0.437894496,0.289453118,68.8945566,2,0.167726387,0.072628119,0.219187416,0.0130380639,0.0406704833,0.0736793614,0.033865688
3849,0.435898313,1.01183432,116.077648,59.9611539,0.438553094,0.287647491,69.5551306,2,0.173088255,0.0653068717,0.214567868,0.0115468927,0.0294032671,0.095152815,0.0483758902
3850,0.436358182,0.99408284,116.658978,60.1659934,0.438316661,0.292050586,69.317486,2,0.182171531,0.0755549154,0.219701706,0.0202935345,0.0300857593,0.144328779,0.0461523855
3851,0.435684565,1.00591716,117.239271,60.3753531,0.438156865,0.294182166,68.8042279,2,0.162114892,0.0701935187,0.215380462,0.016657923,0.034828085,0.111018823,0.0292768858
3852,0.434392301,1.01775148,117.831688,60.611472,0.437570519,0.298782787,67.9578144,2,0.169245125,0.0750681646,0.212009152,0.0235226666,0.0326744464,0.127547943,0.0532516164
3853,0.433730367,0.98816568,118.420955,60.8598598,0.436083123,0.303341619,67.063673,2,0.162827426,0.0693534195,0.223945436,0.00437780348,0.0351526014,0.0753179473,0.031843244
3854,0.434602761,1,119.012367,61.0841774,0.435496884,0.295547092,67.1583562,2,0.157565273,0.0647068176,0.208651144,0.00289091494,0.0471012388,0.123910556,0.0568220275
3855,0.437086947,0.99408284,119.580686,61.3171893,0.435973526,0.290566679,68.6417377,2,0.165323215,0.0712818494,0.216075095,0.0269712705,0.0428438413,0.141134416,0.05214144
3856,0.437708025,1.01775148,120.13033,61.5472819,0.437512394,0.291422555,68.8640059,2,0.164801279,0.0713908865,0.206962664,0.0131862626,0.0402699286,0.103982228,0.071676296
3857,0.43571443,1,120.702351,61.7866882,0.438624758,0.294692011,69.1856638,2,0.168542002,0.0764592837,0.226856199,0.017722293,0.045135509,0.0883056043,0.0269916583
3858,0.436930237,0.99408284,121.269501,62.0050322,0.439241152,0.294353263,69.3488515,2,0.176085952,0.0675963258,0.230076299,0.00690512405,0.0484353077,0.10498876,0.0378084238
3859,0.436699459,1.01775148,121.856397,62.1981336,0.439179026,0.300175776,68.9632871,2,0.159345837,0.0767835942,0.20992759,0.0253681814,0.0474305637,0.119783268,0.0599709442
3860,0.436893438,1.00591716,122.446363,62.4204048,0.439054067,0.302360345,68.3332274,2,0.163224422,0.0733751138,0.219185652,0.0130087543,0.049819948,0.124781423,0.0338971478
3861,0.434812811,1.01775148,123.033802,62.6709662,0.438248285,0.30634632,67.1057655,2,0.172403157,0.0745192897,0.206880499,0.0126776371,0.0518185204,0.0945678214,0.0855852739
3862,0.434241328,0.98816568,123.636227,62.920461,0.436995967,0.300612771,66.4343069,2,0.166191052,0.0749646056,0.226696837,0.00458560276,0.0486163039,0.0912184287,0.0392589465
3863,0.435625907,0.970414201,124.21485,63.1449904,0.436859098,0.290826194,67.2619826,2,0.159607027,0.0645380339,0.223085096,0.0293525481,0.0459068281,0.12630083,0.0259161902
3864,0.43700731,1.02366864,124.786726,63.3844627,0.437210619,0.288162315,68.4341438,2,0.162257229,0.0738438281,0.204612547,0.0262342135,0.0403214184,0.133624955,0.0578552141
3865,0.436401029,0.99408284,125.361,63.6269265,0.437835311,0.289398993,68.7713825,2,0.166045727,0.0711382703,0.210474787,0.0124619133,0.0455333051,0.0927044084,0.0546404476
3866,0.434810855,1.03550296,125.936196,63.8675538,0.438158041,0.291555517,69.1651307,2,0.170878068,0.0787720712,0.215465363,0.0156298177,0.0288194987,0.113331915,0.0411935193
3867,0.4360285,1.01775148,126.516296,64.0814986,0.438082929,0.29126531,69.1420764,2,0.179942124,0.0724065575,0.224817254,0.0147251509,0.0392400027,0.133086349,0.0464907754
3868,0.43587539,1.01775148,127.09468,64.273549,0.437756884,0.295921868,68.7931048,2,0.160524203,0.0692176127,0.212572193,0.0110708544,0.0316317095,0.113697118,0.0536688284
3869,0.435877183,0.976331361,127.690022,64.4987393,0.437457181,0.297814308,67.6473647,2,0.16703159,0.0744347609,0.212420357,0.022502706,0.0428237464,0.125723825,0.0390729416
3870,0.434852786,1,0.263731943,64.7597014,0.437166263,0.301561579,66.7794972,2,0.168120335,0.0698282946,0.212434475,0.0145123204,0.0367384501,0.0933928536,0.0675836869
3871,0.435537649,1.02366864,0.850729906,64.9936287,0.43728692,0.292354948,66.9567474,2,0.169542655,0.0797498396,0.225091232,0.00903718401,0.0518151791,0.113436447,0.0364260627
3872,0.437091192,0.99408284,1.42080959,65.2183035,0.437528148,0.288831829,68.5252814,2,0.16282515,0.0696285874,0.222426631,0.022214655,0.0409813387,0.145631617,0.0223043056
3873,0.437441546,1.0295858,1.97614327,65.453239,0.438195242,0.29106353,69.4501237,2,0.16333186,0.0735207925,0.205192159,0.00592462956,0.0423627329,0.121216472,0.0972698201
3874,0.435275727,0.99408284,2.55703037,65.7002919,0.43856124,0.295410304,69.7441249,2,0.16719206,0.0741476185,0.221358291,0.0146687544,0.0460977745,0.0834553008,0.0314360037
3875,0.43500691,1.01775148,3.13689763,65.9361993,0.438319663,0.296662748,69.5493249,2,0.174014026,0.0662805254,0.217736806,0.00974493131,0.0279711473,0.0919585159,0.044711457
3876,0.435096048,1,3.73651776,66.1418145,0.437402121,0.297705001,68.8805312,2,0.18338309,0.0762043135,0.217876618,0.0271367786,0.0272303806,0.137411944,0.0518858295
3877,0.435390879,0.98816568,4.3285237,66.347436,0.436675056,0.298117773,67.9945772,2,0.161678688,0.0693170791,0.218493106,0.0195193105,0.0392155188,0.121249801,0.0225561076
3878,0.434847251,1.00591716,4.91681505,66.5846108,0.436073332,0.29923574,66.4589376,2,0.170575235,0.073059939,0.207377357,0.021058714,0.0403562639,0.116819819,0.0850757496
3879,0.434913662,1,5.47967506,66.8426709,0.436374958,0.297900602,66.5910539,2,0.169416733,0.0705422965,0.223996543,0.00595025897,0.037267016,0.0717883942,0.0298772757
3880,0.435849222,1,6.05157875,67.0662931,0.436663704,0.291087211,67.1670913,2,0.172680918,0.0612364334,0.222627197,0.0195697041,0.0348525753,0.0998797015,0.0268656105
3881,0.43774318,1.00591716,6.61190465,67.2910819,0.437508613,0.293030159,68.7175039,2,0.160798154,0.0735743863,0.21807202,0.0233524257,0.0408947745,0.142228568,0.0563377922
3882,0.436864598,1.00591716,7.17166346,67.5286513,0.438489826,0.295610704,69.3658318,2,0.164510176,0.0719376181,0.210386859,0.0154668677,0.0404133217,0.105763587,0.0600406205
3883,0.434876317,1.00591716,7.75536554,67.7732193,0.438498934,0.302515437,69.5625996,2,0.168052587,0.0774058372,0.22661473,0.0198174513,0.0428516654,0.102570557,0.0301088135
3884,0.435549595,1,8.33578775,68.0030491,0.438214147,0.302370494,69.4796757,2,0.177121684,0.0687732591,0.230293971,0.0110867189,0.0458483367,0.106565729,0.0438418225
3885,0.435664433,1.01183432,8.93228003,68.1963204,0.437515894,0.304537441,68.9143584,2,0.159317506,0.073296357,0.206417452,0.0227824066,0.0552236772,0.131145316,0.0446854361
3886,0.436985857,0.98816568,9.52847638,68.417448,0.437315424,0.301616609,67.5933545,2,0.164507443,0.0729430593,0.216582898,0.0214630306,0.0485426902,0.128210861,0.0422223909
3887,0.435719886,0.99408284,10.1031061,68.6711001,0.437467416,0.301998746,66.305644,2,0.166735939,0.0726313708,0.204924618,0.013833884,0.0500204942,0.0983165132,0.0671767
3888,0.435507643,1.01183432,10.6832125,68.9277992,0.437556852,0.29444284,66.6823791,2,0.166925196,0.0760270111,0.226424703,0.00110388337,0.0502154541,0.0920451378,0.0367220214
3889,0.436471401,1.00591716,11.2505693,69.1466409,0.437867158,0.290787646,67.5477189,2,0.160165146,0.066254466,0.225349547,0.0244282721,0.0488831197,0.12957833,0.02383036
3890,0.437296921,1.01775148,11.8131931,69.3798582,0.43852059,0.29330169,68.5484942,2,0.162185284,0.0753559387,0.20668895,0.0219378441,0.0432797482,0.134871601,0.057746131
3891,0.435682812,1.00591716,12.3890071,69.6299088,0.438951309,0.296483086,69.1571204,2,0.166092326,0.0723065937,0.214409535,0.012820489,0.0494228082,0.0916811074,0.0509359799
3892,0.434251783,1.02366864,12.9778094,69.8747454,0.438111826,0.298650345,69.0063104,2,0.171528272,0.0774866734,0.209794402,0.0164486301,0.041304146,0.100403408,0.0603845767
3893,0.434900549,1.01775148,13.5734253,70.0964298,0.437173293,0.29468547,68.7818922,2,0.18083477,0.0727701668,0.223338314,0.0193378058,0.0353058009,0.140681431,0.0411280244
3894,0.435204264,0.99408284,14.1583691,70.2905631,0.436470428,0.296354841,67.9024942,2,0.160790049,0.0673848683,0.215209661,0.0176464199,0.0267898915,0.108718979,0.0330139724
3895,0.435642257,0.976331361,14.7542485,70.5198626,0.435953772,0.294813709,66.3688834,2,0.168035133,0.0730278926,0.210025675,0.0256479794,0.0353004085,0.129893245,0.0426107978
3896,0.435531226,0.98816568,15.3078173,70.7858445,0.436834327,0.297254533,66.1707253,2,0.16852882,0.0690760525,0.215810381,0.0122319985,0.0310625744,0.083192139,0.0596858897
3897,0.436409294,1.00591716,15.8826199,71.0211199,0.43741661,0.290334168,67.0092521,2,0.170040936,0.0796715629,0.222226569,0.0159118546,0.0420212915,0.124022466,0.025836851
3898,0.437871005,1.00591716,16.4463714,71.2427665,0.438093076,0.292278089,68.4194631,2,0.160043226,0.0713273068,0.223941285,0.0209064389,0.0420214509,0.14542167,0.0260385758
3899,0.437527653,1.03550296,16.9951459,71.4839512,0.439153342,0.296116216,69.420771,2,0.163811737,0.074303388,0.207999713,0.00264736799,0.0438322172,0.11432384,0.100737929
3900,0.435198113,1.01183432,17.5762865,71.7386413,0.439344861,0.301391733,70.0311445,2,0.16779127,0.0753931569,0.225183023,0.0158072358,0.0466335034,0.0804604418,0.0276349201
3901,0.435029388,1,18.1670489,71.9694761,0.438769638,0.299610353,69.4697288,2,0.174485139,0.0656004003,0.224664946,0.0085373225,0.0396267098,0.0923493443,0.0237797017
3902,0.435226427,0.99408284,18.775884,72.1773652,0.437413082,0.296620797,68.8745162,2,0.183998188,0.0757941419,0.211814987,0.0324909601,0.0321471801,0.130122721,0.0679215258
3903,0.435665936,0.98816568,19.3698312,72.3923255,0.436850006,0.295380273,67.8307467,2,0.162380085,0.0699944675,0.215552402,0.0179131634,0.0430551911,0.121613486,0.0274405527
3904,0.434836089,1.02366864,19.958985,72.629373,0.436190707,0.297237177,66.0270998,2,0.171234141,0.0733178048,0.205507386,0.0191766309,0.0438470409,0.105634226,0.0922815121
3905,0.434801505,1.00591716,20.5271305,72.8923447,0.436114188,0.295836983,66.3047507,2,0.170192886,0.0715774991,0.224942755,0.00384324908,0.0416786765,0.0786970218,0.0353057529
3906,0.435636031,0.98816568,21.0945307,73.1135264,0.436466167,0.291491785,66.914524,2,0.173352041,0.0630716715,0.222352273,0.0228022301,0.0355194722,0.102575442,0.0237888164
3907,0.437502506,0.99408284,21.6530565,73.3460006,0.437484428,0.294163075,68.3973025,2,0.161656259,0.0745112806,0.214405398,0.0239867096,0.0446378133,0.133989769,0.0597098797
3908,0.436381925,1.01775148,22.2112802,73.5930494,0.4385187,0.297413479,69.0742723,2,0.165516396,0.0719775045,0.209491051,0.0184525532,0.0439048054,0.101654559,0.054460886
3909,0.434872004,1.01775148,22.7962274,73.8299623,0.438778145,0.300072768,69.0840774,2,0.168691054,0.0788325124,0.226540639,0.0176746052,0.0450701047,0.100150019,0.0307588201
3910,0.436203109,1.01183432,23.3736882,74.0494525,0.438791992,0.295404168,69.0532652,2,0.177713878,0.0695042381,0.228054394,0.0132087021,0.0469656146,0.122820015,0.0455004616
3911,0.436214925,1.0295858,23.9652389,74.2474914,0.438038654,0.296433379,68.4644879,2,0.160117053,0.0720684218,0.204735685,0.0120294863,0.0517705524,0.137908162,0.0653455058
3912,0.436573219,0.976331361,24.5590759,74.4779968,0.437861052,0.295637227,67.2529545,2,0.164985561,0.0735963239,0.214281614,0.0149580758,0.0495723493,0.12074516,0.0402262864
3913,0.43477424,1,25.1425414,74.737236,0.437219147,0.300782818,66.0436831,2,0.167769312,0.0715997048,0.205068678,0.0151047922,0.0469314584,0.10363705,0.0555349995
3914,0.434918001,1.01183432,25.731832,74.9902892,0.436753179,0.29462889,65.9906664,2,0.167684875,0.0769080874,0.224703422,0.0101568639,0.0475044242,0.113168981,0.0397845387
3915,0.43579917,0.982248521,26.3009496,75.2166897,0.436835869,0.290831974,67.4456598,2,0.160952337,0.0676513597,0.221910786,0.0264867355,0.042649622,0.130469944,0.0197606346
3916,0.436730688,1.02366864,26.8565416,75.4587216,0.437567508,0.293403788,68.5659418,2,0.163417526,0.0746667769,0.205718319,0.0184946325,0.0375401357,0.132980342,0.0695975072
3917,0.435149828,0.98816568,27.4282998,75.7115851,0.438222585,0.295064112,69.1063196,2,0.167368518,0.0719435649,0.21681992,0.0138570308,0.0428973115,0.07782949,0.0464832435
3918,0.43473744,1.01775148,28.0139839,75.941504,0.438156816,0.290678365,69.2267785,2,0.172093499,0.0740101718,0.201111737,0.0149656039,0.0560732951,0.0961667894,0.0384364077
3919,0.436002069,1.00591716,28.5985285,76.1539037,0.437704292,0.289319039,69.0486216,2,0.181227007,0.073155322,0.219959911,0.0208525409,0.0310834779,0.148715497,0.0381491881
3920,0.435886112,1.02366864,29.1761085,76.3606139,0.437346945,0.290048263,68.3518674,2,0.161884591,0.0687064902,0.211840815,0.0154677925,0.0292230596,0.109692178,0.0424268554
3921,0.435088565,1.01183432,29.7629176,76.5977981,0.437077289,0.29429153,67.4512453,2,0.168170587,0.0741172366,0.213321297,0.0239467274,0.0346889029,0.127162382,0.0384098664
3922,0.434558123,1.01183432,30.339791,76.8475428,0.436274365,0.302570527,66.7266772,2,0.161559234,0.0683745233,0.221774177,0.006479129,0.0298866348,0.0770655598,0.0386195017
3923,0.435231346,1.00591716,30.9263575,77.0810608,0.436030597,0.296500794,66.8309352,2,0.170724337,0.074807103,0.207478888,0.0281681923,0.0419361114,0.104129499,0.0553484294
3924,0.437569403,0.98816568,31.4876164,77.3178744,0.436714513,0.295632436,68.5164829,2,0.163869005,0.0714189355,0.22055371,0.0237990189,0.0461266134,0.139679726,0.0366495087
3925,0.43772876,1.01775148,32.0308552,77.5581299,0.438471043,0.297586203,69.0870244,2,0.16497078,0.0738294379,0.207989046,0.00549540935,0.0440161941,0.100359838,0.0983860036
3926,0.436008844,1.00591716,32.6112454,77.7991357,0.439215698,0.296402651,69.2411334,2,0.168736496,0.0756707311,0.226834577,0.0157023144,0.0458399101,0.0759036422,0.0211038236
3927,0.436527338,0.99408284,33.1849509,78.0178437,0.439784538,0.293563448,69.2660031,2,0.174764858,0.0656167634,0.229761916,0.0110160154,0.0530831399,0.111178583,0.0363004556
3928,0.436521175,1.01183432,33.7812352,78.2245244,0.438872982,0.294423492,68.8069512,2,0.159758193,0.0764188001,0.210405478,0.0276613708,0.0397315043,0.128491145,0.070084692
3929,0.43607681,0.98816568,34.3673711,78.4540935,0.438827122,0.294193332,68.2736196,2,0.16334521,0.0718042205,0.214718372,0.0110315383,0.047282384,0.115620202,0.0312663408
3930,0.43422826,1.04142012,34.9573769,78.7007499,0.437733733,0.299639126,67.2440089,2,0.171209014,0.0752277857,0.207924907,0.0169655837,0.0427911304,0.104257693,0.0821550927
3931,0.43385501,0.99408284,35.5558219,78.9478278,0.435887636,0.300930055,66.5119667,2,0.164934717,0.0721835795,0.225873135,0.00893653116,0.0452164211,0.0952952824,0.0477619421
3932,0.433992277,0.982248521,36.1421557,79.1672252,0.434991558,0.297581862,66.6139547,2,0.158862894,0.0638206369,0.2213105,0.0283249316,0.0341617131,0.107755147,0.0189538907
3933,0.437084052,1,36.7046263,79.4098561,0.435884997,0.292935346,67.732595,2,0.162654002,0.0730667243,0.208861782,0.0271613771,0.0424641989,0.130777486,0.05313335
3934,0.436805706,1,37.2614854,79.652351,0.437525407,0.29142479,67.7899317,2,0.166442985,0.0706710911,0.208154866,0.0180663797,0.0414756289,0.0972729903,0.0609350796
3935,0.436087916,1.01183432,37.8319638,79.8869307,0.438862125,0.289653255,68.4995256,2,0.169249434,0.0797733461,0.2258629,0.0150191951,0.0487236246,0.0949707547,0.037131398
3936,0.437364186,1.01183432,38.3984382,80.0995042,0.439299101,0.289474943,68.758149,2,0.178100597,0.0704095143,0.227183386,0.0138189017,0.0455758351,0.13460537,0.0371690768
3937,0.437163138,1.02366864,38.9738162,80.3048386,0.43934605,0.292387511,68.4257933,2,0.161013102,0.0734006847,0.205306533,0.00660712247,0.0490999051,0.134698113,0.0791208807
3938,0.436199982,1,39.5586175,80.5468553,0.439488803,0.296116919,68.1615341,2,0.164978398,0.0748963034,0.216361897,0.00879980231,0.0522231528,0.110754657,0.036346857
3939,0.433823653,1.01775148,40.1568941,80.8074122,0.437771189,0.302388945,67.5603655,2,0.17432647,0.0705713546,0.207481823,0.014965598,0.0417360338,0.108488823,0.0623959981
3940,0.433659665,1,40.7720806,81.0400114,0.435863676,0.300659341,66.4043791,2,0.168313759,0.0769603159,0.221698699,0.0222515485,0.0390543894,0.130756503,0.0284183851
3941,0.435027239,1.00591716,41.3496134,81.2769382,0.435473411,0.29371253,67.6812625,2,0.161712709,0.0676211249,0.218664022,0.029715416,0.0417668479,0.131131023,0.0217568629
3942,0.436976144,1.02366864,41.9072108,81.5085438,0.43662215,0.289111908,68.0673103,2,0.164195996,0.0731959715,0.20355806,0.0170143178,0.0352048757,0.122318667,0.0864083985
3943,0.436056511,0.970414201,42.4721897,81.7509474,0.437885976,0.288258155,68.3736655,2,0.167983553,0.0718518854,0.218235232,0.0125452362,0.0380253878,0.0711222272,0.0369444144
3944,0.436107743,1.01183432,43.039529,81.9769205,0.438646478,0.286441977,69.2305899,2,0.172492641,0.065197272,0.212532134,0.0113098767,0.0299560776,0.101241856,0.0525024974
3945,0.437006883,1.01775148,43.6148106,82.1844438,0.438600272,0.29110539,69.3293991,2,0.181481415,0.074834588,0.220544021,0.0189482846,0.0326320369,0.147600954,0.0432594593
3946,0.43604513,1.01183432,44.1896369,82.3986863,0.438783903,0.292684158,68.9495906,2,0.162479474,0.0708435199,0.212646865,0.0162856109,0.0334916752,0.109403322,0.0442968967
3947,0.43470506,1.01183432,44.7778244,82.6405241,0.438287304,0.297681718,68.6574018,2,0.168403506,0.0756419759,0.215502738,0.0231564971,0.0344608374,0.124642288,0.0364648681
3948,0.433656647,0.98816568,45.373675,82.8846383,0.436512276,0.304455686,67.7584505,2,0.177713671,0.0687099107,0.224423822,0.00398584705,0.0343510145,0.0788113963,0.0307835837
3949,0.433637277,0.98816568,45.9813491,83.1067245,0.434933952,0.30128604,67.3318987,2,0.15791757,0.0684244146,0.204043013,0.0162948765,0.0581234102,0.130506041,0.0428786134
3950,0.436828779,0.98816568,46.551888,83.3418702,0.435326375,0.29290539,68.241409,2,0.16487325,0.0705644875,0.215807473,0.0281510047,0.0455064858,0.137981724,0.0474564326
3951,0.437803415,1.00591716,47.0977768,83.5711747,0.437190876,0.291348849,68.2857713,2,0.165174605,0.0715597548,0.205492428,0.011352598,0.0423577469,0.100525116,0.0814684592
3952,0.436389733,1.00591716,47.6642604,83.8107583,0.438678142,0.290640788,68.8622693,2,0.168918098,0.0757137018,0.226504495,0.0164351654,0.0463213403,0.0795252822,0.0228828765
3953,0.437206565,1.00591716,48.2270798,84.0260994,0.439580959,0.290856032,69.1328819,2,0.175423122,0.0665126349,0.230659659,0.00868201334,0.0529864406,0.11181682,0.0374442907
3954,0.437152936,1.01183432,48.808055,84.225095,0.439587877,0.297365601,68.9283892,2,0.15976711,0.0772686629,0.211641885,0.024218706,0.0437975207,0.123974906,0.0668405749
3955,0.436445653,0.98816568,49.3919096,84.455433,0.439718396,0.300569592,68.6974563,2,0.163366141,0.0732313168,0.218218154,0.00922441079,0.0505094579,0.116965201,0.0318321557
3956,0.434148574,1.02366864,49.9825332,84.7041346,0.438616351,0.30628287,67.7124075,2,0.171602081,0.0759049595,0.209075858,0.0142874735,0.0478395162,0.0986724263,0.0846697203
3957,0.433498142,0.99408284,50.594927,84.9495019,0.43638596,0.304650152,66.7607005,2,0.165545734,0.0737125775,0.226971051,0.00975836727,0.0468314213,0.0993052221,0.0477308093
3958,0.434328452,0.98816568,51.1883592,85.1707627,0.435384103,0.297070527,67.0540818,2,0.159193113,0.0639905382,0.221687792,0.0324996057,0.0391899275,0.118413167,0.0213478142
3959,0.437026777,1,51.7618288,85.411137,0.435954854,0.287899223,67.7902118,2,0.162674016,0.0726890577,0.204496969,0.0289967736,0.0377966308,0.132456202,0.0551224509
3960,0.43713257,1.01183432,52.3233527,85.6525692,0.437362766,0.287756182,67.9420205,2,0.166446394,0.0705143341,0.208750212,0.0143468484,0.0407415106,0.0924567926,0.0613066383
3961,0.435841531,1.0295858,52.8934833,85.8874114,0.438641065,0.286290732,68.7588195,2,0.170210677,0.0801503985,0.221725703,0.0156142625,0.0366163057,0.108548529,0.0318061685
3962,0.43721411,1.00591716,53.4604834,86.097739,0.439217003,0.289361989,68.9280797,2,0.179070054,0.0720874544,0.225833847,0.0135577983,0.042059666,0.134843177,0.0421381978
3963,0.436832628,1.02366864,54.0337829,86.2958762,0.439378801,0.293405045,68.8132862,2,0.160873066,0.0722524282,0.20769506,0.00502974907,0.042788018,0.125259436,0.0781895023
3964,0.435974161,1.01183432,54.6247939,86.5317362,0.439249732,0.297642893,68.4213815,2,0.166012404,0.0754967397,0.214731961,0.015764171,0.0490358621,0.117251453,0.0348458449
3965,0.433813765,1.02366864,55.2215426,86.7905212,0.437580557,0.303650271,67.7189561,2,0.175336603,0.0700157482,0.210569794,0.0138329492,0.0367796581,0.099370122,0.0680298535
3966,0.433939041,1.01775148,55.8313309,87.021028,0.436261616,0.2966931,66.5725622,2,0.169239546,0.0784806169,0.221088848,0.0181889508,0.0446091078,0.126485419,0.0280709035
3967,0.435809507,1,56.4056572,87.2574106,0.436139724,0.288069627,68.3371444,2,0.162588394,0.0682866265,0.218064237,0.0263579436,0.0413960916,0.141015081,0.0232747137
3968,0.436938149,1.02366864,56.961929,87.4911693,0.436822137,0.286947777,68.9121176,2,0.16392452,0.0727228846,0.202489948,0.00967432914,0.0390474814,0.116733184,0.0975208163
3969,0.435544494,0.98816568,57.5332806,87.7305937,0.4377042,0.288329381,69.0357974,2,0.167665526,0.0729371714,0.219574152,0.0139206672,0.0412504457,0.075071721,0.0312723849
3970,0.435891563,1.01183432,58.1001258,87.9573514,0.438407834,0.287569564,69.6142683,2,0.173439466,0.0652047421,0.21664705,0.0115638853,0.0301578911,0.0905493771,0.0423739783
3971,0.436185191,1,58.6816821,88.1590419,0.438245955,0.293344331,69.2385429,2,0.182526283,0.0760836287,0.219681926,0.020758785,0.0293056172,0.142101161,0.0476517903
3972,0.43567912,1.01183432,59.2640423,88.367644,0.438001366,0.296056987,68.7057195,2,0.161994437,0.0703399576,0.216979788,0.0165579011,0.0363159793,0.112969045,0.0251010157
3973,0.434303129,1.01183432,59.8571312,88.6031119,0.437406357,0.300616309,67.6296248,2,0.169642675,0.0749173659,0.211076277,0.0231199935,0.0341103153,0.125752318,0.0627400915
3974,0.433721222,0.98816568,60.4442195,88.8542292,0.436126873,0.303413026,66.8671377,2,0.16319093,0.0698712712,0.224167038,0.00445035754,0.0361504214,0.0744257685,0.031519948
3975,0.434960581,1,61.0311925,89.0794865,0.435805544,0.29349342,67.1512782,2,0.157491976,0.0625533272,0.213793252,0.0119702,0.0351312153,0.108743187,0.0471377762
3976,0.437071146,1,61.6018637,89.3119946,0.436164127,0.288781331,68.7261555,2,0.165654121,0.071619869,0.214949111,0.0268253122,0.0414840214,0.14090239,0.0556322761
3977,0.437466583,1,62.1552018,89.542818,0.437483288,0.290391623,69.0394608,2,0.164731532,0.0710995278,0.207088804,0.0146083408,0.0389717566,0.105109949,0.0643937398
3978,0.435502982,1.01183432,62.7287854,89.7802035,0.438454008,0.294508616,69.2360284,2,0.16844068,0.0766381373,0.225808008,0.0186227309,0.0435904017,0.0941682133,0.0288569277
3979,0.436645288,1,63.2953176,90.0016944,0.438935474,0.295873306,69.3551763,2,0.176489338,0.0681063921,0.229931477,0.0068683146,0.0471661309,0.103990736,0.0400315637
3980,0.436480719,1.01775148,63.8820843,90.1929108,0.43881998,0.301681091,68.9305758,2,0.159264231,0.0760887138,0.208810794,0.0245686161,0.0507973417,0.120047956,0.052508157
3981,0.43696575,0.99408284,64.4732376,90.4135411,0.438685269,0.303096103,68.1518538,2,0.163644337,0.0734878747,0.219222174,0.0149623521,0.0497926049,0.126747088,0.0362247145
3982,0.434904864,1.01183432,65.058752,90.666826,0.437963216,0.306438483,66.9059563,2,0.172793,0.0738955297,0.206550772,0.0124513124,0.0523047397,0.0953077204,0.0800241341
3983,0.434726226,1.00591716,65.6545764,90.9165372,0.43721634,0.298210036,66.4667473,2,0.166477757,0.0754042068,0.226410181,0.00299316516,0.0493075126,0.0901680827,0.0370297458
3984,0.436010075,1,66.2278501,91.1395676,0.437379324,0.29008083,67.3719645,2,0.159810158,0.0649869016,0.224013061,0.0272261203,0.0476739142,0.128531283,0.0259879777
3985,0.437141519,1.01775148,66.7978882,91.3768825,0.437755351,0.288960072,68.4502503,2,0.162138788,0.0743000496,0.205061956,0.0246317128,0.0411577708,0.134142563,0.0578437454
3986,0.436271982,0.98816568,67.3750724,91.6201245,0.438237025,0.290317364,68.8701923,2,0.165939445,0.0715555857,0.211641657,0.0119142776,0.0468215157,0.093284099,0.0521478607
3987,0.434633752,1.03550296,67.9547487,91.8636981,0.438085015,0.293279643,69.063244,2,0.171167949,0.0780928299,0.212568041,0.0156626949,0.0328534019,0.108130285,0.0524878716
3988,0.435545323,1.01183432,68.5400129,92.0822038,0.437701147,0.29292287,69.0088885,2,0.180312702,0.0727007747,0.224540286,0.016248682,0.0379111797,0.134482638,0.0457020626
3989,0.435473623,1.01183432,69.1214349,92.2744884,0.437182204,0.297331238,68.550962,2,0.160538881,0.068375539,0.214441794,0.0143589198,0.0285665189,0.109971419,0.042470295
3990,0.435745897,0.970414201,69.7174692,92.5001393,0.436778248,0.297727366,67.2378668,2,0.167460457,0.0738801454,0.211298927,0.0244961663,0.0400778,0.12781671,0.0403184903
3991,0.435092941,0.99408284,70.2833821,92.7613564,0.437004502,0.300224082,66.4875508,2,0.168146193,0.069571925,0.213433062,0.0139326895,0.0353512516,0.0896112482,0.0659398072
3992,0.435906807,1.01775148,70.8644111,92.9964268,0.437402812,0.290978706,67.0329489,2,0.169756423,0.0799686627,0.225103178,0.00957985312,0.0512691402,0.114047366,0.0351811887
3993,0.437401116,1.00591716,71.4325028,93.2180087,0.437748241,0.289631457,68.4718471,2,0.163007857,0.0701374023,0.223296063,0.0212032698,0.0409576993,0.146323127,0.0233475776
3994,0.437577434,1.0295858,71.9856164,93.4541045,0.438526807,0.292784835,69.422508,2,0.163345383,0.0737332992,0.206395294,0.00437501493,0.0429645812,0.120105241,0.0981749108
3995,0.435299146,0.99408284,72.5661861,93.7031847,0.438893139,0.298044989,69.8182898,2,0.167237261,0.0746000109,0.222698884,0.0153494424,0.0468427997,0.0845707195,0.030886602
3996,0.434974948,1.01775148,73.1499346,93.9398423,0.438430217,0.299467021,69.4379042,2,0.174217729,0.0662797603,0.220010042,0.00836329661,0.0295821676,0.0901520708,0.0386609196
3997,0.435038391,1,73.7540818,94.1477137,0.437285491,0.299477558,68.7877973,2,0.183657528,0.0762882009,0.216601661,0.0298166464,0.0276629127,0.135065049,0.0569398733
3998,0.435472487,0.98816568,74.3482079,94.3549863,0.436647576,0.299023706,67.7828953,2,0.161796661,0.0695777176,0.218277564,0.0202940259,0.0404736165,0.123050709,0.0236854002
3999,0.43496643,1.01183432,74.9368506,94.5938267,0.436048902,0.298338514,66.1188179,2,0.17088829,0.0729821395,0.206374692,0.0199840562,0.0418552951,0.112304892,0.090050581
4000,0.435106955,1,75.4979373,94.8548081,0.436496772,0.296338519,66.4744617,2,0.169606377,0.0710159465,0.224106483,0.00534618729,0.0382044754,0.0725554461,0.0299224653
