step,time,mass,peak,area,gyradius,cx_cells,cy_cells,alive,growth,x_cells,y_cells,speed
0,0,0.559902541,1,1.23076923,0.550166772,60.7764319,63.8756455,1,nan,60.7764319,63.8756455,nan
10,1,0.519860017,1,1.14792899,0.517481323,60.9477646,57.4646947,1,0.534016752,60.9477646,57.4646947,0.493326142
20,2,0.522501638,1,1.18934911,0.516002053,66.7430373,58.555876,1,0.598645881,66.7430373,58.555876,0.453623561
30,3,0.534218261,1,1.15976331,0.516599629,65.0762441,64.090337,1,0.667647472,65.0762441,64.090337,0.44461577
40,4,0.539346364,1,1.17159763,0.514728909,59.9417971,61.8280048,1,0.583966784,59.9417971,61.8280048,0.431597371
50,5,0.530673972,1,1.25443787,0.514652505,62.4760127,56.8713603,1,0.516112766,62.4760127,56.8713603,0.428224447
60,6,0.521795404,1,1.20710059,0.518360776,67.2770117,59.8472323,1,0.513988995,67.2770117,59.8472323,0.434499
70,7,0.506798493,1,1.15976331,0.509851996,63.8529003,64.8568088,1,0.513975711,63.8529003,64.8568088,0.466767787
80,8,0.505416891,1,1.0887574,0.50637635,59.2015293,60.9693535,1,0.503343368,59.2015293,60.9693535,0.46630589
90,9,0.507809747,1,1.13609467,0.512778063,63.3743023,56.7440122,1,0.527835289,63.3743023,56.7440122,0.456806146
100,10,0.524976925,1,1.13017751,0.517461924,66.9188672,61.3294576,1,0.641817235,66.9188672,61.3294576,0.445823816
110,11,0.540354735,1,1.20118343,0.518311419,62.0940568,64.1572269,1,0.646113158,62.0940568,64.1572269,0.430185558
120,12,0.530834669,1,1.20118343,0.514515049,59.8600802,58.9717929,1,0.523246651,59.8600802,58.9717929,0.434321734
130,13,0.522648178,1,1.21301775,0.51540811,65.214189,57.0796746,1,0.510275078,65.214189,57.0796746,0.436816031
140,14,0.522475955,1,1.18343195,0.519176646,67.0354983,62.4648283,1,0.514198669,67.0354983,62.4648283,0.437292967
150,15,0.517799811,1,1.13017751,0.519647991,61.4855232,64.0364907,1,0.498666691,61.4855232,64.0364907,0.443709124
160,16,0.518777667,1,1.14792899,0.519069615,60.2236964,58.2888405,1,0.526726733,60.2236964,58.2888405,0.45265613
170,17,0.517406701,1,1.17751479,0.514820573,66.1650625,57.5363362,1,0.582246907,66.1650625,57.5363362,0.460679291
180,18,0.520587415,1,1.13609467,0.515940461,66.1774286,63.2634181,1,0.623472347,66.1774286,63.2634181,0.44054579
190,19,0.535776968,1,1.17159763,0.512520723,60.5568733,62.7435425,1,0.659238416,60.5568733,62.7435425,0.434195934
200,20,0.52709404,1,1.19526627,0.518047154,61.985813,57.279473,1,0.510614445,61.985813,57.279473,0.43444806
210,21,0.521954689,1,1.20118343,0.51561934,67.4264569,58.7663199,1,0.512957463,67.4264569,58.7663199,0.433857881
220,22,0.516188947,1,1.14792899,0.516248691,65.7291741,64.3637122,1,0.491575855,65.7291741,64.3637122,0.449928134
230,23,0.517501907,1,1.10650888,0.51538935,60.3096235,62.4440455,1,0.492674054,60.3096235,62.4440455,0.442268556
240,24,0.513454476,1,1.13017751,0.521080879,62.6322868,57.0730817,1,0.508032231,62.6322868,57.0730817,0.450128302
250,25,0.526003992,1,1.18343195,0.523271438,67.7309068,59.8740712,1,0.606827581,67.7309068,59.8740712,0.447487842
260,26,0.537860303,1,1.15976331,0.517131289,64.1090116,64.5109691,1,0.658064838,64.1090116,64.5109691,0.452598979
270,27,0.532515387,1,1.25443787,0.516911993,60.1465679,60.3052194,1,0.526909184,60.1465679,60.3052194,0.444488207
280,28,0.520969236,1,1.21301775,0.509811825,64.5154666,56.54187,1,0.510229622,64.5154666,56.54187,0.443560602
290,29,0.521809521,1,1.19526627,0.513230108,67.9421549,61.0572609,1,0.511634736,67.9421549,61.0572609,0.436032048
300,30,0.512815562,1,1.13609467,0.51342179,63.087254,64.5136225,1,0.490349884,63.087254,64.5136225,0.458428611
310,31,0.51717422,1,1.1183432,0.518265388,60.0150689,59.7725297,1,0.490831518,60.0150689,59.7725297,0.434573057
320,32,0.508588554,1,1.14792899,0.517062395,65.2035987,56.9730434,1,0.520133677,65.2035987,56.9730434,0.453506815
330,33,0.533484019,1,1.20118343,0.521848296,67.2553048,62.3226388,1,0.635113108,67.2553048,62.3226388,0.440734118
340,34,0.537004322,1,1.14792899,0.514664317,61.5333696,63.6788352,1,0.65858474,61.5333696,63.6788352,0.452343085
350,35,0.531366899,1,1.23668639,0.516027817,61.1297006,57.9254067,1,0.510379861,61.1297006,57.9254067,0.443659398
360,36,0.528949788,1,1.23668639,0.511532012,66.7008662,57.6014419,1,0.517513661,66.7008662,57.6014419,0.429275148
370,37,0.523452735,1,1.18934911,0.520874293,66.6989416,63.2044543,1,0.506132039,66.6989416,63.2044543,0.43100098
380,38,0.51492397,1,1.14201183,0.514420445,60.8382953,63.0630646,1,0.499630577,60.8382953,63.0630646,0.450950121
390,39,0.516587554,1,1.13017751,0.52075573,61.4203861,57.3075565,1,0.510651924,61.4203861,57.3075565,0.444989879
400,40,0.518193902,1,1.14792899,0.516371818,67.2843612,58.4964026,1,0.574376224,67.2843612,58.4964026,0.460251788
410,41,0.530303536,1,1.16568047,0.516390276,65.1580254,64.0137114,1,0.66115619,65.1580254,64.0137114,0.454835947
420,42,0.539333243,1,1.19526627,0.51387325,60.0875597,61.3136254,1,0.608927457,60.0875597,61.3136254,0.441890011
430,43,0.535327896,1,1.24260355,0.517986816,63.1089053,56.6038012,1,0.530237823,63.1089053,56.6038012,0.430432377
440,44,0.530670165,1,1.21301775,0.517232964,67.6922521,59.6544519,1,0.521018826,67.6922521,59.6544519,0.423521006
450,45,0.521503173,1,1.19526627,0.51843464,64.1094179,64.1994843,1,0.498180298,64.1094179,64.1994843,0.445184757
460,46,0.513388295,1,1.16568047,0.516217753,59.6119815,60.5185938,1,0.491976783,59.6119815,60.5185938,0.447054054
470,47,0.513658778,1,1.11242604,0.517950071,63.5471578,56.2295463,1,0.51146,63.5471578,56.2295463,0.447752715
480,48,0.511970895,1,1.17159763,0.515358862,67.5326087,60.5697252,1,0.545281245,67.5326087,60.5697252,0.453265417
490,49,0.534016569,1,1.12426036,0.518628871,62.4613311,63.6299142,1,0.661058628,62.4613311,63.6299142,0.455619832
500,50,0.536447012,1,1.18343195,0.512587039,60.0380272,58.4778911,1,0.636540561,60.0380272,58.4778911,0.437960201
510,51,0.530178282,1,1.22485207,0.519787534,65.3815231,56.6931917,1,0.51135752,65.3815231,56.6931917,0.433358299
520,52,0.515959384,1,1.20118343,0.510352738,66.9444842,62.3086481,1,0.508889332,66.9444842,62.3086481,0.448377731
530,53,0.514835289,1,1.14201183,0.515336491,61.2101491,63.6139894,1,0.499208198,61.2101491,63.6139894,0.452386929
540,54,0.514465334,1,1.11242604,0.514840264,59.9470102,58.023078,1,0.468701717,59.9470102,58.023078,0.44090956
550,55,0.519702732,1,1.14201183,0.522178501,65.5980164,57.3087014,1,0.524475813,65.5980164,57.3087014,0.438152423
560,56,0.509147888,1,1.14792899,0.514790668,65.8328673,63.2755307,1,0.578926091,65.8328673,63.2755307,0.45934225
570,57,0.536720127,1,1.17751479,0.517014464,60.1769187,62.5832597,1,0.658611392,60.1769187,62.5832597,0.438319768
580,58,0.539906713,1,1.23076923,0.521843301,61.6610322,57.1704545,1,0.55669692,61.6610322,57.1704545,0.431736908
590,59,0.535876809,1,1.21893491,0.514185924,66.9915322,58.6889626,1,0.524366965,66.9915322,58.6889626,0.426351645
600,60,0.52189888,1,1.19526627,0.516314985,64.9891342,63.9952425,1,0.514172768,64.9891342,63.9952425,0.436271213
610,61,0.514402133,1,1.16568047,0.517330267,59.61587,61.6927099,1,0.504922626,59.61587,61.6927099,0.449678546
620,62,0.514672641,1,1.15384615,0.514163756,62.4898097,56.4449232,1,0.537403246,62.4898097,56.4449232,0.460246874
630,63,0.504377793,1,1.14792899,0.506046532,67.600686,59.6931521,1,0.53002715,67.600686,59.6931521,0.465826535
640,64,0.493052138,1,1.10059172,0.509145382,64.2914792,64.2618679,1,0.499852281,64.2914792,64.2618679,0.433944437
650,65,0.528469799,1,1.13017751,0.521396419,60.3015373,60.5910207,1,0.649723887,60.3015373,60.5910207,0.41705331
660,66,0.533454857,1,1.17159763,0.510072671,64.4444652,56.8344479,1,0.642197122,64.4444652,56.8344479,0.430189794
670,67,0.526995438,1,1.17159763,0.516688558,67.4406974,61.449243,1,0.499305685,67.4406974,61.449243,0.423242916
680,68,0.520450333,1,1.19526627,0.518784049,62.4969152,64.3675069,1,0.517374098,62.4969152,64.3675069,0.441603091
690,69,0.510657449,1,1.13609467,0.512040501,59.5762949,59.2056088,1,0.495234341,59.5762949,59.2056088,0.45622075
700,70,0.508510059,1,1.06508876,0.512841812,64.7439366,56.5137914,1,0.471356881,64.7439366,56.5137914,0.448207491
710,71,0.514908856,1,1.13609467,0.522096157,67.0134959,61.7397869,1,0.52405908,67.0134959,61.7397869,0.438272082
720,72,0.533424925,1,1.17751479,0.521267497,61.2429999,63.1064058,1,0.660519384,61.2429999,63.1064058,0.456162743
730,73,0.530746043,1,1.20118343,0.50856031,60.7567641,57.2771732,1,0.609243354,60.7567641,57.2771732,0.449959748
740,74,0.526968257,1,1.21301775,0.514521595,66.4918318,57.5097409,1,0.517946435,66.4918318,57.5097409,0.441521636
750,75,0.529590602,1,1.24260355,0.511596378,66.3654255,62.9933207,1,0.51534816,66.3654255,62.9933207,0.421925883
760,76,0.524508189,1,1.15976331,0.521180189,60.8537882,62.5250263,1,0.505225921,60.8537882,62.5250263,0.425499679
770,77,0.519235904,1,1.13609467,0.522138318,61.4429555,56.7628315,1,0.503119456,61.4429555,56.7628315,0.44555668
780,78,0.514593428,1,1.11242604,0.516029604,67.3587161,57.9334803,1,0.537008975,67.3587161,57.9334803,0.463882777
790,79,0.512901715,1,1.18343195,0.509092031,65.5495541,63.734019,1,0.581331846,65.5495541,63.734019,0.467394365
800,80,0.513743468,1,1.19526627,0.509004626,60.0786234,61.6461711,1,0.598703405,60.0786234,61.6461711,0.450444823
810,81,0.532197726,1,1.16568047,0.512866647,62.7260017,56.6627148,1,0.665851262,62.7260017,56.6627148,0.434076916
820,82,0.538255202,1,1.26627219,0.514894306,67.2240717,59.824215,1,0.553068351,67.2240717,59.824215,0.422921074
830,83,0.532296491,1,1.22485207,0.516836724,63.9754484,64.1093002,1,0.518812682,63.9754484,64.1093002,0.413639555
840,84,0.514498654,1,1.18343195,0.514839263,59.6378302,60.1700342,1,0.504248493,59.6378302,60.1700342,0.45072426
850,85,0.508625721,1,1.0887574,0.506173311,63.8906378,55.8814185,1,0.514328961,63.8906378,55.8814185,0.464596261
860,86,0.508291963,1,1.10650888,0.511208518,67.9691641,60.3134044,1,0.482764419,67.9691641,60.3134044,0.463309907
870,87,0.50131895,1,1.1183432,0.513621346,63.8063016,64.2342075,1,0.464762768,63.8063016,64.2342075,0.439890522
880,88,0.514150964,1,1.15384615,0.520887898,60.4461252,59.9100052,1,0.554544658,60.4461252,59.9100052,0.421251383
890,89,0.51264612,1,1.13609467,0.514461575,65.0026327,56.7993753,1,0.610992668,65.0026327,56.7993753,0.424388028
900,90,0.539126995,1,1.20710059,0.517159461,67.2298377,62.0482174,1,0.562694292,67.2298377,62.0482174,0.43860177
910,91,0.521642341,1,1.20710059,0.513357512,61.7137487,63.6624285,1,0.512171979,61.7137487,63.6624285,0.442109762
920,92,0.519131991,1,1.17159763,0.514773824,60.3183636,58.0629253,1,0.513066151,60.3183636,58.0629253,0.443903715
930,93,0.512940327,1,1.10650888,0.514265054,66.1128566,56.8009134,1,0.487593833,66.1128566,56.8009134,0.45617929
940,94,0.51410022,1,1.13609467,0.517049907,67.1632331,62.4602507,1,0.498131931,67.1632331,62.4602507,0.442768248
950,95,0.511672023,1,1.14201183,0.519003665,61.3063864,63.050132,1,0.542887779,61.3063864,63.050132,0.452805931
960,96,0.521817908,1,1.13609467,0.5184254,61.4483559,57.3067044,1,0.622474284,61.4483559,57.3067044,0.441937076
970,97,0.544739526,1,1.18934911,0.519804779,67.0733081,58.2486204,1,0.610502121,67.0733081,58.2486204,0.438713102
980,98,0.527588499,1,1.21301775,0.513233448,65.4834735,63.8446091,1,0.519193544,65.4834735,63.8446091,0.44749575
990,99,0.528497048,1,1.22485207,0.511202793,60.2077098,62.2057339,1,0.524181965,60.2077098,62.2057339,0.424958017
1000,100,0.519688426,1,1.19526627,0.520141395,62.2380951,56.8007893,1,0.500674014,62.2380951,56.8007893,0.444132627
1010,101,0.513069729,1,1.1183432,0.514223242,67.5749206,58.795194,1,0.485531144,67.5749206,58.795194,0.438254721
1020,102,0.512856624,1,1.12426036,0.516503968,64.9826877,63.9483065,1,0.506638889,64.9826877,63.9483065,0.443721751
1030,103,0.523474668,1,1.16568047,0.521845377,60.0609551,60.8312068,1,0.590790331,60.0609551,60.8312068,0.448137253
1040,104,0.539412798,1,1.17159763,0.521104941,63.7685765,56.3205768,1,0.665570759,63.7685765,56.3205768,0.449142768
1050,105,0.537227464,1,1.21301775,0.510995791,67.7411416,60.5643093,1,0.586789,67.7411416,60.5643093,0.447151001
1060,106,0.525022713,1,1.23668639,0.512164,63.08768,64.0142581,1,0.516458731,63.08768,64.0142581,0.445602122
1070,107,0.515456732,1,1.19526627,0.508029737,59.6646546,59.3250943,1,0.504362082,59.6646546,59.3250943,0.446587061
1080,108,0.524365518,1,1.18343195,0.517061475,64.0094523,56.2047713,1,0.510788565,64.0094523,56.2047713,0.411475064
1090,109,0.519103846,1,1.13609467,0.520063218,67.1059287,61.0259828,1,0.487178877,67.1059287,61.0259828,0.440764841
1100,110,0.517752453,1,1.15384615,0.516828336,61.8747319,63.8068716,1,0.53041439,61.8747319,63.8068716,0.455724677
1110,111,0.527549479,1,1.20118343,0.519945527,59.682864,58.2797896,1,0.600953153,59.682864,58.2797896,0.457371703
1120,112,0.529109,1,1.14792899,0.515519744,65.2635192,56.6651247,1,0.6450468,65.2635192,56.6651247,0.446888351
1130,113,0.538708144,1,1.19526627,0.51352324,66.2032098,62.3233203,1,0.630430823,66.2032098,62.3233203,0.441207298
1140,114,0.535229544,1,1.21301775,0.517777334,60.6330488,62.7862981,1,0.528252812,60.6330488,62.7862981,0.429951434
1150,115,0.527697461,1,1.19526627,0.518227261,60.4063181,57.208368,1,0.522827842,60.4063181,57.208368,0.429425873
1160,116,0.522598146,1,1.17751479,0.520150041,66.1616115,57.2418598,1,0.496785624,66.1616115,57.2418598,0.44272238
1170,117,0.513455147,1,1.10059172,0.514216288,66.007301,63.2227518,1,0.505152036,66.007301,63.2227518,0.460221718
1180,118,0.514040784,1,1.13609467,0.517143214,60.1229979,62.5054808,1,0.527643839,60.1229979,62.5054808,0.455989081
1190,119,0.519770275,1,1.14201183,0.515830384,61.52603,56.6938291,1,0.600426994,61.52603,56.6938291,0.459893187
1200,120,0.531459928,1,1.18934911,0.51494476,67.0299623,58.9087091,1,0.66549336,67.0299623,58.9087091,0.456374727
1210,121,0.534842656,1,1.18934911,0.512637178,64.2801026,63.9097875,1,0.576113737,64.2801026,63.9097875,0.439017962
1220,122,0.528542278,1,1.24852071,0.518697915,59.6308222,60.7182947,1,0.511447565,59.6308222,60.7182947,0.433790464
1230,123,0.520709366,1,1.19526627,0.512429939,62.8610624,56.0474887,1,0.512107288,62.8610624,56.0474887,0.436845064
1240,124,0.513638787,1,1.16568047,0.516005342,67.3760384,59.8034307,1,0.495372258,67.3760384,59.8034307,0.451769099
1250,125,0.511367559,1,1.0887574,0.512914372,63.6400608,64.1903969,1,0.486933999,63.6400608,64.1903969,0.443246498
1260,126,0.510046234,1,1.14201183,0.518789808,59.4485037,60.1568636,1,0.499683429,59.4485037,60.1568636,0.447468502
1270,127,0.515455371,1,1.17751479,0.517264145,63.9231844,56.4894416,1,0.58462374,63.9231844,56.4894416,0.44504339
1280,128,0.538902787,1,1.15976331,0.515628078,66.6509592,61.6346496,1,0.637045087,66.6509592,61.6346496,0.447966618
1290,129,0.528979697,1,1.21301775,0.513979115,61.2625421,63.6895487,1,0.521166673,61.2625421,63.6895487,0.443611112
1300,130,0.525099647,1,1.21301775,0.516543895,59.4815088,58.2828055,1,0.508172892,59.4815088,58.2828055,0.437887281
1310,131,0.515595704,1,1.15976331,0.512105036,65.0783403,56.5515977,1,0.500040566,65.0783403,56.5515977,0.450651102
1320,132,0.512028907,1,1.12426036,0.512397814,66.7054948,62.1806919,1,0.489860773,66.7054948,62.1806919,0.450734661
1330,133,0.511024494,1,1.11242604,0.516072557,61.2509972,63.678549,1,0.464525884,61.2509972,63.678549,0.435109447
1340,134,0.525921563,1,1.20710059,0.527193866,60.296186,58.1478726,1,0.565951004,60.296186,58.1478726,0.431730011
1350,135,0.529973169,1,1.15384615,0.516803305,66.2052333,57.9466566,1,0.650424279,66.2052333,57.9466566,0.454805559
1360,136,0.537855379,1,1.21301775,0.514993679,65.4306611,63.7848174,1,0.618602512,65.4306611,63.7848174,0.453024579
1370,137,0.524329448,1,1.21301775,0.507470574,59.8006926,62.3167973,1,0.514855703,59.8006926,62.3167973,0.447555017
1380,138,0.519433079,1,1.15384615,0.511089138,61.6825677,56.9940697,1,0.514826083,61.6825677,56.9940697,0.434277494
1390,139,0.517205398,1,1.16568047,0.517860004,67.0039438,59.1357198,1,0.500904929,67.0039438,59.1357198,0.441244268
1400,140,0.508746108,1,1.09467456,0.513241867,64.6605547,64.6260909,1,0.489042943,64.6605547,64.6260909,0.459196933
1410,141,0.51098887,1,1.1183432,0.515070538,59.4608121,61.9871849,1,0.500124109,59.4608121,61.9871849,0.448542341
1420,142,0.515545599,1,1.17751479,0.515723741,62.7371775,57.1262368,1,0.574960794,62.7371775,57.1262368,0.450925327
1430,143,0.537281562,1,1.14201183,0.523279892,66.980118,61.0471954,1,0.66631291,66.980118,61.0471954,0.444402799
1440,144,0.538085755,1,1.25443787,0.518848265,62.6794086,64.7546395,1,0.533204343,62.6794086,64.7546395,0.436779794
1450,145,0.526352294,1,1.20710059,0.510367511,59.2729727,60.1256945,1,0.517817605,59.2729727,60.1256945,0.442096518
1460,146,0.518609194,1,1.19526627,0.519694373,64.1715866,57.0490708,1,0.511332409,64.1715866,57.0490708,0.444972122
1470,147,0.514750728,1,1.17751479,0.516251273,67.3531776,61.931371,1,0.483382063,67.3531776,61.931371,0.448266723
1480,148,0.518264884,1,1.14201183,0.520830409,62.7005192,64.7180168,1,0.480515866,62.7005192,64.7180168,0.417180065
1490,149,0.509099796,1,1.1183432,0.518909663,60.0434118,59.5457036,1,0.499805354,60.0434118,59.5457036,0.447299884
1500,150,0.523116931,1,1.16568047,0.521086152,65.4087955,57.6066774,1,0.603383489,65.4087955,57.6066774,0.4388471
1510,151,0.534557938,1,1.15384615,0.513662349,66.5788253,63.4184114,1,0.660070407,66.5788253,63.4184114,0.456026192
1520,152,0.530550112,1,1.22485207,0.516359973,60.8506467,63.55506,1,0.526295855,60.8506467,63.55506,0.440754486
1530,153,0.524133631,1,1.22485207,0.512482986,60.9204086,57.8735378,1,0.509941868,60.9204086,57.8735378,0.437073117
1540,154,0.518831451,1,1.16568047,0.515028975,66.6051577,58.0738996,1,0.495418434,66.6051577,58.0738996,0.437559914
1550,155,0.520938667,1,1.17159763,0.517155392,66.3514557,63.588309,1,0.481198869,66.3514557,63.588309,0.424634024
1560,156,0.51229004,1,1.10650888,0.517015605,60.5860725,62.7221802,1,0.508540734,60.5860725,62.7221802,0.448467626
1570,157,0.515093156,1,1.18934911,0.518158337,61.9506671,57.0363319,1,0.559932477,61.9506671,57.0363319,0.449792777
1580,158,0.539676394,1,1.18934911,0.520559112,67.3956181,59.4237319,1,0.661208192,67.3956181,59.4237319,0.457334513
1590,159,0.536460367,1,1.22485207,0.515960651,64.3323774,64.4100746,1,0.603271399,64.3323774,64.4100746,0.450161425
1600,160,0.527313273,1,1.23076923,0.512801349,59.8104858,60.8774027,1,0.520943572,59.8104858,60.8774027,0.441402243
1610,161,0.526098531,1,1.22485207,0.518771638,63.3331751,56.55685,1,0.507591765,63.3331751,56.55685,0.428817804
1620,162,0.514516237,1,1.13609467,0.510519477,67.7802403,60.1746682,1,0.497346872,67.7802403,60.1746682,0.440984626
1630,163,0.521472069,1,1.18343195,0.524339225,64.0040058,64.0863122,1,0.479190323,64.0040058,64.0863122,0.418230323
1640,164,0.52243898,1,1.17159763,0.519201698,60.1470275,59.5582576,1,0.574151513,60.1470275,59.5582576,0.457543998
1650,165,0.526808319,1,1.16568047,0.512823856,65.2699827,56.3154783,1,0.646520031,65.2699827,56.3154783,0.466386637
1660,166,0.529364779,1,1.17751479,0.511925528,67.8785414,61.594004,1,0.668581862,67.8785414,61.594004,0.452915685
1670,167,0.5384233,1,1.22485207,0.514435259,62.5938507,63.5849547,1,0.577063524,62.5938507,63.5849547,0.434406627
1680,168,0.532921524,1,1.23076923,0.514658596,60.9830653,58.3035937,1,0.525180201,60.9830653,58.3035937,0.424733842
1690,169,0.5206035,1,1.18934911,0.516630059,66.5130018,57.1172691,1,0.513698686,66.5130018,57.1172691,0.435058071
1700,170,0.512571996,1,1.14792899,0.515821531,67.5556519,62.8965352,1,0.50042937,67.5556519,62.8965352,0.451735871
1710,171,0.513353588,1,1.10059172,0.513230913,61.6632675,63.5690655,1,0.502214201,61.6632675,63.5690655,0.456203082
1720,172,0.513267782,1,1.14201183,0.515900562,61.4190051,57.7276082,1,0.515107978,61.4190051,57.7276082,0.449735542
1730,173,0.524364743,1,1.21301775,0.520986127,67.1923479,58.0851552,1,0.610128941,67.1923479,58.0851552,0.444954135
1740,174,0.538190899,1,1.17159763,0.515297099,66.0395671,63.7491862,1,0.661938791,66.0395671,63.7491862,0.444627033
1750,175,0.527792627,1,1.26035503,0.509733482,60.6717069,61.7734958,1,0.518972614,60.6717069,61.7734958,0.439992447
1760,176,0.525392088,1,1.21301775,0.514934036,62.9962898,56.7827097,1,0.515730574,62.9962898,56.7827097,0.423507695
1770,177,0.516105035,1,1.15976331,0.514676781,68.1359411,59.4632664,1,0.50847439,68.1359411,59.4632664,0.445897802
1780,178,0.510445786,1,1.13609467,0.51443942,65.1198905,64.6098656,1,0.503099522,65.1198905,64.6098656,0.458864334
1790,179,0.511283009,1,1.1183432,0.513199317,60.2117128,61.2651854,1,0.515425572,60.2117128,61.2651854,0.45688095
1800,180,0.505955277,1,1.15384615,0.51432271,63.7592539,56.7037825,1,0.524805854,63.7592539,56.7037825,0.444502539
1810,181,0.534141362,1,1.16568047,0.521007371,67.7221282,60.8455377,1,0.654048646,67.7221282,60.8455377,0.440941093
1820,182,0.535950323,1,1.21301775,0.516740223,63.072869,64.1682928,1,0.591747315,63.072869,64.1682928,0.439582325
1830,183,0.530332239,1,1.21301775,0.519257071,60.3231404,59.3072308,1,0.500958681,60.3231404,59.3072308,0.429606474
1840,184,0.521201584,1,1.18934911,0.512253608,65.3767046,56.5671372,1,0.517851552,65.3767046,56.5671372,0.442201487
1850,185,0.519788418,1,1.17751479,0.520216276,67.7830503,61.8715845,1,0.498619543,67.7830503,61.8715845,0.448057354
1860,186,0.509817273,1,1.0887574,0.512047347,62.4155742,64.3966112,1,0.473751065,62.4155742,64.3966112,0.45628782
1870,187,0.521402926,1,1.17159763,0.524724036,60.7020374,59.0406731,1,0.544131103,60.7020374,59.0406731,0.432566866
1880,188,0.512168366,1,1.15976331,0.515248639,66.3788901,57.5266165,1,0.577071498,66.3788901,57.5266165,0.451945322
1890,189,0.533711208,1,1.13609467,0.516293903,66.9563108,63.2308427,1,0.662901171,66.9563108,63.2308427,0.441028995
1900,190,0.534703502,1,1.23076923,0.51317309,61.2329798,63.0521583,1,0.554334133,61.2329798,63.0521583,0.440470739
1910,191,0.52078024,1,1.20710059,0.513163823,62.0896524,57.4353596,1,0.525494613,62.0896524,57.4353596,0.437057915
1920,192,0.511340638,1,1.15384615,0.512023562,67.9200181,58.7295804,1,0.506093726,67.9200181,58.7295804,0.459406433
1930,193,0.51129691,1,1.14201183,0.510242742,66.5602219,64.4398361,1,0.503633486,66.5602219,64.4398361,0.451532992
1940,194,0.507699875,1,1.11242604,0.516752901,60.9856681,62.8600252,1,0.478732867,60.9856681,62.8600252,0.445699054
1950,195,0.514542365,1,1.18343195,0.519369917,63.0849606,57.5098213,1,0.549360085,63.0849606,57.5098213,0.442101698
1960,196,0.531227014,1,1.14792899,0.51835906,68.0702733,60.5525549,1,0.662701349,68.0702733,60.5525549,0.449270088
1970,197,0.538970064,1,1.23668639,0.517319031,64.4134187,64.956723,1,0.573368331,64.4134187,64.956723,0.440342004
1980,198,0.529786398,1,1.20118343,0.511007599,60.2829277,61.0259874,1,0.528615873,60.2829277,61.0259874,0.43860752
1990,199,0.526554716,1,1.23076923,0.516204305,64.3929799,57.2144719,1,0.517170458,64.3929799,57.2144719,0.431182352
2000,200,0.513599675,1,1.14201183,0.513249163,68.250055,61.7363639,1,0.502189832,68.250055,61.7363639,0.457188062
2010,201,0.509566144,1,1.12426036,0.514162142,63.7986005,65.4362427,1,0.477036858,63.7986005,65.4362427,0.445254731
2020,202,0.516286064,1,1.15384615,0.522036309,60.5022378,60.8305724,1,0.508926526,60.5022378,60.8305724,0.435674035
2030,203,0.520280646,1,1.17159763,0.520939092,65.6455045,58.0650732,1,0.591264431,65.6455045,58.0650732,0.449201645
2040,204,0.540386458,1,1.19526627,0.518101885,67.3700113,63.692179,1,0.634761255,67.3700113,63.692179,0.452725104
2050,205,0.532681879,1,1.22485207,0.514406627,61.6905242,64.7328708,1,0.543279617,61.6905242,64.7328708,0.444157424
2060,206,0.522918122,1,1.21301775,0.514189988,61.1522668,58.9546309,1,0.505695398,61.1522668,58.9546309,0.446404286
2070,207,0.522763726,1,1.19526627,0.512418745,66.8223216,58.5208364,1,0.517855609,66.8223216,58.5208364,0.437432663
2080,208,0.520712589,1,1.14792899,0.518636691,67.0935974,64.1651247,1,0.492332054,67.0935974,64.1651247,0.4346772
2090,209,0.515639157,1,1.1183432,0.518013889,61.2645238,64.1597711,1,0.491329892,61.2645238,64.1597711,0.448390471
2100,210,0.513514781,1,1.15384615,0.517399391,61.8288846,58.3190313,1,0.528869905,61.8288846,58.3190313,0.451380164
2110,211,0.536109591,1,1.14201183,0.521305739,67.5166771,59.8216847,1,0.650771035,67.5166771,59.8216847,0.452533631
2120,212,0.532698949,1,1.18934911,0.512874995,65.2075142,65.380585,1,0.626802414,65.2075142,65.380585,0.463033514
2130,213,0.532600026,1,1.20118343,0.512919412,60.2579237,62.6297708,1,0.535186925,60.2579237,62.6297708,0.435587236
2140,214,0.524389052,1,1.18934911,0.517410032,63.4598238,57.8466609,1,0.503226602,63.4598238,57.8466609,0.442761006
2150,215,0.533332447,1,1.25443787,0.513761923,68.1531071,60.4303634,1,0.524796159,68.1531071,60.4303634,0.412112659
2160,216,0.51940167,1,1.17159763,0.521246683,65.0797641,65.0518405,1,0.484333569,65.0797641,65.0518405,0.426929924
2170,217,0.512867702,1,1.15384615,0.518015025,60.401927,61.827632,1,0.480092299,60.401927,61.827632,0.437026535
2180,218,0.517926419,1,1.15976331,0.520837318,64.3186854,57.5989031,1,0.553692722,64.3186854,57.5989031,0.443380935
2190,219,0.532921527,1,1.17751479,0.516636219,67.8940131,62.3736541,1,0.659369002,67.8940131,62.3736541,0.458846086
2200,220,0.529613645,1,1.15976331,0.511926972,63.0781693,65.3762746,1,0.667250788,63.0781693,65.3762746,0.436555114
2210,221,0.536336927,1,1.21893491,0.515169298,60.7194075,60.2284375,1,0.536794129,60.7194075,60.2284375,0.435577448
2220,222,0.523674548,1,1.17159763,0.514888491,66.0175072,58.1468775,1,0.512185781,66.0175072,58.1468775,0.43787243
2230,223,0.52144303,1,1.17751479,0.516944914,67.8600219,63.5856135,1,0.511615467,67.8600219,63.5856135,0.441720069
2240,224,0.514756937,1,1.12426036,0.515536225,62.188483,65.1437068,1,0.501482479,62.188483,65.1437068,0.452435934
2250,225,0.514796945,1,1.12426036,0.513982032,61.1141501,59.2473124,1,0.538284996,61.1141501,59.2473124,0.46103599
2260,226,0.507942095,1,1.14201183,0.51172785,67.0335786,58.5128005,1,0.548416724,67.0335786,58.5128005,0.45883272
2270,227,0.515678527,1,1.11242604,0.51601199,67.145187,64.1720116,1,0.610221134,67.145187,64.1720116,0.435408576
2280,228,0.53863192,1,1.17751479,0.513210898,61.4818616,63.4825824,1,0.62663167,61.4818616,63.4825824,0.438856553
2290,229,0.521012766,1,1.20118343,0.515740496,63.0800591,57.9838837,1,0.500788404,63.0800591,57.9838837,0.44048066
2300,230,0.517934738,1,1.20118343,0.511897837,68.493001,59.7484766,1,0.515972989,68.493001,59.7484766,0.437946582
2310,231,0.511944264,1,1.1183432,0.512737719,66.4818942,65.298196,1,0.491582269,66.4818942,65.298196,0.454067328
2320,232,0.51614318,1,1.10650888,0.516042933,61.3008118,63.3437401,1,0.473680677,61.3008118,63.3437401,0.4259588
2330,233,0.515095295,1,1.14792899,0.522165451,63.6424115,58.1272546,1,0.507388184,63.6424115,58.1272546,0.439841354
2340,234,0.530295252,1,1.17159763,0.523562803,68.6436195,61.196399,1,0.628476291,68.6436195,61.196399,0.451373503
2350,235,0.5379191,1,1.21893491,0.51413132,64.7323983,65.6834333,1,0.628635617,64.7323983,65.6834333,0.457877326
2360,236,0.524351972,1,1.19526627,0.507530985,60.8331177,61.1722117,1,0.536683505,60.8331177,61.1722117,0.458680315
2370,237,0.52551167,1,1.23668639,0.506462422,65.1780972,57.5234534,1,0.525877275,65.1780972,57.5234534,0.436448038
2380,238,0.523194277,1,1.16568047,0.511966364,68.5450019,61.9833493,1,0.511306125,68.5450019,61.9833493,0.429852859
2390,239,0.51737199,1,1.14201183,0.518526956,63.9797121,65.287759,1,0.484569858,63.9797121,65.287759,0.433514565
2400,240,0.516574043,1,1.15976331,0.522224118,60.8501013,60.6870671,1,0.493991342,60.8501013,60.6870671,0.428018899
2410,241,0.508494019,1,1.18934911,0.514019083,66.1591261,57.9382506,1,0.553400015,66.1591261,57.9382506,0.459879948
2420,242,0.529015476,1,1.18934911,0.515086281,67.7836913,63.6926445,1,0.659078181,67.7836913,63.6926445,0.459947647
2430,243,0.530295332,1,1.18343195,0.512383308,61.8832135,64.296071,1,0.568655395,61.8832135,64.296071,0.456250223
2440,244,0.525788326,1,1.24260355,0.511277823,61.8835703,58.4646927,1,0.511847973,61.8835703,58.4646927,0.44856756
2450,245,0.522861552,1,1.17159763,0.50964213,67.54182,58.5832152,1,0.517986056,67.54182,58.5832152,0.435345449
2460,246,0.523590659,1,1.21301775,0.516411112,67.2142201,63.9854786,1,0.51950073,67.2142201,63.9854786,0.4163221
2470,247,0.516963885,1,1.16568047,0.521214266,61.5807848,63.5394458,1,0.478584045,61.5807848,63.5394458,0.434697323
2480,248,0.517870061,1,1.17159763,0.521406918,62.5060435,57.8321832,1,0.529648069,62.5060435,57.8321832,0.444752111
2490,249,0.523320454,1,1.20710059,0.517829215,68.1750559,59.5893656,1,0.614227063,68.1750559,59.5893656,0.456546023
2500,250,0.543308703,1,1.21301775,0.520351941,65.4217431,64.821425,1,0.622318638,65.4217431,64.821425,0.454791563
2510,251,0.528178676,1,1.25443787,0.510121231,60.4439193,61.6552734,1,0.542086057,60.4439193,61.6552734,0.453802116
2520,252,0.528637101,1,1.20118343,0.51480501,63.9649416,57.2655141,1,0.515206666,63.9649416,57.2655141,0.43287661
2530,253,0.517932826,1,1.19526627,0.516972898,68.3627404,61.0731934,1,0.502939856,68.3627404,61.0731934,0.447471898
2540,254,0.526712999,1,1.20710059,0.519936036,65.1382222,65.2941639,1,0.505232203,65.1382222,65.2941639,0.408591971
2550,255,0.510170598,1,1.13609467,0.516564952,60.8971713,61.47976,1,0.482471861,60.8971713,61.47976,0.438773099
2560,256,0.513047798,1,1.15976331,0.518887428,65.2302452,57.6014115,1,0.540447096,65.2302452,57.6014115,0.447326815
2570,257,0.535218202,1,1.20710059,0.519178448,68.3369171,62.6337615,1,0.653756495,68.3369171,62.6337615,0.454926718
2580,258,0.534288292,1,1.20118343,0.512743897,62.9622546,64.9992916,1,0.621950049,62.9622546,64.9992916,0.451707668
2590,259,0.530336193,1,1.23668639,0.512525464,61.2965781,59.5171207,1,0.529478874,61.2965781,59.5171207,0.440740875
2600,260,0.527453727,1,1.22485207,0.516456294,66.6367362,58.0554065,1,0.51396062,66.6367362,58.0554065,0.425892014
2610,261,0.52419513,1,1.21301775,0.519255333,68.064884,63.3537022,1,0.513071522,68.064884,63.3537022,0.422107586
2620,262,0.518874316,1,1.15976331,0.518216436,62.7280917,64.7519846,1,0.491100739,62.7280917,64.7519846,0.424379435
2630,263,0.518240926,1,1.15384615,0.518651652,61.7395584,59.0355732,1,0.510599716,61.7395584,59.0355732,0.446250366
2640,264,0.519754135,1,1.16568047,0.516371255,67.7427701,58.6802359,1,0.576255637,67.7427701,58.6802359,0.462593761
2650,265,0.533370499,1,1.18934911,0.515996127,66.9439841,64.6360908,1,0.666644147,66.9439841,64.6360908,0.462244763
2660,266,0.535390702,1,1.24260355,0.511379231,61.3013551,63.2224794,1,0.600477851,61.3013551,63.2224794,0.447462003
2670,267,0.52712554,1,1.21893491,0.513946907,63.3196123,57.8165264,1,0.511735585,63.3196123,57.8165264,0.443878084
2680,268,0.516773582,1,1.17159763,0.507643433,68.6571469,60.017738,1,0.504395013,68.6571469,60.017738,0.444124081
2690,269,0.521768427,1,1.13609467,0.517666547,66.1915329,65.0353315,1,0.497012298,66.1915329,65.0353315,0.43005089
2700,270,0.518855807,1,1.1183432,0.519807227,61.0625297,62.4194119,1,0.488168591,61.0625297,62.4194119,0.442890648
2710,271,0.512955376,1,1.10650888,0.519199056,63.8896235,57.2779535,1,0.50176449,63.8896235,57.2779535,0.45134286
2720,272,0.522558575,1,1.18343195,0.520507039,68.6410185,60.7225145,1,0.587755768,68.6410185,60.7225145,0.451432661
2730,273,0.53436227,1,1.18934911,0.515650295,64.3660665,64.8862368,1,0.658157749,64.3660665,64.8862368,0.459043242
2740,274,0.533219312,1,1.21301775,0.518879413,61.0096716,60.1320907,1,0.543765144,61.0096716,60.1320907,0.447658548
2750,275,0.521902774,1,1.21893491,0.513841492,65.932819,57.0670635,1,0.514467194,65.932819,57.0670635,0.446099278
2760,276,0.518997512,1,1.17751479,0.509859841,68.8597732,62.0110053,1,0.509916658,68.8597732,62.0110053,0.441953846
2770,277,0.523565037,1,1.14792899,0.51974362,63.9177498,64.7046719,1,0.493799272,63.9177498,64.7046719,0.432957591
2780,278,0.515228155,1,1.10059172,0.520783208,61.2884446,59.6302899,1,0.482124102,61.2884446,59.6302899,0.439624625
2790,279,0.513839433,1,1.15384615,0.518029223,66.6769304,57.3844597,1,0.528947662,66.6769304,57.3844597,0.449059059
2800,280,0.53447302,1,1.17751479,0.523432146,68.2286908,62.9776331,1,0.630079002,68.2286908,62.9776331,0.446495545
2810,281,0.540256523,1,1.16568047,0.517816476,62.3844668,63.8726995,1,0.661356465,62.3844668,63.8726995,0.454797556
2820,282,0.538716505,1,1.22485207,0.513430982,62.1561513,58.1186685,1,0.591782943,62.1561513,58.1186685,0.442966073
2830,283,0.530082133,1,1.23076923,0.516770091,67.8064374,58.3206271,1,0.506916496,67.8064374,58.3206271,0.43491494
2840,284,0.521797078,1,1.17751479,0.517166222,67.3596927,64.0884677,1,0.506691472,67.3596927,64.0884677,0.445008914
2850,285,0.516756172,1,1.13609467,0.518342535,61.5751186,63.4817664,1,0.495180617,61.5751186,63.4817664,0.447407941
2860,286,0.515746594,1,1.12426036,0.517025049,62.3466299,57.6919753,1,0.500058574,62.3466299,57.6919753,0.449305249
2870,287,0.513724686,1,1.13609467,0.519120179,68.0521638,58.8614683,1,0.510243985,68.0521638,58.8614683,0.448012245
2880,288,0.523367408,1,1.12426036,0.517024107,66.0504256,64.4628992,1,0.616625425,66.0504256,64.4628992,0.45756613
2890,289,0.535361363,1,1.18934911,0.513957032,60.9251324,61.5627487,1,0.649996251,60.9251324,61.5627487,0.452994663
2900,290,0.535156054,1,1.20118343,0.508909784,64.0677055,56.9126864,1,0.575837136,64.0677055,56.9126864,0.431721781
2910,291,0.53031328,1,1.20118343,0.518653431,68.3452528,60.4273392,1,0.516757975,68.3452528,60.4273392,0.425866297
2920,292,0.52250934,1,1.16568047,0.515907209,64.6950092,64.7693024,1,0.512038016,64.6950092,64.7693024,0.436343892
2930,293,0.518906006,1,1.14792899,0.518560352,60.4667807,60.7764859,1,0.498721094,60.4667807,60.7764859,0.447349195
2940,294,0.522347246,1,1.17159763,0.523929721,64.3113045,56.8059812,1,0.492229941,64.3113045,56.8059812,0.425136739
2950,295,0.506722054,1,1.14792899,0.514529869,68.2730836,61.2866026,1,0.531097413,68.2730836,61.2866026,0.460072427
2960,296,0.52691826,1,1.17159763,0.518506333,63.3814703,64.4648489,1,0.624397772,63.3814703,64.4648489,0.448726863
2970,297,0.534226534,1,1.17159763,0.513397255,60.8490632,59.2802026,1,0.663069099,60.8490632,59.2802026,0.443851103
2980,298,0.534888611,1,1.23668639,0.518620702,66.3388597,57.611295,1,0.515060259,66.3388597,57.611295,0.441374385
2990,299,0.522782517,1,1.19526627,0.512707442,67.7862032,63.1607796,1,0.512078607,67.7862032,63.1607796,0.441162944
3000,300,0.521272794,1,1.15976331,0.51865068,62.2410104,64.3233336,1,0.505543695,62.2410104,64.3233336,0.435826732
3010,301,0.516248207,1,1.15976331,0.51497845,61.3116687,58.5350159,1,0.505935269,61.3116687,58.5350159,0.450957542
3020,302,0.510384068,1,1.12426036,0.513543038,67.2409696,57.9239611,1,0.483320798,67.2409696,57.9239611,0.458515729
3030,303,0.515284762,1,1.19526627,0.51588428,67.4040184,63.7937063,1,0.544603603,67.4040184,63.7937063,0.451693025
3040,304,0.531349304,1,1.17159763,0.519518637,61.5695473,63.0420461,1,0.650455302,61.5695473,63.0420461,0.452514647
3050,305,0.530487524,1,1.17751479,0.511250314,62.8082504,57.4713549,1,0.671463864,62.8082504,57.4713549,0.438980705
3060,306,0.536101282,1,1.23668639,0.518158294,67.9907413,59.4956057,1,0.521146515,67.9907413,59.4956057,0.427984152
3070,307,0.522612313,1,1.17751479,0.514112449,65.8262373,64.706476,1,0.516984593,65.8262373,64.706476,0.434041466
3080,308,0.521678877,1,1.14792899,0.520720258,60.7402836,62.2392941,1,0.506378479,60.7402836,62.2392941,0.434829159
3090,309,0.51541252,1,1.10650888,0.515898048,63.3721947,57.0960604,1,0.499886873,63.3721947,57.0960604,0.444425095
3100,310,0.504295228,1,1.1183432,0.51160856,68.5765982,60.0644311,1,0.480870925,68.5765982,60.0644311,0.460877988
3110,311,0.516711544,1,1.14792899,0.519059644,65.1415963,64.6907787,1,0.549861631,65.1415963,64.6907787,0.443242026
3120,312,0.531512859,1,1.15384615,0.518911672,61.0250198,60.5168449,1,0.660206606,61.0250198,60.5168449,0.450955099
3130,313,0.541050568,1,1.20710059,0.519340635,65.5661332,57.0646647,1,0.587372076,65.5661332,57.0646647,0.438793798
3140,314,0.530497979,1,1.25443787,0.516476514,68.5680548,61.9039786,1,0.512174543,68.5680548,61.9039786,0.438059821
3150,315,0.520914775,1,1.21301775,0.514545504,63.6109173,64.7379934,1,0.515815574,63.6109173,64.7379934,0.439235836
3160,316,0.517741661,1,1.17751479,0.517931038,60.921526,59.6692957,1,0.497059889,60.921526,59.6692957,0.441383799
3170,317,0.517090559,1,1.13609467,0.516852093,66.0289402,57.09969,1,0.489550662,66.0289402,57.09969,0.439799261
3180,318,0.51779254,1,1.15384615,0.515799405,68.2089486,62.6518361,1,0.538436622,68.2089486,62.6518361,0.458830279
3190,319,0.528610287,1,1.20118343,0.518618811,62.447616,64.0764649,1,0.623953387,62.447616,64.0764649,0.456527419
3200,320,0.517911184,1,1.14792899,0.508231561,61.4629485,58.3292248,1,0.640579068,61.4629485,58.3292248,0.448536996
3210,321,0.54189983,1,1.18934911,0.518862201,67.0521558,58.271429,1,0.588892644,67.0521558,58.271429,0.429962015
3220,322,0.530790582,1,1.24852071,0.51589781,66.8974444,63.8517236,1,0.512480483,66.8974444,63.8517236,0.429418374
3230,323,0.52421844,1,1.18934911,0.519771913,61.3136701,63.3583914,1,0.514367852,61.3136701,63.3583914,0.43119424
3240,324,0.506768914,1,1.14201183,0.508903125,62.303042,57.3925777,1,0.51547143,62.303042,57.3925777,0.465176622
3250,325,0.503404107,1,1.09467456,0.508789481,68.2207816,58.4989006,1,0.478696643,68.2207816,58.4989006,0.463097317
3260,326,0.508123691,1,1.15384615,0.515395144,67.1043489,64.0344852,1,0.471234116,67.1043489,64.0344852,0.43438808
3270,327,0.51124391,1,1.15384615,0.518448265,61.711108,62.2962979,1,0.555764342,61.711108,62.2962979,0.435878649
3280,328,0.528437874,1,1.14792899,0.514625083,64.190356,57.191336,1,0.662123697,64.190356,57.191336,0.436549854
3290,329,0.535414233,1,1.18343195,0.510869503,68.9508636,60.3023442,1,0.58952386,68.9508636,60.3023442,0.437453668
3300,330,0.528165942,1,1.19526627,0.519200044,65.3299639,64.553005,1,0.510988068,65.3299639,64.553005,0.429524518
3310,331,0.519305585,1,1.15976331,0.517098045,60.9638425,60.7774996,1,0.51330095,60.9638425,60.7774996,0.44400982
3320,332,0.514697705,1,1.16568047,0.517767609,64.9642115,56.5153162,1,0.493006824,64.9642115,56.5153162,0.449649171
3330,333,0.513807118,1,1.11242604,0.514462947,69.0871656,60.4757954,1,0.481270831,69.0871656,60.4757954,0.439769616
3340,334,0.507724011,1,1.13609467,0.518281736,64.83603,64.3795221,1,0.492715287,64.83603,64.3795221,0.443968363
3350,335,0.525420532,1,1.17159763,0.523060748,61.4736105,59.8096685,1,0.594454195,61.4736105,59.8096685,0.436428665
3360,336,0.532659043,1,1.15976331,0.51520869,66.5560212,57.0513675,1,0.668600008,66.5560212,57.0513675,0.444819777
3370,337,0.537889198,1,1.23668639,0.518646781,68.4749988,62.3959765,1,0.530985169,68.4749988,62.3959765,0.436820951
3380,338,0.524680263,1,1.20118343,0.512844685,62.9622595,63.9888751,1,0.517314515,62.9622595,63.9888751,0.44140457
3390,339,0.516397547,1,1.17159763,0.51560363,61.8173086,58.2223316,1,0.502783204,61.8173086,58.2223316,0.45223924
3400,340,0.512566688,1,1.13609467,0.509904618,67.6101934,57.1879996,1,0.506943206,67.6101934,57.1879996,0.452653956
3410,341,0.514068135,1,1.13017751,0.515967294,68.3418875,62.9949806,1,0.480555051,68.3418875,62.9949806,0.450222851
3420,342,0.512700624,1,1.15976331,0.515583417,62.5706211,63.4917299,1,0.506115675,62.5706211,63.4917299,0.445585017
3430,343,0.533842685,1,1.20118343,0.523229328,63.1758952,57.6623316,1,0.642319766,63.1758952,57.6623316,0.450825947
3440,344,0.525679754,1,1.13017751,0.50952785,68.7999641,58.6469491,1,0.663959383,68.7999641,58.6469491,0.439200607
3450,345,0.537550838,1,1.20710059,0.513078449,66.9591233,63.9866988,1,0.56900709,66.9591233,63.9866988,0.434473233
3460,346,0.521971117,1,1.20118343,0.515281155,61.8709894,61.7034836,1,0.513166976,61.8709894,61.7034836,0.428994822
3470,347,0.511718681,1,1.18343195,0.512020567,64.6847686,56.4647044,1,0.514563332,64.6847686,56.4647044,0.45743148
3480,348,0.504383362,1,1.10650888,0.505859136,69.8535267,59.5773433,1,0.496263173,69.8535267,59.5773433,0.464124689
3490,349,0.509553952,1,1.09467456,0.515223309,66.7499018,64.4516973,1,0.466629584,66.7499018,64.4516973,0.444505004
3500,350,0.514984542,1,1.16568047,0.52264501,62.2594359,61.0830224,1,0.540341503,62.2594359,61.0830224,0.431813668
3510,351,0.525048977,1,1.16568047,0.51948657,66.2135664,57.0004372,1,0.646460736,66.2135664,57.0004372,0.437195538
3520,352,0.542775067,1,1.21893491,0.520312729,69.621282,61.5522157,1,0.57645993,69.621282,61.5522157,0.437388788
3530,353,0.526731281,1,1.23076923,0.512559667,64.7032117,64.4925998,1,0.517674534,64.7032117,64.4925998,0.440771745
3540,354,0.514235917,1,1.19526627,0.513039413,62.0489217,59.1892169,1,0.502414665,62.0489217,59.1892169,0.456194222
3550,355,0.512125078,1,1.13609467,0.507661178,67.2918945,56.5553253,1,0.506949646,67.2918945,56.5553253,0.451336927
3560,356,0.515454479,1,1.10650888,0.516668265,69.4549667,61.891448,1,0.492280166,69.4549667,61.891448,0.442913208
3570,357,0.498746557,1,1.09467456,0.511536309,63.9625041,64.0982029,1,0.457363254,63.9625041,64.0982029,0.455322977
3580,358,0.513989939,1,1.18934911,0.522118466,62.6077287,58.7506799,1,0.552351573,62.6077287,58.7506799,0.424343687
3590,359,0.53443518,1,1.16568047,0.518378646,68.438935,58.1922929,1,0.670473859,68.438935,58.1922929,0.450606188
3600,360,0.532060336,1,1.23076923,0.512439505,67.9821907,63.9298458,1,0.546044681,67.9821907,63.9298458,0.44274646
3610,361,0.526803197,1,1.24852071,0.518274837,62.4286038,62.8407369,1,0.511030464,62.4286038,62.8407369,0.43533627
3620,362,0.522592992,1,1.21301775,0.515585492,63.431463,57.265086,1,0.511727478,63.431463,57.265086,0.435778626
3630,363,0.519323293,1,1.17159763,0.517736493,68.9829387,58.4681296,1,0.4938551,68.9829387,58.4681296,0.436948784
3640,364,0.518205603,1,1.14201183,0.51871094,67.494016,63.9378736,1,0.496776172,67.494016,63.9378736,0.436059478
3650,365,0.516176874,1,1.19526627,0.515782834,61.9969875,61.7939415,1,0.545869799,61.9969875,61.7939415,0.453870709
3660,366,0.514972671,1,1.13609467,0.516142082,64.464618,56.6185058,1,0.57290481,64.464618,56.6185058,0.441047267
3670,367,0.528289438,1,1.13017751,0.516977541,69.2152086,59.6706018,1,0.654868078,69.2152086,59.6706018,0.434349144
3680,368,0.536572805,1,1.28994083,0.520792676,65.3787036,63.8561501,1,0.522284164,65.3787036,63.8561501,0.436755017
3690,369,0.527013562,1,1.20710059,0.51852042,61.3935417,59.8805464,1,0.511466268,61.3935417,59.8805464,0.433008875
3700,370,0.518715139,1,1.20118343,0.517210173,65.7707702,55.9816633,1,0.506561303,65.7707702,55.9816633,0.450912414
3710,371,0.502719482,1,1.10059172,0.508041248,69.5720572,60.6973777,1,0.488791446,69.5720572,60.6973777,0.465926226
3720,372,0.513925667,1,1.1183432,0.513997818,64.8260014,63.92539,1,0.50696434,64.8260014,63.92539,0.441521768
3730,373,0.500962902,1,1.16568047,0.513862305,61.6421778,58.9842405,1,0.495838306,61.6421778,58.9842405,0.452159128
3740,374,0.532268522,1,1.17751479,0.523610985,66.7497574,56.6944484,1,0.641585925,66.7497574,56.6944484,0.430566692
3750,375,0.536994316,1,1.18934911,0.514120599,68.4781199,62.2140355,1,0.644717937,68.4781199,62.2140355,0.444912591
3760,376,0.532312249,1,1.20710059,0.516397438,62.9109023,63.1576286,1,0.516761309,62.9109023,63.1576286,0.434355134
3770,377,0.517725109,1,1.21301775,0.514453601,62.3269545,57.4053929,1,0.514900458,62.3269545,57.4053929,0.444753848
3780,378,0.512908745,1,1.17751479,0.514319458,68.2181133,57.1120429,1,0.500154903,68.2181133,57.1120429,0.453727534
3790,379,0.508684262,1,1.04733728,0.508375235,68.3174863,63.1248867,1,0.500123329,68.3174863,63.1248867,0.462589606
3800,380,0.505415478,1,1.11242604,0.513081965,62.4435871,62.9569564,1,0.481989933,62.4435871,62.9569564,0.452023016
3810,381,0.51387017,1,1.19526627,0.52242493,63.0013118,57.4285576,1,0.523393926,63.0013118,57.4285576,0.427420019
3820,382,0.538897918,1,1.15976331,0.522659893,68.5275842,58.9693864,1,0.661113288,68.5275842,58.9693864,0.441312187
3830,383,0.537671472,1,1.21893491,0.511227819,66.4722073,64.2778245,1,0.619082171,66.4722073,64.2778245,0.437881459
3840,384,0.528800396,1,1.20710059,0.51585243,61.576538,61.5188514,1,0.524008263,61.576538,61.5188514,0.432274232
3850,385,0.523060018,1,1.20710059,0.517763435,64.5642836,56.6842937,1,0.509727254,64.5642836,56.6842937,0.43717471
3860,386,0.520615534,1,1.17159763,0.519655657,69.2850614,59.6823346,1,0.504155645,69.2850614,59.6823346,0.430178114
3870,387,0.513001129,1,1.14201183,0.51664475,65.7965108,64.4345027,1,0.505717655,65.7965108,64.4345027,0.45347499
3880,388,0.513926378,1,1.17751479,0.513564333,61.3702298,60.3812922,1,0.564202514,61.3702298,60.3812922,0.461669715
3890,389,0.520912884,1,1.15384615,0.512653613,65.9565109,56.5796195,1,0.625362393,65.9565109,56.5796195,0.458236197
3900,390,0.533641912,1,1.15384615,0.512358992,68.9941247,61.5502254,1,0.662109082,68.9941247,61.5502254,0.448099342
3910,391,0.538379109,1,1.18934911,0.514871346,64.0135963,63.9834518,1,0.569704997,64.0135963,63.9834518,0.426394358
3920,392,0.535909947,1,1.22485207,0.518680858,61.7962165,59.1074345,1,0.50822641,61.7962165,59.1074345,0.412040078
3930,393,0.524660631,1,1.14792899,0.520340556,66.8660741,56.9723379,1,0.510676009,66.8660741,56.9723379,0.423161488
3940,394,0.514867834,1,1.13609467,0.515915058,68.8338626,62.5180234,1,0.506090653,68.8338626,62.5180234,0.452650441
3950,395,0.512888621,1,1.09467456,0.510986765,63.0762392,64.1727433,1,0.519931422,63.0762392,64.1727433,0.460822044
3960,396,0.511825071,1,1.15976331,0.513772455,61.9964365,58.2547606,1,0.545511447,61.9964365,58.2547606,0.462745169
3970,397,0.505877218,1,1.12426036,0.512903124,67.7049535,57.4875445,1,0.557057216,67.7049535,57.4875445,0.443064815
3980,398,0.536430209,1,1.15976331,0.515551593,67.3794507,63.183557,1,0.659825964,67.3794507,63.183557,0.438869651
3990,399,0.533450992,1,1.23076923,0.518580881,61.8916429,62.2155085,1,0.515772491,61.8916429,62.2155085,0.428656587
4000,400,0.525690505,1,1.20710059,0.5179231,63.2217984,56.7471806,1,0.51057219,63.2217984,56.7471806,0.432906264
4010,401,0.51353919,1,1.18343195,0.513844813,68.9588705,58.4208657,1,0.500362563,68.9588705,58.4208657,0.459709312
4020,402,0.511558354,1,1.11242604,0.512322559,67.1966402,63.9675676,1,0.479871742,67.1966402,63.9675676,0.447685425
4030,403,0.512734958,1,1.13609467,0.517891005,61.7883795,61.9911961,1,0.479378955,61.7883795,61.9911961,0.442928185
4040,404,0.516710615,1,1.21893491,0.519225354,64.355069,56.787311,1,0.554125518,64.355069,56.787311,0.446341572
4050,405,0.531129224,1,1.16568047,0.515308517,69.1113619,60.2381446,1,0.663060487,69.1113619,60.2381446,0.452020936
4060,406,0.536856961,1,1.17751479,0.518551354,65.087205,64.3040477,1,0.576594036,65.087205,64.3040477,0.440047113
4070,407,0.527001347,1,1.18934911,0.516428205,61.4169117,59.9632704,1,0.517312455,61.4169117,59.9632704,0.437268284
4080,408,0.52504476,1,1.14792899,0.517468547,65.8297609,56.5118173,1,0.510602524,65.8297609,56.5118173,0.430946166
4090,409,0.514355776,1,1.1183432,0.513984235,69.3161349,61.1879986,1,0.491361804,69.3161349,61.1879986,0.448676391
4100,410,0.515781009,1,1.1183432,0.521768795,64.7331409,64.3939566,1,0.484438802,64.7331409,64.3939566,0.430233188
4110,411,0.506956881,1,1.15976331,0.51620073,61.6550373,59.42871,1,0.505490711,61.6550373,59.42871,0.449380874
4120,412,0.529101317,1,1.17159763,0.520728172,67.2707403,57.5384933,1,0.64704988,67.2707403,57.5384933,0.455791395
4130,413,0.529827271,1,1.17159763,0.509921609,68.3234728,63.3394854,1,0.616946193,68.3234728,63.3394854,0.453518489
4140,414,0.532071061,1,1.23076923,0.515866004,62.6754432,63.7248124,1,0.528871142,62.6754432,63.7248124,0.435473725
4150,415,0.531536287,1,1.23076923,0.514047779,62.2723282,58.1238674,1,0.525971253,62.2723282,58.1238674,0.43195638
4160,416,0.529988722,1,1.18934911,0.52183462,67.8031912,58.0126338,1,0.505133907,67.8031912,58.0126338,0.42553703
4170,417,0.521660849,1,1.14201183,0.521953997,67.8776676,63.7375089,1,0.488735827,67.8776676,63.7375089,0.440412273
4180,418,0.515318023,1,1.1183432,0.517896296,61.9743751,63.2827515,1,0.525536356,61.9743751,63.2827515,0.455444813
4190,419,0.511014974,1,1.18343195,0.509829955,63.125168,57.2860335,1,0.572750116,63.125168,57.2860335,0.469703109
4200,420,0.52349349,1,1.14201183,0.511874991,68.6917729,59.0013435,1,0.638328146,68.6917729,59.0013435,0.448068698
4210,421,0.532736151,1,1.1183432,0.513102977,66.5942019,64.2319186,1,0.675345539,66.5942019,64.2319186,0.433499047
4220,422,0.539329082,1,1.20710059,0.51216159,61.7182385,61.7107531,1,0.604679453,61.7182385,61.7107531,0.422246
4230,423,0.528721795,1,1.21301775,0.517858013,64.5952894,57.1091093,1,0.510734202,64.5952894,57.1091093,0.417463085
4240,424,0.519420339,1,1.18343195,0.519918387,69.2138409,60.4175421,1,0.512222576,69.2138409,60.4175421,0.437020207
4250,425,0.508362293,1,1.11242604,0.510458354,65.5959384,65.1554027,1,0.5130628,65.5959384,65.1554027,0.458557954
4260,426,0.506510214,1,1.10059172,0.507717929,61.0434973,61.1654719,1,0.50675848,61.0434973,61.1654719,0.465650067
4270,427,0.51098602,1,1.1183432,0.516212078,65.029945,56.9438965,1,0.509030355,65.029945,56.9438965,0.446640748
4280,428,0.52586529,1,1.16568047,0.522515235,68.7710935,61.2629985,1,0.618283733,68.7710935,61.2629985,0.439545453
4290,429,0.535992417,1,1.16568047,0.515819825,64.0744977,64.4522572,1,0.66724687,64.0744977,64.4522572,0.436699448
4300,430,0.531729249,1,1.21893491,0.51427391,61.7174331,59.2987637,1,0.524002626,61.7174331,59.2987637,0.43591873
4310,431,0.513819309,1,1.18934911,0.513254957,67.2971816,57.355149,1,0.509248249,67.2971816,57.355149,0.454505588
4320,432,0.513527815,1,1.13017751,0.508583251,69.0609591,62.9951575,1,0.503478236,69.0609591,62.9951575,0.454566622
4330,433,0.509864752,1,1.10059172,0.513862449,63.3894441,64.5369247,1,0.485888133,63.3894441,64.5369247,0.452103092
4340,434,0.514463745,1,1.11242604,0.518964825,61.9778598,59.1312197,1,0.495581969,61.9778598,59.1312197,0.429766805
4350,435,0.524552965,1,1.16568047,0.519909514,67.7277665,58.4653571,1,0.597254078,67.7277665,58.4653571,0.445256393
4360,436,0.53415894,1,1.18343195,0.517242193,67.5677781,64.3690901,1,0.672705844,67.5677781,64.3690901,0.454300028
4370,437,0.536336162,1,1.21893491,0.512007327,61.9133826,63.3705549,1,0.575240399,61.9133826,63.3705549,0.441683576
4380,438,0.52497607,1,1.19526627,0.514344066,63.5264576,57.8922005,1,0.517288732,63.5264576,57.8922005,0.439299995
4390,439,0.52280537,1,1.15976331,0.514396778,68.8472698,59.6799247,1,0.512095152,68.8472698,59.6799247,0.431777672
4400,440,0.52018697,1,1.16568047,0.52106631,66.8764939,65.0078775,1,0.491390161,66.8764939,65.0078775,0.43698157
4410,441,0.515131678,1,1.14792899,0.517202447,61.4614933,62.7930452,1,0.496985704,61.4614933,62.7930452,0.450034277
4420,442,0.513601531,1,1.15976331,0.516946803,64.3269911,57.5748781,1,0.541956365,64.3269911,57.5748781,0.457936876
4430,443,0.524472391,1,1.13609467,0.511139008,69.0039477,61.3512859,1,0.649404684,69.0039477,61.3512859,0.462404185
4440,444,0.533775976,1,1.15976331,0.514959839,64.9996191,65.355339,1,0.667509391,64.9996191,65.355339,0.435598538
4450,445,0.539516533,1,1.24260355,0.520780994,61.5668136,60.9847364,1,0.53045006,61.5668136,60.9847364,0.42750356
4460,446,0.525289041,1,1.19526627,0.519550371,66.1753724,57.7599192,1,0.51649227,66.1753724,57.7599192,0.432676138
4470,447,0.515315594,1,1.16568047,0.511414914,69.3974425,62.6055654,1,0.514308047,69.3974425,62.6055654,0.447623723
4480,448,0.512538981,1,1.13017751,0.512900116,64.2491063,65.5219983,1,0.494652564,64.2491063,65.5219983,0.455154215
4490,449,0.514009895,1,1.10059172,0.516233045,61.5685157,60.3019283,1,0.497761368,61.5685157,60.3019283,0.451392958
4500,450,0.50522442,1,1.14792899,0.517034987,66.8747888,57.9117503,1,0.506716074,66.8747888,57.9117503,0.447673043
4510,451,0.537906735,1,1.20118343,0.5241359,68.1224514,63.5643348,1,0.664972666,68.1224514,63.5643348,0.445280133
4520,452,0.530924394,1,1.18934911,0.508823923,62.346692,64.1945602,1,0.611781736,62.346692,64.1945602,0.446926261
4530,453,0.529179544,1,1.20118343,0.515902507,62.4028783,58.5341721,1,0.524490395,62.4028783,58.5341721,0.435435918
4540,454,0.528764704,1,1.21301775,0.515005708,67.8873782,58.5939591,1,0.516801139,67.8873782,58.5939591,0.421909673
4550,455,0.522168842,1,1.16568047,0.522037197,67.5358194,64.2443525,1,0.503161723,67.5358194,64.2443525,0.435486116
4560,456,0.514147496,1,1.13609467,0.517090685,61.6524478,63.7307909,1,0.504082544,61.6524478,63.7307909,0.454287964
4570,457,0.515742782,1,1.16568047,0.517561344,62.7482653,57.9258184,1,0.539266122,62.7482653,57.9258184,0.454422847
4580,458,0.516429641,1,1.13609467,0.51198266,68.4880993,59.6915375,1,0.599261116,68.4880993,59.6915375,0.461945064
4590,459,0.532046022,1,1.17751479,0.512965245,65.9388943,64.9993461,1,0.664526287,65.9388943,64.9993461,0.452940936
4600,460,0.536679072,1,1.16568047,0.510137974,61.0997921,62.1391281,1,0.610920602,61.0997921,62.1391281,0.432399091
4610,461,0.531307177,1,1.24260355,0.518239724,64.4367572,57.7103164,1,0.519106133,64.4367572,57.7103164,0.426557079
4620,462,0.51966879,1,1.14201183,0.514272156,68.8474081,61.343976,1,0.516379801,68.8474081,61.343976,0.439589127
4630,463,0.516301563,1,1.14201183,0.518716032,64.8521235,65.7069677,1,0.498633064,64.8521235,65.7069677,0.455070033
4640,464,0.51576489,1,1.14792899,0.518218373,60.6137814,62.044029,1,0.464693979,60.6137814,62.044029,0.430911133
4650,465,0.518962569,1,1.15976331,0.522327166,64.5609254,58.0874867,1,0.5199457,64.5609254,58.0874867,0.429904161
4660,466,0.52063318,1,1.18934911,0.519148189,68.3920266,62.5033641,1,0.577682211,68.3920266,62.5033641,0.449702795
4670,467,0.538149779,1,1.15384615,0.516528365,63.1365414,65.4592859,1,0.654299768,63.1365414,65.4592859,0.463825094
4680,468,0.531587096,1,1.19526627,0.510965816,60.9598261,60.1124891,1,0.578888057,60.9598261,60.1124891,0.444068906
4690,469,0.526958273,1,1.21893491,0.515790209,66.4231697,58.5186533,1,0.512980377,66.4231697,58.5186533,0.437775683
4700,470,0.516761959,1,1.15384615,0.511991063,67.8555905,64.150658,1,0.505448251,67.8555905,64.150658,0.447023724
4710,471,0.52054968,1,1.14201183,0.519329745,62.3180836,65.470946,1,0.491905841,62.3180836,65.470946,0.437902095
4720,472,0.516416388,1,1.12426036,0.519324662,61.1143373,59.9597125,1,0.470786001,61.1143373,59.9597125,0.43393547
4730,473,0.517610461,1,1.15976331,0.521381682,66.878918,59.3748122,1,0.537936801,66.878918,59.3748122,0.445705998
4740,474,0.517157227,1,1.14792899,0.515235407,66.8624767,65.2971431,1,0.607860893,66.8624767,65.2971431,0.455565676
4750,475,0.536277141,1,1.18934911,0.51316439,61.1666747,64.2139742,1,0.649596314,61.1666747,64.2139742,0.445990784
4760,476,0.525907279,1,1.22485207,0.512753395,63.0502502,58.7899503,1,0.517279926,63.0502502,58.7899503,0.441674415
4770,477,0.522954186,1,1.22485207,0.514926755,68.2084377,60.9964546,1,0.506537614,68.2084377,60.9964546,0.431562181
4780,478,0.519428115,1,1.15384615,0.513753707,65.8038173,66.1632683,1,0.506720842,65.8038173,66.1632683,0.43838166
4790,479,0.513817015,1,1.12426036,0.517482559,60.6703978,63.2902396,1,0.505453917,60.6703978,63.2902396,0.452516237
4800,480,0.512257857,1,1.15976331,0.515188706,63.972963,58.3260656,1,0.532709075,63.972963,58.3260656,0.458644515
4810,481,0.510267236,1,1.15384615,0.512090927,68.5977472,61.9784751,1,0.558708913,68.5977472,61.9784751,0.453316013
4820,482,0.520842226,1,1.13609467,0.5122973,64.3998057,65.9576682,1,0.63765333,64.3998057,65.9576682,0.444936609
4830,483,0.541845369,1,1.20710059,0.520545511,61.1228121,61.3976451,1,0.592582383,61.1228121,61.3976451,0.431952337
4840,484,0.531790259,1,1.20710059,0.516987455,65.816994,58.5240334,1,0.515202818,65.816994,58.5240334,0.423377428
4850,485,0.522542324,1,1.19526627,0.5215633,68.4747567,63.5782507,1,0.503545158,68.4747567,63.5782507,0.439262526
4860,486,0.511277481,1,1.14201183,0.515141765,63.1002175,66.1800234,1,0.500544274,63.1002175,66.1800234,0.459320904
4870,487,0.507165552,1,1.10059172,0.50931045,60.7215643,60.6971067,1,0.486819518,60.7215643,60.6971067,0.459742446
4880,488,0.51120831,1,1.10650888,0.516541234,66.1838395,58.8050769,1,0.506416952,66.1838395,58.8050769,0.444667464
4890,489,0.506219197,1,1.10650888,0.516507294,67.7919949,64.3298571,1,0.544842466,67.7919949,64.3298571,0.442621024
4900,490,0.543268761,1,1.23668639,0.521904472,62.0202832,64.6801727,1,0.621895516,62.0202832,64.6801727,0.444794864
4910,491,0.532284529,1,1.23076923,0.513303537,62.2512379,58.9901379,1,0.530905463,62.2512379,58.9901379,0.438055392
4920,492,0.52072925,1,1.17751479,0.515552845,67.9701402,59.622633,1,0.5082217,67.9701402,59.622633,0.442597852
4930,493,0.520452293,1,1.17159763,0.516220207,67.1687448,65.3082133,1,0.510690627,67.1687448,65.3082133,0.441675524
4940,494,0.517517936,1,1.09467456,0.521450319,61.4831903,64.3347472,1,0.48863297,61.4831903,64.3347472,0.443714592
4950,495,0.517338858,1,1.13609467,0.519880367,62.621612,58.6226376,1,0.508514977,62.621612,58.6226376,0.448034496
4960,496,0.516397404,1,1.15384615,0.518734448,68.2569326,60.3930847,1,0.55193846,68.2569326,60.3930847,0.454375964
4970,497,0.533479691,1,1.18934911,0.515601446,65.4795177,65.7333645,1,0.650607802,65.4795177,65.7333645,0.463027221
4980,498,0.530971808,1,1.21301775,0.508972515,60.7104306,62.2698067,1,0.59073446,60.7104306,62.2698067,0.453392367
4990,499,0.534093588,1,1.28402367,0.510715002,64.2373369,58.036043,1,0.529540993,64.2373369,58.036043,0.423872134
5000,500,0.524243299,1,1.18343195,0.518957279,68.3410224,61.9322156,1,0.518427422,68.3410224,61.9322156,0.435281287
5010,501,0.52353828,1,1.17751479,0.516865781,64.5069629,65.9498561,1,0.509672289,64.5069629,65.9498561,0.427192901
5020,502,0.515578553,1,1.14201183,0.521182042,60.5878251,61.645396,1,0.482808457,60.5878251,61.645396,0.447795503
5030,503,0.516747575,1,1.13609467,0.516609778,65.0173682,57.9889593,1,0.520032343,65.0173682,57.9889593,0.441825032
5040,504,0.506417684,1,1.18934911,0.512431867,68.4173813,62.8662708,1,0.538114467,68.4173813,62.8662708,0.457341536
5050,505,0.534858694,1,1.15384615,0.52022481,63.2431,65.3887149,1,0.658153732,63.2431,65.3887149,0.442798469
5060,506,0.536923833,1,1.17751479,0.511565215,61.3179065,59.9926399,1,0.638940317,61.3179065,59.9926399,0.440709457
5070,507,0.536121757,1,1.24260355,0.519137242,66.6803425,58.6738971,1,0.512943708,66.6803425,58.6738971,0.424785375
5080,508,0.518581353,1,1.14201183,0.513273219,67.755145,64.3121978,1,0.515189262,67.755145,64.3121978,0.441525299
5090,509,0.515821626,1,1.15384615,0.516818131,61.958679,65.029733,1,0.501733451,61.958679,65.029733,0.449285268
5100,510,0.512467663,1,1.11242604,0.511416206,61.4307513,59.1277856,1,0.504304115,61.4307513,59.1277856,0.455808603
5110,511,0.512948748,1,1.17159763,0.515680344,67.333803,59.0318362,1,0.494618641,67.333803,59.0318362,0.454140879
5120,512,0.516601885,1,1.17159763,0.517386048,67.0922872,64.7874829,1,0.56070625,67.0922872,64.7874829,0.443131671
5130,513,0.537444307,1,1.17751479,0.520236309,61.3549938,63.3607514,1,0.660386577,61.3549938,63.3607514,0.45477153
5140,514,0.532833036,1,1.14201183,0.508903576,63.0059486,58.0357086,1,0.667626054,63.0059486,58.0357086,0.428853797
5150,515,0.534480059,1,1.21893491,0.513311649,68.0833918,60.3361275,1,0.527402846,68.0833918,60.3361275,0.428789108
5160,516,0.519303036,1,1.18343195,0.517220678,65.4078096,65.2885402,1,0.518177549,65.4078096,65.2885402,0.432996521
5170,517,0.510012121,1,1.14792899,0.511364868,60.3816421,62.1168762,1,0.515872055,60.3816421,62.1168762,0.457170432
5180,518,0.505060516,1,1.12426036,0.506403904,64.0988494,57.2851273,1,0.51123507,64.0988494,57.2851273,0.468937034
5190,519,0.503521786,1,1.12426036,0.511524644,68.5676666,61.1475652,1,0.498226832,68.5676666,61.1475652,0.454359251
5200,520,0.514190064,1,1.15976331,0.516421115,64.3722265,64.9997192,1,0.593780706,64.3722265,64.9997192,0.438129486
5210,521,0.540755862,1,1.18934911,0.518821007,61.2154394,60.3059317,1,0.643124902,61.2154394,60.3059317,0.435121869
5220,522,0.539388721,1,1.20710059,0.518070855,65.9667601,57.6351548,1,0.550441404,65.9667601,57.6351548,0.419270276
5230,523,0.523190045,1,1.17159763,0.515040314,68.273163,62.7760928,1,0.508224355,68.273163,62.7760928,0.433430909
5240,524,0.51146847,1,1.17159763,0.513859548,62.695512,64.9272375,1,0.51354791,62.695512,64.9272375,0.45985343
5250,525,0.511132048,1,1.0887574,0.50979734,60.595636,59.4523381,1,0.491030862,60.595636,59.4523381,0.451060566
5260,526,0.517332921,1,1.12426036,0.519992009,66.0632738,57.8563415,1,0.501648557,66.0632738,57.8563415,0.438139342
5270,527,0.501312873,1,1.17159763,0.514433199,67.5672752,63.5430642,1,0.504891858,67.5672752,63.5430642,0.45248057
5280,528,0.512746619,1,1.1183432,0.516959374,61.9349665,64.14447,1,0.597681443,61.9349665,64.14447,0.435717392
5290,529,0.535979634,1,1.16568047,0.513781644,62.2282707,58.4440847,1,0.647596957,62.2282707,58.4440847,0.439071237
5300,530,0.524770991,1,1.21301775,0.511571578,67.7944925,59.6120171,1,0.516780779,67.7944925,59.6120171,0.43749483
5310,531,0.515055161,1,1.15976331,0.514345456,66.1229941,65.1899968,1,0.513069136,66.1229941,65.1899968,0.447925953
5320,532,0.510543112,1,1.14201183,0.510121729,60.4861496,63.2871549,1,0.508323664,60.4861496,63.2871549,0.457642683
5330,533,0.506233984,1,1.1183432,0.509636177,62.4716524,57.7168961,1,0.469674083,62.4716524,57.7168961,0.454888009
5340,534,0.510348021,1,1.10650888,0.518934547,67.5676215,59.8244513,1,0.485660922,67.5676215,59.8244513,0.424199139
5350,535,0.512217182,1,1.17751479,0.52356787,64.9790388,64.8633042,1,0.563740654,64.9790388,64.8633042,0.435759554
5360,536,0.542583767,1,1.17159763,0.520187884,60.4423285,61.2477542,1,0.639923407,60.4423285,61.2477542,0.446246293
5370,537,0.53197373,1,1.25443787,0.512386785,64.6322112,57.2922212,1,0.518455388,64.6322112,57.2922212,0.443235544
5380,538,0.523226241,1,1.18934911,0.518053507,68.189389,61.8022071,1,0.513916756,68.189389,61.8022071,0.441845823
5390,539,0.513199554,1,1.14201183,0.510402656,63.6690178,65.5110192,1,0.506636581,63.6690178,65.5110192,0.449779975
5400,540,0.521918514,1,1.13017751,0.518179467,60.3555435,61.0365666,1,0.491495835,60.3555435,61.0365666,0.428288445
5410,541,0.514634945,1,1.10650888,0.520589713,65.0605314,57.7811477,1,0.483308136,65.0605314,57.7811477,0.440109338
5420,542,0.516147928,1,1.15384615,0.523100312,67.7944476,62.8245591,1,0.562465874,67.7944476,62.8245591,0.441288432
5430,543,0.521776373,1,1.16568047,0.510407388,62.1082071,64.8398612,1,0.659333263,62.1082071,64.8398612,0.464062157
5440,544,0.535082894,1,1.23668639,0.516694953,61.3080131,59.1090845,1,0.565564582,61.3080131,59.1090845,0.445105617
5450,545,0.527896552,1,1.22485207,0.511479341,67.0389441,58.706084,1,0.52531207,67.0389441,58.706084,0.441929471
5460,546,0.522267836,1,1.19526627,0.513320664,67.1353602,64.3569651,1,0.51091169,67.1353602,64.3569651,0.434746426
5470,547,0.519099897,1,1.18343195,0.514150415,61.5437317,64.4067301,1,0.499962621,61.5437317,64.4067301,0.4301423
5480,548,0.51435829,1,1.09467456,0.517197663,61.8885884,58.7334007,1,0.487004233,61.8885884,58.7334007,0.437215456
5490,549,0.514624419,1,1.13609467,0.521207396,67.6158921,59.3778984,1,0.514990724,67.6158921,59.3778984,0.443342503
5500,550,0.532335967,1,1.20118343,0.522263372,66.0847703,65.0728381,1,0.64595285,66.0847703,65.0728381,0.453628835
5510,551,0.537853166,1,1.18343195,0.517461095,60.7075872,62.6192186,1,0.66124129,60.7075872,62.6192186,0.454656032
5520,552,0.5352876,1,1.21893491,0.515186613,63.7744993,57.6919463,1,0.552640805,63.7744993,57.6919463,0.446445272
5530,553,0.530939496,1,1.22485207,0.515891846,68.3875269,60.8224637,1,0.523573627,68.3875269,60.8224637,0.428842968
5540,554,0.527114904,1,1.23076923,0.515903902,65.2801848,65.315439,1,0.516118928,65.2801848,65.315439,0.420216923
5550,555,0.52279729,1,1.15976331,0.519898958,60.9068667,61.9751464,1,0.50210116,60.9068667,61.9751464,0.423310882
5560,556,0.502704957,1,1.05325444,0.509129216,64.8779991,57.3709596,1,0.49078177,64.8779991,57.3709596,0.467705141
5570,557,0.520545592,1,1.16568047,0.519298302,68.7391974,61.666491,1,0.556763164,68.7391974,61.666491,0.444296149
5580,558,0.510712754,1,1.15976331,0.513709085,64.2614112,65.3699464,1,0.574484566,64.2614112,65.3699464,0.446989604
5590,559,0.541777824,1,1.15384615,0.517738874,61.4378587,60.3076453,1,0.650255487,61.4378587,60.3076453,0.445884149
5600,560,0.530354255,1,1.24260355,0.513703343,66.7360377,58.2046398,1,0.533161747,66.7360377,58.2046398,0.438484027
5610,561,0.526920174,1,1.22485207,0.520037383,68.4811251,63.4981393,1,0.513541134,68.4811251,63.4981393,0.428748468
5620,562,0.516106168,1,1.13609467,0.513352131,62.9039986,65.1483914,1,0.507269848,62.9039986,65.1483914,0.447396623
5630,563,0.50782745,1,1.11242604,0.510831,61.5418714,59.2951821,1,0.499788704,61.5418714,59.2951821,0.462277929
5640,564,0.509120192,1,1.08284024,0.511338126,67.3042683,58.0866476,1,0.482235536,67.3042683,58.0866476,0.452904974
5650,565,0.519236653,1,1.19526627,0.5219337,67.7795904,63.8687446,1,0.562590064,67.7795904,63.8687446,0.446277022
5660,566,0.505548835,1,1.10059172,0.51437224,62.0398568,64.0222318,1,0.565105302,62.0398568,64.0222318,0.441675798
5670,567,0.540321574,1,1.17751479,0.516995863,63.03677,58.438581,1,0.650058743,63.03677,58.438581,0.436303677
5680,568,0.530941576,1,1.21893491,0.514630627,68.4654626,59.993319,1,0.526880432,68.4654626,59.993319,0.434379878
5690,569,0.526256008,1,1.18934911,0.519298515,66.5102867,65.2570989,1,0.508022181,66.5102867,65.2570989,0.431935862
5700,570,0.523808979,1,1.17751479,0.517745106,61.1803721,63.3061535,1,0.509470934,61.1803721,63.3061535,0.436596416
5710,571,0.521021656,1,1.1183432,0.52087502,63.2566481,58.0863167,1,0.483421501,63.2566481,58.0863167,0.432124364
5720,572,0.509868258,1,1.0887574,0.518734078,68.6605565,60.3658862,1,0.470877135,68.6605565,60.3658862,0.451156713
5730,573,0.51635451,1,1.17159763,0.522481888,65.8520489,65.3346385,1,0.548442396,65.8520489,65.3346385,0.439042893
5740,574,0.531554559,1,1.17751479,0.512714214,61.2418549,61.3594234,1,0.657206391,61.2418549,61.3594234,0.468260181
5750,575,0.529274179,1,1.15976331,0.509574184,65.7035742,57.615547,1,0.60867165,65.7035742,57.615547,0.448030202
5760,576,0.532056723,1,1.24852071,0.51986833,68.9114532,62.2992239,1,0.515617213,68.9114532,62.2992239,0.436685455
5770,577,0.522018102,1,1.17159763,0.507528645,64.3041595,65.597,1,0.507494573,64.3041595,65.597,0.435838874
5780,578,0.524899125,1,1.19526627,0.520316595,61.538721,60.7977373,1,0.512820878,61.538721,60.7977373,0.426077283
5790,579,0.508165,1,1.1183432,0.512742075,66.6582182,57.8107157,1,0.475179011,66.6582182,57.8107157,0.455937485
5800,580,0.513199304,1,1.12426036,0.521733333,69.0288267,62.8322659,1,0.510158551,69.0288267,62.8322659,0.427153439
5810,581,0.517883201,1,1.17159763,0.516235939,63.4418964,64.7604627,1,0.597740003,63.4418964,64.7604627,0.454639027
5820,582,0.530316554,1,1.15384615,0.513056517,62.7769375,58.7880292,1,0.65252887,62.7769375,58.7880292,0.462256702
5830,583,0.522784257,1,1.23076923,0.508879448,68.68771,59.1380009,1,0.529248153,68.68771,59.1380009,0.455471088
5840,584,0.525980962,1,1.24260355,0.513401407,68.0550087,64.7520427,1,0.513041618,68.0550087,64.7520427,0.43458322
5850,585,0.522203562,1,1.17159763,0.512033856,62.5293941,64.1288008,1,0.51494784,62.5293941,64.1288008,0.427742438
5860,586,0.522046913,1,1.13609467,0.520506152,63.3903078,58.6873137,1,0.495661364,63.3903078,58.6873137,0.423782313
5870,587,0.515799862,1,1.14201183,0.5195505,69.1091405,59.5816865,1,0.4816087,69.1091405,59.5816865,0.445257388
5880,588,0.515895769,1,1.18343195,0.518739526,67.4472257,65.2424079,1,0.551811696,67.4472257,65.2424079,0.453818302
5890,589,0.53240983,1,1.17751479,0.515070193,62.1210959,62.4084607,1,0.657655784,62.1210959,62.4084607,0.464088564
5900,590,0.526216833,1,1.15976331,0.50400527,65.3713961,57.5102354,1,0.631665528,65.3713961,57.5102354,0.452194274
5910,591,0.533667187,1,1.24852071,0.51326955,69.6849823,61.1814231,1,0.538187233,69.6849823,61.1814231,0.435717768
5920,592,0.520858487,1,1.17751479,0.512309337,65.7188225,65.3590656,1,0.506237252,65.7188225,65.3590656,0.443113783
5930,593,0.531659077,1,1.23076923,0.514892938,61.7098447,61.8546197,1,0.530960134,61.7098447,61.8546197,0.409596744
5940,594,0.522339644,1,1.20118343,0.523891784,65.5891012,57.8937796,1,0.490176433,65.5891012,57.8937796,0.426468128
5950,595,0.513514753,1,1.16568047,0.519764649,69.5770494,62.0789591,1,0.48837534,69.5770494,62.0789591,0.444688963
5960,596,0.522848787,1,1.18934911,0.521934229,64.7053603,65.2908621,1,0.583254772,64.7053603,65.2908621,0.448862306
5970,597,0.53478289,1,1.15976331,0.515422509,62.3325175,59.7805402,1,0.665016933,62.3325175,59.7805402,0.461500192
5980,598,0.53417805,1,1.19526627,0.511513157,67.8324343,58.0622963,1,0.622243535,67.8324343,58.0622963,0.443236133
5990,599,0.533925,1,1.25443787,0.515706696,69.0135795,63.5450962,1,0.523194721,69.0135795,63.5450962,0.431429427
6000,600,0.525168234,1,1.21893491,0.516057585,63.4025341,64.3978486,1,0.50726496,63.4025341,64.3978486,0.436575
6010,601,0.519808316,1,1.15976331,0.520014334,62.6729189,58.7291324,1,0.49662321,62.6729189,58.7291324,0.439652107
6020,602,0.513130277,1,1.10650888,0.516219932,68.5414953,58.2889905,1,0.50147805,68.5414953,58.2889905,0.45269681
6030,603,0.515779287,1,1.14792899,0.513999625,68.3652362,64.2507034,1,0.556760512,68.3652362,64.2507034,0.458793689
6040,604,0.511509077,1,1.14201183,0.51026129,62.4457955,63.5900445,1,0.593960993,62.4457955,63.5900445,0.458168779
6050,605,0.526480057,1,1.11242604,0.511573631,63.7732544,58.074408,1,0.659140519,63.7732544,58.074408,0.436394536
6060,606,0.540672941,1,1.17159763,0.517070859,68.9004244,60.0458191,1,0.581138398,68.9004244,60.0458191,0.422547454
6070,607,0.528732678,1,1.19526627,0.515727406,66.6393037,65.1900136,1,0.514450097,66.6393037,65.1900136,0.432246123
6080,608,0.517326395,1,1.18343195,0.515629287,61.590194,62.4517547,1,0.520966621,61.590194,62.4517547,0.44183299
6090,609,0.506029933,1,1.1183432,0.508110246,64.8545154,57.3377513,1,0.518597486,64.8545154,57.3377513,0.466694435
6100,610,0.505461477,1,1.12426036,0.506849554,69.6408748,61.0833325,1,0.511569768,69.6408748,61.0833325,0.467516509
6110,611,0.50528421,1,1.15384615,0.512264023,65.7233279,65.4656534,1,0.515479263,65.7233279,65.4656534,0.452160559
6120,612,0.518263899,1,1.14792899,0.518179866,61.9751317,61.2706667,1,0.611003016,61.9751317,61.2706667,0.432735133
6130,613,0.541632478,1,1.20118343,0.516705814,66.6109243,58.086382,1,0.638522566,66.6109243,58.086382,0.432621309
6140,614,0.53595156,1,1.23668639,0.518980775,69.2380401,62.8665747,1,0.522094363,69.2380401,62.8665747,0.419579803
6150,615,0.518055028,1,1.16568047,0.515874477,64.0292646,65.2361265,1,0.508940647,64.0292646,65.2361265,0.440186331
6160,616,0.512633262,1,1.14201183,0.512951924,61.8420868,59.745649,1,0.508104951,61.8420868,59.745649,0.454621824
6170,617,0.513355948,1,1.10650888,0.513668158,67.3267083,57.6661054,1,0.485921647,67.3267083,57.6661054,0.451202041
6180,618,0.512027495,1,1.11242604,0.517395401,69.1806505,63.166086,1,0.484270797,69.1806505,63.166086,0.446464672
6190,619,0.511601286,1,1.16568047,0.522026783,63.5675662,64.4751255,1,0.543989537,63.5675662,64.4751255,0.443361953
6200,620,0.53410814,1,1.17751479,0.516146642,63.3010806,58.5689615,1,0.6710088,63.3010806,58.5689615,0.454782526
6210,621,0.525253804,1,1.21301775,0.507936572,69.152203,59.3994954,1,0.536070065,69.152203,59.3994954,0.454597945
6220,622,0.525504858,1,1.23076923,0.515231876,67.8649507,64.8579392,1,0.509983071,67.8649507,64.8579392,0.43139808
6230,623,0.515339921,1,1.16568047,0.509967806,62.2514363,63.3606872,1,0.513985401,62.2514363,63.3606872,0.446904591
6240,624,0.509150415,1,1.14792899,0.512808376,64.0206181,57.7009548,1,0.48047379,64.0206181,57.7009548,0.456138764
6250,625,0.517050172,1,1.14201183,0.519025141,69.2356575,59.3145701,1,0.470363174,69.2356575,59.3145701,0.419921032
6260,626,0.506809955,1,1.11242604,0.517199575,67.1154546,64.615065,1,0.505116772,67.1154546,64.615065,0.4391392
6270,627,0.527095094,1,1.17751479,0.522819157,62.1943678,61.6556795,1,0.620880098,62.1943678,61.6556795,0.441722408
6280,628,0.540517323,1,1.22485207,0.518795537,66.0810277,57.1884466,1,0.614976831,66.0810277,57.1884466,0.455487876
6290,629,0.526807459,1,1.24852071,0.505346901,70.0339131,61.4933726,1,0.513531556,70.0339131,61.4933726,0.449573708
6300,630,0.522714072,1,1.21893491,0.51242415,65.5997086,64.9536941,1,0.510158116,65.5997086,64.9536941,0.432660644
6310,631,0.525761333,1,1.21893491,0.521513721,62.2878494,60.5277183,1,0.510758891,62.2878494,60.5277183,0.425223034
6320,632,0.511976577,1,1.14201183,0.514098909,67.2601886,57.0648319,1,0.492897224,67.2601886,57.0648319,0.46610396
6330,633,0.503140967,1,1.08284024,0.509601662,70.3852215,62.1498639,1,0.472978836,70.3852215,62.1498639,0.459117893
6340,634,0.520719493,1,1.15384615,0.52055079,65.2339023,64.53819,1,0.571414082,65.2339023,64.53819,0.436772663
6350,635,0.507238181,1,1.12426036,0.513142042,63.0661097,59.2420413,1,0.585054726,63.0661097,59.2420413,0.44020245
6360,636,0.543842907,1,1.24260355,0.520372742,68.60217,58.0875536,1,0.604399786,68.60217,58.0875536,0.435012114
6370,637,0.530588902,1,1.22485207,0.514020532,69.2709128,63.6444669,1,0.517475994,69.2709128,63.6444669,0.430539099
6380,638,0.526649769,1,1.20710059,0.519589127,63.7555894,64.0522153,1,0.515286808,63.7555894,64.0522153,0.425413484
6390,639,0.517201927,1,1.17159763,0.515962722,63.5581897,58.3048879,1,0.510255209,63.5581897,58.3048879,0.442362799
6400,640,0.509562215,1,1.09467456,0.512495289,69.5085387,58.5734937,1,0.496228837,69.5085387,58.5734937,0.458185271
6410,641,0.512564566,1,1.12426036,0.515032336,68.8547678,64.4295031,1,0.518858765,68.8547678,64.4295031,0.453260788
6420,642,0.518808093,1,1.19526627,0.517917505,63.1426401,63.2566237,1,0.593604634,63.1426401,63.2566237,0.448561465
6430,643,0.534182661,1,1.15976331,0.517722761,65.0015948,57.8607491,1,0.663412404,65.0015948,57.8607491,0.439008934
6440,644,0.539555107,1,1.18343195,0.516970916,70.0928033,60.5071857,1,0.593274777,70.0928033,60.5071857,0.441380504
6450,645,0.535460855,1,1.24852071,0.514278717,67.353846,65.2671475,1,0.525943342,67.353846,65.2671475,0.422440945
6460,646,0.5200881,1,1.20118343,0.51367602,62.6522504,62.0764525,1,0.515964007,62.6522504,62.0764525,0.437079717
6470,647,0.517181613,1,1.16568047,0.519481208,66.2035863,57.64905,1,0.521311555,66.2035863,57.64905,0.436594404
6480,648,0.505157866,1,1.13017751,0.508541226,70.6668708,61.8722298,1,0.546473168,70.6668708,61.8722298,0.472661838
6490,649,0.504540791,1,1.16568047,0.505698977,66.2416865,65.8647898,1,0.523648911,66.2416865,65.8647898,0.458469229
6500,650,0.497022691,1,1.11242604,0.51602163,62.5382046,61.7085794,1,0.481219606,62.5382046,61.7085794,0.428219534
6510,651,0.514143401,1,1.17159763,0.517130976,66.9036638,58.5020304,1,0.611054428,66.9036638,58.5020304,0.416658946
6520,652,0.515174834,1,1.13609467,0.508153464,69.78617,63.001559,1,0.659054736,69.78617,63.001559,0.411050029
6530,653,0.532402705,1,1.25443787,0.51697294,64.7348383,65.0754505,1,0.514376056,64.7348383,65.0754505,0.42003788
6540,654,0.52750787,1,1.15976331,0.517228022,62.8794395,60.0065799,1,0.514888284,62.8794395,60.0065799,0.415213305
6550,655,0.523520942,1,1.18343195,0.521982488,68.1923726,58.2737423,1,0.505919102,68.1923726,58.2737423,0.429875334
6560,656,0.513792055,1,1.11242604,0.512553816,69.9240376,63.9501065,1,0.479996419,69.9240376,63.9501065,0.456509621
6570,657,0.514366744,1,1.13017751,0.515670456,64.2083113,65.1477273,1,0.507104583,64.2083113,65.1477273,0.449219058
6580,658,0.515031162,1,1.15384615,0.518064265,63.461373,59.2903342,1,0.553495752,63.461373,59.2903342,0.45421739
6590,659,0.531333948,1,1.17159763,0.516029906,69.3958251,59.5572816,1,0.666995368,69.3958251,59.5572816,0.456957927
6600,660,0.533140191,1,1.18934911,0.511298886,68.192485,65.2005048,1,0.567162185,68.192485,65.2005048,0.443853459
6610,661,0.531596579,1,1.23668639,0.516635299,62.8280151,63.6071932,1,0.509190094,62.8280151,63.6071932,0.430468157
6620,662,0.526895719,1,1.23668639,0.515362652,64.4437928,58.2820308,1,0.516194495,64.4437928,58.2820308,0.428069091
6630,663,0.527231137,1,1.17159763,0.522290294,69.6632612,60.0894879,1,0.502604525,69.6632612,60.0894879,0.42488948
6640,664,0.515776026,1,1.13609467,0.519091892,67.7206523,65.6269391,1,0.485481264,67.7206523,65.6269391,0.45140868
6650,665,0.517790019,1,1.12426036,0.519757448,62.3689515,63.1904125,1,0.526004741,62.3689515,63.1904125,0.452327073
6660,666,0.521549919,1,1.18343195,0.517121821,65.5943716,58.1020182,1,0.610615156,65.5943716,58.1020182,0.463426207
6670,667,0.536083539,1,1.16568047,0.519093683,70.0371412,62.018288,1,0.661601026,70.0371412,62.018288,0.455572795
6680,668,0.533067669,1,1.23076923,0.514864239,65.7112283,65.9519709,1,0.544265352,65.7112283,65.9519709,0.449769065
6690,669,0.530629741,1,1.25443787,0.507915476,62.1022022,61.581513,1,0.514553405,62.1022022,61.581513,0.435998288
6700,670,0.533792898,1,1.21893491,0.518959218,66.3873143,58.2938122,1,0.510089841,66.3873143,58.2938122,0.415464113
6710,671,0.522723131,1,1.17751479,0.520646019,69.6802367,62.8581817,1,0.501464453,69.6802367,62.8581817,0.432939634
6720,672,0.509685109,1,1.10650888,0.514103033,64.6784044,66.1622633,1,0.493101808,64.6784044,66.1622633,0.461123414
6730,673,0.504946749,1,1.12426036,0.512302121,61.7691288,61.0502878,1,0.494272865,61.7691288,61.0502878,0.452450122
6740,674,0.522373654,1,1.18343195,0.521301118,66.9903505,58.7441136,1,0.574538394,66.9903505,58.7441136,0.439065683
6750,675,0.524088329,1,1.13017751,0.51764743,68.6730705,64.2989927,1,0.639958954,68.6730705,64.2989927,0.44647355
6760,676,0.537953948,1,1.24852071,0.516891287,62.9870787,64.997245,1,0.547147527,62.9870787,64.997245,0.440669604
6770,677,0.525375219,1,1.20118343,0.513395396,62.8178011,59.2855018,1,0.509420454,62.8178011,59.2855018,0.439557769
6780,678,0.517034376,1,1.19526627,0.514809169,68.6410221,59.4685101,1,0.505603049,68.6410221,59.4685101,0.448161233
6790,679,0.514084678,1,1.14792899,0.512078681,68.3546697,65.2542448,1,0.503095101,68.3546697,65.2542448,0.445601277
6800,680,0.519653554,1,1.13609467,0.520846844,62.6508962,64.6076675,1,0.5010972,62.6508962,64.6076675,0.441561879
6810,681,0.512842737,1,1.17159763,0.516599642,63.5982402,58.697431,1,0.51657772,63.5982402,58.697431,0.460436864
6820,682,0.522282848,1,1.15976331,0.518383749,69.21036,60.3998329,1,0.598531153,69.21036,60.3998329,0.451126539
6830,683,0.541923514,1,1.20118343,0.521470965,66.5667924,65.6692473,1,0.617456969,66.5667924,65.6692473,0.453488637
6840,684,0.5318979,1,1.24852071,0.515329292,61.6874142,62.5332064,1,0.531820142,61.6874142,62.5332064,0.446174303
6850,685,0.532849004,1,1.22485207,0.513422157,64.8412921,58.0165628,1,0.518631957,64.8412921,58.0165628,0.423754811
6860,686,0.522970274,1,1.19526627,0.520677925,69.2176143,61.6126997,1,0.500352454,69.2176143,61.6126997,0.435716082
6870,687,0.519266853,1,1.12426036,0.516387999,65.7000827,66.0219875,1,0.490593314,65.7000827,66.0219875,0.433881935
6880,688,0.514822758,1,1.10059172,0.518647365,61.407491,62.1130925,1,0.48501274,61.407491,62.1130925,0.446589996
6890,689,0.520127321,1,1.14201183,0.518459516,65.7106988,58.2145979,1,0.55759396,65.7106988,58.2145979,0.446656594
6900,690,0.513128554,1,1.18343195,0.514601572,69.2768866,62.8477939,1,0.589004696,69.2768866,62.8477939,0.449748124
6910,691,0.540595812,1,1.19526627,0.517172001,64.0919818,65.5195127,1,0.644571496,64.0919818,65.5195127,0.448675363
6920,692,0.533270847,1,1.21893491,0.511374668,61.9944477,60.2869574,1,0.561266176,61.9944477,60.2869574,0.43363937
6930,693,0.527504974,1,1.24852071,0.519481634,67.3575192,58.7278394,1,0.514689812,67.3575192,58.7278394,0.429623373
6940,694,0.517921671,1,1.20118343,0.512761189,68.8718896,64.4050568,1,0.512029942,68.8718896,64.4050568,0.451978654
6950,695,0.51590722,1,1.12426036,0.515420437,63.207332,65.6533004,1,0.486371893,63.207332,65.6533004,0.446189153
6960,696,0.516811559,1,1.13017751,0.517207912,62.2224261,59.9755106,1,0.487326504,62.2224261,59.9755106,0.443275437
6970,697,0.523549291,1,1.20118343,0.52115835,68.0318687,59.5024163,1,0.550665076,68.0318687,59.5024163,0.448359542
6980,698,0.518614737,1,1.14792899,0.515360624,67.9911797,65.4071616,1,0.610859453,67.9911797,65.4071616,0.454221961
6990,699,0.536616649,1,1.17159763,0.514957364,62.3483649,64.4349603,1,0.662802459,62.3483649,64.4349603,0.440457896
7000,700,0.530996001,1,1.21893491,0.514204767,64.0001616,59.0645292,1,0.517953413,64.0001616,59.0645292,0.43220887
7010,701,0.510560764,1,1.21893491,0.510550381,69.490606,61.3938393,1,0.507343267,69.490606,61.3938393,0.458778057
7020,702,0.509680295,1,1.15976331,0.50831963,66.9392792,66.6907887,1,0.507396175,66.9392792,66.6907887,0.4522589
7030,703,0.508720175,1,1.1183432,0.511193591,61.6514844,63.9877525,1,0.474707034,61.6514844,63.9877525,0.456816738
7040,704,0.511593644,1,1.13609467,0.51758017,64.3616517,59.0816418,1,0.484852222,64.3616517,59.0816418,0.431146323
7050,705,0.511099874,1,1.17751479,0.522184415,69.0975834,62.1529092,1,0.538339062,69.0975834,62.1529092,0.434201521
7060,706,0.540164574,1,1.19526627,0.52120901,65.1826983,66.3790393,1,0.667050238,65.1826983,66.3790393,0.443136357
7070,707,0.532231975,1,1.20710059,0.51032038,61.6244057,61.7834094,1,0.558158902,61.6244057,61.7834094,0.447089601
7080,708,0.529010633,1,1.17751479,0.518812401,66.4089495,58.8032694,1,0.503415943,66.4089495,58.8032694,0.433597137
7090,709,0.522522318,1,1.18343195,0.516421286,69.446339,63.6113874,1,0.492191002,69.446339,63.6113874,0.437473469
7100,710,0.523706218,1,1.17751479,0.518277253,64.5750139,66.3755274,1,0.508935768,64.5750139,66.3755274,0.430839821
7110,711,0.511181309,1,1.15976331,0.51444077,61.7647255,61.1326256,1,0.480293299,61.7647255,61.1326256,0.457583958
7120,712,0.507981772,1,1.10650888,0.518840391,66.908298,58.7354444,1,0.484090778,66.908298,58.7354444,0.436519427
7130,713,0.51311699,1,1.15976331,0.520271884,68.7988285,64.1346951,1,0.564656165,68.7988285,64.1346951,0.440051191
7140,714,0.537206597,1,1.21301775,0.518161042,62.8945917,64.8002189,1,0.620661621,62.8945917,64.8002189,0.457048242
7150,715,0.52868067,1,1.23076923,0.509021101,62.9641435,59.087122,1,0.542338737,62.9641435,59.087122,0.439501555
7160,716,0.524404265,1,1.20710059,0.516358856,68.6399142,59.5858267,1,0.508181981,68.6399142,59.5858267,0.438279851
7170,717,0.529510226,1,1.21301775,0.514046317,68.4445682,65.0144932,1,0.515666139,68.4445682,65.0144932,0.417860002
7180,718,0.52644273,1,1.16568047,0.524826031,62.9516644,64.5348406,1,0.493517785,62.9516644,64.5348406,0.424138934
7190,719,0.51751291,1,1.12426036,0.521523939,63.5416828,58.8453702,1,0.490370659,63.5416828,58.8453702,0.439998625
7200,720,0.520852161,1,1.15976331,0.520013885,69.3187556,60.3549622,1,0.568002201,69.3187556,60.3549622,0.459311536
7210,721,0.520437734,1,1.21893491,0.507136248,66.9554249,66.0372893,1,0.664566337,66.9554249,66.0372893,0.473399972
7220,722,0.526299201,1,1.16568047,0.507240709,61.8751304,63.3972922,1,0.664341061,61.8751304,63.3972922,0.440407133
7230,723,0.539173092,1,1.21893491,0.512107965,64.8286689,58.6835949,1,0.64575525,64.8286689,58.6835949,0.427891013
7240,724,0.534056521,1,1.25443787,0.515478348,69.1832291,61.9605937,1,0.519630516,69.1832291,61.9605937,0.419219587
7250,725,0.52333532,1,1.20710059,0.517333132,65.6487103,66.2433369,1,0.518376356,65.6487103,66.2433369,0.427146254
7260,726,0.509417875,1,1.11242604,0.5149594,61.3423703,62.2642453,1,0.505199519,61.3423703,62.2642453,0.451019449
7270,727,0.510799457,1,1.10059172,0.51389276,65.6282109,58.2812086,1,0.502898792,65.6282109,58.2812086,0.450069103
7280,728,0.518611538,1,1.17751479,0.519187036,69.1820052,63.0082429,1,0.558492343,69.1820052,63.0082429,0.454915991
7290,729,0.532409168,1,1.16568047,0.517741275,63.8439275,65.7438954,1,0.662902997,63.8439275,65.7438954,0.46140298
7300,730,0.535079843,1,1.17159763,0.513219728,61.8875405,60.3380337,1,0.607792824,61.8875405,60.3380337,0.442229364
7310,731,0.534430232,1,1.25443787,0.514646752,67.3442581,58.9596483,1,0.534716401,67.3442581,58.9596483,0.432932162
7320,732,0.529654808,1,1.21301775,0.515631365,68.4783991,64.4389499,1,0.51039455,68.4783991,64.4389499,0.430418966
7330,733,0.51968404,1,1.12426036,0.519511052,62.8515976,65.4505808,1,0.495730811,62.8515976,65.4505808,0.4397706
7340,734,0.516382927,1,1.09467456,0.519115281,62.0588559,59.7278212,1,0.486854677,62.0588559,59.7278212,0.444415827
7350,735,0.51702251,1,1.13609467,0.517488805,67.9702171,59.4235124,1,0.543682921,67.9702171,59.4235124,0.455322213
7360,736,0.517667854,1,1.15976331,0.513362721,67.4780285,65.4822532,1,0.627667463,67.4780285,65.4822532,0.467592281
7370,737,0.523423029,1,1.10650888,0.510227755,61.9027358,64.5135034,1,0.649017741,61.9027358,64.5135034,0.435294668
7380,738,0.542736834,1,1.20710059,0.519448051,63.7224456,59.1806368,1,0.586614076,63.7224456,59.1806368,0.433445052
7390,739,0.533528935,1,1.23076923,0.514373737,68.96184,61.1203863,1,0.520663982,68.96184,61.1203863,0.429764501
7400,740,0.517076725,1,1.16568047,0.516672381,66.395242,66.3022157,1,0.513900633,66.395242,66.3022157,0.444817499
7410,741,0.513311711,1,1.11242604,0.511853063,61.2622826,63.5481769,1,0.514083564,61.2622826,63.5481769,0.448086016
7420,742,0.50662503,1,1.13609467,0.509987072,64.4532971,58.4259647,1,0.483698294,64.4532971,58.4259647,0.464220614
7430,743,0.511480472,1,1.14792899,0.515188824,69.0765323,61.9080147,1,0.523147698,69.0765323,61.9080147,0.445217696
7440,744,0.514851626,1,1.13017751,0.519416582,65.2623523,66.1154451,1,0.590987223,65.2623523,66.1154451,0.436842077
7450,745,0.542784617,1,1.18934911,0.519133227,61.69559,61.7502385,1,0.646683144,61.69559,61.7502385,0.433622566
7460,746,0.532092976,1,1.21301775,0.512497363,66.4646961,58.744498,1,0.523095381,66.4646961,58.744498,0.433636397
7470,747,0.524297072,1,1.18934911,0.519638594,69.0674042,63.7840229,1,0.509029199,69.0674042,63.7840229,0.436303055
7480,748,0.518506096,1,1.14792899,0.514777965,63.951591,66.4297593,1,0.507746132,63.951591,66.4297593,0.443035962
7490,749,0.519813955,1,1.10650888,0.519110223,61.66253,61.1871303,1,0.498267006,61.66253,61.1871303,0.440044098
7500,750,0.505099278,1,1.11242604,0.512367134,67.171345,58.8662744,1,0.471190622,67.171345,58.8662744,0.459826413
7510,751,0.507014322,1,1.14201183,0.521354771,68.9191548,64.1791702,1,0.50407477,68.9191548,64.1791702,0.430231123
7520,752,0.522876219,1,1.14792899,0.517266049,63.198606,65.189954,1,0.639094196,63.198606,65.189954,0.446858609
7530,753,0.529768965,1,1.24260355,0.514687619,63.5165304,59.3019136,1,0.537291854,63.5165304,59.3019136,0.453585944
7540,754,0.521135221,1,1.18343195,0.510050076,69.1768804,60.1451928,1,0.508096832,69.1768804,60.1451928,0.440217012
7550,755,0.517583512,1,1.20118343,0.513135563,68.0241305,65.8294857,1,0.501483419,68.0241305,65.8294857,0.446153966
7560,756,0.520687983,1,1.13017751,0.51430431,62.5855236,64.8338975,1,0.499518635,62.5855236,64.8338975,0.425306307
7570,757,0.518299595,1,1.09467456,0.522442468,63.8222865,59.3937443,1,0.476417841,63.8222865,59.3937443,0.429151145
7580,758,0.51965515,1,1.14792899,0.522175248,69.3953688,61.0819173,1,0.534518478,69.3953688,61.0819173,0.447935268
7590,759,0.526123587,1,1.18343195,0.515699057,66.8415584,66.520676,1,0.619831197,66.8415584,66.520676,0.462192122
7600,760,0.532748757,1,1.21301775,0.512401955,61.9420447,63.0205693,1,0.635054285,61.9420447,63.0205693,0.463176458
7610,761,0.530142179,1,1.17751479,0.503755943,65.4872299,58.5353303,1,0.600842921,65.4872299,58.5353303,0.439780113
7620,762,0.533410998,1,1.25443787,0.511464753,69.4852003,62.3663028,1,0.519430603,69.4852003,62.3663028,0.425935226
7630,763,0.524972835,1,1.20118343,0.519606186,65.5965679,66.2002586,1,0.512441374,65.5965679,66.2002586,0.420063952
7640,764,0.517386323,1,1.19526627,0.517989515,61.6918565,62.1326796,1,0.500922084,61.6918565,62.1326796,0.433725914
7650,765,0.508591555,1,1.1183432,0.516014471,66.2344821,58.4316134,1,0.496562768,66.2344821,58.4316134,0.450728132
7660,766,0.516172889,1,1.17159763,0.517280753,69.3584,63.3742544,1,0.555038008,69.3584,63.3742544,0.449776819
7670,767,0.53296584,1,1.17751479,0.517222852,63.7854226,65.6317391,1,0.66563178,63.7854226,65.6317391,0.462526598
7680,768,0.533418183,1,1.18934911,0.51306105,62.4739684,59.8936127,1,0.581354561,62.4739684,59.8936127,0.452775833
7690,769,0.526011972,1,1.21301775,0.51315336,68.1451754,59.1520908,1,0.517278347,68.1451754,59.1520908,0.439959954
7700,770,0.52673361,1,1.21301775,0.514141746,68.6944809,64.7132144,1,0.517859249,68.6944809,64.7132144,0.429860528
7710,771,0.526719945,1,1.19526627,0.522167339,63.1482307,65.0962893,1,0.504377205,63.1482307,65.0962893,0.427651058
7720,772,0.515811697,1,1.15384615,0.518374778,62.9541829,59.2539365,1,0.487815922,62.9541829,59.2539365,0.449659568
7730,773,0.515421,1,1.15976331,0.518091858,68.8660865,59.667892,1,0.536064452,68.8660865,59.667892,0.455875271
7740,774,0.529437033,1,1.14792899,0.517864923,67.5548659,65.5194677,1,0.633993548,67.5548659,65.5194677,0.461283506
7750,775,0.527790837,1,1.14792899,0.508975824,61.9456389,63.4655522,1,0.649392606,61.9456389,63.4655522,0.459495457
7760,776,0.536406907,1,1.20118343,0.511318066,64.4248203,58.4981937,1,0.598512554,64.4248203,58.4981937,0.427051197
7770,777,0.534192561,1,1.25443787,0.519033581,69.1371917,61.2822427,1,0.510609541,69.1371917,61.2822427,0.421025607
7780,778,0.526816489,1,1.18934911,0.516716678,66.4397622,66.0566533,1,0.5176528,66.4397622,66.0566533,0.421824176
7790,779,0.509702717,1,1.16568047,0.51416654,61.5536905,62.697362,1,0.499003191,61.5536905,62.697362,0.456112559
7800,780,0.514771657,1,1.11242604,0.515088329,65.0904349,58.112289,1,0.51766539,65.0904349,58.112289,0.44543347
7810,781,0.504472401,1,1.13609467,0.512151234,69.6415712,61.9267362,1,0.503002104,69.6415712,61.9267362,0.456788693
7820,782,0.530164918,1,1.13017751,0.520641544,65.2923507,65.690488,1,0.622521203,65.2923507,65.690488,0.442435072
7830,783,0.536953547,1,1.17159763,0.51695526,62.1515135,60.7694343,1,0.625075483,62.1515135,60.7694343,0.449072863
7840,784,0.531605114,1,1.23076923,0.518589744,67.2528933,58.2722522,1,0.510512355,67.2528933,58.2722522,0.436906793
7850,785,0.520074605,1,1.18343195,0.515087052,69.5015912,63.5928687,1,0.501722893,69.5015912,63.5928687,0.444330511
7860,786,0.512258945,1,1.14792899,0.510038329,63.9819513,65.7698676,1,0.5028384,63.9819513,65.7698676,0.456418713
7870,787,0.512052849,1,1.1183432,0.510711116,61.9082255,60.3599437,1,0.478524853,61.9082255,60.3599437,0.445673582
7880,788,0.515025324,1,1.10650888,0.520451535,67.2496814,58.6959183,1,0.48427246,67.2496814,58.6959183,0.43035785
7890,789,0.512246542,1,1.17751479,0.519449622,68.5273118,64.3798356,1,0.539518543,68.5273118,64.3798356,0.448133901
7900,790,0.530360465,1,1.20710059,0.517682209,62.662545,64.6517437,1,0.655973742,62.662545,64.6517437,0.451620513
7910,791,0.534369274,1,1.18934911,0.512333596,63.2557892,58.8342947,1,0.60354427,63.2557892,58.8342947,0.449816865
7920,792,0.535925306,1,1.24852071,0.520002354,68.6345429,59.9641254,1,0.525298288,68.6345429,59.9641254,0.422779678
7930,793,0.520126196,1,1.17751479,0.513827599,67.3410843,65.6005825,1,0.518068691,67.3410843,65.6005825,0.444843462
7940,794,0.517801611,1,1.17751479,0.515821821,61.7419116,64.019832,1,0.499875993,61.7419116,64.019832,0.447540994
7950,795,0.515478177,1,1.10650888,0.514366945,63.4844012,58.4497002,1,0.499246089,63.4844012,58.4497002,0.44894774
7960,796,0.512025528,1,1.13609467,0.516396226,68.9944235,60.6003526,1,0.503258343,68.9944235,60.6003526,0.454989768
7970,797,0.515214115,1,1.20118343,0.518810989,66.4407451,65.8990347,1,0.553513535,66.4407451,65.8990347,0.452457492
7980,798,0.531097405,1,1.17159763,0.519492181,61.599314,62.7669564,1,0.650462006,61.599314,62.7669564,0.443555897
7990,799,0.539041148,1,1.20710059,0.515278303,65.4557226,58.4180234,1,0.594570312,65.4557226,58.4180234,0.44711505
8000,800,0.530754601,1,1.21893491,0.521372587,69.1260841,62.73813,1,0.512526959,69.1260841,62.73813,0.436058693
8010,801,0.51119759,1,1.15384615,0.506393279,64.6895495,66.6315724,1,0.51352033,64.6895495,66.6315724,0.45405297
8020,802,0.518764443,1,1.14201183,0.515214125,61.3686296,61.9146957,1,0.501055485,61.3686296,61.9146957,0.443743056
8030,803,0.513510013,1,1.11242604,0.51732809,66.1307214,58.4581234,1,0.466155634,66.1307214,58.4581234,0.452641226
8040,804,0.509968012,1,1.15384615,0.522823409,69.2489523,63.1094718,1,0.488042666,69.2489523,63.1094718,0.430758279
8050,805,0.525252224,1,1.16568047,0.519781089,63.9114086,65.4244183,1,0.63111611,63.9114086,65.4244183,0.447533346
8060,806,0.530323883,1,1.17159763,0.511758538,62.4661301,59.7480807,1,0.650662983,62.4661301,59.7480807,0.45057254
8070,807,0.53275257,1,1.22485207,0.514863862,68.1321287,59.0885023,1,0.523181499,68.1321287,59.0885023,0.43878924
8080,808,0.530786046,1,1.23668639,0.512124228,68.7658149,64.6429628,1,0.523132705,68.7658149,64.6429628,0.430037767
8090,809,0.527133783,1,1.21301775,0.521501933,63.1684362,64.8794842,1,0.503707331,63.1684362,64.8794842,0.430951822
8100,810,0.518727508,1,1.16568047,0.518004344,62.9754383,59.0358171,1,0.499904289,62.9754383,59.0358171,0.44975794
8110,811,0.515106517,1,1.14792899,0.516646163,68.915928,59.3886462,1,0.523176371,68.915928,59.3886462,0.457766033
8120,812,0.510042767,1,1.18343195,0.510651696,68.0237444,65.3785543,1,0.547427392,68.0237444,65.3785543,0.465845233
8130,813,0.512018496,1,1.13609467,0.508531208,62.2641871,63.9242181,1,0.612332295,62.2641871,63.9242181,0.456948938
8140,814,0.531427972,1,1.1183432,0.514052192,64.3446365,58.7333447,1,0.67506718,64.3446365,58.7333447,0.430174287
8150,815,0.539562133,1,1.20118343,0.5147013,69.159644,61.308176,1,0.564104311,69.159644,61.308176,0.420017283
8160,816,0.526430149,1,1.17159763,0.516604917,66.2718423,66.0027627,1,0.51451636,66.2718423,66.0027627,0.423974867
8170,817,0.516156182,1,1.21301775,0.518835114,61.5837603,62.591387,1,0.512384721,61.5837603,62.591387,0.445991988
8180,818,0.504815553,1,1.11242604,0.505408876,65.1821897,57.7693835,1,0.501311642,65.1821897,57.7693835,0.462821371
8190,819,0.508822623,1,1.10059172,0.513858189,69.6389297,61.5960425,1,0.490451025,69.6389297,61.5960425,0.451859079
8200,820,0.505742531,1,1.14201183,0.51445194,65.7190124,65.8228514,1,0.506080285,65.7190124,65.8228514,0.443437792
8210,821,0.535405833,1,1.17159763,0.523473616,62.2609582,61.3343841,1,0.647644951,62.2609582,61.3343841,0.435852405
8220,822,0.540487204,1,1.17751479,0.516649962,67.1443939,58.2988158,1,0.626457167,67.1443939,58.2988158,0.442308487
8230,823,0.529168618,1,1.20118343,0.517739171,69.3648885,63.5349032,1,0.506715292,69.3648885,63.5349032,0.437496963
8240,824,0.512585672,1,1.21301775,0.509818488,63.8079983,65.6566127,1,0.507372928,63.8079983,65.6566127,0.457551234
8250,825,0.518439346,1,1.17159763,0.511434096,61.8601741,60.2874536,1,0.504576444,61.8601741,60.2874536,0.439350572
8260,826,0.517807786,1,1.13609467,0.521101366,67.2303919,58.5757764,1,0.488390753,67.2303919,58.5757764,0.433569725
8270,827,0.507587841,1,1.09467456,0.518438024,68.9136407,64.0515923,1,0.47414872,68.9136407,64.0515923,0.440668437
8280,828,0.52679794,1,1.16568047,0.523629311,63.3329091,64.8045185,1,0.592215306,63.3329091,64.8045185,0.433176399
8290,829,0.534469668,1,1.19526627,0.514876425,63.4462327,58.7814772,1,0.65761728,63.4462327,58.7814772,0.463392871
8300,830,0.536062699,1,1.22485207,0.514976631,69.10391,59.7072781,1,0.559385579,69.10391,59.7072781,0.440994172
8310,831,0.525211518,1,1.21301775,0.511401588,67.7753048,65.4062902,1,0.515245594,67.7753048,65.4062902,0.450140876
8320,832,0.530260859,1,1.21893491,0.519852902,62.4670347,63.9512742,1,0.514679162,62.4670347,63.9512742,0.423390117
8330,833,0.52546429,1,1.18343195,0.520389365,63.7692145,58.5205239,1,0.506700575,63.7692145,58.5205239,0.429591254
8340,834,0.51871886,1,1.11242604,0.52180419,69.2667343,60.0443051,1,0.470629393,69.2667343,60.0443051,0.438830024
8350,835,0.516738838,1,1.14201183,0.51919696,67.1950582,65.4466841,1,0.51837924,67.1950582,65.4466841,0.445075224
8360,836,0.521784277,1,1.20710059,0.516536216,62.0128398,62.4016809,1,0.61698713,62.0128398,62.4016809,0.462354613
8370,837,0.526241813,1,1.1183432,0.512928049,65.5207494,57.7257871,1,0.667588501,65.5207494,57.7257871,0.449650837
8380,838,0.53977697,1,1.23076923,0.520207933,69.5055342,61.8631474,1,0.562147659,69.5055342,61.8631474,0.441864396
8390,839,0.534051771,1,1.22485207,0.515657349,65.3088141,65.5301682,1,0.523535243,65.3088141,65.5301682,0.428700397
8400,840,0.523844269,1,1.20118343,0.519270402,61.902295,61.0100208,1,0.516176478,61.902295,61.0100208,0.435388052
8410,841,0.515645589,1,1.14792899,0.5171438,66.5844659,57.5364116,1,0.49747022,66.5844659,57.5364116,0.448460126
8420,842,0.522308989,1,1.15976331,0.520000404,69.7109164,62.2917566,1,0.497774986,69.7109164,62.2917566,0.437772735
8430,843,0.505638348,1,1.14201183,0.513636433,64.545278,65.3792715,1,0.480351583,64.545278,65.3792715,0.462924641
8440,844,0.52297277,1,1.14201183,0.522725575,62.4064403,60.0541964,1,0.604130215,62.4064403,60.0541964,0.441427559
8450,845,0.526684841,1,1.13609467,0.510430882,68.1485871,58.5775907,1,0.666991266,68.1485871,58.5775907,0.456074154
8460,846,0.533849256,1,1.24260355,0.51552071,68.7316049,64.2381788,1,0.546305994,68.7316049,64.2381788,0.437733318
8470,847,0.526835451,1,1.22485207,0.51457953,63.1053346,64.5030823,1,0.520782581,63.1053346,64.5030823,0.433269474
8480,848,0.524968435,1,1.20118343,0.519764811,63.0802666,58.8701714,1,0.501315487,63.0802666,58.8701714,0.433305129
8490,849,0.517929515,1,1.14792899,0.51745627,68.8425812,58.8540115,1,0.492016836,68.8425812,58.8540115,0.443256715
8500,850,0.515690606,1,1.1183432,0.519042872,68.4565046,64.6315156,1,0.490973466,68.4565046,64.6315156,0.445414562
8510,851,0.524900827,1,1.15384615,0.519915383,62.6526451,63.4704334,1,0.584535508,62.6526451,63.4704334,0.455296879
8520,852,0.523896234,1,1.18934911,0.512417294,64.589954,57.7930745,1,0.653568821,64.589954,57.7930745,0.461445953
8530,853,0.537570462,1,1.14201183,0.513686518,69.7150144,60.3340597,1,0.644357162,69.7150144,60.3340597,0.440029917
8540,854,0.537469043,1,1.23668639,0.514902624,66.857445,65.1925217,1,0.570494783,66.857445,65.1925217,0.433578449
8550,855,0.531381778,1,1.21301775,0.512377397,62.2586656,62.179845,1,0.518421824,62.2586656,62.179845,0.42290202
8560,856,0.525090872,1,1.18343195,0.521386627,65.7182674,57.828524,1,0.505966307,65.7182674,57.828524,0.427617859
8570,857,0.519069427,1,1.15976331,0.519170275,70.183708,61.3442807,1,0.501110262,70.183708,61.3442807,0.437182378
8580,858,0.506491613,1,1.08284024,0.512992574,66.164999,65.7929652,1,0.506366911,66.164999,65.7929652,0.46115892
8590,859,0.517437524,1,1.15384615,0.513816828,62.3157152,61.2530063,1,0.576299162,62.3157152,61.2530063,0.457858483
8600,860,0.524040108,1,1.1183432,0.513856169,67.2183344,57.9657116,1,0.640917023,67.2183344,57.9657116,0.454054592
8610,861,0.537018787,1,1.16568047,0.513898244,69.7958748,63.0806986,1,0.646902509,69.7958748,63.0806986,0.440594048
8620,862,0.537925073,1,1.22485207,0.517108064,64.7102658,65.1195478,1,0.553556589,64.7102658,65.1195478,0.421467743
8630,863,0.519920424,1,1.16568047,0.513842294,63.1193123,59.6255949,1,0.514017786,63.1193123,59.6255949,0.439974791
8640,864,0.514974532,1,1.15384615,0.515556841,68.7512423,58.1615657,1,0.505531468,68.7512423,58.1615657,0.447623689
8650,865,0.515503981,1,1.13609467,0.517037757,70.1235852,63.690602,1,0.479573037,70.1235852,63.690602,0.438215631
8660,866,0.523011238,1,1.12426036,0.52377841,64.5435705,64.6702646,1,0.515227808,64.5435705,64.6702646,0.435796915
8670,867,0.517527231,1,1.16568047,0.515894035,64.1963552,58.6605433,1,0.597355967,64.1963552,58.6605433,0.46305717
8680,868,0.533650803,1,1.14201183,0.51651692,70.004441,59.1187554,1,0.661643797,70.004441,59.1187554,0.448164035
8690,869,0.537431627,1,1.21301775,0.51812683,68.6257611,64.7426926,1,0.584447039,68.6257611,64.7426926,0.445420007
8700,870,0.539030577,1,1.22485207,0.511601675,63.2508179,63.3836321,1,0.578168055,63.2508179,63.3836321,0.426469339
8710,871,0.52660435,1,1.21301775,0.520250985,65.1641579,58.1271082,1,0.510482117,65.1641579,58.1271082,0.430301349
8720,872,0.519477104,1,1.17751479,0.516940412,70.5318408,59.9613806,1,0.506152383,70.5318408,59.9613806,0.436341536
8730,873,0.516929538,1,1.13609467,0.519188601,68.3768745,65.2635304,1,0.486587211,68.3768745,65.2635304,0.440257274
8740,874,0.518444992,1,1.13017751,0.515918172,63.1942962,62.4586259,1,0.54251594,63.1942962,62.4586259,0.453302195
8750,875,0.509295818,1,1.17159763,0.513805715,66.3672322,57.443139,1,0.558100281,66.3672322,57.443139,0.456528133
8760,876,0.530692853,1,1.15384615,0.512213151,70.8142994,61.4053679,1,0.655391283,70.8142994,61.4053679,0.458165007
8770,877,0.534903062,1,1.20710059,0.517651441,66.2123772,65.0713216,1,0.573554764,66.2123772,65.0713216,0.452585633
8780,878,0.526546427,1,1.21301775,0.514304651,62.998062,60.3916339,1,0.500649248,62.998062,60.3916339,0.436712431
8790,879,0.518407809,1,1.17159763,0.510505593,67.8617134,57.376039,1,0.506631633,67.8617134,57.376039,0.440205153
8800,880,0.520084663,1,1.18934911,0.520369461,70.5662638,62.4400748,1,0.505883537,70.5662638,62.4400748,0.441615184
8810,881,0.502273553,1,1.07692308,0.508235833,65.2859518,65.310527,1,0.456665125,65.2859518,65.310527,0.462314667
8820,882,0.512992727,1,1.13017751,0.523526888,63.0423344,60.3484438,1,0.49339399,63.0423344,60.3484438,0.418903105
8830,883,0.517922252,1,1.17751479,0.519061792,68.5989685,58.5167661,1,0.596942814,68.5989685,58.5167661,0.450057366
8840,884,0.530685474,1,1.16568047,0.511784187,69.1852813,64.4375625,1,0.640202115,69.1852813,64.4375625,0.457673517
8850,885,0.526057151,1,1.22485207,0.51385953,63.429442,63.9419084,1,0.52280073,63.429442,63.9419084,0.444395469
8860,886,0.524498335,1,1.21301775,0.513578714,64.1117671,58.2718584,1,0.514125529,64.1117671,58.2718584,0.439304412
8870,887,0.517376368,1,1.18934911,0.509198617,69.7921923,59.0452199,1,0.501474259,69.7921923,59.0452199,0.440986777
8880,888,0.517548561,1,1.14792899,0.515937594,68.7265676,64.4932719,1,0.489693477,68.7265676,64.4932719,0.427022346
8890,889,0.513929628,1,1.10650888,0.520711208,63.1534143,63.4288033,1,0.464462093,63.1534143,63.4288033,0.436453781
8900,890,0.516232192,1,1.16568047,0.521542623,64.724215,57.971126,1,0.542948306,64.724215,57.971126,0.436863866
8910,891,0.534200172,1,1.15384615,0.521169544,69.9495686,60.5086388,1,0.656803729,69.9495686,60.5086388,0.446838276
8920,892,0.53369729,1,1.17751479,0.513035524,66.7877533,65.3500159,1,0.609641119,66.7877533,65.3500159,0.444799062
8930,893,0.526749982,1,1.22485207,0.512013537,62.429835,61.6139569,1,0.519923175,62.429835,61.6139569,0.441551794
8940,894,0.520301045,1,1.20118343,0.512669403,66.4138465,57.4489285,1,0.503774817,66.4138465,57.4489285,0.443358679
8950,895,0.525125026,1,1.17159763,0.520297898,70.3907526,61.2436089,1,0.510449725,70.3907526,61.2436089,0.42283477
8960,896,0.519710975,1,1.17751479,0.521743857,66.5089106,65.256444,1,0.49973775,66.5089106,65.256444,0.429472931
8970,897,0.509608112,1,1.18343195,0.515005558,62.7954689,60.5562115,1,0.551122856,62.7954689,60.5562115,0.460780366
8980,898,0.524396064,1,1.20118343,0.513132562,68.0287039,57.6057241,1,0.641010189,68.0287039,57.6057241,0.462128629
8990,899,0.527293632,1,1.16568047,0.5096942,70.2797405,62.9865605,1,0.668640773,70.2797405,62.9865605,0.448670395
9000,900,0.537240733,1,1.16568047,0.510499923,64.8663059,64.6589744,1,0.635582147,64.8663059,64.6589744,0.435837232
9010,901,0.533460485,1,1.24260355,0.520368396,63.6929424,59.248383,1,0.509390733,63.6929424,59.248383,0.425873839
9020,902,0.523593533,1,1.17751479,0.51363585,69.1880396,58.100836,1,0.517624196,69.1880396,58.100836,0.431818485
9030,903,0.515276731,1,1.14201183,0.51776402,69.7875042,63.8866616,1,0.51158997,69.7875042,63.8866616,0.447445977
9040,904,0.507459,1,1.09467456,0.510787304,63.7946182,64.3456072,1,0.491567411,63.7946182,64.3456072,0.462341056
9050,905,0.517480974,1,1.16568047,0.515959592,63.8622062,58.4983474,1,0.515913602,63.8622062,58.4983474,0.449819257
9060,906,0.51336129,1,1.14201183,0.5189558,69.5448197,58.8714946,1,0.541051222,69.5448197,58.8714946,0.438065512
9070,907,0.527332322,1,1.15384615,0.517332363,68.4578189,64.4588724,1,0.654166103,68.4578189,64.4588724,0.437856271
9080,908,0.536103025,1,1.22485207,0.514035112,63.1696729,62.5833775,1,0.570242373,63.1696729,62.5833775,0.431606114
9090,909,0.525030846,1,1.21893491,0.514392346,65.6432787,57.5586414,1,0.510119859,65.6432787,57.5586414,0.430815229
9100,910,0.517468442,1,1.20118343,0.513359548,70.6977215,60.2826964,1,0.503805923,70.6977215,60.2826964,0.441674244
9110,911,0.520274987,1,1.18343195,0.518450044,67.8354945,65.205115,1,0.492989353,67.8354945,65.205115,0.438006165
9120,912,0.516175572,1,1.12426036,0.517325834,62.8952232,62.0778516,1,0.504821756,62.8952232,62.0778516,0.44976034
9130,913,0.509549321,1,1.13609467,0.516870256,66.2952395,57.2830669,1,0.509958028,66.2952395,57.2830669,0.452148526
9140,914,0.524922735,1,1.15384615,0.519821661,70.5495566,61.2508103,1,0.605778615,70.5495566,61.2508103,0.447492703
9150,915,0.535603301,1,1.14201183,0.51333472,65.8460931,64.8471482,1,0.643063817,65.8460931,64.8471482,0.455448378
9160,916,0.533424688,1,1.24852071,0.517603087,63.0462839,59.8327758,1,0.53140433,63.0462839,59.8327758,0.441774683
9170,917,0.523196681,1,1.21893491,0.517852431,68.210785,57.3067614,1,0.510897336,68.210785,57.3067614,0.442242941
9180,918,0.51887022,1,1.20710059,0.513338079,70.752893,62.4580724,1,0.507579295,70.752893,62.4580724,0.441878171
9190,919,0.517747502,1,1.16568047,0.518563876,65.5639923,64.7214266,1,0.492678405,65.5639923,64.7214266,0.435465224
9200,920,0.518954884,1,1.13609467,0.521799679,63.6023132,59.3338283,1,0.519375352,63.6023132,59.3338283,0.441047709
9210,921,0.516542974,1,1.19526627,0.51657158,69.3821958,57.8320112,1,0.580555618,69.3821958,57.8320112,0.459369887
9220,922,0.524262076,1,1.15384615,0.517425143,70.1196588,63.5261664,1,0.634614545,70.1196588,63.5261664,0.441670141
9230,923,0.542021375,1,1.16568047,0.517849491,64.4380916,63.637928,1,0.645797882,64.4380916,63.637928,0.437128184
9240,924,0.536720099,1,1.24260355,0.516229491,64.8144293,58.0127015,1,0.531728763,64.8144293,58.0127015,0.433677022
9250,925,0.522819741,1,1.18343195,0.515858293,70.4198361,58.9248408,1,0.514805927,70.4198361,58.9248408,0.436856601
9260,926,0.517965064,1,1.15976331,0.517861305,69.2851977,64.6193173,1,0.509234576,69.2851977,64.6193173,0.446647387
9270,927,0.514099044,1,1.13609467,0.514743863,63.5183597,63.3534204,1,0.499336206,63.5183597,63.3534204,0.454164919
9280,928,0.512833266,1,1.14201183,0.517654323,65.1583585,57.6845826,1,0.506119151,65.1583585,57.6845826,0.453946002
9290,929,0.521455599,1,1.18343195,0.514693131,70.627282,60.1041082,1,0.599366403,70.627282,60.1041082,0.460018193
9300,930,0.529474921,1,1.17751479,0.512602825,67.4818124,65.1113285,1,0.66751229,67.4818124,65.1113285,0.454863488
9310,931,0.536813378,1,1.19526627,0.510307519,62.9978685,61.7125157,1,0.638560731,62.9978685,61.7125157,0.432808916
9320,932,0.534501811,1,1.24260355,0.516200556,66.6696105,57.6455494,1,0.532290514,66.6696105,57.6455494,0.421478831
9330,933,0.525562295,1,1.16568047,0.519523999,70.5878913,61.573594,1,0.513154263,70.5878913,61.573594,0.426784167
9340,934,0.518782774,1,1.14792899,0.519756914,66.3444773,65.487948,1,0.502633769,66.3444773,65.487948,0.444084923
9350,935,0.508606768,1,1.1183432,0.514129735,62.5332095,60.9355545,1,0.501964491,62.5332095,60.9355545,0.456705787
9360,936,0.511464027,1,1.15384615,0.5161323,67.4844704,57.6920583,1,0.555205252,67.4844704,57.6920583,0.455312187
9370,937,0.525080064,1,1.15384615,0.513064142,69.9773169,63.1937838,1,0.650719392,69.9773169,63.1937838,0.464626003
9380,938,0.532346138,1,1.18343195,0.511943249,64.2579148,64.6027572,1,0.605313272,64.2579148,64.6027572,0.453107397
9390,939,0.53016496,1,1.23668639,0.512639888,63.3988431,58.9643145,1,0.534933747,63.3988431,58.9643145,0.438731629
9400,940,0.524370429,1,1.18934911,0.514288195,68.9627751,58.3577363,1,0.521101078,68.9627751,58.3577363,0.430530683
9410,941,0.521195761,1,1.14792899,0.516179712,69.4512911,63.8899051,1,0.508735101,69.4512911,63.8899051,0.427207387
9420,942,0.521687771,1,1.17159763,0.522694688,63.9947825,64.4194262,1,0.480664032,63.9947825,64.4194262,0.421703213
9430,943,0.519463664,1,1.13609467,0.523294459,63.855123,58.7071942,1,0.507056611,63.855123,58.7071942,0.439533771
9440,944,0.521840397,1,1.17751479,0.517512412,69.783673,59.3364871,1,0.592376724,69.783673,59.3364871,0.458604228
9450,945,0.5326343,1,1.17159763,0.517316088,68.3931934,64.9489009,1,0.648110821,68.3931934,64.9489009,0.444776541
9460,946,0.539891688,1,1.15976331,0.517321931,62.9769558,62.9011324,1,0.620879906,62.9769558,62.9011324,0.445417068
9470,947,0.537838458,1,1.20118343,0.508996467,65.1206588,57.85834,1,0.586908042,65.1206588,57.85834,0.421502088
9480,948,0.529263835,1,1.18934911,0.517290873,69.9881935,60.4838409,1,0.513216347,69.9881935,60.4838409,0.425421122
9490,949,0.511498825,1,1.18343195,0.514281338,66.9396616,65.4738866,1,0.509408158,66.9396616,65.4738866,0.449813263
9500,950,0.515062346,1,1.11242604,0.513449564,62.1948195,62.0953432,1,0.520508685,62.1948195,62.0953432,0.448060128
9510,951,0.500063556,1,1.05325444,0.506690973,65.8499351,57.2215268,1,0.481077634,65.8499351,57.2215268,0.468624807
9520,952,0.506032611,1,1.11242604,0.515941638,70.0809386,60.9204581,1,0.503989161,70.0809386,60.9204581,0.43230142
9530,953,0.536746549,1,1.18343195,0.522839868,65.7361173,64.6598104,1,0.654435117,65.7361173,64.6598104,0.440952621
9540,954,0.539659103,1,1.20118343,0.516372509,62.5284789,60.0171198,1,0.633413154,62.5284789,60.0171198,0.434077405
9550,955,0.526134787,1,1.21301775,0.511830412,67.7376474,57.4920745,1,0.51464495,67.7376474,57.4920745,0.445299517
9560,956,0.513144025,1,1.18343195,0.509446166,70.0099599,63.0031893,1,0.507267291,70.0099599,63.0031893,0.458553104
9570,957,0.518157905,1,1.15384615,0.511556413,64.625441,65.0725972,1,0.514634389,64.625441,65.0725972,0.443730111
9580,958,0.513599935,1,1.1183432,0.51437625,62.7052253,59.6115948,1,0.476768513,62.7052253,59.6115948,0.445289451
9590,959,0.510921838,1,1.09467456,0.520975135,68.0730331,57.9290924,1,0.475341004,68.0730331,57.9290924,0.432716579
9600,960,0.518660778,1,1.17159763,0.523823411,69.1756075,63.5060763,1,0.571762373,69.1756075,63.5060763,0.437302245
9610,961,0.53088517,1,1.15384615,0.513035068,63.2464525,63.5743526,1,0.673118962,63.2464525,63.5743526,0.456119089
9620,962,0.532720133,1,1.21893491,0.513804417,64.1336981,57.8634027,1,0.540943035,64.1336981,57.8634027,0.444573812
9630,963,0.529758484,1,1.21893491,0.516255197,69.6388846,59.0113069,1,0.521928424,69.6388846,59.0113069,0.432583833
9640,964,0.526091395,1,1.20118343,0.51467424,68.4100943,64.4674621,1,0.515810753,68.4100943,64.4674621,0.430216374
9650,965,0.519608182,1,1.15976331,0.519513219,62.838989,63.0858201,1,0.491383052,62.838989,63.0858201,0.441528738
9660,966,0.521568315,1,1.14792899,0.520270004,64.3093314,57.7035815,1,0.495307614,64.3093314,57.7035815,0.4291894
9670,967,0.512631573,1,1.13017751,0.517399355,69.8314277,59.7552168,1,0.518728853,69.8314277,59.7552168,0.453146499
9680,968,0.517731269,1,1.17751479,0.519022406,67.2821581,65.0409657,1,0.58259286,67.2821581,65.0409657,0.451414064
9690,969,0.540619086,1,1.16568047,0.520138953,62.506844,61.6244945,1,0.64777222,62.506844,61.6244945,0.451662936
9700,970,0.538887865,1,1.16568047,0.513005611,66.2404953,57.3611897,1,0.609435313,66.2404953,57.3611897,0.435930069
9710,971,0.534162638,1,1.21893491,0.523185537,69.9692073,61.523698,1,0.518071924,69.9692073,61.523698,0.429873858
9720,972,0.516811939,1,1.16568047,0.516890518,65.6526842,65.4376432,1,0.508048141,65.6526842,65.4376432,0.44821367
9730,973,0.52514269,1,1.20710059,0.52005661,62.1511299,61.1789725,1,0.505803016,62.1511299,61.1789725,0.424104751
9740,974,0.508636516,1,1.1183432,0.515571267,66.9257089,57.5933422,1,0.472995966,66.9257089,57.5933422,0.459310965
9750,975,0.51329456,1,1.17159763,0.518495466,69.9181382,62.4565367,1,0.533108091,69.9181382,62.4565367,0.439238812
9760,976,0.51417039,1,1.13609467,0.5123715,64.4974391,64.8832824,1,0.616917661,64.4974391,64.8832824,0.456854915
9770,977,0.537616099,1,1.21301775,0.517514842,63.0980784,59.2342412,1,0.614398381,63.0980784,59.2342412,0.44767563
9780,978,0.532615599,1,1.21893491,0.51172753,68.6851568,58.3300824,1,0.56067893,68.6851568,58.3300824,0.435366599
9790,979,0.529524007,1,1.21893491,0.517696659,69.1383229,63.8778931,1,0.50394513,69.1383229,63.8778931,0.428176006
9800,980,0.522877958,1,1.16568047,0.5159164,63.5728915,64.3988988,1,0.509717226,63.5728915,64.3988988,0.429981931
9810,981,0.517784128,1,1.15976331,0.519012702,63.3735719,58.6838278,1,0.486886585,63.3735719,58.6838278,0.439888133
9820,982,0.51490656,1,1.08284024,0.516092435,69.2571585,58.8768948,1,0.510558242,69.2571585,58.8768948,0.452827188
9830,983,0.512937131,1,1.18343195,0.514515585,68.5751181,64.8044305,1,0.566368278,68.5751181,64.8044305,0.458972728
9840,984,0.522922276,1,1.16568047,0.517660757,62.9423729,63.5827918,1,0.608136568,62.9423729,63.5827918,0.443361415
9850,985,0.53996463,1,1.17159763,0.518959534,65.2277539,58.1767913,1,0.617049607,65.2277539,58.1767913,0.451478882
9860,986,0.538171267,1,1.21301775,0.508036994,70.2533441,60.4239338,1,0.60463855,70.2533441,60.4239338,0.423469796
9870,987,0.529894123,1,1.23668639,0.51340254,67.4050705,65.2142028,1,0.517143488,67.4050705,65.2142028,0.428699279
9880,988,0.520153732,1,1.18934911,0.517647056,62.7676024,62.1240882,1,0.512769802,62.7676024,62.1240882,0.428668767
9890,989,0.502754419,1,1.07692308,0.510058752,66.4803073,57.3264097,1,0.516409621,66.4803073,57.3264097,0.466650513
9900,990,0.509764677,1,1.11242604,0.508386034,70.8677516,61.3322233,1,0.520656776,70.8677516,61.3322233,0.457004723
9910,991,0.507800112,1,1.18934911,0.514579825,66.7185008,65.4543914,1,0.51591048,66.7185008,65.4543914,0.449908289
9920,992,0.523025554,1,1.11242604,0.516924352,63.2424422,60.9155557,1,0.633738114,63.2424422,60.9155557,0.439768721
9930,993,0.536916506,1,1.20118343,0.514422252,68.156784,58.1546033,1,0.63162665,68.156784,58.1546033,0.433600677
9940,994,0.531412052,1,1.23076923,0.519678288,70.295649,63.2679933,1,0.514014735,70.295649,63.2679933,0.426361389
9950,995,0.518930885,1,1.16568047,0.512651876,64.9213454,65.2671427,1,0.511752815,64.9213454,65.2671427,0.441083508
9960,996,0.511501618,1,1.15976331,0.513754916,63.1671547,59.5651501,1,0.503845751,63.1671547,59.5651501,0.458902115
9970,997,0.512224521,1,1.09467456,0.511013641,68.7152478,57.8191879,1,0.483167516,68.7152478,57.8191879,0.447410173
9980,998,0.519624532,1,1.14792899,0.52043316,69.8598838,63.458073,1,0.520785574,69.8598838,63.458073,0.442606696
9990,999,0.500158249,1,1.13609467,0.512307102,64.0803382,64.4805372,1,0.512013419,64.0803382,64.4805372,0.451483948
10000,1000,0.520605098,1,1.15384615,0.519170115,63.9701779,58.8825437,1,0.625437151,63.9701779,58.8825437,0.430698256
10010,1001,0.536496381,1,1.19526627,0.512173493,69.657966,59.5963308,1,0.59873125,69.657966,59.5963308,0.440953953
10020,1002,0.518706275,1,1.20118343,0.514276705,67.9628999,65.1174317,1,0.501791758,67.9628999,65.1174317,0.444265258
10030,1003,0.513873224,1,1.16568047,0.509056857,62.4592987,63.2542676,1,0.512170376,62.4592987,63.2542676,0.446955555
10040,1004,0.515423719,1,1.10650888,0.514338658,64.480184,57.8199035,1,0.489015032,64.480184,57.8199035,0.445996599
10050,1005,0.514614922,1,1.10059172,0.516452494,69.7436053,59.8271039,1,0.471564265,69.7436053,59.8271039,0.433319761
10060,1006,0.510391203,1,1.14792899,0.520783471,67.3824256,65.0160385,1,0.49999784,67.3824256,65.0160385,0.438530438
10070,1007,0.530330396,1,1.16568047,0.523484909,62.4996717,61.9193527,1,0.632485181,62.4996717,61.9193527,0.444764068
10080,1008,0.534685645,1,1.15384615,0.511135547,66.3894137,57.4833642,1,0.65397778,66.3894137,57.4833642,0.453833683
10090,1009,0.534375775,1,1.25443787,0.520658774,69.9722512,61.9613294,1,0.525255321,69.9722512,61.9613294,0.441144938
10100,1010,0.520487342,1,1.21301775,0.50708782,65.4507427,65.6173746,1,0.500511223,65.4507427,65.6173746,0.447284417
10110,1011,0.526890727,1,1.19526627,0.516931159,62.2787492,61.0370043,1,0.513895373,62.2787492,61.0370043,0.428575004
10120,1012,0.51282422,1,1.10059172,0.514029658,67.1129153,57.7311777,1,0.473020743,67.1129153,57.7311777,0.450493824
10130,1013,0.518516705,1,1.15384615,0.521814491,70.0743482,62.1227925,1,0.479396605,70.0743482,62.1227925,0.407448149
10140,1014,0.512703,1,1.15976331,0.521055877,65.0854217,64.9632142,1,0.517053662,65.0854217,64.9632142,0.441604012
10150,1015,0.525663845,1,1.20118343,0.518657768,63.0629173,59.4479207,1,0.631857609,63.0629173,59.4479207,0.451879614
10160,1016,0.536918521,1,1.20118343,0.517046238,68.8951965,58.653748,1,0.611620013,68.8951965,58.653748,0.452777038
10170,1017,0.528317058,1,1.22485207,0.514171163,69.0503172,64.4522994,1,0.51821045,69.0503172,64.4522994,0.44620199
10180,1018,0.523505603,1,1.20710059,0.510982588,63.3040679,64.386714,1,0.517847325,63.3040679,64.386714,0.442047968
10190,1019,0.521794166,1,1.15976331,0.516409072,63.6416093,58.8239341,1,0.511167233,63.6416093,58.8239341,0.428693171
10200,1020,0.519362756,1,1.13609467,0.521327875,69.3569047,59.3527317,1,0.492519622,69.3569047,59.3527317,0.441515868
10210,1021,0.516481646,1,1.14792899,0.519322295,68.4912622,65.1662441,1,0.515397616,68.4912622,65.1662441,0.452123612
10220,1022,0.519410241,1,1.15384615,0.515867253,62.7276814,63.5363506,1,0.589365762,62.7276814,63.5363506,0.460739157
10230,1023,0.53907479,1,1.20118343,0.517701817,65.321699,58.1571785,1,0.649069077,65.321699,58.1571785,0.459382263
10240,1024,0.527723851,1,1.18934911,0.504249886,70.4487029,61.0298764,1,0.630861126,70.4487029,61.0298764,0.452073213
10250,1025,0.536622412,1,1.23076923,0.515914829,67.1213155,65.4013981,1,0.533949498,67.1213155,65.4013981,0.422599094
10260,1026,0.525562408,1,1.20118343,0.519604011,62.7717743,61.9252262,1,0.514318202,62.7717743,61.9252262,0.428305316
10270,1027,0.518717195,1,1.15976331,0.516832465,66.2625536,57.4731061,1,0.507908704,66.2625536,57.4731061,0.435189638
10280,1028,0.517540356,1,1.13609467,0.522310869,70.3440729,61.3056897,1,0.4990185,70.3440729,61.3056897,0.430683345
10290,1029,0.516798693,1,1.17751479,0.514536863,65.7093021,65.1620343,1,0.583296906,65.7093021,65.1620343,0.463792536
10300,1030,0.525768483,1,1.17751479,0.513011131,62.6293702,60.0174387,1,0.654305309,62.6293702,60.0174387,0.461236083
10310,1031,0.529973517,1,1.15384615,0.509636794,67.8664236,57.5659592,1,0.663700922,67.8664236,57.5659592,0.444802196
10320,1032,0.535517313,1,1.14792899,0.507114054,69.8139554,62.829838,1,0.640710711,69.8139554,62.829838,0.431738606
10330,1033,0.536634723,1,1.23076923,0.52192562,64.6115806,64.3005663,1,0.511277477,64.6115806,64.3005663,0.415866853
10340,1034,0.519715567,1,1.17159763,0.513091165,63.1654219,58.8262568,1,0.510776878,63.1654219,58.8262568,0.435546581
10350,1035,0.519464966,1,1.14792899,0.520595321,68.7972159,57.671116,1,0.499943312,68.7972159,57.671116,0.442233799
10360,1036,0.5137068,1,1.10650888,0.515634303,69.702564,63.5396591,1,0.517425834,69.702564,63.5396591,0.456766705
10370,1037,0.516180622,1,1.15976331,0.516978153,63.7587209,63.7659816,1,0.558827175,63.7587209,63.7659816,0.457550032
10380,1038,0.521657015,1,1.13609467,0.514738517,63.9882362,57.9256783,1,0.614981356,63.9882362,57.9256783,0.449600876
10390,1039,0.537288879,1,1.19526627,0.515794784,69.7413828,59.3783973,1,0.602824683,69.7413828,59.3783973,0.456440359
10400,1040,0.533529725,1,1.23668639,0.509188463,68.0283841,64.718883,1,0.552127256,68.0283841,64.718883,0.431422252
10410,1041,0.526490374,1,1.22485207,0.518717679,62.9347777,62.5620395,1,0.513234199,62.9347777,62.5620395,0.425495192
10420,1042,0.522121218,1,1.14792899,0.51786943,65.0382282,57.3751533,1,0.509474019,65.0382282,57.3751533,0.430551406
10430,1043,0.514484882,1,1.15976331,0.517432764,70.2948978,59.8885931,1,0.483723963,70.2948978,59.8885931,0.448204537
10440,1044,0.515201866,1,1.1183432,0.516260968,67.433009,64.9084108,1,0.517725651,67.433009,64.9084108,0.444486124
10450,1045,0.506061959,1,1.14201183,0.51757589,62.5214454,61.7725463,1,0.522800762,62.5214454,61.7725463,0.448251718
10460,1046,0.532884508,1,1.17751479,0.516867294,66.5634258,57.4841933,1,0.655219605,66.5634258,57.4841933,0.453308522
10470,1047,0.534163951,1,1.21893491,0.514441707,70.0786594,62.1445992,1,0.564759099,70.0786594,62.1445992,0.449037437
10480,1048,0.529268315,1,1.22485207,0.514818911,65.2858542,65.1850549,1,0.522602798,65.2858542,65.1850549,0.436604385
10490,1049,0.521016076,1,1.15384615,0.517510222,62.5411556,60.1661254,1,0.499655574,62.5411556,60.1661254,0.440031083
10500,1050,0.522407377,1,1.16568047,0.519688005,67.5920919,57.6108414,1,0.510408232,67.5920919,57.6108414,0.435424257
10510,1051,0.509358282,1,1.14201183,0.51289013,70.1647442,63.0185627,1,0.480024694,70.1647442,63.0185627,0.460652924
10520,1052,0.504240262,1,1.10650888,0.515825391,64.9394125,65.2721327,1,0.470511616,64.9394125,65.2721327,0.437736706
10530,1053,0.511013723,1,1.14792899,0.521658296,63.2137361,59.9324026,1,0.550336996,63.2137361,59.9324026,0.431665802
10540,1054,0.539862761,1,1.20710059,0.518470166,68.9937246,59.2735615,1,0.634722768,68.9937246,59.2735615,0.447493601
10550,1055,0.53079181,1,1.23668639,0.512861308,68.7812177,64.9958403,1,0.533087183,68.7812177,64.9958403,0.44047872
10560,1056,0.51798321,1,1.18343195,0.514125757,62.9525802,64.3447079,1,0.506331049,62.9525802,64.3447079,0.451145741
10570,1057,0.520553819,1,1.14792899,0.514335617,63.65467,58.6094789,1,0.513965887,63.65467,58.6094789,0.444464854
10580,1058,0.524073708,1,1.15976331,0.521427877,69.2020268,59.2960236,1,0.499885434,69.2020268,59.2960236,0.429975308
10590,1059,0.514335409,1,1.12426036,0.519103152,68.4217916,65.0074089,1,0.468953473,68.4217916,65.0074089,0.443417934
10600,1060,0.516849429,1,1.17751479,0.519108486,62.8366357,63.4550197,1,0.550193451,62.8366357,63.4550197,0.445914248
10610,1061,0.529604564,1,1.18343195,0.514895058,65.4350857,58.0589202,1,0.655822426,65.4350857,58.0589202,0.460703305
10620,1062,0.528504272,1,1.14201183,0.508163861,70.3896276,61.0540627,1,0.663728842,70.3896276,61.0540627,0.445346508
10630,1063,0.538080136,1,1.24260355,0.513129586,66.9284625,65.4680546,1,0.566850703,66.9284625,65.4680546,0.43147599
10640,1064,0.52510847,1,1.18343195,0.515342938,62.7414487,61.6581205,1,0.509746965,62.7414487,61.6581205,0.435459918
10650,1065,0.527710936,1,1.22485207,0.519537048,66.315836,57.5413193,1,0.516687397,66.315836,57.5413193,0.419384562
10660,1066,0.513278755,1,1.17159763,0.51444225,70.504096,61.4993738,1,0.496476094,70.504096,61.4993738,0.443277983
10670,1067,0.519506339,1,1.18934911,0.521944377,66.0789389,65.087545,1,0.537713408,66.0789389,65.087545,0.438238728
10680,1068,0.505540878,1,1.14201183,0.506349389,62.7396136,59.97386,1,0.592602468,62.7396136,59.97386,0.469803351
10690,1069,0.534828115,1,1.15976331,0.514972718,68.0418148,57.6044348,1,0.665567442,68.0418148,57.6044348,0.446733802
10700,1070,0.513660426,1,1.09467456,0.507365307,70.3737637,62.6231571,1,0.628319211,70.3737637,62.6231571,0.425695112
10710,1071,0.543432264,1,1.20710059,0.517630524,65.1399567,64.2421625,1,0.572664658,65.1399567,64.2421625,0.421422733
10720,1072,0.533689575,1,1.24852071,0.515218506,63.6193907,59.010398,1,0.525880131,63.6193907,59.010398,0.419096524
10730,1073,0.524040772,1,1.18343195,0.517884274,69.0337053,57.8967581,1,0.505564331,69.0337053,57.8967581,0.425204416
10740,1074,0.51214934,1,1.14201183,0.513308872,69.8787104,63.809354,1,0.517824986,69.8787104,63.809354,0.459436389
10750,1075,0.500967318,1,1.07692308,0.50531746,63.7952187,64.3687062,1,0.488802696,63.7952187,64.3687062,0.469934818
10760,1076,0.509036917,1,1.15384615,0.514573302,63.4408568,58.6709258,1,0.489955309,63.4408568,58.6709258,0.439137631
10770,1077,0.527563176,1,1.18343195,0.523247737,69.1111885,59.0252822,1,0.610559804,69.1111885,59.0252822,0.437030259
10780,1078,0.525495554,1,1.15384615,0.51191384,68.1997712,64.6468207,1,0.670197764,68.1997712,64.6468207,0.438072545
10790,1079,0.535990441,1,1.20118343,0.512206149,62.908122,62.8306113,1,0.547811058,62.908122,62.8306113,0.430358098
10800,1080,0.522573152,1,1.21301775,0.51526941,65.1403082,57.7191547,1,0.516464515,65.1403082,57.7191547,0.429046312
10810,1081,0.516067332,1,1.15976331,0.513780191,70.2964396,60.3485701,1,0.510294365,70.2964396,60.3485701,0.445221282
10820,1082,0.509973716,1,1.13017751,0.512899242,67.0974796,65.4300576,1,0.52628873,67.0974796,65.4300576,0.46189
10830,1083,0.50463817,1,1.12426036,0.508248134,62.1942787,61.8697889,1,0.531187454,62.1942787,61.8697889,0.466111273
10840,1084,0.497854877,1,1.11242604,0.510581829,65.6830869,57.3418731,1,0.485463727,65.6830869,57.3418731,0.439700036
10850,1085,0.51318142,1,1.13017751,0.513856946,69.629792,61.3081359,1,0.596643492,69.629792,61.3081359,0.430410032
10860,1086,0.533703328,1,1.18343195,0.512380195,65.2409463,64.7740876,1,0.659421264,65.2409463,64.7740876,0.430183585
10870,1087,0.532796702,1,1.22485207,0.515384945,62.463702,60.0050762,1,0.511517942,62.463702,60.0050762,0.424518906
10880,1088,0.51606176,1,1.16568047,0.51505935,67.6374166,57.434277,1,0.501100541,67.6374166,57.434277,0.444401942
10890,1089,0.510227879,1,1.13017751,0.512471635,70.0765731,62.9013037,1,0.499814348,70.0765731,62.9013037,0.460497962
10900,1090,0.505524249,1,1.08284024,0.507436023,64.5663328,65.2790794,1,0.482991118,64.5663328,65.2790794,0.461644635
10910,1091,0.515344157,1,1.1183432,0.518649243,62.7625893,59.916552,1,0.502880327,62.7625893,59.916552,0.435211915
10920,1092,0.514442505,1,1.17159763,0.520921364,68.3646263,58.3762368,1,0.559070353,68.3646263,58.3762368,0.446918375
10930,1093,0.538780136,1,1.16568047,0.517512717,68.7516213,64.2689823,1,0.646251136,68.7516213,64.2689823,0.454264573
10940,1094,0.523580709,1,1.23076923,0.508390212,62.9460596,63.768815,1,0.526014816,62.9460596,63.768815,0.448235948
10950,1095,0.515355676,1,1.19526627,0.513528051,64.0599374,58.0258856,1,0.497341131,64.0599374,58.0258856,0.449996463
10960,1096,0.521317555,1,1.17751479,0.512495629,69.572501,58.9640136,1,0.505534879,69.572501,58.9640136,0.430139931
10970,1097,0.523080356,1,1.18343195,0.51990877,68.5967144,64.322917,1,0.497228222,68.5967144,64.322917,0.41900138
10980,1098,0.516846628,1,1.17159763,0.521765127,62.9931029,63.1466189,1,0.475913963,62.9931029,63.1466189,0.44044181
10990,1099,0.517834749,1,1.15384615,0.517589842,64.9903475,57.553149,1,0.571377506,64.9903475,57.553149,0.456873164
11000,1100,0.524240706,1,1.14792899,0.511885271,70.1736419,60.5819971,1,0.656629938,70.1736419,60.5819971,0.461797755
11010,1101,0.536893625,1,1.18343195,0.515334207,66.6581517,65.1610459,1,0.628496372,66.6581517,65.1610459,0.444069135
11020,1102,0.530992225,1,1.18343195,0.50923306,62.4373849,61.3131206,1,0.553682495,62.4373849,61.3131206,0.43934729
11030,1103,0.534502001,1,1.25443787,0.511689356,66.29432,57.4356583,1,0.514954621,66.29432,57.4356583,0.420697238
11040,1104,0.525367422,1,1.23668639,0.520879558,70.0417231,61.4755599,1,0.515487483,70.0417231,61.4755599,0.423872219
11050,1105,0.510657249,1,1.1183432,0.512343447,65.6557407,65.3016119,1,0.495644017,65.6557407,65.3016119,0.447712896
11060,1106,0.517130052,1,1.13017751,0.516374326,62.1805137,60.6877277,1,0.511467278,62.1805137,60.6877277,0.444327366
11070,1107,0.509162865,1,1.14201183,0.515750085,67.0903925,57.3585991,1,0.51391797,67.0903925,57.3585991,0.456316658
11080,1108,0.521204422,1,1.16568047,0.518924525,69.7369537,62.3587605,1,0.590539385,69.7369537,62.3587605,0.435182751
11090,1109,0.540191844,1,1.17751479,0.518439652,64.2843683,64.2701096,1,0.635887321,64.2843683,64.2701096,0.444452609
11100,1110,0.537666294,1,1.23668639,0.51499896,62.8382816,58.8702269,1,0.54709464,62.8382816,58.8702269,0.430012381
11110,1111,0.527598568,1,1.16568047,0.518873689,68.5097979,57.9186253,1,0.508543315,68.5097979,57.9186253,0.442368849
11120,1112,0.517396261,1,1.18343195,0.512289866,69.3402941,63.7757855,1,0.512711069,69.3402941,63.7757855,0.45505738
11130,1113,0.512938625,1,1.12426036,0.515299031,63.421422,64.2481256,1,0.501253577,63.421422,64.2481256,0.45674532
11140,1114,0.508279052,1,1.13609467,0.510889992,63.0158384,58.2848811,1,0.489537641,63.0158384,58.2848811,0.459770864
11150,1115,0.507360746,1,1.13017751,0.516362092,68.8258105,58.2724077,1,0.517691037,68.8258105,58.2724077,0.446921954
11160,1116,0.521754131,1,1.15384615,0.520013323,68.1044378,64.0008448,1,0.620223638,68.1044378,64.0008448,0.444129161
11170,1117,0.539429774,1,1.23668639,0.518162623,62.5203436,62.306049,1,0.607596874,62.5203436,62.306049,0.448893708
11180,1118,0.528478549,1,1.20118343,0.513989861,64.7722566,57.0393471,1,0.525146034,64.7722566,57.0393471,0.440610533
11190,1119,0.530076111,1,1.19526627,0.516280908,69.8113689,59.3669633,1,0.511192974,69.8113689,59.3669633,0.426978173
11200,1120,0.52357721,1,1.19526627,0.520385583,67.3373936,64.4025732,1,0.51267322,67.3373936,64.4025732,0.431578366
11210,1121,0.521614654,1,1.14792899,0.520821921,62.3839768,61.9711683,1,0.48695655,62.3839768,61.9711683,0.424459748
11220,1122,0.517427702,1,1.1183432,0.51646698,65.39341,56.9248552,1,0.508780032,65.39341,56.9248552,0.451964578
11230,1123,0.514671233,1,1.18934911,0.517411185,70.1760356,60.5076509,1,0.555433705,70.1760356,60.5076509,0.459675296
11240,1124,0.536315909,1,1.18934911,0.521500595,66.0259477,64.6906983,1,0.664190077,66.0259477,64.6906983,0.453266347
11250,1125,0.536689423,1,1.19526627,0.513175948,62.4797197,60.116391,1,0.625549379,62.4797197,60.116391,0.445224632
11260,1126,0.526795435,1,1.23668639,0.513971004,67.4964893,57.2583101,1,0.50535962,67.4964893,57.2583101,0.444137382
11270,1127,0.518910403,1,1.15976331,0.509413687,70.2576304,62.3642917,1,0.512180495,70.2576304,62.3642917,0.446518076
11280,1128,0.52332084,1,1.17159763,0.517603566,65.3010152,64.8782862,1,0.493915946,65.3010152,64.8782862,0.427516583
11290,1129,0.518937429,1,1.14792899,0.519758173,62.7906477,59.8026475,1,0.472845375,62.7906477,59.8026475,0.435577924
11300,1130,0.518734591,1,1.13017751,0.52196912,68.0140474,57.6250954,1,0.509152002,68.0140474,57.6250954,0.43531691
11310,1131,0.524074147,1,1.16568047,0.51903731,69.6269792,63.4083644,1,0.600569095,69.6269792,63.4083644,0.461844446
11320,1132,0.528497132,1,1.15976331,0.510992673,63.5390518,63.9199166,1,0.651652332,63.5390518,63.9199166,0.469952447
11330,1133,0.523547804,1,1.21893491,0.507518147,63.9973849,58.0308955,1,0.5410087,63.9973849,58.0308955,0.454371527
11340,1134,0.527053314,1,1.21301775,0.515225987,69.5472354,58.9513489,1,0.519583543,69.5472354,58.9513489,0.432743245
11350,1135,0.529901748,1,1.24852071,0.51309787,68.8739425,64.4424329,1,0.522591191,68.8739425,64.4424329,0.425554469
11360,1136,0.525218056,1,1.17751479,0.521695508,63.4520284,63.580616,1,0.506663494,63.4520284,63.580616,0.422306154
11370,1137,0.518438849,1,1.16568047,0.519194897,64.3751091,58.0423961,1,0.480716394,64.3751091,58.0423961,0.431893844
11380,1138,0.520425438,1,1.18934911,0.517523717,69.9843492,59.8365637,1,0.550416632,69.9843492,59.8365637,0.45301496
11390,1139,0.520734009,1,1.14792899,0.51093411,67.4806299,65.2528071,1,0.624519786,67.4806299,65.2528071,0.458994938
11400,1140,0.523138769,1,1.13017751,0.514158032,62.5394813,62.5207112,1,0.621915386,62.5394813,62.5207112,0.434321192
11410,1141,0.545076626,1,1.22485207,0.520060529,65.9122357,57.9525406,1,0.630468082,65.9122357,57.9525406,0.436796126
11420,1142,0.527291774,1,1.24852071,0.510936735,70.2284602,61.6138213,1,0.5189241,70.2284602,61.6138213,0.435378972
11430,1143,0.523580975,1,1.15976331,0.517789839,66.2951858,65.4801148,1,0.514872724,66.2951858,65.4801148,0.42425621
11440,1144,0.516777054,1,1.16568047,0.516169594,62.2949382,61.1647694,1,0.503383994,62.2949382,61.1647694,0.45263323
11450,1145,0.508640462,1,1.08284024,0.510497983,66.8341746,57.2544679,1,0.476534511,66.8341746,57.2544679,0.460865691
11460,1146,0.513889491,1,1.13017751,0.522786917,70.199906,61.7165792,1,0.500837541,70.199906,61.7165792,0.429934525
11470,1147,0.525711459,1,1.17159763,0.521580448,65.2879814,64.7376219,1,0.609295447,65.2879814,64.7376219,0.443584792
11480,1148,0.538128123,1,1.15976331,0.518464135,62.9206843,59.4489729,1,0.666457795,62.9206843,59.4489729,0.445715329
11490,1149,0.532101531,1,1.23668639,0.514809415,68.5992934,57.9202889,1,0.526882055,68.5992934,57.9202889,0.452367057
11500,1150,0.526114939,1,1.21893491,0.50953047,69.6985171,63.5473861,1,0.516297847,69.6985171,63.5473861,0.441035064
11510,1151,0.524863982,1,1.21301775,0.517330053,64.181048,64.4044804,1,0.511895848,64.181048,64.4044804,0.429511044
11520,1152,0.517953646,1,1.13017751,0.517731868,63.3632652,58.788404,1,0.488719148,63.3632652,58.788404,0.436561892
11530,1153,0.517087611,1,1.12426036,0.519542319,69.0665622,58.294369,1,0.484895251,69.0665622,58.294369,0.440358022
11540,1154,0.517735469,1,1.14792899,0.518328547,69.0493945,64.1579914,1,0.538694655,69.0493945,64.1579914,0.451049814
11550,1155,0.516517096,1,1.16568047,0.512201349,63.1245446,63.4212475,1,0.608492651,63.1245446,63.4212475,0.459267737
11560,1156,0.542801038,1,1.21301775,0.519278319,64.7636179,57.9305805,1,0.639260855,64.7636179,57.9305805,0.440776512
11570,1157,0.534348869,1,1.21301775,0.514814291,70.0501852,60.0883775,1,0.537171726,70.0501852,60.0883775,0.439229298
11580,1158,0.533261983,1,1.22485207,0.514730851,67.8206564,65.178236,1,0.51589376,67.8206564,65.178236,0.427442216
11590,1159,0.516589678,1,1.18934911,0.515887654,62.7642316,62.4588341,1,0.511321095,62.7642316,62.4588341,0.441638817
11600,1160,0.511489753,1,1.15976331,0.514620723,65.9105893,57.477375,1,0.512549761,65.9105893,57.477375,0.453223184
11610,1161,0.508371977,1,1.13017751,0.509349908,70.7124533,61.1493797,1,0.535305198,70.7124533,61.1493797,0.46499676
11620,1162,0.508565079,1,1.14792899,0.511100251,66.7931173,65.5518055,1,0.536601583,66.7931173,65.5518055,0.453406227
11630,1163,0.516911124,1,1.13609467,0.514251437,62.9938568,61.2481145,1,0.614796933,62.9938568,61.2481145,0.441595656
11640,1164,0.543872361,1,1.17159763,0.519097273,67.513256,58.0637695,1,0.653011523,67.513256,58.0637695,0.425274168
11650,1165,0.538566509,1,1.26627219,0.518006976,70.2882433,62.7321473,1,0.526211535,70.2882433,62.7321473,0.417758925
11660,1166,0.521265605,1,1.15384615,0.517905897,65.2483646,65.190209,1,0.505890877,65.2483646,65.190209,0.431335102
11670,1167,0.509193994,1,1.13609467,0.513055747,62.9255618,59.6818561,1,0.510457738,62.9255618,59.6818561,0.459851817
11680,1168,0.508095182,1,1.09467456,0.508533092,68.4561421,57.4774619,1,0.487554953,68.4561421,57.4774619,0.457977753
11690,1169,0.514245848,1,1.13017751,0.517442313,70.1473771,63.0087676,1,0.512629431,70.1473771,63.0087676,0.444929483
11700,1170,0.512063566,1,1.17751479,0.520057506,64.4613978,64.3405451,1,0.554599901,64.4613978,64.3405451,0.449220177
11710,1171,0.521850479,1,1.15384615,0.513454622,63.918317,58.5978835,1,0.64357809,63.918317,58.5978835,0.443714142
11720,1172,0.537979916,1,1.20710059,0.517178896,69.6113507,59.1420337,1,0.580319608,69.6113507,59.1420337,0.439921535
11730,1173,0.526479546,1,1.20710059,0.510371298,68.5715564,64.7032833,1,0.520347117,68.5715564,64.7032833,0.435201575
11740,1174,0.518676787,1,1.15976331,0.517889737,63.0464813,63.1971086,1,0.510409756,63.0464813,63.1971086,0.440514878
11750,1175,0.511544942,1,1.13609467,0.510220282,64.7426936,57.5062945,1,0.51165239,64.7426936,57.5062945,0.456786443
11760,1176,0.504143838,1,1.08284024,0.510467851,70.3870153,59.513171,1,0.482178883,70.3870153,59.513171,0.460806606
11770,1177,0.510260717,1,1.15384615,0.515984311,68.0971112,64.7412535,1,0.509024716,68.0971112,64.7412535,0.439044865
11780,1178,0.529380783,1,1.19526627,0.525256524,63.16643,61.8077492,1,0.623035156,63.16643,61.8077492,0.44133381
11790,1179,0.539968292,1,1.20710059,0.517620279,66.7719656,57.2557596,1,0.645827599,66.7719656,57.2557596,0.446687323
11800,1180,0.531946454,1,1.24852071,0.512571223,70.7079199,61.4652809,1,0.513484252,70.7079199,61.4652809,0.443305265
11810,1181,0.522109786,1,1.20118343,0.519727115,66.2012655,65.0009093,1,0.510779212,66.2012655,65.0009093,0.440619534
11820,1182,0.516709317,1,1.16568047,0.514380598,62.5185445,60.4942484,1,0.5048226,62.5185445,60.4942484,0.447692481
11830,1183,0.52428096,1,1.17159763,0.520979587,66.9193796,57.2083905,1,0.493577971,66.9193796,57.2083905,0.42247658
11840,1184,0.509808997,1,1.08284024,0.517123118,70.2602719,62.0636213,1,0.470881481,70.2602719,62.0636213,0.453355851
11850,1185,0.514610418,1,1.13609467,0.522128522,65.3382075,64.7703349,1,0.5443335,65.3382075,64.7703349,0.432092863
11860,1186,0.513089956,1,1.09467456,0.510978781,63.1381868,59.2545234,1,0.62877198,63.1381868,59.2545234,0.456797884
11870,1187,0.537387452,1,1.24852071,0.518849198,68.7932076,58.292285,1,0.561897914,68.7932076,58.292285,0.441254015
11880,1188,0.524913938,1,1.22485207,0.512853287,69.2306667,64.0301115,1,0.511475337,69.2306667,64.0301115,0.442652199
11890,1189,0.518877314,1,1.18343195,0.511816802,63.5365129,64.2247388,1,0.511061129,63.5365129,64.2247388,0.438267619
11900,1190,0.517766541,1,1.15976331,0.51578208,63.4960254,58.4967725,1,0.491995625,63.4960254,58.4967725,0.440623806
11910,1191,0.516704107,1,1.14201183,0.51752771,69.1406775,58.6366406,1,0.488358609,69.1406775,58.6366406,0.434337287
11920,1192,0.519008793,1,1.15976331,0.52223301,68.5344966,64.3596167,1,0.519365229,68.5344966,64.3596167,0.442691542
11930,1193,0.515362503,1,1.17159763,0.516337712,62.7182118,63.3378277,1,0.567488107,62.7182118,63.3378277,0.454258101
11940,1194,0.537272146,1,1.18343195,0.52009782,64.7337769,57.8654106,1,0.662020988,64.7337769,57.8654106,0.448599735
11950,1195,0.533965271,1,1.23076923,0.516773418,69.8422019,60.6806017,1,0.540961119,69.8422019,60.6806017,0.44867528
11960,1196,0.526580187,1,1.24852071,0.514508097,66.6853412,65.4761048,1,0.513073553,66.6853412,65.4761048,0.441639093
11970,1197,0.520786173,1,1.19526627,0.513134173,62.0237035,62.1725787,1,0.511344354,62.0237035,62.1725787,0.439500463
11980,1198,0.511703145,1,1.15384615,0.513574273,65.7499629,57.5818935,1,0.495007826,65.7499629,57.5818935,0.454819033
11990,1199,0.513990725,1,1.07692308,0.515081822,70.0547293,61.2071578,1,0.481142799,70.0547293,61.2071578,0.432917409
12000,1200,0.511740287,1,1.16568047,0.5204353,66.0592135,65.4138967,1,0.504864973,66.0592135,65.4138967,0.446291746
12010,1201,0.52687204,1,1.18343195,0.51907677,62.4097741,60.8703291,1,0.615749498,62.4097741,60.8703291,0.448286781
12020,1202,0.533630727,1,1.15384615,0.515915421,67.6235611,58.0807325,1,0.629056351,67.6235611,58.0807325,0.454858226
12030,1203,0.536077913,1,1.25443787,0.514620994,69.7285988,63.3410046,1,0.533166157,69.7285988,63.3410046,0.435833192
12040,1204,0.53233257,1,1.21893491,0.516659186,64.4903365,65.3171493,1,0.510315626,64.4903365,65.3171493,0.430663037
12050,1205,0.52402663,1,1.18343195,0.513112543,62.6435953,60.0928621,1,0.509736818,62.6435953,60.0928621,0.426237355
12060,1206,0.518302808,1,1.15976331,0.517536692,68.2319278,58.5566611,1,0.504351792,68.2319278,58.5566611,0.445817999
12070,1207,0.504704249,1,1.0887574,0.511777812,69.7878029,64.3405162,1,0.465931658,69.7878029,64.3405162,0.460728307
12080,1208,0.517100161,1,1.14792899,0.520514561,64.1924561,65.1354517,1,0.544537681,64.1924561,65.1354517,0.434733326
12090,1209,0.518806407,1,1.20710059,0.518104804,63.7111945,59.3737994,1,0.586920025,63.7111945,59.3737994,0.444747458
12100,1210,0.542740146,1,1.18343195,0.521649843,69.395293,59.9256752,1,0.660732447,69.395293,59.9256752,0.43929437
12110,1211,0.535550807,1,1.23668639,0.515603533,68.2720657,65.5700553,1,0.558865496,68.2720657,65.5700553,0.442696595
12120,1212,0.525523393,1,1.21301775,0.518325473,62.8098218,63.9157861,1,0.500482898,62.8098218,63.9157861,0.439019318
12130,1213,0.52311475,1,1.17751479,0.515616151,64.5320529,58.5197964,1,0.513679769,64.5320529,58.5197964,0.435705129
12140,1214,0.513984771,1,1.13017751,0.513605416,70.0127154,60.6840313,1,0.497995522,70.0127154,60.6840313,0.453269351
12150,1215,0.509961867,1,1.10650888,0.514572624,67.5606382,66.0597606,1,0.492084257,67.5606382,66.0597606,0.454505049
12160,1216,0.519727532,1,1.16568047,0.520961783,62.4478431,63.2861906,1,0.554672736,62.4478431,63.2861906,0.447434262
12170,1217,0.517103877,1,1.14792899,0.511976465,65.8876407,58.417196,1,0.611265198,65.8876407,58.417196,0.458575852
12180,1218,0.535573638,1,1.18343195,0.51266712,69.9245588,62.7715336,1,0.600493311,69.9245588,62.7715336,0.456750579
12190,1219,0.526630689,1,1.21893491,0.512393984,65.2741199,66.2548986,1,0.521766914,65.2741199,66.2548986,0.446951629
12200,1220,0.531398002,1,1.27218935,0.515755795,62.0395813,61.7934132,1,0.518771098,62.0395813,61.7934132,0.423894958
12210,1221,0.524957419,1,1.14201183,0.519665573,66.5714432,58.6306653,1,0.508137159,66.5714432,58.6306653,0.425105253
12220,1222,0.51925851,1,1.13017751,0.519741435,69.6292182,63.3114748,1,0.486102396,69.6292182,63.3114748,0.430081636
12230,1223,0.517222938,1,1.14792899,0.519823615,64.4941661,66.1391601,1,0.510005729,64.4941661,66.1391601,0.450933051
12240,1224,0.515862326,1,1.18934911,0.515404067,62.3369913,60.4953998,1,0.59527124,62.3369913,60.4953998,0.46476713
12250,1225,0.526582338,1,1.20710059,0.510587479,68.2900449,59.3704978,1,0.663859923,68.2900449,59.3704978,0.466031032
12260,1226,0.540164971,1,1.23076923,0.514963841,68.6977125,64.9728251,1,0.59724016,68.6977125,64.9728251,0.432087713
12270,1227,0.53418783,1,1.17159763,0.505517235,63.061129,65.389953,1,0.629122338,63.061129,65.389953,0.434768989
12280,1228,0.534968181,1,1.22485207,0.516988266,63.1637072,59.9274311,1,0.506547651,63.1637072,59.9274311,0.420268076
12290,1229,0.523137438,1,1.16568047,0.518898436,68.7161948,60.0096932,1,0.500626054,68.7161948,60.0096932,0.427161298
12300,1230,0.520570823,1,1.16568047,0.520401804,68.3333497,65.6147338,1,0.489203635,68.3333497,65.6147338,0.432161558
12310,1231,0.511445453,1,1.1183432,0.512773001,62.406974,64.5604054,1,0.534232352,62.406974,64.5604054,0.46303308
12320,1232,0.506989444,1,1.12426036,0.510849844,63.8328358,58.801769,1,0.553468973,63.8328358,58.801769,0.456348872
12330,1233,0.511196061,1,1.1183432,0.514999612,69.2543817,60.5676705,1,0.581244738,69.2543817,60.5676705,0.438607054
12340,1234,0.546569865,1,1.20118343,0.522606078,66.4674226,65.6431925,1,0.604579,66.4674226,65.6431925,0.445410952
12350,1235,0.535804874,1,1.28402367,0.515739966,61.7354224,62.6148193,1,0.537279184,61.7354224,62.6148193,0.432160329
12360,1236,0.532563976,1,1.21893491,0.51309197,64.8632206,58.1063782,1,0.518026648,64.8632206,58.1063782,0.422090898
12370,1237,0.522883191,1,1.19526627,0.52004631,69.1644349,61.7819583,1,0.500475951,69.1644349,61.7819583,0.435212892
12380,1238,0.518898882,1,1.14201183,0.517915719,65.5076601,66.1269757,1,0.499149903,65.5076601,66.1269757,0.436847082
12390,1239,0.509939853,1,1.1183432,0.514056784,61.2007751,62.018885,1,0.499278238,61.2007751,62.018885,0.457842041
12400,1240,0.517827169,1,1.18934911,0.515867864,65.8490006,58.3203263,1,0.574824603,65.8490006,58.3203263,0.456934328
12410,1241,0.525117032,1,1.14792899,0.514113045,68.9058978,63.3792994,1,0.652110872,68.9058978,63.3792994,0.454678697
12420,1242,0.537614318,1,1.18934911,0.513928968,63.6687697,65.7047862,1,0.62347577,63.6687697,65.7047862,0.440786004
12430,1243,0.537508957,1,1.27810651,0.519637896,61.8835855,60.523204,1,0.526358096,61.8835855,60.523204,0.421575491
12440,1244,0.522043518,1,1.20710059,0.514997006,67.4132277,59.0882227,1,0.515812603,67.4132277,59.0882227,0.439446362
12450,1245,0.514799038,1,1.18934911,0.51564391,68.5933495,64.8590825,1,0.504269115,68.5933495,64.8590825,0.453099186
12460,1246,0.51317311,1,1.09467456,0.513706719,62.8067261,65.7978531,1,0.48673481,62.8067261,65.7978531,0.450944442
12470,1247,0.516548546,1,1.14201183,0.517684697,62.3617326,59.9653404,1,0.522289259,62.3617326,59.9653404,0.449958727
12480,1248,0.522535994,1,1.18343195,0.519312065,68.2567511,60.1123211,1,0.612153304,68.2567511,60.1123211,0.453603888
12490,1249,0.533071487,1,1.13609467,0.513510956,67.3345486,65.8255937,1,0.661677744,67.3345486,65.8255937,0.445170944
12500,1250,0.536682415,1,1.20710059,0.513857077,61.9166469,64.1187537,1,0.565480419,61.9166469,64.1187537,0.436953969
12510,1251,0.534414046,1,1.21893491,0.514574322,63.7824654,59.0096708,1,0.519824481,63.7824654,59.0096708,0.418393708
12520,1252,0.518788417,1,1.18343195,0.516025302,69.009512,61.4258251,1,0.508900263,69.009512,61.4258251,0.44295817
12530,1253,0.510439025,1,1.11242604,0.512892276,66.3102212,66.7919419,1,0.507919654,66.3102212,66.7919419,0.46205984
12540,1254,0.511538729,1,1.07692308,0.512171215,61.1173021,63.9061521,1,0.492511618,61.1173021,63.9061521,0.456991651
12550,1255,0.512616692,1,1.14792899,0.517588765,64.1611817,58.9246571,1,0.510200882,64.1611817,58.9246571,0.449065403
12560,1256,0.529278189,1,1.19526627,0.526270374,68.7247622,62.3966216,1,0.610114134,68.7247622,62.3966216,0.441090669
12570,1257,0.535346608,1,1.15976331,0.516784598,64.6826578,66.501333,1,0.668663392,64.6826578,66.501333,0.443141444
12580,1258,0.529054321,1,1.23668639,0.514078538,61.343378,61.7982599,1,0.520213776,61.343378,61.7982599,0.443691386
12590,1259,0.514829661,1,1.17159763,0.507964963,66.354754,58.6948981,1,0.50888034,66.354754,58.6948981,0.45342056
12600,1260,0.52168296,1,1.18343195,0.514731304,69.2509888,63.5804269,1,0.513058952,69.2509888,63.5804269,0.436883579
12610,1261,0.518137075,1,1.18343195,0.51728396,64.4161973,66.4617249,1,0.490312041,64.4161973,66.4617249,0.432941543
12620,1262,0.514146651,1,1.11242604,0.519615596,61.8401262,61.3896793,1,0.482147457,61.8401262,61.3896793,0.437595558
12630,1263,0.518446543,1,1.18934911,0.520431191,67.3412241,59.3198309,1,0.571118142,67.3412241,59.3198309,0.45212418
12640,1264,0.522415863,1,1.15384615,0.509499667,68.4516145,65.2451185,1,0.660596185,68.4516145,65.2451185,0.463725591
12650,1265,0.538622604,1,1.21301775,0.51526593,62.8127668,65.4669172,1,0.614672956,62.8127668,65.4669172,0.434092934
12660,1266,0.529052535,1,1.20710059,0.513730062,63.1537478,59.6938145,1,0.529177794,63.1537478,59.6938145,0.444858745
12670,1267,0.516253638,1,1.18343195,0.512957283,68.896167,60.4449333,1,0.497313744,68.896167,60.4449333,0.445487285
12680,1268,0.522938692,1,1.17751479,0.516753902,68.153507,65.9680646,1,0.505252292,68.153507,65.9680646,0.428679845
12690,1269,0.513235425,1,1.09467456,0.516661728,62.5169731,64.8751633,1,0.485595616,62.5169731,64.8751633,0.441654685
12700,1270,0.516143564,1,1.13017751,0.521289057,64.0427755,59.2718129,1,0.514943608,64.0427755,59.2718129,0.446721184
12710,1271,0.527107398,1,1.17751479,0.520588696,69.5595858,61.5311379,1,0.621635067,69.5595858,61.5311379,0.458578624
12720,1272,0.526503006,1,1.13609467,0.509991926,66.6952575,66.6606571,1,0.654094584,66.6952575,66.6606571,0.451927777
12730,1273,0.540136566,1,1.21301775,0.518022162,62.1828727,63.2032046,1,0.57660101,62.1828727,63.2032046,0.437283126
12740,1274,0.525628956,1,1.22485207,0.51601412,65.9639262,58.9651123,1,0.511216522,65.9639262,58.9651123,0.436891876
12750,1275,0.521913075,1,1.18934911,0.514023369,70.0045732,62.7509419,1,0.508968818,70.0045732,62.7509419,0.425929783
12760,1276,0.525149018,1,1.15384615,0.521663206,65.9953118,66.7593913,1,0.501129414,65.9953118,66.7593913,0.436105978
12770,1277,0.510228301,1,1.0887574,0.510173397,61.8135964,62.3699482,1,0.486590325,61.8135964,62.3699482,0.46634646
12780,1278,0.512284811,1,1.15384615,0.516459701,66.4518501,58.737514,1,0.519058685,66.4518501,58.737514,0.453180578
12790,1279,0.525401811,1,1.18343195,0.520836194,69.6219849,63.5710057,1,0.605439459,69.6219849,63.5710057,0.44464198
12800,1280,0.531564596,1,1.14201183,0.515624956,64.5506217,66.179786,1,0.661456397,64.5506217,66.179786,0.438694
12810,1281,0.538106463,1,1.25443787,0.521557876,62.8393187,60.7041401,1,0.528691307,62.8393187,60.7041401,0.441294873
12820,1282,0.523395054,1,1.20710059,0.510340646,68.4888551,59.2679737,1,0.512988665,68.4888551,59.2679737,0.448401735
12830,1283,0.522785355,1,1.18934911,0.514838944,69.6521206,64.7187052,1,0.518925719,69.6521206,64.7187052,0.428729101
12840,1284,0.518842729,1,1.15384615,0.519833868,64.0491257,65.6903101,1,0.494791113,64.0491257,65.6903101,0.437431769
12850,1285,0.516513185,1,1.13017751,0.520473709,63.3363137,59.9995691,1,0.4826491,63.3363137,59.9995691,0.441169996
12860,1286,0.521901438,1,1.16568047,0.519164932,69.2029106,59.8774948,1,0.559366858,69.2029106,59.8774948,0.451374378
12870,1287,0.524635567,1,1.18343195,0.513554149,68.5333655,65.8524054,1,0.640829486,68.5333655,65.8524054,0.462485229
12880,1288,0.534531725,1,1.16568047,0.515048565,63.045655,64.7411593,1,0.665071327,63.045655,64.7411593,0.43069941
12890,1289,0.538015858,1,1.24260355,0.5207507,64.9895594,59.3144974,1,0.53504502,64.9895594,59.3144974,0.443409485
12900,1290,0.526846825,1,1.21893491,0.512827314,70.1837945,61.4651901,1,0.507877328,70.1837945,61.4651901,0.432452458
12910,1291,0.518954406,1,1.18343195,0.514789075,67.6761414,66.5707565,1,0.514649174,67.6761414,66.5707565,0.437550558
12920,1292,0.513446354,1,1.14792899,0.513869402,62.623559,63.7403122,1,0.488637132,62.623559,63.7403122,0.44549025
12930,1293,0.515457662,1,1.15384615,0.516456586,65.9689241,58.9354391,1,0.523458528,65.9689241,58.9354391,0.450366538
12940,1294,0.507024697,1,1.17159763,0.515294365,70.6279395,62.5254857,1,0.531225008,70.6279395,62.5254857,0.452441502
12950,1295,0.532539871,1,1.18934911,0.515900532,66.1847131,66.4533943,1,0.65677634,66.1847131,66.4533943,0.456191635
12960,1296,0.52983074,1,1.18934911,0.509897275,63.039017,61.439541,1,0.567739633,63.039017,61.439541,0.455304885
12970,1297,0.533267897,1,1.21893491,0.512637064,67.9356795,58.7876641,1,0.532183381,67.9356795,58.7876641,0.428356949
12980,1298,0.524003292,1,1.16568047,0.522450002,70.2490842,63.8812371,1,0.506523571,70.2490842,63.8812371,0.430331696
12990,1299,0.517466515,1,1.13609467,0.517636443,64.973408,66.2336469,1,0.49501316,64.973408,66.2336469,0.444337091
13000,1300,0.515730663,1,1.10650888,0.517029298,62.8988897,60.7460537,1,0.503576105,62.8988897,60.7460537,0.451278958
13010,1301,0.509368916,1,1.10650888,0.512266792,68.5935777,58.9467162,1,0.503690466,68.5935777,58.9467162,0.459399446
13020,1302,0.51802926,1,1.14792899,0.519603627,69.6960192,64.6311839,1,0.57089642,69.6960192,64.6311839,0.445414173
13030,1303,0.52319252,1,1.1183432,0.512989548,63.9268608,65.1958163,1,0.647422485,63.9268608,65.1958163,0.445901774
13040,1304,0.532908086,1,1.26035503,0.517602584,64.5548101,59.4432981,1,0.52354893,64.5548101,59.4432981,0.44513003
13050,1305,0.519881294,1,1.20118343,0.510705364,70.1815488,60.3967856,1,0.511011675,70.1815488,60.3967856,0.438996487
13060,1306,0.520741074,1,1.18343195,0.517710997,69.0401555,65.9966791,1,0.502878149,69.0401555,65.9966791,0.439617811
13070,1307,0.522586317,1,1.15384615,0.517587702,63.6139225,65.0173939,1,0.495682656,63.6139225,65.0173939,0.42414554
13080,1308,0.520574106,1,1.10059172,0.525651238,64.8650739,59.515597,1,0.473816725,64.8650739,59.515597,0.434020346
13090,1309,0.519344298,1,1.16568047,0.522461567,70.4633925,61.2043614,1,0.537673754,70.4633925,61.2043614,0.449806643
13100,1310,0.531070985,1,1.16568047,0.516731056,67.6872093,66.5947899,1,0.645810958,67.6872093,66.5947899,0.466409632
13110,1311,0.526640437,1,1.17751479,0.505739687,62.8060822,62.9822803,1,0.622007914,62.8060822,62.9822803,0.46711773
13120,1312,0.529159528,1,1.20710059,0.506546606,66.5713425,58.7005184,1,0.552828972,66.5713425,58.7005184,0.438600986
13130,1313,0.532373807,1,1.21301775,0.514763052,70.5429097,62.4753724,1,0.510804346,70.5429097,62.4753724,0.4214856
13140,1314,0.529673764,1,1.21301775,0.518673899,66.8378992,66.3741182,1,0.519348205,66.8378992,66.3741182,0.413724046
13150,1315,0.516825701,1,1.18343195,0.517660039,62.9357905,62.4448302,1,0.497346869,62.9357905,62.4448302,0.425974397
13160,1316,0.514418348,1,1.15976331,0.520198923,67.5224345,58.8486133,1,0.522424045,67.5224345,58.8486133,0.448337359
13170,1317,0.519965834,1,1.17159763,0.512153618,70.7293571,63.9523139,1,0.610255108,70.7293571,63.9523139,0.463662494
13180,1318,0.519785684,1,1.15976331,0.508634829,65.3828736,66.5438447,1,0.637934106,65.3828736,66.5438447,0.457035192
13190,1319,0.509726244,1,1.11242604,0.508975342,63.0396109,61.4533763,1,0.604069963,63.0396109,61.4533763,0.431069605
13200,1320,0.543720971,1,1.18343195,0.5176723,68.2821067,59.6997899,1,0.625590875,68.2821067,59.6997899,0.425231075
13210,1321,0.530959616,1,1.22485207,0.51004202,69.6206652,65.0070132,1,0.52659062,69.6206652,65.0070132,0.421032529
13220,1322,0.522526967,1,1.20710059,0.51915737,64.1276381,65.8575626,1,0.517066892,64.1276381,65.8575626,0.427575951
13230,1323,0.510219956,1,1.10059172,0.51210933,63.3597801,59.9570048,1,0.500644939,63.3597801,59.9570048,0.457716149
13240,1324,0.51345182,1,1.11242604,0.516166362,69.1989278,59.4163122,1,0.478460719,69.1989278,59.4163122,0.451086753
13250,1325,0.516420927,1,1.13017751,0.518450481,69.5181161,65.16765,1,0.50295937,69.5181161,65.16765,0.4430914
13260,1326,0.522931481,1,1.15976331,0.521811946,63.6946238,64.7826459,1,0.605212462,63.6946238,64.7826459,0.44893886
13270,1327,0.529347513,1,1.1183432,0.511710312,64.7856995,59.0823578,1,0.664737524,64.7856995,59.0823578,0.446443741
13280,1328,0.535171318,1,1.19526627,0.51414061,70.0475341,61.0370242,1,0.548895463,70.0475341,61.0370242,0.431781942
13290,1329,0.524996749,1,1.19526627,0.515875002,67.7499078,66.1404404,1,0.51349929,67.7499078,66.1404404,0.430521523
13300,1330,0.507060022,1,1.18934911,0.509002937,62.4421553,63.2320212,1,0.515396803,62.4421553,63.2320212,0.465566642
13310,1331,0.505366756,1,1.07692308,0.504354668,65.5915268,58.1213162,1,0.50002722,65.5915268,58.1213162,0.461781002
13320,1332,0.508395028,1,1.09467456,0.514213158,70.5000028,61.2631589,1,0.456581345,70.5000028,61.2631589,0.448299304
13330,1333,0.506757146,1,1.15384615,0.521469267,67.3161776,65.7380753,1,0.498685021,67.3161776,65.7380753,0.422458423
13340,1334,0.517637957,1,1.15384615,0.519656349,63.1215218,62.0465368,1,0.604267349,63.1215218,62.0465368,0.429824476
13350,1335,0.543606775,1,1.22485207,0.5234975,67.641491,58.5843068,1,0.574506931,67.641491,58.5843068,0.437969754
13360,1336,0.5212581,1,1.20710059,0.510331201,70.6582661,63.568638,1,0.501122676,70.6582661,63.568638,0.448168455
13370,1337,0.518271374,1,1.17159763,0.509741931,65.5200177,66.2430176,1,0.508171346,65.5200177,66.2430176,0.445582551
13380,1338,0.518426585,1,1.14201183,0.515937823,62.9302878,61.117133,1,0.493446464,62.9302878,61.117133,0.441764841
13390,1339,0.51848511,1,1.1183432,0.517853334,67.9500245,58.6314339,1,0.483803165,67.9500245,58.6314339,0.430882247
13400,1340,0.513769075,1,1.1183432,0.518600889,70.0708515,64.0103887,1,0.49777371,70.0708515,64.0103887,0.444766156
13410,1341,0.516188698,1,1.15976331,0.51913434,64.3318496,65.5708288,1,0.579082819,64.3318496,65.5708288,0.457489396
13420,1342,0.528214039,1,1.13609467,0.510497223,63.8412164,59.660761,1,0.663318123,63.8412164,59.660761,0.456184476
13430,1343,0.526560931,1,1.21301775,0.511539403,69.6282695,60.3020197,1,0.539607017,69.6282695,60.3020197,0.447882562
13440,1344,0.515780488,1,1.20710059,0.511980666,68.495609,66.0106963,1,0.508350194,68.495609,66.0106963,0.447689054
13450,1345,0.519182455,1,1.21301775,0.513227252,62.8448179,64.8180147,1,0.503239859,62.8448179,64.8180147,0.444252778
13460,1346,0.518679116,1,1.16568047,0.515045423,63.9873117,59.3667717,1,0.488732536,63.9873117,59.3667717,0.428436977
13470,1347,0.522307867,1,1.13017751,0.524314325,69.3934488,60.6970348,1,0.477852212,69.3934488,60.6970348,0.428261369
13480,1348,0.517005939,1,1.15384615,0.522426921,67.6694553,66.243342,1,0.527380789,67.6694553,66.243342,0.446774609
13490,1349,0.532112501,1,1.17159763,0.515395635,62.3638614,63.3165006,1,0.652264238,62.3638614,63.3165006,0.466103878
13500,1350,0.527329169,1,1.15976331,0.50740043,66.0771342,58.6335821,1,0.6184869,66.0771342,58.6335821,0.459727992
13510,1351,0.535833687,1,1.24260355,0.513792064,70.1808599,62.4957101,1,0.546623753,70.1808599,62.4957101,0.433484559
13520,1352,0.530779684,1,1.18343195,0.514986077,66.3770615,66.5515033,1,0.516457422,66.3770615,66.5515033,0.4277251
13530,1353,0.526244154,1,1.19526627,0.519431628,62.5881552,62.6156976,1,0.508661374,62.5881552,62.6156976,0.420244908
13540,1354,0.519485271,1,1.16568047,0.519433592,66.7657894,58.8645093,1,0.505072663,66.7657894,58.8645093,0.431894424
13550,1355,0.508562542,1,1.16568047,0.51749792,70.3086283,63.6618525,1,0.527435595,70.3086283,63.6618525,0.458749328
13560,1356,0.517451976,1,1.15976331,0.51130672,65.2840251,66.7500592,1,0.58370674,65.2840251,66.7500592,0.453674404
13570,1357,0.519001527,1,1.18343195,0.513161696,62.7481629,61.4609866,1,0.627032584,62.7481629,61.4609866,0.45119753
13580,1358,0.541296441,1,1.15384615,0.515945463,68.2325967,59.7421211,1,0.641926953,68.2325967,59.7421211,0.442113747
13590,1359,0.535241372,1,1.25443787,0.517976346,69.2668127,65.2802187,1,0.523656292,69.2668127,65.2802187,0.433372135
13600,1360,0.521300618,1,1.17751479,0.516824947,63.5817477,66.07311,1,0.507057236,63.5817477,66.07311,0.441545437
13610,1361,0.515294738,1,1.18934911,0.514285436,63.0516989,60.1518332,1,0.505379386,63.0516989,60.1518332,0.457304109
13620,1362,0.508067123,1,1.1183432,0.507964653,69.1176959,59.8174977,1,0.503343535,69.1176959,59.8174977,0.467323356
13630,1363,0.505040298,1,1.10650888,0.5100688,69.2489338,65.8105175,1,0.481631824,69.2489338,65.8105175,0.46111204
13640,1364,0.503973337,1,1.1183432,0.517365828,63.6419804,65.7370118,1,0.474799283,63.6419804,65.7370118,0.431341172
13650,1365,0.531241178,1,1.19526627,0.525203712,64.5018018,60.2319681,1,0.626195947,64.5018018,60.2319681,0.428598922
13660,1366,0.540530022,1,1.16568047,0.518866032,69.997376,61.9610965,1,0.622371426,69.997376,61.9610965,0.443167864
13670,1367,0.536332385,1,1.22485207,0.511467567,67.845126,67.0990039,1,0.545212457,67.845126,67.0990039,0.428498638
13680,1368,0.529228855,1,1.20710059,0.51594069,62.8318772,64.6062108,1,0.519059988,62.8318772,64.6062108,0.430677745
13690,1369,0.511019424,1,1.16568047,0.513180326,65.8028249,59.5641337,1,0.512616399,65.8028249,59.5641337,0.450174669
13700,1370,0.512337516,1,1.14201183,0.512903737,70.6366196,62.9353911,1,0.517373578,70.6366196,62.9353911,0.453330527
13710,1371,0.505383399,1,1.12426036,0.507558693,66.8194831,67.6796551,1,0.517047344,66.8194831,67.6796551,0.468401357
13720,1372,0.512401475,1,1.17159763,0.514885675,62.7017216,63.5640292,1,0.552894181,62.7017216,63.5640292,0.447837245
13730,1373,0.530412537,1,1.14201183,0.516159643,67.3245641,60.0908587,1,0.664277427,67.3245641,60.0908587,0.444782953
13740,1374,0.54033962,1,1.21301775,0.515511436,70.1280958,64.8061683,1,0.619292951,70.1280958,64.8061683,0.421984148
13750,1375,0.533302387,1,1.20710059,0.518821947,65.2144119,67.229741,1,0.512118567,65.2144119,67.229741,0.421451383
13760,1376,0.520633844,1,1.16568047,0.51608993,62.8730762,62.107138,1,0.510526284,62.8730762,62.107138,0.433254601
13770,1377,0.515523862,1,1.15976331,0.516896276,68.3057097,60.0326845,1,0.506411921,68.3057097,60.0326845,0.447325147
13780,1378,0.510589498,1,1.1183432,0.510304212,70.2469121,65.7001643,1,0.507579454,70.2469121,65.7001643,0.460823767
13790,1379,0.512189353,1,1.1183432,0.513804904,64.452857,67.0602014,1,0.522924467,64.452857,67.0602014,0.45781043
13800,1380,0.502375992,1,1.13017751,0.515739113,63.3706822,61.3870756,1,0.522881147,63.3706822,61.3870756,0.444262954
13810,1381,0.531086079,1,1.17751479,0.515170718,69.097891,61.3187261,1,0.663003081,69.097891,61.3187261,0.440585893
13820,1382,0.532017917,1,1.24260355,0.517735145,68.2270365,66.960913,1,0.528768684,68.2270365,66.960913,0.43915371
13830,1383,0.527390036,1,1.21893491,0.515048246,62.7937878,65.7850955,1,0.515183618,62.7937878,65.7850955,0.427617167
13840,1384,0.514223388,1,1.17159763,0.514078442,64.5025281,60.1240915,1,0.50465484,64.5025281,60.1240915,0.454866912
13850,1385,0.508279064,1,1.1183432,0.511500884,70.1606838,61.976065,1,0.482880911,70.1606838,61.976065,0.457963928
13860,1386,0.514375776,1,1.1183432,0.516058262,68.0892161,67.3111372,1,0.494513338,68.0892161,67.3111372,0.440239133
13870,1387,0.508396744,1,1.18934911,0.512298481,62.8116288,64.7095199,1,0.531994942,62.8116288,64.7095199,0.452614632
13880,1388,0.521939557,1,1.15976331,0.519094846,65.9120942,59.9679395,1,0.611449497,65.9120942,59.9679395,0.435791265
13890,1389,0.543412526,1,1.18934911,0.520269859,70.2113746,63.6938797,1,0.629200951,70.2113746,63.6938797,0.437627021
13900,1390,0.529787725,1,1.21893491,0.518214055,65.9843751,67.4525955,1,0.529769212,65.9843751,67.4525955,0.435111825
13910,1391,0.521678024,1,1.15384615,0.515762048,62.4509357,62.9257225,1,0.510583429,62.4509357,62.9257225,0.441740595
13920,1392,0.517183804,1,1.11242604,0.512495896,67.0790913,59.4082324,1,0.499265728,67.0790913,59.4082324,0.447164379
13930,1393,0.518457501,1,1.14201183,0.520949983,70.3862958,64.0099146,1,0.48052658,70.3862958,64.0099146,0.435910806
13940,1394,0.511901022,1,1.14201183,0.518959038,65.6033254,67.1496484,1,0.509097973,65.6033254,67.1496484,0.440109818
13950,1395,0.521980634,1,1.17159763,0.518981122,63.3940901,61.5668911,1,0.636291311,63.3940901,61.5668911,0.461845415
13960,1396,0.529262821,1,1.16568047,0.50827103,69.1736668,60.26091,1,0.651221302,69.1736668,60.26091,0.455791744
13970,1397,0.534259198,1,1.23668639,0.514108503,69.6536847,65.9671303,1,0.548038004,69.6536847,65.9671303,0.440490361
13980,1398,0.533502807,1,1.22485207,0.511258864,64.0843968,66.3459098,1,0.523321177,64.0843968,66.3459098,0.429396448
13990,1399,0.526313181,1,1.18343195,0.518901942,64.0293614,60.8740783,1,0.508805441,64.0293614,60.8740783,0.420931403
14000,1400,0.51930433,1,1.15384615,0.517760748,69.6989011,60.8780654,1,0.490701687,69.6989011,60.8780654,0.43611855
14010,1401,0.514780517,1,1.1183432,0.517035733,69.2362409,66.7097954,1,0.489764849,69.2362409,66.7097954,0.450004134
14020,1402,0.518774669,1,1.13609467,0.51677087,63.4228759,65.6218801,1,0.56232322,63.4228759,65.6218801,0.454945037
14030,1403,0.517373838,1,1.18343195,0.513104229,65.0835773,59.8954687,1,0.622596754,65.0835773,59.8954687,0.458642945
14040,1404,0.534136938,1,1.16568047,0.515960606,70.2895655,62.1011004,1,0.669524931,70.2895655,62.1011004,0.43491905
14050,1405,0.535103666,1,1.20710059,0.51765141,67.2645673,67.0144015,1,0.53603323,67.2645673,67.0144015,0.443834435
14060,1406,0.534521807,1,1.27218935,0.513993102,62.6208545,64.1091238,1,0.523168801,62.6208545,64.1091238,0.421358098
14070,1407,0.518572516,1,1.15976331,0.51223369,66.0282366,59.5330436,1,0.51907679,66.0282366,59.5330436,0.43887135
14080,1408,0.519116848,1,1.18934911,0.520013371,70.3071373,63.1946538,1,0.51242057,70.3071373,63.1946538,0.43320998
14090,1409,0.502888458,1,1.14201183,0.508914243,65.9792845,67.4937043,1,0.53498659,65.9792845,67.4937043,0.469244293
14100,1410,0.517102397,1,1.18343195,0.512568351,62.3171093,62.8918166,1,0.577701164,62.3171093,62.8918166,0.452402511
14110,1411,0.500878305,1,1.12426036,0.511371541,66.8502724,59.4290106,1,0.533652674,66.8502724,59.4290106,0.438802788
14120,1412,0.535958458,1,1.14792899,0.515568698,69.5104814,64.3540921,1,0.66741944,69.5104814,64.3540921,0.430584711
14130,1413,0.540763413,1,1.23076923,0.517806024,64.5201029,66.519909,1,0.558416947,64.5201029,66.519909,0.418468891
14140,1414,0.528311799,1,1.18934911,0.517620546,62.7648699,61.3238842,1,0.507996919,62.7648699,61.3238842,0.421883049
14150,1415,0.511559379,1,1.14792899,0.512370239,68.5285305,59.7649292,1,0.514814171,68.5285305,59.7649292,0.459290199
14160,1416,0.50688957,1,1.11242604,0.508400486,69.8491018,65.631517,1,0.505355582,69.8491018,65.631517,0.462567834
14170,1417,0.509452873,1,1.10650888,0.512687018,64.0984637,66.7887385,1,0.48269413,64.0984637,66.7887385,0.4512245
14180,1418,0.514173289,1,1.18343195,0.520473767,63.3417966,61.1469794,1,0.524940029,63.3417966,61.1469794,0.437867287
14190,1419,0.515757412,1,1.11242604,0.517119261,69.0835831,61.058386,1,0.603330076,69.0835831,61.058386,0.441728457
14200,1420,0.539066502,1,1.22485207,0.516511433,68.0411751,66.7713305,1,0.591072824,68.0411751,66.7713305,0.446712842
14210,1421,0.524498197,1,1.21893491,0.509593364,62.5492382,65.1678718,1,0.507980582,62.5492382,65.1678718,0.44009447
14220,1422,0.520183999,1,1.16568047,0.517262775,64.6267563,59.8361849,1,0.515022534,64.6267563,59.8361849,0.440165155
14230,1423,0.512044888,1,1.15976331,0.510339552,70.0244231,62.1835574,1,0.506350044,70.0244231,62.1835574,0.452769029
14240,1424,0.504379818,1,1.0887574,0.51044719,67.3768927,67.5804603,1,0.483703386,67.3768927,67.5804603,0.462409295
14250,1425,0.508567695,1,1.10650888,0.516308354,62.3522729,64.8502329,1,0.493045978,62.3522729,64.8502329,0.439882624
14260,1426,0.517061307,1,1.17159763,0.518944333,65.7043972,60.1907961,1,0.580398373,65.7043972,60.1907961,0.441535037
14270,1427,0.540544096,1,1.20118343,0.521943112,69.7827096,64.3432649,1,0.647917699,69.7827096,64.3432649,0.44771365
14280,1428,0.53137437,1,1.24852071,0.51596115,65.1235007,67.7809159,1,0.522302784,65.1235007,67.7809159,0.445395057
14290,1429,0.519502033,1,1.22485207,0.508104768,61.9089706,62.8937445,1,0.51634677,61.9089706,62.8937445,0.449968095
14300,1430,0.516138374,1,1.16568047,0.509485402,66.8069292,59.9014516,1,0.501251725,66.8069292,59.9014516,0.441513103
14310,1431,0.525173144,1,1.17159763,0.523159228,69.5311616,64.5966302,1,0.499469963,69.5311616,64.5966302,0.417559441
14320,1432,0.513014964,1,1.06508876,0.514999053,64.2616737,67.3041446,1,0.494503678,64.2616737,67.3041446,0.455720621
14330,1433,0.515029542,1,1.18934911,0.517756542,62.140561,61.7442108,1,0.548758629,62.140561,61.7442108,0.457753603
14340,1434,0.520009484,1,1.14201183,0.513204414,68.0273165,60.5410474,1,0.652077477,68.0273165,60.5410474,0.462188597
14350,1435,0.5313135,1,1.17159763,0.510494455,68.184905,66.2851038,1,0.597349854,68.184905,66.2851038,0.442016748
14360,1436,0.526261465,1,1.22485207,0.51696712,62.553769,65.746213,1,0.518494123,62.553769,65.746213,0.435143293
14370,1437,0.514793735,1,1.20710059,0.510231987,63.3195283,59.9143992,1,0.504998433,63.3195283,59.9143992,0.452451827
14380,1438,0.515721862,1,1.15384615,0.513972324,69.0620879,60.8153072,1,0.492642567,69.0620879,60.8153072,0.447138343
14390,1439,0.515753974,1,1.12426036,0.517456395,68.0378092,66.3592766,1,0.481596796,68.0378092,66.3592766,0.43367661
14400,1440,0.516263643,1,1.14792899,0.522849252,62.4643341,64.9512442,1,0.507084893,62.4643341,64.9512442,0.442198513
14410,1441,0.524617321,1,1.17751479,0.520556661,64.6081403,59.4578872,1,0.608433245,64.6081403,59.4578872,0.453604084
14420,1442,0.532857808,1,1.18343195,0.51235371,69.7242286,62.4863675,1,0.653319072,69.7242286,62.4863675,0.45732728
14430,1443,0.534014074,1,1.21893491,0.514130743,66.1591925,66.9692689,1,0.550048416,66.1591925,66.9692689,0.440587877
14440,1444,0.527498239,1,1.21893491,0.513216796,62.0090441,63.3073937,1,0.508817342,62.0090441,63.3073937,0.425747249
14450,1445,0.517140662,1,1.14201183,0.513308609,66.0577039,59.1828697,1,0.500844237,66.0577039,59.1828697,0.444581741
14460,1446,0.520887501,1,1.15384615,0.520591453,69.9753059,63.3797563,1,0.496951511,69.9753059,63.3797563,0.441631335
14470,1447,0.502332338,1,1.07692308,0.510898506,65.5040672,67.4605476,1,0.47575013,65.5040672,67.4605476,0.465653661
14480,1448,0.520203038,1,1.17159763,0.520658275,62.1893094,62.8859058,1,0.551514085,62.1893094,62.8859058,0.4345641
14490,1449,0.518971399,1,1.15384615,0.51823967,67.1584552,59.8442951,1,0.609249258,67.1584552,59.8442951,0.448163943
14500,1450,0.540331606,1,1.14792899,0.516146211,69.2188012,65.2975535,1,0.602695051,69.2188012,65.2975535,0.448422967
14510,1451,0.526510784,1,1.21301775,0.51135607,63.6309676,66.6374739,1,0.521547798,63.6309676,66.6374739,0.44201844
14520,1452,0.522658314,1,1.19526627,0.516151881,62.6156953,61.0487633,1,0.508585437,62.6156953,61.0487633,0.436937057
14530,1453,0.518754229,1,1.15976331,0.516514078,68.2717433,60.0456908,1,0.49843398,68.2717433,60.0456908,0.441869578
14540,1454,0.516166297,1,1.14792899,0.515235323,68.9824937,65.7812157,1,0.500001375,68.9824937,65.7812157,0.444568881
14550,1455,0.506124934,1,1.10059172,0.512425855,63.018578,66.1631204,1,0.495016969,63.018578,66.1631204,0.459702387
14560,1456,0.504288554,1,1.14201183,0.514705647,62.9940671,60.3985131,1,0.51660085,62.9940671,60.3985131,0.443435344
14570,1457,0.537645968,1,1.17751479,0.523376937,68.564063,61.3975041,1,0.654707251,68.564063,61.3975041,0.435297887
14580,1458,0.538684064,1,1.14792899,0.513700071,66.9497557,66.8413454,1,0.618439226,66.9497557,66.8413454,0.436780831
14590,1459,0.526398335,1,1.21893491,0.51329306,61.7102285,64.4914481,1,0.513141098,61.7102285,64.4914481,0.441719761
14600,1460,0.519222219,1,1.18343195,0.51337747,64.2692436,59.4738841,1,0.512186717,64.2692436,59.4738841,0.433265482
14610,1461,0.521566812,1,1.15384615,0.518617003,69.1649675,62.3268494,1,0.502875334,69.1649675,62.3268494,0.435873085
14620,1462,0.512365796,1,1.15976331,0.514861853,65.8292208,67.3038043,1,0.511323705,65.8292208,67.3038043,0.460879571
14630,1463,0.515451223,1,1.14201183,0.515140126,61.2213382,63.4631209,1,0.571863556,61.2213382,63.4631209,0.461432238
14640,1464,0.519355031,1,1.17751479,0.513362997,65.3749647,59.2921062,1,0.610279737,65.3749647,59.2921062,0.452801778
14650,1465,0.535471605,1,1.15976331,0.513952634,68.8492754,63.9179575,1,0.66399782,68.8492754,63.9179575,0.445020676
14660,1466,0.536004519,1,1.25443787,0.521762878,63.8707193,66.6921073,1,0.517063521,63.8707193,66.6921073,0.438407067
14670,1467,0.528548565,1,1.24260355,0.515948274,61.2972707,61.7159692,1,0.51141872,61.2972707,61.7159692,0.430938076
14680,1468,0.518673761,1,1.20118343,0.513913775,66.4770896,59.2051879,1,0.507781409,66.4770896,59.2051879,0.442789348
14690,1469,0.514529926,1,1.17751479,0.51527296,68.7280995,64.5165519,1,0.493846301,68.7280995,64.5165519,0.443744383
14700,1470,0.520575808,1,1.14201183,0.521548476,63.2235144,66.2606272,1,0.537745254,63.2235144,66.2606272,0.444175029
14710,1471,0.512111993,1,1.18343195,0.513546701,61.8292539,60.3845432,1,0.582162105,61.8292539,60.3845432,0.464556323
14720,1472,0.516606039,1,1.12426036,0.513766811,67.4592731,59.6950277,1,0.61245234,67.4592731,59.6950277,0.436314232
14730,1473,0.542187282,1,1.15384615,0.518633215,67.3960815,65.2906922,1,0.642547544,67.3960815,65.2906922,0.430463176
14740,1474,0.536015726,1,1.14792899,0.507101294,61.8574935,65.1224476,1,0.626821725,61.8574935,65.1224476,0.426241754
14750,1475,0.528552859,1,1.19526627,0.520146393,62.8413712,59.6541698,1,0.512337595,62.8413712,59.6541698,0.427391132
14760,1476,0.521173991,1,1.18934911,0.518772454,68.4156287,60.5124917,1,0.513047239,68.4156287,60.5124917,0.433842497
14770,1477,0.519933569,1,1.15384615,0.519232802,67.4199487,66.1264071,1,0.488266336,67.4199487,66.1264071,0.4385791
14780,1478,0.511465588,1,1.15384615,0.515254736,61.6851889,64.6281426,1,0.502929787,61.6851889,64.6281426,0.455942134
14790,1479,0.517624746,1,1.20118343,0.515309503,64.0452245,59.1637433,1,0.589915683,64.0452245,59.1637433,0.457866334
14800,1480,0.529934354,1,1.17159763,0.516791997,69.0967386,62.2304491,1,0.669019921,69.0967386,62.2304491,0.454578804
14810,1481,0.537781719,1,1.15976331,0.512327349,65.6295386,66.7330343,1,0.607685175,65.6295386,66.7330343,0.43714207
14820,1482,0.535764963,1,1.24260355,0.520176052,61.6252818,62.8739468,1,0.523090217,61.6252818,62.8739468,0.427782425
14830,1483,0.521847298,1,1.17751479,0.514655603,65.7180124,58.9095212,1,0.513078396,65.7180124,58.9095212,0.438307082
14840,1484,0.515393095,1,1.14792899,0.517506514,69.5712751,63.2397863,1,0.503433955,69.5712751,63.2397863,0.445880747
14850,1485,0.515101544,1,1.12426036,0.514438778,65.120468,66.9277541,1,0.500060458,65.120468,66.9277541,0.444631293
14860,1486,0.505546106,1,1.11242604,0.513155936,61.6676014,62.0171264,1,0.498839323,61.6676014,62.0171264,0.461772708
14870,1487,0.521376099,1,1.15384615,0.518600569,66.677315,59.2308437,1,0.586268741,66.677315,59.2308437,0.440955131
14880,1488,0.523435867,1,1.16568047,0.516686908,69.0145976,64.4829614,1,0.644134574,69.0145976,64.4829614,0.44220822
14890,1489,0.537667311,1,1.21301775,0.51257431,63.4790869,65.9318309,1,0.604236783,63.4790869,65.9318309,0.44015262
14900,1490,0.528753651,1,1.18343195,0.515998707,62.778336,60.3724517,1,0.508098281,62.778336,60.3724517,0.431028423
14910,1491,0.517968244,1,1.18934911,0.515905964,68.576004,59.7848818,1,0.506042672,68.576004,59.7848818,0.448258906
14920,1492,0.51590057,1,1.17159763,0.515705378,68.9811396,65.6537379,1,0.508216118,68.9811396,65.6537379,0.452524847
14930,1493,0.507511672,1,1.08284024,0.509479093,62.9449279,65.9433083,1,0.481118381,62.9449279,65.9433083,0.464857955
14940,1494,0.504594359,1,1.13017751,0.513126844,62.9141752,60.0873037,1,0.491636555,62.9141752,60.0873037,0.450468103
14950,1495,0.506015477,1,1.13609467,0.51872068,68.4427003,60.4595553,1,0.526983545,68.4427003,60.4595553,0.426234097
14960,1496,0.54095383,1,1.15384615,0.520710692,67.0563206,65.9904129,1,0.658520126,67.0563206,65.9904129,0.438612894
14970,1497,0.534590907,1,1.22485207,0.515235032,61.8832292,63.9312047,1,0.539967097,61.8832292,63.9312047,0.428297942
14980,1498,0.527645654,1,1.23076923,0.516809935,64.3330041,58.8378148,1,0.515608357,64.3330041,58.8378148,0.434761838
14990,1499,0.512552108,1,1.14792899,0.512753129,69.5113861,61.6816345,1,0.520920142,69.5113861,61.6816345,0.454451686
15000,1500,0.507033384,1,1.12426036,0.507497266,66.3274291,66.7464652,1,0.50065367,66.3274291,66.7464652,0.460190936
15010,1501,0.51321977,1,1.13609467,0.515146115,61.6486781,63.2088704,1,0.496697377,61.6486781,63.2088704,0.451200158
15020,1502,0.515695918,1,1.17751479,0.516309397,65.7294205,58.9272925,1,0.580007004,65.7294205,58.9272925,0.454981419
15030,1503,0.527437114,1,1.14201183,0.519047897,69.3412917,63.2837044,1,0.655164693,69.3412917,63.2837044,0.435305359
15040,1504,0.535653212,1,1.20118343,0.513003023,64.3929798,66.2278638,1,0.573502878,64.3929798,66.2278638,0.442918411
15050,1505,0.526699636,1,1.20710059,0.513896886,62.0439027,61.0474461,1,0.511277883,62.0439027,61.0474461,0.437548916
15060,1506,0.524888879,1,1.20710059,0.517953642,67.2560056,58.882171,1,0.526502823,67.2560056,58.882171,0.434151785
15070,1507,0.518375496,1,1.14792899,0.519450923,69.1776189,64.3064993,1,0.508541539,69.1776189,64.3064993,0.442664978
15080,1508,0.517080678,1,1.10059172,0.517982147,63.5778509,66.090063,1,0.499702911,63.5778509,66.090063,0.45207281
15090,1509,0.512652309,1,1.15976331,0.516050487,62.180428,60.282889,1,0.527708428,62.180428,60.282889,0.45945723
15100,1510,0.516607193,1,1.10650888,0.517780345,67.9233133,59.6007912,1,0.586417037,67.9233133,59.6007912,0.444865443
15110,1511,0.537669224,1,1.15384615,0.515381338,67.7782752,65.4448011,1,0.657594973,67.7782752,65.4448011,0.449677651
15120,1512,0.520336974,1,1.20710059,0.512076023,61.9961936,64.1793804,1,0.507848935,61.9961936,64.1793804,0.455302473
15130,1513,0.512420995,1,1.18934911,0.50787229,63.6340229,58.6128056,1,0.507412092,63.6340229,58.6128056,0.446347706
15140,1514,0.517230579,1,1.15976331,0.514906965,69.13845,60.3016565,1,0.493706064,69.13845,60.3016565,0.442898834
15150,1515,0.519139815,1,1.14792899,0.516729218,67.7034112,65.5322315,1,0.481824247,67.7034112,65.5322315,0.417219957
15160,1516,0.515874012,1,1.12426036,0.524410955,62.399139,63.8070722,1,0.477557666,62.399139,63.8070722,0.429058953
15170,1517,0.524332477,1,1.15976331,0.524909124,64.7277787,58.5535913,1,0.581690288,64.7277787,58.5535913,0.442034194
15180,1518,0.536307659,1,1.18343195,0.515465631,69.6790141,62.0165315,1,0.660454939,69.6790141,62.0165315,0.464775105
15190,1519,0.527933462,1,1.15976331,0.505164191,65.625849,66.3897236,1,0.592448809,65.625849,66.3897236,0.458663847
15200,1520,0.535013344,1,1.24260355,0.513265239,61.7647525,62.266947,1,0.54847154,61.7647525,62.266947,0.434498641
15210,1521,0.527164934,1,1.19526627,0.512162669,65.8499925,58.5136725,1,0.517989857,65.8499925,58.5136725,0.42674116
15220,1522,0.521766002,1,1.14201183,0.520231717,69.2790495,62.9158906,1,0.506343296,69.2790495,62.9158906,0.429241493
15230,1523,0.512398636,1,1.13609467,0.518889235,64.6857358,66.4443078,1,0.494689773,64.6857358,66.4443078,0.445545069
15240,1524,0.50582145,1,1.10059172,0.513618686,61.4377185,61.5540313,1,0.495421931,61.4377185,61.5540313,0.45158773
15250,1525,0.526038868,1,1.17159763,0.522393496,66.8532942,59.3265485,1,0.61754612,66.8532942,59.3265485,0.450444487
15260,1526,0.532467185,1,1.17159763,0.513464319,68.3773654,65.0182404,1,0.649477729,68.3773654,65.0182404,0.453246999
15270,1527,0.53615457,1,1.25443787,0.516398981,62.770635,65.7917278,1,0.546449298,62.770635,65.7917278,0.435371769
15280,1528,0.530309103,1,1.23076923,0.516249287,62.2856476,60.1558917,1,0.520690549,62.2856476,60.1558917,0.435128098
15290,1529,0.528053655,1,1.19526627,0.518431946,67.8730955,59.8798923,1,0.508083619,67.8730955,59.8798923,0.430327723
15300,1530,0.519601405,1,1.14792899,0.521215655,68.0546554,65.6166182,1,0.485023871,68.0546554,65.6166182,0.441507555
15310,1531,0.517741005,1,1.14201183,0.518369051,62.2176208,65.35778,1,0.515061547,62.2176208,65.35778,0.449443905
15320,1532,0.515782384,1,1.17159763,0.511379331,63.2842024,59.3574759,1,0.577085813,63.2842024,59.3574759,0.468797059
15330,1533,0.519727793,1,1.15976331,0.507909423,68.9827234,61.0633323,1,0.65110187,68.9827234,61.0633323,0.457566807
15340,1534,0.533855338,1,1.14792899,0.512663215,66.7445635,66.2806239,1,0.671315066,66.7445635,66.2806239,0.43670019
15350,1535,0.538525687,1,1.21893491,0.516522119,61.9388519,63.5693433,1,0.541803185,61.9388519,63.5693433,0.424444688
15360,1536,0.52790556,1,1.22485207,0.512460357,64.7897135,58.8234365,1,0.523102235,64.7897135,58.8234365,0.425872186
15370,1537,0.520938513,1,1.21893491,0.520131221,69.3252395,62.2193714,1,0.514828167,69.3252395,62.2193714,0.435844888
15380,1538,0.508535269,1,1.13609467,0.512296005,65.6712927,66.8944764,1,0.508302955,65.6712927,66.8944764,0.456432878
15390,1539,0.509679376,1,1.12426036,0.510470104,61.3760336,62.6349288,1,0.52696014,61.3760336,62.6349288,0.465324195
15400,1540,0.521319807,1,1.18343195,0.514006995,66.1856829,59.0481942,1,0.615960695,66.1856829,59.0481942,0.461521742
15410,1541,0.509907015,1,1.14201183,0.508953592,69.4106529,63.7697251,1,0.603903798,69.4106529,63.7697251,0.439831099
15420,1542,0.532545183,1,1.14201183,0.513487147,64.3476287,66.2123199,1,0.66785741,64.3476287,66.2123199,0.432417745
15430,1543,0.532841616,1,1.21893491,0.512797195,62.4827255,60.9918034,1,0.525742448,62.4827255,60.9918034,0.426431847
15440,1544,0.522605345,1,1.18343195,0.517874725,67.9393538,59.4960805,1,0.513164073,67.9393538,59.4960805,0.435224077
15450,1545,0.515918078,1,1.13017751,0.515641053,69.2856897,65.1907403,1,0.499482627,69.2856897,65.1907403,0.450126679
15460,1546,0.506296388,1,1.14792899,0.511744923,63.4071556,66.2799114,1,0.511051259,63.4071556,66.2799114,0.459891016
15470,1547,0.500700331,1,1.13017751,0.512077917,62.6470094,60.4626632,1,0.495933101,62.6470094,60.4626632,0.451284815
15480,1548,0.529414906,1,1.19526627,0.523810498,68.2877967,60.5543857,1,0.624711096,68.2877967,60.5543857,0.433964079
15490,1549,0.539791041,1,1.16568047,0.515868616,67.4049187,66.3608752,1,0.626679516,67.4049187,66.3608752,0.451786682
15500,1550,0.530596805,1,1.23668639,0.515938492,61.9493957,64.535419,1,0.509536721,61.9493957,64.535419,0.442525178
15510,1551,0.519288928,1,1.18343195,0.508793657,63.9057326,59.0856765,1,0.511366621,63.9057326,59.0856765,0.445403529
15520,1552,0.521964498,1,1.17751479,0.517826056,69.1169859,61.2556872,1,0.504825274,69.1169859,61.2556872,0.434231332
15530,1553,0.515959348,1,1.14792899,0.517791892,66.9117282,66.5363663,1,0.486692902,66.9117282,66.5363663,0.440203915
15540,1554,0.518438476,1,1.18934911,0.518754309,61.834781,63.800471,1,0.517170255,61.834781,63.800471,0.443630235
15550,1555,0.519016532,1,1.14792899,0.514917237,65.1692959,58.9343819,1,0.576574551,65.1692959,58.9343819,0.453766703
15560,1556,0.524096707,1,1.16568047,0.519326488,69.6580646,62.451244,1,0.613384719,69.6580646,62.451244,0.438646137
15570,1557,0.530508959,1,1.17159763,0.509035714,65.5580098,66.5711496,1,0.66630161,65.5580098,66.5711496,0.447108205
15580,1558,0.532112214,1,1.24852071,0.517559135,62.3331338,62.0179323,1,0.520134342,62.3331338,62.0179323,0.429197771
15590,1559,0.519132157,1,1.21301775,0.513688377,67.0574958,58.7628913,1,0.515745309,67.0574958,58.7628913,0.441319224
15600,1560,0.521975724,1,1.18934911,0.512990353,70.2214916,63.3267487,1,0.516749181,70.2214916,63.3267487,0.427180549
15610,1561,0.517620207,1,1.17159763,0.520309164,65.3463186,66.3177081,1,0.483070689,65.3463186,66.3177081,0.439964698
15620,1562,0.516749382,1,1.13609467,0.519753484,62.4671283,61.3879375,1,0.493048755,62.4671283,61.3879375,0.439151791
15630,1563,0.514490142,1,1.16568047,0.518690508,67.910198,59.0760796,1,0.553718667,67.910198,59.0760796,0.454899003
15640,1564,0.533232413,1,1.15976331,0.517792221,69.0609325,64.984377,1,0.657659365,69.0609325,64.984377,0.463024327
15650,1565,0.532251208,1,1.18934911,0.509108655,63.3648253,65.4691789,1,0.601178848,63.3648253,65.4691789,0.439746226
15660,1566,0.532998897,1,1.22485207,0.517718957,63.442817,59.8575203,1,0.519099299,63.442817,59.8575203,0.431707731
15670,1567,0.525812725,1,1.18343195,0.514483798,69.0653259,59.9541305,1,0.514427698,69.0653259,59.9541305,0.43256453
15680,1568,0.521606258,1,1.14792899,0.519917495,68.8027243,65.5614708,1,0.490787857,68.8027243,65.5614708,0.43180661
15690,1569,0.517713849,1,1.15976331,0.517103052,63.0295957,64.9117763,1,0.510637036,63.0295957,64.9117763,0.446890087
15700,1570,0.507461686,1,1.14201183,0.510514797,64.2277717,59.0496191,1,0.514772975,64.2277717,59.0496191,0.460257922
15710,1571,0.522460293,1,1.16568047,0.519112383,69.7333337,60.7785151,1,0.596569783,69.7333337,60.7785151,0.443895436
15720,1572,0.529410373,1,1.16568047,0.514982522,67.3825359,66.1458989,1,0.66061974,67.3825359,66.1458989,0.450739424
15730,1573,0.537938808,1,1.21893491,0.51397931,62.6264647,63.0816244,1,0.594336829,62.6264647,63.0816244,0.435210562
15740,1574,0.528839166,1,1.21301775,0.514764048,66.1031214,58.6020644,1,0.514741915,66.1031214,58.6020644,0.436185724
15750,1575,0.528384087,1,1.20118343,0.51821264,70.3764159,62.0338788,1,0.5149788,70.3764159,62.0338788,0.421594579
15760,1576,0.516310928,1,1.14792899,0.51564423,66.6935713,66.4262088,1,0.509183536,66.6935713,66.4262088,0.440923633
15770,1577,0.515694517,1,1.15384615,0.519541528,62.7473991,62.245685,1,0.526713914,62.7473991,62.245685,0.442217748
15780,1578,0.508610466,1,1.16568047,0.508527599,67.6461014,58.5450352,1,0.589096474,67.6461014,58.5450352,0.472260669
15790,1579,0.519941581,1,1.1183432,0.509794915,70.5657162,63.6090775,1,0.623095166,70.5657162,63.6090775,0.449645984
15800,1580,0.509178762,1,1.10059172,0.512021396,65.7268273,66.2959813,1,0.585036917,65.7268273,66.2959813,0.425755844
15810,1581,0.543257781,1,1.20118343,0.517351716,63.7088854,61.1096622,1,0.607346604,63.7088854,61.1096622,0.428082252
15820,1582,0.533774705,1,1.24260355,0.515420147,68.8997964,59.4484072,1,0.525979471,68.8997964,59.4484072,0.419250705
15830,1583,0.522643308,1,1.16568047,0.518362618,70.1124094,64.9568528,1,0.506342368,70.1124094,64.9568528,0.433872083
15840,1584,0.509977682,1,1.12426036,0.511638479,64.2008748,66.0772683,1,0.513159317,64.2008748,66.0772683,0.462828787
15850,1585,0.506544057,1,1.08284024,0.50928377,63.2471236,60.1678621,1,0.488551442,63.2471236,60.1678621,0.460452075
15860,1586,0.512365998,1,1.13017751,0.517831261,68.9394338,59.4300461,1,0.498456401,68.9394338,59.4300461,0.441532889
15870,1587,0.519515045,1,1.17751479,0.52017137,68.9867303,65.1915311,1,0.593079409,68.9867303,65.1915311,0.443206092
15880,1588,0.536823834,1,1.16568047,0.515704633,63.274612,64.2899203,1,0.658779826,63.274612,64.2899203,0.444833574
15890,1589,0.528842115,1,1.23076923,0.510618971,65.0160154,58.7923279,1,0.535677729,65.0160154,58.7923279,0.44360017
15900,1590,0.527014607,1,1.20118343,0.51400813,70.1375891,60.8901554,1,0.511482391,70.1375891,60.8901554,0.425735684
15910,1591,0.518832813,1,1.17751479,0.513930371,67.7554549,66.0974881,1,0.507185937,67.7554549,66.0974881,0.440487068
15920,1592,0.512307666,1,1.13609467,0.516835539,62.522992,63.3803382,1,0.503937597,62.522992,63.3803382,0.453530337
15930,1593,0.510923627,1,1.10059172,0.513870736,65.6391411,58.3153458,1,0.519855528,65.6391411,58.3153458,0.457446821
15940,1594,0.507637758,1,1.16568047,0.511627259,70.3900291,61.7577425,1,0.530099585,70.3900291,61.7577425,0.451303384
15950,1595,0.524821427,1,1.13609467,0.517429243,66.4514845,65.9348824,1,0.626237787,66.4514845,65.9348824,0.441625776
15960,1596,0.536392936,1,1.15976331,0.517018692,62.8084545,61.6930651,1,0.66826924,62.8084545,61.6930651,0.430114072
15970,1597,0.534569427,1,1.23076923,0.51988104,67.3772747,58.6508766,1,0.519132529,67.3772747,58.6508766,0.422230123
15980,1598,0.523499707,1,1.15384615,0.518893806,70.2346358,63.5331788,1,0.502296651,70.2346358,63.5331788,0.43515206
15990,1599,0.51556865,1,1.14792899,0.51457334,65.0581075,66.303578,1,0.502765409,65.0581075,66.303578,0.451634488
16000,1600,0.510415406,1,1.10059172,0.511088178,62.4698126,60.9834997,1,0.48588498,62.4698126,60.9834997,0.455099334
16010,1601,0.509710422,1,1.09467456,0.515605779,67.8859039,58.7735306,1,0.485898589,67.8859039,58.7735306,0.449970469
16020,1602,0.515913211,1,1.15976331,0.520050951,69.594632,64.3035792,1,0.565593704,69.594632,64.3035792,0.445232396
16030,1603,0.534479378,1,1.17159763,0.517080526,63.6830647,64.9294688,1,0.65712247,63.6830647,64.9294688,0.457277549
16040,1604,0.528643003,1,1.24260355,0.509887522,63.8913341,59.1656344,1,0.539972038,63.8913341,59.1656344,0.44366123
16050,1605,0.520114353,1,1.19526627,0.511761757,69.6064793,60.0126756,1,0.517222076,69.6064793,60.0126756,0.444428784
16060,1606,0.517012284,1,1.15384615,0.511770969,68.5832508,65.6974511,1,0.511619174,68.5832508,65.6974511,0.444317638
16070,1607,0.518623358,1,1.18343195,0.51674994,63.0578256,64.6504403,1,0.492698711,63.0578256,64.6504403,0.432596095
16080,1608,0.512753664,1,1.11242604,0.51464903,64.3434321,59.0983612,1,0.478619783,64.3434321,59.0983612,0.43838303
16090,1609,0.513747954,1,1.16568047,0.517674608,69.814372,60.8670854,1,0.510551713,69.814372,60.8670854,0.442288087
16100,1610,0.5212051,1,1.13017751,0.522777599,67.5450735,66.123762,1,0.592022886,67.5450735,66.123762,0.44042989
16110,1611,0.542005125,1,1.15976331,0.521059787,62.6836707,62.8724256,1,0.621869884,62.6836707,62.8724256,0.449881152
16120,1612,0.529588038,1,1.21301775,0.516669203,66.5436629,58.585965,1,0.518309945,66.5436629,58.585965,0.443715381
16130,1613,0.51828066,1,1.18934911,0.509526656,70.6613528,62.6934668,1,0.504681918,70.6613528,62.6934668,0.447391789
16140,1614,0.522997467,1,1.20118343,0.516886835,66.4939099,66.5274334,1,0.50528912,66.4939099,66.5274334,0.435597126
16150,1615,0.518183748,1,1.13017751,0.518998214,62.7166727,62.4078704,1,0.494400192,62.7166727,62.4078704,0.429932708
16160,1616,0.51654601,1,1.17751479,0.524186619,67.2099377,58.9233269,1,0.515456232,67.2099377,58.9233269,0.437390551
16170,1617,0.513477537,1,1.15384615,0.510947555,70.3584755,64.1037696,1,0.588796395,70.3584755,64.1037696,0.466323128
16180,1618,0.536380128,1,1.18934911,0.516379052,64.7158372,66.0369004,1,0.66134915,64.7158372,66.0369004,0.458814798
16190,1619,0.53307463,1,1.18343195,0.509522439,63.3794819,60.3915102,1,0.613916514,63.3794819,60.3915102,0.446261763
16200,1620,0.530217919,1,1.23668639,0.512363157,68.9987986,59.630334,1,0.520045831,68.9987986,59.630334,0.436202746
16210,1621,0.523925375,1,1.18934911,0.51318096,69.6200875,65.1339364,1,0.521985145,69.6200875,65.1339364,0.426043023
16220,1622,0.518640724,1,1.16568047,0.517276751,64.0528522,65.4600147,1,0.507673734,64.0528522,65.4600147,0.428982807
16230,1623,0.516539096,1,1.14201183,0.520465239,63.8656334,59.7327614,1,0.488892092,63.8656334,59.7327614,0.440793262
16240,1624,0.522071467,1,1.19526627,0.519988106,69.7298778,60.1443301,1,0.557799544,69.7298778,60.1443301,0.452205321
16250,1625,0.52826184,1,1.17751479,0.518355105,68.4265795,65.9710625,1,0.639938674,68.4265795,65.9710625,0.459285507
16260,1626,0.540587216,1,1.16568047,0.517668434,62.9511863,63.8977133,1,0.65099273,62.9511863,63.8977133,0.450369392
16270,1627,0.536138447,1,1.18934911,0.512644647,65.3690537,58.7432376,1,0.576239813,65.3690537,58.7432376,0.437953167
16280,1628,0.535285287,1,1.27218935,0.512937773,70.1608585,61.3145354,1,0.515820665,70.1608585,61.3145354,0.418315629
16290,1629,0.523781085,1,1.18934911,0.517510898,67.2952142,66.0328953,1,0.511498235,67.2952142,66.0328953,0.424646297
16300,1630,0.507763394,1,1.15384615,0.512563689,62.369386,62.651493,1,0.503026752,62.369386,62.651493,0.459596326
16310,1631,0.513222369,1,1.13017751,0.513064288,66.1160368,58.1444675,1,0.523767799,66.1160368,58.1444675,0.450841888
16320,1632,0.500700972,1,1.13017751,0.5086785,70.620189,62.0690347,1,0.496393504,70.620189,62.0690347,0.459544503
16330,1633,0.519526695,1,1.10650888,0.518336128,66.3729439,65.8198582,1,0.590071788,66.3729439,65.8198582,0.435874751
16340,1634,0.538192701,1,1.19526627,0.517123317,63.174417,61.0351378,1,0.652570707,63.174417,61.0351378,0.442719702
16350,1635,0.534690785,1,1.22485207,0.51998243,68.154414,58.5608468,1,0.509721997,68.154414,58.5608468,0.427753769
16360,1636,0.517336685,1,1.20118343,0.51147244,70.4026726,63.8752177,1,0.509358902,70.4026726,63.8752177,0.443874847
16370,1637,0.510666549,1,1.18343195,0.512159873,64.7519982,65.9140376,1,0.508645139,64.7519982,65.9140376,0.462095231
16380,1638,0.515880666,1,1.13017751,0.511886959,62.7092864,60.6185742,1,0.493873919,62.7092864,60.6185742,0.436599308
16390,1639,0.517661036,1,1.12426036,0.520397602,68.1898517,58.9606051,1,0.485050713,68.1898517,58.9606051,0.440450664
16400,1640,0.506806094,1,1.17159763,0.515947927,69.5824422,64.6932372,1,0.516002564,69.5824422,64.6932372,0.453796472
16410,1641,0.523374769,1,1.16568047,0.51824145,63.7997796,65.0406497,1,0.638482279,63.7997796,65.0406497,0.44562224
16420,1642,0.536863751,1,1.18343195,0.513115159,64.2918762,59.3342821,1,0.614611709,64.2918762,59.3342821,0.440580507
16430,1643,0.521237745,1,1.20710059,0.511905887,69.9397349,60.741752,1,0.51703165,69.9397349,60.741752,0.447737768
16440,1644,0.512297446,1,1.17751479,0.509777981,68.158309,66.3637504,1,0.510548694,68.158309,66.3637504,0.453652786
16450,1645,0.516420234,1,1.15384615,0.51438085,62.6591231,64.5785375,1,0.49149777,62.6591231,64.5785375,0.444745999
16460,1646,0.515795661,1,1.11242604,0.517197761,64.349046,59.3459171,1,0.472150196,64.349046,59.3459171,0.422980093
16470,1647,0.516694588,1,1.13017751,0.526457554,69.578088,61.3120372,1,0.490868113,69.578088,61.3120372,0.429727505
16480,1648,0.52569841,1,1.16568047,0.523187582,66.898062,66.4653051,1,0.606607493,66.898062,66.4653051,0.446807935
16490,1649,0.533842254,1,1.20118343,0.51162956,62.2237966,62.5915383,1,0.619204743,62.2237966,62.5915383,0.466985969
16500,1650,0.52277747,1,1.18343195,0.503590259,66.6022778,58.5740584,1,0.535250491,66.6022778,58.5740584,0.457102025
16510,1651,0.529128765,1,1.22485207,0.514405126,70.2010404,62.9735119,1,0.52162132,70.2010404,62.9735119,0.437220128
16520,1652,0.528539644,1,1.21301775,0.51638139,66.1104303,66.6147439,1,0.517709091,66.1104303,66.6147439,0.421266485
16530,1653,0.525867721,1,1.17751479,0.522300783,62.6555732,62.4382681,1,0.495688047,62.6555732,62.4382681,0.416941437
16540,1654,0.515411104,1,1.13609467,0.517791847,67.2251816,59.0392659,1,0.49760686,67.2251816,59.0392659,0.438087133
16550,1655,0.511863783,1,1.16568047,0.514773971,70.0418917,64.3824263,1,0.559529925,70.0418917,64.3824263,0.464625684
16560,1656,0.525045972,1,1.15976331,0.512088606,64.575444,66.4990536,1,0.642796389,64.575444,66.4990536,0.450917285
16570,1657,0.525434514,1,1.1183432,0.512199708,62.8492661,61.0348352,1,0.654586854,62.8492661,61.0348352,0.44079925
16580,1658,0.541943747,1,1.18934911,0.51586824,68.3385583,59.8512884,1,0.632202542,68.3385583,59.8512884,0.43195655
16590,1659,0.532289062,1,1.24852071,0.521873695,68.9504601,65.4306355,1,0.514392407,68.9504601,65.4306355,0.431753947
16600,1660,0.523483039,1,1.18934911,0.518554898,63.2214877,65.9033983,1,0.502730626,63.2214877,65.9033983,0.442188135
16610,1661,0.517597608,1,1.17159763,0.515097733,63.0649205,60.0076721,1,0.510037115,63.0649205,60.0076721,0.453677288
16620,1662,0.509647504,1,1.13017751,0.511489653,69.1823372,60.243154,1,0.507256439,69.1823372,60.243154,0.470919018
16630,1663,0.504661743,1,1.14201183,0.508429635,68.7203111,66.2662832,1,0.494763969,68.7203111,66.2662832,0.464678758
16640,1664,0.49919554,1,1.17159763,0.515010595,63.0544929,65.6325736,1,0.504947694,63.0544929,65.6325736,0.438549817
16650,1665,0.509595756,1,1.1183432,0.517567508,64.1237079,60.3554429,1,0.575579691,64.1237079,60.3554429,0.414181513
16660,1666,0.534728717,1,1.17751479,0.513618833,69.3591647,62.2302468,1,0.662452265,69.3591647,62.2302468,0.427770454
16670,1667,0.533760669,1,1.23076923,0.514653842,66.8621482,67.0023436,1,0.518606617,66.8621482,67.0023436,0.414300575
16680,1668,0.521430604,1,1.17751479,0.515682493,62.0460934,64.1427813,1,0.509383479,62.0460934,64.1427813,0.430848069
16690,1669,0.512530342,1,1.14792899,0.513313476,65.3385725,59.1554827,1,0.506743121,65.3385725,59.1554827,0.459698681
16700,1670,0.507424725,1,1.09467456,0.506988415,70.224324,62.7467157,1,0.494571479,70.224324,62.7467157,0.46643253
16710,1671,0.508046688,1,1.12426036,0.515111315,66.5513804,67.3228395,1,0.494619227,66.5513804,67.3228395,0.451371505
16720,1672,0.502955337,1,1.13609467,0.519404787,62.2850721,63.6118977,1,0.514913979,62.2850721,63.6118977,0.434955458
16730,1673,0.525386639,1,1.17159763,0.515399561,66.6335414,60.0076389,1,0.656801579,66.6335414,60.0076389,0.434461289
16740,1674,0.541548332,1,1.23668639,0.520457748,69.4736389,64.8202735,1,0.552828731,69.4736389,64.8202735,0.429858968
16750,1675,0.521857267,1,1.18934911,0.510428738,64.2183039,67.2367518,1,0.51447582,64.2183039,67.2367518,0.444944735
16760,1676,0.517864706,1,1.21301775,0.516272317,62.1641041,61.7434629,1,0.513038558,62.1641041,61.7434629,0.451138991
16770,1677,0.517955846,1,1.14201183,0.513401233,67.4639823,59.5614526,1,0.499604408,67.4639823,59.5614526,0.440883182
16780,1678,0.52222352,1,1.11242604,0.522791947,69.2414036,64.8830391,1,0.496765621,69.2414036,64.8830391,0.431582398
16790,1679,0.503830918,1,1.10650888,0.514263696,63.5154383,66.585231,1,0.486197329,63.5154383,66.585231,0.459509233
16800,1680,0.513760732,1,1.15976331,0.51868664,62.5197766,60.9874641,1,0.567402535,62.5197766,60.9874641,0.437355801
16810,1681,0.543733378,1,1.15976331,0.521164066,68.1959052,60.8496512,1,0.657200426,68.1959052,60.8496512,0.436753949
16820,1682,0.535309062,1,1.21301775,0.514030169,67.6024282,66.575758,1,0.549218007,67.6024282,66.575758,0.442829214
16830,1683,0.520029636,1,1.20710059,0.513508001,61.9595432,65.3203245,1,0.507653383,61.9595432,65.3203245,0.444681022
16840,1684,0.516210317,1,1.15976331,0.513072919,63.3534031,59.7091467,1,0.506980966,63.3534031,59.7091467,0.444746868
16850,1685,0.516905142,1,1.14792899,0.515965223,68.855621,61.1999485,1,0.484126281,68.855621,61.1999485,0.438508041
16860,1686,0.515893524,1,1.07692308,0.52038473,67.2370047,66.5741911,1,0.481562988,67.2370047,66.5741911,0.431746159
16870,1687,0.51377295,1,1.15384615,0.522402658,61.867554,64.709781,1,0.505620456,61.867554,64.709781,0.437225154
16880,1688,0.528732905,1,1.14792899,0.518905,64.7742719,59.5362024,1,0.637425983,64.7742719,59.5362024,0.456478184
16890,1689,0.532959375,1,1.17159763,0.512558059,69.2651303,63.3246448,1,0.620258235,69.2651303,63.3246448,0.451952408
16900,1690,0.533788411,1,1.24260355,0.51511135,65.2529656,67.264688,1,0.534961861,65.2529656,67.264688,0.432560873
16910,1691,0.520057471,1,1.15384615,0.509294476,61.4101673,62.9517834,1,0.515032182,61.4101673,62.9517834,0.444348104
16920,1692,0.516518809,1,1.1183432,0.512500873,65.9640815,59.4129254,1,0.499952719,65.9640815,59.4129254,0.443637807
16930,1693,0.519458034,1,1.13609467,0.522008864,69.3207957,63.9851463,1,0.489511789,69.3207957,63.9851463,0.436315492
16940,1694,0.508978669,1,1.13609467,0.517173535,64.5314723,67.3175839,1,0.503085914,64.5314723,67.3175839,0.448816715
16950,1695,0.521486826,1,1.18934911,0.51936169,62.1826005,61.8510961,1,0.620087436,62.1826005,61.8510961,0.457674125
16960,1696,0.527443842,1,1.17159763,0.508616526,68.1015201,60.5255073,1,0.621513786,68.1015201,60.5255073,0.466580118
16970,1697,0.531986088,1,1.20118343,0.51184785,68.6127358,66.2237227,1,0.550863244,68.6127358,66.2237227,0.440084715
16980,1698,0.532424645,1,1.26627219,0.509987942,63.0400171,66.6243362,1,0.530719982,63.0400171,66.6243362,0.429776911
16990,1699,0.530073165,1,1.23668639,0.519425558,62.9347578,61.1841093,1,0.506657511,62.9347578,61.1841093,0.418557313
17000,1700,0.520121885,1,1.14201183,0.520348042,68.6461556,61.0577547,1,0.488212882,68.6461556,61.0577547,0.43944579
17010,1701,0.51743682,1,1.14792899,0.519073478,68.2752582,66.8766871,1,0.514333318,68.2752582,66.8766871,0.448518529
17020,1702,0.514208761,1,1.20118343,0.511664925,62.295933,65.7953369,1,0.571977788,62.295933,65.7953369,0.467409126
17030,1703,0.518454156,1,1.15384615,0.510003882,63.949533,60.1391008,1,0.629522576,63.949533,60.1391008,0.453307372
17040,1704,0.531448402,1,1.17751479,0.512446249,69.2163275,62.3095195,1,0.676025341,69.2163275,62.3095195,0.43819048
17050,1705,0.538864865,1,1.20710059,0.512665294,66.4957325,67.1333922,1,0.567724885,66.4957325,67.1333922,0.426013483
17060,1706,0.528921671,1,1.20710059,0.515267981,61.8957077,64.1639314,1,0.52153597,61.8957077,64.1639314,0.42117001
17070,1707,0.517632963,1,1.20118343,0.51981476,65.3680941,59.5927146,1,0.513745914,65.3680941,59.5927146,0.441577925
17080,1708,0.509528125,1,1.13017751,0.511296512,69.9684423,63.2185625,1,0.500683001,69.9684423,63.2185625,0.45057476
17090,1709,0.509704689,1,1.1183432,0.513163311,65.9207201,67.5589825,1,0.507671783,65.9207201,67.5589825,0.456532475
17100,1710,0.520681699,1,1.15384615,0.516873207,62.1718114,63.026525,1,0.595442899,62.1718114,63.026525,0.452458683
17110,1711,0.509858143,1,1.13609467,0.510803257,66.7626704,59.6026262,1,0.589760263,66.7626704,59.6026262,0.440542091
17120,1712,0.54163275,1,1.19526627,0.51741838,69.377692,64.707147,1,0.647364876,69.377692,64.707147,0.44118232
17130,1713,0.530146532,1,1.21301775,0.514351819,64.078068,66.7032089,1,0.52417674,64.078068,66.7032089,0.435620194
17140,1714,0.523122511,1,1.19526627,0.519012057,62.4399935,61.2552431,1,0.511126583,62.4399935,61.2552431,0.437607935
17150,1715,0.512725957,1,1.14201183,0.512268765,68.1827647,59.6865035,1,0.499602014,68.1827647,59.6865035,0.457937004
17160,1716,0.504425549,1,1.10650888,0.509602405,69.4964674,65.4975855,1,0.498995021,69.4964674,65.4975855,0.458286551
17170,1717,0.50355814,1,1.09467456,0.513964617,63.8278067,66.5359824,1,0.47637109,63.8278067,66.5359824,0.443306446
17180,1718,0.525137139,1,1.20118343,0.524299954,63.4739562,60.9622693,1,0.597776318,63.4739562,60.9622693,0.429610309
17190,1719,0.540563579,1,1.15976331,0.518780305,69.3515699,61.5028103,1,0.657129818,69.3515699,61.5028103,0.454032081
17200,1720,0.530813568,1,1.22485207,0.513859004,67.8140357,67.1387624,1,0.52480196,67.8140357,67.1387624,0.449378057
17210,1721,0.515117011,1,1.19526627,0.50514439,62.2312635,65.1962067,1,0.509201785,62.2312635,65.1962067,0.454698472
17220,1722,0.522246486,1,1.18343195,0.517457318,64.2708709,60.0146916,1,0.505941891,64.2708709,60.0146916,0.428345492
17230,1723,0.515698632,1,1.15384615,0.513968697,69.6405007,61.9888056,1,0.490168328,69.6405007,61.9888056,0.44007833
17240,1724,0.519942498,1,1.13017751,0.522814575,67.5264185,67.1069861,1,0.475702066,67.5264185,67.1069861,0.425969932
17250,1725,0.521100334,1,1.13609467,0.520158309,62.3271912,64.4455053,1,0.539733243,62.3271912,64.4455053,0.449295597
17260,1726,0.522679551,1,1.17751479,0.517602734,65.8132232,59.5363688,1,0.616421291,65.8132232,59.5363688,0.463151287
17270,1727,0.532737212,1,1.15976331,0.50994499,70.0253395,63.7399315,1,0.656376894,70.0253395,63.7399315,0.457752825
17280,1728,0.534331265,1,1.20118343,0.51593922,65.5301172,67.2970194,1,0.565825097,65.5301172,67.2970194,0.440950412
17290,1729,0.533134913,1,1.22485207,0.520462125,62.4161314,62.7337127,1,0.51397121,62.4161314,62.7337127,0.424965546
17300,1730,0.527829111,1,1.20118343,0.5201872,67.0444233,59.7005852,1,0.521999231,67.0444233,59.7005852,0.425663061
17310,1731,0.516197826,1,1.15976331,0.514822822,70.0437152,64.7483,1,0.495857564,70.0437152,64.7483,0.451658196
17320,1732,0.515495771,1,1.1183432,0.517112109,64.7932737,67.4520421,1,0.49419942,64.7932737,67.4520421,0.454285035
17330,1733,0.523302114,1,1.18343195,0.51984073,62.5271407,62.0636387,1,0.54837442,62.5271407,62.0636387,0.449656348
17340,1734,0.510623743,1,1.15976331,0.513520755,68.13308,60.1780053,1,0.564741944,68.13308,60.1780053,0.454967122
17350,1735,0.536094357,1,1.15976331,0.516618608,69.0071226,65.9294954,1,0.656942241,69.0071226,65.9294954,0.447501871
17360,1736,0.533556543,1,1.20118343,0.509509752,63.3403717,66.2292354,1,0.605967566,63.3403717,66.2292354,0.436513279
17370,1737,0.531443911,1,1.16568047,0.515850891,63.46866,60.7375399,1,0.52337982,63.46866,60.7375399,0.422553359
17380,1738,0.524310973,1,1.16568047,0.51842795,69.0798467,61.1634711,1,0.505137253,69.0798467,61.1634711,0.432871478
17390,1739,0.518715734,1,1.14792899,0.520328148,68.5897246,66.9516393,1,0.502231272,68.5897246,66.9516393,0.446837084
17400,1740,0.509882164,1,1.08284024,0.515211649,62.6685817,66.1086687,1,0.505645473,62.6685817,66.1086687,0.460065166
17410,1741,0.513765217,1,1.15976331,0.51552718,63.9401599,60.3056586,1,0.539804512,63.9401599,60.3056586,0.456976415
17420,1742,0.52278686,1,1.15384615,0.517190879,69.5245592,62.1611739,1,0.600888876,69.5245592,62.1611739,0.452661115
17430,1743,0.519259629,1,1.13609467,0.510825939,67.2742094,67.3779176,1,0.636572436,67.2742094,67.3779176,0.437032008
17440,1744,0.539568921,1,1.21893491,0.517410052,62.5528412,64.2550515,1,0.561463409,62.5528412,64.2550515,0.435439043
17450,1745,0.523323736,1,1.21893491,0.514630006,66.082652,59.7905557,1,0.509266464,66.082652,59.7905557,0.437794958
17460,1746,0.518616869,1,1.18934911,0.512642426,70.4868349,63.3282284,1,0.521967851,70.4868349,63.3282284,0.434543591
17470,1747,0.515875671,1,1.15976331,0.516807972,66.5861093,67.5698948,1,0.502594234,66.5861093,67.5698948,0.44327582
17480,1748,0.512759137,1,1.14201183,0.517764818,62.689077,63.2216989,1,0.519981403,62.689077,63.2216989,0.449152178
17490,1749,0.517657684,1,1.18343195,0.51421356,67.6811315,59.8251186,1,0.610872241,67.6811315,59.8251186,0.464461039
17500,1750,0.53047947,1,1.15976331,0.512161038,70.2417149,65.1912158,1,0.663759725,70.2417149,65.1912158,0.457363073
17510,1751,0.536657501,1,1.21301775,0.512644101,64.8740483,67.0907038,1,0.633205027,64.8740483,67.0907038,0.437988266
17520,1752,0.536930738,1,1.23076923,0.516079697,63.5070744,61.6675788,1,0.514612497,63.5070744,61.6675788,0.430211888
17530,1753,0.527497883,1,1.18934911,0.521227307,68.885978,60.4151159,1,0.519551707,68.885978,60.4151159,0.424830405
17540,1754,0.523126342,1,1.16568047,0.522835025,69.9757597,65.9578629,1,0.505003206,69.9757597,65.9578629,0.434528024
17550,1755,0.510616705,1,1.08284024,0.511962295,64.0084261,66.6466233,1,0.52061533,64.0084261,66.6466233,0.462073158
17560,1756,0.50378936,1,1.13017751,0.505543228,63.7214142,60.545381,1,0.516907737,63.7214142,60.545381,0.469845332
17570,1757,0.510953234,1,1.17751479,0.515177417,69.392489,60.4068982,1,0.517765824,69.392489,60.4068982,0.436366573
17580,1758,0.531029977,1,1.13609467,0.517146881,68.6263201,66.215127,1,0.659304736,68.6263201,66.215127,0.450657219
17590,1759,0.534882515,1,1.21301775,0.514205811,63.1623528,64.5558764,1,0.572857586,63.1623528,64.5558764,0.43925738
17600,1760,0.531580936,1,1.22485207,0.513119666,65.2174172,59.4153869,1,0.51679429,65.2174172,59.4153869,0.425850507
17610,1761,0.52680075,1,1.18343195,0.521061481,70.3399181,61.747976,1,0.507721263,70.3399181,61.747976,0.432968209
17620,1762,0.522665251,1,1.15976331,0.516157837,68.2198053,66.9076391,1,0.501314999,68.2198053,66.9076391,0.429097038
17630,1763,0.523603052,1,1.13017751,0.521919792,63.2209979,64.4693766,1,0.490751977,63.2209979,64.4693766,0.427827862
17640,1764,0.512188514,1,1.09467456,0.51638414,65.9354876,59.1536339,1,0.496856424,65.9354876,59.1536339,0.459132026
17650,1765,0.522357422,1,1.19526627,0.520926446,70.778904,62.4281294,1,0.576936495,70.778904,62.4281294,0.449727098
17660,1766,0.537910297,1,1.17159763,0.521670555,66.7065043,66.7459143,1,0.660288688,66.7065043,66.7459143,0.456561013
17670,1767,0.533580642,1,1.21893491,0.515692053,63.0877216,62.1380529,1,0.557327491,63.0877216,62.1380529,0.450692926
17680,1768,0.525526845,1,1.20710059,0.511824573,67.9228126,58.9105313,1,0.526846286,67.9228126,58.9105313,0.447180515
17690,1769,0.521497689,1,1.20710059,0.510836918,70.9562733,63.6893574,1,0.50040591,70.9562733,63.6893574,0.435408147
17700,1770,0.527967381,1,1.18343195,0.521542976,66.3450341,66.4772361,1,0.508303605,66.3450341,66.4772361,0.414499018
17710,1771,0.513973857,1,1.13017751,0.513489716,63.5096001,61.3188323,1,0.489983101,63.5096001,61.3188323,0.45279419
17720,1772,0.506888498,1,1.09467456,0.515854377,68.9442919,58.8975783,1,0.495141376,68.9442919,58.8975783,0.457665449
17730,1773,0.512765431,1,1.13609467,0.516905677,70.7575885,64.4237635,1,0.57530362,70.7575885,64.4237635,0.44739064
17740,1774,0.532675195,1,1.20118343,0.516066277,64.792371,65.0163785,1,0.632003614,64.792371,65.0163785,0.461121681
17750,1775,0.522391749,1,1.22485207,0.508189639,65.0552954,59.2247514,1,0.518577597,65.0552954,59.2247514,0.445968622
17760,1776,0.527715996,1,1.23076923,0.5158054,70.6348721,59.7734411,1,0.511898496,70.6348721,59.7734411,0.431268511
17770,1777,0.525432254,1,1.20118343,0.513874389,70.1979063,65.2765065,1,0.521010259,70.1979063,65.2765065,0.424645121
17780,1778,0.522320694,1,1.13609467,0.522093728,64.7047443,64.5596424,1,0.488281093,64.7047443,64.5596424,0.426133869
17790,1779,0.520960473,1,1.15384615,0.521456414,65.5686649,58.87821,1,0.504742444,65.5686649,58.87821,0.442057006
17800,1780,0.517014056,1,1.15976331,0.516516538,71.3789446,60.5402514,1,0.562353903,71.3789446,60.5402514,0.464870865
17810,1781,0.528277021,1,1.20118343,0.511921226,68.7927479,65.981984,1,0.666202517,68.7927479,65.981984,0.46346308
17820,1782,0.531115691,1,1.16568047,0.50779103,63.8230581,63.0009937,1,0.661244122,63.8230581,63.0009937,0.445783138
17830,1783,0.536965912,1,1.20710059,0.510546717,67.0664493,58.4991129,1,0.573767269,67.0664493,58.4991129,0.4268123
17840,1784,0.531103968,1,1.21893491,0.51726441,71.245084,61.9794682,1,0.519007407,71.245084,61.9794682,0.418321958
17850,1785,0.518980706,1,1.17159763,0.515606233,67.5600536,66.1919208,1,0.520851411,67.5600536,66.1919208,0.430523321
17860,1786,0.511312273,1,1.12426036,0.518842195,63.4823208,61.9739075,1,0.509734207,63.4823208,61.9739075,0.451293606
17870,1787,0.506774931,1,1.10059172,0.509026476,67.8452469,57.9700169,1,0.501546206,67.8452469,57.9700169,0.455513656
17880,1788,0.512587054,1,1.17159763,0.516212024,71.306951,62.7072247,1,0.55518656,71.306951,62.7072247,0.451326336
17890,1789,0.533204418,1,1.17159763,0.517615574,66.2214573,65.5000712,1,0.656788633,66.2214573,65.5000712,0.44630129
17900,1790,0.529447104,1,1.12426036,0.510415923,63.9417786,60.3752913,1,0.674094437,63.9417786,60.3752913,0.431457582
17910,1791,0.534574139,1,1.23668639,0.519858623,69.3845442,58.9111399,1,0.510602114,69.3845442,58.9111399,0.433558525
17920,1792,0.51746611,1,1.20118343,0.51214165,70.6535853,64.5910289,1,0.509096587,70.6535853,64.5910289,0.447687051
17930,1793,0.523301771,1,1.14792899,0.517783347,65.1910912,65.6730905,1,0.515009736,65.1910912,65.6730905,0.428356565
17940,1794,0.516513879,1,1.11242604,0.520338585,64.333009,59.9137641,1,0.486762566,64.333009,59.9137641,0.447915261
17950,1795,0.51381569,1,1.12426036,0.516260283,70.158636,59.3839586,1,0.509238078,70.158636,59.3839586,0.449974513
17960,1796,0.527164185,1,1.15976331,0.521208236,69.8568311,65.2927787,1,0.617567674,69.8568311,65.2927787,0.455117129
17970,1797,0.528966395,1,1.13017751,0.512279455,64.0828385,64.3956291,1,0.660059739,64.0828385,64.3956291,0.449482729
17980,1798,0.537950204,1,1.16568047,0.512975546,65.6275662,59.0845203,1,0.642979055,65.6275662,59.0845203,0.425476135
17990,1799,0.53510326,1,1.25443787,0.515500761,70.8122062,60.9598008,1,0.525261266,70.8122062,60.9598008,0.424104828
18000,1800,0.516218367,1,1.17159763,0.51657899,68.3872519,66.1884735,1,0.506373871,68.3872519,66.1884735,0.443356092
18010,1801,0.517243372,1,1.10650888,0.514623473,63.2393531,63.7547756,1,0.505330618,63.2393531,63.7547756,0.43801426
18020,1802,0.508040407,1,1.11242604,0.513120614,65.923301,58.4337383,1,0.470572903,65.923301,58.4337383,0.458431942
18030,1803,0.517809948,1,1.13609467,0.518746348,70.7338675,61.3194587,1,0.513449108,70.7338675,61.3194587,0.431516736
18040,1804,0.523309779,1,1.18343195,0.520744914,67.1492182,65.9884269,1,0.601152889,67.1492182,65.9884269,0.452795226
18050,1805,0.539690841,1,1.18343195,0.520835143,63.1181345,61.7594365,1,0.652265567,63.1181345,61.7594365,0.449417741
18060,1806,0.532332952,1,1.26627219,0.51664116,67.7973571,58.360259,1,0.519105464,67.7973571,58.360259,0.444889001
18070,1807,0.516256503,1,1.23076923,0.50887592,70.930505,63.3981113,1,0.50624055,70.930505,63.3981113,0.456359214
18080,1808,0.514118993,1,1.14792899,0.505741153,65.9101448,66.3193184,1,0.51214902,65.9101448,66.3193184,0.446799718
18090,1809,0.520155118,1,1.19526627,0.516776322,63.256867,61.4075047,1,0.494923909,63.256867,61.4075047,0.429433348
18100,1810,0.509755894,1,1.07100592,0.515471237,68.4815073,58.7779077,1,0.460885025,68.4815073,58.7779077,0.449928634
18110,1811,0.514394287,1,1.14792899,0.521584082,70.5444848,63.9358552,1,0.512097058,70.5444848,63.9358552,0.42732343
18120,1812,0.516650652,1,1.17751479,0.51678103,64.8724834,65.4661755,1,0.599439536,64.8724834,65.4661755,0.451909033
18130,1813,0.544517851,1,1.20710059,0.521134565,64.3094278,59.7944407,1,0.654430988,64.3094278,59.7944407,0.438431898
18140,1814,0.535484508,1,1.18343195,0.512968256,70.0742399,59.6503937,1,0.589246426,70.0742399,59.6503937,0.443585504
18150,1815,0.53535289,1,1.20710059,0.51532081,69.7047621,65.1614454,1,0.520093225,69.7047621,65.1614454,0.424878707
18160,1816,0.521401456,1,1.19526627,0.518955544,64.0171485,64.5869016,1,0.49487168,64.0171485,64.5869016,0.439735321
18170,1817,0.5234038,1,1.15384615,0.521258138,64.500998,59.0236563,1,0.503266061,64.500998,59.0236563,0.429557421
18180,1818,0.515056331,1,1.15384615,0.519122234,70.2869572,59.9795637,1,0.502375039,70.2869572,59.9795637,0.451107006
18190,1819,0.515783731,1,1.17751479,0.514169517,68.6394328,65.7564404,1,0.556798137,68.6394328,65.7564404,0.462093515
18200,1820,0.523446007,1,1.23668639,0.514490229,63.0621171,63.3239027,1,0.648632295,63.0621171,63.3239027,0.468054577
18210,1821,0.527653672,1,1.14792899,0.508687844,65.8553281,58.272131,1,0.664379634,65.8553281,58.272131,0.444042917
18220,1822,0.540376407,1,1.17751479,0.514147598,70.4032882,61.4029066,1,0.643928186,70.4032882,61.4029066,0.42472195
18230,1823,0.529407651,1,1.22485207,0.516835777,66.805355,65.6866956,1,0.506931296,66.805355,65.6866956,0.430329254
18240,1824,0.521819763,1,1.17159763,0.51615324,62.6651688,61.8177327,1,0.516232284,62.6651688,61.8177327,0.435890002
18250,1825,0.513765538,1,1.18934911,0.514314343,66.663857,57.6621379,1,0.512158451,66.663857,57.6621379,0.44361663
18260,1826,0.510460484,1,1.15976331,0.516130245,70.5543288,62.0750516,1,0.507154842,70.5543288,62.0750516,0.452537734
18270,1827,0.513842916,1,1.17159763,0.513931527,65.7909552,65.5763123,1,0.549512403,65.7909552,65.5763123,0.45474848
18280,1828,0.518549517,1,1.14201183,0.51602864,62.9221477,60.4925735,1,0.597099775,62.9221477,60.4925735,0.449025617
18290,1829,0.541512567,1,1.23076923,0.51820705,68.431335,58.5513834,1,0.623685985,68.431335,58.5513834,0.449321407
18300,1830,0.535063227,1,1.19526627,0.509010338,69.9229523,63.9475726,1,0.565255898,69.9229523,63.9475726,0.430657818
18310,1831,0.523653544,1,1.18934911,0.516150288,64.3530519,64.7757777,1,0.516426558,64.3530519,64.7757777,0.433164461
18320,1832,0.514808327,1,1.17159763,0.515927235,63.5772149,58.9745521,1,0.499981397,63.5772149,58.9745521,0.450221123
18330,1833,0.518722028,1,1.09467456,0.517697106,69.2030945,58.3887467,1,0.484335138,69.2030945,58.3887467,0.435099721
18340,1834,0.519209978,1,1.14201183,0.521770213,69.2909153,64.2109296,1,0.512790885,69.2909153,64.2109296,0.447911173
18350,1835,0.519335435,1,1.15384615,0.515913753,63.3993958,63.7812506,1,0.57816543,63.3993958,63.7812506,0.454397487
18360,1836,0.536588871,1,1.16568047,0.517620956,64.7585433,58.0807229,1,0.663685475,64.7585433,58.0807229,0.450793502
18370,1837,0.536640863,1,1.14792899,0.513588623,70.0947698,60.0767506,1,0.587091228,70.0947698,60.0767506,0.438255279
18380,1838,0.533056926,1,1.24852071,0.514133835,67.8020515,65.174423,1,0.517232916,67.8020515,65.174423,0.429963679
18390,1839,0.526825379,1,1.18934911,0.517755315,62.8925996,62.7047303,1,0.515744192,62.8925996,62.7047303,0.422741829
18400,1840,0.508454557,1,1.18343195,0.512800423,66.0229899,57.5802909,1,0.505083543,66.0229899,57.5802909,0.461917939
18410,1841,0.51161455,1,1.09467456,0.511152345,70.8717677,60.9407614,1,0.519476638,70.8717677,60.9407614,0.453803178
18420,1842,0.502009893,1,1.11242604,0.511058578,67.4956834,65.7932684,1,0.46707989,67.4956834,65.7932684,0.454723856
18430,1843,0.520423901,1,1.17159763,0.521486994,63.3231928,62.0783128,1,0.565302368,63.3231928,62.0783128,0.429741716
18440,1844,0.536026012,1,1.14792899,0.521606324,67.5639969,58.2459522,1,0.660460684,67.5639969,58.2459522,0.4396839
18450,1845,0.539960293,1,1.22485207,0.519766853,70.6827813,62.931801,1,0.540766012,70.6827813,62.931801,0.432988754
18460,1846,0.518123088,1,1.21301775,0.513168304,65.4896099,65.6402164,1,0.500373471,65.4896099,65.6402164,0.450539082
18470,1847,0.50895425,1,1.15384615,0.506893066,62.9062694,60.2328986,1,0.499768033,62.9062694,60.2328986,0.460978723
18480,1848,0.51288783,1,1.11242604,0.509901192,68.1683508,57.8080132,1,0.483835171,68.1683508,57.8080132,0.445686559
18490,1849,0.515276502,1,1.1183432,0.519972292,70.4013571,62.874696,1,0.465321855,70.4013571,62.874696,0.425917671
18500,1850,0.510781313,1,1.12426036,0.522880325,65.0693957,64.843044,1,0.502802226,65.0693957,64.843044,0.437206074
18510,1851,0.530094844,1,1.18343195,0.518166641,64.0425932,59.0298864,1,0.642064968,64.0425932,59.0298864,0.454088099
18520,1852,0.527004424,1,1.17751479,0.508267675,70.0814852,59.1530518,1,0.600074836,70.0814852,59.1530518,0.464626753
18530,1853,0.530798623,1,1.26627219,0.515069036,69.3983417,64.724005,1,0.524467052,69.3983417,64.724005,0.4317448
18540,1854,0.531671289,1,1.23076923,0.511039958,63.7744448,64.1701077,1,0.521206981,63.7744448,64.1701077,0.434700591
18550,1855,0.528996841,1,1.18934911,0.518936389,64.6510315,58.7671387,1,0.517340339,64.6510315,58.7671387,0.421047426
18560,1856,0.519251053,1,1.15384615,0.520936149,70.3468412,59.8939731,1,0.497641836,70.3468412,59.8939731,0.446631071
18570,1857,0.513297484,1,1.0887574,0.517819633,68.7800678,65.6431279,1,0.507313981,68.7800678,65.6431279,0.458370921
18580,1858,0.520488362,1,1.19526627,0.518477836,63.1851379,63.4898191,1,0.577504267,63.1851379,63.4898191,0.461153554
18590,1859,0.527408972,1,1.20710059,0.515874819,66.0625872,58.1692082,1,0.658420112,66.0625872,58.1692082,0.465296332
18600,1860,0.525208422,1,1.14201183,0.507841414,70.8410723,61.2265302,1,0.663717578,70.8410723,61.2265302,0.436372467
18610,1861,0.533341936,1,1.14201183,0.509882708,67.5605344,65.6273449,1,0.662591935,67.5605344,65.6273449,0.422230611
18620,1862,0.533158424,1,1.21893491,0.517057083,63.5812185,61.9121233,1,0.523934657,63.5812185,61.9121233,0.418774105
18630,1863,0.527017633,1,1.21893491,0.521360688,67.3607939,58.0421821,1,0.520704242,67.3607939,58.0421821,0.416107884
18640,1864,0.513115093,1,1.15384615,0.516350505,71.3360476,62.2961988,1,0.497774253,71.3360476,62.2961988,0.447870037
18650,1865,0.513299689,1,1.12426036,0.512583449,66.8274993,65.9812961,1,0.516856255,66.8274993,65.9812961,0.447920574
18660,1866,0.508518251,1,1.15976331,0.512410246,63.3269394,61.0491543,1,0.524160794,63.3269394,61.0491543,0.46524119
18670,1867,0.50969813,1,1.18343195,0.514951386,68.1561315,58.0771331,1,0.544888162,68.1561315,58.0771331,0.436188486
18680,1868,0.538449499,1,1.16568047,0.517752671,70.3177889,63.4389816,1,0.662429182,70.3177889,63.4389816,0.444707087
18690,1869,0.536808926,1,1.15976331,0.507961148,65.1001767,65.2144494,1,0.636956931,65.1001767,65.2144494,0.423955476
18700,1870,0.532172697,1,1.19526627,0.518341944,64.0439953,59.6866409,1,0.522195185,64.0439953,59.6866409,0.432908056
18710,1871,0.518954279,1,1.20118343,0.51590738,69.758887,58.770763,1,0.50436357,69.758887,58.770763,0.445216649
18720,1872,0.512729145,1,1.15384615,0.51338966,70.3570437,64.7001551,1,0.510511613,70.3570437,64.7001551,0.458422056
18730,1873,0.505763004,1,1.13017751,0.508999764,64.2951036,65.115317,1,0.493318301,64.2951036,65.115317,0.467395383
18740,1874,0.506827409,1,1.10059172,0.515400371,64.1775668,59.3377252,1,0.503232431,64.1775668,59.3377252,0.444522095
18750,1875,0.527777746,1,1.15976331,0.523596193,69.8707759,59.9487887,1,0.616823197,69.8707759,59.9487887,0.440454503
18760,1876,0.536035781,1,1.17751479,0.515451246,68.3815454,65.6384372,1,0.635381046,68.3815454,65.6384372,0.452409119
18770,1877,0.532008222,1,1.25443787,0.512518466,63.0814566,63.5881792,1,0.540975984,63.0814566,63.5881792,0.437140377
18780,1878,0.527543558,1,1.21301775,0.51699575,65.514193,58.5438749,1,0.514479398,65.514193,58.5438749,0.430791292
18790,1879,0.52003026,1,1.16568047,0.514987837,70.6022126,61.130875,1,0.501847369,70.6022126,61.130875,0.439071867
18800,1880,0.520821638,1,1.12426036,0.517753886,67.9097753,65.9821011,1,0.4840375,67.9097753,65.9821011,0.426792172
18810,1881,0.518790306,1,1.12426036,0.52114024,63.0010635,62.9532784,1,0.494769381,63.0010635,62.9532784,0.443688271
18820,1882,0.516438444,1,1.14201183,0.518613173,66.3546696,58.1151348,1,0.542541732,66.3546696,58.1151348,0.452830065
18830,1883,0.533601504,1,1.17159763,0.521858722,70.634258,62.1788484,1,0.646981128,70.634258,62.1788484,0.453967683
18840,1884,0.534257299,1,1.16568047,0.514452412,65.9285397,65.756016,1,0.598903914,65.9285397,65.756016,0.454692257
18850,1885,0.525612918,1,1.24852071,0.513924205,63.0415525,60.6504707,1,0.515113994,63.0415525,60.6504707,0.451173927
18860,1886,0.518159209,1,1.20710059,0.512198191,68.2662509,58.022725,1,0.516912272,68.2662509,58.022725,0.449868626
18870,1887,0.519707066,1,1.16568047,0.511753343,70.8488321,63.0435998,1,0.507062977,70.8488321,63.0435998,0.434318549
18880,1888,0.526247127,1,1.16568047,0.523334411,65.9352809,65.4030001,1,0.49206142,65.9352809,65.4030001,0.419281968
18890,1889,0.514802207,1,1.11242604,0.516198659,63.7022917,59.9803933,1,0.505650088,63.7022917,59.9803933,0.451105843
18900,1890,0.512575081,1,1.15384615,0.516502828,69.4718228,58.3362024,1,0.555177633,69.4718228,58.3362024,0.461479822
18910,1891,0.522685159,1,1.13017751,0.511884864,70.2443709,64.2218289,1,0.647425439,70.2443709,64.2218289,0.456624028
18920,1892,0.531349864,1,1.20710059,0.512589105,64.3796823,63.8552682,1,0.584356014,64.3796823,63.8552682,0.452010227
18930,1893,0.519842613,1,1.18343195,0.510747025,65.4638083,58.2100658,1,0.510821741,65.4638083,58.2100658,0.442181511
18940,1894,0.516683912,1,1.18343195,0.514206289,71.1014116,59.5817623,1,0.509868378,71.1014116,59.5817623,0.446313774
18950,1895,0.512747118,1,1.15384615,0.509954657,69.6727953,65.2450782,1,0.494216106,69.6727953,65.2450782,0.449286687
18960,1896,0.513856817,1,1.11242604,0.515259911,64.3019814,63.5219392,1,0.478258779,64.3019814,63.5219392,0.433881951
18970,1897,0.51623276,1,1.17751479,0.523317127,66.3295938,58.1774589,1,0.515304211,66.3295938,58.1774589,0.439705942
18980,1898,0.530845525,1,1.18343195,0.522264429,71.4721187,60.9672351,1,0.637261508,71.4721187,60.9672351,0.450038879
18990,1899,0.534673606,1,1.18343195,0.512171508,67.7212745,65.6046727,1,0.599194646,67.7212745,65.6046727,0.458803825
19000,1900,0.529606025,1,1.23076923,0.519267332,63.819313,61.3688167,1,0.508005648,63.819313,61.3688167,0.443011345
19010,1901,0.514094601,1,1.17159763,0.504473468,68.0275067,57.2523946,1,0.510793159,68.0275067,57.2523946,0.45282692
19020,1902,0.524524668,1,1.17751479,0.516869434,71.5329548,61.6145316,1,0.507042486,71.5329548,61.6145316,0.430469712
19030,1903,0.517429044,1,1.13017751,0.520842768,67.0923155,65.2433292,1,0.488814208,67.0923155,65.2433292,0.441135234
19040,1904,0.509771669,1,1.14792899,0.520132127,63.644992,60.7054451,1,0.486161376,63.644992,60.7054451,0.438369973
19050,1905,0.519264996,1,1.15976331,0.520950009,68.7863172,57.9884153,1,0.591231722,68.7863172,57.9884153,0.447315965
19060,1906,0.530897438,1,1.17159763,0.512352856,70.498701,63.7898724,1,0.642945235,70.498701,63.7898724,0.465299812
19070,1907,0.530271768,1,1.23076923,0.511330389,64.6814988,64.5856771,1,0.543855853,64.6814988,64.5856771,0.451644894
19080,1908,0.530274844,1,1.24852071,0.509300479,64.0138479,58.9571743,1,0.5256195,64.0138479,58.9571743,0.435997138
19090,1909,0.534450417,1,1.26627219,0.506765823,69.4190188,58.2920674,1,0.527884946,69.4190188,58.2920674,0.418918299
19100,1910,0.527884069,1,1.21301775,0.518656652,69.7921738,63.6355426,1,0.527820791,69.7921738,63.6355426,0.412037598
19110,1911,0.526131514,1,1.21893491,0.518620354,64.5046709,64.3224246,1,0.509751455,64.5046709,64.3224246,0.410148582
19120,1912,0.508876022,1,1.1183432,0.51805391,64.2439216,58.6116435,1,0.450712658,64.2439216,58.6116435,0.439748521
19130,1913,0.515950682,1,1.20710059,0.523922305,69.7715292,59.0003651,1,0.544505859,69.7715292,59.0003651,0.426250685
19140,1914,0.533898974,1,1.12426036,0.521027354,68.3559818,64.6261851,1,0.64725711,68.3559818,64.6261851,0.446244185
19150,1915,0.533898952,1,1.15976331,0.510871172,62.9644466,62.5764563,1,0.635832104,62.9644466,62.5764563,0.443693751
19160,1916,0.530904268,1,1.23668639,0.514259596,65.7174618,57.6340865,1,0.530647624,65.7174618,57.6340865,0.435184192
19170,1917,0.521095708,1,1.22485207,0.51479563,70.5201972,60.6086383,1,0.513882336,70.5201972,60.6086383,0.434559058
19180,1918,0.527850652,1,1.19526627,0.520507189,67.6438004,65.2139981,1,0.511867842,67.6438004,65.2139981,0.417678829
19190,1919,0.515503324,1,1.13017751,0.51689245,62.8566995,61.870955,1,0.498552612,62.8566995,61.870955,0.449142984
19200,1920,0.51560131,1,1.12426036,0.515192464,66.6035604,57.2387228,1,0.525461297,66.6035604,57.2387228,0.458299802
19210,1921,0.521781631,1,1.15384615,0.515862541,70.7981527,61.4267159,1,0.583419593,70.7981527,61.4267159,0.455952675
19220,1922,0.514555704,1,1.13609467,0.51497367,66.5007801,65.2262813,1,0.600325921,66.5007801,65.2262813,0.441246947
19230,1923,0.544450885,1,1.17159763,0.518538811,63.3993755,60.4408777,1,0.62075768,63.3993755,60.4408777,0.438655816
19240,1924,0.528531862,1,1.24260355,0.515491052,68.5059255,57.9661407,1,0.52059477,68.5059255,57.9661407,0.436508309
19250,1925,0.524526132,1,1.20710059,0.519643617,70.6892339,63.175573,1,0.514255797,70.6892339,63.175573,0.43449638
19260,1926,0.520280819,1,1.14201183,0.514776028,65.4125196,65.4181756,1,0.50536191,65.4125196,65.4181756,0.441038182
19270,1927,0.518700662,1,1.10650888,0.520992323,63.6169682,59.888794,1,0.501224783,63.6169682,59.888794,0.4472008
19280,1928,0.502314229,1,1.10650888,0.510871011,69.3334039,58.0728753,1,0.480145307,69.3334039,58.0728753,0.461379452
19290,1929,0.518222066,1,1.16568047,0.520252205,70.222546,63.7499763,1,0.581541078,70.222546,63.7499763,0.442023649
19300,1930,0.530575832,1,1.17751479,0.51377438,64.2844739,63.7633366,1,0.66757988,64.2844739,63.7633366,0.456775931
19310,1931,0.539063236,1,1.21301775,0.514536447,65.0320593,58.2296492,1,0.593933348,65.0320593,58.2296492,0.429535185
19320,1932,0.531318827,1,1.22485207,0.51351711,70.5542981,59.3595112,1,0.526266539,70.5542981,59.3595112,0.433587682
19330,1933,0.524296892,1,1.16568047,0.521127838,69.1027037,64.7862426,1,0.51271324,69.1027037,64.7862426,0.432116982
19340,1934,0.516506315,1,1.15384615,0.517521742,63.5361532,63.2493334,1,0.502986571,63.5361532,63.2493334,0.444217108
19350,1935,0.509447278,1,1.10059172,0.515417408,65.4880855,57.6592909,1,0.500713687,65.4880855,57.6592909,0.455463964
19360,1936,0.516650559,1,1.18343195,0.512740422,70.8041384,60.4262478,1,0.577286126,70.8041384,60.4262478,0.461002702
19370,1937,0.52525039,1,1.14201183,0.517181764,67.34807,65.1981167,1,0.654471692,67.34807,65.1981167,0.45322736
19380,1938,0.541179608,1,1.17751479,0.519085626,63.1229287,61.2823548,1,0.615122706,63.1229287,61.2823548,0.443126399
19390,1939,0.530462585,1,1.19526627,0.505799266,67.2888452,57.4113049,1,0.551755141,67.2888452,57.4113049,0.437447461
19400,1940,0.530096867,1,1.18934911,0.520365056,70.544505,61.913376,1,0.516180401,70.544505,61.913376,0.427376506
19410,1941,0.516579117,1,1.12426036,0.515962513,65.9025829,65.3369493,1,0.504364827,65.9025829,65.3369493,0.443682114
19420,1942,0.517574884,1,1.13017751,0.521980209,62.7383625,60.8174735,1,0.488378567,62.7383625,60.8174735,0.424389233
19430,1943,0.513945003,1,1.14792899,0.517378902,67.8036968,57.8680158,1,0.528717001,67.8036968,57.8680158,0.450882846
19440,1944,0.515842299,1,1.17159763,0.512907626,69.8754685,63.555355,1,0.617624231,69.8754685,63.555355,0.465610657
19450,1945,0.530166665,1,1.17159763,0.511235498,64.1110266,64.683323,1,0.663823582,64.1110266,64.683323,0.451827988
19460,1946,0.535563228,1,1.16568047,0.513645411,63.7169933,58.9922747,1,0.570897889,63.7169933,58.9922747,0.438820991
19470,1947,0.52114855,1,1.22485207,0.513735941,69.4979064,59.1919051,1,0.506087573,69.4979064,59.1919051,0.444950688
19480,1948,0.524361725,1,1.21893491,0.513618732,69.3467574,64.6892198,1,0.520263747,69.3467574,64.6892198,0.423030172
19490,1949,0.514669429,1,1.1183432,0.517093406,63.6596663,64.0990457,1,0.496995303,63.6596663,64.0990457,0.439817812
19500,1950,0.512118661,1,1.09467456,0.517154508,64.4004424,58.3303669,1,0.487128907,64.4004424,58.3303669,0.447388246
19510,1951,0.520759676,1,1.15976331,0.521632976,69.9987352,59.6358974,1,0.55891319,69.9987352,59.6358974,0.442192579
19520,1952,0.531822218,1,1.20118343,0.520118478,67.8459995,65.0866472,1,0.659589211,67.8459995,65.0866472,0.450804306
19530,1953,0.539851542,1,1.18934911,0.51631451,62.8363489,62.1979516,1,0.62114405,62.8363489,62.1979516,0.444833334
19540,1954,0.526882466,1,1.23668639,0.512517929,66.2358976,57.5138976,1,0.513913426,66.2358976,57.5138976,0.445206512
19550,1955,0.525875928,1,1.23076923,0.516747493,70.5094499,61.0265324,1,0.516050948,70.5094499,61.0265324,0.42553032
19560,1956,0.520933007,1,1.15976331,0.519277647,66.8384022,65.3347662,1,0.500735143,66.8384022,65.3347662,0.43539732
19570,1957,0.52179641,1,1.19526627,0.522995903,62.7272272,61.6285013,1,0.505840082,62.7272272,61.6285013,0.425782673
19580,1958,0.501277778,1,1.1183432,0.509994507,67.2277722,57.5289747,1,0.525803493,67.2277722,57.5289747,0.468290507
19590,1959,0.524745767,1,1.17159763,0.516184383,70.4529238,62.4221642,1,0.613711622,70.4529238,62.4221642,0.450804054
19600,1960,0.528664593,1,1.15976331,0.513522696,65.2518997,65.093796,1,0.6629807,65.2518997,65.093796,0.449774879
19610,1961,0.535824685,1,1.21301775,0.513377729,63.4756402,59.6534041,1,0.55765823,63.4756402,59.6534041,0.440232339
19620,1962,0.529206548,1,1.20118343,0.513782972,68.8186664,58.2634453,1,0.516030487,68.8186664,58.2634453,0.424681676
19630,1963,0.522023914,1,1.18343195,0.518315508,69.964925,63.743841,1,0.513391342,69.964925,63.743841,0.43069124
19640,1964,0.518270844,1,1.15976331,0.517288049,64.3216736,64.7110784,1,0.507834134,64.3216736,64.7110784,0.440426335
19650,1965,0.511401758,1,1.10650888,0.513477376,63.6190156,58.7621731,1,0.491291335,63.6190156,58.7621731,0.460789153
19660,1966,0.512295349,1,1.17751479,0.515200497,69.4199538,58.3497382,1,0.501062836,69.4199538,58.3497382,0.447352409
19670,1967,0.532505716,1,1.18934911,0.522277257,68.857047,64.2004467,1,0.640379461,68.857047,64.2004467,0.452132707
19680,1968,0.525299006,1,1.14201183,0.509936204,63.2036447,63.1968357,1,0.667376345,63.2036447,63.1968357,0.441676417
19690,1969,0.535297374,1,1.21893491,0.510827661,65.0601723,57.8591179,1,0.561831282,65.0601723,57.8591179,0.434720382
19700,1970,0.528536498,1,1.19526627,0.51562972,70.0991773,60.0143995,1,0.516780019,70.0991773,60.0143995,0.421583455
19710,1971,0.514652081,1,1.16568047,0.514009701,67.4524935,65.1638121,1,0.508303462,67.4524935,65.1638121,0.445366585
19720,1972,0.511120579,1,1.10059172,0.514091361,62.3140534,62.1507432,1,0.513897629,62.3140534,62.1507432,0.45820689
19730,1973,0.508659838,1,1.10059172,0.50892985,65.6315397,57.1228717,1,0.510876728,65.6315397,57.1228717,0.463363109
19740,1974,0.504730353,1,1.14792899,0.514905755,70.2496338,60.5930873,1,0.506977556,70.2496338,60.5930873,0.444354396
19750,1975,0.531998376,1,1.14792899,0.523399455,66.3156488,64.6600328,1,0.640037633,66.3156488,64.6600328,0.435253335
19760,1976,0.536775159,1,1.17751479,0.516623104,62.8173453,60.1245465,1,0.618162196,62.8173453,60.1245465,0.440607185
19770,1977,0.532645391,1,1.23076923,0.519265576,67.5956423,57.2739376,1,0.503695185,67.5956423,57.2739376,0.427999983
19780,1978,0.521277012,1,1.17159763,0.512236453,70.4146456,62.2718692,1,0.520574013,70.4146456,62.2718692,0.441394378
19790,1979,0.520412118,1,1.16568047,0.520095846,65.1723191,64.7484128,1,0.501243539,65.1723191,64.7484128,0.445989723
19800,1980,0.510093177,1,1.09467456,0.511953825,62.6121777,59.3612902,1,0.481273254,62.6121777,59.3612902,0.458808685
19810,1981,0.519273427,1,1.18934911,0.52269801,68.0335129,57.5250169,1,0.537983978,68.0335129,57.5250169,0.440298283
19820,1982,0.508276819,1,1.15976331,0.512591469,69.5107478,63.283374,1,0.578529308,69.5107478,63.283374,0.457293942
19830,1983,0.541189437,1,1.18934911,0.520423586,63.8434335,63.7317796,1,0.663066402,63.8434335,63.7317796,0.437309685
19840,1984,0.533947896,1,1.17751479,0.511458452,63.8417421,57.9639508,1,0.581817417,63.8417421,57.9639508,0.443679158
19850,1985,0.530513027,1,1.20118343,0.519358315,69.3452728,58.6843278,1,0.505341105,69.3452728,58.6843278,0.426959755
19860,1986,0.521224837,1,1.17751479,0.518339685,68.6130799,64.3326085,1,0.511240941,68.6130799,64.3326085,0.438118497
19870,1987,0.517892688,1,1.15976331,0.51682019,62.8940469,63.4558583,1,0.491972543,62.8940469,63.4558583,0.445065183
19880,1988,0.513358517,1,1.1183432,0.516296671,64.238145,57.738814,1,0.497728742,64.238145,57.738814,0.451763115
19890,1989,0.516451812,1,1.18934911,0.51618797,69.790526,59.8550628,1,0.574561606,69.790526,59.8550628,0.457077439
19900,1990,0.526266388,1,1.20118343,0.516889816,67.0227673,65.0773313,1,0.660274884,67.0227673,65.0773313,0.454644519
19910,1991,0.538825094,1,1.14792899,0.514410191,62.3373621,61.7649723,1,0.630483451,62.3373621,61.7649723,0.441385289
19920,1992,0.538664008,1,1.23668639,0.5180482,65.9958372,57.5523298,1,0.5506077,65.9958372,57.5523298,0.429192148
19930,1993,0.521812293,1,1.17751479,0.514680661,70.0046507,61.6618589,1,0.511924836,70.0046507,61.6618589,0.441613598
19940,1994,0.516277539,1,1.14201183,0.517485266,65.6752654,65.5951194,1,0.508678908,65.6752654,65.5951194,0.449944868
19950,1995,0.514259968,1,1.10650888,0.514556979,61.8904567,61.1951816,1,0.498526133,61.8904567,61.1951816,0.446447056
19960,1996,0.503854126,1,1.09467456,0.514478955,66.5801865,57.6038878,1,0.483491401,66.5801865,57.6038878,0.454373596
19970,1997,0.517653089,1,1.15384615,0.518999423,69.6327261,62.4057245,1,0.553952431,69.6327261,62.4057245,0.437689152
19980,1998,0.529987635,1,1.18343195,0.518040559,64.1995941,64.6883572,1,0.655303311,64.1995941,64.6883572,0.453320006
19990,1999,0.538324607,1,1.19526627,0.515630081,62.8133457,59.1427388,1,0.555289699,62.8133457,59.1427388,0.439711897
20000,2000,0.529913084,1,1.21893491,0.513655235,68.3962709,58.1212093,1,0.523977423,68.3962709,58.1212093,0.436585577
20010,2001,0.525614349,1,1.19526627,0.518098758,69.0137357,63.7815447,1,0.503044617,69.0137357,63.7815447,0.437993407
20020,2002,0.51666852,1,1.17159763,0.513825445,63.0863163,64.2945338,1,0.509264409,63.0863163,64.2945338,0.457659718
20030,2003,0.51373699,1,1.1183432,0.516741925,62.8969095,58.4240071,1,0.496861089,62.8969095,58.4240071,0.451813954
20040,2004,0.512397993,1,1.13609467,0.513854586,68.8357323,58.6721382,1,0.529882309,68.8357323,58.6721382,0.457231089
20050,2005,0.525277602,1,1.15384615,0.518352874,67.7985559,64.5076348,1,0.606463215,67.7985559,64.5076348,0.455919353
20060,2006,0.528520518,1,1.12426036,0.510615126,62.1052692,62.7773707,1,0.65971312,62.1052692,62.7773707,0.457723511
20070,2007,0.537082592,1,1.21893491,0.512106336,64.4609686,57.6963553,1,0.581403446,64.4609686,57.6963553,0.430810692
20080,2008,0.527351096,1,1.21893491,0.515303769,69.3440567,60.4100976,1,0.514502888,69.3440567,60.4100976,0.429730524
20090,2009,0.526545221,1,1.16568047,0.518468681,66.6095449,65.1732868,1,0.513152048,66.6095449,65.1732868,0.422485782
20100,2010,0.508377497,1,1.14792899,0.512874237,61.6502001,61.8488553,1,0.501641681,61.6502001,61.8488553,0.459269721
20110,2011,0.512019497,1,1.10650888,0.513542438,65.2371971,57.1563311,1,0.517037741,65.2371971,57.1563311,0.454343478
20120,2012,0.505901163,1,1.15976331,0.512583796,69.7947949,60.8597251,1,0.500357686,69.7947949,60.8597251,0.451734492
20130,2013,0.524072016,1,1.17751479,0.520375098,65.6899424,64.7684733,1,0.598991045,65.6899424,64.7684733,0.436012913
20140,2014,0.541605754,1,1.16568047,0.52078395,62.2861945,60.109846,1,0.64973034,62.2861945,60.109846,0.443815549
20150,2015,0.534656791,1,1.25443787,0.519048043,67.1862795,57.4364488,1,0.509779238,67.1862795,57.4364488,0.429378833
20160,2016,0.514528312,1,1.20118343,0.512100077,69.6192022,62.7898,1,0.498728493,69.6192022,62.7898,0.45232785
20170,2017,0.510159518,1,1.14792899,0.507818022,64.130839,65.0996785,1,0.493857487,64.130839,65.0996785,0.458048787
20180,2018,0.513798642,1,1.1183432,0.512413561,61.9193428,59.8087159,1,0.474141177,61.9193428,59.8087159,0.441118808
20190,2019,0.514696122,1,1.09467456,0.521673255,67.0918806,57.8238611,1,0.472842062,67.0918806,57.8238611,0.426176034
20200,2020,0.513498589,1,1.15384615,0.521107823,68.6877804,63.3059279,1,0.533882384,68.6877804,63.3059279,0.439202828
20210,2021,0.530570293,1,1.14201183,0.517730201,62.7759165,63.938044,1,0.657779646,62.7759165,63.938044,0.457350909
20220,2022,0.526604307,1,1.18343195,0.506794763,63.2627171,58.0015323,1,0.573781593,63.2627171,58.0015323,0.458187485
20230,2023,0.527272662,1,1.23076923,0.514024195,68.780671,59.0792431,1,0.520442664,68.780671,59.0792431,0.4324779
20240,2024,0.518338701,1,1.20118343,0.512146756,67.4447261,64.67941,1,0.516434488,67.4447261,64.67941,0.442870002
20250,2025,0.50944639,1,1.14792899,0.511222387,61.7220035,63.0604425,1,0.488822113,61.7220035,63.0604425,0.457486118
20260,2026,0.51848393,1,1.15384615,0.517588118,63.2976622,57.7497472,1,0.479747085,63.2976622,57.7497472,0.426116248
20270,2027,0.510324354,1,1.13017751,0.516150421,68.693576,59.7847315,1,0.502824179,68.693576,59.7847315,0.443607101
20280,2028,0.525161695,1,1.20118343,0.524443759,65.9000662,64.8556733,1,0.602261211,65.9000662,64.8556733,0.445345074
20290,2029,0.53905181,1,1.18934911,0.519142808,61.1942519,61.1900786,1,0.648595527,61.1942519,61.1900786,0.458846465
20300,2030,0.529861443,1,1.21893491,0.50617939,65.3137769,57.0618965,1,0.543632398,65.3137769,57.0618965,0.448616366
20310,2031,0.527470605,1,1.23076923,0.513735927,68.9832916,61.3381131,1,0.509759623,68.9832916,61.3381131,0.433448853
20320,2032,0.526439381,1,1.19526627,0.518925415,64.7857156,64.8618686,1,0.512507879,64.7857156,64.8618686,0.421581257
20330,2033,0.51686065,1,1.17751479,0.515631602,61.2064719,60.1824924,1,0.495050952,61.2064719,60.1824924,0.453177776
20340,2034,0.507921005,1,1.06508876,0.513672399,66.1133331,56.7830488,1,0.482083551,66.1133331,56.7830488,0.459183115
20350,2035,0.506103925,1,1.13017751,0.518733326,69.0122522,61.7002834,1,0.522915777,69.0122522,61.7002834,0.439088137
20360,2036,0.512599951,1,1.13017751,0.513735546,63.6685394,64.0232381,1,0.612432207,63.6685394,64.0232381,0.448213977
20370,2037,0.537659452,1,1.17751479,0.515155655,62.4821385,58.3740971,1,0.626736347,62.4821385,58.3740971,0.444029033
20380,2038,0.524945483,1,1.20710059,0.516956072,68.1699337,58.0078905,1,0.504484308,68.1699337,58.0078905,0.438428623
20390,2039,0.521690913,1,1.21893491,0.512205007,68.504488,63.6567163,1,0.517875606,68.504488,63.6567163,0.435286477
20400,2040,0.519346828,1,1.17159763,0.517574077,62.7548915,63.6151487,1,0.501873645,62.7548915,63.6151487,0.442288211
20410,2041,0.511101033,1,1.10650888,0.514213338,63.0022613,57.6774344,1,0.496806079,63.0022613,57.6774344,0.457143453
20420,2042,0.512894983,1,1.13609467,0.518513656,68.7899024,58.3626372,1,0.518939427,68.7899024,58.3626372,0.448312366
20430,2043,0.528596897,1,1.19526627,0.521641408,67.23975,64.0481021,1,0.637235525,67.23975,64.0481021,0.453307918
20440,2044,0.541313941,1,1.20118343,0.518861848,61.9056616,61.604021,1,0.648057366,61.9056616,61.604021,0.451336155
20450,2045,0.531615945,1,1.23668639,0.512509961,64.8387223,56.5798041,1,0.554368801,64.8387223,56.5798041,0.447515167
20460,2046,0.534145012,1,1.24260355,0.516591186,69.4006559,59.6433576,1,0.527431169,69.4006559,59.6433576,0.42270332
20470,2047,0.524547203,1,1.18934911,0.517773363,66.1999803,64.2239407,1,0.507381624,66.1999803,64.2239407,0.429848374
20480,2048,0.521488838,1,1.14792899,0.5207319,61.7663945,60.8393524,1,0.506527544,61.7663945,60.8393524,0.429063385
20490,2049,0.502445661,1,1.10650888,0.509582294,65.8460685,56.2752302,1,0.519017328,65.8460685,56.2752302,0.470898375
20500,2050,0.513669023,1,1.17159763,0.510406649,69.7464815,60.7705468,1,0.561040209,69.7464815,60.7705468,0.457812481
20510,2051,0.513445961,1,1.16568047,0.514527002,65.1727558,64.2951898,1,0.577190575,65.1727558,64.2951898,0.444173818
20520,2052,0.54018677,1,1.16568047,0.516622815,62.3797241,59.2440474,1,0.656440227,62.3797241,59.2440474,0.443993884
20530,2053,0.532857453,1,1.21893491,0.51329448,67.580317,57.1370716,1,0.545017638,67.580317,57.1370716,0.431630413
20540,2054,0.525157807,1,1.20710059,0.51884898,69.2569728,62.4622942,1,0.514448006,69.2569728,62.4622942,0.429456594
20550,2055,0.520466168,1,1.15384615,0.514162363,63.7620708,64.0730806,1,0.515160898,63.7620708,64.0730806,0.440471649
20560,2056,0.511818861,1,1.17159763,0.514622297,62.4264214,58.256292,1,0.493115418,62.4264214,58.256292,0.459089584
20570,2057,0.512648638,1,1.11242604,0.512638017,68.1361968,57.032406,1,0.483198577,68.1361968,57.032406,0.449190141
20580,2058,0.522050563,1,1.20710059,0.521564191,68.5366859,62.8683853,1,0.567845337,68.5366859,62.8683853,0.449977287
20590,2059,0.495270675,1,1.0887574,0.510310065,62.8357624,63.1613407,1,0.530637985,62.8357624,63.1613407,0.439111205
20600,2060,0.533135822,1,1.18343195,0.51637304,63.5846733,57.5842058,1,0.672427315,63.5846733,57.5842058,0.432861002
20610,2061,0.530395369,1,1.24260355,0.513728094,69.004216,59.0373308,1,0.526488676,69.004216,59.0373308,0.431613289
20620,2062,0.519716972,1,1.20118343,0.513869368,66.91212,64.3064911,1,0.511253765,66.91212,64.3064911,0.436099677
20630,2063,0.507610857,1,1.17159763,0.509811545,61.4718598,61.7507627,1,0.508769051,61.4718598,61.7507627,0.462359393
20640,2064,0.511800043,1,1.12426036,0.512361942,64.1544614,56.5673408,1,0.478607809,64.1544614,56.5673408,0.44895812
20650,2065,0.511173198,1,1.15976331,0.515267295,69.1149967,59.5471737,1,0.502087055,69.1149967,59.5471737,0.445133542
20660,2066,0.514001821,1,1.15976331,0.519861265,65.815154,64.1278018,1,0.562055972,65.815154,64.1278018,0.434265454
20670,2067,0.538314938,1,1.15976331,0.519698539,61.7138162,60.1795736,1,0.669561478,61.7138162,60.1795736,0.437917862
20680,2068,0.536425994,1,1.23668639,0.513150415,66.2230618,56.7014018,1,0.550024857,66.2230618,56.7014018,0.438063074
20690,2069,0.52558516,1,1.16568047,0.520242766,69.18381,61.4994635,1,0.499743826,69.18381,61.4994635,0.43369491
20700,2070,0.519276115,1,1.17751479,0.514108622,64.2834272,64.522313,1,0.494132508,64.2834272,64.522313,0.442901742
20710,2071,0.521752609,1,1.15384615,0.5176913,61.5623485,59.6245992,1,0.505371267,61.5623485,59.6245992,0.430988059
20720,2072,0.508204692,1,1.11242604,0.512955077,66.8067627,56.8028331,1,0.467643718,66.8067627,56.8028331,0.458104172
20730,2073,0.509614055,1,1.15384615,0.521077491,69.1719433,61.8824891,1,0.491892199,69.1719433,61.8824891,0.431023172
20740,2074,0.511685903,1,1.15976331,0.518380557,63.74533,63.7712439,1,0.577155,63.74533,63.7712439,0.441993381
20750,2075,0.5365949,1,1.20710059,0.516297616,63.1725836,57.8846884,1,0.604769038,63.1725836,57.8846884,0.454950253
20760,2076,0.524192257,1,1.21893491,0.509870186,68.94981,58.0977633,1,0.509380289,68.94981,58.0977633,0.444704185
20770,2077,0.524331416,1,1.22485207,0.518048803,68.4888419,63.7477774,1,0.505838,68.4888419,63.7477774,0.436060571
20780,2078,0.527225031,1,1.18934911,0.517104754,62.9704129,63.5450802,1,0.516514235,62.9704129,63.5450802,0.424780798
20790,2079,0.524278707,1,1.15976331,0.524520485,63.481695,57.9073242,1,0.488523253,63.481695,57.9073242,0.435453261
20800,2080,0.517654846,1,1.09467456,0.520864039,69.2383185,58.6243336,1,0.497290675,69.2383185,58.6243336,0.446238828
20810,2081,0.517206764,1,1.17751479,0.517337117,67.6271221,64.4489457,1,0.571282307,67.6271221,64.4489457,0.464872952
20820,2082,0.519640267,1,1.20710059,0.508127242,62.0518658,62.0302116,1,0.659893734,62.0518658,62.0302116,0.46748577
20830,2083,0.529488453,1,1.15384615,0.506857869,65.0536736,57.0613658,1,0.645745614,65.0536736,57.0613658,0.446553387
20840,2084,0.538141902,1,1.24852071,0.51725665,69.4414299,60.3268343,1,0.532884107,69.4414299,60.3268343,0.420732594
20850,2085,0.526811464,1,1.18934911,0.518217353,65.9369448,64.6893414,1,0.513681232,65.9369448,64.6893414,0.430445514
20860,2086,0.522049548,1,1.19526627,0.51981058,61.7374858,60.9416238,1,0.500587127,61.7374858,60.9416238,0.432967224
20870,2087,0.518059497,1,1.18343195,0.521160931,65.5943863,56.8126033,1,0.50689726,65.5943863,56.8126033,0.434628942
20880,2088,0.501579896,1,1.13609467,0.509277635,69.6898854,61.3083822,1,0.514720362,69.6898854,61.3083822,0.467810848
20890,2089,0.526963084,1,1.15976331,0.517373594,64.6674282,64.4007407,1,0.622981707,64.6674282,64.4007407,0.453701129
20900,2090,0.534549544,1,1.18934911,0.513751718,62.2746018,58.9564417,1,0.6561384,62.2746018,58.9564417,0.457456367
20910,2091,0.534354365,1,1.20118343,0.510918165,67.7113799,57.2331003,1,0.574206759,67.7113799,57.2331003,0.438720991
20920,2092,0.527934227,1,1.23076923,0.518245902,68.927938,62.6716796,1,0.511476201,68.927938,62.6716796,0.428691134
20930,2093,0.522541127,1,1.16568047,0.515285754,63.3982574,63.7664242,1,0.518757499,63.3982574,63.7664242,0.433615826
20940,2094,0.522036019,1,1.15976331,0.52030428,62.473759,58.2349929,1,0.495499198,62.473759,58.2349929,0.431396725
20950,2095,0.515040114,1,1.13017751,0.51793269,68.327361,57.576554,1,0.492175106,68.327361,57.576554,0.453116744
20960,2096,0.519080333,1,1.17751479,0.518890376,68.3883814,63.4506235,1,0.537846325,68.3883814,63.4506235,0.451875883
20970,2097,0.535481909,1,1.21301775,0.521408868,62.523445,62.6328202,1,0.652411934,62.523445,62.6328202,0.455513764
20980,2098,0.531428194,1,1.1183432,0.51097731,63.8289038,56.983619,1,0.66193183,63.8289038,56.983619,0.446005924
20990,2099,0.53888124,1,1.20710059,0.51114102,69.0169127,58.8433072,1,0.615682071,69.0169127,58.8433072,0.423942308
21000,2100,0.532207179,1,1.20710059,0.513915488,66.9125298,63.8483029,1,0.523416382,66.9125298,63.8483029,0.417646329
21010,2101,0.518032612,1,1.15976331,0.518939067,61.8582249,61.2188003,1,0.506183932,61.8582249,61.2188003,0.438260969
21020,2102,0.515962688,1,1.14201183,0.51652291,64.5725698,56.120035,1,0.50936347,64.5725698,56.120035,0.444327002
21030,2103,0.508036511,1,1.07100592,0.513008473,69.741757,59.1421581,1,0.488679777,69.741757,59.1421581,0.460599843
21040,2104,0.5217656,1,1.15976331,0.518051269,66.2700514,63.8147825,1,0.556515667,66.2700514,63.8147825,0.447783221
21050,2105,0.528091838,1,1.14792899,0.519080219,61.9996544,59.7346885,1,0.645695667,61.9996544,59.7346885,0.454324766
21060,2106,0.542553915,1,1.20710059,0.519557264,66.4671169,56.1387527,1,0.619851646,66.4671169,56.1387527,0.441145467
21070,2107,0.533898114,1,1.24852071,0.517144181,69.5029711,60.8960852,1,0.514381427,69.5029711,60.8960852,0.43411219
21080,2108,0.517859195,1,1.18343195,0.513262199,64.436725,63.7339941,1,0.502943819,64.436725,63.7339941,0.446687855
21090,2109,0.515069962,1,1.15384615,0.511757029,61.7603629,58.5800836,1,0.50071082,61.7603629,58.5800836,0.446721833
21100,2110,0.517729172,1,1.15384615,0.516606232,66.8669529,56.0621002,1,0.485669756,66.8669529,56.0621002,0.437972074
21110,2111,0.515965955,1,1.13609467,0.51792365,69.1131731,61.4974437,1,0.496797681,69.1131731,61.4974437,0.452399684
21120,2112,0.527399937,1,1.17751479,0.520996748,63.5357995,63.1066918,1,0.586015386,63.5357995,63.1066918,0.446530184
21130,2113,0.514169843,1,1.15384615,0.513517393,62.2935427,57.3628561,1,0.594218536,62.2935427,57.3628561,0.452048921
21140,2114,0.541245989,1,1.18934911,0.517562711,68.0772064,57.2053888,1,0.6139657,68.0772064,57.2053888,0.44506207
21150,2115,0.528252098,1,1.21893491,0.515304947,67.682365,62.877828,1,0.50901506,67.682365,62.877828,0.437397272
21160,2116,0.525480454,1,1.21301775,0.517376446,62.0842039,62.2551051,1,0.510576626,62.0842039,62.2551051,0.433283814
21170,2117,0.520104548,1,1.15976331,0.517329175,62.8759311,56.575622,1,0.505029923,62.8759311,56.575622,0.441107809
21180,2118,0.518145059,1,1.1183432,0.520630892,68.5225859,57.5269201,1,0.48343443,68.5225859,57.5269201,0.440479017
21190,2119,0.518003807,1,1.15384615,0.520157954,67.3215883,63.2199466,1,0.50861279,67.3215883,63.2199466,0.447563726
21200,2120,0.519558241,1,1.17159763,0.517594786,61.7057779,61.21558,1,0.584775342,61.7057779,61.21558,0.458675811
21210,2121,0.538823869,1,1.20710059,0.517499682,64.7245656,56.0828466,1,0.647165145,64.7245656,56.0828466,0.458051131
21220,2122,0.525834851,1,1.18934911,0.503692191,69.568527,59.4976269,1,0.578839304,69.568527,59.4976269,0.455892947
21230,2123,0.531916145,1,1.21301775,0.513071604,65.8315562,63.7045235,1,0.525524513,65.8315562,63.7045235,0.43284479
21240,2124,0.520090848,1,1.17751479,0.514134529,61.688258,59.7186452,1,0.508142204,61.688258,59.7186452,0.442251812
21250,2125,0.520521404,1,1.17751479,0.515283157,65.3786281,55.685604,1,0.517586708,65.3786281,55.685604,0.420511476
21260,2126,0.520361505,1,1.19526627,0.524466217,69.1571887,59.8265521,1,0.501804161,69.1571887,59.8265521,0.43121523
21270,2127,0.505245851,1,1.15976331,0.510280839,64.4157851,63.5806128,1,0.529959176,64.4157851,63.5806128,0.465202634
21280,2128,0.53300131,1,1.17751479,0.518576842,61.8765711,58.1795785,1,0.652489867,61.8765711,58.1795785,0.459088236
21290,2129,0.531025413,1,1.20118343,0.512244026,67.6106254,56.5310276,1,0.592633985,67.6106254,56.5310276,0.458948489
21300,2130,0.530949656,1,1.20710059,0.508532862,68.8256025,62.0978497,1,0.560844674,68.8256025,62.0978497,0.438297385
21310,2131,0.531453083,1,1.24260355,0.514374999,63.3502028,62.9641806,1,0.512320211,63.3502028,62.9641806,0.426424035
21320,2132,0.526866619,1,1.21893491,0.517567611,62.6441269,57.4863969,1,0.513836613,62.6441269,57.4863969,0.424854016
21330,2133,0.516765387,1,1.16568047,0.518030039,68.4004156,56.8902256,1,0.484831871,68.4004156,56.8902256,0.4451599
21340,2134,0.514733938,1,1.15384615,0.51871331,68.6095495,62.6513379,1,0.509170731,68.6095495,62.6513379,0.443454374
21350,2135,0.518982545,1,1.15976331,0.517343551,62.6692589,62.1300747,1,0.582329013,62.6692589,62.1300747,0.458701333
21360,2136,0.522134687,1,1.15976331,0.510467755,63.8793263,56.3271931,1,0.651705741,63.8793263,56.3271931,0.455977378
21370,2137,0.533224885,1,1.10650888,0.510611802,69.2237847,58.1469196,1,0.661041817,69.2237847,58.1469196,0.434289457
21380,2138,0.542048778,1,1.20118343,0.516913491,67.1040891,63.1366239,1,0.573710552,67.1040891,63.1366239,0.417021409
21390,2139,0.53253066,1,1.19526627,0.518299454,62.1104229,60.8222641,1,0.513333133,62.1104229,60.8222641,0.42337726
21400,2140,0.512992405,1,1.13017751,0.513562705,64.9709541,55.7426026,1,0.505179311,64.9709541,55.7426026,0.448439766
21410,2141,0.516078385,1,1.1183432,0.515685591,69.896023,58.7947942,1,0.517230579,69.896023,58.7947942,0.445703869
21420,2142,0.506633012,1,1.0887574,0.510477187,66.6035434,63.8773128,1,0.493571769,66.6035434,63.8773128,0.465828884
21430,2143,0.517563407,1,1.16568047,0.51731545,62.0084667,60.3421694,1,0.529608056,62.0084667,60.3421694,0.445967916
21440,2144,0.53238353,1,1.18934911,0.522569179,66.1896895,56.1980482,1,0.642886113,66.1896895,56.1980482,0.452843509
21450,2145,0.541651076,1,1.21893491,0.519647582,69.6732672,60.7269608,1,0.610373644,69.6732672,60.7269608,0.439515355
21460,2146,0.52614538,1,1.22485207,0.515266376,64.6273267,63.5793988,1,0.509757287,64.6273267,63.5793988,0.445874702
21470,2147,0.513554794,1,1.18343195,0.507723964,61.8733299,58.303165,1,0.499103711,61.8733299,58.303165,0.457825715
21480,2148,0.522085243,1,1.18343195,0.511887822,66.8358913,55.7554766,1,0.506280899,66.8358913,55.7554766,0.429102078
21490,2149,0.517245751,1,1.13017751,0.516476534,69.2652208,61.0018134,1,0.48159388,69.2652208,61.0018134,0.444730426
21500,2150,0.510324825,1,1.1183432,0.516338588,63.936895,63.2760562,1,0.472066487,63.936895,63.2760562,0.445644509
21510,2151,0.516913178,1,1.14792899,0.523762923,62.2796624,57.806245,1,0.545111009,62.2796624,57.806245,0.439642501
21520,2152,0.529947277,1,1.13609467,0.516033117,68.2212669,57.0098896,1,0.658310557,68.2212669,57.0098896,0.461133449
21530,2153,0.523741698,1,1.21893491,0.50678486,67.803817,63.0207972,1,0.563390731,67.803817,63.0207972,0.463491219
21540,2154,0.531658112,1,1.26627219,0.515047312,62.3015486,62.2141384,1,0.524209868,62.3015486,62.2141384,0.427775699
21550,2155,0.52759156,1,1.21893491,0.511758635,63.1123349,56.627749,1,0.515918692,63.1123349,56.627749,0.43422461
21560,2156,0.5222765,1,1.14792899,0.518882255,68.5820741,57.7617969,1,0.505536356,68.5820741,57.7617969,0.429697235
21570,2157,0.518037741,1,1.13609467,0.520116301,67.2989785,63.3527618,1,0.498272947,67.2989785,63.3527618,0.441254414
21580,2158,0.516712801,1,1.14201183,0.518856739,61.6453898,61.4778663,1,0.538449963,61.6453898,61.4778663,0.458182017
21590,2159,0.517135462,1,1.14792899,0.508272812,64.3861049,55.9969531,1,0.62005877,64.3861049,55.9969531,0.471381763
21600,2160,0.517346925,1,1.1183432,0.511045639,69.3775752,59.0258578,1,0.641561691,69.3775752,59.0258578,0.44912169
21610,2161,0.54479151,1,1.16568047,0.519025991,65.8243492,63.3651656,1,0.632481068,65.8243492,63.3651656,0.431421263
21620,2162,0.534787547,1,1.20118343,0.519876339,61.8431815,59.3822784,1,0.522733937,61.8431815,59.3822784,0.433187488
21630,2163,0.519775445,1,1.18934911,0.514278893,65.9321389,55.4339239,1,0.514597512,65.9321389,55.4339239,0.437239021
21640,2164,0.52070337,1,1.14201183,0.518858791,69.5247467,59.8790952,1,0.505190724,69.5247467,59.8790952,0.439650064
21650,2165,0.512192279,1,1.12426036,0.516101582,64.8477207,63.4847628,1,0.486645957,64.8477207,63.4847628,0.454272359
21660,2166,0.512952698,1,1.14792899,0.519771744,61.6740168,58.5904296,1,0.524660151,61.6740168,58.5904296,0.448712119
21670,2167,0.517723179,1,1.16568047,0.514010163,67.1730717,56.1812303,1,0.631200589,67.1730717,56.1812303,0.461819442
21680,2168,0.532479978,1,1.16568047,0.513593336,68.4534109,61.9606055,1,0.598439135,68.4534109,61.9606055,0.455345937
21690,2169,0.524479492,1,1.22485207,0.51206093,62.6744689,62.5304524,1,0.525050316,62.6744689,62.5304524,0.446689972
21700,2170,0.524274297,1,1.18934911,0.515095942,62.3769788,56.8671022,1,0.518575077,62.3769788,56.8671022,0.436242936
21710,2171,0.524786582,1,1.15976331,0.516423385,67.9254606,56.6350851,1,0.518641325,67.9254606,56.6350851,0.427179284
21720,2172,0.51908842,1,1.14792899,0.520004781,68.0791013,62.277201,1,0.478396888,68.0791013,62.277201,0.434169798
21730,2173,0.517442996,1,1.14201183,0.520220222,62.3377501,62.022529,1,0.514488956,62.3377501,62.022529,0.442076677
21740,2174,0.523144684,1,1.20710059,0.519715469,63.3826658,56.2231298,1,0.590830797,63.3826658,56.2231298,0.453290923
21750,2175,0.536798294,1,1.20118343,0.517074081,68.9532791,58.0856058,1,0.660930611,68.9532791,58.0856058,0.451824376
21760,2176,0.533643836,1,1.20118343,0.512184118,66.4159522,63.3736333,1,0.592218391,66.4159522,63.3736333,0.451173767
21770,2177,0.536183196,1,1.24260355,0.514817995,61.6762959,60.5602013,1,0.539269749,61.6762959,60.5602013,0.423983237
21780,2178,0.525879048,1,1.20710059,0.51808423,64.7031574,55.8674251,1,0.51197901,64.7031574,55.8674251,0.429559005
21790,2179,0.518851695,1,1.16568047,0.519607096,69.3449081,59.1922298,1,0.509806772,69.3449081,59.1922298,0.439204336
21800,2180,0.507082967,1,1.10059172,0.509948098,65.5593091,63.9021513,1,0.515504899,65.5593091,63.9021513,0.464822418
21810,2181,0.505840774,1,1.13017751,0.507878729,61.2974102,59.5523999,1,0.524657376,61.2974102,59.5523999,0.468436405
21820,2182,0.517798808,1,1.13017751,0.515416325,65.9318885,55.9710422,1,0.591597095,65.9318885,55.9710422,0.450538878
21830,2183,0.534329925,1,1.15976331,0.51549277,68.8379962,61.022529,1,0.659607867,68.8379962,61.022529,0.448290511
21840,2184,0.538999744,1,1.23076923,0.518411463,63.696277,63.2104542,1,0.556980873,63.696277,63.2104542,0.429836162
21850,2185,0.525988976,1,1.23076923,0.513722923,61.8942408,57.8373268,1,0.515897323,61.8942408,57.8373268,0.435943054
21860,2186,0.520018761,1,1.21301775,0.516967852,67.4584749,56.359737,1,0.513464314,67.4584749,56.359737,0.442852324
21870,2187,0.513867381,1,1.0887574,0.514118871,68.811611,62.1280119,1,0.488681635,68.811611,62.1280119,0.455758506
21880,2188,0.51323469,1,1.10650888,0.516544198,63.0729384,63.0898964,1,0.488111913,63.0729384,63.0898964,0.447594392
21890,2189,0.523302463,1,1.19526627,0.520476131,62.6687419,57.2217526,1,0.563823852,62.6687419,57.2217526,0.452465216
21900,2190,0.526223794,1,1.18343195,0.514649088,68.6114255,57.600415,1,0.645108306,68.6114255,57.600415,0.45805657
21910,2191,0.536775588,1,1.16568047,0.513068494,67.4928649,63.2915803,1,0.642829267,67.4928649,63.2915803,0.446157432
21920,2192,0.53132774,1,1.20118343,0.516859368,62.0990987,61.3785346,1,0.521840575,62.0990987,61.3785346,0.440228941
21930,2193,0.529247849,1,1.23668639,0.514728277,63.9400218,56.1355475,1,0.522273479,63.9400218,56.1355475,0.427445363
21940,2194,0.520064022,1,1.17159763,0.519390117,69.1765536,58.3456721,1,0.501169074,69.1765536,58.3456721,0.437217642
21950,2195,0.515072426,1,1.12426036,0.516756249,66.9891361,63.5586777,1,0.484277261,66.9891361,63.5586777,0.434872105
21960,2196,0.520030751,1,1.15976331,0.520108464,61.9897697,60.8109762,1,0.513761681,61.9897697,60.8109762,0.438822578
21970,2197,0.520085506,1,1.19526627,0.517975404,65.3262178,55.9293994,1,0.581880266,65.3262178,55.9293994,0.454833852
21980,2198,0.537002435,1,1.19526627,0.520797697,69.7203003,59.7765751,1,0.661509192,69.7203003,59.7765751,0.449251328
21990,2199,0.537311651,1,1.21301775,0.513365468,65.4169812,63.6658942,1,0.60934417,65.4169812,63.6658942,0.446189372
22000,2200,0.525957079,1,1.22485207,0.514016611,62.1367136,58.9044472,1,0.513298659,62.1367136,58.9044472,0.444769292
22010,2201,0.516616075,1,1.17751479,0.505920224,66.9742471,55.6434589,1,0.514067054,66.9742471,55.6434589,0.44877068
22020,2202,0.523931513,1,1.20710059,0.514702979,69.9559256,60.2492188,1,0.513377982,69.9559256,60.2492188,0.422050719
22030,2203,0.51834576,1,1.13017751,0.51918344,64.9647052,63.1578196,1,0.483707348,64.9647052,63.1578196,0.444374702
22040,2204,0.514456787,1,1.11242604,0.517907802,62.3274006,58.0879448,1,0.492776421,62.3274006,58.0879448,0.439600452
22050,2205,0.520672072,1,1.22485207,0.519149534,67.9140795,56.0845167,1,0.587295874,67.9140795,56.0845167,0.456541573
22060,2206,0.534527759,1,1.15384615,0.515788495,69.0540019,61.8428283,1,0.66424653,69.0540019,61.8428283,0.451542893
22070,2207,0.534775277,1,1.18934911,0.511283374,63.330353,62.3702926,1,0.631200941,63.330353,62.3702926,0.442146295
22080,2208,0.529433057,1,1.20118343,0.516454044,63.3717521,56.6827657,1,0.521344452,63.3717521,56.6827657,0.437513657
22090,2209,0.530406148,1,1.21893491,0.51296109,68.8179491,56.6565409,1,0.514128897,68.8179491,56.6565409,0.418943085
22100,2210,0.523511079,1,1.17751479,0.521748362,68.4882524,62.2200998,1,0.506008536,68.4882524,62.2200998,0.428716862
22110,2211,0.512918015,1,1.11242604,0.517129052,62.604353,61.7060698,1,0.503914382,62.604353,61.7060698,0.45433154
22120,2212,0.516974399,1,1.14201183,0.517642254,63.765178,55.9211767,1,0.548234477,63.765178,55.9211767,0.453862469
22130,2213,0.516686589,1,1.15384615,0.510797813,69.5124633,57.776899,1,0.608526605,69.5124633,57.776899,0.464573313
22140,2214,0.531560895,1,1.19526627,0.512087299,66.9609972,63.0487318,1,0.666388721,66.9609972,63.0487318,0.450523695
22150,2215,0.537730899,1,1.15384615,0.511535319,62.127848,60.1375432,1,0.61073864,62.127848,60.1375432,0.434014906
22160,2216,0.532698429,1,1.23076923,0.517718171,65.4493236,55.7062399,1,0.522516578,65.4493236,55.7062399,0.425994481
22170,2217,0.523120452,1,1.16568047,0.516263897,69.8087908,59.2692719,1,0.512588305,69.8087908,59.2692719,0.43309913
22180,2218,0.519269208,1,1.15976331,0.521380965,65.889679,63.5570755,1,0.501425476,65.889679,63.5570755,0.446847586
22190,2219,0.518291869,1,1.15976331,0.519934585,61.739815,59.736315,1,0.489877012,61.739815,59.736315,0.433914222
22200,2220,0.511083252,1,1.17159763,0.51542968,66.1660553,55.7722922,1,0.533758077,66.1660553,55.7722922,0.457062137
22210,2221,0.522398256,1,1.15976331,0.516963263,69.5734122,60.5303705,1,0.603398315,69.5734122,60.5303705,0.450176758
22220,2222,0.529741553,1,1.13017751,0.514164232,64.5549826,63.3243582,1,0.659526582,64.5549826,63.3243582,0.441829193
22230,2223,0.539538932,1,1.18934911,0.517319605,62.5739678,57.9292141,1,0.551235218,62.5739678,57.9292141,0.44210363
22240,2224,0.525047327,1,1.18934911,0.514329678,68.0741966,56.3059025,1,0.515510367,68.0741966,56.3059025,0.441136627
22250,2225,0.520944922,1,1.16568047,0.517698436,69.440865,61.8565052,1,0.506791217,69.440865,61.8565052,0.439721353
22260,2226,0.512687715,1,1.13609467,0.513491434,63.6661,63.0579606,1,0.507162089,63.6661,63.0579606,0.453724924
22270,2227,0.505788795,1,1.0887574,0.511022773,62.7343106,57.1730874,1,0.499560079,62.7343106,57.1730874,0.458321897
22280,2228,0.507449043,1,1.14201183,0.515065288,68.4524377,56.5045188,1,0.49424675,68.4524377,56.5045188,0.44285225
22290,2229,0.531660254,1,1.19526627,0.522619348,68.2117067,62.2210139,1,0.637600162,68.2117067,62.2210139,0.440120123
22300,2230,0.541497479,1,1.19526627,0.518121759,62.4809444,61.191405,1,0.632106242,62.4809444,61.191405,0.447886098
22310,2231,0.532304361,1,1.23076923,0.515922451,64.2870393,55.7291881,1,0.517588123,64.2870393,55.7291881,0.442543699
22320,2232,0.520731373,1,1.18934911,0.508782463,69.6857342,57.7750768,1,0.5087142,69.6857342,57.7750768,0.444103824
22330,2233,0.523275751,1,1.18934911,0.519899514,67.4121072,62.8535231,1,0.51049936,67.4121072,62.8535231,0.428013133
22340,2234,0.515996264,1,1.13017751,0.516335287,62.0732623,60.4655401,1,0.491198273,62.0732623,60.4655401,0.449889714
22350,2235,0.517746892,1,1.0887574,0.519101603,64.6867815,55.293846,1,0.506262649,64.6867815,55.293846,0.445735232
22360,2236,0.520844928,1,1.17159763,0.51974173,69.7013527,58.5122918,1,0.572090965,69.7013527,58.5122918,0.458349999
22370,2237,0.528203206,1,1.13017751,0.515220401,65.7376248,62.9641911,1,0.653354684,65.7376248,62.9641911,0.458519271
22380,2238,0.536870201,1,1.19526627,0.51976882,62.0299555,58.4208201,1,0.580004892,62.0299555,58.4208201,0.451093557
22390,2239,0.529829027,1,1.24260355,0.514714026,66.7288778,55.1359733,1,0.507480524,66.7288778,55.1359733,0.441018782
22400,2240,0.526784237,1,1.21301775,0.510308044,69.9090616,59.8446479,1,0.508668894,69.9090616,59.8446479,0.43707734
22410,2241,0.526910324,1,1.18343195,0.519562082,65.3147003,62.8005347,1,0.506941756,65.3147003,62.8005347,0.420238186
22420,2242,0.522857296,1,1.13609467,0.521099677,62.423979,57.975482,1,0.498825875,62.423979,57.975482,0.432670276
22430,2243,0.513288041,1,1.15384615,0.516834584,67.8115557,55.3082251,1,0.516067243,67.8115557,55.3082251,0.462436574
22440,2244,0.504261894,1,1.16568047,0.509925408,70.0362411,60.8494189,1,0.531427693,70.0362411,60.8494189,0.459315503
22450,2245,0.535156272,1,1.17751479,0.519948696,64.3325069,62.0338585,1,0.660028909,64.3325069,62.0338585,0.448108985
22460,2246,0.528881261,1,1.15976331,0.508225074,63.528049,56.389042,1,0.670363225,63.528049,56.389042,0.438603929
22470,2247,0.535713967,1,1.22485207,0.519598407,69.0834911,56.4198505,1,0.516153478,69.0834911,56.4198505,0.427348272
22480,2248,0.525485808,1,1.20118343,0.515946233,68.9720114,61.9930804,1,0.508304387,68.9720114,61.9930804,0.428795744
22490,2249,0.522209056,1,1.16568047,0.519036242,63.3555897,61.7817278,1,0.492909479,63.3555897,61.7817278,0.432338233
22500,2250,0.515927749,1,1.15976331,0.516808302,63.9832687,55.9924489,1,0.504786087,63.9832687,55.9924489,0.447938936
22510,2251,0.509886076,1,1.15976331,0.511951788,69.8335508,57.2231061,1,0.518771391,69.8335508,57.2231061,0.459870821
22520,2252,0.518370285,1,1.18343195,0.517896472,68.1178232,62.7836167,1,0.589144522,68.1178232,62.7836167,0.447630185
22530,2253,0.531030438,1,1.13609467,0.516723019,62.8445609,60.4127481,1,0.662361582,62.8445609,60.4127481,0.444747875
22540,2254,0.540396092,1,1.19526627,0.515163715,65.8468218,55.6407342,1,0.614904077,65.8468218,55.6407342,0.433683052
22550,2255,0.531571057,1,1.21893491,0.514627739,70.3560449,59.0671542,1,0.521340384,70.3560449,59.0671542,0.435641721
22560,2256,0.528812274,1,1.20118343,0.518729305,66.9422085,63.3459631,1,0.518814634,66.9422085,63.3459631,0.421061528
22570,2257,0.513914966,1,1.15384615,0.514306191,62.5448521,59.552604,1,0.511774701,62.5448521,59.552604,0.446725868
22580,2258,0.514109474,1,1.13017751,0.518713817,66.8204985,55.6168502,1,0.527502989,66.8204985,55.6168502,0.447023759
22590,2259,0.510958229,1,1.14201183,0.509253804,70.4515509,60.5672125,1,0.597180738,70.4515509,60.5672125,0.472251488
22600,2260,0.510462081,1,1.11242604,0.507853905,65.4750911,63.5652654,1,0.584121765,65.4750911,63.5652654,0.446905687
22610,2261,0.507577895,1,1.10650888,0.514387126,62.8196558,58.7606172,1,0.573042303,62.8196558,58.7606172,0.422278834
22620,2262,0.541094173,1,1.20118343,0.51587678,67.9613663,56.6905925,1,0.631858058,67.9613663,56.6905925,0.42636616
22630,2263,0.534881153,1,1.24260355,0.51394263,69.584745,61.8478776,1,0.530632165,69.584745,61.8478776,0.415903864
22640,2264,0.523274678,1,1.18343195,0.519031252,64.1090721,63.0141711,1,0.510813308,64.1090721,63.0141711,0.43065407
22650,2265,0.511671914,1,1.13017751,0.512370046,63.021459,57.1496549,1,0.510165066,63.021459,57.1496549,0.458808932
22660,2266,0.508520825,1,1.07100592,0.510700841,68.9455961,56.3176294,1,0.490771318,68.9455961,56.3176294,0.46017534
22670,2267,0.511558997,1,1.10059172,0.51519775,69.5846645,62.1113407,1,0.498967601,69.5846645,62.1113407,0.44837312
22680,2268,0.524978921,1,1.19526627,0.522586915,63.8173427,62.0486177,1,0.596362971,63.8173427,62.0486177,0.443666371
22690,2269,0.528976758,1,1.13609467,0.513305196,64.5727987,56.2912244,1,0.659758097,64.5727987,56.2912244,0.446672715
22700,2270,0.535818965,1,1.21893491,0.512316065,70.0535916,57.9231685,1,0.572004704,70.0535916,57.9231685,0.439891952
22710,2271,0.530268219,1,1.21301775,0.514602485,68.1022826,63.0494869,1,0.515342302,68.1022826,63.0494869,0.42193375
22720,2272,0.513990646,1,1.18934911,0.513211075,62.8182555,60.5028217,1,0.509248348,62.8182555,60.5028217,0.451207753
22730,2273,0.509925156,1,1.10650888,0.511771315,65.6075962,55.2226713,1,0.514704041,65.6075962,55.2226713,0.459356441
22740,2274,0.506508353,1,1.04733728,0.51032478,70.8170967,58.0811845,1,0.474803735,70.8170967,58.0811845,0.457093936
22750,2275,0.516531633,1,1.11242604,0.520015273,67.708205,62.8107324,1,0.527334044,67.708205,62.8107324,0.435372597
22760,2276,0.52899214,1,1.14201183,0.525454787,63.2319218,59.2063603,1,0.623221673,63.2319218,59.2063603,0.442080941
22770,2277,0.54321757,1,1.23076923,0.519836991,67.502751,55.3127542,1,0.616291924,67.502751,55.3127542,0.444560481
22780,2278,0.525390764,1,1.24852071,0.512723196,70.7840213,60.1600629,1,0.515762276,70.7840213,60.1600629,0.45026709
22790,2279,0.513448926,1,1.18934911,0.505901738,65.7126587,63.2114054,1,0.512364235,65.7126587,63.2114054,0.455274221
22800,2280,0.518169334,1,1.15976331,0.510192005,62.8369363,58.2714643,1,0.503496556,62.8369363,58.2714643,0.439693263
22810,2281,0.522909154,1,1.16568047,0.523768574,67.5961219,55.5716363,1,0.489015093,67.5961219,55.5716363,0.420895905
22820,2282,0.514742364,1,1.0887574,0.520327489,70.2252984,60.6150736,1,0.48414606,70.2252984,60.6150736,0.437507933
22830,2283,0.520164552,1,1.18343195,0.520088198,64.7202609,62.6889425,1,0.575292853,64.7202609,62.6889425,0.452516759
22840,2284,0.524210338,1,1.1183432,0.511909831,63.7243602,56.6850136,1,0.660044064,63.7243602,56.6850136,0.468151217
22850,2285,0.53231063,1,1.21301775,0.512484323,69.4706088,56.6130758,1,0.554055317,69.4706088,56.6130758,0.442053762
22860,2286,0.52628402,1,1.23668639,0.512472144,69.057937,62.3649198,1,0.518873439,69.057937,62.3649198,0.443586824
22870,2287,0.518454783,1,1.18934911,0.512321956,63.3634628,61.6480783,1,0.514988283,63.3634628,61.6480783,0.441493549
22880,2288,0.519871619,1,1.15976331,0.516905084,64.20986,56.1108066,1,0.492868844,64.20986,56.1108066,0.430891231
22890,2289,0.512090236,1,1.14201183,0.513534723,69.9157631,57.3343308,1,0.485026432,69.9157631,57.3343308,0.448893064
22900,2290,0.511065937,1,1.13017751,0.516012583,68.283047,62.8673869,1,0.508753885,68.283047,62.8673869,0.443763306
22910,2291,0.519176543,1,1.14792899,0.52224905,63.008995,60.8414407,1,0.581016049,63.008995,60.8414407,0.434598929
22920,2292,0.543544637,1,1.20710059,0.52189536,66.09247,55.9250659,1,0.632572846,66.09247,55.9250659,0.446409475
22930,2293,0.52857993,1,1.21893491,0.510723173,70.5871658,59.482502,1,0.537427126,70.5871658,59.482502,0.440935279
22940,2294,0.528196187,1,1.18934911,0.513592203,66.7017287,63.6034806,1,0.51196595,66.7017287,63.6034806,0.435680021
22950,2295,0.523525376,1,1.19526627,0.519216768,62.703868,59.5646876,1,0.506305886,62.703868,59.5646876,0.437142007
22960,2296,0.515628294,1,1.16568047,0.515460298,66.6742938,55.5561906,1,0.500471668,66.6742938,55.5561906,0.434001127
22970,2297,0.51857693,1,1.17159763,0.523213896,70.2406782,60.0085696,1,0.51637498,70.2406782,60.0085696,0.438817513
22980,2298,0.506828312,1,1.14201183,0.50821156,65.1014779,63.2846793,1,0.583261892,65.1014779,63.2846793,0.468816174
22990,2299,0.531368028,1,1.17159763,0.515505249,62.9352529,57.7938381,1,0.660980362,62.9352529,57.7938381,0.454053848
23000,2300,0.534397667,1,1.17159763,0.511329703,68.5476663,56.2930489,1,0.626424074,68.5476663,56.2930489,0.446892967
23010,2301,0.529655397,1,1.23668639,0.513710443,69.3804174,61.8834868,1,0.516439041,69.3804174,61.8834868,0.434778528
23020,2302,0.525069785,1,1.17751479,0.514856077,63.90701,62.6107607,1,0.521189687,63.90701,62.6107607,0.42473184
23030,2303,0.517880041,1,1.14792899,0.518190942,63.4344758,57.0117213,1,0.502757464,63.4344758,57.0117213,0.432226449
23040,2304,0.516150897,1,1.1183432,0.519299531,69.1491692,56.75588,1,0.495389073,69.1491692,56.75588,0.440032113
23050,2305,0.51681733,1,1.15976331,0.517153181,68.9709044,62.6715383,1,0.536474642,68.9709044,62.6715383,0.455257201
23060,2306,0.523695033,1,1.17751479,0.51829591,63.1689197,61.8597302,1,0.592201604,63.1689197,61.8597302,0.45065409
23070,2307,0.539641753,1,1.18343195,0.520621858,64.8770093,56.2133693,1,0.661908934,64.8770093,56.2133693,0.453774191
23080,2308,0.535777691,1,1.17159763,0.5105213,70.1845353,58.304566,1,0.600160909,70.1845353,58.304566,0.438818583
23090,2309,0.531845019,1,1.22485207,0.511969778,67.6371878,63.2291556,1,0.51268944,67.6371878,63.2291556,0.42649363
23100,2310,0.52351558,1,1.20118343,0.51815783,62.8735568,60.4348691,1,0.517899042,62.8735568,60.4348691,0.424823096
23110,2311,0.502684966,1,1.13017751,0.509193214,66.332584,55.4087559,1,0.507780753,66.332584,55.4087559,0.469335943
23120,2312,0.510533431,1,1.12426036,0.509307825,70.9154333,59.1113746,1,0.515050952,70.9154333,59.1113746,0.453206151
23130,2313,0.500347066,1,1.13609467,0.512496018,67.2146252,63.6598168,1,0.472318113,67.2146252,63.6598168,0.451062563
23140,2314,0.519159485,1,1.15976331,0.521642384,63.3528748,59.7463471,1,0.573692029,63.3528748,59.7463471,0.422925577
23150,2315,0.537988115,1,1.17751479,0.518623148,67.9013208,56.2753446,1,0.664700624,67.9013208,56.2753446,0.440119805
23160,2316,0.535272772,1,1.25443787,0.519408908,70.5296936,61.2035653,1,0.512448136,70.5296936,61.2035653,0.429639332
23170,2317,0.51314205,1,1.19526627,0.511872708,65.097899,63.5532619,1,0.501949336,65.097899,63.5532619,0.455248591
23180,2318,0.509180543,1,1.14792899,0.506027916,62.8558232,57.997963,1,0.501333356,62.8558232,57.997963,0.460821564
23190,2319,0.515673639,1,1.14792899,0.513233166,68.148048,55.8607043,1,0.478149383,68.148048,55.8607043,0.439038207
23200,2320,0.514455942,1,1.13609467,0.519964091,70.0897537,61.1188877,1,0.474861441,70.0897537,61.1188877,0.431172294
23210,2321,0.516637599,1,1.17159763,0.520468658,64.4901846,62.5767132,1,0.545387625,64.4901846,62.5767132,0.445094426
23220,2322,0.521617947,1,1.14201183,0.513332918,63.9519822,56.597516,1,0.65350008,63.9519822,56.597516,0.461797753
23230,2323,0.534814167,1,1.18343195,0.511944326,69.6432539,57.0783445,1,0.612395765,69.6432539,57.0783445,0.43934977
23240,2324,0.526273527,1,1.23076923,0.513406339,68.4791671,62.685707,1,0.521150177,68.4791671,62.685707,0.440532305
23250,2325,0.518832916,1,1.19526627,0.515759882,62.9068909,61.2068453,1,0.511303343,62.9068909,61.2068453,0.443475346
23260,2326,0.517102649,1,1.14792899,0.51420869,64.5291438,55.6662017,1,0.502454402,64.5291438,55.6662017,0.444096295
23270,2327,0.511213082,1,1.08284024,0.512258537,70.0530669,57.5440877,1,0.484910241,70.0530669,57.5440877,0.448799727
23280,2328,0.516696804,1,1.13609467,0.519626502,67.7936265,62.8025157,1,0.512773741,67.7936265,62.8025157,0.440253665
23290,2329,0.513807525,1,1.13609467,0.520079419,62.6160393,60.3608281,1,0.550262161,62.6160393,60.3608281,0.440341773
23300,2330,0.53927446,1,1.18934911,0.51752834,66.2149773,55.6547637,1,0.657714815,66.2149773,55.6547637,0.455728796
23310,2331,0.532873722,1,1.27218935,0.517530619,70.1784994,59.8734756,1,0.538620551,70.1784994,59.8734756,0.445271261
23320,2332,0.523936106,1,1.20710059,0.508412505,65.892805,63.6677399,1,0.51879052,65.892805,63.6677399,0.44030395
23330,2333,0.529807532,1,1.18343195,0.514715548,62.3974878,59.4109839,1,0.515099067,62.3974878,59.4109839,0.423686374
23340,2334,0.520009858,1,1.16568047,0.520038437,66.901426,55.9268454,1,0.48917493,66.901426,55.9268454,0.43802057
23350,2335,0.508562624,1,1.1183432,0.514265264,70.2692238,60.568899,1,0.478831678,70.2692238,60.568899,0.441157186
23360,2336,0.513108091,1,1.1183432,0.519429562,65.5026496,63.5595698,1,0.504201679,65.5026496,63.5595698,0.432854441
23370,2337,0.516261629,1,1.15976331,0.52081332,63.0283718,58.2920632,1,0.580193467,63.0283718,58.2920632,0.4476677
23380,2338,0.541401875,1,1.18934911,0.518920953,68.6613305,56.8757383,1,0.62105782,68.6613305,56.8757383,0.446791326
23390,2339,0.530768391,1,1.24260355,0.5127317,69.4087751,62.5844735,1,0.540875392,69.4087751,62.5844735,0.442881445
23400,2340,0.522194452,1,1.23076923,0.514841169,63.6906815,62.8817957,1,0.509356744,63.6906815,62.8817957,0.440447562
23410,2341,0.520128505,1,1.18934911,0.513805163,63.4592208,57.2286116,1,0.521769185,63.4592208,57.2286116,0.435224652
23420,2342,0.516927279,1,1.15384615,0.517798706,69.2582158,57.4332862,1,0.504165993,69.2582158,57.4332862,0.446354303
23430,2343,0.511786328,1,1.14201183,0.514263489,68.699424,63.4557196,1,0.513449856,68.699424,63.4557196,0.465253977
23440,2344,0.513363558,1,1.14792899,0.515920152,62.8773448,62.3599024,1,0.564220241,62.8773448,62.3599024,0.455715975
23450,2345,0.525521946,1,1.18343195,0.519221201,64.615144,56.8937604,1,0.629743891,64.615144,56.8937604,0.441210373
23460,2346,0.542154335,1,1.20118343,0.520730977,69.7452347,59.6131398,1,0.566653145,69.7452347,59.6131398,0.446636715
23470,2347,0.533051196,1,1.25443787,0.515099978,66.8723167,64.4773597,1,0.533523406,66.8723167,64.4773597,0.434559512
23480,2348,0.528877833,1,1.18343195,0.518152916,62.28169,61.3356676,1,0.517631482,62.28169,61.3356676,0.427903117
23490,2349,0.516795693,1,1.18934911,0.516702601,65.8893281,56.65369,1,0.49746807,65.8893281,56.65369,0.454666576
23500,2350,0.516315408,1,1.13609467,0.516595682,70.3106658,60.1835993,1,0.493465823,70.3106658,60.1835993,0.435200334
23510,2351,0.512588939,1,1.16568047,0.519875477,66.3022991,64.4461263,1,0.519474133,66.3022991,64.4461263,0.450089666
23520,2352,0.513676324,1,1.17751479,0.515157302,62.4066116,60.0851655,1,0.571562876,62.4066116,60.0851655,0.449814951
23530,2353,0.535710507,1,1.17751479,0.516886514,67.4467862,57.0988324,1,0.665659809,67.4467862,57.0988324,0.450650714
23540,2354,0.537296694,1,1.21893491,0.514747499,69.7340109,62.306736,1,0.564311762,69.7340109,62.306736,0.437540575
23550,2355,0.534512598,1,1.25443787,0.517873421,64.5761453,64.3169423,1,0.513834451,64.5761453,64.3169423,0.425826779
23560,2356,0.521711912,1,1.15976331,0.513382803,62.7749906,58.9517242,1,0.507788056,62.7749906,58.9517242,0.435344686
23570,2357,0.510389025,1,1.14792899,0.513761471,68.5325392,57.3974533,1,0.504931528,68.5325392,57.3974533,0.45874232
23580,2358,0.514139434,1,1.11242604,0.512064916,69.9918997,63.0610936,1,0.486828023,69.9918997,63.0610936,0.449895154
23590,2359,0.51338617,1,1.14792899,0.517987441,64.1915679,64.0000501,1,0.527018568,64.1915679,64.0000501,0.451987648
23600,2360,0.496987582,1,1.10059172,0.515337023,63.473167,58.35021,1,0.500295697,63.473167,58.35021,0.438102372
23610,2361,0.538334467,1,1.18343195,0.520175314,69.1124592,58.8446823,1,0.659274421,69.1124592,58.8446823,0.435456091
23620,2362,0.537136718,1,1.20710059,0.515139045,68.0133994,64.386533,1,0.56031835,68.0133994,64.386533,0.434598647
23630,2363,0.532080065,1,1.21893491,0.51769749,62.6214308,62.8690598,1,0.515048644,62.6214308,62.8690598,0.430879448
23640,2364,0.520256631,1,1.17751479,0.515041858,64.5369912,57.3147309,1,0.5081507,64.5369912,57.3147309,0.451951338
23650,2365,0.520978488,1,1.16568047,0.519028752,69.8810171,59.193593,1,0.494581252,69.8810171,59.193593,0.43574554
23660,2366,0.517474553,1,1.15976331,0.520212174,68.0944485,64.5217023,1,0.470661633,68.0944485,64.5217023,0.432281526
23670,2367,0.510452954,1,1.14792899,0.520002321,62.8191208,62.351115,1,0.49453193,62.8191208,62.351115,0.438802369
23680,2368,0.5266263,1,1.16568047,0.519496401,65.9639609,57.3856013,1,0.622819414,65.9639609,57.3856013,0.452124147
23690,2369,0.530557173,1,1.18343195,0.513741225,70.3319437,61.4155283,1,0.656895608,70.3319437,61.4155283,0.457156031
23700,2370,0.537230513,1,1.24260355,0.517871658,66.0060655,65.1291343,1,0.562087804,66.0060655,65.1291343,0.438556614
23710,2371,0.532399659,1,1.25443787,0.512924112,62.436324,60.7688463,1,0.521219296,62.436324,60.7688463,0.433474782
23720,2372,0.532268678,1,1.20118343,0.518097554,66.8446322,57.5686532,1,0.517050779,66.8446322,57.5686532,0.419032531
23730,2373,0.516045895,1,1.17159763,0.514864231,70.1162832,62.4017487,1,0.498514508,70.1162832,62.4017487,0.448946909
23740,2374,0.51650315,1,1.13609467,0.518369541,65.218312,65.3556882,1,0.501439115,65.218312,65.3556882,0.439983058
23750,2375,0.519732556,1,1.15384615,0.516760102,62.5476168,60.0994058,1,0.538841883,62.5476168,60.0994058,0.453527384
23760,2376,0.510443541,1,1.18343195,0.514485086,67.9585275,57.7336614,1,0.53384031,67.9585275,57.7336614,0.454267744
23770,2377,0.521751611,1,1.1183432,0.518631529,69.5157527,63.2178494,1,0.626185719,69.5157527,63.2178494,0.438537565
23780,2378,0.541035526,1,1.21893491,0.517893977,63.9560535,64.0431708,1,0.576307349,63.9560535,64.0431708,0.432355672
23790,2379,0.529792643,1,1.24852071,0.517013593,63.7002472,58.4193814,1,0.518404369,63.7002472,58.4193814,0.433046482
23800,2380,0.514159575,1,1.17751479,0.513453288,69.6191004,58.5988008,1,0.505770546,69.6191004,58.5988008,0.455505532
23810,2381,0.512614155,1,1.13609467,0.510265141,69.326186,64.3980437,1,0.498128457,69.326186,64.3980437,0.446664275
23820,2382,0.518746255,1,1.07100592,0.518004072,63.7768099,63.9980748,1,0.481579401,63.7768099,63.9980748,0.427982401
23830,2383,0.510785238,1,1.13017751,0.521364271,64.3842191,58.2697039,1,0.490039452,64.3842191,58.2697039,0.443114177
23840,2384,0.530760651,1,1.21893491,0.525346272,69.9655533,59.8382207,1,0.631606233,69.9655533,59.8382207,0.445965056
23850,2385,0.539174692,1,1.19526627,0.519989203,67.3520376,65.1670894,1,0.633211163,67.3520376,65.1670894,0.45655842
23860,2386,0.528981744,1,1.22485207,0.509322666,62.4342675,62.0517826,1,0.552087316,62.4342675,62.0517826,0.447805951
23870,2387,0.532099452,1,1.21893491,0.515659949,65.7727148,57.6072272,1,0.528331159,65.7727148,57.6072272,0.427593397
23880,2388,0.522816741,1,1.20118343,0.516844831,70.1932964,60.9461567,1,0.512373705,70.1932964,60.9461567,0.426142676
23890,2389,0.522913584,1,1.18934911,0.522069542,66.6498045,65.2103713,1,0.507841651,66.6498045,65.2103713,0.426488766
23900,2390,0.505017509,1,1.08284024,0.511114748,62.2344471,61.0708973,1,0.507701487,62.2344471,61.0708973,0.46556338
23910,2391,0.516939926,1,1.17159763,0.512246283,67.0160722,57.398259,1,0.582718685,67.0160722,57.398259,0.463790727
23920,2392,0.521787648,1,1.18343195,0.510694949,70.0461314,62.5612682,1,0.646668715,70.0461314,62.5612682,0.460498334
23930,2393,0.533006737,1,1.14792899,0.511405706,64.6934991,64.8551087,1,0.650876338,64.6934991,64.8551087,0.447956416
23940,2394,0.535077179,1,1.22485207,0.514492346,63.0129607,59.5438641,1,0.559019644,63.0129607,59.5438641,0.428521111
23950,2395,0.526550116,1,1.17751479,0.514004879,68.3921693,58.2428844,1,0.513073012,68.3921693,58.2428844,0.425715085
23960,2396,0.525870385,1,1.17751479,0.521480603,69.647773,63.6223927,1,0.514328826,69.647773,63.6223927,0.424930551
23970,2397,0.520919234,1,1.13609467,0.521753377,64.0344931,64.6948035,1,0.495898409,64.0344931,64.6948035,0.439600252
23980,2398,0.515681165,1,1.13017751,0.51628998,63.4875249,58.744037,1,0.523415144,63.4875249,58.744037,0.459680858
23990,2399,0.521629614,1,1.18934911,0.516687726,69.4049573,58.737366,1,0.574740353,69.4049573,58.737366,0.455187399
24000,2400,0.531428036,1,1.19526627,0.518009385,68.7635446,64.5864647,1,0.644978203,68.7635446,64.5864647,0.452627874
24010,2401,0.531340177,1,1.14792899,0.510440321,63.2390943,63.4484103,1,0.671020177,63.2390943,63.4484103,0.433881057
24020,2402,0.53531539,1,1.26035503,0.514994351,65.0741456,58.1947839,1,0.5249618,65.0741456,58.1947839,0.428068482
24030,2403,0.514886656,1,1.18934911,0.516023703,70.3391887,60.5672448,1,0.513025644,70.3391887,60.5672448,0.444221606
24040,2404,0.515154985,1,1.12426036,0.512389242,67.8103058,65.7265748,1,0.506362457,67.8103058,65.7265748,0.441982719
24050,2405,0.506715744,1,1.13609467,0.510845522,62.5230964,62.8983815,1,0.476293688,62.5230964,62.8983815,0.461238754
24060,2406,0.5113359,1,1.13609467,0.515312508,65.4388009,58.035711,1,0.490928859,65.4388009,58.035711,0.43614026
24070,2407,0.512192954,1,1.18934911,0.521867469,70.1023742,61.2960406,1,0.54344639,70.1023742,61.2960406,0.437709645
24080,2408,0.538662471,1,1.19526627,0.521237934,66.1257095,65.43513,1,0.667252455,66.1257095,65.43513,0.441527223
24090,2409,0.52980828,1,1.21893491,0.509932339,62.6769543,60.7435697,1,0.550194503,62.6769543,60.7435697,0.447905381
24100,2410,0.526588224,1,1.20710059,0.519538932,67.5700053,57.8865255,1,0.499082084,67.5700053,57.8865255,0.435853583
24110,2411,0.521463876,1,1.17751479,0.514501899,70.5536821,62.7473687,1,0.494737905,70.5536821,62.7473687,0.438732196
24120,2412,0.525950269,1,1.17751479,0.521220423,65.7797224,65.4126398,1,0.514873247,65.7797224,65.4126398,0.420582591
24130,2413,0.511535519,1,1.14792899,0.51493893,63.0631284,60.1012275,1,0.483449011,63.0631284,60.1012275,0.458909072
24140,2414,0.511886175,1,1.13609467,0.515826309,68.4689406,57.8724016,1,0.509756163,68.4689406,57.8724016,0.449789368
24150,2415,0.52940074,1,1.15384615,0.519748427,69.9105705,63.5032312,1,0.622721912,69.9105705,63.5032312,0.447111293
24160,2416,0.530863812,1,1.13609467,0.513521797,64.089978,64.2713222,1,0.669975331,64.089978,64.2713222,0.451619445
24170,2417,0.532873922,1,1.22485207,0.51441812,64.2528371,58.4976444,1,0.542350195,64.2528371,58.4976444,0.444305712
24180,2418,0.524921101,1,1.21893491,0.513055661,69.8901459,58.9874655,1,0.516316567,69.8901459,58.9874655,0.435272983
24190,2419,0.519036745,1,1.14792899,0.515166427,69.1098201,64.6316968,1,0.508506858,69.1098201,64.6316968,0.438301282
24200,2420,0.516342398,1,1.12426036,0.515876341,63.4708,63.6285666,1,0.492504821,63.4708,63.6285666,0.440580694
24210,2421,0.515392245,1,1.11242604,0.520178431,64.4800305,58.011815,1,0.468704201,64.4800305,58.011815,0.438977058
24220,2422,0.512583339,1,1.14201183,0.517854026,70.0496573,59.5619222,1,0.537817531,70.0496573,59.5619222,0.444716355
24230,2423,0.53775363,1,1.18343195,0.521743778,67.420535,64.7847566,1,0.65526316,67.420535,64.7847566,0.449788141
24240,2424,0.526691994,1,1.15384615,0.506256359,62.4509116,61.6262796,1,0.630059108,62.4509116,61.6262796,0.452953057
24250,2425,0.533470855,1,1.21893491,0.516141595,66.1606639,57.3173671,1,0.527365893,66.1606639,57.3173671,0.437373741
24260,2426,0.519209428,1,1.19526627,0.511129309,70.4495781,61.2976392,1,0.504915725,70.4495781,61.2976392,0.450097628
24270,2427,0.530441323,1,1.19526627,0.516498188,66.9110916,65.2816629,1,0.52831943,66.9110916,65.2816629,0.409887647
24280,2428,0.521395764,1,1.19526627,0.523845036,62.8941466,61.4145534,1,0.492839738,62.8941466,61.4145534,0.428913465
24290,2429,0.51164873,1,1.15384615,0.517776935,67.178406,57.3761993,1,0.493918228,67.178406,57.3761993,0.452888057
24300,2430,0.527798164,1,1.21301775,0.521130272,70.3763274,62.2879717,1,0.598842147,70.3763274,62.2879717,0.450851985
24310,2431,0.528495493,1,1.15976331,0.513235504,64.9598519,64.816815,1,0.66299043,64.9598519,64.816815,0.459825385
24320,2432,0.534056289,1,1.14792899,0.512250912,63.1078769,59.3951504,1,0.646557041,63.1078769,59.3951504,0.440711223
24330,2433,0.531464061,1,1.24260355,0.514961405,68.5769219,58.1394592,1,0.522307457,68.5769219,58.1394592,0.43164207
24340,2434,0.522779091,1,1.15976331,0.515904386,69.4783679,63.6973945,1,0.506646064,69.4783679,63.6973945,0.433120304
24350,2435,0.520917056,1,1.15384615,0.520210769,63.9825389,64.6429529,1,0.498673057,63.9825389,64.6429529,0.428967506
24360,2436,0.516439541,1,1.13017751,0.519903685,63.2327995,59.009014,1,0.477267916,63.2327995,59.009014,0.437200461
24370,2437,0.519902169,1,1.14792899,0.521011969,69.0271222,58.7904446,1,0.541485306,69.0271222,58.7904446,0.44603412
24380,2438,0.514880311,1,1.17751479,0.511220481,68.5374287,64.8139372,1,0.602812073,68.5374287,64.8139372,0.464874243
24390,2439,0.541067595,1,1.21301775,0.517896449,62.9050378,63.3291449,1,0.646874894,62.9050378,63.3291449,0.44806247
24400,2440,0.534437313,1,1.19526627,0.513867057,64.9654932,57.932887,1,0.552030409,64.9654932,57.932887,0.444326998
24410,2441,0.538016813,1,1.25443787,0.513166005,70.0781077,59.973897,1,0.5320536,70.0781077,59.973897,0.423458216
24420,2442,0.518840294,1,1.17751479,0.51468492,67.5242089,65.0373934,1,0.509904044,67.5242089,65.0373934,0.436238598
24430,2443,0.514706401,1,1.18343195,0.516416725,62.4940118,62.1704565,1,0.500147282,62.4940118,62.1704565,0.445372064
24440,2444,0.509697712,1,1.06508876,0.512497685,65.6701285,57.1921771,1,0.503810539,65.6701285,57.1921771,0.454243523
24450,2445,0.51007096,1,1.15976331,0.514797365,70.4059792,60.6512652,1,0.513062164,70.4059792,60.6512652,0.451123327
24460,2446,0.526946916,1,1.13017751,0.519324256,66.3446837,64.8506069,1,0.624430799,66.3446837,64.8506069,0.449382164
24470,2447,0.532212428,1,1.17751479,0.516943126,62.6680859,60.5222704,1,0.670771548,62.6680859,60.5222704,0.436851759
24480,2448,0.533289325,1,1.27218935,0.515988801,67.5461006,57.5105042,1,0.521585712,67.5461006,57.5105042,0.440989769
24490,2449,0.517217234,1,1.15976331,0.509262099,70.1791077,62.6854616,1,0.50606471,70.1791077,62.6854616,0.446637076
24500,2450,0.517235223,1,1.15384615,0.515833989,64.8450597,64.9441052,1,0.514563999,64.8450597,64.9441052,0.445580137
24510,2451,0.511874561,1,1.13609467,0.510850823,62.538904,59.5432333,1,0.489353016,62.538904,59.5432333,0.451740693
24520,2452,0.516882637,1,1.12426036,0.519371137,67.9254372,57.7250151,1,0.498369041,67.9254372,57.7250151,0.437317384
24530,2453,0.507582257,1,1.18934911,0.517647406,69.597616,63.3655776,1,0.521974176,69.597616,63.3655776,0.452554397
24540,2454,0.513122991,1,1.1183432,0.515300192,63.9006674,64.2399795,1,0.596207091,63.9006674,64.2399795,0.443358629
24550,2455,0.536332447,1,1.15976331,0.514352326,64.0652891,58.4953511,1,0.644924039,64.0652891,58.4953511,0.442075896
24560,2456,0.526974611,1,1.20118343,0.510270944,69.6263987,59.3831539,1,0.523063182,69.6263987,59.3831539,0.433194644
24570,2457,0.518231312,1,1.17159763,0.517754363,68.216866,64.9451169,1,0.512923629,68.216866,64.9451169,0.441368327
24580,2458,0.509740168,1,1.13017751,0.508361602,62.4560348,63.4207342,1,0.513300498,62.4560348,63.4207342,0.458392604
24590,2459,0.504837075,1,1.10059172,0.511151509,64.1559725,57.723633,1,0.473887296,64.1559725,57.723633,0.45733179
24600,2460,0.512066008,1,1.13017751,0.51793649,69.3940368,59.5742413,1,0.497402504,69.3940368,59.5742413,0.427335691
24610,2461,0.514721929,1,1.15384615,0.520406852,66.9419695,64.7733889,1,0.562233869,66.9419695,64.7733889,0.442182397
24620,2462,0.536057068,1,1.15384615,0.519027843,62.18808,61.4924912,1,0.668336715,62.18808,61.4924912,0.444318208
24630,2463,0.533168125,1,1.18343195,0.511147552,66.1279528,57.2555911,1,0.563902186,66.1279528,57.2555911,0.445051156
24640,2464,0.52772653,1,1.22485207,0.520992703,69.7895538,61.5570768,1,0.5065491,69.7895538,61.5570768,0.434530975
24650,2465,0.515934374,1,1.18343195,0.515436982,65.3456383,65.3428706,1,0.502490992,65.3456383,65.3428706,0.449066218
24660,2466,0.524859303,1,1.18343195,0.518907107,61.8523268,61.2833535,1,0.506108889,61.8523268,61.2833535,0.411972481
24670,2467,0.515340911,1,1.14201183,0.519658001,66.5106679,57.7849174,1,0.489704673,66.5106679,57.7849174,0.448133522
24680,2468,0.514418825,1,1.14201183,0.517433613,69.7558867,62.5902924,1,0.512628162,69.7558867,62.5902924,0.446041588
24690,2469,0.523992585,1,1.15976331,0.521381967,64.4633448,65.1222967,1,0.599896592,64.4633448,65.1222967,0.451310027
24700,2470,0.541692723,1,1.17159763,0.518678575,62.7970454,59.5836862,1,0.652517814,62.7970454,59.5836862,0.444910467
24710,2471,0.533830121,1,1.20710059,0.509823162,68.4281127,58.4669128,1,0.589228829,68.4281127,58.4669128,0.441595427
24720,2472,0.527110713,1,1.19526627,0.517860929,68.9561491,64.0447359,1,0.509434331,68.9561491,64.0447359,0.430981628
24730,2473,0.518262357,1,1.19526627,0.512111843,63.2064018,64.4843384,1,0.521682469,63.2064018,64.4843384,0.443579077
24740,2474,0.516501016,1,1.15976331,0.516894701,63.132677,58.662922,1,0.496273359,63.132677,58.662922,0.44783717
24750,2475,0.51114707,1,1.08284024,0.512823839,69.1183777,58.8760074,1,0.495589295,69.1183777,58.8760074,0.460730178
24760,2476,0.508737714,1,1.15976331,0.515333745,68.4179358,64.6768223,1,0.532127172,68.4179358,64.6768223,0.449457746
24770,2477,0.527121505,1,1.16568047,0.521377198,62.842623,63.3206724,1,0.626658332,62.842623,63.3206724,0.441375306
24780,2478,0.541643017,1,1.18343195,0.520344988,65.1476261,57.9742385,1,0.625907869,65.1476261,57.9742385,0.447857454
24790,2479,0.536344017,1,1.22485207,0.512249634,70.1352103,60.5364913,1,0.547987343,70.1352103,60.5364913,0.431326124
24800,2480,0.519180746,1,1.20118343,0.513360833,66.9155802,65.275845,1,0.516110838,66.9155802,65.275845,0.440732924
24810,2481,0.51388343,1,1.15976331,0.514470904,62.2537885,61.7364838,1,0.508389637,62.2537885,61.7364838,0.450242398
24820,2482,0.508256781,1,1.10650888,0.510290244,65.9630783,57.0853124,1,0.484306573,65.9630783,57.0853124,0.457625893
24830,2483,0.512347577,1,1.06508876,0.514509549,70.2848523,60.8064081,1,0.478219049,70.2848523,60.8064081,0.438692812
24840,2484,0.519593661,1,1.16568047,0.522339028,66.2919808,64.8488934,1,0.541169354,66.2919808,64.8488934,0.437074118
24850,2485,0.514215176,1,1.14201183,0.516575626,62.393693,60.6500457,1,0.573650907,62.393693,60.6500457,0.440729422
24860,2486,0.542701031,1,1.17159763,0.519439226,67.4005565,57.6131793,1,0.632067421,67.4005565,57.6131793,0.450451708
24870,2487,0.528181516,1,1.24260355,0.512841924,69.7903162,62.8933963,1,0.525394011,69.7903162,62.8933963,0.44583306
24880,2488,0.524782484,1,1.23076923,0.516070027,64.4455326,64.8340518,1,0.514778684,64.4455326,64.8340518,0.437399894
24890,2489,0.519885052,1,1.17751479,0.516771217,62.6082741,59.2993066,1,0.49801853,62.6082741,59.2993066,0.448593616
24900,2490,0.517280564,1,1.13609467,0.516953472,68.0492802,57.5773174,1,0.48820663,68.0492802,57.5773174,0.438999628
24910,2491,0.513146987,1,1.14201183,0.520060645,69.4184401,63.2773442,1,0.496850679,69.4184401,63.2773442,0.450935285
24920,2492,0.511022658,1,1.17159763,0.516880566,63.6958838,64.2031212,1,0.550942912,63.6958838,64.2031212,0.445919792
24930,2493,0.538339102,1,1.19526627,0.521197348,63.6188109,58.4566788,1,0.661619987,63.6188109,58.4566788,0.442073785
24940,2494,0.533395948,1,1.20118343,0.514515297,69.4726186,59.1908776,1,0.572486476,69.4726186,59.1908776,0.453820809
24950,2495,0.530549893,1,1.25443787,0.510646863,68.3375622,64.6750251,1,0.524953007,68.3375622,64.6750251,0.430798263
24960,2496,0.521614099,1,1.21301775,0.517500603,62.7996125,63.1500996,1,0.507359092,62.7996125,63.1500996,0.441851166
24970,2497,0.51985497,1,1.15384615,0.515993405,64.2708219,57.6552247,1,0.496914981,64.2708219,57.6552247,0.43757067
24980,2498,0.516598456,1,1.0887574,0.516822694,69.6403486,59.5703326,1,0.493001913,69.6403486,59.5703326,0.438525338
24990,2499,0.513232856,1,1.13017751,0.520171656,67.3100151,64.9357418,1,0.517319204,67.3100151,64.9357418,0.449970872
25000,2500,0.529049791,1,1.17751479,0.522815061,62.209181,62.0424282,1,0.622348174,62.209181,62.0424282,0.451098409
25010,2501,0.537363967,1,1.15384615,0.516768196,65.8878603,57.417106,1,0.651683301,65.8878603,57.417106,0.454603583
25020,2502,0.532506694,1,1.28402367,0.513799696,69.8910253,61.572408,1,0.52714368,69.8910253,61.572408,0.443839252
25030,2503,0.521361587,1,1.21893491,0.512012203,65.5252354,65.2717347,1,0.505351997,65.5252354,65.2717347,0.440179758
25040,2504,0.523247358,1,1.18934911,0.515473744,62.0862765,60.9798517,1,0.514747268,62.0862765,60.9798517,0.423053832
25050,2505,0.512675571,1,1.10650888,0.512998856,66.9866359,57.5990979,1,0.506008088,66.9866359,57.5990979,0.457954148
25060,2506,0.512754087,1,1.1183432,0.511408272,70.0004775,62.7543346,1,0.517221535,70.0004775,62.7543346,0.459351913
25070,2507,0.507623622,1,1.15384615,0.512558006,64.6838296,65.4854989,1,0.526167999,64.6838296,65.4854989,0.459778721
25080,2508,0.524326251,1,1.17159763,0.518351072,62.6012325,60.1650364,1,0.602600017,62.6012325,60.1650364,0.439503027
25090,2509,0.53905679,1,1.18934911,0.517287549,68.2572993,58.8403007,1,0.656787794,68.2572993,58.8403007,0.446856318
25100,2510,0.53702032,1,1.23076923,0.51536788,69.0014223,64.4376675,1,0.54851191,69.0014223,64.4376675,0.434354815
25110,2511,0.525008205,1,1.21301775,0.517765028,63.235259,64.7117769,1,0.506695961,63.235259,64.7117769,0.444051916
25120,2512,0.519440465,1,1.18934911,0.516131073,63.12308,58.8768779,1,0.498625786,63.12308,58.8768779,0.448921329
25130,2513,0.514909028,1,1.12426036,0.513661465,69.0238736,58.904856,1,0.502656188,69.0238736,58.904856,0.453912299
25140,2514,0.514171502,1,1.11242604,0.5170626,68.640955,64.7416059,1,0.498067519,68.640955,64.7416059,0.449945927
25150,2515,0.517677269,1,1.17751479,0.517204755,62.8262148,63.8257733,1,0.551219734,62.8262148,63.8257733,0.452801619
25160,2516,0.526461501,1,1.18934911,0.516433783,64.5778336,58.1460843,1,0.637447335,64.5778336,58.1460843,0.45720423
25170,2517,0.536431846,1,1.17751479,0.512900069,69.79561,60.4971206,1,0.634489443,69.79561,60.4971206,0.440229647
25180,2518,0.532446289,1,1.24852071,0.519837955,66.7839298,65.2765465,1,0.521200803,66.7839298,65.2765465,0.434551594
25190,2519,0.524556922,1,1.20710059,0.514615323,62.0298119,62.1712103,1,0.514153559,62.0298119,62.1712103,0.436803545
25200,2520,0.51976844,1,1.20118343,0.519885505,65.4753682,57.5493901,1,0.503355559,65.4753682,57.5493901,0.443447229
25210,2521,0.517098547,1,1.17751479,0.516595712,70.0236479,60.8569114,1,0.483190638,70.0236479,60.8569114,0.432596025
25220,2522,0.516948197,1,1.1183432,0.523238328,66.3778314,65.1861698,1,0.494349299,66.3778314,65.1861698,0.435376838
25230,2523,0.516267117,1,1.15976331,0.518248514,62.1764271,61.1152921,1,0.557405545,62.1764271,61.1152921,0.450008836
25240,2524,0.531346347,1,1.17159763,0.518225828,66.8469779,57.5984791,1,0.645157848,66.8469779,57.5984791,0.449733764
25250,2525,0.538102101,1,1.17751479,0.516104836,69.577728,62.8516287,1,0.584593301,69.577728,62.8516287,0.455424745
25260,2526,0.532106569,1,1.24852071,0.510616033,64.3524371,65.1309083,1,0.555406384,64.3524371,65.1309083,0.438520783
25270,2527,0.523842192,1,1.19526627,0.516757907,62.565005,59.7734364,1,0.513594298,62.565005,59.7734364,0.434444613
25280,2528,0.515875932,1,1.15384615,0.513894124,68.1712694,58.1090484,1,0.505690828,68.1712694,58.1090484,0.449854594
25290,2529,0.51345286,1,1.12426036,0.513844075,69.6378545,63.8227312,1,0.479644232,69.6378545,63.8227312,0.453761681
25300,2530,0.510479005,1,1.08284024,0.515310242,63.9885471,65.0835426,1,0.489082076,63.9885471,65.0835426,0.445253203
25310,2531,0.527980712,1,1.17751479,0.523117132,63.6050462,59.3006016,1,0.600290128,63.6050462,59.3006016,0.445818703
25320,2532,0.523405839,1,1.15976331,0.512713567,69.4748931,59.5108812,1,0.664503012,69.4748931,59.5108812,0.451816324
25330,2533,0.5375813,1,1.17159763,0.510745617,68.3978023,65.079745,1,0.63194014,68.3978023,65.079745,0.436313011
25340,2534,0.534502677,1,1.21893491,0.51762235,63.1486009,63.4797827,1,0.520209249,63.1486009,63.4797827,0.422124767
25350,2535,0.522274935,1,1.17751479,0.515139978,64.9422421,58.168823,1,0.515797143,64.9422421,58.168823,0.431204733
25360,2536,0.515872104,1,1.13609467,0.517787034,70.3411305,60.4025348,1,0.506977691,70.3411305,60.4025348,0.449440571
25370,2537,0.510732871,1,1.09467456,0.510372333,67.6705234,65.8170034,1,0.520430993,67.6705234,65.8170034,0.464405277
25380,2538,0.498032303,1,1.0887574,0.50984889,62.4132701,63.0041133,1,0.488721024,62.4132701,63.0041133,0.458651628
25390,2539,0.517060878,1,1.1183432,0.517545311,65.761958,58.3578082,1,0.583333259,65.761958,58.3578082,0.440560838
25400,2540,0.536305066,1,1.19526627,0.517619888,69.9200316,62.3973211,1,0.658917202,69.9200316,62.3973211,0.445936559
25410,2541,0.537082904,1,1.23668639,0.517818972,65.4614461,65.8888968,1,0.524969797,65.4614461,65.8888968,0.435618894
25420,2542,0.525049211,1,1.20710059,0.510844223,62.1632623,61.2049414,1,0.507449218,62.1632623,61.2049414,0.440665547
25430,2543,0.522100499,1,1.18934911,0.519605678,67.0085766,58.2767505,1,0.5087532,67.0085766,58.2767505,0.435491779
25440,2544,0.511116376,1,1.1183432,0.517332131,69.9406131,63.3641722,1,0.491590404,69.9406131,63.3641722,0.45168126
25450,2545,0.506880848,1,1.0887574,0.51360645,64.8824097,66.0994701,1,0.473307313,64.8824097,66.0994701,0.442339637
25460,2546,0.526976076,1,1.13017751,0.523583355,62.6564388,60.9407829,1,0.563144813,62.6564388,60.9407829,0.432188593
25470,2547,0.51539935,1,1.11242604,0.51575355,68.2148269,59.0487077,1,0.597354778,68.2148269,59.0487077,0.451661151
25480,2548,0.539787988,1,1.15976331,0.516764151,69.0127714,64.7316552,1,0.636493591,69.0127714,64.7316552,0.441437989
25490,2549,0.528787155,1,1.21893491,0.51722784,63.3455851,64.8563697,1,0.504845915,63.3455851,64.8563697,0.436042951
25500,2550,0.521011205,1,1.19526627,0.516397067,63.4935849,59.0863109,1,0.510178791,63.4935849,59.0863109,0.443996656
25510,2551,0.511781525,1,1.14792899,0.513305077,69.4443257,59.447032,1,0.499091036,69.4443257,59.447032,0.458589528
25520,2552,0.511450286,1,1.10059172,0.510131202,68.8849353,65.3663558,1,0.501600481,68.8849353,65.3663558,0.457361302
25530,2553,0.511267382,1,1.13017751,0.517853985,63.1254839,64.4524871,1,0.498743527,63.1254839,64.4524871,0.448577217
25540,2554,0.519236837,1,1.13609467,0.520643798,64.6241612,58.8354204,1,0.580115515,64.6241612,58.8354204,0.447196868
25550,2555,0.543810279,1,1.21893491,0.523396446,69.8847991,61.4135928,1,0.651642352,69.8847991,61.4135928,0.450649004
25560,2556,0.528062658,1,1.21301775,0.507217,66.8267721,66.4263835,1,0.560582574,66.8267721,66.4263835,0.451687175
25570,2557,0.527244104,1,1.21301775,0.516828656,62.4721082,62.9363344,1,0.515468726,62.4721082,62.9363344,0.429279986
25580,2558,0.523574831,1,1.19526627,0.519083472,66.0363939,58.5344787,1,0.51486388,66.0363939,58.5344787,0.43568939
25590,2559,0.523665642,1,1.18343195,0.520105152,70.3649251,62.0199172,1,0.495322213,70.3649251,62.0199172,0.427490704
25600,2560,0.51246991,1,1.13609467,0.5184563,66.3571733,66.1669033,1,0.512167279,66.3571733,66.1669033,0.443623917
25610,2561,0.512232488,1,1.16568047,0.512869326,62.5085118,61.5438084,1,0.575400438,62.5085118,61.5438084,0.462724128
25620,2562,0.528973392,1,1.16568047,0.513178927,67.5982245,58.4775903,1,0.649125149,67.5982245,58.4775903,0.457073717
25630,2563,0.530805258,1,1.15976331,0.510775497,70.1162242,63.613988,1,0.668860138,70.1162242,63.613988,0.440030282
25640,2564,0.537943326,1,1.20118343,0.517060809,64.752643,65.4627101,1,0.531977737,64.752643,65.4627101,0.436403922
25650,2565,0.526774397,1,1.18934911,0.516003798,63.1930126,60.0430147,1,0.515506918,63.1930126,60.0430147,0.433818503
25660,2566,0.522595152,1,1.17751479,0.519106741,68.6101016,58.631868,1,0.509634702,68.6101016,58.631868,0.430605658
25670,2567,0.516103821,1,1.12426036,0.515440737,69.7179246,64.3980172,1,0.512680735,69.7179246,64.3980172,0.451661944
25680,2568,0.508000903,1,1.13017751,0.51019744,63.7118754,65.2054154,1,0.494464858,63.7118754,65.2054154,0.466159672
25690,2569,0.511659343,1,1.14792899,0.514448104,63.3284609,59.3057228,1,0.527588458,63.3284609,59.3057228,0.454779868
25700,2570,0.525678133,1,1.16568047,0.517508719,69.1622671,59.7349987,1,0.638466664,69.1622671,59.7349987,0.449967607
25710,2571,0.533879478,1,1.16568047,0.511906067,68.1569004,65.3006147,1,0.663398925,68.1569004,65.3006147,0.435053171
25720,2572,0.540258562,1,1.26627219,0.525171274,62.983296,63.5727789,1,0.512743039,62.983296,63.5727789,0.419577129
25730,2573,0.525931961,1,1.18934911,0.514370588,64.6893439,58.2228701,1,0.513357855,64.6893439,58.2228701,0.43194978
25740,2574,0.521508173,1,1.15384615,0.519458782,69.9630537,60.3287755,1,0.506944539,69.9630537,60.3287755,0.436817788
25750,2575,0.51371183,1,1.13609467,0.515702652,67.6037036,65.7521721,1,0.505407817,67.6037036,65.7521721,0.454951485
25760,2576,0.513748749,1,1.13017751,0.515979923,62.336016,62.902082,1,0.534400305,62.336016,62.902082,0.46071431
25770,2577,0.517027046,1,1.18343195,0.511748566,65.7253981,57.9696245,1,0.58429718,65.7253981,57.9696245,0.460364198
25780,2578,0.531925156,1,1.14792899,0.519789708,70.0650431,61.8570571,1,0.663314401,70.0650431,61.8570571,0.448169524
25790,2579,0.542319886,1,1.20118343,0.517666244,65.9812996,65.676018,1,0.6266748,65.9812996,65.676018,0.43009166
25800,2580,0.534940563,1,1.23668639,0.510200335,62.4679726,61.3221579,1,0.54821581,62.4679726,61.3221579,0.430353953
25810,2581,0.526559381,1,1.23668639,0.521921361,67.2376626,58.35087,1,0.517990398,67.2376626,58.35087,0.432267271
25820,2582,0.511662333,1,1.10650888,0.515115363,70.4243226,63.3636354,1,0.498755856,70.4243226,63.3636354,0.456916721
25830,2583,0.510669033,1,1.06508876,0.515694602,65.4746424,66.2613454,1,0.48220639,65.4746424,66.2613454,0.441192958
25840,2584,0.516203574,1,1.18343195,0.520742736,62.9708284,61.0496805,1,0.53313042,62.9708284,61.0496805,0.444762658
25850,2585,0.514598395,1,1.15976331,0.512666123,68.634303,59.1876457,1,0.610157315,68.634303,59.1876457,0.458593931
25860,2586,0.531923122,1,1.14201183,0.513513213,69.2723606,65.0411057,1,0.641491043,69.2723606,65.0411057,0.452933312
25870,2587,0.525991577,1,1.23076923,0.514945636,63.5059833,64.8481565,1,0.519313722,63.5059833,64.8481565,0.443815735
25880,2588,0.518197178,1,1.19526627,0.511032769,64.059748,59.0502359,1,0.512761079,64.059748,59.0502359,0.44802353
25890,2589,0.512782015,1,1.15384615,0.510528824,69.8962437,59.8256633,1,0.499113445,69.8962437,59.8256633,0.452906258
25900,2590,0.517280765,1,1.11242604,0.516465282,69.0215197,65.3260526,1,0.484119437,69.0215197,65.3260526,0.428423723
25910,2591,0.516706943,1,1.13609467,0.523895351,63.4766434,64.2319747,1,0.494566537,63.4766434,64.2319747,0.434752601
25920,2592,0.522217478,1,1.16568047,0.519677283,65.3118135,58.6236198,1,0.58747302,65.3118135,58.6236198,0.453921075
25930,2593,0.533900499,1,1.17751479,0.515283145,70.5568319,61.4640547,1,0.656361409,70.5568319,61.4640547,0.458827222
25940,2594,0.534768469,1,1.27810651,0.518645318,67.040537,66.0827487,1,0.530554891,67.040537,66.0827487,0.446529442
25950,2595,0.52248917,1,1.23076923,0.511648175,62.5746344,62.4405086,1,0.513844602,62.5746344,62.4405086,0.443294544
25960,2596,0.526657185,1,1.18934911,0.516644693,66.3003635,58.3239011,1,0.51167073,66.3003635,58.3239011,0.427096392
25970,2597,0.520295853,1,1.17159763,0.520250353,70.3995172,62.1551764,1,0.491940773,70.3995172,62.1551764,0.431604495
25980,2598,0.523665305,1,1.14792899,0.523289196,66.6547182,66.0385229,1,0.498939112,66.6547182,66.0385229,0.414984846
25990,2599,0.507169085,1,1.13609467,0.512750174,62.674595,61.5264356,1,0.516793977,62.674595,61.5264356,0.462820738
26000,2600,0.52587083,1,1.16568047,0.518883425,67.6644864,58.384768,1,0.618897252,67.6644864,58.384768,0.453579394
26010,2601,0.535478468,1,1.17159763,0.514598246,70.1583306,63.5947662,1,0.663219335,70.1583306,63.5947662,0.44431544
26020,2602,0.536134675,1,1.26627219,0.519575329,64.6400629,65.2496576,1,0.52561199,64.6400629,65.2496576,0.443159342
26030,2603,0.525294652,1,1.17751479,0.510016211,63.216921,59.6303531,1,0.519030212,63.216921,59.6303531,0.44590123
26040,2604,0.525024577,1,1.21301775,0.51812982,68.6777597,58.5286499,1,0.512469829,68.6777597,58.5286499,0.428527885
26050,2605,0.516361981,1,1.13609467,0.5165598,69.630055,64.2703345,1,0.492589768,69.630055,64.2703345,0.447701608
26060,2606,0.514336181,1,1.12426036,0.518177204,63.8402728,64.8588875,1,0.48020843,63.8402728,64.8588875,0.447663043
26070,2607,0.52377505,1,1.15976331,0.519778711,63.8614917,58.9929334,1,0.572502725,63.8614917,58.9929334,0.451230189
26080,2608,0.525432402,1,1.13609467,0.514860434,69.8793897,59.9444692,1,0.653242193,69.8793897,59.9444692,0.468666223
26090,2609,0.533817912,1,1.18934911,0.511836256,68.405599,65.4671086,1,0.661514421,68.405599,65.4671086,0.439685242
26100,2610,0.532462111,1,1.19526627,0.517984811,63.1786491,63.1345112,1,0.530091183,63.1786491,63.1345112,0.440293175
26110,2611,0.535073704,1,1.24852071,0.514299363,65.265824,58.090833,1,0.514376847,65.265824,58.090833,0.419882973
26120,2612,0.526145459,1,1.23668639,0.519614825,70.2430269,60.3549345,1,0.5178019,70.2430269,60.3549345,0.420613132
26130,2613,0.520691548,1,1.17159763,0.520710996,67.825567,65.3155073,1,0.49650914,67.825567,65.3155073,0.424482944
26140,2614,0.517472052,1,1.14201183,0.518309468,62.8746021,62.2051759,1,0.526293721,62.8746021,62.2051759,0.449761378
26150,2615,0.515015914,1,1.20118343,0.514100595,66.6564778,57.5430585,1,0.583035263,66.6564778,57.5430585,0.461781491
26160,2616,0.53524546,1,1.18343195,0.513705341,70.5886691,62.1146604,1,0.665535073,70.5886691,62.1146604,0.463851075
26170,2617,0.531443205,1,1.17159763,0.507625467,65.8820018,65.3966184,1,0.656183866,65.8820018,65.3966184,0.441380066
26180,2618,0.534641528,1,1.25443787,0.515208992,63.1807553,60.499986,1,0.51932855,63.1807553,60.499986,0.430176388
26190,2619,0.52004385,1,1.19526627,0.513814558,68.3702409,57.9870912,1,0.514649807,68.3702409,57.9870912,0.443529427
26200,2620,0.522200252,1,1.16568047,0.516724416,70.7824931,62.9659224,1,0.500233658,70.7824931,62.9659224,0.425571112
26210,2621,0.521547372,1,1.18343195,0.522642228,65.5457769,65.2063374,1,0.497056199,65.5457769,65.2063374,0.438141959
26220,2622,0.513754011,1,1.15384615,0.515289178,63.6261105,59.5649215,1,0.53787135,63.6261105,59.5649215,0.458391142
26230,2623,0.521675943,1,1.15384615,0.512412616,69.7141115,58.6632026,1,0.64094189,69.7141115,58.6632026,0.473416717
26240,2624,0.529158935,1,1.20118343,0.50888972,69.6576408,64.6729946,1,0.631939798,69.6576408,64.6729946,0.462312096
26250,2625,0.527793937,1,1.23668639,0.508121075,63.9122623,63.9833825,1,0.55249896,63.9122623,63.9833825,0.445124404
26260,2626,0.533452445,1,1.20710059,0.518749427,64.9620302,58.6059266,1,0.522662676,64.9620302,58.6059266,0.421458758
26270,2627,0.529600633,1,1.20118343,0.517976139,70.4363619,59.474515,1,0.514109128,70.4363619,59.474515,0.426370078
26280,2628,0.523224156,1,1.20710059,0.522114574,69.4309087,64.9398745,1,0.491229556,69.4309087,64.9398745,0.427467362
26290,2629,0.519990718,1,1.15384615,0.520700531,63.9426571,63.6902964,1,0.49600954,63.9426571,63.6902964,0.43297752
26300,2630,0.513012637,1,1.16568047,0.512729801,66.0139575,58.0716927,1,0.544865091,66.0139575,58.0716927,0.460633686
26310,2631,0.509612094,1,1.15384615,0.51571222,71.2498666,60.3962402,1,0.546549939,71.2498666,60.3962402,0.440670987
26320,2632,0.53469013,1,1.15976331,0.520885342,68.2128229,65.2339172,1,0.661156117,68.2128229,65.2339172,0.439383327
26330,2633,0.538857783,1,1.28402367,0.52161758,63.9445087,61.4581862,1,0.530710348,63.9445087,61.4581862,0.438357959
26340,2634,0.519731983,1,1.16568047,0.508423826,68.056877,57.3189343,1,0.518340854,68.056877,57.3189343,0.448831352
26350,2635,0.514494112,1,1.15384615,0.5109633,71.8000208,61.9191891,1,0.503909504,71.8000208,61.9191891,0.456209429
26360,2636,0.509090162,1,1.1183432,0.510188511,67.0646194,65.6121741,1,0.487645232,67.0646194,65.6121741,0.461936779
26370,2637,0.510276818,1,1.10650888,0.517698674,63.6212858,61.1150238,1,0.470020471,63.6212858,61.1150238,0.435692381
26380,2638,0.519172808,1,1.14201183,0.522838369,68.4948496,58.2081082,1,0.562611225,68.4948496,58.2081082,0.436512419
26390,2639,0.517324847,1,1.13609467,0.511482385,70.9298396,63.5703269,1,0.62940057,70.9298396,63.5703269,0.453014657
26400,2640,0.540269429,1,1.20118343,0.516935078,65.3303477,65.0271474,1,0.617340302,65.3303477,65.0271474,0.445069207
26410,2641,0.537183536,1,1.20118343,0.511608803,64.2464812,59.5437003,1,0.57636806,64.2464812,59.5437003,0.429964623
26420,2642,0.527424243,1,1.21301775,0.520595169,69.8172399,58.9618966,1,0.499868271,69.8172399,58.9618966,0.430850594
26430,2643,0.518668685,1,1.16568047,0.513965565,70.4033842,64.7515192,1,0.510880522,70.4033842,64.7515192,0.447632139
26440,2644,0.517730867,1,1.15384615,0.519980725,64.6673555,65.00389,1,0.493261011,64.6673555,65.00389,0.441659836
26450,2645,0.513443716,1,1.13017751,0.514478572,64.8938511,59.0109465,1,0.536875875,64.8938511,59.0109465,0.46132477
26460,2646,0.517746669,1,1.20710059,0.514772747,70.7651287,59.8854555,1,0.581981658,70.7651287,59.8854555,0.456619081
26470,2647,0.532326009,1,1.18934911,0.516281217,69.1724267,65.4986606,1,0.661310283,69.1724267,65.4986606,0.448829983
26480,2648,0.539030723,1,1.20118343,0.515634856,63.864677,63.3368672,1,0.621524369,63.864677,63.3368672,0.440854186
26490,2649,0.539536493,1,1.21301775,0.512769223,66.2520127,58.3544169,1,0.562866415,66.2520127,58.3544169,0.424989961
26500,2650,0.525539352,1,1.17751479,0.519659607,71.0142418,61.338717,1,0.509400255,71.0142418,61.338717,0.432310932
26510,2651,0.522249327,1,1.18343195,0.518605434,68.0451382,66.1544742,1,0.504064265,68.0451382,66.1544742,0.435190864
26520,2652,0.515194837,1,1.14201183,0.518823935,63.2233841,62.9468755,1,0.496803339,63.2233841,62.9468755,0.445476955
26530,2653,0.510578298,1,1.08284024,0.514664349,66.8285783,58.2613492,1,0.506220183,66.8285783,58.2613492,0.454768176
26540,2654,0.520721339,1,1.15384615,0.516552299,70.9581727,62.5222711,1,0.592058794,70.9581727,62.5222711,0.456439823
26550,2655,0.525102614,1,1.17159763,0.515593041,66.3455327,66.0853239,1,0.653647772,66.3455327,66.0853239,0.448348672
26560,2656,0.542177769,1,1.20710059,0.520245581,63.4949882,61.1541343,1,0.575978888,63.4949882,61.1541343,0.438139115
26570,2657,0.527167892,1,1.21893491,0.512478395,68.6985732,58.7822691,1,0.518057698,68.6985732,58.7822691,0.439896721
26580,2658,0.519811444,1,1.20710059,0.515926975,70.7026197,64.1960116,1,0.51291684,70.7026197,64.1960116,0.444058808
26590,2659,0.516901789,1,1.13017751,0.512436085,65.2533023,66.2225566,1,0.495763941,65.2533023,66.2225566,0.447226463
26600,2660,0.518168751,1,1.13017751,0.520792699,63.6409845,60.7842363,1,0.49374665,63.6409845,60.7842363,0.436330149
26610,2661,0.505623527,1,1.10059172,0.515290759,69.3146747,59.1732204,1,0.480926706,69.3146747,59.1732204,0.453690539
26620,2662,0.524056814,1,1.17159763,0.521713539,69.9765765,64.8658269,1,0.600415832,69.9765765,64.8658269,0.440842943
26630,2663,0.530697273,1,1.17751479,0.512244535,63.9757967,64.5702817,1,0.653983747,63.9757967,64.5702817,0.462157954
26640,2664,0.53796815,1,1.23668639,0.516854241,65.0078888,59.088031,1,0.553695108,65.0078888,59.088031,0.429119689
26650,2665,0.527293438,1,1.21893491,0.51421572,70.6102549,60.386426,1,0.520410063,70.6102549,60.386426,0.442373479
26660,2666,0.52805408,1,1.18343195,0.520065341,69.2128362,65.679867,1,0.514665343,69.2128362,65.679867,0.421137488
26670,2667,0.518104544,1,1.17159763,0.520197814,63.7044881,64.1655592,1,0.489951839,63.7044881,64.1655592,0.439439033
26680,2668,0.516417391,1,1.14201183,0.516520499,65.6448259,58.7069224,1,0.506266859,65.6448259,58.7069224,0.445633826
26690,2669,0.514679973,1,1.18934911,0.510797354,70.9702527,61.5693555,1,0.569795322,70.9702527,61.5693555,0.465074235
26700,2670,0.50696805,1,1.17159763,0.513653826,68.1628763,66.4763898,1,0.552393508,68.1628763,66.4763898,0.434872955
26710,2671,0.539456345,1,1.14792899,0.518239623,63.7027141,62.8254729,1,0.663034391,63.7027141,62.8254729,0.443374907
26720,2672,0.534847067,1,1.29585799,0.520534719,67.9149968,59.0155542,1,0.532330574,67.9149968,59.0155542,0.436898741
26730,2673,0.521058982,1,1.21301775,0.50723712,71.6342869,63.4058444,1,0.508573509,71.6342869,63.4058444,0.442610381
26740,2674,0.517329654,1,1.15384615,0.512787793,66.810348,66.6931522,1,0.504528902,66.810348,66.6931522,0.449040917
26750,2675,0.505860922,1,1.08284024,0.508575805,63.4420249,61.6864947,1,0.477699883,63.4420249,61.6864947,0.464173373
26760,2676,0.507833099,1,1.1183432,0.518601124,68.1692676,58.7098853,1,0.471023818,68.1692676,58.7098853,0.429717306
26770,2677,0.522684824,1,1.18343195,0.52707919,70.5757729,63.7263365,1,0.577916686,70.5757729,63.7263365,0.427985856
26780,2678,0.517036383,1,1.13017751,0.510102774,65.0690276,65.7227889,1,0.639793078,65.0690276,65.7227889,0.450575345
26790,2679,0.535980933,1,1.21893491,0.517828577,64.2934429,59.9581632,1,0.558606958,64.2934429,59.9581632,0.447428164
26800,2680,0.531142877,1,1.22485207,0.512058462,69.841317,59.5379806,1,0.523222915,69.841317,59.5379806,0.427981781
26810,2681,0.522275473,1,1.18934911,0.518100255,69.8545511,65.1785061,1,0.503289016,69.8545511,65.1785061,0.433887771
26820,2682,0.518228581,1,1.14792899,0.515378527,64.0971924,65.1680433,1,0.503533035,64.0971924,65.1680433,0.442874479
26830,2683,0.517949989,1,1.13017751,0.520353586,64.4532945,59.4235717,1,0.49233589,64.4532945,59.4235717,0.44273065
26840,2684,0.51829898,1,1.15384615,0.517658272,70.3228688,60.3538152,1,0.551909875,70.3228688,60.3538152,0.457140939
26850,2685,0.519548855,1,1.18343195,0.51396325,68.6382797,66.0543518,1,0.619400837,68.6382797,66.0543518,0.457249031
26860,2686,0.537546664,1,1.15384615,0.515226686,63.4061245,63.6944726,1,0.659358357,63.4061245,63.6944726,0.441517539
26870,2687,0.536538404,1,1.24852071,0.518245178,66.4296905,58.8143257,1,0.547339965,66.4296905,58.8143257,0.4416067
26880,2688,0.535994065,1,1.23668639,0.510837263,71.0355474,61.7181847,1,0.531517588,71.0355474,61.7181847,0.418834073
26890,2689,0.52568918,1,1.21893491,0.521872621,67.5623339,66.0613433,1,0.509743994,67.5623339,66.0613433,0.42777973
26900,2690,0.519628064,1,1.12426036,0.517452416,63.0297899,62.4872713,1,0.501960966,63.0297899,62.4872713,0.444013072
26910,2691,0.516043328,1,1.14201183,0.516865514,67.0392316,58.1499334,1,0.501688228,67.0392316,58.1499334,0.454355143
26920,2692,0.508849056,1,1.10059172,0.511811933,71.1448762,62.4849096,1,0.513955852,71.1448762,62.4849096,0.459278673
26930,2693,0.519648431,1,1.16568047,0.520235658,66.5347286,65.965996,1,0.600088979,66.5347286,65.965996,0.444369267
26940,2694,0.527936759,1,1.15384615,0.515454609,63.4936955,61.1351503,1,0.6588677,63.4936955,61.1351503,0.43910177
26950,2695,0.535261907,1,1.21893491,0.512995402,68.7793164,58.9608236,1,0.546158742,68.7793164,58.9608236,0.439644055
26960,2696,0.520535638,1,1.20710059,0.51705724,70.3612338,64.5015598,1,0.510597181,70.3612338,64.5015598,0.443241295
26970,2697,0.512976747,1,1.17159763,0.507153319,64.5800032,65.9296208,1,0.516136683,64.5800032,65.9296208,0.458076667
26980,2698,0.511643409,1,1.1183432,0.513072671,63.378835,60.1680838,1,0.481661136,63.378835,60.1680838,0.452724254
26990,2699,0.516988406,1,1.11242604,0.517083656,68.8259791,59.0196241,1,0.465884306,68.8259791,59.0196241,0.428222821
27000,2700,0.518782438,1,1.18934911,0.525014105,69.5038635,64.6752898,1,0.520723052,69.5038635,64.6752898,0.438165099
27010,2701,0.509880572,1,1.11242604,0.513497376,63.608053,64.858489,1,0.5888169,63.608053,64.858489,0.453742779
27020,2702,0.539599123,1,1.21301775,0.515790103,64.7211567,59.2180524,1,0.629384511,64.7211567,59.2180524,0.44224765
27030,2703,0.529698513,1,1.22485207,0.514642475,70.0917873,60.8906939,1,0.519711759,70.0917873,60.8906939,0.432697621
27040,2704,0.51641386,1,1.21893491,0.512153717,67.8432316,66.2480725,1,0.507982766,67.8432316,66.2480725,0.446932402
27050,2705,0.510656364,1,1.17751479,0.510386478,62.5158005,63.6453377,1,0.510077523,62.5158005,63.6453377,0.456094501
27060,2706,0.510581109,1,1.12426036,0.512648516,65.2597896,58.4801534,1,0.47289497,65.2597896,58.4801534,0.449908634
27070,2707,0.510162576,1,1.13609467,0.514498675,70.1192033,61.5470145,1,0.498850789,70.1192033,61.5470145,0.442020233
27080,2708,0.51538376,1,1.15384615,0.520890684,66.6316694,66.0019801,1,0.571990039,66.6316694,66.0019801,0.435207976
27090,2709,0.538523368,1,1.15384615,0.521062533,62.6410725,62.0394319,1,0.672236617,62.6410725,62.0394319,0.432596758
27100,2710,0.533819493,1,1.26035503,0.510613592,67.23081,58.5940428,1,0.547006121,67.23081,58.5940428,0.441463383
27110,2711,0.524199754,1,1.19526627,0.519659201,70.055817,63.5029396,1,0.495383339,70.055817,63.5029396,0.435672182
27120,2712,0.51744148,1,1.13609467,0.511575912,65.0935453,66.4555683,1,0.50549602,65.0935453,66.4555683,0.444174364
27130,2713,0.517912919,1,1.14201183,0.51655178,62.5032611,61.2839489,1,0.502565248,62.5032611,61.2839489,0.444926823
27140,2714,0.5058524,1,1.08284024,0.511056993,67.7922353,58.6510684,1,0.456857062,67.7922353,58.6510684,0.454467025
27150,2715,0.513870665,1,1.14792899,0.52471111,69.9076993,63.768849,1,0.501064607,69.9076993,63.768849,0.425982097
27160,2716,0.525515909,1,1.15976331,0.519230322,64.2070443,65.2491271,1,0.633487342,64.2070443,65.2491271,0.45305466
27170,2717,0.52714577,1,1.17159763,0.509746868,63.9694367,59.2244775,1,0.599223536,63.9694367,59.2244775,0.463794869
27180,2718,0.530697034,1,1.24260355,0.51601103,69.5887423,59.8028097,1,0.518093352,69.5887423,59.8028097,0.434537531
27190,2719,0.526201732,1,1.23076923,0.510994584,68.9968208,65.448595,1,0.518984001,68.9968208,65.448595,0.436671536
27200,2720,0.522341521,1,1.18343195,0.51804848,63.4950044,64.5904832,1,0.510484942,63.4950044,64.5904832,0.428333357
27210,2721,0.518690308,1,1.16568047,0.51806881,64.4822099,58.9521479,1,0.486298001,64.4822099,58.9521479,0.440315908
27220,2722,0.513659729,1,1.15384615,0.514773008,70.2214563,60.5811418,1,0.523343693,70.2214563,60.5811418,0.4589193
27230,2723,0.515469969,1,1.15976331,0.510192228,67.7738059,66.0588279,1,0.594134591,67.7738059,66.0588279,0.461513062
27240,2724,0.52927494,1,1.14201183,0.516610639,62.7913898,63.0523955,1,0.666921558,62.7913898,63.0523955,0.44763088
27250,2725,0.538026933,1,1.17159763,0.516077708,66.2755535,58.5691324,1,0.606005764,66.2755535,58.5691324,0.436764899
27260,2726,0.533662412,1,1.20710059,0.516633864,70.3161106,62.4325845,1,0.516946665,70.3161106,62.4325845,0.430029338
27270,2727,0.519059878,1,1.17751479,0.51500521,66.226901,66.43321,1,0.50917773,66.226901,66.43321,0.440055398
27280,2728,0.522108163,1,1.17159763,0.519204399,62.4337427,62.3317836,1,0.501951702,62.4337427,62.3317836,0.42973604
27290,2729,0.512368408,1,1.1183432,0.51644507,66.8141762,58.5175722,1,0.476397486,66.8141762,58.5175722,0.446792689
27300,2730,0.521195535,1,1.19526627,0.52385558,69.9506672,63.3330986,1,0.559377342,69.9506672,63.3330986,0.442069299
27310,2731,0.511932426,1,1.14201183,0.507446535,64.5298497,66.0479076,1,0.629821233,64.5298497,66.0479076,0.466355953
27320,2732,0.539676551,1,1.18343195,0.515445575,62.8690097,60.5126154,1,0.651076131,62.8690097,60.5126154,0.444545174
27330,2733,0.538011599,1,1.18343195,0.508400137,68.2774732,59.0874604,1,0.645375952,68.2774732,59.0874604,0.43023692
27340,2734,0.538260474,1,1.23076923,0.52120532,69.0988024,64.5101369,1,0.508344174,69.0988024,64.5101369,0.421886452
27350,2735,0.521904365,1,1.20710059,0.517757825,63.458102,65.3022501,1,0.510211846,63.458102,65.3022501,0.438157415
27360,2736,0.517061229,1,1.15384615,0.517145477,63.0942217,59.4374417,1,0.511472052,63.0942217,59.4374417,0.452006618
27370,2737,0.503983846,1,1.10059172,0.506965472,69.2609411,59.3875095,1,0.513945736,69.2609411,59.3875095,0.474378582
27380,2738,0.503560668,1,1.12426036,0.50650674,69.0222207,65.3223531,1,0.509722469,69.0222207,65.3223531,0.456895598
27390,2739,0.510739793,1,1.13609467,0.516239911,63.4207908,64.7158368,1,0.554451886,63.4207908,64.7158368,0.433397742
27400,2740,0.530188954,1,1.13609467,0.514948784,64.8156784,59.2288701,1,0.662357058,64.8156784,59.2288701,0.435499538
27410,2741,0.536464337,1,1.22485207,0.515927624,69.9389314,61.328265,1,0.539300717,69.9389314,61.328265,0.425900925
27420,2742,0.519951531,1,1.20710059,0.515383303,67.2399877,66.3940667,1,0.511963459,67.2399877,66.3940667,0.441532053
27430,2743,0.511462655,1,1.14201183,0.509634681,62.2108905,63.4103328,1,0.51130468,62.2108905,63.4103328,0.449815784
27440,2744,0.513672576,1,1.13609467,0.513677433,65.4468039,58.5469505,1,0.497175765,65.4468039,58.5469505,0.449349449
27450,2745,0.514248875,1,1.13017751,0.514838725,70.0925435,62.1326078,1,0.522756781,70.0925435,62.1326078,0.451426634
27460,2746,0.503601274,1,1.20710059,0.513954284,66.379278,66.6347133,1,0.502025881,66.379278,66.6347133,0.448912522
27470,2747,0.518478238,1,1.14201183,0.51782122,62.5304789,62.423003,1,0.599972812,62.5304789,62.423003,0.438878065
27480,2748,0.537895362,1,1.18343195,0.512701408,67.3737417,59.2562601,1,0.616263912,67.3737417,59.2562601,0.445127836
27490,2749,0.530554438,1,1.25443787,0.519268783,69.8186767,64.415772,1,0.507932874,69.8186767,64.415772,0.439191504
27500,2750,0.518371638,1,1.20710059,0.515668964,64.4013181,66.6802733,1,0.505047175,64.4013181,66.6802733,0.451661892
27510,2751,0.513244913,1,1.17751479,0.510926578,62.2176193,61.2274729,1,0.493944172,62.2176193,61.2274729,0.451831072
27520,2752,0.51231123,1,1.15384615,0.514283465,67.5615712,59.2418942,1,0.475966415,67.5615712,59.2418942,0.438531342
27530,2753,0.523766531,1,1.16568047,0.524221599,69.0879583,64.6728893,1,0.534400822,69.0879583,64.6728893,0.433955014
27540,2754,0.523327464,1,1.15384615,0.517382571,63.2770988,65.6722283,1,0.60859486,63.2770988,65.6722283,0.453551187
27550,2755,0.519192731,1,1.10650888,0.512408177,62.7892857,59.9170688,1,0.626499412,62.7892857,59.9170688,0.44429202
27560,2756,0.536141219,1,1.19526627,0.515614355,68.5733444,60.5113186,1,0.560342106,68.5733444,60.5113186,0.447269609
27570,2757,0.523676401,1,1.20710059,0.511436759,67.5697248,66.0127533,1,0.509369367,67.5697248,66.0127533,0.430171536
27580,2758,0.519213437,1,1.17751479,0.516888736,62.0058756,64.5823757,1,0.51027014,62.0058756,64.5823757,0.441905485
27590,2759,0.509769111,1,1.14792899,0.509064763,63.8368121,58.9078654,1,0.502674758,63.8368121,58.9078654,0.458660226
27600,2760,0.51115639,1,1.15384615,0.512786242,69.3241214,60.9853177,1,0.486727702,69.3241214,60.9853177,0.451338385
27610,2761,0.501774744,1,1.15976331,0.513039146,67.1339877,66.3468874,1,0.481349441,67.1339877,66.3468874,0.445510911
27620,2762,0.517020183,1,1.13017751,0.518007137,62.2862084,63.4769833,1,0.596427483,62.2862084,63.4769833,0.433352917
27630,2763,0.538455236,1,1.17751479,0.517714357,65.9500834,59.0714659,1,0.65122479,65.9500834,59.0714659,0.440766974
27640,2764,0.534382951,1,1.23668639,0.509969865,69.891355,63.0539656,1,0.546771156,69.891355,63.0539656,0.431002175
27650,2765,0.528082725,1,1.20118343,0.521593645,65.4972109,66.5719681,1,0.503685017,65.4972109,66.5719681,0.432994558
27660,2766,0.511146022,1,1.14201183,0.510784193,61.8013539,61.8383474,1,0.504949905,61.8013539,61.8383474,0.461964694
27670,2767,0.511712092,1,1.11242604,0.514707855,66.3424761,58.3856837,1,0.480743761,66.3424761,58.3856837,0.438816839
27680,2768,0.512927494,1,1.13609467,0.517861541,69.6176848,63.0092763,1,0.483452175,69.6176848,63.0092763,0.43585324
27690,2769,0.521829116,1,1.18343195,0.522689509,64.4665078,65.656146,1,0.574101583,64.4665078,65.656146,0.445493832
27700,2770,0.533790536,1,1.19526627,0.516475471,62.7252962,59.8852886,1,0.66149447,62.7252962,59.8852886,0.463678457
27710,2771,0.531710797,1,1.22485207,0.512118952,68.5445221,58.9719107,1,0.555711199,68.5445221,58.9719107,0.453113161
27720,2772,0.528078319,1,1.24852071,0.512577538,69.0325799,64.8108518,1,0.50106291,69.0325799,64.8108518,0.450715628
27730,2773,0.524987649,1,1.16568047,0.512978458,63.3542032,65.1983055,1,0.50858971,63.3542032,65.1983055,0.437813845
27740,2774,0.525107476,1,1.16568047,0.521479138,63.0369081,59.6694744,1,0.493697872,63.0369081,59.6694744,0.425994484
27750,2775,0.516131292,1,1.15976331,0.517185166,68.7078373,59.5808087,1,0.494481656,68.7078373,59.5808087,0.436278634
27760,2776,0.516103874,1,1.15976331,0.515373947,68.1428262,65.4796754,1,0.530723898,68.1428262,65.4796754,0.4558357
27770,2777,0.512514997,1,1.17159763,0.510900034,62.2867999,64.4570711,1,0.573455823,62.2867999,64.4570711,0.457280118
27780,2778,0.530936479,1,1.17159763,0.516152701,64.0772021,58.9691624,1,0.66217958,64.0772021,58.9691624,0.44404463
27790,2779,0.538491261,1,1.18934911,0.514530006,69.180269,61.5031321,1,0.59224471,69.180269,61.5031321,0.438274555
27800,2780,0.534145539,1,1.22485207,0.514914798,66.418204,66.2372999,1,0.522419746,66.418204,66.2372999,0.421615294
27810,2781,0.519992212,1,1.18934911,0.514181008,61.6423513,63.123388,1,0.516194053,61.6423513,63.123388,0.438564203
27820,2782,0.516370569,1,1.18343195,0.518862709,65.1283689,58.6093793,1,0.520017761,65.1283689,58.6093793,0.438721873
27830,2783,0.506872464,1,1.13609467,0.508783775,69.6451414,62.7696192,1,0.546930541,69.6451414,62.7696192,0.472365501
27840,2784,0.502784794,1,1.17159763,0.505407879,65.250582,66.8313321,1,0.520177892,65.250582,66.8313321,0.460316745
27850,2785,0.501238028,1,1.12426036,0.516585538,61.5725078,62.6525659,1,0.500984576,61.5725078,62.6525659,0.428222667
27860,2786,0.525451925,1,1.17159763,0.517049997,66.1618783,59.5029012,1,0.649552445,66.1618783,59.5029012,0.428170105
27870,2787,0.539877685,1,1.19526627,0.513763105,68.6980674,64.375121,1,0.620071337,68.6980674,64.375121,0.422522579
27880,2788,0.529262215,1,1.20710059,0.519662412,63.5402116,66.2491545,1,0.514285533,63.5402116,66.2491545,0.422135164
27890,2789,0.514120053,1,1.16568047,0.512492057,61.7620492,60.6526709,1,0.514819914,61.7620492,60.6526709,0.451706105
27900,2790,0.508163053,1,1.13017751,0.509194154,67.5382764,59.0154928,1,0.504078432,67.5382764,59.0154928,0.461827811
27910,2791,0.512665745,1,1.12426036,0.513995713,69.1174584,64.5836193,1,0.478144401,69.1174584,64.5836193,0.445210201
27920,2792,0.513393864,1,1.15976331,0.52036713,63.5382684,65.7903875,1,0.501153304,63.5382684,65.7903875,0.439093007
27930,2793,0.519164665,1,1.17159763,0.519156198,62.9494771,60.0152274,1,0.595201725,62.9494771,60.0152274,0.44654591
27940,2794,0.529542786,1,1.14792899,0.510316104,68.8342519,60.46771,1,0.668405993,68.8342519,60.46771,0.454011152
27950,2795,0.532998318,1,1.20118343,0.512729594,67.6232097,65.8875074,1,0.546932044,67.6232097,65.8875074,0.427188602
27960,2796,0.524080477,1,1.18934911,0.513900712,62.2380918,64.2974005,1,0.518875722,62.2380918,64.2974005,0.431921088
27970,2797,0.518180561,1,1.18343195,0.517327534,64.1113229,58.8434405,1,0.50358718,64.1113229,58.8434405,0.443591284
27980,2798,0.514584449,1,1.13609467,0.514285077,69.5585947,60.9018751,1,0.504025985,69.5585947,60.9018751,0.447940211
27990,2799,0.506437178,1,1.10650888,0.512305171,67.201983,66.3639433,1,0.481039856,67.201983,66.3639433,0.457597319
28000,2800,0.515180929,1,1.18934911,0.516533022,62.1636877,63.5623511,1,0.535678025,62.1636877,63.5623511,0.443448951
28010,2801,0.527169537,1,1.15976331,0.522364295,65.6250725,58.9211561,1,0.64387368,65.6250725,58.9211561,0.445369841
28020,2802,0.541910219,1,1.19526627,0.519526314,69.699407,62.970915,1,0.604216106,69.699407,62.970915,0.44189445
28030,2803,0.530399981,1,1.20118343,0.510315366,65.2531698,66.6006897,1,0.52654549,65.2531698,66.6006897,0.441516279
28040,2804,0.524853526,1,1.21893491,0.522228983,62.1064399,61.794367,1,0.513375977,62.1064399,61.794367,0.441907156
28050,2805,0.511953524,1,1.13609467,0.512404649,67.0387045,58.4271573,1,0.497712657,67.0387045,58.4271573,0.459388159
28060,2806,0.517663239,1,1.11242604,0.518512347,69.8759766,63.3838343,1,0.500582405,69.8759766,63.3838343,0.439329507
28070,2807,0.496263495,1,1.07692308,0.507502271,64.5808175,66.2671813,1,0.470301649,64.5808175,66.2671813,0.463791933
28080,2808,0.515342162,1,1.15976331,0.52011216,62.5196742,61.1580091,1,0.549902265,62.5196742,61.1580091,0.423789279
28090,2809,0.526011877,1,1.1183432,0.517399793,68.0640072,59.5792935,1,0.652213906,68.0640072,59.5792935,0.443439832
28100,2810,0.538476986,1,1.20118343,0.517541997,68.7725176,65.2232589,1,0.565337663,68.7725176,65.2232589,0.437558671
28110,2811,0.528156402,1,1.20710059,0.515179431,63.1426094,65.3902367,1,0.525245823,63.1426094,65.3902367,0.433260297
28120,2812,0.519614025,1,1.18934911,0.517939245,63.320889,59.587541,1,0.495857475,63.320889,59.587541,0.446571825
28130,2813,0.517914798,1,1.17751479,0.511815975,69.0173367,59.6097429,1,0.514361565,69.0173367,59.6097429,0.438191617
28140,2814,0.518143101,1,1.13017751,0.520265862,68.4730593,65.2927582,1,0.496336306,68.4730593,65.2927582,0.439155331
28150,2815,0.51654958,1,1.18343195,0.519069539,62.5886621,64.2362117,1,0.537692721,62.5886621,64.2362117,0.459884349
28160,2816,0.516837535,1,1.15384615,0.514258474,64.3031958,58.5256623,1,0.580827254,64.3031958,58.5256623,0.458644775
28170,2817,0.526946026,1,1.14201183,0.513320187,69.587473,60.9108017,1,0.658862206,69.587473,60.9108017,0.445971286
28180,2818,0.538495105,1,1.20710059,0.51665866,66.5845065,65.6519654,1,0.543099905,66.5845065,65.6519654,0.431705309
28190,2819,0.519280562,1,1.15976331,0.512630385,61.9516524,62.1172221,1,0.49988411,61.9516524,62.1172221,0.448255969
28200,2820,0.517109276,1,1.18934911,0.514140202,65.5144129,57.656463,1,0.509024616,65.5144129,57.656463,0.439146789
28210,2821,0.521268951,1,1.14792899,0.518211968,69.8427056,61.2561796,1,0.488579311,69.8427056,61.2561796,0.433043968
28220,2822,0.516000705,1,1.13609467,0.520737083,66.0891253,65.6152328,1,0.461958781,66.0891253,65.6152328,0.442496348
28230,2823,0.517047652,1,1.14792899,0.522142718,62.1787956,61.6858229,1,0.516019565,62.1787956,61.6858229,0.426426886
28240,2824,0.520723167,1,1.17751479,0.520047718,66.6774798,58.037325,1,0.598153272,66.6774798,58.037325,0.445554607
28250,2825,0.537766025,1,1.16568047,0.517004706,69.6232772,63.0862985,1,0.660870902,69.6232772,63.0862985,0.449653751
28260,2826,0.535209952,1,1.26035503,0.517489231,64.3716465,65.2555675,1,0.527769898,64.3716465,65.2555675,0.437078476
28270,2827,0.519953558,1,1.18343195,0.51308605,62.678113,59.7183688,1,0.510004334,62.678113,59.7183688,0.44541468
28280,2828,0.514919402,1,1.22485207,0.512388893,68.4553979,58.2945619,1,0.51065696,68.4553979,58.2945619,0.457703601
28290,2829,0.510581143,1,1.10059172,0.51137525,69.7555339,64.1035231,1,0.480925096,69.7555339,64.1035231,0.457898364
28300,2830,0.513339328,1,1.0887574,0.516830366,64.1607115,65.0656503,1,0.476692154,64.1607115,65.0656503,0.436688224
28310,2831,0.520987938,1,1.19526627,0.523057732,63.6417543,59.3440622,1,0.537425917,63.6417543,59.3440622,0.441928848
28320,2832,0.526663731,1,1.17751479,0.517420314,69.5184955,59.5794004,1,0.634682581,69.5184955,59.5794004,0.452419344
28330,2833,0.537730335,1,1.18934911,0.514243698,68.3210666,65.3268568,1,0.617982327,68.3210666,65.3268568,0.45160523
28340,2834,0.530778284,1,1.21893491,0.517345239,62.9110518,63.3478609,1,0.514890988,62.9110518,63.3478609,0.443124225
28350,2835,0.528441868,1,1.18934911,0.512054017,64.7959118,58.0516584,1,0.517283041,64.7959118,58.0516584,0.432431257
28360,2836,0.523570455,1,1.20710059,0.516827382,69.9572604,60.1199931,1,0.508707376,69.9572604,60.1199931,0.427719482
28370,2837,0.517256273,1,1.16568047,0.520688209,67.6327406,65.3825082,1,0.496120226,67.6327406,65.3825082,0.442541459
28380,2838,0.519943721,1,1.18343195,0.518893872,62.4827088,62.5225161,1,0.540928484,62.4827088,62.5225161,0.453144063
28390,2839,0.511488922,1,1.18934911,0.508597183,65.9971911,57.5436206,1,0.579137483,65.9971911,57.5436206,0.468795418
28400,2840,0.508614961,1,1.14792899,0.508577244,70.3716536,61.3415244,1,0.583981948,70.3716536,61.3415244,0.445622995
28410,2841,0.513555783,1,1.07692308,0.512905613,66.6198494,65.2378182,1,0.613046388,66.6198494,65.2378182,0.416075918
28420,2842,0.542754001,1,1.19526627,0.51969601,63.1292912,61.0361126,1,0.629132815,63.1292912,61.0361126,0.420188229
28430,2843,0.525082681,1,1.22485207,0.508610034,67.6519769,57.8436249,1,0.507842569,67.6519769,57.8436249,0.42584176
28440,2844,0.516951605,1,1.14792899,0.511358743,70.4136247,62.7984881,1,0.507647237,70.4136247,62.7984881,0.436346906
28450,2845,0.511488604,1,1.11242604,0.511993872,65.1453085,65.5580065,1,0.500214003,65.1453085,65.5580065,0.457482804
28460,2846,0.508245798,1,1.06508876,0.512586591,62.5966298,60.2434537,1,0.478942253,62.5966298,60.2434537,0.453391135
28470,2847,0.510814439,1,1.15384615,0.519945714,67.9072095,58.0634495,1,0.517379656,67.9072095,58.0634495,0.441585863
28480,2848,0.532440244,1,1.18934911,0.521800722,69.1300933,63.8123341,1,0.660829816,69.1300933,63.8123341,0.452116116
28490,2849,0.529430237,1,1.18934911,0.507708613,63.2971428,64.1611627,1,0.589180987,63.2971428,64.1611627,0.44949013
28500,2850,0.524846428,1,1.23076923,0.515046491,63.748154,58.4710917,1,0.512742021,63.748154,58.4710917,0.439070557
28510,2851,0.519262809,1,1.17751479,0.511641018,69.3945183,59.0483173,1,0.510185304,69.3945183,59.0483173,0.436599415
28520,2852,0.51689805,1,1.10650888,0.516635126,68.6082214,64.7420307,1,0.485366046,68.6082214,64.7420307,0.44213465
28530,2853,0.516678314,1,1.14201183,0.518572424,63.1204653,63.9458014,1,0.4760375,63.1204653,63.9458014,0.426555269
28540,2854,0.512344472,1,1.14792899,0.517699904,64.5853842,58.3097863,1,0.533556155,64.5853842,58.3097863,0.447945037
28550,2855,0.524521171,1,1.17751479,0.518947347,69.9898536,60.5883528,1,0.63293208,69.9898536,60.5883528,0.451166504
28560,2856,0.536906712,1,1.17159763,0.518244756,66.8024131,65.5018542,1,0.602267793,66.8024131,65.5018542,0.450524165
28570,2857,0.535901275,1,1.21301775,0.516805121,62.3536509,61.9346353,1,0.544801583,62.3536509,61.9346353,0.438640553
28580,2858,0.523603135,1,1.21301775,0.513217163,66.2989121,57.6735447,1,0.507821424,66.2989121,57.6735447,0.446697144
28590,2859,0.528930059,1,1.21301775,0.518690402,70.3523626,61.2483548,1,0.519217699,70.3523626,61.2483548,0.415738654
28600,2860,0.516375828,1,1.15384615,0.517094801,66.4110512,65.3480462,1,0.503409794,66.4110512,65.3480462,0.437457732
28610,2861,0.513673973,1,1.18343195,0.519523717,62.7460263,60.8096275,1,0.530107437,62.7460263,60.8096275,0.448730304
28620,2862,0.513881461,1,1.17159763,0.509598747,67.9687437,57.7146694,1,0.618696414,67.9687437,57.7146694,0.466990512
28630,2863,0.526089851,1,1.11242604,0.510118178,70.2235223,63.1234023,1,0.656415575,70.2235223,63.1234023,0.450761469
28640,2864,0.528465006,1,1.13609467,0.510736822,64.9200281,64.9710173,1,0.666470342,64.9200281,64.9710173,0.432008738
28650,2865,0.53936129,1,1.26627219,0.515355101,63.6940163,59.5933671,1,0.536297985,63.6940163,59.5933671,0.424279593
28660,2866,0.524607651,1,1.17751479,0.515902801,69.128245,58.5704665,1,0.519812439,69.128245,58.5704665,0.425358651
28670,2867,0.517459986,1,1.13017751,0.517957555,69.8698905,64.3117536,1,0.49918954,69.8698905,64.3117536,0.445306996
28680,2868,0.511577565,1,1.1183432,0.511799987,63.936692,64.8714386,1,0.49919469,63.936692,64.8714386,0.458425991
28690,2869,0.505845713,1,1.07692308,0.510436436,63.7378995,58.881938,1,0.500673348,63.7378995,58.881938,0.460984508
28700,2870,0.509074116,1,1.14201183,0.515443734,69.5033603,59.0784158,1,0.537195162,69.5033603,59.0784158,0.443754437
28710,2871,0.533999285,1,1.14792899,0.519289027,68.3138518,64.6832133,1,0.660890882,68.3138518,64.6832133,0.440740944
28720,2872,0.537319979,1,1.18343195,0.513927204,62.9787097,62.8538926,1,0.579202937,62.9787097,62.8538926,0.433849937
28730,2873,0.524406324,1,1.23076923,0.511201994,65.3799612,57.6421996,1,0.509877046,65.3799612,57.6421996,0.441405449
28740,2874,0.523118612,1,1.19526627,0.515402393,70.2784934,60.2258585,1,0.510619736,70.2784934,60.2258585,0.426010184
28750,2875,0.515280979,1,1.13609467,0.513635628,67.3236635,65.2042454,1,0.510043854,67.3236635,65.2042454,0.445326531
28760,2876,0.511454782,1,1.12426036,0.514531218,62.3872263,61.8195263,1,0.505826372,62.3872263,61.8195263,0.460413602
28770,2877,0.509533425,1,1.14792899,0.510992642,66.1898875,57.1629579,1,0.543536808,66.1898875,57.1629579,0.462459727
28780,2878,0.508970583,1,1.15384615,0.513954216,70.3065216,61.1882195,1,0.570076073,70.3065216,61.1882195,0.442888633
28790,2879,0.543436768,1,1.20118343,0.518916465,65.6876331,64.6266947,1,0.652181876,65.6876331,64.6266947,0.442940972
28800,2880,0.531822114,1,1.24260355,0.514151487,62.8723651,59.688935,1,0.551016592,62.8723651,59.688935,0.437226361
28810,2881,0.52792058,1,1.19526627,0.520349209,67.9373556,57.2909205,1,0.5052725,67.9373556,57.2909205,0.43107546
28820,2882,0.522534254,1,1.16568047,0.514569148,70.3861179,62.4313445,1,0.51803455,70.3861179,62.4313445,0.437991626
28830,2883,0.518837061,1,1.12426036,0.520798411,64.9450484,64.4432254,1,0.501610191,64.9450484,64.4432254,0.446239393
28840,2884,0.506216402,1,1.11242604,0.512557128,62.8894141,58.8205386,1,0.47777102,62.8894141,58.8205386,0.460513214
28850,2885,0.518949761,1,1.17159763,0.521427154,68.5277894,57.6005439,1,0.566457299,68.5277894,57.6005439,0.443757912
28860,2886,0.526093689,1,1.14201183,0.513604323,68.898649,63.5963949,1,0.668104655,68.898649,63.5963949,0.462100722
28870,2887,0.538909011,1,1.19526627,0.513886072,63.3019122,63.1586491,1,0.626855054,63.3019122,63.1586491,0.431833058
28880,2888,0.532088512,1,1.19526627,0.514427867,64.241807,57.5720387,1,0.535622981,64.241807,57.5720387,0.435778685
28890,2889,0.527152027,1,1.19526627,0.520747059,69.6520661,58.7749556,1,0.510467977,69.6520661,58.7749556,0.426336481
28900,2890,0.519984332,1,1.18934911,0.5181837,68.4257147,64.3308664,1,0.513384895,68.4257147,64.3308664,0.437665152
28910,2891,0.511011069,1,1.14201183,0.515586966,62.7206819,62.7015559,1,0.497726628,62.7206819,62.7015559,0.456394745
28920,2892,0.509868942,1,1.14792899,0.510444322,64.952528,57.1561173,1,0.53201995,64.952528,57.1561173,0.459823903
28930,2893,0.523946046,1,1.19526627,0.520622684,70.053419,60.0483625,1,0.615078348,70.053419,60.0483625,0.451061677
28940,2894,0.53640502,1,1.20710059,0.517467576,66.7465368,64.7937801,1,0.667267232,66.7465368,64.7937801,0.444921763
28950,2895,0.533282329,1,1.15976331,0.509434691,62.5231231,60.8857283,1,0.595498592,62.5231231,60.8857283,0.442625922
28960,2896,0.531008093,1,1.21301775,0.519363624,66.8130642,57.2967742,1,0.515167666,66.8130642,57.2967742,0.430248215
28970,2897,0.520327816,1,1.17159763,0.518344099,70.4643289,61.7857223,1,0.506066319,70.4643289,61.7857223,0.445107452
28980,2898,0.519282395,1,1.15384615,0.52103019,66.0567781,65.2715102,1,0.495308197,66.0567781,65.2715102,0.432258562
28990,2899,0.513274946,1,1.1183432,0.516599405,62.7377851,60.4893296,1,0.505148402,62.7377851,60.4893296,0.447775342
29000,2900,0.512744261,1,1.17159763,0.515028081,68.1115891,57.7767299,1,0.572852362,68.1115891,57.7767299,0.463048598
29010,2901,0.521322531,1,1.17751479,0.512861671,70.0596586,63.2805499,1,0.632620544,70.0596586,63.2805499,0.449108317
29020,2902,0.541186462,1,1.20710059,0.516838897,64.3393279,64.2623801,1,0.629779941,64.3393279,64.2623801,0.446459933
29030,2903,0.528756751,1,1.21893491,0.513023637,63.9488228,58.568382,1,0.509091227,63.9488228,58.568382,0.43902871
29040,2904,0.528788093,1,1.20118343,0.514094308,69.4445993,58.3360117,1,0.51936695,69.4445993,58.3360117,0.423129747
29050,2905,0.518669567,1,1.15384615,0.517559138,69.246087,64.0426095,1,0.516014248,69.246087,64.0426095,0.439234576
29060,2906,0.511844926,1,1.11242604,0.516315736,63.3850943,63.7070892,1,0.489256108,63.3850943,63.7070892,0.451583728
29070,2907,0.517242666,1,1.15384615,0.517143308,64.2249003,57.9299251,1,0.529447199,64.2249003,57.9299251,0.449068059
29080,2908,0.515937199,1,1.18934911,0.514803806,69.9660433,59.5112023,1,0.600239131,69.9660433,59.5112023,0.458071339
29090,2909,0.536818661,1,1.17159763,0.516693685,67.6023559,64.8017215,1,0.659374744,67.6023559,64.8017215,0.445733297
29100,2910,0.535826091,1,1.28994083,0.518763766,62.6939043,61.7884614,1,0.530643425,62.6939043,61.7884614,0.44304376
29110,2911,0.530722143,1,1.19526627,0.514856313,65.8746831,57.1926505,1,0.508263337,65.8746831,57.1926505,0.42993622
29120,2912,0.521308779,1,1.23668639,0.519502097,70.3039003,60.820458,1,0.508375002,70.3039003,60.820458,0.440406971
29130,2913,0.519745989,1,1.14792899,0.518407341,66.8012713,65.1767973,1,0.499435695,66.8012713,65.1767973,0.429986252
29140,2914,0.504217015,1,1.08284024,0.511401898,62.4542159,61.0885728,1,0.498999834,62.4542159,61.0885728,0.459034684
29150,2915,0.522740432,1,1.20710059,0.519567058,66.9425099,57.3870427,1,0.576606765,66.9425099,57.3870427,0.447518529
29160,2916,0.521653533,1,1.15384615,0.512566253,70.1925013,62.3706405,1,0.63633236,70.1925013,62.3706405,0.457667685
29170,2917,0.53863581,1,1.22485207,0.515084101,64.8367026,64.58017,1,0.60903235,64.8367026,64.58017,0.445666841
29180,2918,0.535955749,1,1.21301775,0.511397321,62.929031,59.4113132,1,0.571063004,62.929031,59.4113132,0.423819569
29190,2919,0.524730957,1,1.18343195,0.516314938,68.3058903,58.010001,1,0.513461949,68.3058903,58.010001,0.427420308
29200,2920,0.51770748,1,1.20118343,0.517607392,69.6132747,63.6219846,1,0.506839429,69.6132747,63.6219846,0.443250595
29210,2921,0.514502025,1,1.10650888,0.514568742,63.8051353,64.6397677,1,0.498677988,63.8051353,64.6397677,0.453587708
29220,2922,0.511540035,1,1.1183432,0.514203045,63.1389346,58.7730472,1,0.491721431,63.1389346,58.7730472,0.45418653
29230,2923,0.527451745,1,1.18934911,0.521201399,68.9969064,58.7796614,1,0.59836907,68.9969064,58.7796614,0.4506135
29240,2924,0.5180925,1,1.15976331,0.51175172,68.5811317,64.5548393,1,0.628541374,68.5811317,64.5548393,0.445394235
29250,2925,0.533584546,1,1.14792899,0.508785548,63.0226297,63.270815,1,0.647548471,63.0226297,63.270815,0.438836971
29260,2926,0.534440779,1,1.23076923,0.513404184,64.7450061,58.1334462,1,0.526495661,64.7450061,58.1334462,0.416800571
29270,2927,0.519783555,1,1.19526627,0.516707621,69.932293,60.369434,1,0.51254038,69.932293,60.369434,0.434513853
29280,2928,0.509935068,1,1.11242604,0.511684476,67.3034863,65.8161336,1,0.509839594,67.3034863,65.8161336,0.4652235
29290,2929,0.510845068,1,1.09467456,0.511287361,61.9984185,63.0012064,1,0.496466044,61.9984185,63.0012064,0.461971335
29300,2930,0.509758626,1,1.17159763,0.515985955,64.8897429,57.8590775,1,0.500291241,64.8897429,57.8590775,0.453789086
29310,2931,0.521965185,1,1.20118343,0.524199314,69.5831889,61.0773308,1,0.580711058,69.5831889,61.0773308,0.437756447
29320,2932,0.530454708,1,1.19526627,0.513917426,65.5431214,65.2874826,1,0.66861229,65.5431214,65.2874826,0.44884812
29330,2933,0.537441313,1,1.26627219,0.520616291,62.1702375,60.8216399,1,0.531529851,62.1702375,60.8216399,0.430495091
29340,2934,0.526259137,1,1.17751479,0.511126829,66.8535407,57.4813955,1,0.521413175,66.8535407,57.4813955,0.442495357
29350,2935,0.525888703,1,1.22485207,0.520817758,69.7961481,62.3468846,1,0.51158262,69.7961481,62.3468846,0.437393589
29360,2936,0.515316717,1,1.0887574,0.517144287,64.8172852,65.3739491,1,0.483078593,64.8172852,65.3739491,0.448219328
29370,2937,0.521725664,1,1.15384615,0.524890269,62.2561781,60.4880048,1,0.502141544,62.2561781,60.4880048,0.424345802
29380,2938,0.506110935,1,1.17159763,0.512808087,67.8674595,58.1699894,1,0.545825798,67.8674595,58.1699894,0.46701668
29390,2939,0.530762605,1,1.19526627,0.517400126,69.1802133,63.8558874,1,0.650781244,69.1802133,63.8558874,0.448882632
29400,2940,0.53576756,1,1.18934911,0.513943292,63.30373,64.4724584,1,0.638851835,63.30373,64.4724584,0.454518516
29410,2941,0.535304652,1,1.23076923,0.516041599,63.4068129,58.8495977,1,0.525990694,63.4068129,58.8495977,0.432600423
29420,2942,0.52796871,1,1.21893491,0.515456306,69.0151559,59.056667,1,0.509315347,69.0151559,59.056667,0.431704953
29430,2943,0.521303923,1,1.17159763,0.518258941,68.6402008,64.7368751,1,0.504683372,68.6402008,64.7368751,0.437890013
29440,2944,0.515945706,1,1.15976331,0.516289537,62.8962237,63.9726595,1,0.507584422,62.8962237,63.9726595,0.44573786
29450,2945,0.51218557,1,1.15976331,0.514152704,64.3455074,58.1726213,1,0.532669447,64.3455074,58.1726213,0.459874344
29460,2946,0.515616713,1,1.15976331,0.514231165,69.9351394,60.0507756,1,0.588961544,69.9351394,60.0507756,0.453594769
29470,2947,0.532981374,1,1.14792899,0.519101246,67.3358914,65.2367734,1,0.6610143,67.3358914,65.2367734,0.446224551
29480,2948,0.540596937,1,1.21893491,0.51651731,62.6546155,62.0395954,1,0.615875582,62.6546155,62.0395954,0.436068306
29490,2949,0.530058876,1,1.21893491,0.513484169,66.2865727,57.662553,1,0.513346501,66.2865727,57.662553,0.437513233
29500,2950,0.525725984,1,1.21301775,0.519353532,70.4134926,61.3205554,1,0.511587033,70.4134926,61.3205554,0.424211416
29510,2951,0.515472218,1,1.13609467,0.515886847,66.4520312,65.4935046,1,0.508183632,66.4520312,65.4935046,0.442603124
29520,2952,0.513746975,1,1.13609467,0.518077832,62.6482561,61.0467135,1,0.524310512,62.6482561,61.0467135,0.450132502
29530,2953,0.50595414,1,1.15976331,0.50766525,67.7063764,57.5986999,1,0.577517712,67.7063764,57.5986999,0.47088849
29540,2954,0.519467271,1,1.14792899,0.51248622,70.4025568,62.7209863,1,0.61441011,70.4025568,62.7209863,0.445272384
29550,2955,0.52412891,1,1.13017751,0.512411378,65.1754778,64.9460278,1,0.655740184,65.1754778,64.9460278,0.436995955
29560,2956,0.538701638,1,1.27218935,0.517553562,63.769652,59.5445513,1,0.525403739,63.769652,59.5445513,0.429340311
29570,2957,0.525130248,1,1.19526627,0.513084521,69.2204101,58.4485078,1,0.515630458,69.2204101,58.4485078,0.427681761
29580,2958,0.519156907,1,1.16568047,0.518867566,70.0006111,64.1002769,1,0.502834405,70.0006111,64.1002769,0.438874352
29590,2959,0.513243727,1,1.13609467,0.512553063,64.0719237,64.644137,1,0.515096372,64.0719237,64.644137,0.457967712
29600,2960,0.502519799,1,1.1183432,0.507115336,63.7889481,58.5423379,1,0.484027297,63.7889481,58.5423379,0.469873632
29610,2961,0.509963305,1,1.13609467,0.516886971,69.3945981,58.4147196,1,0.482530878,69.3945981,58.4147196,0.431315579
29620,2962,0.532741475,1,1.19526627,0.524954486,68.6695286,64.0886328,1,0.640544915,68.6695286,64.0886328,0.440004148
29630,2963,0.53571053,1,1.17159763,0.511833143,63.0684216,62.6962894,1,0.655265017,63.0684216,62.6962894,0.443966924
29640,2964,0.530343799,1,1.24852071,0.513005036,65.3144305,57.4866627,1,0.524918466,65.3144305,57.4866627,0.436397067
29650,2965,0.523965525,1,1.23076923,0.519376841,70.3005758,60.0995963,1,0.506014909,70.3005758,60.0995963,0.43302341
29660,2966,0.522211452,1,1.17159763,0.517376375,67.7967002,65.1482711,1,0.499608716,67.7967002,65.1482711,0.433497611
29670,2967,0.517332816,1,1.1183432,0.518146441,62.8189925,62.3048977,1,0.499078804,62.8189925,62.3048977,0.44096684
29680,2968,0.513141565,1,1.14201183,0.518369836,66.2242176,57.4273264,1,0.529201126,66.2242176,57.4273264,0.457587316
29690,2969,0.521844705,1,1.14792899,0.512433945,70.6392075,61.5780717,1,0.624150848,70.6392075,61.5780717,0.466136213
29700,2970,0.527424808,1,1.17159763,0.510111734,65.955247,65.1870051,1,0.666775952,65.955247,65.1870051,0.454848213
29710,2971,0.537406544,1,1.15384615,0.510985106,62.9248109,60.4472189,1,0.625699048,62.9248109,60.4472189,0.43275036
29720,2972,0.538604556,1,1.24260355,0.517968376,67.6352292,57.8167525,1,0.525721158,67.6352292,57.8167525,0.415009759
29730,2973,0.525999413,1,1.17751479,0.521248627,70.1154235,62.6833053,1,0.507914284,70.1154235,62.6833053,0.420162687
29740,2974,0.514864743,1,1.15384615,0.516533158,64.7998361,65.1114437,1,0.503875699,64.7998361,65.1114437,0.449531814
29750,2975,0.512528295,1,1.0887574,0.512677296,62.6364762,59.6023946,1,0.500062019,62.6364762,59.6023946,0.455276418
29760,2976,0.514522496,1,1.12426036,0.51388171,68.3440639,57.8984743,1,0.522429965,68.3440639,57.8984743,0.45819237
29770,2977,0.506865281,1,1.14792899,0.517161318,69.7448102,63.5772171,1,0.5269337,69.7448102,63.5772171,0.449919193
29780,2978,0.518254493,1,1.13609467,0.513999366,64.067658,64.2313887,1,0.632361838,64.067658,64.2313887,0.439593669
29790,2979,0.533150669,1,1.24260355,0.51754888,64.5889151,58.5297222,1,0.524056466,64.5889151,58.5297222,0.440418779
29800,2980,0.521610924,1,1.23076923,0.512174239,70.2001199,59.4545926,1,0.509319817,70.2001199,59.4545926,0.437455019
29810,2981,0.520335,1,1.15976331,0.517596671,69.0587056,65.1076287,1,0.501927179,69.0587056,65.1076287,0.443624416
29820,2982,0.521894152,1,1.14792899,0.51732696,63.561752,64.0523811,1,0.495173159,63.561752,64.0523811,0.430563452
29830,2983,0.520406837,1,1.10650888,0.524958359,64.848364,58.5246123,1,0.473365935,64.848364,58.5246123,0.436578942
29840,2984,0.519040286,1,1.15976331,0.522218197,70.4404696,60.1942119,1,0.531866588,70.4404696,60.1942119,0.448925133
29850,2985,0.529711789,1,1.15976331,0.516789276,67.7186039,65.6021549,1,0.639573479,67.7186039,65.6021549,0.465714443
29860,2986,0.527536403,1,1.18343195,0.506245802,62.8206015,62.0236339,1,0.626987879,62.8206015,62.0236339,0.466614648
29870,2987,0.52893767,1,1.22485207,0.507326089,66.6072201,57.7463426,1,0.54919748,66.6072201,57.7463426,0.43943011
29880,2988,0.532549198,1,1.20710059,0.514095703,70.5927891,61.4678304,1,0.510456101,70.5927891,61.4678304,0.419454643
29890,2989,0.529559807,1,1.21301775,0.519209878,66.8586083,65.3637856,1,0.520659481,66.8586083,65.3637856,0.415117959
29900,2990,0.516837578,1,1.19526627,0.517563993,62.9659925,61.3761781,1,0.501075701,62.9659925,61.3761781,0.428658782
29910,2991,0.512306611,1,1.13017751,0.518824942,67.6196689,57.767368,1,0.519951493,67.6196689,57.767368,0.452999298
29920,2992,0.516260318,1,1.17751479,0.510840874,70.8657638,62.7668489,1,0.587434161,70.8657638,62.7668489,0.458528269
29930,2993,0.518511752,1,1.14792899,0.511716,65.6676031,65.489325,1,0.612755613,65.6676031,65.489325,0.451380203
29940,2994,0.53032858,1,1.15976331,0.515563452,63.4667917,60.267066,1,0.656781232,63.4667917,60.267066,0.43592763
29950,2995,0.540035674,1,1.23668639,0.519958196,68.9141822,58.7435107,1,0.537753795,68.9141822,58.7435107,0.435110571
29960,2996,0.529531564,1,1.23076923,0.517451405,70.0731971,64.1534387,1,0.515623583,70.0731971,64.1534387,0.42559139
29970,2997,0.518614119,1,1.17159763,0.516803211,64.3004348,64.9261574,1,0.511322273,64.3004348,64.9261574,0.448019171
29980,2998,0.505138571,1,1.1183432,0.508769368,63.7603193,58.827327,1,0.501552759,63.7603193,58.827327,0.470976935
29990,2999,0.513224988,1,1.11242604,0.512955968,69.6677934,58.7459134,1,0.516809079,69.6677934,58.7459134,0.454464239
30000,3000,0.505920729,1,1.16568047,0.514769465,69.5703894,64.6203866,1,0.497462334,69.5703894,64.6203866,0.451944669
30010,3001,0.533024229,1,1.20710059,0.523667335,63.9244087,63.6071682,1,0.643338588,63.9244087,63.6071682,0.441244275
30020,3002,0.538598099,1,1.18934911,0.517215093,65.7556092,58.0515559,1,0.610082151,65.7556092,58.0515559,0.449971229
30030,3003,0.533510801,1,1.20710059,0.509929956,70.9774956,60.2762987,1,0.559170866,70.9774956,60.2762987,0.436619461
30040,3004,0.526792643,1,1.21301775,0.518458657,68.2726192,65.2102666,1,0.515561642,68.2726192,65.2102666,0.43282747
30050,3005,0.516393717,1,1.14792899,0.514273509,63.2504885,62.4190443,1,0.513676776,63.2504885,62.4190443,0.441974586
30060,3006,0.51722768,1,1.12426036,0.516544278,66.4327026,57.6032321,1,0.500337222,66.4327026,57.6032321,0.444016994
30070,3007,0.515283471,1,1.14792899,0.515005062,71.0643256,61.3751048,1,0.54717048,71.0643256,61.3751048,0.459475873
30080,3008,0.505928945,1,1.15976331,0.511519844,67.2495787,65.8292041,1,0.516744565,67.2495787,65.8292041,0.451108393
30090,3009,0.531303715,1,1.14792899,0.520668297,63.4165826,61.5540161,1,0.626905115,63.4165826,61.5540161,0.441682443
30100,3010,0.537558329,1,1.12426036,0.513246714,68.2194626,58.2574727,1,0.637416948,68.2194626,58.2574727,0.448104843
30110,3011,0.533040437,1,1.24260355,0.519195386,70.7013499,63.2939052,1,0.509911733,70.7013499,63.2939052,0.431903843
30120,3012,0.519625296,1,1.21301775,0.516795973,65.3802607,65.6284067,1,0.497614787,65.3802607,65.6284067,0.446974622
30130,3013,0.510878721,1,1.17159763,0.510872557,63.0799311,60.2110474,1,0.491116219,63.0799311,60.2110474,0.452731998
30140,3014,0.512576301,1,1.15384615,0.513930349,68.3990337,58.2017431,1,0.481321247,68.3990337,58.2017431,0.437381634
30150,3015,0.521628611,1,1.15976331,0.521769855,69.9818137,63.7470273,1,0.534336981,69.9818137,63.7470273,0.443595913
30160,3016,0.524904158,1,1.15976331,0.519064623,64.2308533,64.7317229,1,0.600509623,64.2308533,64.7317229,0.448819431
30170,3017,0.529939341,1,1.13609467,0.514647844,63.9400281,58.8425789,1,0.656943553,63.9400281,58.8425789,0.453563122
30180,3018,0.531829475,1,1.25443787,0.5152053,69.7417913,59.5830681,1,0.531246147,69.7417913,59.5830681,0.449909793
30190,3019,0.52052319,1,1.18343195,0.508975479,68.6340993,65.1527368,1,0.509542018,68.6340993,65.1527368,0.436826857
30200,3020,0.522661253,1,1.20118343,0.517756036,63.1768934,63.7569995,1,0.508918074,63.1768934,63.7569995,0.433297383
30210,3021,0.512799439,1,1.12426036,0.514672073,64.7966263,58.1741446,1,0.487769597,64.7966263,58.1741446,0.447159367
30220,3022,0.514425055,1,1.13609467,0.517802348,70.2869299,60.0214033,1,0.486081098,70.2869299,60.0214033,0.44559513
30230,3023,0.513683991,1,1.21301775,0.514824551,67.7964262,65.4273255,1,0.548064763,67.7964262,65.4273255,0.457848091
30240,3024,0.523823808,1,1.13017751,0.511684942,62.9246388,61.9826859,1,0.650541889,62.9246388,61.9826859,0.458966257
30250,3025,0.536940054,1,1.19526627,0.5186538,66.9319029,57.8208213,1,0.606236427,66.9319029,57.8208213,0.444421585
30260,3026,0.533211609,1,1.23076923,0.515332769,70.7081698,61.9876458,1,0.534434053,70.7081698,61.9876458,0.432569167
30270,3027,0.52989959,1,1.17751479,0.519625876,66.3813612,65.4841963,1,0.509791779,66.3813612,65.4841963,0.427924243
30280,3028,0.513779931,1,1.13017751,0.511982806,62.8325292,60.7212236,1,0.503283405,62.8325292,60.7212236,0.456900523
30290,3029,0.513395786,1,1.12426036,0.517148175,67.5321393,57.4638472,1,0.485405172,67.5321393,57.4638472,0.439854982
30300,3030,0.518129452,1,1.13609467,0.518485638,70.5718962,62.3430121,1,0.51072357,70.5718962,62.3430121,0.442199801
30310,3031,0.517240811,1,1.17751479,0.519258821,65.2254403,64.8925827,1,0.569407657,65.2254403,64.8925827,0.455634676
30320,3032,0.529730475,1,1.14201183,0.51410708,63.5776098,59.1962984,1,0.658039017,63.5776098,59.1962984,0.456141521
30330,3033,0.533880317,1,1.20118343,0.513637069,69.27823,58.3832666,1,0.585174263,69.27823,58.3832666,0.442946636
30340,3034,0.527009677,1,1.21893491,0.512483967,69.54345,64.0025579,1,0.524379638,69.54345,64.0025579,0.432734361
30350,3035,0.525423426,1,1.19526627,0.518143462,63.957366,63.9576042,1,0.505769608,63.957366,63.9576042,0.42971268
30360,3036,0.518961148,1,1.14201183,0.517814243,63.9429095,58.197118,1,0.488421526,63.9429095,58.197118,0.443115718
30370,3037,0.517403515,1,1.14792899,0.520716207,69.6540476,58.4145852,1,0.479919402,69.6540476,58.4145852,0.439636687
30380,3038,0.519280528,1,1.14201183,0.518077308,68.8174399,64.2353378,1,0.559180568,68.8174399,64.2353378,0.452351341
30390,3039,0.522051774,1,1.20118343,0.51289446,63.0651448,62.6009825,1,0.63148684,63.0651448,62.6009825,0.459997527
30400,3040,0.534766751,1,1.14792899,0.513320261,65.2189161,57.3266835,1,0.660107558,65.2189161,57.3266835,0.438238545
30410,3041,0.537427617,1,1.24260355,0.517769414,70.1569972,60.1329757,1,0.551620366,70.1569972,60.1329757,0.436906289
30420,3042,0.53258446,1,1.20710059,0.51392631,67.2188361,64.809513,1,0.516151442,67.2188361,64.809513,0.424841018
30430,3043,0.526549928,1,1.20118343,0.522029989,62.7707617,61.4788331,1,0.509928608,62.7707617,61.4788331,0.427451475
30440,3044,0.520506514,1,1.17159763,0.518459655,66.1407419,56.9443364,1,0.499022991,66.1407419,56.9443364,0.434587658
30450,3045,0.507482547,1,1.04733728,0.513050231,70.7169387,60.8281251,1,0.48867123,70.7169387,60.8281251,0.461701197
30460,3046,0.51966454,1,1.15976331,0.518163107,66.5121935,64.8065104,1,0.552257139,66.5121935,64.8065104,0.44527388
30470,3047,0.516133099,1,1.19526627,0.51555591,62.7818693,60.3085834,1,0.592174971,62.7818693,60.3085834,0.449501149
30480,3048,0.535741763,1,1.16568047,0.51509821,67.7703512,57.2943149,1,0.667141169,67.7703512,57.2943149,0.448341892
30490,3049,0.535591959,1,1.22485207,0.514446269,70.0435192,62.4182985,1,0.568301211,70.0435192,62.4182985,0.431198282
30500,3050,0.522887001,1,1.21893491,0.518020201,64.6579939,64.1261471,1,0.513321667,64.6579939,64.1261471,0.434602651
30510,3051,0.51856857,1,1.20118343,0.513225655,63.0078757,58.5832576,1,0.515800813,63.0078757,58.5832576,0.444868933
30520,3052,0.519969129,1,1.15384615,0.518420471,68.5183456,57.1220744,1,0.499789257,68.5183456,57.1220744,0.438531268
30530,3053,0.516110073,1,1.11242604,0.516768579,69.8049022,62.8162645,1,0.494696004,69.8049022,62.8162645,0.44905574
30540,3054,0.518213734,1,1.18343195,0.518426042,63.9928128,63.6899703,1,0.53150857,63.9928128,63.6899703,0.452107127
30550,3055,0.522554996,1,1.17751479,0.517925975,63.7692632,57.8168508,1,0.609395702,63.7692632,57.8168508,0.452105576
30560,3056,0.538807845,1,1.20118343,0.517244808,69.5484906,58.4878622,1,0.663053652,69.5484906,58.4878622,0.447542439
30570,3057,0.531938186,1,1.23076923,0.513352923,68.1432972,64.0052536,1,0.52320273,68.1432972,64.0052536,0.43796312
30580,3058,0.511252364,1,1.18934911,0.508116309,62.5702851,61.8524562,1,0.512551296,62.5702851,61.8524562,0.4595663
30590,3059,0.506555202,1,1.14792899,0.507118423,65.0267485,56.3846414,1,0.504842452,65.0267485,56.3846414,0.461097292
30600,3060,0.51579331,1,1.15976331,0.513396651,70.2108623,58.6364876,1,0.470517869,70.2108623,58.6364876,0.434774281
30610,3061,0.511760883,1,1.10059172,0.520880649,68.0411847,63.6393702,1,0.466732313,68.0411847,63.6393702,0.419469483
30620,3062,0.505935703,1,1.14792899,0.520107156,63.0490947,61.1226511,1,0.502887734,63.0490947,61.1226511,0.430046359
30630,3063,0.538839772,1,1.19526627,0.524821972,66.5349713,56.5874626,1,0.656296697,66.5349713,56.5874626,0.440005851
30640,3064,0.534908315,1,1.18343195,0.511285339,70.5565852,60.87543,1,0.581370271,70.5565852,60.87543,0.452213764
30650,3065,0.530334892,1,1.22485207,0.514696918,65.8928695,64.2351955,1,0.520629937,65.8928695,64.2351955,0.442145576
30660,3066,0.525705368,1,1.21893491,0.513006002,62.5352741,59.6856866,1,0.509938667,62.5352741,59.6856866,0.434948667
30670,3067,0.521505969,1,1.16568047,0.513808919,67.233461,56.5783803,1,0.512224013,67.233461,56.5783803,0.43329147
30680,3068,0.513296533,1,1.13017751,0.51508545,70.280196,61.5708475,1,0.48744724,70.280196,61.5708475,0.44990021
30690,3069,0.511356452,1,1.10059172,0.51949086,65.2931303,64.35208,1,0.49001532,65.2931303,64.35208,0.4392441
30700,3070,0.50844065,1,1.18343195,0.517547088,62.8611342,59.0967693,1,0.528111195,62.8611342,59.0967693,0.44544304
30710,3071,0.537625648,1,1.18343195,0.52129068,68.6564861,57.8919138,1,0.664290261,68.6564861,57.8919138,0.45532861
30720,3072,0.528634762,1,1.23668639,0.509633746,69.0341283,63.7338871,1,0.554176991,69.0341283,63.7338871,0.450320507
30730,3073,0.527156534,1,1.23668639,0.516066304,63.3709691,63.6076816,1,0.510760988,63.3709691,63.6076816,0.435735788
30740,3074,0.527942953,1,1.19526627,0.516024675,63.4083351,58.0479613,1,0.515328448,63.4083351,58.0479613,0.427680456
30750,3075,0.526219317,1,1.15384615,0.523927451,69.0256266,58.3304242,1,0.498443997,69.0256266,58.3304242,0.43264529
30760,3076,0.518330817,1,1.13017751,0.51942104,68.6355072,64.1394849,1,0.498440057,68.6355072,64.1394849,0.44785735
30770,3077,0.515409609,1,1.1183432,0.517677945,62.7261083,63.0000428,1,0.541841527,62.7261083,63.0000428,0.462942251
30780,3078,0.515122359,1,1.20118343,0.509189262,64.4921427,57.1863681,1,0.602680348,64.4921427,57.1863681,0.467384077
30790,3079,0.52521713,1,1.15384615,0.509489225,69.8201963,59.5021255,1,0.652140748,69.8201963,59.5021255,0.446888566
30800,3080,0.540197591,1,1.20118343,0.513577289,67.0958988,64.337016,1,0.642535033,67.0958988,64.337016,0.426891631
30810,3081,0.531823196,1,1.22485207,0.518193879,62.58937,61.1163924,1,0.518610536,62.58937,61.1163924,0.426081765
30820,3082,0.524804401,1,1.18343195,0.519145319,65.9408888,56.7416712,1,0.516141892,65.9408888,56.7416712,0.423921283
30830,3083,0.517342261,1,1.16568047,0.519522844,70.4127768,60.3454978,1,0.513590154,70.4127768,60.3454978,0.441791328
30840,3084,0.505079776,1,1.11242604,0.511047499,66.2951467,64.7356904,1,0.524628924,66.2951467,64.7356904,0.463001965
30850,3085,0.512001008,1,1.15976331,0.511739499,62.4612667,60.1667927,1,0.549347276,62.4612667,60.1667927,0.458796101
30860,3086,0.527465323,1,1.17751479,0.516844138,67.5750446,57.1030354,1,0.648965937,67.5750446,57.1030354,0.458563061
30870,3087,0.533557614,1,1.17751479,0.510813029,69.851865,62.4571108,1,0.630974596,69.851865,62.4571108,0.44754448
30880,3088,0.530103166,1,1.20710059,0.518260495,64.4757043,63.9443527,1,0.512589299,64.4757043,63.9443527,0.429083185
30890,3089,0.52333923,1,1.20118343,0.515893277,63.1544557,58.4590037,1,0.515535881,63.1544557,58.4590037,0.434017643
30900,3090,0.522669284,1,1.17751479,0.517846044,68.5982724,57.2264354,1,0.506759592,68.5982724,57.2264354,0.429354582
30910,3091,0.522176307,1,1.15384615,0.522013575,69.611729,62.7906605,1,0.497900149,69.611729,62.7906605,0.435058963
30920,3092,0.511723834,1,1.1183432,0.514278893,63.6746633,63.4846725,1,0.501367358,63.6746633,63.4846725,0.459807016
30930,3093,0.518649243,1,1.16568047,0.518614603,63.517324,57.7055013,1,0.539620242,63.517324,57.7055013,0.444716349
30940,3094,0.530640296,1,1.17751479,0.51891467,69.3578847,58.2802539,1,0.643535829,69.3578847,58.2802539,0.451444027
30950,3095,0.536660671,1,1.19526627,0.512901065,67.9453664,63.8965404,1,0.612289514,67.9453664,63.8965404,0.445476153
30960,3096,0.52704981,1,1.23076923,0.513671689,62.7076835,61.7626595,1,0.509337651,62.7076835,61.7626595,0.435052668
30970,3097,0.516063515,1,1.21301775,0.512812617,65.2392848,56.5865422,1,0.511210763,65.2392848,56.5865422,0.443234451
30980,3098,0.516863819,1,1.15976331,0.513164294,70.2873329,59.3508206,1,0.503953077,70.2873329,59.3508206,0.442719035
30990,3099,0.514108,1,1.14792899,0.51691106,67.0700502,64.3012296,1,0.514468704,67.0700502,64.3012296,0.454155421
31000,3100,0.508087398,1,1.15976331,0.514103505,62.3184688,60.7581909,1,0.53311562,62.3184688,60.7581909,0.455931643
31010,3101,0.514748578,1,1.16568047,0.514653573,66.2872674,56.5348884,1,0.586670011,66.2872674,56.5348884,0.445806545
31020,3102,0.536870155,1,1.14792899,0.513250617,69.8066224,61.2518184,1,0.651538675,69.8066224,61.2518184,0.452705795
31030,3103,0.534912998,1,1.24852071,0.517408107,64.8825678,64.0296591,1,0.541243217,64.8825678,64.0296591,0.434889043
31040,3104,0.525844364,1,1.23076923,0.519949157,62.4229064,58.9815162,1,0.509844884,62.4229064,58.9815162,0.431960447
31050,3105,0.519493683,1,1.15976331,0.516430244,67.6587307,56.5552009,1,0.506354898,67.6587307,56.5552009,0.443899227
31060,3106,0.510383249,1,1.13609467,0.515500353,69.8291322,62.1689317,1,0.501287995,69.8291322,62.1689317,0.462976068
31070,3107,0.507197052,1,1.0887574,0.509547275,64.2557864,64.2647742,1,0.481339349,64.2557864,64.2647742,0.458029863
31080,3108,0.521693341,1,1.18343195,0.523009466,62.996719,58.7127314,1,0.56439505,62.996719,58.7127314,0.437924299
31090,3109,0.508506013,1,1.10059172,0.514641261,68.6443054,57.602066,1,0.578799033,68.6443054,57.602066,0.442751012
31100,3110,0.542157923,1,1.19526627,0.518026086,68.5845193,63.3386407,1,0.629412826,68.5845193,63.3386407,0.441298942
31110,3111,0.528001085,1,1.24260355,0.510473,62.9515682,62.8121157,1,0.522202802,62.9515682,62.8121157,0.435192715
31120,3112,0.520271813,1,1.20118343,0.516683681,64.0619677,57.2397713,1,0.514659996,64.0619677,57.2397713,0.437069379
31130,3113,0.512113011,1,1.10059172,0.511790909,69.7558848,58.6023487,1,0.504485682,69.7558848,58.6023487,0.450360208
31140,3114,0.512168984,1,1.13609467,0.514015734,68.2610059,64.2533741,1,0.47374713,68.2610059,64.2533741,0.44964648
31150,3115,0.512850311,1,1.15976331,0.51761289,62.756717,62.3113715,1,0.514447365,62.756717,62.3113715,0.448986825
31160,3116,0.521177447,1,1.14792899,0.515252443,65.5612761,57.0825288,1,0.623567869,65.5612761,57.0825288,0.456422595
31170,3117,0.537016364,1,1.17159763,0.517683965,70.2046701,60.5874659,1,0.650881119,70.2046701,60.5874659,0.447515776
31180,3118,0.53575975,1,1.22485207,0.516235695,66.3054821,64.7141123,1,0.544017026,66.3054821,64.7141123,0.436723121
31190,3119,0.533493961,1,1.22485207,0.518175236,62.4474372,60.6881001,1,0.516388062,62.4474372,60.6881001,0.428933481
31200,3120,0.517306058,1,1.16568047,0.514703537,66.9041461,56.9363805,1,0.505758551,66.9041461,56.9363805,0.448123335
31210,3121,0.508193622,1,1.11242604,0.513640636,70.5114671,61.6207616,1,0.498189943,70.5114671,61.6207616,0.454798158
31220,3122,0.513125673,1,1.13017751,0.513877792,65.6965587,64.8810937,1,0.512296676,65.6965587,64.8810937,0.447300308
31230,3123,0.501956328,1,1.15384615,0.512375834,62.6926575,59.7483016,1,0.515679431,62.6926575,59.7483016,0.457475561
31240,3124,0.52531249,1,1.15384615,0.520206266,67.8404636,57.5371327,1,0.622915139,67.8404636,57.5371327,0.430969571
31250,3125,0.538268258,1,1.17159763,0.515313256,69.3380181,63.1528901,1,0.617009453,69.3380181,63.1528901,0.447077301
31260,3126,0.53212006,1,1.23076923,0.517227815,63.7927589,63.940616,1,0.521504132,63.7927589,63.940616,0.430840731
31270,3127,0.511818078,1,1.17751479,0.511587988,63.4894132,57.9964417,1,0.511355854,63.4894132,57.9964417,0.457839192
31280,3128,0.506205862,1,1.15384615,0.506255717,69.5030523,57.8445476,1,0.4927617,69.5030523,57.8445476,0.462735164
31290,3129,0.514754287,1,1.1183432,0.512920935,69.6790234,63.4157141,1,0.462277566,69.6790234,63.4157141,0.428764989
31300,3130,0.514479583,1,1.13609467,0.522609443,64.1518834,63.2897179,1,0.488867318,64.1518834,63.2897179,0.425275067
31310,3131,0.515669613,1,1.18934911,0.519369137,64.7869814,57.5733387,1,0.552807088,64.7869814,57.5733387,0.44242701
31320,3132,0.526662878,1,1.16568047,0.515387915,70.3966011,59.0335887,1,0.655206424,70.3966011,59.0335887,0.445889597
31330,3133,0.538320812,1,1.24260355,0.52046052,67.8536835,64.1840119,1,0.545829924,67.8536835,64.1840119,0.441844497
31340,3134,0.528088711,1,1.20710059,0.513309522,62.849258,61.4396702,1,0.516526,62.849258,61.4396702,0.43903933
31350,3135,0.523366037,1,1.21301775,0.515659301,65.8104364,56.599703,1,0.517443523,65.8104364,56.599703,0.436458722
31360,3136,0.517307384,1,1.15976331,0.518153589,70.4927653,59.7353613,1,0.502789909,70.4927653,59.7353613,0.433484277
31370,3137,0.517272524,1,1.14201183,0.516955851,66.8623858,64.2583079,1,0.521262745,66.8623858,64.2583079,0.446131975
31380,3138,0.517763599,1,1.19526627,0.515767887,62.6578766,59.936842,1,0.579426985,62.6578766,59.936842,0.463795541
31390,3139,0.523995706,1,1.15384615,0.511260571,67.485034,56.3179802,1,0.649095386,67.485034,56.3179802,0.464080236
31400,3140,0.522503751,1,1.17159763,0.508810457,70.5475077,61.071765,1,0.657550977,70.5475077,61.071765,0.434987687
31410,3141,0.537706293,1,1.20710059,0.514046999,65.3718696,63.4166469,1,0.548127678,65.3718696,63.4166469,0.437080826
31420,3142,0.527288415,1,1.20710059,0.513800554,63.331236,58.2313811,1,0.515475422,63.331236,58.2313811,0.428642879
31430,3143,0.522512302,1,1.19526627,0.518207027,68.6893153,56.4020857,1,0.503030652,68.6893153,56.4020857,0.435518706
31440,3144,0.513972493,1,1.14792899,0.516751971,70.4464241,61.9681348,1,0.487005409,70.4464241,61.9681348,0.448985271
31450,3145,0.510570143,1,1.14201183,0.515553271,64.6878848,63.2119074,1,0.512063385,64.6878848,63.2119074,0.453179074
31460,3146,0.514131897,1,1.14792899,0.515904298,64.1608593,57.3469966,1,0.57805854,64.1608593,57.3469966,0.452964818
31470,3147,0.530787462,1,1.17751479,0.515408379,69.9395399,57.5452613,1,0.656424352,69.9395399,57.5452613,0.444775451
31480,3148,0.544563624,1,1.22485207,0.52268181,69.0641247,63.1228406,1,0.576831963,69.0641247,63.1228406,0.434296976
31490,3149,0.536634216,1,1.23668639,0.517019633,63.5018928,62.0098617,1,0.524838527,63.5018928,62.0098617,0.436345411
31500,3150,0.524272519,1,1.20118343,0.513969474,64.9190727,56.5019986,1,0.510424339,64.9190727,56.5019986,0.437481727
31510,3151,0.521936671,1,1.17751479,0.520137138,70.4219814,58.2057744,1,0.504540174,70.4219814,58.2057744,0.443125373
31520,3152,0.511824424,1,1.13017751,0.513842885,68.5875738,63.9114949,1,0.492711107,68.5875738,63.9114949,0.461027268
31530,3153,0.510187229,1,1.11242604,0.516851586,63.1635392,61.7666733,1,0.494582194,63.1635392,61.7666733,0.448669375
31540,3154,0.52193646,1,1.15976331,0.52318524,65.6471628,56.6292506,1,0.57094825,65.6471628,56.6292506,0.438943715
31550,3155,0.529348561,1,1.17751479,0.512756483,70.5666688,59.9760833,1,0.65265624,70.5666688,59.9760833,0.457694428
31560,3156,0.537292028,1,1.21893491,0.516222486,66.4187492,64.0233689,1,0.547003085,66.4187492,64.0233689,0.445794005
31570,3157,0.522832706,1,1.24260355,0.507476233,62.5151124,59.7446998,1,0.520750814,62.5151124,59.7446998,0.44552602
31580,3158,0.521719066,1,1.17751479,0.51108969,67.0338933,56.2935717,1,0.515512426,67.0338933,56.2935717,0.43737832
31590,3159,0.510210163,1,1.10650888,0.510266611,70.4697024,61.145136,1,0.486793334,70.4697024,61.145136,0.45730404
31600,3160,0.520464419,1,1.13017751,0.522928439,66.0129028,64.2403144,1,0.480022647,66.0129028,64.2403144,0.417396776
31610,3161,0.514182908,1,1.15384615,0.520782401,63.0495603,59.3091194,1,0.530860276,63.0495603,59.3091194,0.442545643
31620,3162,0.519313057,1,1.17159763,0.514157463,68.6905073,57.203173,1,0.634038539,68.6905073,57.203173,0.463172067
31630,3163,0.537048836,1,1.21301775,0.515331326,69.6550612,62.9957697,1,0.615544005,69.6550612,62.9957697,0.451719529
31640,3164,0.533878175,1,1.19526627,0.510092895,63.9528501,63.5308622,1,0.580484608,63.9528501,63.5308622,0.440558652
31650,3165,0.532466357,1,1.25443787,0.511982258,63.8017437,57.9514731,1,0.520820889,63.8017437,57.9514731,0.429341154
31660,3166,0.520995647,1,1.17751479,0.517186134,69.3833642,58.10371,1,0.500889099,69.3833642,58.10371,0.429515088
31670,3167,0.519501658,1,1.16568047,0.517426718,69.0615289,63.7813951,1,0.501128818,69.0615289,63.7813951,0.437446097
31680,3168,0.509362357,1,1.13017751,0.513429072,63.1600724,62.9536758,1,0.498285268,63.1600724,62.9536758,0.458401576
31690,3169,0.51872633,1,1.18343195,0.517843832,64.5237004,57.3151174,1,0.568715045,64.5237004,57.3151174,0.446238864
31700,3170,0.527013082,1,1.18343195,0.517263345,70.0519369,59.2500236,1,0.644081798,70.0519369,59.2500236,0.450543791
31710,3171,0.538817315,1,1.20710059,0.514940381,67.4809897,64.3219975,1,0.663780151,67.4809897,64.3219975,0.437412296
31720,3172,0.534688528,1,1.26035503,0.51620951,62.776732,61.1078284,1,0.536392873,62.776732,61.1078284,0.4382653
31730,3173,0.531475587,1,1.24260355,0.517049901,65.9212775,56.6245749,1,0.517896,65.9212775,56.6245749,0.421238868
31740,3174,0.518188264,1,1.14201183,0.51350542,70.4277686,60.1060129,1,0.514216992,70.4277686,60.1060129,0.438048878
31750,3175,0.518736672,1,1.17751479,0.520399864,66.5727493,64.2440211,1,0.519774567,66.5727493,64.2440211,0.435035782
31760,3176,0.500448626,1,1.09467456,0.506195863,62.3997155,59.704681,1,0.537369653,62.3997155,59.704681,0.474309342
31770,3177,0.519599303,1,1.16568047,0.512629528,67.1791039,56.3161592,1,0.588046331,67.1791039,56.3161592,0.450670986
31780,3178,0.509350707,1,1.12426036,0.513669282,70.34886,61.013485,1,0.570759122,70.34886,61.013485,0.435904984
31790,3179,0.541611655,1,1.18934911,0.517042705,65.2469168,63.4455915,1,0.641715546,65.2469168,63.4455915,0.434768293
31800,3180,0.53351074,1,1.26035503,0.515782528,63.3450149,58.2454768,1,0.525278282,63.3450149,58.2454768,0.42592346
31810,3181,0.522286155,1,1.15976331,0.518292441,68.8155715,56.7843854,1,0.507936595,68.8155715,56.7843854,0.435562464
31820,3182,0.511554634,1,1.12426036,0.511623614,70.2026515,62.5493727,1,0.51605092,70.2026515,62.5493727,0.45611603
31830,3183,0.504361957,1,1.10650888,0.507956925,64.2933272,63.7850672,1,0.48783456,64.2933272,63.7850672,0.464395357
31840,3184,0.512102421,1,1.12426036,0.516424746,63.2069948,58.1993194,1,0.480969659,63.2069948,58.1993194,0.437723382
31850,3185,0.513238726,1,1.18934911,0.521398495,68.8546624,57.5930149,1,0.535444505,68.8546624,57.5930149,0.436932249
31860,3186,0.529071691,1,1.17159763,0.517086082,68.5492146,63.3857786,1,0.662256292,68.5492146,63.3857786,0.44621624
31870,3187,0.532132707,1,1.21301775,0.513290546,62.9078823,61.9988499,1,0.541376493,62.9078823,61.9988499,0.446870788
31880,3188,0.517225478,1,1.20710059,0.508566995,64.9027008,56.5603281,1,0.502740903,64.9027008,56.5603281,0.445601916
31890,3189,0.522684938,1,1.15976331,0.51553178,70.0910812,58.6531108,1,0.517782509,70.0910812,58.6531108,0.43035028
31900,3190,0.514943414,1,1.1183432,0.514255524,67.7447426,63.9792998,1,0.490078442,67.7447426,63.9792998,0.447700206
31910,3191,0.506690314,1,1.0887574,0.51549428,62.4266645,61.4063714,1,0.468429274,62.4266645,61.4063714,0.454444942
31920,3192,0.514421556,1,1.16568047,0.521546716,65.2211613,56.5422436,1,0.518208957,65.2211613,56.5422436,0.431516875
31930,3193,0.525366966,1,1.15976331,0.515652582,69.8420834,60.2614169,1,0.635381962,69.8420834,60.2614169,0.456285299
31940,3194,0.535953465,1,1.17751479,0.518203374,65.4794502,64.0841873,1,0.64243758,65.4794502,64.0841873,0.446194576
31950,3195,0.531911329,1,1.25443787,0.519107419,62.2410827,59.3634215,1,0.499256391,62.2410827,59.3634215,0.440364653
31960,3196,0.523251459,1,1.20118343,0.509712206,67.0200015,56.2253688,1,0.516543931,67.0200015,56.2253688,0.439778312
31970,3197,0.522865051,1,1.19526627,0.521295264,69.7919918,61.1692942,1,0.511267332,69.7919918,61.1692942,0.436000712
31980,3198,0.511972826,1,1.10650888,0.516984509,64.6836821,64.0018094,1,0.479913883,64.6836821,64.0018094,0.449312226
31990,3199,0.513948558,1,1.13017751,0.518053348,62.2258312,58.9410663,1,0.492914304,62.2258312,58.9410663,0.432771117
32000,3200,0.52820611,1,1.23076923,0.523860806,67.7008885,56.9659237,1,0.595023393,67.7008885,56.9659237,0.447725617
32010,3201,0.534867448,1,1.17751479,0.516673627,69.1183039,62.5836706,1,0.658354219,69.1183039,62.5836706,0.445677111
32020,3202,0.536278154,1,1.18934911,0.514091722,63.1944838,63.1204648,1,0.610547762,63.1944838,63.1204648,0.457545503
32030,3203,0.53010824,1,1.19526627,0.515840509,63.2355894,57.4776271,1,0.515500146,63.2355894,57.4776271,0.434075955
32040,3204,0.525363292,1,1.18343195,0.516373592,68.853087,57.6697072,1,0.514347348,68.853087,57.6697072,0.432367739
32050,3205,0.520245656,1,1.14792899,0.517958133,68.4323608,63.4328336,1,0.505397672,68.4323608,63.4328336,0.444497165
32060,3206,0.51286615,1,1.11242604,0.514964049,62.5869436,62.8150997,1,0.497456453,62.5869436,62.8150997,0.452151314
32070,3207,0.514024305,1,1.12426036,0.518176293,63.4769491,57.1687017,1,0.499717913,63.4769491,57.1687017,0.439700814
32080,3208,0.521426446,1,1.12426036,0.519546814,69.1646221,58.82591,1,0.590954413,69.1646221,58.82591,0.45570651
32090,3209,0.535944162,1,1.18343195,0.518373691,66.6244936,64.0880525,1,0.671476808,66.6244936,64.0880525,0.449473042
32100,3210,0.534256451,1,1.24260355,0.512230915,61.7549291,60.9495357,1,0.578113531,61.7549291,60.9495357,0.445642589
32110,3211,0.526260461,1,1.20710059,0.515118493,65.3023513,56.4955191,1,0.508194282,65.3023513,56.4955191,0.438005622
32120,3212,0.524930115,1,1.19526627,0.517817394,69.5491995,60.1023847,1,0.51551986,69.5491995,60.1023847,0.428601686
32130,3213,0.519142867,1,1.17159763,0.517878492,65.7499956,64.3480653,1,0.496223508,65.7499956,64.3480653,0.438257395
32140,3214,0.520818724,1,1.17751479,0.523330425,61.790489,60.4414949,1,0.510917643,61.790489,60.4414949,0.427867869
32150,3215,0.500877541,1,1.12426036,0.509120112,66.4689269,56.4892585,1,0.536980799,66.4689269,56.4892585,0.471105674
32160,3216,0.527539026,1,1.15976331,0.516114637,69.42658,61.5147129,1,0.630976549,69.42658,61.5147129,0.448553913
32170,3217,0.533770425,1,1.13609467,0.514786433,64.183719,63.9448546,1,0.662887717,64.183719,63.9448546,0.444514096
32180,3218,0.536299792,1,1.23668639,0.515674872,62.5151593,58.5508714,1,0.53307623,62.5151593,58.5508714,0.434320154
32190,3219,0.528463086,1,1.20710059,0.514272208,67.9080869,57.2002104,1,0.52058344,67.9080869,57.2002104,0.427653244
32200,3220,0.518388606,1,1.17751479,0.516795875,68.8792954,62.8692079,1,0.511194461,68.8792954,62.8692079,0.442429942
32210,3221,0.512985018,1,1.11242604,0.513678086,63.0940354,63.68947,1,0.500268066,63.0940354,63.68947,0.449470845
32220,3222,0.515234427,1,1.1183432,0.516135252,62.5571159,57.842935,1,0.490311909,62.5571159,57.842935,0.451625952
32230,3223,0.51565056,1,1.15384615,0.51748632,68.3592613,57.6507322,1,0.516191514,68.3592613,57.6507322,0.44656369
32240,3224,0.530974281,1,1.15976331,0.522450309,67.7582946,63.42217,1,0.627896184,67.7582946,63.42217,0.446357087
32250,3225,0.533239181,1,1.13609467,0.512458367,62.111104,62.2194055,1,0.6626909,62.111104,62.2194055,0.444142708
32260,3226,0.533349326,1,1.25443787,0.513709309,64.1030983,56.9479566,1,0.527135086,64.1030983,56.9479566,0.433481947
32270,3227,0.522067037,1,1.20710059,0.515804376,69.1633596,59.308438,1,0.514042574,69.1633596,59.308438,0.429518213
32280,3228,0.507685532,1,1.17751479,0.508887727,66.207357,64.5890976,1,0.51493867,66.207357,64.5890976,0.465516939
32290,3229,0.50305559,1,1.06508876,0.503250185,61.0718877,61.3665992,1,0.493069123,61.0718877,61.3665992,0.466369212
32300,3230,0.508844774,1,1.10059172,0.515721796,64.1620633,56.5165659,1,0.454596153,64.1620633,56.5165659,0.442371292
32310,3231,0.50562,1,1.16568047,0.522297701,68.6766599,59.5151677,1,0.485654915,68.6766599,59.5151677,0.416900338
32320,3232,0.510510608,1,1.14792899,0.522306035,65.2769928,63.8090942,1,0.563479525,65.2769928,63.8090942,0.421293735
32330,3233,0.543318558,1,1.17159763,0.519391424,61.6247918,59.5152631,1,0.631321468,61.6247918,59.5152631,0.433613943
32340,3234,0.523040631,1,1.20710059,0.513346538,66.493301,56.5313406,1,0.510851539,66.493301,56.5313406,0.439244748
32350,3235,0.517692906,1,1.15976331,0.51260722,69.2317233,61.6902396,1,0.491754258,69.2317233,61.6902396,0.44928079
32360,3236,0.519887188,1,1.17751479,0.514031515,64.1900014,64.4099434,1,0.496012632,64.1900014,64.4099434,0.440654087
32370,3237,0.519944496,1,1.17751479,0.516983038,61.616522,59.463001,1,0.489833755,61.616522,59.463001,0.42894556
32380,3238,0.513332655,1,1.13609467,0.518369474,66.8712311,57.013442,1,0.487590409,66.8712311,57.013442,0.445970173
32390,3239,0.507236589,1,1.13609467,0.517941337,68.8446811,62.4848786,1,0.526766323,68.8446811,62.4848786,0.447419446
32400,3240,0.523299053,1,1.18934911,0.516064795,63.2313731,63.6912211,1,0.628484284,63.2313731,63.6912211,0.441651607
32410,3241,0.537727058,1,1.22485207,0.516684435,63.1408851,57.8620456,1,0.587347295,63.1408851,57.8620456,0.448452136
32420,3242,0.527029529,1,1.22485207,0.515816119,68.8124413,58.367317,1,0.50669376,68.8124413,58.367317,0.43800144
32430,3243,0.525063406,1,1.18934911,0.515913788,68.1475786,63.9850578,1,0.515638417,68.1475786,63.9850578,0.435149798
32440,3244,0.518934726,1,1.12426036,0.516258852,62.4807582,63.098806,1,0.4998879,62.4807582,63.098806,0.441207972
32450,3245,0.519515834,1,1.13609467,0.521080183,63.5298348,57.5130716,1,0.486035781,63.5298348,57.5130716,0.437184315
32460,3246,0.516457037,1,1.14201183,0.519458314,69.2183171,58.7975769,1,0.502110865,69.2183171,58.7975769,0.448592704
32470,3247,0.521671573,1,1.19526627,0.517266711,67.0198065,64.3732337,1,0.592293235,67.0198065,64.3732337,0.461034322
32480,3248,0.533814423,1,1.20118343,0.514068681,61.9517521,61.1241647,1,0.644582448,61.9517521,61.1241647,0.463084751
32490,3249,0.527872632,1,1.17751479,0.505524071,65.4515713,56.4948288,1,0.571683666,65.4515713,56.4948288,0.446415607
32500,3250,0.532980511,1,1.24852071,0.511453705,69.6047034,60.2376396,1,0.523139877,69.6047034,60.2376396,0.430062191
32510,3251,0.525790275,1,1.20710059,0.51831823,65.7224524,64.2072431,1,0.510892289,65.7224524,64.2072431,0.427111014
32520,3252,0.519028145,1,1.19526627,0.515896742,61.6669734,60.3432499,1,0.505789064,61.6669734,60.3432499,0.430888402
32530,3253,0.517174011,1,1.17751479,0.521723769,65.9371541,56.5779234,1,0.499753122,65.9371541,56.5779234,0.43793576
32540,3254,0.513951315,1,1.15976331,0.516729933,69.4233974,61.3777645,1,0.549151167,69.4233974,61.3777645,0.456331955
32550,3255,0.528251817,1,1.17159763,0.515756781,63.957213,63.9261111,1,0.650505059,63.957213,63.9261111,0.463924871
32560,3256,0.530447717,1,1.20118343,0.513321405,62.4829282,58.1234807,1,0.575027814,62.4829282,58.1234807,0.460537603
32570,3257,0.52968461,1,1.26035503,0.511004261,68.0635685,57.0796342,1,0.538075572,68.0635685,57.0796342,0.436725047
32580,3258,0.536109758,1,1.28402367,0.51173758,68.9301103,62.4843083,1,0.529494059,68.9301103,62.4843083,0.421053879
32590,3259,0.527096576,1,1.21301775,0.518886971,63.4586545,63.1123437,1,0.508590649,63.4586545,63.1123437,0.423644777
32600,3260,0.521494796,1,1.14792899,0.519412797,62.8053886,57.5594723,1,0.487209208,62.8053886,57.5594723,0.430089688
32610,3261,0.515276746,1,1.14792899,0.518354403,68.6812486,57.429483,1,0.516803226,68.6812486,57.429483,0.452099814
32620,3262,0.517440745,1,1.15976331,0.51493811,68.0417637,63.4185828,1,0.582458763,68.0417637,63.4185828,0.463318735
32630,3263,0.524131305,1,1.15384615,0.510733577,62.259915,61.9957577,1,0.658235948,62.259915,61.9957577,0.458026415
32640,3264,0.533868739,1,1.1183432,0.510007186,64.2056618,56.7147206,1,0.651635589,64.2056618,56.7147206,0.43292923
32650,3265,0.543066803,1,1.18934911,0.516823181,69.1372629,58.8997748,1,0.580495406,69.1372629,58.8997748,0.414922471
32660,3266,0.532626529,1,1.20710059,0.51783285,66.7572297,63.858774,1,0.512506934,66.7572297,63.858774,0.423120495
32670,3267,0.514855585,1,1.15384615,0.514374148,61.7583774,60.9336077,1,0.504479757,61.7583774,60.9336077,0.445524245
32680,3268,0.517034324,1,1.12426036,0.516573617,64.9163917,56.0710681,1,0.520536248,64.9163917,56.0710681,0.446003595
32690,3269,0.507586657,1,1.08284024,0.510240284,69.9242742,59.4963561,1,0.499438963,69.9242742,59.4963561,0.466711303
32700,3270,0.516123373,1,1.16568047,0.517009601,66.3354923,64.0625584,1,0.523948069,66.3354923,64.0625584,0.446747342
32710,3271,0.533985673,1,1.18934911,0.522861717,62.2700796,59.8191594,1,0.644561094,62.2700796,59.8191594,0.452043451
32720,3272,0.539154974,1,1.19526627,0.516369272,66.7887743,56.3662982,1,0.639659527,66.7887743,56.3662982,0.43745399
32730,3273,0.530170874,1,1.25443787,0.514970267,69.547393,61.3835462,1,0.512761646,69.547393,61.3835462,0.440432516
32740,3274,0.513844288,1,1.18343195,0.507814698,64.2162501,63.9980952,1,0.501625699,64.2162501,63.9980952,0.456750493
32750,3275,0.520888189,1,1.17751479,0.510857436,61.8497343,58.8841191,1,0.521979083,61.8497343,58.8841191,0.433461017
32760,3276,0.514117927,1,1.12426036,0.514027985,67.216643,56.6155752,1,0.483197979,67.216643,56.6155752,0.448204836
32770,3277,0.513397944,1,1.14201183,0.518847658,69.2565114,61.9120378,1,0.474090102,69.2565114,61.9120378,0.436592363
32780,3278,0.517320615,1,1.18343195,0.524388651,63.7184829,63.4305194,1,0.557396508,63.7184829,63.4305194,0.441725679
32790,3279,0.527824218,1,1.16568047,0.514347471,63.1748323,57.4605473,1,0.666188022,63.1748323,57.4605473,0.461128806
32800,3280,0.535500404,1,1.18934911,0.514054812,68.9674876,57.8955581,1,0.583723169,68.9674876,57.8955581,0.446843562
32810,3281,0.534101865,1,1.25443787,0.515450862,68.2518626,63.4851021,1,0.532583831,68.2518626,63.4851021,0.433474477
32820,3282,0.528640693,1,1.20710059,0.512333812,62.7062256,62.6302035,1,0.518546631,62.7062256,62.6302035,0.431626493
32830,3283,0.524788283,1,1.17159763,0.52093439,63.7162371,57.1533503,1,0.497913502,63.7162371,57.1533503,0.428400383
32840,3284,0.523088809,1,1.18934911,0.519698159,69.1386732,58.1783185,1,0.498941,69.1386732,58.1783185,0.424496727
32850,3285,0.51345344,1,1.1183432,0.51874722,67.511881,63.7758767,1,0.511186884,67.511881,63.7758767,0.448396953
32860,3286,0.508941902,1,1.17751479,0.515850684,61.9700801,61.8340259,1,0.528175997,61.9700801,61.8340259,0.451705126
32870,3287,0.538347589,1,1.14792899,0.52262717,64.8989,56.7819913,1,0.660527801,64.8989,56.7819913,0.449200733
32880,3288,0.536965986,1,1.15976331,0.517438414,69.4524853,60.3464354,1,0.589686474,69.4524853,60.3464354,0.444828272
32890,3289,0.53328285,1,1.20118343,0.516963739,65.5055233,64.3714896,1,0.518863561,65.5055233,64.3714896,0.43364132
32900,3290,0.518391828,1,1.13609467,0.511371514,61.4614858,60.1992551,1,0.507683576,61.4614858,60.1992551,0.446960675
32910,3291,0.522556659,1,1.19526627,0.519337983,65.6395542,56.4685441,1,0.502208907,65.6395542,56.4685441,0.430868531
32920,3292,0.514469196,1,1.12426036,0.518055167,69.3619625,60.8005197,1,0.484212887,69.3619625,60.8005197,0.439353593
32930,3293,0.518487103,1,1.18934911,0.523022589,64.5181252,63.9851612,1,0.559997807,64.5181252,63.9851612,0.445919702
32940,3294,0.513768556,1,1.14792899,0.506817427,61.8300309,58.526403,1,0.631880736,61.8300309,58.526403,0.468055853
32950,3295,0.538006622,1,1.17751479,0.515073828,67.4263732,56.946388,1,0.653818027,67.4263732,56.946388,0.447316088
32960,3296,0.536300598,1,1.18343195,0.508533494,68.7915316,62.3914662,1,0.654056637,68.7915316,62.3914662,0.431815585
32970,3297,0.537774056,1,1.26627219,0.51694934,63.3956193,63.2232617,1,0.511249201,63.3956193,63.2232617,0.419972904
32980,3298,0.522772478,1,1.18343195,0.517046916,62.6759396,57.7013123,1,0.512612669,62.6759396,57.7013123,0.428357699
32990,3299,0.516812287,1,1.14792899,0.517263052,68.4545746,57.2982372,1,0.495652059,68.4545746,57.2982372,0.445590439
33000,3300,0.512690581,1,1.14792899,0.512716864,68.4813634,63.2920299,1,0.5142477,68.4813634,63.2920299,0.461065578
33010,3301,0.505894029,1,1.14792899,0.509571849,62.4862012,62.9350306,1,0.510686823,62.4862012,62.9350306,0.461983236
33020,3302,0.520477079,1,1.14792899,0.51784083,63.379036,57.3059502,1,0.585689806,63.379036,57.3059502,0.438419029
33030,3303,0.539079233,1,1.13609467,0.517283228,68.8777581,59.0857333,1,0.656653062,68.8777581,59.0857333,0.444583261
33040,3304,0.53745639,1,1.20118343,0.511987395,66.6699599,64.1980092,1,0.569748587,66.6699599,64.1980092,0.428356824
33050,3305,0.523448115,1,1.23668639,0.512645356,61.7130003,61.4335517,1,0.514540726,61.7130003,61.4335517,0.436593004
33060,3306,0.519697437,1,1.18343195,0.517665923,64.716684,56.688298,1,0.51518503,64.716684,56.688298,0.432000627
33070,3307,0.505960838,1,1.14201183,0.509507621,69.6253929,60.2980855,1,0.51946049,69.6253929,60.2980855,0.468700762
33080,3308,0.503664227,1,1.10650888,0.505091159,65.7533861,64.935827,1,0.496017413,65.7533861,64.935827,0.464739432
33090,3309,0.502057017,1,1.14792899,0.516120476,61.4511985,61.19835,1,0.468040102,61.4511985,61.19835,0.438377536
33100,3310,0.513481261,1,1.14201183,0.520206646,65.4105531,57.4144629,1,0.575658591,65.4105531,57.4144629,0.421284948
33110,3311,0.529885158,1,1.17159763,0.515632328,68.7603016,61.807389,1,0.673245387,68.7603016,61.807389,0.424951196
33120,3312,0.536023291,1,1.23668639,0.519686508,63.8527294,64.346852,1,0.511367501,63.8527294,64.346852,0.425052289
33130,3313,0.515438725,1,1.19526627,0.513755412,61.5941807,59.032684,1,0.508870093,61.5941807,59.032684,0.44416948
33140,3314,0.511927547,1,1.15976331,0.510690344,67.1350163,56.9063766,1,0.511332299,67.1350163,56.9063766,0.456524316
33150,3315,0.513171314,1,1.11242604,0.512696624,69.2184229,62.3399598,1,0.490558262,69.2184229,62.3399598,0.447639495
33160,3316,0.514519334,1,1.07692308,0.518454981,63.7994953,64.1593918,1,0.480362927,63.7994953,64.1593918,0.439708817
33170,3317,0.509896068,1,1.15384615,0.519708205,62.3777721,58.5662196,1,0.519210807,62.3777721,58.5662196,0.443925957
33180,3318,0.521047827,1,1.14201183,0.516717719,68.2160904,58.04096,1,0.638608968,68.2160904,58.04096,0.450915297
33190,3319,0.534262799,1,1.20710059,0.510392711,67.7216635,63.7915617,1,0.606240127,67.7216635,63.7915617,0.44398597
33200,3320,0.523470226,1,1.22485207,0.512212917,62.1435204,62.4675491,1,0.520225229,62.1435204,62.4675491,0.441009396
33210,3321,0.513512041,1,1.14792899,0.512604439,63.9033569,56.8801447,1,0.511188164,63.9033569,56.8801447,0.450615046
33220,3322,0.509400717,1,1.14201183,0.509083917,69.5274885,58.8534444,1,0.505021191,69.5274885,58.8534444,0.458481979
33230,3323,0.50677116,1,1.07692308,0.509129482,67.5176186,64.3504679,1,0.461469724,67.5176186,64.3504679,0.450225746
33240,3324,0.507076898,1,1.10059172,0.518137681,62.4832281,62.2159383,1,0.476917761,62.4832281,62.2159383,0.420631429
33250,3325,0.506473127,1,1.18343195,0.521854638,65.0159271,57.211676,1,0.539913702,65.0159271,57.211676,0.431436336
33260,3326,0.543534237,1,1.17159763,0.519413654,69.4922045,60.7901965,1,0.648665964,69.4922045,60.7901965,0.440836135
33270,3327,0.532137035,1,1.24852071,0.513403403,65.2737678,64.7184429,1,0.525458018,65.2737678,64.7184429,0.443402181
33280,3328,0.522984461,1,1.19526627,0.516713878,61.7401867,60.1883807,1,0.512034028,61.7401867,60.1883807,0.441940708
33290,3329,0.512116308,1,1.14792899,0.508008733,66.3234283,56.5464982,1,0.508143549,66.3234283,56.5464982,0.450308324
33300,3330,0.520257051,1,1.14201183,0.518225869,69.5847221,61.0469991,1,0.482876806,69.5847221,61.0469991,0.427532798
33310,3331,0.517786829,1,1.11242604,0.522521806,64.9667148,64.2640396,1,0.486302434,64.9667148,64.2640396,0.432929622
33320,3332,0.518525968,1,1.18343195,0.523299535,62.2516533,59.1499291,1,0.573039808,62.2516533,59.1499291,0.44539515
33330,3333,0.522676226,1,1.17159763,0.508934377,68.0079825,57.2400562,1,0.662388845,68.0079825,57.2400562,0.466530313
33340,3334,0.533687074,1,1.22485207,0.516010788,68.7298104,63.0150848,1,0.5549626,68.7298104,63.0150848,0.447689603
33350,3335,0.532400107,1,1.23076923,0.508242817,63.1326171,63.6071278,1,0.564914566,63.1326171,63.6071278,0.432955215
33360,3336,0.533942448,1,1.25443787,0.512494079,62.8035976,58.1368347,1,0.518699578,62.8035976,58.1368347,0.421552219
33370,3337,0.521880105,1,1.17751479,0.518266028,68.3886581,57.9973622,1,0.501485579,68.3886581,57.9973622,0.42975398
33380,3338,0.518241912,1,1.15976331,0.517920606,68.3180068,63.6653286,1,0.505789696,68.3180068,63.6653286,0.436031286
33390,3339,0.511738629,1,1.15976331,0.514073121,62.4091857,62.9135157,1,0.532762709,62.4091857,62.9135157,0.458189066
33400,3340,0.513558806,1,1.15976331,0.511181197,63.5624255,57.11044,1,0.594466265,63.5624255,57.11044,0.455119789
33410,3341,0.523329487,1,1.19526627,0.516509318,68.9962567,58.7411351,1,0.61517054,68.9962567,58.7411351,0.436403328
33420,3342,0.54132234,1,1.14792899,0.516859239,66.5652873,63.9790607,1,0.646277108,66.5652873,63.9790607,0.444196482
33430,3343,0.536645363,1,1.24852071,0.513194255,61.7507236,61.2978363,1,0.544756618,61.7507236,61.2978363,0.423908189
33440,3344,0.522864795,1,1.20118343,0.51524324,64.9776888,56.6877331,1,0.518840429,64.9776888,56.6877331,0.432868213
33450,3345,0.512737098,1,1.18343195,0.514598105,69.5643257,60.3634908,1,0.518096669,69.5643257,60.3634908,0.452137811
33460,3346,0.504086823,1,1.08284024,0.508725928,65.5754173,64.8515205,1,0.500681081,65.5754173,64.8515205,0.461883211
33470,3347,0.514592869,1,1.14792899,0.516092317,61.5769415,60.543985,1,0.52479847,61.5769415,60.543985,0.452100104
33480,3348,0.52980535,1,1.18343195,0.519836601,66.5507341,57.2246073,1,0.6474848,66.5507341,57.2246073,0.459977366
33490,3349,0.514610262,1,1.11242604,0.50832993,69.393997,62.0793274,1,0.637464025,69.393997,62.0793274,0.432773164
33500,3350,0.538410056,1,1.20710059,0.51473607,64.0700935,64.0221967,1,0.585859752,64.0700935,64.0221967,0.435948872
33510,3351,0.523989233,1,1.18934911,0.514594484,62.554334,58.5984006,1,0.514298365,62.554334,58.5984006,0.433201176
33520,3352,0.518390347,1,1.14201183,0.515518775,68.1889181,57.3395105,1,0.509785663,68.1889181,57.3395105,0.444115654
33530,3353,0.512672327,1,1.13017751,0.516312131,69.2829969,63.1627228,1,0.489953137,69.2829969,63.1627228,0.455776921
33540,3354,0.513936056,1,1.1183432,0.51662705,63.5055078,63.9658201,1,0.510143096,63.5055078,63.9658201,0.448695318
33550,3355,0.518419193,1,1.20118343,0.518507886,63.3592408,58.0131594,1,0.581529098,63.3592408,58.0131594,0.458035195
33560,3356,0.499376911,1,1.07692308,0.509276027,69.0757558,58.1580538,1,0.558524608,69.0757558,58.1580538,0.439873161
33570,3357,0.540697163,1,1.16568047,0.518047676,67.8748866,63.6275664,1,0.648878683,67.8748866,63.6275664,0.430753122
33580,3358,0.530256783,1,1.23076923,0.513797376,62.4659734,62.0180148,1,0.532170009,62.4659734,62.0180148,0.43410111
33590,3359,0.529861347,1,1.20118343,0.519484981,64.4213988,56.9217519,1,0.509477481,64.4213988,56.9217519,0.41988717
33600,3360,0.522005492,1,1.15384615,0.517981817,69.7356743,58.9379464,1,0.512148538,69.7356743,58.9379464,0.437222028
33610,3361,0.515108817,1,1.14792899,0.517464709,67.4649996,64.3167875,1,0.489387522,67.4649996,64.3167875,0.449114159
33620,3362,0.517475294,1,1.12426036,0.517319381,62.3036882,61.7766098,1,0.50890303,62.3036882,61.7766098,0.442502551
33630,3363,0.511506776,1,1.17751479,0.516413592,65.359676,56.6937224,1,0.5378001,65.359676,56.6937224,0.456218091
33640,3364,0.524707864,1,1.14792899,0.516363702,69.9039525,60.4288212,1,0.633342436,69.9039525,60.4288212,0.452484348
33650,3365,0.538611849,1,1.18934911,0.519593179,65.6018505,64.2180119,1,0.6190479,65.6018505,64.2180119,0.440991668
33660,3366,0.534247864,1,1.24260355,0.519622281,62.2834264,59.693291,1,0.512308183,62.2834264,59.693291,0.431627151
33670,3367,0.522654713,1,1.18343195,0.510311515,67.0109956,56.5493454,1,0.524273463,67.0109956,56.5493454,0.436732791
33680,3368,0.524079087,1,1.20710059,0.52081012,69.7985739,61.5417122,1,0.507650998,69.7985739,61.5417122,0.439838053
33690,3369,0.51139902,1,1.1183432,0.515740283,64.6149571,64.4299127,1,0.478005899,64.6149571,64.4299127,0.456456541
33700,3370,0.51794835,1,1.16568047,0.521583359,62.2658982,59.245137,1,0.512344011,62.2658982,59.245137,0.437853676
33710,3371,0.511015866,1,1.15384615,0.513036576,67.9308253,57.3250112,1,0.57055321,67.9308253,57.3250112,0.460114997
33720,3372,0.537249722,1,1.17751479,0.519789702,68.9706595,62.9238969,1,0.658327039,68.9706595,62.9238969,0.438048227
33730,3373,0.537383726,1,1.14792899,0.51436248,63.1868357,63.420103,1,0.639736697,63.1868357,63.420103,0.446543851
33740,3374,0.534459281,1,1.21893491,0.516739379,63.4084896,57.8287667,1,0.517340918,63.4084896,57.8287667,0.430440615
33750,3375,0.524015348,1,1.19526627,0.516408139,69.0308088,58.152118,1,0.50364543,69.0308088,58.152118,0.433200756
33760,3376,0.520853196,1,1.18343195,0.517913714,68.5611745,63.8710341,1,0.507705013,68.5611745,63.8710341,0.441397446
33770,3377,0.510518842,1,1.13609467,0.51412945,62.6906966,62.9221886,1,0.507134184,62.6906966,62.9221886,0.457435729
33780,3378,0.514482242,1,1.19526627,0.515235867,64.2673045,57.1891801,1,0.541659406,64.2673045,57.1891801,0.457372731
33790,3379,0.521195421,1,1.17751479,0.515096925,69.8761801,59.3391663,1,0.619929537,69.8761801,59.3391663,0.462063333
33800,3380,0.524003326,1,1.11242604,0.511420753,67.2533847,64.4813273,1,0.646423741,67.2533847,64.4813273,0.444032592
33810,3381,0.540198391,1,1.18934911,0.514815202,62.6589617,61.3847858,1,0.655365469,62.6589617,61.3847858,0.426193359
33820,3382,0.52940746,1,1.26035503,0.517906525,66.2690421,57.0919591,1,0.507385434,66.2690421,57.0919591,0.43146264
33830,3383,0.522733057,1,1.19526627,0.518373143,70.4663887,60.8841009,1,0.517752613,70.4663887,60.8841009,0.435129429
33840,3384,0.517169892,1,1.14792899,0.514782821,66.4199003,65.0019393,1,0.511604465,66.4199003,65.0019393,0.444097792
33850,3385,0.50651471,1,1.08284024,0.513591076,62.4047966,60.5381359,1,0.483814199,62.4047966,60.5381359,0.461837074
33860,3386,0.511218851,1,1.10059172,0.514940969,66.811406,56.895782,1,0.50567868,66.811406,56.895782,0.439775008
33870,3387,0.515759804,1,1.15384615,0.521426,70.0608085,61.645975,1,0.570915685,70.0608085,61.645975,0.442711852
33880,3388,0.534662575,1,1.14792899,0.516497755,64.8859926,64.2915899,1,0.667363204,64.8859926,64.2915899,0.447068014
33890,3389,0.534141676,1,1.23668639,0.516402338,63.215436,58.7572445,1,0.551185078,63.215436,58.7572445,0.444690828
33900,3390,0.523501068,1,1.20118343,0.5141022,68.8650378,57.5540021,1,0.50124279,68.8650378,57.5540021,0.444331776
33910,3391,0.526116306,1,1.18934911,0.514970756,70.1619953,62.9718473,1,0.514074832,70.1619953,62.9718473,0.42853228
33920,3392,0.521763841,1,1.16568047,0.517530082,64.5612253,63.9419639,1,0.501409416,64.5612253,63.9419639,0.437243583
33930,3393,0.509391594,1,1.1183432,0.512490592,63.6738982,58.0863257,1,0.473381336,63.6738982,58.0863257,0.455575894
33940,3394,0.516798772,1,1.15976331,0.520780272,69.3486561,57.6106932,1,0.507484544,69.3486561,57.6106932,0.438050435
33950,3395,0.520194979,1,1.19526627,0.520340774,69.2266548,63.4145139,1,0.575329736,69.2266548,63.4145139,0.446546377
33960,3396,0.530541819,1,1.15976331,0.513722029,63.4713073,62.3695659,1,0.664740059,63.4713073,62.3695659,0.449956873
33970,3397,0.530565432,1,1.24260355,0.516417309,65.5117888,57.0240978,1,0.514151579,65.5117888,57.0240978,0.440129046
33980,3398,0.519683789,1,1.18343195,0.510929378,70.742785,59.3784869,1,0.510061818,70.742785,59.3784869,0.44126278
33990,3399,0.522829756,1,1.18934911,0.517570694,68.1800141,64.4949019,1,0.505688474,68.1800141,64.4949019,0.440182165
34000,3400,0.520852072,1,1.14201183,0.515849746,63.0772312,62.1225656,1,0.48802782,63.0772312,62.1225656,0.432868325
34010,3401,0.521402768,1,1.13609467,0.520634689,65.7099373,57.1800296,1,0.486626038,65.7099373,57.1800296,0.430767879
34020,3402,0.512957349,1,1.10650888,0.518550002,70.8335018,60.0931016,1,0.502386891,70.8335018,60.0931016,0.453369383
34030,3403,0.52688517,1,1.18934911,0.522710667,67.2576077,64.7235919,1,0.601918082,67.2576077,64.7235919,0.450039176
34040,3404,0.538785619,1,1.19526627,0.519591898,63.2227294,60.3637232,1,0.645490811,63.2227294,60.3637232,0.456956086
34050,3405,0.531813165,1,1.22485207,0.516215296,68.0506691,57.066241,1,0.53982636,68.0506691,57.066241,0.449736217
34060,3406,0.521476978,1,1.24852071,0.512338099,71.0487923,62.1233575,1,0.51818983,71.0487923,62.1233575,0.452234233
34070,3407,0.52084907,1,1.19526627,0.510354864,66.1928729,64.9847382,1,0.506195904,66.1928729,64.9847382,0.433558633
34080,3408,0.527720343,1,1.18934911,0.521499841,63.5525924,60.3176781,1,0.504381974,63.5525924,60.3176781,0.4124722
34090,3409,0.514048033,1,1.14201183,0.514816713,68.7222592,57.6258996,1,0.476215026,68.7222592,57.6258996,0.448344271
34100,3410,0.50970489,1,1.14201183,0.519478724,70.8699933,63.0549734,1,0.512573369,70.8699933,63.0549734,0.449112233
34110,3411,0.52446301,1,1.15976331,0.517214697,65.0668625,64.3504086,1,0.630789619,65.0668625,64.3504086,0.457381792
34120,3412,0.527457371,1,1.18934911,0.510023817,64.9707791,58.3087449,1,0.608952721,64.9707791,58.3087449,0.46480213
34130,3413,0.533881547,1,1.24852071,0.511503253,70.5220727,58.7397769,1,0.559227032,70.5220727,58.7397769,0.428307869
34140,3414,0.528461945,1,1.19526627,0.514125378,69.7882775,64.323255,1,0.518670165,69.7882775,64.323255,0.433191562
34150,3415,0.520128116,1,1.15976331,0.517872921,64.1518358,63.3845717,1,0.495804466,64.1518358,63.3845717,0.439543886
34160,3416,0.524412341,1,1.20118343,0.518252995,64.8798643,58.0588048,1,0.50102248,64.8798643,58.0588048,0.413484387
34170,3417,0.512990803,1,1.11242604,0.518534595,70.5113765,59.3292093,1,0.493788846,70.5113765,59.3292093,0.44407911
34180,3418,0.515809108,1,1.18934911,0.519439249,68.7276562,64.8746791,1,0.537287102,68.7276562,64.8746791,0.448098504
34190,3419,0.533718157,1,1.19526627,0.520189941,63.4456754,62.059176,1,0.658889806,63.4456754,62.059176,0.460424161
34200,3420,0.53406689,1,1.15384615,0.509777396,66.905361,57.332488,1,0.640176381,66.905361,57.332488,0.450581503
34210,3421,0.533421652,1,1.26627219,0.520830244,70.9512973,61.2840095,1,0.507771268,70.9512973,61.2840095,0.435034671
34220,3422,0.519792354,1,1.18343195,0.515831968,66.8948227,65.4474819,1,0.51068772,66.8948227,65.4474819,0.447144051
34230,3423,0.529666813,1,1.23076923,0.518008553,63.078985,61.6559564,1,0.521175234,63.078985,61.6559564,0.413788125
34240,3424,0.516978014,1,1.10650888,0.519236343,67.4231273,57.7700371,1,0.477562127,67.4231273,57.7700371,0.448349645
34250,3425,0.513045457,1,1.12426036,0.520287695,71.0803483,61.928707,1,0.473774613,71.0803483,61.928707,0.42600247
34260,3426,0.506645507,1,1.15976331,0.517977064,66.4152459,65.3378429,1,0.528328428,66.4152459,65.3378429,0.444462229
34270,3427,0.532745433,1,1.16568047,0.519336902,63.9446482,60.0311233,1,0.65626807,63.9446482,60.0311233,0.450280165
34280,3428,0.530452655,1,1.24260355,0.514723524,69.653276,58.6189908,1,0.540252014,69.653276,58.6189908,0.452360995
34290,3429,0.523180464,1,1.23668639,0.509310822,70.6167904,64.3468851,1,0.520450199,70.6167904,64.3468851,0.4467975
34300,3430,0.522852036,1,1.20118343,0.515412981,64.9695637,65.0540331,1,0.505894311,64.9695637,65.0540331,0.437794554
34310,3431,0.519060736,1,1.16568047,0.512788429,64.3093147,59.4450258,1,0.507331931,64.3093147,59.4450258,0.434441027
34320,3432,0.517591684,1,1.15976331,0.51885286,70.0276999,59.2022207,1,0.492642789,70.0276999,59.2022207,0.440272129
34330,3433,0.510554846,1,1.14792899,0.515299907,70.0006523,65.1195943,1,0.503447987,70.0006523,65.1195943,0.455187338
34340,3434,0.519647528,1,1.18934911,0.519636182,64.2657,64.3844009,1,0.582811602,64.2657,64.3844009,0.444760335
34350,3435,0.53979323,1,1.19526627,0.518658436,65.932188,58.7973344,1,0.660534568,65.932188,58.7973344,0.448485244
34360,3436,0.534852929,1,1.20710059,0.517037572,71.0814642,61.211266,1,0.535905119,71.0814642,61.211266,0.4374625
34370,3437,0.52755572,1,1.25443787,0.5140378,68.4926636,66.2614156,1,0.516841756,68.4926636,66.2614156,0.436540318
34380,3438,0.523656994,1,1.17159763,0.518255375,63.6866434,63.4572444,1,0.517466538,63.6866434,63.4572444,0.428021499
34390,3439,0.510071406,1,1.17751479,0.513551821,67.0857817,58.5611704,1,0.512891802,67.0857817,58.5611704,0.458487883
34400,3440,0.510448989,1,1.15384615,0.510949229,71.6680567,62.4490261,1,0.533551843,71.6680567,62.4490261,0.462260115
34410,3441,0.506361626,1,1.13609467,0.511926456,67.4802018,66.6200235,1,0.540252844,67.4802018,66.6200235,0.454662548
34420,3442,0.514071035,1,1.15384615,0.513462993,63.9278379,62.2388832,1,0.600978129,63.9278379,62.2388832,0.433873975
34430,3443,0.544339335,1,1.21893491,0.520101938,68.7861299,59.371852,1,0.600557107,68.7861299,59.371852,0.433936636
34440,3444,0.534559219,1,1.26035503,0.515199471,71.2361364,64.3200672,1,0.532480404,71.2361364,64.3200672,0.424733578
34450,3445,0.522404117,1,1.19526627,0.517232818,65.9213219,66.3309094,1,0.508230562,65.9213219,66.3309094,0.43711493
34460,3446,0.512247321,1,1.15384615,0.511480759,63.9331265,60.7509346,1,0.50869808,63.9331265,60.7509346,0.455661557
34470,3447,0.512648839,1,1.14792899,0.515032466,69.5209944,59.0304489,1,0.492893954,69.5209944,59.0304489,0.449749029
34480,3448,0.513961217,1,1.13609467,0.516782735,70.9247693,64.6960565,1,0.521098738,70.9247693,64.6960565,0.448994231
34490,3449,0.517618462,1,1.11242604,0.517427149,65.1682233,65.4757125,1,0.569192446,65.1682233,65.4757125,0.446854132
34500,3450,0.532679888,1,1.15976331,0.517859989,65.1770739,59.5859356,1,0.668454819,65.1770739,59.5859356,0.453060274
34510,3451,0.533751185,1,1.21301775,0.510903733,70.8520218,60.5199711,1,0.546422886,70.8520218,60.5199711,0.442407722
34520,3452,0.514554082,1,1.15384615,0.50913132,69.1349761,66.0870267,1,0.518899228,69.1349761,66.0870267,0.448141163
34530,3453,0.509755306,1,1.17751479,0.509418472,63.5417861,63.9937198,1,0.513816561,63.5417861,63.9937198,0.459390567
34540,3454,0.508102094,1,1.10650888,0.508891482,65.6313262,58.4192204,1,0.481990255,65.6313262,58.4192204,0.457942541
34550,3455,0.514961302,1,1.09467456,0.518038712,70.7154311,60.3240866,1,0.473060406,70.7154311,60.3240866,0.417633782
34560,3456,0.51049057,1,1.13609467,0.525007394,68.6288065,65.5144543,1,0.482771875,68.6288065,65.5144543,0.430315138
34570,3457,0.514212319,1,1.14792899,0.51928432,63.68114,62.8066154,1,0.575626063,63.68114,62.8066154,0.43386113
34580,3458,0.538589739,1,1.18343195,0.515390076,67.5214327,58.3801852,1,0.612586573,67.5214327,58.3801852,0.450779288
34590,3459,0.525928854,1,1.17751479,0.508704001,71.2977674,62.8142932,1,0.531109013,71.2977674,62.8142932,0.448020088
34600,3460,0.523563815,1,1.21301775,0.512962583,66.8212568,66.3477928,1,0.515989696,66.8212568,66.3477928,0.438696069
34610,3461,0.5203154,1,1.17751479,0.512133784,63.3580247,61.8806507,1,0.507748596,63.3580247,61.8806507,0.43479802
34620,3462,0.517930854,1,1.09467456,0.518467936,68.0311017,58.6446208,1,0.483260423,68.0311017,58.6446208,0.437242148
34630,3463,0.515199532,1,1.13609467,0.51994623,71.0481902,63.4836805,1,0.500714996,71.0481902,63.4836805,0.438659341
34640,3464,0.509768152,1,1.15384615,0.514667294,65.6652138,66.043298,1,0.558461534,65.6652138,66.043298,0.458503334
34650,3465,0.53461573,1,1.20118343,0.517789645,64.0045554,60.4480278,1,0.656468324,64.0045554,60.4480278,0.448962219
34660,3466,0.532917123,1,1.21301775,0.514711931,69.92485,59.7416837,1,0.576024054,69.92485,59.7416837,0.458637103
34670,3467,0.51842995,1,1.22485207,0.50958397,69.855053,65.6261291,1,0.50099108,69.855053,65.6261291,0.452681482
34680,3468,0.525095402,1,1.22485207,0.512790243,64.2641159,65.4898706,1,0.515273672,64.2641159,65.4898706,0.430199784
34690,3469,0.521160338,1,1.15384615,0.517757417,64.5103574,59.9572734,1,0.511902934,64.5103574,59.9572734,0.426005709
34700,3470,0.522066341,1,1.14792899,0.523975226,70.089467,60.3859767,1,0.494220633,70.089467,60.3859767,0.430427407
34710,3471,0.516679772,1,1.12426036,0.519989863,69.272073,66.2125098,1,0.51852322,69.272073,66.2125098,0.452583782
34720,3472,0.518705864,1,1.17159763,0.514861567,63.4925039,64.5620055,1,0.582350595,63.4925039,64.5620055,0.46235558
34730,3473,0.52874863,1,1.13609467,0.510391369,66.0654899,59.1341688,1,0.662714249,66.0654899,59.1341688,0.462061681
34740,3474,0.533570665,1,1.17751479,0.508410341,70.8848062,62.0915161,1,0.602227196,70.8848062,62.0915161,0.434950269
34750,3475,0.527751324,1,1.21301775,0.517663814,67.4181617,66.4862552,1,0.525042287,67.4181617,66.4862552,0.430572454
34760,3476,0.522340169,1,1.18343195,0.519378344,63.0123487,62.9445896,1,0.512720933,63.0123487,62.9445896,0.434833736
34770,3477,0.513824773,1,1.16568047,0.518605943,66.8481151,58.5271893,1,0.493257023,66.8481151,58.5271893,0.450026491
34780,3478,0.512047642,1,1.07692308,0.512861842,71.1022515,62.3877994,1,0.484232834,71.1022515,62.3877994,0.441902737
34790,3479,0.509520122,1,1.15384615,0.520052941,66.9136732,66.3729887,1,0.500680258,66.9136732,66.3729887,0.444731969
34800,3480,0.521990524,1,1.17751479,0.51986005,63.3823293,61.8979282,1,0.592505571,63.3823293,61.8979282,0.438505774
34810,3481,0.538680046,1,1.18343195,0.51819475,68.5316914,59.186229,1,0.6499088,68.5316914,59.186229,0.447671438
34820,3482,0.5356863,1,1.27218935,0.517778949,70.5152401,64.49938,1,0.517738295,70.5152401,64.49938,0.436256527
34830,3483,0.52077624,1,1.20118343,0.515371143,64.9770695,66.177249,1,0.503312314,64.9770695,66.177249,0.445135293
34840,3484,0.515311405,1,1.21301775,0.511797783,63.5147451,60.4731651,1,0.509933595,63.5147451,60.4731651,0.452965025
34850,3485,0.512658595,1,1.10059172,0.511722765,69.2416886,59.1533353,1,0.489058097,69.2416886,59.1533353,0.452081532
34860,3486,0.514121081,1,1.09467456,0.518092738,70.2301064,64.7529538,1,0.485757478,70.2301064,64.7529538,0.437398827
34870,3487,0.515694381,1,1.18343195,0.52131687,64.5120536,65.4211418,1,0.518544167,64.5120536,65.4211418,0.442843174
34880,3488,0.539397658,1,1.21301775,0.522014118,64.9322301,59.5638131,1,0.664597118,64.9322301,59.5638131,0.451721546
34890,3489,0.535736902,1,1.23076923,0.513732336,70.7276926,60.8468304,1,0.596308351,70.7276926,60.8468304,0.45659869
34900,3490,0.526235228,1,1.22485207,0.51096592,68.811991,66.3289933,1,0.51710397,68.811991,66.3289933,0.44671068
34910,3491,0.519012982,1,1.18343195,0.507743382,63.4843407,64.1465133,1,0.505872152,63.4843407,64.1465133,0.442873063
34920,3492,0.524990323,1,1.15384615,0.517066016,65.7772627,59.181758,1,0.505265544,65.7772627,59.181758,0.420666471
34930,3493,0.521055266,1,1.15384615,0.522001937,70.8981009,61.5915479,1,0.484417911,70.8981009,61.5915479,0.435347044
34940,3494,0.517459764,1,1.11242604,0.520515624,68.3021974,66.7505545,1,0.50692382,68.3021974,66.7505545,0.444253677
34950,3495,0.521040802,1,1.18343195,0.52068829,63.3686123,63.4143439,1,0.587652815,63.3686123,63.4143439,0.458132066
34960,3496,0.531230345,1,1.18934911,0.512613075,67.5671084,59.10396,1,0.659063175,67.5671084,59.10396,0.462862073
34970,3497,0.532940251,1,1.19526627,0.517339664,71.0730727,63.8422757,1,0.572712276,71.0730727,63.8422757,0.453411929
34980,3498,0.525847364,1,1.21893491,0.514491236,66.2433253,66.9671992,1,0.505232847,66.2433253,66.9671992,0.442502345
34990,3499,0.526457815,1,1.18343195,0.512197855,63.2529352,62.249612,1,0.501386489,63.2529352,62.249612,0.429655574
35000,3500,0.529944377,1,1.17159763,0.522236517,67.9472649,59.4775602,1,0.515397487,67.9472649,59.4775602,0.41936133
35010,3501,0.515354995,1,1.14792899,0.516462709,70.6862116,64.6871014,1,0.498675319,70.6862116,64.6871014,0.452744091
35020,3502,0.506631311,1,1.09467456,0.512385076,65.1883761,67.1353372,1,0.492893436,65.1883761,67.1353372,0.462946916
35030,3503,0.516038463,1,1.18343195,0.517085444,63.3903288,61.5756102,1,0.563807761,63.3903288,61.5756102,0.449480558
35040,3504,0.52174145,1,1.12426036,0.513035527,69.2401143,60.6090475,1,0.652525742,69.2401143,60.6090475,0.456084664
35050,3505,0.539753428,1,1.18934911,0.515206916,69.3648802,66.1865601,1,0.604506165,69.3648802,66.1865601,0.429146756
35060,3506,0.52769095,1,1.20710059,0.516589641,63.7246156,65.648368,1,0.513725298,63.7246156,65.648368,0.435837194
35070,3507,0.518139868,1,1.16568047,0.515967583,64.4669452,59.9157359,1,0.499337719,64.4669452,59.9157359,0.44465347
35080,3508,0.518124878,1,1.16568047,0.517473872,70.1734945,60.751673,1,0.499804644,70.1734945,60.751673,0.443650112
35090,3509,0.511854036,1,1.07100592,0.516172004,69.0112268,66.5424917,1,0.487659099,69.0112268,66.5424917,0.454331212
35100,3510,0.519517488,1,1.20710059,0.519590701,63.3355161,64.8536549,1,0.543700518,63.3355161,64.8536549,0.45551104
35110,3511,0.523609776,1,1.17159763,0.516512471,65.6988817,59.3016659,1,0.62825864,65.6988817,59.3016659,0.464159728
35120,3512,0.527009983,1,1.15384615,0.510234127,70.7780533,62.1707634,1,0.66224256,70.7780533,62.1707634,0.448730653
35130,3513,0.536413476,1,1.14792899,0.511043685,67.5837098,66.769135,1,0.635224294,67.5837098,66.769135,0.43069266
35140,3514,0.534525197,1,1.22485207,0.518165931,63.3916013,63.2761728,1,0.522964534,63.3916013,63.2761728,0.419738986
35150,3515,0.522355036,1,1.20118343,0.519085716,67.3024922,59.0727598,1,0.511600927,67.3024922,59.0727598,0.441646649
35160,3516,0.513050681,1,1.16568047,0.51410342,71.5256428,63.2267147,1,0.492939482,71.5256428,63.2267147,0.455670011
35170,3517,0.517528348,1,1.10650888,0.517265289,67.3685456,67.0350078,1,0.505023456,67.3685456,67.0350078,0.433675317
35180,3518,0.503566844,1,1.12426036,0.512443103,63.5007452,62.540316,1,0.49121742,63.5007452,62.540316,0.456135902
35190,3519,0.527288908,1,1.14201183,0.524057357,68.2804864,59.4699205,1,0.602849895,68.2804864,59.4699205,0.43699657
35200,3520,0.524826549,1,1.12426036,0.513150212,70.9299745,64.5513153,1,0.660617808,70.9299745,64.5513153,0.440819303
35210,3521,0.539529894,1,1.21893491,0.518714618,65.5853196,66.3494054,1,0.544841125,65.5853196,66.3494054,0.433770208
35220,3522,0.522582112,1,1.16568047,0.512272572,64.1980407,60.8037123,1,0.516919603,64.1980407,60.8037123,0.439736703
35230,3523,0.522067381,1,1.21301775,0.519359249,69.817962,59.7904108,1,0.505048391,69.817962,59.7904108,0.439272502
35240,3524,0.512706282,1,1.13609467,0.511001348,70.7466559,65.6473347,1,0.510747943,70.7466559,65.6473347,0.456161178
35250,3525,0.511939534,1,1.13017751,0.514682873,64.8819123,66.1499066,1,0.480699255,64.8819123,66.1499066,0.452787527
35260,3526,0.514622847,1,1.19526627,0.517733626,64.6419645,60.3705352,1,0.520593203,64.6419645,60.3705352,0.444950025
35270,3527,0.531242412,1,1.17751479,0.521577703,70.4573492,61.1145008,1,0.630186071,70.4573492,61.1145008,0.450983039
35280,3528,0.520730995,1,1.0887574,0.508743655,69.2919271,66.6931906,1,0.65888275,69.2919271,66.6931906,0.438393982
35290,3529,0.535872733,1,1.24852071,0.516139711,64.1007703,64.5424684,1,0.526168574,64.1007703,64.5424684,0.432234562
35300,3530,0.522092883,1,1.20710059,0.515777424,66.5794627,59.4470615,1,0.514849881,66.5794627,59.4470615,0.435870124
35310,3531,0.516332539,1,1.15384615,0.51227775,71.690498,62.2544145,1,0.503216916,71.690498,62.2544145,0.44856057
35320,3532,0.514387605,1,1.11242604,0.513818279,68.7659491,67.2654158,1,0.475250715,68.7659491,67.2654158,0.44630714
35330,3533,0.518706522,1,1.13609467,0.520663951,64.0327927,64.2724188,1,0.494407737,64.0327927,64.2724188,0.430774736
35340,3534,0.500741127,1,1.17751479,0.518026212,67.2344723,59.4187794,1,0.4808521,67.2344723,59.4187794,0.447270276
35350,3535,0.522682422,1,1.14792899,0.518365254,71.384402,63.3591774,1,0.619741567,71.384402,63.3591774,0.440203377
35360,3536,0.532500673,1,1.19526627,0.512515361,66.5916903,66.8064305,1,0.576946347,66.5916903,66.8064305,0.454130549
35370,3537,0.529045294,1,1.23076923,0.512976452,63.8613474,61.7974464,1,0.533243576,63.8613474,61.7974464,0.438830435
35380,3538,0.522263455,1,1.21893491,0.518762713,69.0273643,59.3927812,1,0.507949087,69.0273643,59.3927812,0.438327542
35390,3539,0.519659372,1,1.17751479,0.513465388,71.4636696,64.5875624,1,0.509096461,71.4636696,64.5875624,0.441362436
35400,3540,0.515378359,1,1.17159763,0.519552193,65.9954431,66.7349798,1,0.488070813,65.9954431,66.7349798,0.451905249
35410,3541,0.506597494,1,1.09467456,0.515374516,63.8190624,61.3157447,1,0.459872896,63.8190624,61.3157447,0.449225119
35420,3542,0.518872706,1,1.18934911,0.522851437,69.1979666,60.0194297,1,0.559952798,69.1979666,60.0194297,0.425608113
35430,3543,0.524471951,1,1.14201183,0.516628332,69.98182,65.736022,1,0.642313316,69.98182,65.736022,0.443852511
35440,3544,0.540677438,1,1.17751479,0.515668635,64.2919544,65.6899798,1,0.632837572,64.2919544,65.6899798,0.437696301
35450,3545,0.531879134,1,1.23668639,0.516085156,64.9180649,60.0598219,1,0.516663629,64.9180649,60.0598219,0.435758829
35460,3546,0.517190268,1,1.18934911,0.512735284,70.6456208,61.1906874,1,0.514939225,70.6456208,61.1906874,0.449086871
35470,3547,0.510286665,1,1.11242604,0.510954887,69.217805,66.9625217,1,0.500389938,69.217805,66.9625217,0.457370472
35480,3548,0.513597587,1,1.12426036,0.513541192,63.6198204,65.3262963,1,0.498662083,63.6198204,65.3262963,0.448631488
35490,3549,0.503326216,1,1.14201183,0.513016923,65.5785426,59.7797562,1,0.489493786,65.5785426,59.7797562,0.452479691
35500,3550,0.523978409,1,1.17159763,0.520472903,70.6387694,62.4722016,1,0.603280875,70.6387694,62.4722016,0.440918603
35510,3551,0.536742654,1,1.17751479,0.518178541,67.1309442,67.1708421,1,0.658396595,67.1309442,67.1708421,0.451047831
35520,3552,0.537452677,1,1.25443787,0.515523208,63.0243839,63.3035941,1,0.554138578,63.0243839,63.3035941,0.433913286
35530,3553,0.529138799,1,1.23076923,0.516938188,67.0861547,59.412339,1,0.512305183,67.0861547,59.412339,0.432686993
35540,3554,0.51890816,1,1.16568047,0.513587635,70.8184939,63.8007399,1,0.507083525,70.8184939,63.8007399,0.44314916
35550,3555,0.511367464,1,1.10059172,0.514109214,66.0262615,67.3536396,1,0.502010887,66.0262615,67.3536396,0.458893625
35560,3556,0.506132595,1,1.13017751,0.514939492,62.7231408,62.5090731,1,0.503091776,62.7231408,62.5090731,0.451037143
35570,3557,0.515593552,1,1.15976331,0.517384372,68.0520169,59.9581912,1,0.591412353,68.0520169,59.9581912,0.454457987
35580,3558,0.530035549,1,1.14792899,0.511666641,69.5907245,65.7356513,1,0.657845713,69.5907245,65.7356513,0.459911659
35590,3559,0.529988958,1,1.21893491,0.512586462,63.7981273,66.3213681,1,0.540903129,63.7981273,66.3213681,0.447856476
35600,3560,0.524760767,1,1.21301775,0.510709186,63.5045975,60.5685999,1,0.524861421,63.5045975,60.5685999,0.443096298
35610,3561,0.525361756,1,1.18343195,0.514899416,69.0157103,60.460116,1,0.520691099,69.0157103,60.460116,0.424013879
35620,3562,0.525015022,1,1.17159763,0.521650089,69.0364547,66.011971,1,0.495676518,69.0364547,66.011971,0.427068749
35630,3563,0.519011699,1,1.1183432,0.521168022,63.3437111,65.8646283,1,0.488156956,63.3437111,65.8646283,0.43805001
35640,3564,0.518339198,1,1.18343195,0.517652701,64.2509594,59.9506446,1,0.566979142,64.2509594,59.9506446,0.460243708
35650,3565,0.526678124,1,1.18934911,0.515255408,69.9345957,61.6792228,1,0.645423568,69.9345957,61.6792228,0.456975548
35660,3566,0.535317577,1,1.16568047,0.512937084,67.4550478,67.0173835,1,0.627331173,67.4550478,67.0173835,0.45276349
35670,3567,0.534462112,1,1.22485207,0.513002614,62.5781762,64.2627668,1,0.560628833,62.5781762,64.2627668,0.4308502
35680,3568,0.538960708,1,1.27218935,0.515100665,65.3150438,59.6775533,1,0.527945081,65.3150438,59.6775533,0.410762219
35690,3569,0.525579299,1,1.15976331,0.519969402,69.9215215,62.6504138,1,0.509636431,69.9215215,62.6504138,0.421728874
35700,3570,0.514810053,1,1.16568047,0.514944244,66.5196845,67.3739255,1,0.49695385,66.5196845,67.3739255,0.447769339
35710,3571,0.51956501,1,1.1183432,0.517754983,62.0844761,63.5880157,1,0.529078069,62.0844761,63.5880157,0.448562376
35720,3572,0.508475297,1,1.15384615,0.511667919,66.1385216,59.1419561,1,0.521240931,66.1385216,59.1419561,0.462836193
35730,3573,0.521726011,1,1.17751479,0.518685701,69.9901139,63.3974528,1,0.583608182,69.9901139,63.3974528,0.441514445
35740,3574,0.544284047,1,1.17159763,0.522033165,65.0463575,66.603032,1,0.638823032,65.0463575,66.603032,0.453235997
35750,3575,0.538277883,1,1.23668639,0.514904841,62.4159913,61.6490427,1,0.566857036,62.4159913,61.6490427,0.431461234
35760,3576,0.528501521,1,1.19526627,0.515848862,67.6750212,59.5324939,1,0.508519591,67.6750212,59.5324939,0.4360743
35770,3577,0.512166361,1,1.17159763,0.50888521,69.7256364,65.101577,1,0.509923968,69.7256364,65.101577,0.456509199
35780,3578,0.514372277,1,1.13609467,0.511289608,64.2269678,66.9723731,1,0.488578287,64.2269678,66.9723731,0.446784925
35790,3579,0.509195806,1,1.1183432,0.514117253,62.4873917,61.5490211,1,0.467588568,62.4873917,61.5490211,0.438116406
35800,3580,0.51444358,1,1.15384615,0.521934985,67.938825,60.2476715,1,0.518069394,67.938825,60.2476715,0.431123728
35810,3581,0.52127152,1,1.14201183,0.519526094,68.5662238,65.9377945,1,0.601449004,68.5662238,65.9377945,0.440354412
35820,3582,0.537227761,1,1.14792899,0.515443227,62.6805779,65.6680598,1,0.65161359,62.6805779,65.6680598,0.453217195
35830,3583,0.523042264,1,1.21893491,0.513525344,63.95492,59.9384892,1,0.505720897,63.95492,59.9384892,0.451505876
35840,3584,0.518767755,1,1.22485207,0.511721928,69.4680263,61.5081067,1,0.515174799,69.4680263,61.5081067,0.440937951
35850,3585,0.512911929,1,1.15976331,0.511440988,67.6467121,67.1274393,1,0.496176696,67.6467121,67.1274393,0.454393959
35860,3586,0.515942047,1,1.10650888,0.516278034,62.399547,65.4302882,1,0.476664064,62.399547,65.4302882,0.4242157
35870,3587,0.513375149,1,1.13609467,0.52140195,64.3281856,60.1587386,1,0.482465499,64.3281856,60.1587386,0.431790562
35880,3588,0.524944329,1,1.15976331,0.524055863,69.4948119,62.7779559,1,0.593813781,69.4948119,62.7779559,0.44558536
35890,3589,0.53419102,1,1.20118343,0.51387687,65.8800704,67.5924392,1,0.661287374,65.8800704,67.5924392,0.463110187
35900,3590,0.531622268,1,1.17751479,0.511153194,61.8034154,63.2883785,1,0.558995353,61.8034154,63.2883785,0.456018624
35910,3591,0.531305826,1,1.23668639,0.508862586,65.9823569,59.4721936,1,0.552084164,65.9823569,59.4721936,0.435324938
35920,3592,0.530768414,1,1.18934911,0.514233599,69.4308479,63.784682,1,0.518069142,69.4308479,63.784682,0.42474947
35930,3593,0.518018328,1,1.15976331,0.515343552,64.8824448,67.2394139,1,0.506113045,64.8824448,67.2394139,0.439359027
35940,3594,0.518363854,1,1.10650888,0.521449907,61.5673849,62.8264589,1,0.485489316,61.5673849,62.8264589,0.424569353
35950,3595,0.512019314,1,1.13609467,0.517142059,66.4495582,59.593027,1,0.502321269,66.4495582,59.593027,0.450448156
35960,3596,0.52375573,1,1.18934911,0.521079772,68.715841,65.0985201,1,0.623218931,68.715841,65.0985201,0.457976588
35970,3597,0.525624669,1,1.14792899,0.507159714,62.792473,66.4275398,1,0.64075921,62.792473,66.4275398,0.466971747
35980,3598,0.533128916,1,1.23076923,0.513394274,62.2909191,60.7453086,1,0.554096905,62.2909191,60.7453086,0.438794123
35990,3599,0.535765828,1,1.23076923,0.507993375,67.8054927,60.2347036,1,0.557636455,67.8054927,60.2347036,0.426012468
36000,3600,0.532788313,1,1.20118343,0.522381778,67.9444935,65.6387676,1,0.505320926,67.9444935,65.6387676,0.41583472
36010,3601,0.523689794,1,1.17159763,0.520270562,62.3950963,66.0124246,1,0.496702757,62.3950963,66.0124246,0.427843286
36020,3602,0.51966252,1,1.15384615,0.519944063,62.5943567,60.2969406,1,0.500853499,62.5943567,60.2969406,0.439919723
36030,3603,0.516622925,1,1.19526627,0.511642529,68.6174079,61.2028885,1,0.571885024,68.6174079,61.2028885,0.468523346
36040,3604,0.509226384,1,1.17751479,0.506159783,67.3384712,67.0132267,1,0.593522992,67.3384712,67.0132267,0.457648409
36050,3605,0.51023856,1,1.17159763,0.514566059,62.0557455,65.6324271,1,0.557950656,62.0557455,65.6324271,0.420015481
36060,3606,0.541739419,1,1.20710059,0.517853064,64.2395831,60.3771154,1,0.630182751,64.2395831,60.3771154,0.437769003
36070,3607,0.531022844,1,1.24852071,0.512247541,69.0482859,63.0386908,1,0.518890652,69.0482859,63.0386908,0.422780358
36080,3608,0.524119391,1,1.18343195,0.515179658,66.098555,67.6956001,1,0.517930432,66.098555,67.6956001,0.424038885
36090,3609,0.516516634,1,1.14792899,0.516613756,61.2535739,64.4002883,1,0.498673274,61.2535739,64.4002883,0.450725396
36100,3610,0.518067904,1,1.13609467,0.517471694,64.4777459,59.769936,1,0.473333095,64.4777459,59.769936,0.434022379
36110,3611,0.521147733,1,1.18343195,0.522684837,68.9252276,63.3754138,1,0.533518492,68.9252276,63.3754138,0.44041107
36120,3612,0.516921871,1,1.17159763,0.516591209,64.9467831,67.7233875,1,0.567447263,64.9467831,67.7233875,0.453343239
36130,3613,0.542574896,1,1.17159763,0.519606103,61.4312235,62.9221108,1,0.660912838,61.4312235,62.9221108,0.457749941
36140,3614,0.531243373,1,1.20118343,0.51315277,66.5912853,60.113129,1,0.55444432,66.5912853,60.113129,0.451929566
36150,3615,0.529349964,1,1.23668639,0.518051115,68.8615342,65.2974758,1,0.511345434,68.8615342,65.2974758,0.43535663
36160,3616,0.52171435,1,1.18343195,0.516470723,63.5041297,67.4631519,1,0.504852742,63.5041297,67.4631519,0.444505813
36170,3617,0.517158941,1,1.12426036,0.516851451,61.5183902,62.0899224,1,0.492726346,61.5183902,62.0899224,0.440647435
36180,3618,0.513340589,1,1.10059172,0.518983625,67.1227945,60.3859272,1,0.492651379,67.1227945,60.3859272,0.450594265
36190,3619,0.508563882,1,1.15384615,0.515309551,68.5719696,66.049392,1,0.521478334,68.5719696,66.049392,0.449687214
36200,3620,0.530701545,1,1.18934911,0.52184037,62.8842063,66.6286483,1,0.624807534,62.8842063,66.6286483,0.439783357
36210,3621,0.535448159,1,1.14792899,0.515075514,63.0881477,60.6900003,1,0.629187511,63.0881477,60.6900003,0.457088372
36220,3622,0.528581479,1,1.23076923,0.512778518,68.707087,61.6723742,1,0.521440825,68.707087,61.6723742,0.438782183
36230,3623,0.521399102,1,1.20710059,0.514080853,67.3841982,67.2520579,1,0.506223014,67.3841982,67.2520579,0.441104746
36240,3624,0.519754773,1,1.18934911,0.516425831,61.7876416,65.9181033,1,0.494864884,61.7876416,65.9181033,0.442564348
36250,3625,0.522615811,1,1.14792899,0.519244797,63.1270689,60.6356765,1,0.490607334,63.1270689,60.6356765,0.419199701
36260,3626,0.516453357,1,1.13017751,0.523403559,68.6437035,62.3104728,1,0.489866082,68.6437035,62.3104728,0.443481384
36270,3627,0.522770079,1,1.18343195,0.523141656,66.3545554,67.71485,1,0.578838098,66.3545554,67.71485,0.451476817
36280,3628,0.535600408,1,1.17159763,0.516269195,61.3025261,64.3496721,1,0.662382215,61.3025261,64.3496721,0.466939062
36290,3629,0.527647173,1,1.20118343,0.503519129,65.1871582,59.8603816,1,0.612405055,65.1871582,59.8603816,0.456667214
36300,3630,0.528958644,1,1.23668639,0.505650159,69.2337125,63.9076635,1,0.547541447,69.2337125,63.9076635,0.440246653
36310,3631,0.531406771,1,1.21301775,0.512916203,65.3426899,67.6418205,1,0.513200085,65.3426899,67.6418205,0.414842851
36320,3632,0.524141811,1,1.19526627,0.519581623,61.692028,63.4423336,1,0.507612206,61.692028,63.4423336,0.428034051
36330,3633,0.514245842,1,1.16568047,0.516954833,66.1384731,59.8191312,1,0.505410896,66.1384731,59.8191312,0.441209134
36340,3634,0.508765951,1,1.14201183,0.515078806,69.3990663,64.7749325,1,0.522140593,69.3990663,64.7749325,0.456325912
36350,3635,0.519271209,1,1.17751479,0.513754969,64.2875282,67.6065632,1,0.571990943,64.2875282,67.6065632,0.449496459
36360,3636,0.530082091,1,1.17159763,0.516501426,62.2163201,61.9859397,1,0.655245512,62.2163201,61.9859397,0.460777013
36370,3637,0.536694271,1,1.23076923,0.516199582,67.8876341,60.8976185,1,0.541780523,67.8876341,60.8976185,0.44421492
36380,3638,0.534855765,1,1.24852071,0.508963873,68.7416584,66.381027,1,0.54240569,68.7416584,66.381027,0.426885834
36390,3639,0.524900795,1,1.19526627,0.518796193,63.1931086,66.716393,1,0.511955164,63.1931086,66.716393,0.427590439
36400,3640,0.517998652,1,1.14201183,0.51710478,62.9704044,60.9099757,1,0.501147009,62.9704044,60.9099757,0.446975894
36410,3641,0.51629045,1,1.15384615,0.51768721,68.8296998,61.0569323,1,0.50646503,68.8296998,61.0569323,0.450856774
36420,3642,0.507744781,1,1.12426036,0.511646138,68.3042947,67.0380747,1,0.518012538,68.3042947,67.0380747,0.461859596
36430,3643,0.526109767,1,1.15384615,0.518401853,62.587117,65.736148,1,0.604258951,62.587117,65.736148,0.451041751
36440,3644,0.531604945,1,1.13609467,0.51398849,64.5923891,60.1707644,1,0.657387497,64.5923891,60.1707644,0.455048023
36450,3645,0.53592472,1,1.19526627,0.512110136,69.5564142,62.7069674,1,0.589079021,69.5564142,62.7069674,0.428799562
36460,3646,0.531445547,1,1.21893491,0.521383009,66.6667287,67.3837894,1,0.514611799,66.6667287,67.3837894,0.422887693
36470,3647,0.522876173,1,1.17159763,0.517624433,61.8167523,64.4615474,1,0.508587389,61.8167523,64.4615474,0.435562411
36480,3648,0.508809509,1,1.15976331,0.511893348,65.2437777,59.6292081,1,0.501607048,65.2437777,59.6292081,0.455706792
36490,3649,0.512230699,1,1.11242604,0.514437501,69.8669552,63.2982393,1,0.51222366,69.8669552,63.2982393,0.454012743
36500,3650,0.504188745,1,1.13017751,0.512428298,66.1018658,67.7966058,1,0.496835452,66.1018658,67.7966058,0.451238924
36510,3651,0.528383581,1,1.15384615,0.520706727,62.3214657,63.5352035,1,0.609576292,62.3214657,63.5352035,0.438198132
36520,3652,0.539734184,1,1.15976331,0.517924027,67.0742918,60.2197599,1,0.648427625,67.0742918,60.2197599,0.4457659
36530,3653,0.532082482,1,1.26035503,0.520029141,69.5736653,65.2749111,1,0.50968028,69.5736653,65.2749111,0.43379038
36540,3654,0.513281655,1,1.20710059,0.511872621,64.0923204,67.5202999,1,0.501026728,64.0923204,67.5202999,0.455647751
36550,3655,0.508751931,1,1.15976331,0.506117662,61.9164849,61.9437448,1,0.5033932,61.9164849,61.9437448,0.460461739
36560,3656,0.514920658,1,1.13609467,0.512039748,67.2231738,59.899609,1,0.48098448,67.2231738,59.899609,0.437444424
36570,3657,0.515030335,1,1.12426036,0.519940943,69.0044902,65.2902001,1,0.484825313,69.0044902,65.2902001,0.436714201
36580,3658,0.514644281,1,1.18934911,0.518388081,63.3247763,66.6142083,1,0.545262048,63.3247763,66.6142083,0.448614878
36590,3659,0.527798939,1,1.15976331,0.517302536,62.9787261,60.6870736,1,0.658896158,62.9787261,60.6870736,0.456709846
36600,3660,0.53460549,1,1.18343195,0.511273312,68.7108957,61.2595885,1,0.600844855,68.7108957,61.2595885,0.443129954
36610,3661,0.521885458,1,1.21893491,0.511462728,67.3364716,66.9082232,1,0.517825225,67.3364716,66.9082232,0.447187897
36620,3662,0.513319397,1,1.17159763,0.511668583,61.7218897,65.1721781,1,0.511270495,61.7218897,65.1721781,0.452065488
36630,3663,0.515607136,1,1.14201183,0.513966228,63.5234021,59.6693895,1,0.493058475,63.5234021,59.6693895,0.445398096
36640,3664,0.512700611,1,1.07692308,0.514559749,68.8627001,61.5384334,1,0.473291028,68.8627001,61.5384334,0.435152344
36650,3665,0.519130249,1,1.15976331,0.525240886,66.6291918,66.6962229,1,0.517436946,66.6291918,66.6962229,0.432355269
36660,3666,0.524594307,1,1.17159763,0.521890081,61.4801791,63.9780266,1,0.605044207,61.4801791,63.9780266,0.447880763
36670,3667,0.536294876,1,1.18343195,0.511906,65.407906,59.3471947,1,0.616705822,65.407906,59.3471947,0.467092492
36680,3668,0.520875201,1,1.19526627,0.506861307,69.2565277,63.909935,1,0.524517249,69.2565277,63.909935,0.459163682
36690,3669,0.51945199,1,1.21301775,0.508327135,64.7704064,67.5405784,1,0.514581753,64.7704064,67.5405784,0.443939169
36700,3670,0.52225908,1,1.16568047,0.51030922,61.3180097,63.1110843,1,0.513314328,61.3180097,63.1110843,0.432000035
36710,3671,0.519751322,1,1.17159763,0.520506813,65.8987344,59.8239651,1,0.482077353,65.8987344,59.8239651,0.433700136
36720,3672,0.510855008,1,1.10650888,0.516300569,69.1125331,64.5319213,1,0.48308555,69.1125331,64.5319213,0.438484171
36730,3673,0.513170704,1,1.17751479,0.519174979,64.0109055,67.2420002,1,0.537797224,64.0109055,67.2420002,0.444367321
36740,3674,0.524387956,1,1.17159763,0.518120369,61.9186367,61.8498801,1,0.625483759,61.9186367,61.8498801,0.444909057
36750,3675,0.541709703,1,1.21301775,0.518238086,67.6905343,60.8451975,1,0.60643312,67.6905343,60.8451975,0.450668069
36760,3676,0.524905174,1,1.21301775,0.511404404,68.0308179,66.6529243,1,0.500539488,68.0308179,66.6529243,0.447514393
36770,3677,0.523043776,1,1.23668639,0.516181541,62.3726053,66.733646,1,0.504491341,62.3726053,66.733646,0.43529141
36780,3678,0.515707175,1,1.15384615,0.514796735,62.4935669,60.8831415,1,0.510687094,62.4935669,60.8831415,0.450134986
36790,3679,0.51642689,1,1.1183432,0.517762781,68.3172863,61.3049378,1,0.503947125,68.3172863,61.3049378,0.449151861
36800,3680,0.512949448,1,1.17159763,0.51426711,67.5024025,67.2985485,1,0.523684969,67.5024025,67.2985485,0.465288641
36810,3681,0.510181607,1,1.17159763,0.51318042,61.719401,66.0857528,1,0.534977457,61.719401,66.0857528,0.454523476
36820,3682,0.522474011,1,1.11242604,0.51738822,63.5628125,60.6292892,1,0.625937785,63.5628125,60.6292892,0.443033929
36830,3683,0.539431853,1,1.21301775,0.518496139,68.6581906,63.3078639,1,0.569007811,68.6581906,63.3078639,0.442810021
36840,3684,0.524438709,1,1.19526627,0.510730401,65.5173962,68.1264385,1,0.509050754,65.5173962,68.1264385,0.442446477
36850,3685,0.51881931,1,1.18343195,0.512230674,60.9104268,64.8356326,1,0.514292554,60.9104268,64.8356326,0.435506711
36860,3686,0.516974232,1,1.14792899,0.517491113,64.5430121,60.2853297,1,0.504255392,64.5430121,60.2853297,0.447880819
36870,3687,0.511762098,1,1.11242604,0.512717786,69.0679881,63.9836473,1,0.477184062,69.0679881,63.9836473,0.449542577
36880,3688,0.513429301,1,1.12426036,0.517828346,65.1017535,68.1835826,1,0.504089563,65.1017535,68.1835826,0.444362938
36890,3689,0.521478252,1,1.17159763,0.519898263,61.2061695,63.9116475,1,0.574675398,61.2061695,63.9116475,0.444725861
36900,3690,0.533494287,1,1.16568047,0.51951398,65.8386503,60.490231,1,0.645845256,65.8386503,60.490231,0.44299925
36910,3691,0.541367065,1,1.21301775,0.518346853,68.5206139,65.6678924,1,0.576943311,68.5206139,65.6678924,0.448542056
36920,3692,0.528390596,1,1.20118343,0.51505049,63.1603265,67.8051481,1,0.52298684,63.1603265,67.8051481,0.4438971
36930,3693,0.522752616,1,1.20118343,0.518428415,61.3318251,62.3623454,1,0.511467681,61.3318251,62.3623454,0.441671906
36940,3694,0.515688899,1,1.17159763,0.51302671,66.9636373,60.6076905,1,0.489638021,66.9636373,60.6076905,0.453755676
36950,3695,0.509713096,1,1.12426036,0.513975885,68.4416209,66.3019761,1,0.490600653,68.4416209,66.3019761,0.452536072
36960,3696,0.502848485,1,1.11242604,0.514319861,62.7857895,67.5580877,1,0.476110412,62.7857895,67.5580877,0.445664486
36970,3697,0.528624789,1,1.17751479,0.525344771,62.3386367,61.9637701,1,0.609437407,62.3386367,61.9637701,0.431704581
36980,3698,0.538125918,1,1.15976331,0.516432185,68.2985874,62.3214903,1,0.650394327,68.2985874,62.3214903,0.459282801
36990,3699,0.526289021,1,1.23076923,0.510794856,66.9406625,68.0511648,1,0.525997406,66.9406625,68.0511648,0.452953037
37000,3700,0.514659343,1,1.20118343,0.505673952,61.3218477,66.2699932,1,0.512301224,61.3218477,66.2699932,0.453413432
37010,3701,0.523701124,1,1.15384615,0.517724262,63.1556713,61.02679,1,0.506122422,63.1556713,61.02679,0.427280437
37020,3702,0.519327165,1,1.13609467,0.51673471,68.4843845,62.6967246,1,0.497715992,68.4843845,62.6967246,0.429557811
37030,3703,0.516328337,1,1.12426036,0.520190624,66.5397619,67.9658405,1,0.480718211,66.5397619,67.9658405,0.432038925
37040,3704,0.522297478,1,1.18343195,0.522044995,61.3081036,65.3783807,1,0.550260616,61.3081036,65.3783807,0.448964604
37050,3705,0.52863116,1,1.16568047,0.518679735,64.6631533,60.4140972,1,0.632490654,64.6631533,60.4140972,0.460900006
37060,3706,0.532097995,1,1.17751479,0.509300479,68.9746881,64.5755122,1,0.623902257,68.9746881,64.5755122,0.460940045
37070,3707,0.529058173,1,1.21301775,0.510558596,64.5348788,68.3079798,1,0.54333933,64.5348788,68.3079798,0.446175199
37080,3708,0.534627016,1,1.25443787,0.515522198,61.1388189,63.9939662,1,0.524377295,61.1388189,63.9939662,0.422334567
37090,3709,0.525714468,1,1.17159763,0.519152554,65.5823275,60.6997882,1,0.509396052,65.5823275,60.6997882,0.425492247
37100,3710,0.521720202,1,1.16568047,0.520534384,68.7713603,65.140147,1,0.494844216,68.7713603,65.140147,0.420528809
37110,3711,0.51639038,1,1.09467456,0.518498242,63.7510142,68.1589474,1,0.513322398,63.7510142,68.1589474,0.450621077
37120,3712,0.516348932,1,1.16568047,0.514945147,61.3520456,62.60991,1,0.591642687,61.3520456,62.60991,0.465030801
37130,3713,0.527113085,1,1.20710059,0.512049351,67.2174224,61.0943611,1,0.670119282,67.2174224,61.0943611,0.466001073
37140,3714,0.538655838,1,1.17159763,0.511424302,68.021337,66.7594493,1,0.642459659,68.021337,66.7594493,0.44014188
37150,3715,0.536187972,1,1.18934911,0.509684535,62.4243289,67.4047659,1,0.61039341,62.4243289,67.4047659,0.433391284
37160,3716,0.533679704,1,1.24852071,0.513324159,62.1141615,61.8936813,1,0.513710467,62.1141615,61.8936813,0.424600454
37170,3717,0.524109999,1,1.18343195,0.516524742,67.6225326,61.8839457,1,0.5089367,67.6225326,61.8839457,0.423721514
37180,3718,0.521561989,1,1.15976331,0.521266122,67.3969473,67.5146739,1,0.492996738,67.3969473,67.5146739,0.433480397
37190,3719,0.512266499,1,1.13609467,0.513022289,61.470252,66.7080893,1,0.528585444,61.470252,66.7080893,0.460102225
37200,3720,0.505096494,1,1.15384615,0.510109054,62.5856659,60.8537414,1,0.540428651,62.5856659,60.8537414,0.458435323
37210,3721,0.497477552,1,1.11242604,0.513221694,68.0922045,62.0779538,1,0.50845147,68.0922045,62.0779538,0.43392159
37220,3722,0.54664193,1,1.20118343,0.525220172,65.7855595,67.2483909,1,0.652909877,65.7855595,67.2483909,0.435509838
37230,3723,0.538783846,1,1.21301775,0.513369456,60.8372078,64.671169,1,0.597543976,60.8372078,64.671169,0.429174639
37240,3724,0.535989741,1,1.22485207,0.505364859,63.5564774,59.9306583,1,0.559500431,63.5564774,59.9306583,0.420389147
37250,3725,0.525081043,1,1.17751479,0.521647081,68.0150653,63.3223792,1,0.510745674,68.0150653,63.3223792,0.430925639
37260,3726,0.52277965,1,1.15384615,0.518658826,64.7990364,67.9734955,1,0.499167154,64.7990364,67.9734955,0.434977553
37270,3727,0.517238824,1,1.08284024,0.51701595,60.2650776,64.2508901,1,0.493940362,60.2650776,64.2508901,0.451261037
37280,3728,0.512844204,1,1.13017751,0.513890503,64.4345132,59.9926907,1,0.525420485,64.4345132,59.9926907,0.458428335
37290,3729,0.508311573,1,1.14792899,0.515720079,68.3527765,64.268652,1,0.544196202,68.3527765,64.268652,0.446131519
37300,3730,0.539942389,1,1.18343195,0.520187408,63.4439308,67.4411861,1,0.659288978,63.4439308,67.4411861,0.449600334
37310,3731,0.531255729,1,1.22485207,0.510773478,60.9650812,62.2447352,1,0.569966971,60.9650812,62.2447352,0.442877876
37320,3732,0.530428517,1,1.21301775,0.515920459,66.222045,60.3128276,1,0.517885498,66.222045,60.3128276,0.430823722
37330,3733,0.519105015,1,1.1183432,0.517505649,67.9452543,65.816949,1,0.511524635,67.9452543,65.816949,0.443658825
37340,3734,0.517111445,1,1.14201183,0.518697063,62.4309858,67.3874166,1,0.498691788,62.4309858,67.3874166,0.441041845
37350,3735,0.516267693,1,1.10059172,0.515077913,61.1335397,61.6760983,1,0.499127552,61.1335397,61.6760983,0.450525818
37360,3736,0.516186002,1,1.17159763,0.51751571,67.0717042,61.0572405,1,0.567251759,67.0717042,61.0572405,0.459255783
37370,3737,0.513986845,1,1.12426036,0.51372916,67.2825112,66.8988864,1,0.595371361,67.2825112,66.8988864,0.449649868
37380,3738,0.542112118,1,1.20118343,0.518512278,61.5524203,65.9556475,1,0.633349412,61.5524203,65.9556475,0.446708153
37390,3739,0.533958128,1,1.21301775,0.514425158,62.9848659,60.4492943,1,0.53967579,62.9848659,60.4492943,0.437663417
37400,3740,0.531403041,1,1.23668639,0.520164478,68.2748564,62.1186829,1,0.513104958,68.2748564,62.1186829,0.426703735
37410,3741,0.525174484,1,1.19526627,0.519336164,66.4540248,67.5091479,1,0.511280461,66.4540248,67.5091479,0.437668243
37420,3742,0.514854273,1,1.13609467,0.51574464,60.9918344,65.357093,1,0.494943542,60.9918344,65.357093,0.451603745
37430,3743,0.511908873,1,1.11242604,0.516385853,63.3880809,60.0601202,1,0.492559825,63.3880809,60.0601202,0.447213053
37440,3744,0.5162249,1,1.15384615,0.521317998,68.5347163,62.7567459,1,0.538074179,68.5347163,62.7567459,0.446946547
37450,3745,0.523695357,1,1.15384615,0.513505776,64.9835176,67.5794766,1,0.631904666,64.9835176,67.5794766,0.46070273
37460,3746,0.533629903,1,1.16568047,0.511332545,60.9897609,63.1598113,1,0.606584946,60.9897609,63.1598113,0.458215829
37470,3747,0.52738502,1,1.21301775,0.513069787,65.6403262,59.7391534,1,0.524780762,65.6403262,59.7391534,0.444084448
37480,3748,0.528902945,1,1.24260355,0.517193988,68.7826094,64.3110341,1,0.509724111,68.7826094,64.3110341,0.426739648
37490,3749,0.523800153,1,1.14792899,0.519880331,64.1276156,67.3573412,1,0.503057339,64.1276156,67.3573412,0.427936794
37500,3750,0.51837754,1,1.15976331,0.517719072,61.1675671,62.441335,1,0.500103151,61.1675671,62.441335,0.44141384
37510,3751,0.51001646,1,1.1183432,0.512104467,66.6599165,59.7978692,1,0.518416124,66.6599165,59.7978692,0.468876367
37520,3752,0.517647962,1,1.15976331,0.513554728,68.5333892,65.4941412,1,0.596310238,68.5333892,65.4941412,0.461265396
37530,3753,0.519790804,1,1.14792899,0.509596775,62.6936326,66.5743355,1,0.664454853,62.6936326,66.5743355,0.456832267
37540,3754,0.543752542,1,1.17751479,0.516487668,62.3091823,61.1134581,1,0.642295575,62.3091823,61.1134581,0.421107189
37550,3755,0.533228678,1,1.21893491,0.516226663,67.9753418,61.201707,1,0.512696794,67.9753418,61.201707,0.43591128
37560,3756,0.526439321,1,1.21301775,0.517869285,67.6863826,66.7701064,1,0.505934833,67.6863826,66.7701064,0.428914746
37570,3757,0.523640082,1,1.16568047,0.520243761,62.0787914,66.3230314,1,0.509835503,62.0787914,66.3230314,0.432721912
37580,3758,0.513692152,1,1.11242604,0.517287805,62.8977741,60.4860784,1,0.500416669,62.8977741,60.4860784,0.453394519
37590,3759,0.508913084,1,1.11242604,0.514216625,68.7706132,61.6837797,1,0.51319866,68.7706132,61.6837797,0.461055694
37600,3760,0.523697632,1,1.17159763,0.518182165,66.8183093,67.25965,1,0.59918414,66.8183093,67.25965,0.454444326
37610,3761,0.532551491,1,1.17751479,0.51675335,61.6225169,64.599162,1,0.665234708,61.6225169,64.599162,0.449025605
37620,3762,0.540277229,1,1.22485207,0.52133669,64.9754755,59.9554302,1,0.548801854,64.9754755,59.9554302,0.440592508
37630,3763,0.524269625,1,1.20710059,0.513633055,69.5363861,63.530135,1,0.510376365,69.5363861,63.530135,0.445758574
37640,3764,0.525301685,1,1.17751479,0.516457294,65.7871291,67.6850208,1,0.513496974,65.7871291,67.6850208,0.430494442
37650,3765,0.5183449,1,1.19526627,0.519490439,61.6192325,63.6737471,1,0.495989856,61.6192325,63.6737471,0.444969777
37660,3766,0.520979231,1,1.17751479,0.523969094,65.4447566,59.7512031,1,0.494357934,65.4447566,59.7512031,0.421472385
37670,3767,0.503324415,1,1.15976331,0.51285948,69.2492251,64.395058,1,0.537349886,69.2492251,64.395058,0.461790756
37680,3768,0.52872965,1,1.17751479,0.517175898,64.0688231,67.2110825,1,0.65195779,64.0688231,67.2110825,0.453562878
37690,3769,0.532330707,1,1.20710059,0.512987909,62.11453,61.6090873,1,0.608686222,62.11453,61.6090873,0.456391894
37700,3770,0.53029205,1,1.21893491,0.512083111,67.6688517,60.3141079,1,0.531684589,67.6688517,60.3141079,0.438714236
37710,3771,0.531221786,1,1.22485207,0.515836232,68.8040264,65.6981001,1,0.517728575,68.8040264,65.6981001,0.423258655
37720,3772,0.522697706,1,1.15384615,0.516142759,63.3461727,66.7109624,1,0.520274852,63.3461727,66.7109624,0.427003153
37730,3773,0.519801467,1,1.13017751,0.520784564,62.5142725,61.1747571,1,0.49115325,62.5142725,61.1747571,0.430643025
37740,3774,0.514175749,1,1.12426036,0.516734265,68.4096679,60.6979389,1,0.511562361,68.4096679,60.6979389,0.454972807
37750,3775,0.522017766,1,1.21301775,0.519076142,68.1918244,66.5522193,1,0.563556109,68.1918244,66.5522193,0.450640929
37760,3776,0.537150174,1,1.20118343,0.519523099,62.3669144,65.5520955,1,0.66010546,62.3669144,65.5520955,0.454626604
37770,3777,0.531699808,1,1.1183432,0.509945337,63.7163424,60.0644924,1,0.663721392,63.7163424,60.0644924,0.434698727
37780,3778,0.543123622,1,1.23668639,0.515479712,68.9109992,61.8592958,1,0.585616955,68.9109992,61.8592958,0.422767569
37790,3779,0.522997708,1,1.17159763,0.51368695,66.6705095,66.9273078,1,0.513507288,66.6705095,66.9273078,0.426243672
37800,3780,0.516858267,1,1.19526627,0.517955648,61.6161589,64.1880478,1,0.509452773,61.6161589,64.1880478,0.442224112
37810,3781,0.509966109,1,1.06508876,0.511895803,64.5407904,59.076658,1,0.505342783,64.5407904,59.076658,0.452996437
37820,3782,0.501225859,1,1.08284024,0.510258003,69.6624541,62.0765993,1,0.462529926,69.6624541,62.0765993,0.456582926
37830,3783,0.51220674,1,1.18343195,0.52120286,66.5106709,66.589858,1,0.513545604,66.5106709,66.589858,0.423449074
37840,3784,0.520754057,1,1.15384615,0.518393332,62.170522,62.8192946,1,0.621225747,62.170522,62.8192946,0.442251101
37850,3785,0.543130681,1,1.20118343,0.520734803,66.6534586,59.296305,1,0.585418141,66.6534586,59.296305,0.438584168
37860,3786,0.523653912,1,1.23668639,0.515352519,69.6573314,64.2601615,1,0.507021555,69.6573314,64.2601615,0.446307154
37870,3787,0.509663815,1,1.17751479,0.506874627,64.4092275,67.1421316,1,0.504732184,64.4092275,67.1421316,0.460565295
37880,3788,0.514310166,1,1.14201183,0.507896566,61.7203427,62.0417437,1,0.500979436,61.7203427,62.0417437,0.443520464
37890,3789,0.517087336,1,1.12426036,0.518121916,66.7471278,59.533125,1,0.47106564,66.7471278,59.533125,0.432152556
37900,3790,0.509718752,1,1.10650888,0.520844614,69.1290412,64.642088,1,0.473250194,69.1290412,64.642088,0.433610238
37910,3791,0.522994908,1,1.18343195,0.521262121,63.5991637,66.2929934,1,0.598387177,63.5991637,66.2929934,0.443927031
37920,3792,0.528469728,1,1.18343195,0.511604666,63.0144561,60.222846,1,0.656433565,63.0144561,60.222846,0.469095645
37930,3793,0.528899982,1,1.24260355,0.511439991,68.8338436,60.5476092,1,0.53952801,68.8338436,60.5476092,0.448341729
37940,3794,0.530321577,1,1.26627219,0.514484991,68.3059785,66.240983,1,0.505607265,68.3059785,66.240983,0.439830162
37950,3795,0.531827585,1,1.25443787,0.511405247,62.766857,65.9373022,1,0.523812465,62.766857,65.9373022,0.426726138
37960,3796,0.523936749,1,1.15976331,0.520209606,63.4338759,60.3747195,1,0.500512038,63.4338759,60.3747195,0.430956275
37970,3797,0.517535222,1,1.16568047,0.517397093,68.9789138,61.1235088,1,0.494466211,68.9789138,61.1235088,0.43041284
37980,3798,0.517272734,1,1.15976331,0.517922663,67.4699084,66.77407,1,0.540106556,67.4699084,66.77407,0.449891107
37990,3799,0.518312327,1,1.17159763,0.515565737,61.9166382,64.7597029,1,0.597783096,61.9166382,64.7597029,0.454409591
38000,3800,0.541081715,1,1.18343195,0.522082151,64.900094,59.6803532,1,0.651932694,64.900094,59.6803532,0.453133739
38010,3801,0.537482104,1,1.21893491,0.515696054,69.5254865,63.0623331,1,0.586253081,69.5254865,63.0623331,0.440763482
38020,3802,0.532297511,1,1.23076923,0.516035745,65.7073559,67.3196404,1,0.51135228,65.7073559,67.3196404,0.439894996
38030,3803,0.526020249,1,1.20710059,0.519084879,61.5719679,63.6391044,1,0.51148019,61.5719679,63.6391044,0.425849513
38040,3804,0.518602638,1,1.16568047,0.518133868,65.4951593,59.5966074,1,0.508487793,65.4951593,59.5966074,0.433324922
38050,3805,0.513319215,1,1.17751479,0.519066049,69.2711219,64.1029463,1,0.527747425,69.2711219,64.1029463,0.452246101
38060,3806,0.507181172,1,1.14792899,0.50689346,64.2053224,67.5058678,1,0.575967815,64.2053224,67.5058678,0.469433746
38070,3807,0.525715688,1,1.15976331,0.513143803,61.698258,62.1811563,1,0.644712268,61.698258,62.1811563,0.452723023
38080,3808,0.527641166,1,1.15384615,0.51037641,67.0608928,60.1486429,1,0.663965808,67.0608928,60.1486429,0.441145379
38090,3809,0.535405639,1,1.26627219,0.515058692,68.2607548,65.6482811,1,0.51540607,68.2607548,65.6482811,0.433000331
38100,3810,0.529610173,1,1.21893491,0.513137076,62.9170438,66.6959051,1,0.520696922,62.9170438,66.6959051,0.418879625
38110,3811,0.520609593,1,1.17159763,0.51892532,62.2550291,61.0998615,1,0.515012079,62.2550291,61.0998615,0.433466608
38120,3812,0.511615095,1,1.0887574,0.514033184,68.1397263,60.562288,1,0.493810512,68.1397263,60.562288,0.454553858
38130,3813,0.51651731,1,1.13017751,0.517216598,68.2813962,66.4211035,1,0.506687878,68.2813962,66.4211035,0.450809853
38140,3814,0.517773452,1,1.16568047,0.51837016,62.4409882,66.1366374,1,0.533624928,62.4409882,66.1366374,0.449794735
38150,3815,0.535357702,1,1.17751479,0.521356765,63.57603,60.3959749,1,0.650870961,63.57603,60.3959749,0.450138217
38160,3816,0.535344952,1,1.13017751,0.511895209,69.0962633,62.1128721,1,0.636733766,69.0962633,62.1128721,0.444697306
38170,3817,0.535205316,1,1.23076923,0.511434558,66.8867915,67.1626368,1,0.538968403,66.8867915,67.1626368,0.423998219
38180,3818,0.526775718,1,1.16568047,0.516052829,61.952779,64.7189054,1,0.515684528,61.952779,64.7189054,0.423540328
38190,3819,0.508204501,1,1.17159763,0.5124973,65.0005765,59.6032169,1,0.504959238,65.0005765,59.6032169,0.458059568
38200,3820,0.513309328,1,1.1183432,0.51213284,69.8731803,62.7725417,1,0.511550737,69.8731803,62.7725417,0.44712684
38210,3821,0.503123367,1,1.06508876,0.510945703,66.6350675,67.7631109,1,0.462622705,66.6350675,67.7631109,0.457618969
38220,3822,0.515705482,1,1.15976331,0.52151219,62.2922802,64.385354,1,0.523475933,62.2922802,64.385354,0.423210071
38230,3823,0.527373072,1,1.16568047,0.522934056,66.2148262,60.246857,1,0.633925446,66.2148262,60.246857,0.438620242
38240,3824,0.540171082,1,1.20710059,0.518016911,69.6129081,64.8249946,1,0.573071217,69.6129081,64.8249946,0.43857154
38250,3825,0.518358588,1,1.17751479,0.512582068,64.4674219,67.6165232,1,0.504647847,64.4674219,67.6165232,0.450303377
38260,3826,0.508521053,1,1.13609467,0.505434468,61.8122523,62.1904015,1,0.49910599,61.8122523,62.1904015,0.464686199
38270,3827,0.518191374,1,1.18343195,0.511399543,66.8950876,59.6658822,1,0.496262242,66.8950876,59.6658822,0.436557354
38280,3828,0.516912146,1,1.15976331,0.51856384,69.3481192,64.654397,1,0.467700254,69.3481192,64.654397,0.42761651
38290,3829,0.513546209,1,1.13017751,0.523445225,64.2184739,66.8649232,1,0.492391297,64.2184739,66.8649232,0.429666765
38300,3830,0.511410869,1,1.12426036,0.518875602,62.5988557,61.2696348,1,0.569389636,62.5988557,61.2696348,0.448075532
38310,3831,0.531532715,1,1.14792899,0.512544452,68.486852,60.7978723,1,0.65984619,68.486852,60.7978723,0.454374275
38320,3832,0.535900426,1,1.21301775,0.51652955,68.1288494,66.4009084,1,0.560151561,68.1288494,66.4009084,0.431881663
38330,3833,0.523234213,1,1.21301775,0.514588618,62.4353054,65.5502955,1,0.516703186,62.4353054,65.5502955,0.442825684
38340,3834,0.513854664,1,1.17751479,0.511988537,63.6089293,59.8007467,1,0.508317922,63.6089293,59.8007467,0.451393006
38350,3835,0.51428564,1,1.15976331,0.512407352,69.2978906,61.088584,1,0.496189384,69.2978906,61.088584,0.448685164
38360,3836,0.51017715,1,1.08284024,0.514053206,67.6705625,66.6952396,1,0.482708673,67.6705625,66.6952396,0.449080478
38370,3837,0.520933707,1,1.19526627,0.524655363,62.2935939,64.6695303,1,0.543250032,62.2935939,64.6695303,0.441991792
38380,3838,0.529239193,1,1.16568047,0.519664502,64.9656551,59.4454923,1,0.640374564,64.9656551,59.4454923,0.451365342
38390,3839,0.536723754,1,1.14201183,0.512863774,69.7063494,62.8510054,1,0.652912699,69.7063494,62.8510054,0.449007464
38400,3840,0.532469027,1,1.25443787,0.519347816,65.8093117,66.93085,1,0.504183069,65.8093117,66.93085,0.433999117
38410,3841,0.520177824,1,1.20118343,0.515670133,61.7762749,62.8416029,1,0.512275017,61.7762749,62.8416029,0.441804581
38420,3842,0.520938419,1,1.20710059,0.514182078,65.7489385,59.0258634,1,0.506199237,65.7489385,59.0258634,0.423719262
38430,3843,0.516299292,1,1.14792899,0.520632863,69.4874043,63.4473636,1,0.486996128,69.4874043,63.4473636,0.445395843
38440,3844,0.513333839,1,1.13017751,0.51425604,64.895455,67.0073993,1,0.512281843,64.895455,67.0073993,0.446947922
38450,3845,0.513093373,1,1.17751479,0.515587507,61.88199,61.8932371,1,0.573467716,61.88199,61.8932371,0.456612338
38460,3846,0.538835614,1,1.17751479,0.518991835,67.3204667,59.712706,1,0.659687662,67.3204667,59.712706,0.450717672
38470,3847,0.53695365,1,1.17751479,0.510680016,68.9922516,65.096717,1,0.63452159,68.9922516,65.096717,0.433660894
38480,3848,0.535670245,1,1.21893491,0.521882891,63.5070768,66.0842835,1,0.508697006,63.5070768,66.0842835,0.428720604
38490,3849,0.522152425,1,1.21301775,0.51409956,62.5912406,60.349277,1,0.506173075,62.5912406,60.349277,0.446744009
38500,3850,0.517553531,1,1.17751479,0.516709481,68.2847144,59.6715369,1,0.498916982,68.2847144,59.6715369,0.441051567
38510,3851,0.512366054,1,1.11242604,0.514441535,68.6629643,65.5647557,1,0.501187482,68.6629643,65.5647557,0.454257316
38520,3852,0.514197144,1,1.15976331,0.513582147,62.7403217,65.4403156,1,0.533668709,62.7403217,65.4403156,0.455688445
38530,3853,0.511150996,1,1.18343195,0.511784843,63.3472714,59.5316872,1,0.572096364,63.3472714,59.5316872,0.456901564
38540,3854,0.528043434,1,1.11242604,0.513329548,68.901002,60.8942597,1,0.658522586,68.901002,60.8942597,0.439879807
38550,3855,0.539222319,1,1.15976331,0.515282237,66.8547793,66.0652305,1,0.599939088,66.8547793,66.0652305,0.427777843
38560,3856,0.530984866,1,1.22485207,0.515296509,61.8226542,63.6958171,1,0.509515457,61.8226542,63.6958171,0.427850017
38570,3857,0.52135032,1,1.18343195,0.518367595,64.5347253,58.7960446,1,0.515546135,64.5347253,58.7960446,0.430790524
38580,3858,0.503242878,1,1.15384615,0.507199997,69.6934008,62.1714881,1,0.51580763,69.6934008,62.1714881,0.474220331
38590,3859,0.502629166,1,1.0887574,0.503444544,65.9953717,66.9739085,1,0.495085968,65.9953717,66.9739085,0.466249425
38600,3860,0.502185309,1,1.14792899,0.51416519,61.3907974,63.5566352,1,0.45321866,61.3907974,63.5566352,0.441084335
38610,3861,0.508652554,1,1.14201183,0.520986999,64.9061298,59.4187767,1,0.531465465,64.9061298,59.4187767,0.417653592
38620,3862,0.504082725,1,1.11242604,0.515534621,68.8331348,63.2274391,1,0.581360947,68.8331348,63.2274391,0.420814068
38630,3863,0.542137532,1,1.21893491,0.519008046,64.2094971,66.3360497,1,0.575212212,64.2094971,66.3360497,0.428576052
38640,3864,0.52481571,1,1.20710059,0.513418509,61.5755473,61.4462281,1,0.513406134,61.5755473,61.4462281,0.427238594
38650,3865,0.518683125,1,1.15384615,0.516904021,66.8976467,59.0606186,1,0.51036436,66.8976467,59.0606186,0.448639458
38660,3866,0.513274381,1,1.13017751,0.508055689,69.3938449,64.3878043,1,0.50538084,69.3938449,64.3878043,0.452539927
38670,3867,0.516894955,1,1.09467456,0.517870704,63.9965475,66.3530724,1,0.489756959,63.9965475,66.3530724,0.44184322
38680,3868,0.499844893,1,1.07100592,0.512757953,61.8912273,60.8719411,1,0.453281088,61.8912273,60.8719411,0.451658177
38690,3869,0.512159255,1,1.17751479,0.525469266,67.0747584,59.4006145,1,0.523585118,67.0747584,59.4006145,0.414484756
38700,3870,0.528053159,1,1.17159763,0.516832634,67.8404119,65.1559743,1,0.660704483,67.8404119,65.1559743,0.446620385
38710,3871,0.533399874,1,1.20118343,0.512156839,62.1198293,64.6785528,1,0.552450132,62.1198293,64.6785528,0.441574617
38720,3872,0.517634065,1,1.20118343,0.512550504,63.305498,59.0031615,1,0.501322387,63.305498,59.0031615,0.445993854
38730,3873,0.520154016,1,1.20118343,0.512009052,68.8795499,60.3334239,1,0.510652324,68.8795499,60.3334239,0.440814549
38740,3874,0.512087038,1,1.15976331,0.511779872,67.2847632,65.9482815,1,0.488873146,67.2847632,65.9482815,0.448996057
38750,3875,0.514977859,1,1.14201183,0.517089636,61.8377013,64.1402931,1,0.479509429,61.8377013,64.1402931,0.441482879
38760,3876,0.514271442,1,1.20118343,0.517242429,64.1493275,58.7721643,1,0.535041934,64.1493275,58.7721643,0.44959168
38770,3877,0.524563881,1,1.15384615,0.515695087,69.0927722,61.9017739,1,0.639815259,69.0927722,61.9017739,0.450063121
38780,3878,0.541110343,1,1.18343195,0.520291178,65.2872646,66.187101,1,0.601072727,65.2872646,66.187101,0.440856596
38790,3879,0.531074188,1,1.18934911,0.514276756,61.3538939,62.1281679,1,0.535380471,61.3538939,62.1281679,0.434777659
38800,3880,0.530007972,1,1.18934911,0.517609596,65.550729,58.5071702,1,0.511299146,65.550729,58.5071702,0.426386003
38810,3881,0.51491146,1,1.13609467,0.513490482,69.2436574,63.0765332,1,0.503922829,69.2436574,63.0765332,0.451930759
38820,3882,0.516509081,1,1.15384615,0.519643363,64.8374621,66.5835123,1,0.47868366,64.8374621,66.5835123,0.433190034
38830,3883,0.508051002,1,1.11242604,0.515551853,61.3783028,61.9623606,1,0.474823839,61.3783028,61.9623606,0.444032263
38840,3884,0.52274016,1,1.18343195,0.524885593,66.4454778,59.3579398,1,0.579263693,66.4454778,59.3579398,0.43825414
38850,3885,0.534848226,1,1.18343195,0.518352832,68.2689027,65.0711673,1,0.654023618,68.2689027,65.0711673,0.461319481
38860,3886,0.533911188,1,1.22485207,0.513476331,62.5496146,66.0846109,1,0.550646544,62.5496146,66.0846109,0.446798765
38870,3887,0.527665884,1,1.21301775,0.513415219,61.8920864,60.2735121,1,0.50538988,61.8920864,60.2735121,0.449860021
38880,3888,0.524741835,1,1.16568047,0.514980607,67.5599685,59.8070744,1,0.509520072,67.5599685,59.8070744,0.437464799
38890,3889,0.522813609,1,1.14792899,0.520044637,67.9059127,65.4477253,1,0.491584137,67.9059127,65.4477253,0.434711491
38900,3890,0.514516065,1,1.14792899,0.516484873,62.1009456,65.5520212,1,0.505982554,62.1009456,65.5520212,0.446607989
38910,3891,0.509658915,1,1.18343195,0.512985891,62.4850564,59.5719469,1,0.518356424,62.4850564,59.5719469,0.460953664
38920,3892,0.511769753,1,1.17159763,0.514941406,68.2381408,60.3126748,1,0.552836404,68.2381408,60.3126748,0.446197992
38930,3893,0.52686263,1,1.13609467,0.518172541,66.7968327,65.8156654,1,0.638240716,66.7968327,65.8156654,0.437585321
38940,3894,0.539963956,1,1.19526627,0.514349892,61.5641514,63.6507364,1,0.614104332,61.5641514,63.6507364,0.435603852
38950,3895,0.529894294,1,1.22485207,0.517266884,64.3056627,58.8799287,1,0.507366783,64.3056627,58.8799287,0.423262133
38960,3896,0.520240167,1,1.20118343,0.517408021,69.1426338,61.7997514,1,0.510080077,69.1426338,61.7997514,0.434609625
38970,3897,0.503883299,1,1.13017751,0.509757685,65.6984746,66.8157328,1,0.511583173,65.6984746,66.8157328,0.468045812
38980,3898,0.507793596,1,1.11242604,0.507015255,61.1160616,62.9253748,1,0.519449482,61.1160616,62.9253748,0.462392766
38990,3899,0.50267059,1,1.13017751,0.50931495,65.1298216,58.5024453,1,0.499334447,65.1298216,58.5024453,0.459434787
39000,3900,0.515606562,1,1.1183432,0.517990076,68.8925563,62.7251117,1,0.586350139,68.8925563,62.7251117,0.435068404
39010,3901,0.535670856,1,1.17751479,0.516610775,64.2169008,65.8935086,1,0.666732602,64.2169008,65.8935086,0.434465547
39020,3902,0.536263455,1,1.22485207,0.517782797,61.7421741,60.9953068,1,0.532381898,61.7421741,60.9953068,0.422143394
39030,3903,0.522818595,1,1.17751479,0.51448035,66.9479608,58.8270009,1,0.508952154,66.9479608,58.8270009,0.433792718
39040,3904,0.517783779,1,1.17751479,0.516954189,68.9835215,64.2874665,1,0.513504607,68.9835215,64.2874665,0.448272104
39050,3905,0.514428505,1,1.11242604,0.51389579,63.5542142,66.2814275,1,0.493560988,63.5542142,66.2814275,0.444913784
39060,3906,0.519688956,1,1.10059172,0.520753292,61.985006,60.7431314,1,0.497475267,61.985006,60.7431314,0.4427933
39070,3907,0.506468688,1,1.15976331,0.514566822,67.7878897,59.3945008,1,0.519860371,67.7878897,59.3945008,0.45827218
39080,3908,0.51883988,1,1.12426036,0.518280535,68.2007477,65.1032701,1,0.618564508,68.2007477,65.1032701,0.440282989
39090,3909,0.538391504,1,1.17159763,0.51372886,62.4782684,64.7280626,1,0.634618013,62.4782684,64.7280626,0.441135907
39100,3910,0.520088649,1,1.20118343,0.513396801,63.8837932,59.0844161,1,0.510320994,63.8837932,59.0844161,0.447387198
39110,3911,0.513927367,1,1.19526627,0.509621276,69.4431164,60.7459045,1,0.511081413,69.4431164,60.7459045,0.446330321
39120,3912,0.515216914,1,1.15976331,0.515146652,67.7381516,66.3128276,1,0.487127342,67.7381516,66.3128276,0.447858398
39130,3913,0.520830915,1,1.17159763,0.518177867,62.5751836,64.9858285,1,0.479637901,62.5751836,64.9858285,0.410059638
39140,3914,0.515429355,1,1.12426036,0.525098926,64.1339991,59.5748844,1,0.461858317,64.1339991,59.5748844,0.433154266
39150,3915,0.509992325,1,1.13017751,0.520699129,69.4137114,61.5717463,1,0.527819866,69.4137114,61.5717463,0.434208929
39160,3916,0.532180233,1,1.17751479,0.516448318,66.2476039,66.5438461,1,0.656125566,66.2476039,66.5438461,0.453428836
39170,3917,0.530533616,1,1.22485207,0.512786761,61.9695276,62.4673464,1,0.533127813,61.9695276,62.4673464,0.454561272
39180,3918,0.52037403,1,1.21301775,0.502625433,66.2087464,58.4104861,1,0.529129402,66.2087464,58.4104861,0.451356218
39190,3919,0.523387963,1,1.19526627,0.512332136,69.7781837,62.8370774,1,0.514802793,69.7781837,62.8370774,0.437418418
39200,3920,0.512748002,1,1.14792899,0.510882407,65.1324621,66.4685539,1,0.491318492,65.1324621,66.4685539,0.453587608
39210,3921,0.519638426,1,1.15384615,0.519597777,61.876439,62.2344279,1,0.492909298,61.876439,62.2344279,0.410869403
39220,3922,0.515979115,1,1.16568047,0.522080749,66.6449637,59.0810617,1,0.508855806,66.6449637,59.0810617,0.439758847
39230,3923,0.523805982,1,1.18343195,0.518650387,69.2303641,64.3832353,1,0.610679873,69.2303641,64.3832353,0.453763618
39240,3924,0.541314824,1,1.16568047,0.517940697,63.5827466,65.9081778,1,0.658946121,63.5827466,65.9081778,0.449990358
39250,3925,0.534661326,1,1.15384615,0.510126475,62.5492082,60.2607322,1,0.639867714,62.5492082,60.2607322,0.441633893
39260,3926,0.53355173,1,1.23076923,0.514963038,68.0930879,59.7538742,1,0.52465307,68.0930879,59.7538742,0.428230896
39270,3927,0.521697734,1,1.16568047,0.514349679,68.4257551,65.352461,1,0.522059335,68.4257551,65.352461,0.431420122
39280,3928,0.514477839,1,1.12426036,0.514861929,62.6376861,65.2646371,1,0.50129405,62.6376861,65.2646371,0.445287328
39290,3929,0.508440538,1,1.10059172,0.511340398,62.8680782,59.3334486,1,0.481680019,62.8680782,59.3334486,0.456589347
39300,3930,0.50984182,1,1.1183432,0.516352511,68.5889613,59.7599404,1,0.482298333,68.5889613,59.7599404,0.441289118
39310,3931,0.522501825,1,1.15976331,0.523860328,67.4674366,65.3327405,1,0.581174215,67.4674366,65.3327405,0.437271792
39320,3932,0.533977593,1,1.17751479,0.515593537,61.9156978,63.3588417,1,0.667914626,61.9156978,63.3588417,0.453246542
39330,3933,0.534236316,1,1.20118343,0.516594372,64.6807022,58.4223706,1,0.539683179,64.6807022,58.4223706,0.435237779
39340,3934,0.524293505,1,1.22485207,0.518877116,69.4626328,61.6210399,1,0.512020815,69.4626328,61.6210399,0.442547397
39350,3935,0.519912812,1,1.18934911,0.512426918,66.1807673,66.3892971,1,0.505235759,66.1807673,66.3892971,0.445270469
39360,3936,0.519211088,1,1.17751479,0.5183877,61.6964165,63.0563492,1,0.502017605,61.6964165,63.0563492,0.429792463
39370,3937,0.508334629,1,1.12426036,0.514633052,65.6431528,58.5507765,1,0.514036338,65.6431528,58.5507765,0.460748766
39380,3938,0.515938967,1,1.18934911,0.515296731,69.6099672,62.8768136,1,0.568644023,69.6099672,62.8768136,0.451494643
39390,3939,0.531487216,1,1.17159763,0.51714255,64.7060614,66.156028,1,0.658064326,64.7060614,66.156028,0.453790989
39400,3940,0.535801076,1,1.20710059,0.513900355,62.2625307,60.8663564,1,0.592772493,62.2625307,60.8663564,0.44821452
39410,3941,0.537451115,1,1.24852071,0.515068542,67.3539605,58.8183817,1,0.549392907,67.3539605,58.8183817,0.422144832
39420,3942,0.524568229,1,1.20710059,0.516558777,69.0888685,64.1585672,1,0.50895177,69.0888685,64.1585672,0.431918021
39430,3943,0.514996798,1,1.14201183,0.51419162,63.5298195,65.815017,1,0.505772292,63.5298195,65.815017,0.446199282
39440,3944,0.515731451,1,1.10059172,0.513713751,62.245968,60.0942143,1,0.498469838,62.245968,60.0942143,0.451007144
39450,3945,0.511725141,1,1.10059172,0.512807122,68.0590067,59.031445,1,0.4938092,68.0590067,59.031445,0.454568505
39460,3946,0.519177117,1,1.17751479,0.521329324,68.5800067,64.7776542,1,0.551250959,68.5800067,64.7776542,0.443829229
39470,3947,0.515796928,1,1.13017751,0.515497955,62.7774194,64.7751193,1,0.619073199,62.7774194,64.7751193,0.446352917
39480,3948,0.539795673,1,1.22485207,0.514626697,63.9177764,59.1494761,1,0.577809902,63.9177764,59.1494761,0.441542987
39490,3949,0.519290078,1,1.20710059,0.51105469,69.4037847,60.980743,1,0.510837094,69.4037847,60.980743,0.444890955
39500,3950,0.515141008,1,1.16568047,0.51113353,67.1346058,66.3391939,1,0.514705121,67.1346058,66.3391939,0.447624687
39510,3951,0.509221638,1,1.16568047,0.509751111,61.8026608,63.666543,1,0.505202514,61.8026608,63.666543,0.458791189
39520,3952,0.500593919,1,1.07100592,0.508845283,64.6583,58.3884237,1,0.475196767,64.6583,58.3884237,0.46162319
39530,3953,0.503608526,1,1.12426036,0.516647826,69.4067549,61.2955317,1,0.476095827,69.4067549,61.2955317,0.428283354
39540,3954,0.510235499,1,1.13017751,0.514796421,65.9262221,65.7491623,1,0.575601092,65.9262221,65.7491623,0.434795298
39550,3955,0.538244524,1,1.18934911,0.518654366,62.1270941,61.528013,1,0.657151804,62.1270941,61.528013,0.436849088
39560,3956,0.534603145,1,1.24260355,0.518183791,66.7195385,58.3689141,1,0.506614998,66.7195385,58.3689141,0.428775959
39570,3957,0.517514365,1,1.21893491,0.512873525,69.7172803,63.3578423,1,0.515839143,69.7172803,63.3578423,0.447715183
39580,3958,0.511037981,1,1.15976331,0.51247678,64.4924174,66.1626829,1,0.505162396,64.4924174,66.1626829,0.45616308
39590,3959,0.51266949,1,1.13609467,0.5110068,61.7518151,61.0407807,1,0.486962679,61.7518151,61.0407807,0.446848151
39600,3960,0.511532516,1,1.10059172,0.517453348,66.9202032,58.656111,1,0.484439643,66.9202032,58.656111,0.437846291
39610,3961,0.516870285,1,1.17159763,0.520876817,68.9402488,64.0747538,1,0.549308106,68.9402488,64.0747538,0.444840736
39620,3962,0.536085598,1,1.17751479,0.519632511,63.0198097,64.9403156,1,0.649534201,63.0198097,64.9403156,0.460259744
39630,3963,0.528053408,1,1.21893491,0.508415868,63.0009013,59.1652899,1,0.550388658,63.0009013,59.1652899,0.444235125
39640,3964,0.521804803,1,1.20710059,0.514299347,68.7623831,59.6700268,1,0.509101355,68.7623831,59.6700268,0.444888336
39650,3965,0.527370482,1,1.19526627,0.512306717,68.4324295,65.1578362,1,0.519261057,68.4324295,65.1578362,0.422901518
39660,3966,0.528669083,1,1.18934911,0.525733679,62.9819002,64.6353172,1,0.495833001,62.9819002,64.6353172,0.421193679
39670,3967,0.517800195,1,1.14201183,0.521084757,63.5476428,58.8982112,1,0.483523498,63.5476428,58.8982112,0.443456365
39680,3968,0.519216806,1,1.16568047,0.519863331,69.3164341,60.2869456,1,0.548796896,69.3164341,60.2869456,0.456430302
39690,3969,0.519819596,1,1.18934911,0.510476341,67.1393004,65.9673209,1,0.644008588,67.1393004,65.9673209,0.467946376
39700,3970,0.524645541,1,1.15384615,0.508477832,61.9288141,63.4519794,1,0.655248657,61.9288141,63.4519794,0.44506572
39710,3971,0.538731589,1,1.24260355,0.51388357,65.0202689,58.7149564,1,0.61650597,65.0202689,58.7149564,0.435118697
39720,3972,0.53038064,1,1.23076923,0.515113015,69.3849522,62.1570759,1,0.51212291,69.3849522,62.1570759,0.427588857
39730,3973,0.527670623,1,1.18343195,0.519688646,65.8537336,66.3513043,1,0.516825219,65.8537336,66.3513043,0.421753573
39740,3974,0.511252594,1,1.12426036,0.513327771,61.4991464,62.4126645,1,0.511308888,61.4991464,62.4126645,0.451659096
39750,3975,0.512995327,1,1.12426036,0.517293709,65.870266,58.5410831,1,0.522507403,65.870266,58.5410831,0.44916642
39760,3976,0.511655229,1,1.15384615,0.510967694,69.4071821,63.5062765,1,0.585701601,69.4071821,63.5062765,0.468933827
39770,3977,0.513766455,1,1.10059172,0.50975359,64.3398189,66.4018297,1,0.598746984,64.3398189,66.4018297,0.448946155
39780,3978,0.525345546,1,1.13609467,0.514918142,62.0874269,61.2242013,1,0.657357157,62.0874269,61.2242013,0.434333502
39790,3979,0.539153357,1,1.25443787,0.51764586,67.4150228,59.6603824,1,0.523913519,67.4150228,59.6603824,0.427105352
39800,3980,0.522585861,1,1.17751479,0.513505618,68.57518,65.1636318,1,0.515896372,68.57518,65.1636318,0.4326314
39810,3981,0.517345539,1,1.15384615,0.51703609,62.875059,66.0483107,1,0.498678734,62.875059,66.0483107,0.443720395
39820,3982,0.515349863,1,1.14201183,0.51356138,62.1708968,60.2424994,1,0.507823388,62.1708968,60.2424994,0.449873681
39830,3983,0.506510292,1,1.12426036,0.511101494,68.1945343,59.9387387,1,0.492374469,68.1945343,59.9387387,0.463945518
39840,3984,0.513299188,1,1.17159763,0.516082531,68.1902594,65.6923197,1,0.543463982,68.1902594,65.6923197,0.442583271
39850,3985,0.53800689,1,1.20710059,0.520996993,62.4329341,64.5190606,1,0.661797615,62.4329341,64.5190606,0.451973529
39860,3986,0.529484616,1,1.13017751,0.50829468,63.8773531,59.1279464,1,0.672578745,63.8773531,59.1279464,0.429327658
39870,3987,0.534903559,1,1.22485207,0.514457482,69.013472,61.3502428,1,0.526723531,69.013472,61.3502428,0.430482863
39880,3988,0.520774965,1,1.17751479,0.517554642,66.4452369,66.371541,1,0.520894586,66.4452369,66.371541,0.433843889
39890,3989,0.514027125,1,1.15976331,0.512362243,61.4073973,63.3955744,1,0.511825246,61.4073973,63.3955744,0.450090095
39900,3990,0.508584912,1,1.11242604,0.510410827,64.9168538,58.4767796,1,0.508951901,64.9168538,58.4767796,0.464801462
39910,3991,0.509161286,1,1.17159763,0.514376939,69.4441427,62.2730453,1,0.523971926,69.4441427,62.2730453,0.45448441
39920,3992,0.511232922,1,1.14792899,0.515088959,65.4068874,66.3540763,1,0.571601032,65.4068874,66.3540763,0.441582979
39930,3993,0.536355464,1,1.15384615,0.514952393,62.0715127,61.6812105,1,0.66751406,62.0715127,61.6812105,0.441624216
39940,3994,0.539164373,1,1.19526627,0.516295672,66.8789186,58.9310103,1,0.571464927,66.8789186,58.9310103,0.42603686
39950,3995,0.529618225,1,1.20118343,0.519032135,69.2707568,63.8324306,1,0.509017694,69.2707568,63.8324306,0.419529258
39960,3996,0.522886056,1,1.17159763,0.519847385,64.1654144,66.1316681,1,0.502888875,64.1654144,66.1316681,0.430707505
39970,3997,0.51074704,1,1.12426036,0.515419577,61.9824119,60.593989,1,0.505089144,61.9824119,60.593989,0.457879017
39980,3998,0.510961995,1,1.09467456,0.510283037,67.59158,58.6668063,1,0.504024249,67.59158,58.6668063,0.456231026
39990,3999,0.515357078,1,1.15976331,0.516332409,68.8925489,64.4208078,1,0.540899132,68.8925489,64.4208078,0.453787823
40000,4000,0.50882076,1,1.12426036,0.516430392,63.2667568,65.4784716,1,0.559235685,63.2667568,65.4784716,0.440334653
40010,4001,0.541169485,1,1.19526627,0.517582732,63.3581827,59.6832962,1,0.6371151,63.3581827,59.6832962,0.445838194
40020,4002,0.524914052,1,1.20118343,0.511430075,69.0055525,60.5181152,1,0.516511525,69.0055525,60.5181152,0.439133826
40030,4003,0.516924052,1,1.18934911,0.513092766,67.5909976,66.1288913,1,0.504939053,67.5909976,66.1288913,0.44510337
40040,4004,0.516043038,1,1.17159763,0.513448026,62.0220187,64.5569838,1,0.499802763,62.0220187,64.5569838,0.445120943
40050,4005,0.513791709,1,1.12426036,0.514412177,63.7666686,59.0714646,1,0.478792232,63.7666686,59.0714646,0.442790533
40060,4006,0.512050215,1,1.13609467,0.518069159,69.1517461,61.0012764,1,0.488221021,69.1517461,61.0012764,0.4400325
40070,4007,0.522970334,1,1.17159763,0.520164873,66.440244,66.1477317,1,0.599514454,66.440244,66.1477317,0.447466548
40080,4008,0.534770028,1,1.15384615,0.515945267,61.7553846,62.6970535,1,0.659400366,61.7553846,62.6970535,0.447577883
40090,4009,0.535822044,1,1.18343195,0.517667071,65.7295367,58.661336,1,0.553622143,65.7295367,58.661336,0.435692345
40100,4010,0.523840652,1,1.18343195,0.514574235,69.512573,62.9835933,1,0.514722626,69.512573,62.9835933,0.441844378
40110,4011,0.520094371,1,1.16568047,0.511219834,65.0950401,66.6285776,1,0.506155856,65.0950401,66.6285776,0.440551747
40120,4012,0.519109681,1,1.17159763,0.519708519,61.6291841,62.1242272,1,0.489394449,61.6291841,62.1242272,0.437186606
40130,4013,0.513481803,1,1.13017751,0.517524048,66.2196875,58.7742865,1,0.495892959,66.2196875,58.7742865,0.437142583
40140,4014,0.514052099,1,1.15384615,0.519942222,68.9288859,64.0361727,1,0.576657365,68.9288859,64.0361727,0.455259872
40150,4015,0.526134149,1,1.19526627,0.510639555,63.2454003,65.9534968,1,0.664802316,63.2454003,65.9534968,0.461398315
40160,4016,0.53438279,1,1.22485207,0.513458509,62.3967485,60.1454961,1,0.594254384,62.3967485,60.1454961,0.451513448
40170,4017,0.527569648,1,1.22485207,0.510243186,68.1402893,59.8175516,1,0.531783252,68.1402893,59.8175516,0.442530434
40180,4018,0.524273701,1,1.18343195,0.513666489,68.1548631,65.414519,1,0.510862085,68.1548631,65.414519,0.43053741
40190,4019,0.517666055,1,1.17159763,0.513836361,62.4866065,65.306448,1,0.500398725,62.4866065,65.306448,0.436098978
40200,4020,0.51325976,1,1.10650888,0.515826649,62.9199231,59.6099717,1,0.478096564,62.9199231,59.6099717,0.439456398
40210,4021,0.513652896,1,1.14201183,0.520635324,68.6005841,60.2398571,1,0.501510082,68.6005841,60.2398571,0.439651996
40220,4022,0.528923595,1,1.19526627,0.523544871,67.1565339,65.8700767,1,0.623092995,67.1565339,65.8700767,0.447112056
40230,4023,0.535376355,1,1.17159763,0.517041349,61.7385651,63.5103711,1,0.664667116,61.7385651,63.5103711,0.454579566
40240,4024,0.537323389,1,1.21301775,0.51479121,64.6975696,58.6039443,1,0.579522078,64.6975696,58.6039443,0.440741251
40250,4025,0.532488714,1,1.21301775,0.515270299,69.3177572,61.7729803,1,0.527931099,69.3177572,61.7729803,0.430967834
40260,4026,0.526681415,1,1.22485207,0.515181638,66.2088234,66.2703764,1,0.519478789,66.2088234,66.2703764,0.420566269
40270,4027,0.521487105,1,1.17159763,0.520669091,61.8273851,62.7882317,1,0.509974051,61.8273851,62.7882317,0.430510453
40280,4028,0.499861788,1,1.0591716,0.507035529,65.9612888,58.2420599,1,0.507198836,65.9612888,58.2420599,0.472666099
40290,4029,0.517576257,1,1.15384615,0.513171388,69.6656897,62.9048929,1,0.57669642,69.6656897,62.9048929,0.458093539
40300,4030,0.512132319,1,1.14201183,0.508264733,64.8042172,66.2900478,1,0.593293583,64.8042172,66.2900478,0.455688494
40310,4031,0.536929434,1,1.17751479,0.514576658,62.3454279,61.133883,1,0.661132813,62.3454279,61.133883,0.439416509
40320,4032,0.536307644,1,1.23668639,0.513869277,67.4965963,59.1329435,1,0.565718549,67.4965963,59.1329435,0.425088188
40330,4033,0.526180933,1,1.20710059,0.517688989,69.0293253,64.4211504,1,0.512676397,69.0293253,64.4211504,0.423526963
40340,4034,0.520738457,1,1.19526627,0.516173973,63.5165738,65.8290249,1,0.512395521,63.5165738,65.8290249,0.437668235
40350,4035,0.516151621,1,1.13017751,0.517908891,62.2524072,60.1387029,1,0.493413708,62.2524072,60.1387029,0.448388839
40360,4036,0.514332421,1,1.1183432,0.515705841,68.0233039,59.1642205,1,0.489186379,68.0233039,59.1642205,0.450199586
40370,4037,0.525562135,1,1.20710059,0.521393739,68.3980031,65.0139513,1,0.564122794,68.3980031,65.0139513,0.450901466
40380,4038,0.51872459,1,1.14792899,0.514011534,62.4699681,64.8988616,1,0.614979404,62.4699681,64.8988616,0.456088623
40390,4039,0.530686578,1,1.15384615,0.513548697,63.3902919,59.3528431,1,0.671994418,63.3902919,59.3528431,0.432450814
40400,4040,0.535688461,1,1.21893491,0.513661547,68.7407084,60.8385809,1,0.543335524,68.7407084,60.8385809,0.427143903
40410,4041,0.516937605,1,1.19526627,0.516990852,66.568644,66.1388272,1,0.50418507,66.568644,66.1388272,0.440618682
40420,4042,0.517927439,1,1.13017751,0.513980628,61.3193259,63.9578134,1,0.509372703,61.3193259,63.9578134,0.437259902
40430,4043,0.508229497,1,1.11242604,0.512691142,63.7624509,58.5362566,1,0.477383622,63.7624509,58.5362566,0.457431328
40440,4044,0.515950141,1,1.11242604,0.518475097,68.7116009,61.0615401,1,0.490055258,68.7116009,61.0615401,0.42739851
40450,4045,0.518938064,1,1.17751479,0.522808476,65.6112088,65.9265724,1,0.567824634,65.6112088,65.9265724,0.443766624
40460,4046,0.541009293,1,1.17751479,0.522771354,61.2501352,62.0078338,1,0.665551858,61.2501352,62.0078338,0.451004638
40470,4047,0.533557724,1,1.24260355,0.514970986,65.737708,58.2850466,1,0.53001519,65.737708,58.2850466,0.44851797
40480,4048,0.517861442,1,1.24260355,0.506990487,69.1669175,63.109526,1,0.512683586,69.1669175,63.109526,0.455311059
40490,4049,0.517015775,1,1.19526627,0.506349885,64.4156267,66.3188909,1,0.510564534,64.4156267,66.3188909,0.441050305
40500,4050,0.523202494,1,1.17751479,0.517934907,61.4483273,61.6847358,1,0.499918664,61.4483273,61.6847358,0.423288473
40510,4051,0.514078452,1,1.0887574,0.519100806,66.3362823,58.7210425,1,0.473198971,66.3362823,58.7210425,0.439711995
40520,4052,0.516153894,1,1.17751479,0.521146139,68.8453299,63.9094737,1,0.534253098,68.8453299,63.9094737,0.443327502
40530,4053,0.51506617,1,1.12426036,0.510203811,63.0345917,65.6601535,1,0.624904058,63.0345917,65.6601535,0.466825854
40540,4054,0.537503162,1,1.20118343,0.51589891,62.3864737,59.8974041,1,0.628834458,62.3864737,59.8974041,0.44608313
40550,4055,0.525987103,1,1.23076923,0.511291172,68.2681666,59.9424131,1,0.529059096,68.2681666,59.9424131,0.452451161
40560,4056,0.515298532,1,1.18934911,0.510120446,67.6422303,65.774466,1,0.502509236,67.6422303,65.774466,0.451195899
40570,4057,0.523696557,1,1.20710059,0.514561888,62.160566,65.2248236,1,0.510062331,62.160566,65.2248236,0.423780892
40580,4058,0.515605392,1,1.15976331,0.517738648,62.8912814,59.7525605,1,0.482959078,62.8912814,59.7525605,0.424679537
40590,4059,0.517075246,1,1.14201183,0.522763629,68.4387139,60.8431163,1,0.495032669,68.4387139,60.8431163,0.434893168
40600,4060,0.522406752,1,1.17159763,0.521001502,66.6126305,66.4604295,1,0.58492487,66.6126305,66.4604295,0.454359477
40610,4061,0.527777808,1,1.16568047,0.511614823,61.2724508,63.7222046,1,0.657748688,61.2724508,63.7222046,0.461637137
40620,4062,0.533366548,1,1.21301775,0.511022109,64.6989642,58.9638416,1,0.589562567,64.6989642,58.9638416,0.451054073
40630,4063,0.531155858,1,1.26627219,0.511226466,68.9741187,62.4765886,1,0.519600422,68.9741187,62.4765886,0.425631021
40640,4064,0.520392007,1,1.14201183,0.51573169,65.0640599,66.6072687,1,0.512442022,65.0640599,66.6072687,0.437523139
40650,4065,0.520293848,1,1.14792899,0.519350676,61.0449149,62.6064615,1,0.505353607,61.0449149,62.6064615,0.436229029
40660,4066,0.508233166,1,1.10059172,0.515027217,65.4502865,58.5768809,1,0.486650163,65.4502865,58.5768809,0.459256024
40670,4067,0.512851536,1,1.15976331,0.514028448,69.0400056,63.1099995,1,0.529460603,69.0400056,63.1099995,0.444793997
40680,4068,0.509869393,1,1.15976331,0.51753828,64.2487747,66.3637644,1,0.553621635,64.2487747,66.3637644,0.445509348
40690,4069,0.527612758,1,1.14792899,0.514644396,61.7508255,61.2303183,1,0.660544022,61.7508255,61.2303183,0.439149385
40700,4070,0.53773643,1,1.22485207,0.517648204,67.191056,59.6694196,1,0.53750714,67.191056,59.6694196,0.435363633
40710,4071,0.523135256,1,1.20118343,0.515013549,68.4079696,65.2711362,1,0.512997561,68.4079696,65.2711362,0.44095182
40720,4072,0.517550914,1,1.17159763,0.515080715,62.5917409,66.1788064,1,0.503565723,62.5917409,66.1788064,0.452817488
40730,4073,0.508196266,1,1.13017751,0.507759859,61.7234049,60.1472781,1,0.501298513,61.7234049,60.1472781,0.468747176
40740,4074,0.509693654,1,1.0887574,0.512524871,67.5137181,59.3889453,1,0.478562597,67.5137181,59.3889453,0.449212296
40750,4075,0.506700106,1,1.11242604,0.518886751,68.0824432,64.9070593,1,0.470551062,68.0824432,64.9070593,0.4267188
40760,4076,0.511776615,1,1.18934911,0.523136905,62.5890642,65.0397654,1,0.537849942,62.5890642,65.0397654,0.422690899
40770,4077,0.537882794,1,1.17751479,0.518696802,63.3826496,59.4353289,1,0.66688048,63.3826496,59.4353289,0.435411026
40780,4078,0.53465565,1,1.28402367,0.518446064,68.8567772,61.1617871,1,0.518376278,68.8567772,61.1617871,0.441532639
40790,4079,0.517933915,1,1.21301775,0.511146059,66.5706435,66.5513924,1,0.508606672,66.5706435,66.5513924,0.450340122
40800,4080,0.512050344,1,1.15976331,0.507797104,61.2219735,63.9498388,1,0.500597846,61.2219735,63.9498388,0.45752325
40810,4081,0.517972379,1,1.14201183,0.514319847,63.7301997,58.8637588,1,0.494054766,63.7301997,58.8637588,0.436225123
40820,4082,0.516620385,1,1.1183432,0.521019339,68.685749,61.1619307,1,0.463987947,68.685749,61.1619307,0.420193409
40830,4083,0.515109785,1,1.15976331,0.523902214,66.3561629,66.0935246,1,0.464863332,66.3561629,66.0935246,0.419548852
40840,4084,0.521518783,1,1.20118343,0.52548107,61.5590923,63.0577775,1,0.562718595,61.5590923,63.0577775,0.436687684
40850,4085,0.532730908,1,1.16568047,0.512904046,65.7760899,58.7286256,1,0.658267393,65.7760899,58.7286256,0.464889281
40860,4086,0.533690438,1,1.21893491,0.51172668,69.1577616,63.4221261,1,0.56193042,69.1577616,63.4221261,0.444989527
40870,4087,0.535635816,1,1.24852071,0.516381335,64.590905,66.5334891,1,0.52225579,64.590905,66.5334891,0.425077495
40880,4088,0.533812398,1,1.21893491,0.51925005,61.6802526,61.924542,1,0.526104682,61.6802526,61.924542,0.419313971
40890,4089,0.521007005,1,1.15384615,0.519607555,66.6938233,59.1527858,1,0.502881247,66.6938233,59.1527858,0.44067272
40900,4090,0.512664921,1,1.10059172,0.516270864,69.3459111,64.4579773,1,0.492387439,69.3459111,64.4579773,0.456242871
40910,4091,0.517267008,1,1.18343195,0.519988018,63.9020439,66.5706517,1,0.538704111,63.9020439,66.5706517,0.449187852
40920,4092,0.509640751,1,1.14792899,0.509769161,62.2331304,60.8351375,1,0.58571406,62.2331304,60.8351375,0.459491583
40930,4093,0.540803302,1,1.18343195,0.519037359,67.906563,60.2101802,1,0.657429904,67.906563,60.2101802,0.439057686
40940,4094,0.535389923,1,1.14792899,0.511059501,68.1406082,65.9354071,1,0.630727999,68.1406082,65.9354071,0.440769904
40950,4095,0.532183455,1,1.22485207,0.518582062,62.601753,65.5860009,1,0.51583688,62.601753,65.5860009,0.426912697
40960,4096,0.522678915,1,1.19526627,0.514899986,63.0455012,59.9890932,1,0.516039811,63.0455012,59.9890932,0.431882412
40970,4097,0.514047063,1,1.16568047,0.515354626,68.8421955,60.8255496,1,0.500971098,68.8421955,60.8255496,0.45051794
40980,4098,0.508484689,1,1.04733728,0.510365477,67.6938485,66.6360898,1,0.50161529,67.6938485,66.6360898,0.455609858
40990,4099,0.513139733,1,1.13609467,0.517485441,62.0916179,65.1966646,1,0.506332402,62.0916179,65.1966646,0.444938215
41000,4100,0.519230163,1,1.13609467,0.520202419,64.0402832,59.7353824,1,0.578739939,64.0402832,59.7353824,0.446040435
41010,4101,0.533189632,1,1.18934911,0.51739265,69.1037306,62.5109891,1,0.670806891,69.1037306,62.5109891,0.444176598
41020,4102,0.532694166,1,1.25443787,0.514457184,65.6494906,67.0384802,1,0.534274908,65.6494906,67.0384802,0.438056152
41030,4103,0.524483137,1,1.17751479,0.519883914,61.4335918,63.1951765,1,0.509539828,61.4335918,63.1951765,0.438831057
41040,4104,0.520679668,1,1.18934911,0.516125378,65.3637632,58.9671504,1,0.51114386,65.3637632,58.9671504,0.444043095
41050,4105,0.514862835,1,1.14201183,0.515518503,69.4884761,63.1218859,1,0.485123229,69.4884761,63.1218859,0.450345588
41060,4106,0.517556972,1,1.12426036,0.518141098,65.482997,66.9708372,1,0.477509606,65.482997,66.9708372,0.427309517
41070,4107,0.5089774,1,1.13609467,0.520134014,61.6519851,62.6831525,1,0.481667158,61.6519851,62.6831525,0.442296933
41080,4108,0.52659145,1,1.14201183,0.523877589,66.3661097,59.494505,1,0.603350403,66.3661097,59.494505,0.437789256
41090,4109,0.52999009,1,1.16568047,0.514335586,69.011228,64.6548587,1,0.667175709,69.011228,64.6548587,0.446060345
41100,4110,0.535584771,1,1.24260355,0.516572263,63.5102784,66.3696831,1,0.529899032,63.5102784,66.3696831,0.44323361
41110,4111,0.528052432,1,1.23076923,0.510998014,62.0647713,60.8930663,1,0.522889876,62.0647713,60.8930663,0.435705397
41120,4112,0.523869782,1,1.18934911,0.519111332,67.6693424,59.9076879,1,0.507840918,67.6693424,59.9076879,0.437733459
41130,4113,0.514071679,1,1.13017751,0.51475638,68.5847923,65.7341589,1,0.504118822,68.5847923,65.7341589,0.45368845
41140,4114,0.513548048,1,1.13609467,0.51570627,62.7387805,66.2804346,1,0.483541986,62.7387805,66.2804346,0.451652272
41150,4115,0.518781295,1,1.19526627,0.518598566,62.7023454,60.4145438,1,0.545384654,62.7023454,60.4145438,0.451231078
41160,4116,0.53171268,1,1.18343195,0.520695919,68.512566,61.1688475,1,0.629795836,68.512566,61.1688475,0.45069071
41170,4117,0.530447468,1,1.13609467,0.511171264,67.1909466,66.8608972,1,0.664856507,67.1909466,66.8608972,0.449497466
41180,4118,0.534101516,1,1.24852071,0.512241916,61.9594961,64.8081503,1,0.539294256,61.9594961,64.8081503,0.432290195
41190,4119,0.520911133,1,1.19526627,0.515838906,64.4949152,59.760871,1,0.516179418,64.4949152,59.760871,0.434485194
41200,4120,0.506012192,1,1.17159763,0.507665711,69.7366403,62.77497,1,0.516677331,69.7366403,62.77497,0.465117371
41210,4121,0.503328357,1,1.09467456,0.504205543,66.3549625,67.8021541,1,0.497738429,66.3549625,67.8021541,0.466056891
41220,4122,0.506485316,1,1.11242604,0.513320746,61.6691487,64.3358891,1,0.470616344,61.6691487,64.3358891,0.448348999
41230,4123,0.517137115,1,1.14201183,0.521250068,65.4899138,60.1546463,1,0.572442287,65.4899138,60.1546463,0.435693262
41240,4124,0.521315891,1,1.16568047,0.517683868,69.2897629,64.3200557,1,0.641107819,69.2897629,64.3200557,0.43370899
41250,4125,0.53783683,1,1.23668639,0.517626751,64.4107216,67.3346985,1,0.549791399,64.4107216,67.3346985,0.441173228
41260,4126,0.522102051,1,1.19526627,0.511312313,61.9240516,62.1055307,1,0.510480879,61.9240516,62.1055307,0.445408683
41270,4127,0.523807382,1,1.23076923,0.517775602,67.1365838,59.911285,1,0.520577362,67.1365838,59.911285,0.435042046
41280,4128,0.517621871,1,1.14792899,0.517119587,69.2775007,65.2809275,1,0.50445254,69.2775007,65.2809275,0.444669853
41290,4129,0.519488778,1,1.10650888,0.520089645,63.8576623,67.1731141,1,0.490336435,63.8576623,67.1731141,0.441588165
41300,4130,0.507520306,1,1.13017751,0.515135527,62.1559796,61.4720841,1,0.497909449,62.1559796,61.4720841,0.457659769
41310,4131,0.511314287,1,1.11242604,0.519360348,67.7512369,60.454525,1,0.561481829,67.7512369,60.454525,0.43746399
41320,4132,0.533292001,1,1.14792899,0.514789733,67.9281856,66.2893557,1,0.664843697,67.9281856,66.2893557,0.449039469
41330,4133,0.523975834,1,1.22485207,0.514256318,62.1699427,65.2499469,1,0.512445644,62.1699427,65.2499469,0.450100126
41340,4134,0.51400485,1,1.21301775,0.508720359,63.5716336,59.6320677,1,0.507657959,63.5716336,59.6320677,0.445392617
41350,4135,0.517321354,1,1.16568047,0.514910818,69.1643958,61.0908593,1,0.495379666,69.1643958,61.0908593,0.444606484
41360,4136,0.522781562,1,1.17751479,0.518218906,68.0058411,66.3150644,1,0.493118507,68.0058411,66.3150644,0.411625208
41370,4137,0.515281,1,1.11242604,0.524379578,62.5663383,64.9425666,1,0.457501508,62.5663383,64.9425666,0.431537377
41380,4138,0.514042635,1,1.15384615,0.523374857,64.3634392,59.6173938,1,0.525329711,64.3634392,59.6173938,0.432325738
41390,4139,0.532573005,1,1.18934911,0.517659821,69.5278731,62.5711733,1,0.652197905,69.5278731,62.5711733,0.457651526
41400,4140,0.530023999,1,1.20118343,0.511772685,65.6153945,67.0821909,1,0.560990303,65.6153945,67.0821909,0.459332994
41410,4141,0.525713905,1,1.19526627,0.503317328,61.419123,63.0899616,1,0.555938708,61.419123,63.0899616,0.445533979
41420,4142,0.527733703,1,1.17751479,0.510968324,65.6063622,59.3761461,1,0.511952241,65.6063622,59.3761461,0.430531509
41430,4143,0.516331586,1,1.19526627,0.513728603,69.2970832,63.784969,1,0.503353256,69.2970832,63.784969,0.44228523
41440,4144,0.521184685,1,1.17159763,0.520377736,65.1840204,67.3311558,1,0.492634424,65.1840204,67.3311558,0.417747741
41450,4145,0.51386844,1,1.16568047,0.520449273,61.7680471,62.6812083,1,0.506866387,61.7680471,62.6812083,0.443832723
41460,4146,0.51665881,1,1.15384615,0.516496319,67.1322395,59.9939209,1,0.603190461,67.1322395,59.9939209,0.461513289
41470,4147,0.529678203,1,1.15384615,0.511211494,68.6331484,65.8278696,1,0.644303289,68.6331484,65.8278696,0.463378928
41480,4148,0.530265508,1,1.20710059,0.51073028,62.8554467,66.5149045,1,0.556430004,62.8554467,66.5149045,0.447569729
41490,4149,0.529158434,1,1.24260355,0.510235908,62.4508545,60.8562196,1,0.528863197,62.4508545,60.8562196,0.436394653
41500,4150,0.525349196,1,1.18934911,0.513907759,67.9132865,60.734764,1,0.517331545,67.9132865,60.734764,0.420290929
41510,4151,0.520969082,1,1.14792899,0.520740093,68.0230315,66.3415673,1,0.487351795,68.0230315,66.3415673,0.431375174
41520,4152,0.516757546,1,1.1183432,0.517258142,62.3438208,66.2642236,1,0.48473232,62.3438208,66.2642236,0.436902872
41530,4153,0.517087851,1,1.15384615,0.518065866,63.127027,60.4468743,1,0.54573584,63.127027,60.4468743,0.451525778
41540,4154,0.519970433,1,1.16568047,0.513614946,68.8842259,61.8938544,1,0.627259167,68.8842259,61.8938544,0.456634788
41550,4155,0.535967075,1,1.17751479,0.51444273,66.5656599,67.2235539,1,0.647653129,66.5656599,67.2235539,0.447090824
41560,4156,0.535703282,1,1.21893491,0.514954918,61.6853393,64.3832061,1,0.551829965,61.6853393,64.3832061,0.434360747
41570,4157,0.53529126,1,1.24260355,0.515138957,64.4714582,59.7317284,1,0.520812826,64.4714582,59.7317284,0.417081317
41580,4158,0.527121614,1,1.19526627,0.519192208,69.1153828,62.6568991,1,0.516218268,69.1153828,62.6568991,0.422185489
41590,4159,0.51161091,1,1.16568047,0.512984161,65.6047517,67.372632,1,0.50454975,65.6047517,67.372632,0.452230944
41600,4160,0.514922475,1,1.11242604,0.514631538,61.1565365,63.4347158,1,0.538609621,61.1565365,63.4347158,0.456989133
41610,4161,0.505652324,1,1.14792899,0.508962852,65.3043599,59.0931382,1,0.522601925,65.3043599,59.0931382,0.461882785
41620,4162,0.512558568,1,1.18934911,0.517061944,69.129053,63.3275465,1,0.56303297,69.129053,63.3275465,0.438923449
41630,4163,0.541778491,1,1.17159763,0.519553292,64.2712339,66.5035875,1,0.644071032,64.2712339,66.5035875,0.446456417
41640,4164,0.534620967,1,1.24852071,0.513216552,61.7974101,61.4821545,1,0.554056149,61.7974101,61.4821545,0.430594701
41650,4165,0.522445538,1,1.18934911,0.516600089,67.1515103,59.5157536,1,0.510831412,67.1515103,59.5157536,0.438752408
41660,4166,0.514798352,1,1.12426036,0.511705997,69.0173612,65.088787,1,0.50898563,69.0173612,65.088787,0.452083286
41670,4167,0.51453099,1,1.1183432,0.51428235,63.3955502,66.7444161,1,0.493865206,63.3955502,66.7444161,0.450810359
41680,4168,0.512215026,1,1.08284024,0.514576178,61.8953618,61.1452771,1,0.488279673,61.8953618,61.1452771,0.445894637
41690,4169,0.521038263,1,1.17751479,0.520765292,67.6552972,60.3663387,1,0.562687813,67.6552972,60.3663387,0.447105093
41700,4170,0.517513717,1,1.14201183,0.514583026,67.8874095,66.2395421,1,0.626082965,67.8874095,66.2395421,0.452137559
41710,4171,0.537546121,1,1.16568047,0.511292501,62.1628732,65.4601706,1,0.64042259,62.1628732,65.4601706,0.444411288
41720,4172,0.527448418,1,1.21301775,0.512855028,63.7105469,59.9842933,1,0.518487583,63.7105469,59.9842933,0.43772223
41730,4173,0.51725132,1,1.20118343,0.512004075,69.0889669,61.9635569,1,0.517630524,69.0889669,61.9635569,0.440849676
41740,4174,0.50991227,1,1.16568047,0.513139389,66.7115569,67.4313402,1,0.510561258,66.7115569,67.4313402,0.458636597
41750,4175,0.506569889,1,1.1183432,0.507505908,61.3308739,64.7272092,1,0.502781128,61.3308739,64.7272092,0.463228152
41760,4176,0.504538049,1,1.13609467,0.512303003,64.1946676,59.6354935,1,0.48093153,64.1946676,59.6354935,0.449370913
41770,4177,0.516256995,1,1.15384615,0.520986802,68.7852433,62.8942212,1,0.567895093,68.7852433,62.8942212,0.433048167
41780,4178,0.535391228,1,1.14792899,0.520752278,64.8829217,67.0578625,1,0.670438319,64.8829217,67.0578625,0.438960733
41790,4179,0.535222072,1,1.24260355,0.519200376,61.4042943,62.6828861,1,0.516476484,61.4042943,62.6828861,0.429952985
41800,4180,0.522523822,1,1.21893491,0.5152126,66.162985,59.4880609,1,0.522966049,66.162985,59.4880609,0.440897724
41810,4181,0.51387349,1,1.16568047,0.515824754,69.2074152,64.6101602,1,0.513706877,69.2074152,64.6101602,0.458350894
41820,4182,0.509393961,1,1.15384615,0.509441297,64.1463021,67.6879336,1,0.489106472,64.1463021,67.6879336,0.455651923
41830,4183,0.522313307,1,1.1183432,0.519778409,61.6389398,62.5372174,1,0.512282365,61.6389398,62.5372174,0.440660769
41840,4184,0.509398182,1,1.16568047,0.515327847,67.0815186,60.1476855,1,0.520720872,67.0815186,60.1476855,0.457233299
41850,4185,0.516840958,1,1.14792899,0.516936821,68.5535093,65.8065843,1,0.615362529,68.5535093,65.8065843,0.449785564
41860,4186,0.534316614,1,1.18934911,0.513731021,62.7878404,66.2728133,1,0.596945185,62.7878404,66.2728133,0.44496066
41870,4187,0.526200952,1,1.21301775,0.515040248,63.1125428,60.6045027,1,0.521678202,63.1125428,60.6045027,0.436738698
41880,4188,0.512642161,1,1.18934911,0.508189292,69.0264346,61.3176576,1,0.505643613,69.0264346,61.3176576,0.458210475
41890,4189,0.519300421,1,1.17159763,0.516125021,68.2161479,66.9925907,1,0.49873054,68.2161479,66.9925907,0.440960696
41900,4190,0.516321669,1,1.11242604,0.518350624,62.6312536,66.1540989,1,0.475421418,62.6312536,66.1540989,0.434422105
41910,4191,0.517610091,1,1.12426036,0.523831466,63.8109425,60.5742367,1,0.501571891,63.8109425,60.5742367,0.438707945
41920,4192,0.519605388,1,1.15384615,0.517982047,69.4398845,62.4350547,1,0.581292431,69.4398845,62.4350547,0.456041831
41930,4193,0.535775696,1,1.17159763,0.515450466,66.5239132,67.6462337,1,0.65072204,66.5239132,67.6462337,0.459349135
41940,4194,0.532903376,1,1.23668639,0.514152208,61.8642222,64.1451348,1,0.545872634,61.8642222,64.1451348,0.448339562
41950,4195,0.529449044,1,1.26035503,0.512645118,65.3158852,59.8567614,1,0.519154633,65.3158852,59.8567614,0.423455237
41960,4196,0.519803882,1,1.18343195,0.517724636,69.4864958,63.7734532,1,0.507442696,69.4864958,63.7734532,0.440108024
41970,4197,0.511598669,1,1.10059172,0.510201803,65.4843845,67.9856971,1,0.493730596,65.4843845,67.9856971,0.44694819
41980,4198,0.513207252,1,1.10650888,0.518503042,61.6439913,63.6790072,1,0.488353067,61.6439913,63.6790072,0.44386814
41990,4199,0.519931524,1,1.18343195,0.519007636,66.1860973,60.0724956,1,0.55360472,66.1860973,60.0724956,0.446138283
42000,4200,0.522011059,1,1.15384615,0.518907259,69.3933816,64.9103818,1,0.597502226,69.3933816,64.9103818,0.446497316
42010,4201,0.540001076,1,1.17159763,0.515817796,64.0505141,67.2634005,1,0.64945579,64.0505141,67.2634005,0.449081451
42020,4202,0.532240054,1,1.21301775,0.512067961,62.4459925,61.7274964,1,0.542458723,62.4459925,61.7274964,0.443364787
42030,4203,0.525385694,1,1.20710059,0.514420831,67.9264203,60.4313734,1,0.510685657,67.9264203,60.4313734,0.433200723
42040,4204,0.522626599,1,1.18343195,0.519426671,69.1108991,65.9685837,1,0.497634623,69.1108991,65.9685837,0.435575439
42050,4205,0.517184576,1,1.18343195,0.5147848,63.4528051,66.9976351,1,0.51191287,63.4528051,66.9976351,0.442377749
42060,4206,0.506680258,1,1.10059172,0.512349888,62.8482755,60.9896264,1,0.501688884,62.8482755,60.9896264,0.464488173
42070,4207,0.507358375,1,1.15384615,0.512847306,68.6548993,60.5594892,1,0.513442874,68.6548993,60.5594892,0.447887207
42080,4208,0.537923826,1,1.24260355,0.522986624,67.8367065,66.3535375,1,0.656569684,67.8367065,66.3535375,0.450117906
42090,4209,0.534721471,1,1.18934911,0.512321187,62.2749666,65.0256859,1,0.664490666,62.2749666,65.0256859,0.439850296
42100,4210,0.536028301,1,1.22485207,0.512030981,64.2180294,59.7940325,1,0.543077887,64.2180294,59.7940325,0.429294802
42110,4211,0.525253817,1,1.20710059,0.515389459,69.2865891,62.0701488,1,0.512542086,69.2865891,62.0701488,0.427397537
42120,4212,0.520958942,1,1.15976331,0.515757808,66.8159794,67.110986,1,0.502181315,66.8159794,67.110986,0.431825297
42130,4213,0.513887133,1,1.15384615,0.518251524,61.7301257,64.0391784,1,0.514396165,61.7301257,64.0391784,0.457041624
42140,4214,0.511379508,1,1.15976331,0.512251705,65.2151144,59.1178833,1,0.553846209,65.2151144,59.1178833,0.463867782
42150,4215,0.515158691,1,1.16568047,0.513822189,69.6602358,62.9860738,1,0.589358592,69.6602358,62.9860738,0.453272137
42160,4216,0.537759343,1,1.16568047,0.514792876,65.1050198,66.7204776,1,0.651348732,65.1050198,66.7204776,0.453100848
42170,4217,0.534805192,1,1.24852071,0.517094733,62.0615281,61.7983936,1,0.541023736,62.0615281,61.7983936,0.445156395
42180,4218,0.527012888,1,1.23668639,0.51748462,67.0861732,59.0958023,1,0.516864866,67.0861732,59.0958023,0.438873348
42190,4219,0.522455532,1,1.21893491,0.51387093,69.7526707,64.1322447,1,0.512338869,69.7526707,64.1322447,0.438366797
42200,4220,0.524922565,1,1.18934911,0.521329334,64.6989461,66.536409,1,0.503816087,64.6989461,66.536409,0.430495369
42210,4221,0.514391386,1,1.11242604,0.51835084,62.4980552,61.0622119,1,0.506808531,62.4980552,61.0622119,0.453851068
42220,4222,0.505681147,1,1.13017751,0.513269051,68.1278711,59.1425984,1,0.513352571,68.1278711,59.1425984,0.457545179
42230,4223,0.529094983,1,1.15976331,0.517593072,69.0408413,64.9508891,1,0.637413194,69.0408413,64.9508891,0.452277309
42240,4224,0.528176644,1,1.15384615,0.508309493,63.069047,64.9458638,1,0.64074369,63.069047,64.9458638,0.459368958
42250,4225,0.536305239,1,1.24260355,0.515962588,63.7325764,59.5110701,1,0.532764885,63.7325764,59.5110701,0.421165288
42260,4226,0.521167761,1,1.18343195,0.515056931,69.3861541,60.519855,1,0.510800115,69.3861541,60.519855,0.441759447
42270,4227,0.520397042,1,1.15384615,0.519101822,68.2821939,66.1523615,1,0.499443927,68.2821939,66.1523615,0.441513387
42280,4228,0.519632966,1,1.14792899,0.519550703,62.7278159,64.9288847,1,0.490340606,62.7278159,64.9288847,0.437502393
42290,4229,0.51256964,1,1.13609467,0.517562551,64.4735318,59.2643465,1,0.513048601,64.4735318,59.2643465,0.455956742
42300,4230,0.520175848,1,1.20118343,0.520174031,69.9008509,61.6056734,1,0.586754817,69.9008509,61.6056734,0.454677234
42310,4231,0.535182827,1,1.18343195,0.517821872,66.7292002,66.6528158,1,0.660695406,66.7292002,66.6528158,0.458535192
42320,4232,0.536753004,1,1.15976331,0.510287261,62.2382766,63.0207245,1,0.626010968,62.2382766,63.0207245,0.444296412
42330,4233,0.534364742,1,1.26627219,0.520035028,66.2066585,59.0672224,1,0.507152379,66.2066585,59.0672224,0.430894445
42340,4234,0.522304966,1,1.20710059,0.516229108,70.1719877,63.1164827,1,0.512608359,70.1719877,63.1164827,0.435960102
42350,4235,0.518736226,1,1.15976331,0.513296042,66.0456351,66.915404,1,0.500007862,66.0456351,66.915404,0.431445823
42360,4236,0.518619822,1,1.13017751,0.521243531,62.4033198,62.4287293,1,0.493125223,62.4033198,62.4287293,0.444537595
42370,4237,0.513840645,1,1.15384615,0.516272036,67.1516651,58.9774778,1,0.523995227,67.1516651,58.9774778,0.451545145
42380,4238,0.517193273,1,1.17751479,0.515262877,69.9728416,64.2016122,1,0.606576302,69.9728416,64.2016122,0.456709462
42390,4239,0.537739433,1,1.15976331,0.516042843,64.4448451,66.1878474,1,0.652257701,64.4448451,66.1878474,0.45184615
42400,4240,0.539173341,1,1.21893491,0.511134383,62.9651365,60.838391,1,0.627959366,62.9651365,60.838391,0.426948861
42410,4241,0.537058632,1,1.20118343,0.521584344,68.446898,59.9038932,1,0.509339998,68.446898,59.9038932,0.427757299
42420,4242,0.521641153,1,1.18934911,0.515824023,69.3461805,65.60523,1,0.509201615,69.3461805,65.60523,0.443986448
42430,4243,0.515624104,1,1.16568047,0.516858915,63.4925898,66.0932648,1,0.508286903,63.4925898,66.0932648,0.451838466
42440,4244,0.504128633,1,1.07100592,0.507615072,63.243293,60.0093289,1,0.503509359,63.243293,60.0093289,0.468387802
42450,4245,0.503860831,1,1.14201183,0.508808053,69.1873444,60.1154532,1,0.516326132,69.1873444,60.1154532,0.457307593
42460,4246,0.503738516,1,1.11242604,0.515693948,68.7613262,65.6834252,1,0.538418385,68.7613262,65.6834252,0.429557393
42470,4247,0.536104941,1,1.19526627,0.519544552,63.35531,64.4406176,1,0.665935042,63.35531,64.4406176,0.426694895
42480,4248,0.536323809,1,1.25443787,0.51659574,65.321067,59.1906742,1,0.542372469,65.321067,59.1906742,0.431223019
42490,4249,0.522959559,1,1.23076923,0.517597618,70.3633437,61.8420014,1,0.509647688,70.3633437,61.8420014,0.438219166
42500,4250,0.512496169,1,1.18934911,0.508789039,67.4826209,67.0409632,1,0.502793746,67.4826209,67.0409632,0.457208969
42510,4251,0.512470386,1,1.14201183,0.516412858,62.550989,64.0377158,1,0.484227473,62.550989,64.0377158,0.444163256
42520,4252,0.509745478,1,1.06508876,0.5151442,65.4114253,59.1782316,1,0.470024594,65.4114253,59.1782316,0.433758061
42530,4253,0.521804601,1,1.18343195,0.523056054,69.9324888,62.5512334,1,0.539833078,69.9324888,62.5512334,0.433897682
42540,4254,0.531231245,1,1.17159763,0.522064789,65.8635469,66.8058947,1,0.638619959,65.8635469,66.8058947,0.452857005
42550,4255,0.540038218,1,1.17751479,0.51985444,62.3929385,62.0076403,1,0.593574133,62.3929385,62.0076403,0.455527314
42560,4256,0.524188035,1,1.27218935,0.510572958,67.5266968,59.093796,1,0.513135159,67.5266968,59.093796,0.454080537
42570,4257,0.521825952,1,1.20118343,0.512521847,70.0639467,64.2842938,1,0.516667726,70.0639467,64.2842938,0.444419068
42580,4258,0.522780774,1,1.17751479,0.515039253,64.9779185,66.7644151,1,0.508739057,64.9779185,66.7644151,0.435269658
42590,4259,0.527122006,1,1.15384615,0.520748459,62.5521837,61.9955359,1,0.505327373,62.5521837,61.9955359,0.411566488
42600,4260,0.516790878,1,1.13609467,0.517640156,67.8897198,59.7120995,1,0.484701605,67.8897198,59.7120995,0.446573897
42610,4261,0.504096512,1,1.12426036,0.514860744,69.8733939,65.247597,1,0.492679779,69.8733939,65.247597,0.452322705
42620,4262,0.524647355,1,1.15384615,0.521273934,64.1219087,66.1681769,1,0.626555599,64.1219087,66.1681769,0.448053316
42630,4263,0.531199648,1,1.16568047,0.509904961,64.129786,60.2606172,1,0.631791098,64.129786,60.2606172,0.454428077
42640,4264,0.528237095,1,1.26035503,0.511508963,69.7280928,61.1296378,1,0.528142972,69.7280928,61.1296378,0.435796461
42650,4265,0.517801468,1,1.16568047,0.513917333,68.3740375,66.7214739,1,0.514395894,68.3740375,66.7214739,0.442572475
42660,4266,0.508983575,1,1.14201183,0.509098042,62.5802386,65.1584163,1,0.503519879,62.5802386,65.1584163,0.461610596
42670,4267,0.514606251,1,1.11242604,0.512907273,64.1643703,59.6028402,1,0.479626745,64.1643703,59.6028402,0.44438575
42680,4268,0.510473033,1,1.09467456,0.517207318,69.5931424,61.4311675,1,0.482523483,69.5931424,61.4311675,0.440644679
42690,4269,0.518694288,1,1.18343195,0.52473593,67.2832135,66.6277394,1,0.562664209,67.2832135,66.6277394,0.437449106
42700,4270,0.53771302,1,1.18343195,0.519666208,62.335413,63.5347968,1,0.663877861,62.335413,63.5347968,0.448844825
42710,4271,0.532687786,1,1.20118343,0.50850339,66.1875154,59.0701102,1,0.585427285,66.1875154,59.0701102,0.453599145
42720,4272,0.525466574,1,1.23076923,0.51181865,70.0815801,63.2469335,1,0.508355476,70.0815801,63.2469335,0.439267765
42730,4273,0.525580184,1,1.18934911,0.516109988,66.0091341,66.9030003,1,0.513741798,66.0091341,66.9030003,0.420985324
42740,4274,0.516055235,1,1.13017751,0.514162221,62.2745786,62.3279591,1,0.496721799,62.2745786,62.3279591,0.454288622
42750,4275,0.510715144,1,1.09467456,0.514600223,67.1409211,58.8721052,1,0.504419105,67.1409211,58.8721052,0.459123268
42760,4276,0.498856742,1,1.14201183,0.511934439,70.3386752,63.8936921,1,0.505514655,70.3386752,63.8936921,0.457947347
42770,4277,0.52076769,1,1.15384615,0.519607105,65.2674339,66.3486002,1,0.600994861,65.2674339,66.3486002,0.433398994
42780,4278,0.534704145,1,1.14792899,0.514360277,63.6197412,60.7650054,1,0.662030498,63.6197412,60.7650054,0.447817999
42790,4279,0.536443569,1,1.23076923,0.515530845,69.1291866,59.8710737,1,0.538379075,69.1291866,59.8710737,0.429345876
42800,4280,0.529287452,1,1.21301775,0.515637796,69.8184042,65.4350782,1,0.514975561,69.8184042,65.4350782,0.431271452
42810,4281,0.522837008,1,1.17159763,0.518337854,64.1362627,65.8404311,1,0.506461667,64.1362627,65.8404311,0.438198598
42820,4282,0.515644711,1,1.12426036,0.516131171,63.9150295,59.9056369,1,0.505645908,63.9150295,59.9056369,0.456839709
42830,4283,0.511382625,1,1.07692308,0.514329502,69.8864304,60.0675049,1,0.508076536,69.8864304,60.0675049,0.459507266
42840,4284,0.513171137,1,1.14792899,0.514135812,69.2332785,65.9617601,1,0.555982604,69.2332785,65.9617601,0.456179476
42850,4285,0.531530943,1,1.14792899,0.518814578,63.5030372,64.4703392,1,0.64662803,63.5030372,64.4703392,0.455472972
42860,4286,0.531675091,1,1.16568047,0.512298699,65.4679128,58.993696,1,0.652345836,65.4679128,58.993696,0.447573057
42870,4287,0.537145579,1,1.23076923,0.512552835,70.4334551,61.4899227,1,0.572098837,70.4334551,61.4899227,0.427513507
42880,4288,0.53077695,1,1.21893491,0.519301735,67.6022005,66.1865797,1,0.51505661,67.6022005,66.1865797,0.421848494
42890,4289,0.527280474,1,1.18934911,0.520057091,62.8625005,63.4725085,1,0.515858004,62.8625005,63.4725085,0.420136208
42900,4290,0.505659242,1,1.15384615,0.512268652,66.2841794,58.501599,1,0.498218857,66.2841794,58.501599,0.464209118
42910,4291,0.513761862,1,1.13017751,0.51347011,70.8223802,62.1942142,1,0.525133452,70.8223802,62.1942142,0.450053732
42920,4292,0.508130046,1,1.17159763,0.514169615,66.9252459,66.5942914,1,0.519036169,66.9252459,66.5942914,0.452137169
42930,4293,0.533048191,1,1.15384615,0.519828233,63.2908575,62.1059712,1,0.646427913,63.2908575,62.1059712,0.444251896
42940,4294,0.539258563,1,1.17751479,0.517590886,68.1782979,59.1220798,1,0.614268099,68.1782979,59.1220798,0.440485756
42950,4295,0.532783456,1,1.23076923,0.519310374,70.6373086,64.1430013,1,0.506369471,70.6373086,64.1430013,0.430057016
42960,4296,0.519487155,1,1.17751479,0.514148885,65.3247994,66.381855,1,0.502439504,65.3247994,66.381855,0.443461503
42970,4297,0.508237682,1,1.12426036,0.510071094,63.2363504,60.7563135,1,0.508268799,63.2363504,60.7563135,0.461591901
42980,4298,0.5102027,1,1.12426036,0.509602414,68.7727622,58.8071761,1,0.487642123,68.7727622,58.8071761,0.451499751
42990,4299,0.514919987,1,1.1183432,0.518488404,70.141389,64.4236445,1,0.518119348,70.141389,64.4236445,0.444678304
43000,4300,0.508722283,1,1.14792899,0.515943649,64.3693778,65.4604264,1,0.555088995,64.3693778,65.4604264,0.451106661
43010,4301,0.540172929,1,1.16568047,0.51738999,64.5059613,59.6098479,1,0.665922406,64.5059613,59.6098479,0.450167119
43020,4302,0.530128436,1,1.23668639,0.509624068,70.2597697,60.4928071,1,0.551989724,70.2597697,60.4928071,0.447781699
43030,4303,0.528246271,1,1.21301775,0.516961402,68.9036959,65.8810466,1,0.512103158,68.9036959,65.8810466,0.427404866
43040,4304,0.512471548,1,1.12426036,0.510906069,63.258555,64.1619881,1,0.512740976,63.258555,64.1619881,0.453929446
43050,4305,0.509967182,1,1.13017751,0.513486089,65.1436717,58.5269828,1,0.484656787,65.1436717,58.5269828,0.457074241
43060,4306,0.518881888,1,1.1183432,0.519376419,70.4182342,60.4051242,1,0.483325949,70.4182342,60.4051242,0.430689722
43070,4307,0.510540205,1,1.15384615,0.517343589,68.0359588,65.75331,1,0.520037986,68.0359588,65.75331,0.450366891
43080,4308,0.531871172,1,1.17751479,0.524947962,63.1886346,62.6382509,1,0.634570298,63.1886346,62.6382509,0.443227439
43090,4309,0.54113236,1,1.23668639,0.518828838,67.0672829,58.2182012,1,0.611582134,67.0672829,58.2182012,0.452349237
43100,4310,0.528114218,1,1.23668639,0.506430993,71.0140181,62.512073,1,0.51281849,71.0140181,62.512073,0.448627449
43110,4311,0.522766534,1,1.21301775,0.512846315,66.5922851,65.9965072,1,0.511186253,66.5922851,65.9965072,0.433050311
43120,4312,0.526209952,1,1.21301775,0.521230548,63.2681884,61.6214252,1,0.512356484,63.2681884,61.6214252,0.42266386
43130,4313,0.511972135,1,1.12426036,0.513611345,68.2416048,58.1574909,1,0.49182134,68.2416048,58.1574909,0.466218014
43140,4314,0.503611109,1,1.06508876,0.511509202,71.4200368,63.1673288,1,0.465166126,71.4200368,63.1673288,0.456387319
43150,4315,0.51802148,1,1.16568047,0.522448842,66.3750748,65.6567481,1,0.562250925,66.3750748,65.6567481,0.432748542
43160,4316,0.514046995,1,1.13609467,0.512514109,64.260653,60.2276794,1,0.620103689,64.260653,60.2276794,0.448175572
43170,4317,0.539852273,1,1.20710059,0.515821334,69.8281569,59.0745335,1,0.602376514,69.8281569,59.0745335,0.437359244
43180,4318,0.530093837,1,1.21893491,0.514825879,70.4060035,64.6382679,1,0.521545411,70.4060035,64.6382679,0.430281641
43190,4319,0.52245029,1,1.21893491,0.519260238,64.7370158,64.9444107,1,0.510416239,64.7370158,64.9444107,0.43671139
43200,4320,0.517940829,1,1.17751479,0.514166827,64.5385088,59.1904426,1,0.517667483,64.5385088,59.1904426,0.442876253
43210,4321,0.513504443,1,1.11242604,0.516266848,70.4426863,59.4675601,1,0.499313404,70.4426863,59.4675601,0.454667478
43220,4322,0.512064322,1,1.14792899,0.514144095,69.7298206,65.4059016,1,0.524778062,69.7298206,65.4059016,0.460075092
43230,4323,0.516952243,1,1.20118343,0.515681175,64.0057807,64.0521689,1,0.595954008,64.0057807,64.0521689,0.452456971
43240,4324,0.535754549,1,1.14792899,0.517813201,66.0906659,58.6461888,1,0.670040841,66.0906659,58.6461888,0.445698494
43250,4325,0.537798615,1,1.22485207,0.51671135,71.1150233,61.5190076,1,0.572539557,71.1150233,61.5190076,0.445206254
43260,4326,0.536319306,1,1.24852071,0.512696921,68.2979142,66.2253923,1,0.531574884,68.2979142,66.2253923,0.421929644
43270,4327,0.521472802,1,1.20118343,0.515178382,63.7142696,62.9231523,1,0.518410149,63.7142696,62.9231523,0.434561519
43280,4328,0.515693001,1,1.15976331,0.518941808,67.3749337,58.5075259,1,0.516853981,67.3749337,58.5075259,0.44120745
43290,4329,0.507925489,1,1.10059172,0.510413776,71.7310104,62.6937698,1,0.534382128,71.7310104,62.6937698,0.464732804
43300,4330,0.505688592,1,1.15384615,0.508799947,67.2434372,66.6777542,1,0.518199367,67.2434372,66.6777542,0.461605412
43310,4331,0.509470766,1,1.15976331,0.517800905,63.8512054,62.061525,1,0.555742331,63.8512054,62.061525,0.440661212
43320,4332,0.539335021,1,1.17751479,0.516085412,68.9787464,59.4748505,1,0.642106153,68.9787464,59.4748505,0.441772665
43330,4333,0.532774948,1,1.23668639,0.513320477,70.8778464,64.6427278,1,0.539486221,70.8778464,64.6427278,0.423521001
43340,4334,0.522733939,1,1.20710059,0.519663389,65.4118095,66.073522,1,0.50954473,65.4118095,66.073522,0.434630569
43350,4335,0.515524791,1,1.12426036,0.511881098,64.0274976,60.4208203,1,0.511914917,64.0274976,60.4208203,0.44767219
43360,4336,0.516527737,1,1.15384615,0.516931957,69.7420283,59.2870811,1,0.48819474,69.7420283,59.2870811,0.448146915
43370,4337,0.514645704,1,1.1183432,0.515230421,70.7511247,65.0383975,1,0.486869388,70.7511247,65.0383975,0.449166984
43380,4338,0.524385845,1,1.18934911,0.522877636,64.9770261,65.4040711,1,0.554637634,64.9770261,65.4040711,0.445051241
43390,4339,0.518838171,1,1.13609467,0.514942156,65.1314609,59.5124829,1,0.617876167,65.1314609,59.5124829,0.453354762
43400,4340,0.536647344,1,1.15384615,0.513868483,70.7244447,60.6052058,1,0.657377808,70.7244447,60.6052058,0.438363765
43410,4341,0.530320862,1,1.22485207,0.514432177,68.9897312,65.9320495,1,0.517314189,68.9897312,65.9320495,0.430937431
43420,4342,0.509613934,1,1.20710059,0.510914085,63.5163099,63.5197856,1,0.508675589,63.5163099,63.5197856,0.460109059
43430,4343,0.508577131,1,1.12426036,0.507325917,66.1210336,58.2370876,1,0.50569947,66.1210336,58.2370876,0.453072901
43440,4344,0.509512272,1,1.12426036,0.511665803,71.3623443,60.994453,1,0.474577577,71.3623443,60.994453,0.455566508
43450,4345,0.510756198,1,1.13609467,0.517842241,68.580761,65.9075001,1,0.486537623,68.580761,65.9075001,0.434293535
43460,4346,0.510199248,1,1.18343195,0.521832489,63.8964673,62.795091,1,0.539154469,63.8964673,62.795091,0.432617582
43470,4347,0.541532767,1,1.18934911,0.521270686,67.8790644,58.6467129,1,0.667338374,67.8790644,58.6467129,0.442358662
43480,4348,0.532046544,1,1.22485207,0.510541771,71.3629994,63.2611627,1,0.551395636,71.3629994,63.2611627,0.444765409
43490,4349,0.52828545,1,1.17159763,0.519048749,66.5480178,66.1904902,1,0.501860694,66.5480178,66.1904902,0.433541957
43500,4350,0.521870556,1,1.17751479,0.516455309,63.5595179,61.3269097,1,0.491718886,63.5595179,61.3269097,0.439105785
43510,4351,0.523494152,1,1.17159763,0.518100153,68.4570708,58.6183054,1,0.507951004,68.4570708,58.6183054,0.430512023
43520,4352,0.510873244,1,1.14201183,0.514309875,71.2183453,63.8958012,1,0.477897861,71.2183453,63.8958012,0.458171043
43530,4353,0.507040377,1,1.10650888,0.518752917,66.0733752,66.2654822,1,0.480198994,66.0733752,66.2654822,0.435727683
43540,4354,0.510953109,1,1.15384615,0.520352103,64.2107471,60.8989612,1,0.557356444,64.2107471,60.8989612,0.436967304
43550,4355,0.538902984,1,1.19526627,0.518468285,70.0555113,60.2401229,1,0.620543047,70.0555113,60.2401229,0.452444615
43560,4356,0.529948344,1,1.23668639,0.510510213,69.9771463,65.9538871,1,0.539430687,69.9771463,65.9538871,0.439561658
43570,4357,0.523159576,1,1.20118343,0.516122955,64.2743517,65.4795622,1,0.505980912,64.2743517,65.4795622,0.440191259
43580,4358,0.526471667,1,1.19526627,0.515275579,64.6289285,59.9729571,1,0.51694563,64.6289285,59.9729571,0.424462242
43590,4359,0.523173732,1,1.15384615,0.524363843,70.1985209,60.6008583,1,0.491613138,70.1985209,60.6008583,0.431144207
43600,4360,0.51835093,1,1.13017751,0.521240301,69.3649616,66.38295,1,0.50829635,69.3649616,66.38295,0.449374358
43610,4361,0.518720336,1,1.15976331,0.517707792,63.540203,64.7243276,1,0.575550695,63.540203,64.7243276,0.46586969
43620,4362,0.514705159,1,1.15976331,0.507073728,65.7342435,59.1097426,1,0.626154242,65.7342435,59.1097426,0.463696103
43630,4363,0.525709277,1,1.14201183,0.508819545,70.8277567,61.8475417,1,0.660406691,70.8277567,61.8475417,0.444821752
43640,4364,0.537469735,1,1.15976331,0.510193773,67.8895314,66.4340241,1,0.63877457,67.8895314,66.4340241,0.418994204
43650,4365,0.529447695,1,1.20118343,0.519900226,63.6372479,62.9232274,1,0.515909141,63.6372479,62.9232274,0.424177648
43660,4366,0.524672389,1,1.17159763,0.519570219,67.1546223,58.6672913,1,0.518620466,67.1546223,58.6672913,0.424716504
43670,4367,0.515451379,1,1.15384615,0.518550348,71.4643717,62.4753384,1,0.50981501,71.4643717,62.4753384,0.442392382
43680,4368,0.508170718,1,1.14792899,0.513988053,67.0944518,66.4286872,1,0.527925504,67.0944518,66.4286872,0.453292792
43690,4369,0.518701449,1,1.17159763,0.512778499,63.7371228,61.3727954,1,0.619084949,63.7371228,61.3727954,0.466852102
43700,4370,0.527968072,1,1.18343195,0.510103753,69.1439918,58.8420389,1,0.664590787,69.1439918,58.8420389,0.459218281
43710,4371,0.537828717,1,1.20710059,0.513772848,70.94253,64.2165117,1,0.628736399,70.94253,64.2165117,0.435955713
43720,4372,0.531423898,1,1.23076923,0.514973463,65.4995353,65.5345715,1,0.507700433,65.4995353,65.5345715,0.430793084
43730,4373,0.5256598,1,1.20118343,0.516744047,64.2667969,60.1974353,1,0.517690656,64.2667969,60.1974353,0.421357812
43740,4374,0.523489561,1,1.20710059,0.524664423,69.6463896,59.1122134,1,0.502767409,69.6463896,59.1122134,0.422150903
43750,4375,0.516363456,1,1.1183432,0.517033757,70.5310864,64.8276437,1,0.503141857,70.5310864,64.8276437,0.444884344
43760,4376,0.51352286,1,1.20118343,0.512341499,64.495976,65.045516,1,0.545503105,64.495976,65.045516,0.464541676
43770,4377,0.519642278,1,1.16568047,0.513855893,64.6911253,59.2249189,1,0.581588696,64.6911253,59.2249189,0.447989819
43780,4378,0.537976547,1,1.22485207,0.517121192,70.5254227,60.4382488,1,0.65376371,70.5254227,60.4382488,0.45839439
43790,4379,0.536074819,1,1.21301775,0.51006433,68.951803,65.8599431,1,0.625752845,68.951803,65.8599431,0.434264994
43800,4380,0.533335091,1,1.23076923,0.518703706,63.8692541,63.673062,1,0.511788625,63.8692541,63.673062,0.425620001
43810,4381,0.514561696,1,1.15384615,0.512020222,66.4058092,58.3875988,1,0.515355404,66.4058092,58.3875988,0.450970239
43820,4382,0.514870355,1,1.13609467,0.512943964,71.4018444,61.3236943,1,0.500912113,71.4018444,61.3236943,0.445762596
43830,4383,0.514750475,1,1.15976331,0.514727471,67.9475935,66.1665293,1,0.529358881,67.9475935,66.1665293,0.457578527
43840,4384,0.503980939,1,1.14792899,0.512703125,63.2617517,62.6330236,1,0.511120486,63.2617517,62.6330236,0.451445912
43850,4385,0.51847357,1,1.16568047,0.517361572,67.2868897,58.5448543,1,0.597577671,67.2868897,58.5448543,0.441319055
43860,4386,0.535870683,1,1.15384615,0.511367724,70.7340326,63.3035671,1,0.627251488,70.7340326,63.3035671,0.452005016
43870,4387,0.532805307,1,1.24852071,0.517429491,65.7130822,65.9448546,1,0.521894343,65.7130822,65.9448546,0.436407757
43880,4388,0.522695994,1,1.22485207,0.518128435,63.2652742,60.7369509,1,0.512661384,63.2652742,60.7369509,0.442652208
43890,4389,0.51732943,1,1.14792899,0.513263383,68.5645706,58.336007,1,0.505088696,68.5645706,58.336007,0.447524908
43900,4390,0.511853041,1,1.14792899,0.516222609,70.6773291,63.7948033,1,0.486316892,70.6773291,63.7948033,0.450260975
43910,4391,0.511066353,1,1.13017751,0.518818231,65.2147667,65.57146,1,0.506231496,65.2147667,65.57146,0.441863308
43920,4392,0.520060291,1,1.18934911,0.519374895,63.9526833,59.9775936,1,0.581856106,63.9526833,59.9775936,0.441113412
43930,4393,0.541175184,1,1.18934911,0.522401714,69.8135097,59.7210324,1,0.654207515,69.8135097,59.7210324,0.451264557
43940,4394,0.538683354,1,1.18934911,0.511970434,69.6186753,65.3324584,1,0.593704747,69.6186753,65.3324584,0.431908258
43950,4395,0.528649582,1,1.21301775,0.51504002,63.9439616,64.5699475,1,0.511864621,63.9439616,64.5699475,0.44043952
43960,4396,0.524590142,1,1.19526627,0.517577981,64.773472,59.017169,1,0.512353719,64.773472,59.017169,0.431876577
43970,4397,0.522148245,1,1.15976331,0.519310401,70.279211,60.0884542,1,0.505608238,70.279211,60.0884542,0.431461075
43980,4398,0.513078936,1,1.10059172,0.519381637,68.9150056,65.7800593,1,0.493704085,68.9150056,65.7800593,0.45021642
43990,4399,0.514907023,1,1.15976331,0.518478432,63.2829996,64.0790878,1,0.519638139,63.2829996,64.0790878,0.452558766
44000,4400,0.522161642,1,1.14201183,0.519476629,65.6379812,58.7191848,1,0.598798626,65.6379812,58.7191848,0.450341739
44010,4401,0.537960959,1,1.15976331,0.517386741,70.5872744,61.9297316,1,0.658737645,70.5872744,61.9297316,0.453801262
44020,4402,0.534299276,1,1.23668639,0.518255455,66.7772366,66.2055808,1,0.525135921,66.7772366,66.2055808,0.440543466
44030,4403,0.519507787,1,1.18934911,0.510215263,62.6282862,62.2221538,1,0.511374871,62.6282862,62.2221538,0.44243463
44040,4404,0.524059802,1,1.15976331,0.516554021,66.6486798,58.3943908,1,0.506862862,66.6486798,58.3943908,0.427012009
44050,4405,0.523091767,1,1.15976331,0.521761695,70.446853,62.499826,1,0.493381192,70.446853,62.499826,0.430224362
44060,4406,0.515663347,1,1.14792899,0.521308159,66.064461,66.1822545,1,0.50500144,66.064461,66.1822545,0.440317528
44070,4407,0.508823012,1,1.14792899,0.51136871,62.8635353,61.0584234,1,0.582974736,62.8635353,61.0584234,0.464729807
44080,4408,0.532811684,1,1.20710059,0.514909057,68.4853091,58.9130285,1,0.66140193,68.4853091,58.9130285,0.462863867
44090,4409,0.526315798,1,1.15976331,0.505375407,70.2660568,64.2798127,1,0.667159085,70.2660568,64.2798127,0.434961981
44100,4410,0.537756277,1,1.15976331,0.510408022,64.8785156,65.5756532,1,0.627862199,64.8785156,65.5756532,0.426245498
44110,4411,0.531613799,1,1.23076923,0.515517493,63.9090415,60.1753533,1,0.509390809,63.9090415,60.1753533,0.422048527
44120,4412,0.521043483,1,1.19526627,0.514612016,69.4493889,59.4517752,1,0.517264808,69.4493889,59.4517752,0.42979983
44130,4413,0.516546795,1,1.1183432,0.517602411,69.9312313,65.1997913,1,0.493787276,69.9312313,65.1997913,0.443705893
44140,4414,0.517709394,1,1.11242604,0.516318739,64.0261434,65.2401069,1,0.534008861,64.0261434,65.2401069,0.454248117
44150,4415,0.512864554,1,1.19526627,0.5128851,64.4439409,59.2647312,1,0.557546094,64.4439409,59.2647312,0.460766464
44160,4416,0.517298455,1,1.13017751,0.513790762,70.1575403,60.1499995,1,0.604800499,70.1575403,60.1499995,0.444751893
44170,4417,0.53914639,1,1.17751479,0.516746729,68.2254693,65.6811318,1,0.638876297,68.2254693,65.6811318,0.450682081
44180,4418,0.535009696,1,1.23668639,0.511620899,63.151456,63.4549577,1,0.562148236,63.151456,63.4549577,0.426222312
44190,4419,0.529805108,1,1.23668639,0.519330932,65.7752281,58.6461429,1,0.517653383,65.7752281,58.6461429,0.421387396
44200,4420,0.5209843,1,1.15384615,0.51614526,70.7255991,61.3213764,1,0.506239486,70.7255991,61.3213764,0.432845594
44210,4421,0.522996035,1,1.16568047,0.52286574,67.8343379,66.1013583,1,0.485519088,67.8343379,66.1013583,0.429721374
44220,4422,0.515522407,1,1.13017751,0.517763963,62.9007989,62.8549078,1,0.507506536,62.9007989,62.8549078,0.454297353
44230,4423,0.521035373,1,1.16568047,0.519708061,66.6467761,58.2677355,1,0.573494126,66.6467761,58.2677355,0.455567115
44240,4424,0.534339252,1,1.18343195,0.518337858,70.727245,62.5693758,1,0.655895612,70.727245,62.5693758,0.456085322
44250,4425,0.536679118,1,1.14201183,0.516214499,65.9091909,65.8959941,1,0.614010711,65.9091909,65.8959941,0.450378104
44260,4426,0.530590152,1,1.21893491,0.519041268,63.1714101,60.830903,1,0.513562761,63.1714101,60.830903,0.442896542
44270,4427,0.523762786,1,1.21893491,0.514338749,68.2863441,58.263404,1,0.512990548,68.2863441,58.263404,0.440243352
44280,4428,0.520138999,1,1.18343195,0.514310256,70.8125163,63.4239134,1,0.504808224,70.8125163,63.4239134,0.441972471
44290,4429,0.517404698,1,1.17159763,0.517520437,65.7026737,65.7617667,1,0.483165042,65.7026737,65.7617667,0.432250539
44300,4430,0.521456129,1,1.12426036,0.522889978,63.7502403,60.397485,1,0.527549415,63.7502403,60.397485,0.439119036
44310,4431,0.520575088,1,1.19526627,0.516153229,69.577492,58.9673558,1,0.607630708,69.577492,58.9673558,0.461552132
44320,4432,0.51343318,1,1.12426036,0.51159132,70.5326093,64.6230407,1,0.600206325,70.5326093,64.6230407,0.441212835
44330,4433,0.541577116,1,1.20118343,0.517612123,64.7425173,64.6066937,1,0.615829014,64.7425173,64.6066937,0.445393475
44340,4434,0.530785652,1,1.24260355,0.509980354,65.1137607,59.0013126,1,0.537478831,65.1137607,59.0013126,0.43212779
44350,4435,0.525454987,1,1.20118343,0.518216697,70.5866328,59.7745132,1,0.513769304,70.5866328,59.7745132,0.425170818
44360,4436,0.519033213,1,1.13609467,0.516169491,69.5936265,65.3768867,1,0.50640232,69.5936265,65.3768867,0.437668983
44370,4437,0.512662837,1,1.14792899,0.515561255,63.8014411,64.1796294,1,0.488503347,63.8014411,64.1796294,0.454971464
44380,4438,0.513977992,1,1.12426036,0.514656105,65.5808842,58.5080732,1,0.530391631,65.5808842,58.5080732,0.457242619
44390,4439,0.521751632,1,1.20710059,0.516733184,70.9846439,61.0495276,1,0.610165455,70.9846439,61.0495276,0.459351282
44400,4440,0.533379786,1,1.21893491,0.516087582,67.8288104,66.0396411,1,0.675055862,67.8288104,66.0396411,0.454175361
44410,4441,0.53430123,1,1.15976331,0.508643619,63.3738045,62.4552224,1,0.607657946,63.3738045,62.4552224,0.43984354
44420,4442,0.53790576,1,1.21301775,0.516125754,67.2141231,58.5386053,1,0.522470077,67.2141231,58.5386053,0.421942087
44430,4443,0.520615432,1,1.15384615,0.516175499,71.114267,62.7168956,1,0.510141652,71.114267,62.7168956,0.43966927
44440,4444,0.516937486,1,1.13609467,0.519396079,66.9304373,66.5184919,1,0.497296383,66.9304373,66.5184919,0.434847219
44450,4445,0.511876918,1,1.10650888,0.512946943,63.2106181,62.0207635,1,0.492019459,63.2106181,62.0207635,0.44897395
44460,4446,0.516564031,1,1.16568047,0.519110224,68.1707835,58.8086886,1,0.536003269,68.1707835,58.8086886,0.454567003
44470,4447,0.520456245,1,1.10650888,0.51480973,70.8016011,64.1860482,1,0.630015696,70.8016011,64.1860482,0.460493673
44480,4448,0.533673358,1,1.16568047,0.51473931,65.3266406,66.014055,1,0.665612235,65.3266406,66.014055,0.444005442
44490,4449,0.535376353,1,1.20118343,0.512567672,64.2220085,60.4637533,1,0.57347048,64.2220085,60.4637533,0.435319789
44500,4450,0.527451095,1,1.21301775,0.518058653,69.7911294,59.9056685,1,0.500384033,69.7911294,59.9056685,0.430539537
44510,4451,0.519826227,1,1.16568047,0.515662384,70.350757,65.6655508,1,0.505745198,70.350757,65.6655508,0.445154235
44520,4452,0.517577786,1,1.15976331,0.518720526,64.567783,65.9516529,1,0.491548933,64.567783,65.9516529,0.445388215
44530,4453,0.51346647,1,1.1183432,0.515083565,64.7481324,60.0142192,1,0.532680161,64.7481324,60.0142192,0.456936312
44540,4454,0.517134741,1,1.20710059,0.515076319,70.6318491,60.8102049,1,0.576355654,70.6318491,60.8102049,0.456716584
44550,4455,0.530178815,1,1.18343195,0.515432464,69.2330417,66.4273088,1,0.659429168,69.2330417,66.4273088,0.445281099
44560,4456,0.540148353,1,1.21893491,0.518127233,63.908377,64.1872023,1,0.594088911,63.908377,64.1872023,0.444360665
44570,4457,0.535639409,1,1.25443787,0.512050847,66.3295765,59.1596912,1,0.542465862,66.3295765,59.1596912,0.429242314
44580,4458,0.525057715,1,1.19526627,0.519923996,71.097812,62.1126907,1,0.51228542,71.097812,62.1126907,0.431429956
44590,4459,0.519909557,1,1.17159763,0.515337938,68.1280388,66.9711487,1,0.504386115,68.1280388,66.9711487,0.438017097
44600,4460,0.512730432,1,1.10059172,0.516237651,63.2681508,63.5529217,1,0.486557976,63.2681508,63.5529217,0.457047301
44610,4461,0.513696061,1,1.1183432,0.517718462,66.843749,59.0036928,1,0.501178969,66.843749,59.0036928,0.445094137
44620,4462,0.518558538,1,1.19526627,0.5193391,71.0855551,62.9684346,1,0.564164031,71.0855551,62.9684346,0.446631684
44630,4463,0.536372785,1,1.19526627,0.520777459,66.5101614,66.6472785,1,0.661585567,66.5101614,66.6472785,0.451611966
44640,4464,0.536312626,1,1.20710059,0.515821901,63.5663539,61.6355506,1,0.581888427,63.5663539,61.6355506,0.447103885
44650,4465,0.525743469,1,1.20118343,0.511474146,68.8232012,59.2500169,1,0.513737669,68.8232012,59.2500169,0.444061502
44660,4466,0.51871427,1,1.17751479,0.514019847,70.9497201,64.706101,1,0.505074729,70.9497201,64.706101,0.450449713
44670,4467,0.516958763,1,1.18343195,0.515295259,65.5534573,66.7293071,1,0.50214934,65.5534573,66.7293071,0.443313341
44680,4468,0.51686875,1,1.1183432,0.51677425,63.6694756,61.3643572,1,0.487272373,63.6694756,61.3643572,0.437394613
44690,4469,0.52009506,1,1.15384615,0.520758619,69.3302455,60.042161,1,0.538529227,69.3302455,60.042161,0.447164103
44700,4470,0.501605767,1,1.13609467,0.511617447,70.4440648,65.8166138,1,0.537411018,70.4440648,65.8166138,0.452376361
44710,4471,0.525550163,1,1.15384615,0.516027154,64.6710277,65.8882284,1,0.652362717,64.6710277,65.8882284,0.44411394
44720,4472,0.534950969,1,1.20118343,0.513080342,65.4900373,60.2088792,1,0.566997262,65.4900373,60.2088792,0.44139226
44730,4473,0.518600257,1,1.16568047,0.509062332,71.0063094,61.7262376,1,0.517650578,71.0063094,61.7262376,0.440088982
44740,4474,0.51080376,1,1.17159763,0.511384968,69.0274678,67.3550001,1,0.513598031,69.0274678,67.3550001,0.458959343
44750,4475,0.507748067,1,1.1183432,0.50831726,63.4156279,65.2917754,1,0.493345722,63.4156279,65.2917754,0.459930809
44760,4476,0.51074879,1,1.0887574,0.515348035,65.4097059,60.0564512,1,0.463211718,65.4097059,60.0564512,0.43094067
44770,4477,0.516133842,1,1.15384615,0.525860804,70.4623769,62.2368489,1,0.505939089,70.4623769,62.2368489,0.423311946
44780,4478,0.517603459,1,1.17751479,0.519851914,67.5992207,67.1927721,1,0.599470528,67.5992207,67.1927721,0.440271818
44790,4479,0.542892772,1,1.21893491,0.520375779,63.2484625,63.4001422,1,0.618097628,63.2484625,63.4001422,0.443981038
44800,4480,0.530566063,1,1.21301775,0.509731466,67.4824804,59.4397745,1,0.535710915,67.4824804,59.4397745,0.445964283
44810,4481,0.530114118,1,1.24260355,0.519569753,70.9581224,63.9301358,1,0.522032219,70.9581224,63.9301358,0.436794623
44820,4482,0.522580712,1,1.16568047,0.519448425,66.4926507,67.5060196,1,0.507222291,66.4926507,67.5060196,0.440060398
44830,4483,0.526671366,1,1.18934911,0.524198779,63.2503855,63.1147077,1,0.499679417,63.2503855,63.1147077,0.419889417
44840,4484,0.510951058,1,1.10650888,0.516596289,68.2145334,59.8318981,1,0.49100998,68.2145334,59.8318981,0.45780285
44850,4485,0.509984037,1,1.14792899,0.518246589,70.8582143,65.0035935,1,0.550265735,70.8582143,65.0035935,0.446786571
44860,4486,0.523644932,1,1.17751479,0.513358789,65.2156245,66.8362222,1,0.658418698,65.2156245,66.8362222,0.456364245
44870,4487,0.53530933,1,1.20710059,0.515750632,64.5087231,61.1436164,1,0.567472639,64.5087231,61.1436164,0.441256073
44880,4488,0.518821532,1,1.21301775,0.513914961,70.3384697,61.1183386,1,0.504828717,70.3384697,61.1183386,0.448446262
44890,4489,0.519477652,1,1.18343195,0.511257083,70.2880753,66.808494,1,0.518124413,70.2880753,66.808494,0.437721432
44900,4490,0.516418798,1,1.15976331,0.516524991,64.5399599,66.4847921,1,0.489030091,64.5399599,66.4847921,0.442863284
44910,4491,0.511884852,1,1.09467456,0.516207511,65.0709855,60.7030682,1,0.485672912,65.0709855,60.7030682,0.446619908
44920,4492,0.518148568,1,1.20118343,0.522060891,70.7173438,61.7812661,1,0.543339909,70.7173438,61.7812661,0.442183081
44930,4493,0.533869788,1,1.14792899,0.519913972,68.7666715,67.3818729,1,0.648111079,68.7666715,67.3818729,0.45619937
44940,4494,0.537314832,1,1.17159763,0.516372872,63.6055061,64.6768847,1,0.647529188,63.6055061,64.6768847,0.448235126
44950,4495,0.528696931,1,1.23668639,0.513433841,67.0339514,59.922425,1,0.519019687,67.0339514,59.922425,0.450897358
44960,4496,0.528836956,1,1.24852071,0.51593637,71.5213659,63.2268307,1,0.510295014,71.5213659,63.2268307,0.428676137
44970,4497,0.526591498,1,1.18343195,0.514703456,68.2471831,67.6556193,1,0.518582558,68.2471831,67.6556193,0.423667014
44980,4498,0.519904907,1,1.13017751,0.520713314,63.9623092,64.0167461,1,0.482561546,63.9623092,64.0167461,0.432424993
44990,4499,0.510452672,1,1.12426036,0.513040072,68.0916769,59.7332802,1,0.511120545,68.0916769,59.7332802,0.457674582
45000,4500,0.523728136,1,1.17751479,0.517334416,71.7468846,64.5113625,1,0.606244952,71.7468846,64.5113625,0.462758738
45010,4501,0.522538671,1,1.15976331,0.513142749,66.8907082,67.7810765,1,0.636767386,66.8907082,67.7810765,0.450335038
45020,4502,0.530448492,1,1.14792899,0.512737403,64.1262265,62.720369,1,0.670029289,64.1262265,62.720369,0.443580907
45030,4503,0.540699364,1,1.20710059,0.517362085,69.2469173,60.6062072,1,0.553153962,69.2469173,60.6062072,0.426150749
45040,4504,0.52776876,1,1.19526627,0.512698239,70.9670103,65.85234,1,0.514171018,70.9670103,65.85234,0.424686654
45050,4505,0.523245963,1,1.19526627,0.519450996,65.5004758,67.3157163,1,0.510706252,65.5004758,67.3157163,0.435308975
45060,4506,0.515914093,1,1.1183432,0.51582203,64.1204266,61.6466859,1,0.502533233,64.1204266,61.6466859,0.448814626
45070,4507,0.51222263,1,1.10059172,0.515953902,69.9640818,60.6676591,1,0.504406912,69.9640818,60.6676591,0.455776855
45080,4508,0.515282438,1,1.18934911,0.516353612,70.5184555,66.5075682,1,0.550166277,70.5184555,66.5075682,0.451243305
45090,4509,0.537856429,1,1.21893491,0.518264394,64.5951474,65.8384167,1,0.664360936,64.5951474,65.8384167,0.458537315
45100,4510,0.536578323,1,1.21893491,0.512050557,65.7503048,60.1933251,1,0.623984248,65.7503048,60.1933251,0.443236129
45110,4511,0.529541215,1,1.22485207,0.512415021,71.1506659,61.9662347,1,0.517625933,71.1506659,61.9662347,0.437225713
45120,4512,0.515700347,1,1.20118343,0.511333172,68.8891542,67.2832871,1,0.517223586,68.8891542,67.2832871,0.444462859
45130,4513,0.510716778,1,1.14201183,0.51257909,63.6061113,64.5521312,1,0.512470264,63.6061113,64.5521312,0.457480592
45140,4514,0.503911965,1,1.10059172,0.509097791,66.6227252,59.3439847,1,0.498008512,66.6227252,59.3439847,0.462976917
45150,4515,0.501822661,1,1.1183432,0.51107491,71.479222,62.4062798,1,0.476536964,71.479222,62.4062798,0.441643056
45160,4516,0.510493518,1,1.11242604,0.516936913,67.9773873,66.7939455,1,0.559596807,67.9773873,66.7939455,0.43182876
45170,4517,0.533114635,1,1.18343195,0.518398522,64.051956,62.6820738,1,0.671821231,64.051956,62.6820738,0.437289255
45180,4518,0.535127348,1,1.22485207,0.518277982,68.561211,59.4903839,1,0.513436271,68.561211,59.4903839,0.424962687
45190,4519,0.523102765,1,1.21301775,0.517595801,71.5210702,64.3687044,1,0.516431966,71.5210702,64.3687044,0.43892538
45200,4520,0.513524331,1,1.16568047,0.516580436,66.2658034,67.2055599,1,0.507052062,66.2658034,67.2055599,0.459389729
45210,4521,0.50827358,1,1.1183432,0.50842978,63.3776401,62.0260768,1,0.483212998,63.3776401,62.0260768,0.456177405
45220,4522,0.516823405,1,1.10059172,0.518039589,68.661196,59.7149109,1,0.499994006,68.661196,59.7149109,0.443609795
45230,4523,0.5114988,1,1.18934911,0.517467348,70.7632238,65.1868703,1,0.536635303,70.7632238,65.1868703,0.450908755
45240,4524,0.52602212,1,1.15976331,0.516918072,64.9609242,66.2669507,1,0.651778647,64.9609242,66.2669507,0.453997723
45250,4525,0.530757769,1,1.22485207,0.51171948,64.866123,60.4469131,1,0.5651402,64.866123,60.4469131,0.447754587
45260,4526,0.522690265,1,1.22485207,0.512376044,70.5269291,61.1300206,1,0.528838745,70.5269291,61.1300206,0.438605655
45270,4527,0.509254543,1,1.17751479,0.507451617,69.4392288,67.0590133,1,0.500317082,69.4392288,67.0590133,0.463687599
45280,4528,0.516626632,1,1.16568047,0.512853202,63.8552484,66.0495756,1,0.490438919,63.8552484,66.0495756,0.436498997
45290,4529,0.516244725,1,1.13609467,0.519026099,64.8748602,60.6862003,1,0.472019625,64.8748602,60.6862003,0.419956345
45300,4530,0.511219855,1,1.10650888,0.521693344,70.3934827,61.9665511,1,0.478968254,70.3934827,61.9665511,0.435784628
45310,4531,0.519190404,1,1.16568047,0.520732358,68.424169,67.365706,1,0.576700494,68.424169,67.365706,0.442084026
45320,4532,0.537038633,1,1.17159763,0.514301331,63.3076689,64.3030831,1,0.652615982,63.3076689,64.3030831,0.458697876
45330,4533,0.53033574,1,1.26627219,0.51248089,66.9962752,59.8039989,1,0.530786154,66.9962752,59.8039989,0.447528224
45340,4534,0.525462133,1,1.24852071,0.512191853,71.1341955,63.4926553,1,0.512891298,71.1341955,63.4926553,0.426410438
45350,4535,0.517534032,1,1.17159763,0.51747363,67.0064677,67.4895204,1,0.506110823,67.0064677,67.4895204,0.44197692
45360,4536,0.513077366,1,1.12426036,0.511693178,62.9910411,63.2251708,1,0.50313593,62.9910411,63.2251708,0.45056393
45370,4537,0.506617663,1,1.09467456,0.512473251,67.5776972,59.4058559,1,0.478790537,67.5776972,59.4058559,0.459125619
45380,4538,0.513518311,1,1.14201183,0.518389241,70.9775896,63.9439754,1,0.520703553,70.9775896,63.9439754,0.436187065
45390,4539,0.518453838,1,1.14201183,0.5209691,66.0383265,66.9290561,1,0.602848026,66.0383265,66.9290561,0.443940309
45400,4540,0.540720198,1,1.18343195,0.517211339,63.9021004,61.4946939,1,0.618802442,63.9021004,61.4946939,0.449165925
45410,4541,0.523618292,1,1.23668639,0.514565351,69.614541,60.2884082,1,0.511431155,69.614541,60.2884082,0.449108936
45420,4542,0.516469304,1,1.16568047,0.509847564,70.4994268,66.0771582,1,0.504525554,70.4994268,66.0771582,0.450460972
45430,4543,0.521112506,1,1.17751479,0.51412378,64.9912177,67.0948779,1,0.503244649,64.9912177,67.0948779,0.430879934
45440,4544,0.521723201,1,1.19526627,0.514643903,63.9808117,61.8001609,1,0.511394345,63.9808117,61.8001609,0.41463571
45450,4545,0.514029162,1,1.15384615,0.520516983,69.4745218,60.9304641,1,0.45673321,69.4745218,60.9304641,0.427855695
45460,4546,0.504119475,1,1.13017751,0.519817199,70.1158143,66.3715907,1,0.477078975,70.1158143,66.3715907,0.42144521
45470,4547,0.519295483,1,1.18343195,0.523099504,64.5649594,66.2019249,1,0.572098297,64.5649594,66.2019249,0.427188255
45480,4548,0.542579316,1,1.18343195,0.518094861,65.8539151,60.5081089,1,0.640352949,65.8539151,60.5081089,0.449068382
45490,4549,0.524604704,1,1.21301775,0.513739121,71.2998567,62.783226,1,0.512922831,71.2998567,62.783226,0.454005434
45500,4550,0.521901174,1,1.20118343,0.510244262,68.9619789,67.9387185,1,0.509571886,68.9619789,67.9387185,0.435446966
45510,4551,0.520191684,1,1.15976331,0.518276268,63.9119147,65.2843395,1,0.505805621,63.9119147,65.2843395,0.43885863
45520,4552,0.513133799,1,1.11242604,0.513320685,66.5778553,60.0408454,1,0.494204294,66.5778553,60.0408454,0.452484722
45530,4553,0.516709272,1,1.10650888,0.519642526,71.5740023,62.9735243,1,0.489591595,71.5740023,62.9735243,0.445636903
45540,4554,0.524700378,1,1.17159763,0.518444368,68.0427833,67.7370365,1,0.575607033,68.0427833,67.7370365,0.456125672
45550,4555,0.52117318,1,1.15976331,0.514197369,63.7437933,63.6607344,1,0.637800582,63.7437933,63.6607344,0.455716832
45560,4556,0.536006446,1,1.12426036,0.515002408,68.1494601,60.013052,1,0.665704015,68.1494601,60.013052,0.43998041
45570,4557,0.5376833,1,1.24852071,0.520104183,71.1364832,64.678546,1,0.527234941,71.1364832,64.678546,0.42613678
45580,4558,0.525724095,1,1.19526627,0.520443321,66.3185812,67.4186453,1,0.496968287,66.3185812,67.4186453,0.426353218
45590,4559,0.520630735,1,1.15976331,0.518572833,63.7720185,62.294594,1,0.507654791,63.7720185,62.294594,0.440151146
45600,4560,0.509750153,1,1.15976331,0.513222781,69.2739205,59.8604062,1,0.500733547,69.2739205,59.8604062,0.462794421
45610,4561,0.508500544,1,1.0887574,0.511574701,71.5508468,65.2616821,1,0.477687162,71.5508468,65.2616821,0.450891127
45620,4562,0.530247408,1,1.17751479,0.525845888,66.0080911,66.8410325,1,0.577748225,66.0080911,66.8410325,0.443336516
45630,4563,0.527470355,1,1.16568047,0.515877328,65.0907822,60.9622956,1,0.65380156,65.0907822,60.9622956,0.457682633
45640,4564,0.533805511,1,1.17751479,0.510881853,70.8802645,61.0536243,1,0.609523778,70.8802645,61.0536243,0.445400203
45650,4565,0.533025638,1,1.24852071,0.519696602,70.2598837,66.5877675,1,0.520375764,70.2598837,66.5877675,0.428369782
45660,4566,0.524825225,1,1.20710059,0.510898668,64.6989395,65.9841851,1,0.515334602,64.6989395,65.9841851,0.430277271
45670,4567,0.521751739,1,1.15976331,0.521512316,65.7954519,60.4544702,1,0.503506299,65.7954519,60.4544702,0.433644837
45680,4568,0.513580478,1,1.13017751,0.516205501,71.6053226,61.627516,1,0.49285877,71.6053226,61.627516,0.455931546
45690,4569,0.521245616,1,1.15976331,0.519423519,69.8177642,67.2420806,1,0.544324734,69.8177642,67.2420806,0.453250588
45700,4570,0.518193984,1,1.19526627,0.510004466,64.2662852,64.6710915,1,0.616116187,64.2662852,64.6710915,0.470608974
45710,4571,0.525292499,1,1.15976331,0.509387071,67.3767709,59.7452871,1,0.665839689,67.3767709,59.7452871,0.448130042
45720,4572,0.538780243,1,1.18934911,0.515202288,71.7748459,63.3312603,1,0.574978838,71.7748459,63.3312603,0.436515707
45730,4573,0.532724747,1,1.21301775,0.51853172,67.9534005,67.3660841,1,0.527036984,67.9534005,67.3660841,0.427482294
45740,4574,0.528318156,1,1.21893491,0.520507734,64.0848051,63.5793909,1,0.518534666,64.0848051,63.5793909,0.41641664
45750,4575,0.513689536,1,1.1183432,0.516747853,68.4741514,59.6881459,1,0.505344396,68.4741514,59.6881459,0.451218919
45760,4576,0.508894655,1,1.10059172,0.512292353,72.0843856,64.3586848,1,0.518539962,72.0843856,64.3586848,0.454092008
45770,4577,0.511833344,1,1.14792899,0.512137345,67.0202093,67.6212663,1,0.556622945,67.0202093,67.6212663,0.463395751
45780,4578,0.525825435,1,1.16568047,0.515138167,64.5109242,62.3732177,1,0.631355385,64.5109242,62.3732177,0.447468389
45790,4579,0.53017091,1,1.18934911,0.511770169,69.9513944,60.3714356,1,0.663004576,69.9513944,60.3714356,0.445927317
45800,4580,0.538603421,1,1.23076923,0.517790917,71.2455327,65.848427,1,0.540588965,71.2455327,65.848427,0.432908349
45810,4581,0.529744761,1,1.21893491,0.516219014,65.820123,66.8113718,1,0.523616965,65.820123,66.8113718,0.423861738
45820,4582,0.514527406,1,1.15976331,0.515356443,65.3735926,60.9805527,1,0.514334464,65.3735926,60.9805527,0.449837841
45830,4583,0.504207498,1,1.06508876,0.508557511,71.4262693,60.6254173,1,0.493227794,71.4262693,60.6254173,0.466391253
45840,4584,0.514365254,1,1.09467456,0.516760934,71.5515441,66.3365107,1,0.46985989,71.5515441,66.3365107,0.439420555
45850,4585,0.523248044,1,1.16568047,0.524223606,65.8401739,65.9097037,1,0.546238715,65.8401739,65.9097037,0.44056119
45860,4586,0.521470141,1,1.15384615,0.514581445,66.8950737,60.0657501,1,0.631474212,66.8950737,60.0657501,0.456800083
45870,4587,0.539260948,1,1.20710059,0.516798743,72.2659143,62.1339831,1,0.589996539,72.2659143,62.1339831,0.442715638
45880,4588,0.530934713,1,1.20710059,0.516544298,69.6808664,67.1964196,1,0.512400533,69.6808664,67.1964196,0.437250252
45890,4589,0.528216116,1,1.19526627,0.516092124,64.7409211,64.6338391,1,0.516912961,64.7409211,64.6338391,0.42808144
45900,4590,0.515553528,1,1.17751479,0.516263135,67.700139,59.6961461,1,0.508793353,67.700139,59.6961461,0.442810975
45910,4591,0.510305732,1,1.14201183,0.513276006,72.5397236,63.153996,1,0.5138073,72.5397236,63.153996,0.457535889
45920,4592,0.508921655,1,1.15976331,0.509421248,68.6136631,67.7364183,1,0.543611402,68.6136631,67.7364183,0.464175452
45930,4593,0.510738169,1,1.15384615,0.512464395,64.5279997,63.6023295,1,0.560114249,64.5279997,63.6023295,0.447103341
45940,4594,0.531461036,1,1.09467456,0.514776895,69.2160227,60.2015841,1,0.665895143,69.2160227,60.2015841,0.445507681
45950,4595,0.542973294,1,1.20710059,0.518849497,71.972483,64.9774971,1,0.601404278,71.972483,64.9774971,0.424176323
45960,4596,0.532453525,1,1.24260355,0.521684392,67.0779908,67.4000429,1,0.509537716,67.0779908,67.4000429,0.420092849
45970,4597,0.513997891,1,1.14201183,0.511918878,64.8257156,61.9908235,1,0.513762379,64.8257156,61.9908235,0.450721965
45980,4598,0.504838203,1,1.15976331,0.511119965,70.5616743,60.0271977,1,0.510373802,70.5616743,60.0271977,0.466366087
45990,4599,0.507506048,1,1.07100592,0.50852658,72.6082857,65.5289481,1,0.468783323,72.6082857,65.5289481,0.451544853
46000,4600,0.5131567,1,1.16568047,0.521212527,67.199296,67.0376841,1,0.510919468,67.199296,67.0376841,0.43195889
46010,4601,0.523126461,1,1.18934911,0.520299931,66.2364366,61.384878,1,0.600755299,66.2364366,61.384878,0.441094086
46020,4602,0.509514594,1,1.09467456,0.513096361,71.8007167,60.7841402,1,0.601202466,71.8007167,60.7841402,0.430508848
46030,4603,0.54092733,1,1.24852071,0.520417104,71.2900425,66.4323732,1,0.54674123,71.2900425,66.4323732,0.436251677
46040,4604,0.531636245,1,1.24852071,0.511859952,65.7404893,65.8535017,1,0.531083433,65.7404893,65.8535017,0.429204805
46050,4605,0.519322732,1,1.15976331,0.516068919,66.9414648,60.2561299,1,0.507882349,66.9414648,60.2561299,0.440366401
46060,4606,0.516700701,1,1.12426036,0.516590699,72.5023236,61.5703137,1,0.499043079,72.5023236,61.5703137,0.439541381
46070,4607,0.514356262,1,1.13017751,0.518967972,71.0658591,67.1560098,1,0.476238176,71.0658591,67.1560098,0.443649678
46080,4608,0.516324283,1,1.18343195,0.515834479,65.5735494,64.9616277,1,0.557759649,65.5735494,64.9616277,0.454958081
46090,4609,0.522237195,1,1.13017751,0.51234286,68.6555095,59.8555364,1,0.643159021,68.6555095,59.8555364,0.458777936
46100,4610,0.537651383,1,1.17159763,0.516245349,73.1901159,63.4098917,1,0.648640555,73.1901159,63.4098917,0.443200413
46110,4611,0.535068661,1,1.20710059,0.514712787,69.2483599,67.4875956,1,0.556384075,69.2483599,67.4875956,0.436263791
46120,4612,0.528339151,1,1.15976331,0.515135497,65.5162227,63.3540734,1,0.507835027,65.5162227,63.3540734,0.428392163
46130,4613,0.517131792,1,1.15976331,0.513817228,69.9361199,59.6346002,1,0.507488477,69.9361199,59.6346002,0.444359609
46140,4614,0.519557793,1,1.16568047,0.520211732,73.5313604,63.9447561,1,0.489055578,73.5313604,63.9447561,0.431751617
46150,4615,0.508770975,1,1.11242604,0.516163595,68.9485848,67.4995831,1,0.477030329,68.9485848,67.4995831,0.446144751
46160,4616,0.523310992,1,1.18343195,0.524170425,66.2759496,62.4059122,1,0.585710726,66.2759496,62.4059122,0.442481318
46170,4617,0.52489811,1,1.15976331,0.510592673,71.9236405,60.368871,1,0.661876682,71.9236405,60.368871,0.461832909
46180,4618,0.5359961,1,1.19526627,0.514105921,73.0494633,66.0410856,1,0.565285545,73.0494633,66.0410856,0.44483555
46190,4619,0.538919623,1,1.23668639,0.513106638,67.5808728,67.0328249,1,0.574629201,67.5808728,67.0328249,0.427522299
46200,4620,0.533103534,1,1.22485207,0.521842479,66.9948403,61.4862218,1,0.504874505,66.9948403,61.4862218,0.429036629
46210,4621,0.524745576,1,1.17751479,0.518804384,72.6145726,60.8416756,1,0.501579375,72.6145726,60.8416756,0.435121083
46220,4622,0.518783057,1,1.15976331,0.51970771,72.8039019,66.6676126,1,0.507076065,72.8039019,66.6676126,0.448385576
46230,4623,0.507327035,1,1.1183432,0.511037989,66.7206425,66.4161445,1,0.522825332,66.7206425,66.4161445,0.468342673
46240,4624,0.508391724,1,1.15384615,0.508750472,67.4666878,60.5218892,1,0.563782515,67.4666878,60.5218892,0.457021677
46250,4625,0.515468065,1,1.10059172,0.513800133,72.9723896,61.7381086,1,0.612821716,72.9723896,61.7381086,0.433725724
46260,4626,0.540758516,1,1.16568047,0.516505598,71.0315471,66.9067141,1,0.653747513,71.0315471,66.9067141,0.424691683
46270,4627,0.532373431,1,1.27810651,0.515146242,66.06112,64.4916801,1,0.518076695,66.06112,64.4916801,0.425082903
46280,4628,0.520869996,1,1.21893491,0.518490716,69.0581111,59.6658662,1,0.517868002,69.0581111,59.6658662,0.436977487
46290,4629,0.510113469,1,1.14201183,0.508413214,74.0815719,62.836724,1,0.506512336,74.0815719,62.836724,0.456961257
46300,4630,0.509761108,1,1.13017751,0.514181598,70.7341639,67.6394667,1,0.479682411,70.7341639,67.6394667,0.450321897
46310,4631,0.507483875,1,1.0887574,0.516174476,66.1295267,64.3206473,1,0.477812959,66.1295267,64.3206473,0.436617211
46320,4632,0.527148066,1,1.18934911,0.524256296,69.9604969,60.1763021,1,0.583152251,69.9604969,60.1763021,0.434134721
46330,4633,0.536564979,1,1.17751479,0.519841611,73.7756335,64.6714654,1,0.666176757,73.7756335,64.6714654,0.453531575
46340,4634,0.537588328,1,1.19526627,0.518178198,68.7986435,67.6941672,1,0.558823143,68.7986435,67.6941672,0.447921935
46350,4635,0.524082387,1,1.23076923,0.515459419,66.230581,62.4171498,1,0.503353832,66.230581,62.4171498,0.451439887
46360,4636,0.518633484,1,1.16568047,0.510959205,71.6052235,60.0443002,1,0.507924689,71.6052235,60.0443002,0.451933365
46370,4637,0.518161363,1,1.16568047,0.512714791,73.8737273,65.3041554,1,0.503605241,73.8737273,65.3041554,0.44063017
46380,4638,0.521091706,1,1.15976331,0.519642511,68.9350174,67.4998504,1,0.475678961,68.9350174,67.4998504,0.415754338
46390,4639,0.514902449,1,1.1183432,0.519391381,66.9231523,62.1919589,1,0.48718496,66.9231523,62.1919589,0.43664477
46400,4640,0.516790803,1,1.17751479,0.519763976,72.6019464,60.9050274,1,0.565104495,72.6019464,60.9050274,0.447906997
46410,4641,0.527504386,1,1.15976331,0.512929706,72.8230477,66.9142153,1,0.657540964,72.8230477,66.9142153,0.462558007
46420,4642,0.537170411,1,1.23076923,0.519414431,67.1292664,66.2272128,1,0.560399109,67.1292664,66.2272128,0.441159837
46430,4643,0.527981424,1,1.22485207,0.512194416,68.0277166,60.4692508,1,0.528298569,68.0277166,60.4692508,0.448279675
46440,4644,0.534056258,1,1.23076923,0.514399864,73.3813332,61.4489895,1,0.515829425,73.3813332,61.4489895,0.418655916
46450,4645,0.520813323,1,1.14792899,0.520605227,72.2215743,66.987158,1,0.495337663,72.2215743,66.987158,0.435253791
46460,4646,0.522987289,1,1.17751479,0.519248169,66.9107519,65.9997285,1,0.491538993,66.9107519,65.9997285,0.415525983
46470,4647,0.513325421,1,1.1183432,0.519418993,68.4811674,60.4431068,1,0.500184929,68.4811674,60.4431068,0.444174989
46480,4648,0.519306901,1,1.17751479,0.52037156,73.8847999,62.6488579,1,0.573144428,73.8847999,62.6488579,0.448960551
46490,4649,0.536859015,1,1.19526627,0.519927246,70.5564239,67.7000748,1,0.656038807,70.5564239,67.7000748,0.465323443
46500,4650,0.531509901,1,1.15384615,0.505571938,66.0934779,63.9402961,1,0.615139537,66.0934779,63.9402961,0.448889641
46510,4651,0.53263937,1,1.28402367,0.515213991,70.0600779,60.0509248,1,0.51589333,70.0600779,60.0509248,0.427329156
46520,4652,0.526983611,1,1.20118343,0.517955282,73.8598482,64.0569303,1,0.510239035,73.8598482,64.0569303,0.424726394
46530,4653,0.515368204,1,1.14792899,0.51334258,69.395687,67.910877,1,0.49750457,69.395687,67.910877,0.45366124
46540,4654,0.512787486,1,1.10650888,0.515452727,65.7793319,63.2800852,1,0.487168807,65.7793319,63.2800852,0.45196649
46550,4655,0.506114626,1,1.09467456,0.51623139,70.4534308,59.9100358,1,0.500310558,70.4534308,59.9100358,0.443256054
46560,4656,0.510888876,1,1.15384615,0.517049795,73.3537715,64.9354302,1,0.566255883,73.3537715,64.9354302,0.446329968
46570,4657,0.537517128,1,1.19526627,0.518600203,67.8721353,66.8347203,1,0.662344029,67.8721353,66.8347203,0.446257535
46580,4658,0.531218553,1,1.23076923,0.517299412,66.8733125,61.1637044,1,0.506005011,66.8733125,61.1637044,0.442946485
46590,4659,0.521412991,1,1.22485207,0.509766281,72.5744004,60.4694485,1,0.517349087,72.5744004,60.4694485,0.441784934
46600,4660,0.517770396,1,1.17159763,0.516470309,72.8735155,66.2826421,1,0.500749731,72.8735155,66.2826421,0.447760298
46610,4661,0.511090833,1,1.11242604,0.510214212,67.0072695,66.3972117,1,0.503508448,67.0072695,66.3972117,0.451335741
46620,4662,0.51815433,1,1.15976331,0.519505715,67.3500897,60.6535492,1,0.505614986,67.3500897,60.6535492,0.442606489
46630,4663,0.511586977,1,1.17159763,0.515970829,73.2182405,61.262667,1,0.534874912,73.2182405,61.262667,0.453821495
46640,4664,0.52251805,1,1.14201183,0.51826005,71.8100965,66.8616519,1,0.624995214,71.8100965,66.8616519,0.444103382
46650,4665,0.538777131,1,1.20710059,0.515294726,66.5099586,64.6357377,1,0.620370735,66.5099586,64.6357377,0.44219835
46660,4666,0.530377816,1,1.20710059,0.518404817,69.4042911,59.8342143,1,0.514673728,69.4042911,59.8342143,0.431261995
46670,4667,0.519309513,1,1.21301775,0.514356898,74.303518,62.9012719,1,0.511309659,74.303518,62.9012719,0.444621154
46680,4668,0.514750413,1,1.18934911,0.515772636,70.9275896,67.5915179,1,0.513192743,70.9275896,67.5915179,0.444528209
46690,4669,0.51068475,1,1.12426036,0.511908768,66.3270772,63.8107135,1,0.498187659,66.3270772,63.8107135,0.458058654
46700,4670,0.513552004,1,1.15384615,0.514419067,70.6015536,59.6960932,1,0.533548489,70.6015536,59.6960932,0.456389539
46710,4671,0.522613931,1,1.19526627,0.518207078,74.1790667,64.3839108,1,0.615522145,74.1790667,64.3839108,0.453612932
46720,4672,0.531849676,1,1.15976331,0.514390906,69.2373664,67.3133682,1,0.662609968,69.2373664,67.3133682,0.441903645
46730,4673,0.536159623,1,1.24260355,0.515817517,67.1642311,62.0242966,1,0.541015731,67.1642311,62.0242966,0.436989218
46740,4674,0.526104845,1,1.23668639,0.517232278,72.5111513,60.2377796,1,0.511339345,72.5111513,60.2377796,0.433652426
46750,4675,0.524242381,1,1.17751479,0.520166148,74.1870695,65.562474,1,0.50934611,74.1870695,65.562474,0.429400795
46760,4676,0.520081402,1,1.12426036,0.518333065,68.6988792,67.0385965,1,0.509900809,68.6988792,67.0385965,0.437171998
46770,4677,0.507019024,1,1.10650888,0.513731219,67.6265173,61.0482371,1,0.515055332,67.6265173,61.0482371,0.468122053
46780,4678,0.520944986,1,1.18343195,0.514540902,73.5134669,60.5770502,1,0.593974852,73.5134669,60.5770502,0.454290478
46790,4679,0.53395104,1,1.18934911,0.515460386,72.9485391,66.5379757,1,0.670308584,72.9485391,66.5379757,0.46058733
46800,4680,0.533623342,1,1.14201183,0.509980675,67.3681631,65.702058,1,0.673004118,67.3681631,65.702058,0.434049018
46810,4681,0.533443266,1,1.27218935,0.514577378,68.9252546,60.3019061,1,0.526315411,68.9252546,60.3019061,0.432319833
46820,4682,0.520446683,1,1.17751479,0.517266746,74.1739578,62.2284767,1,0.507633202,74.1739578,62.2284767,0.430085717
46830,4683,0.514635941,1,1.13017751,0.514165016,72.0504883,67.5965834,1,0.507447831,72.0504883,67.5965834,0.444064689
46840,4684,0.510477029,1,1.12426036,0.514143207,66.6730984,65.2423502,1,0.47438803,66.6730984,65.2423502,0.451550489
46850,4685,0.516438825,1,1.14201183,0.51720051,69.4245514,60.2018052,1,0.524238485,69.4245514,60.2018052,0.441739353
46860,4686,0.517805713,1,1.20710059,0.519631618,74.2906246,63.4300136,1,0.580826563,74.2906246,63.4300136,0.449193873
46870,4687,0.537796859,1,1.18343195,0.516967064,70.2648256,67.7852301,1,0.66195475,70.2648256,67.7852301,0.456219144
46880,4688,0.532421307,1,1.20710059,0.514445041,66.686427,63.2209601,1,0.563305184,66.686427,63.2209601,0.446137246
46890,4689,0.526138523,1,1.20118343,0.518746695,71.4560884,60.1452306,1,0.498533887,71.4560884,60.1452306,0.436566629
46900,4690,0.519604795,1,1.13017751,0.511953947,74.583819,64.9162629,1,0.509394922,74.583819,64.9162629,0.438835528
46910,4691,0.52165224,1,1.17751479,0.517827033,69.6596845,67.7626493,1,0.499066583,69.6596845,67.7626493,0.437509196
46920,4692,0.508309475,1,1.08284024,0.514089059,66.7514805,62.5692661,1,0.457880184,66.7514805,62.5692661,0.457862797
46930,4693,0.512086485,1,1.13609467,0.519852954,71.8129962,60.2696193,1,0.506096515,71.8129962,60.2696193,0.427648833
46940,4694,0.51829797,1,1.15384615,0.517310639,73.5762997,65.8796602,1,0.596117999,73.5762997,65.8796602,0.452356081
46950,4695,0.539714461,1,1.18934911,0.518215858,67.8570278,66.6844696,1,0.656323725,67.8570278,66.6844696,0.444278482
46960,4696,0.534018987,1,1.21893491,0.515482378,67.7839889,60.9429458,1,0.54332424,67.7839889,60.9429458,0.441691414
46970,4697,0.525285017,1,1.20710059,0.516069035,73.5167635,61.3735102,1,0.507369157,73.5167635,61.3735102,0.442224677
46980,4698,0.523910355,1,1.19526627,0.51424331,73.1199871,66.9299346,1,0.522447461,73.1199871,66.9299346,0.428505619
46990,4699,0.518333632,1,1.14792899,0.519220877,67.4611677,66.1359158,1,0.501454929,67.4611677,66.1359158,0.439558027
47000,4700,0.509941187,1,1.0887574,0.514244742,68.5092749,60.2916659,1,0.493375243,68.5092749,60.2916659,0.456729987
47010,4701,0.517750169,1,1.14792899,0.518374069,74.0800504,61.8257791,1,0.538738285,74.0800504,61.8257791,0.444473253
47020,4702,0.515984466,1,1.11242604,0.517763748,72.0708322,67.3045929,1,0.591758759,72.0708322,67.3045929,0.44889317
47030,4703,0.546807476,1,1.18934911,0.52247192,67.1579979,64.311173,1,0.628453467,67.1579979,64.311173,0.442535077
47040,4704,0.526984458,1,1.24852071,0.512207733,70.5688618,59.5931317,1,0.521206465,70.5688618,59.5931317,0.447834406
47050,4705,0.529493067,1,1.20118343,0.516542578,74.7238722,63.1822017,1,0.516663517,74.7238722,63.1822017,0.422345766
47060,4706,0.517122577,1,1.15976331,0.519220355,70.6693079,67.4080877,1,0.507351629,70.6693079,67.4080877,0.450493517
47070,4707,0.516283396,1,1.17751479,0.518241333,66.6137703,63.4407591,1,0.502781205,66.6137703,63.4407591,0.436412767
47080,4708,0.505891891,1,1.15976331,0.512890085,71.3306846,59.7553093,1,0.547626551,71.3306846,59.7553093,0.460459129
47090,4709,0.521418934,1,1.17159763,0.512529896,74.224206,64.99666,1,0.643823502,74.224206,64.99666,0.46053881
47100,4710,0.53152739,1,1.17751479,0.509719936,68.6931812,67.0570503,1,0.656692269,68.6931812,67.0570503,0.454025019
47110,4711,0.538039131,1,1.17159763,0.513100002,67.2488972,61.5757935,1,0.602180406,67.2488972,61.5757935,0.436026517
47120,4712,0.528871226,1,1.20710059,0.516164683,72.7133241,60.5374567,1,0.507667622,72.7133241,60.5374567,0.427861786
47130,4713,0.522272183,1,1.15384615,0.515745903,73.7239702,65.9717416,1,0.519939031,73.7239702,65.9717416,0.425189539
47140,4714,0.519204612,1,1.15384615,0.522381565,68.1933055,66.7506201,1,0.490227022,68.1933055,66.7506201,0.429633834
47150,4715,0.515739349,1,1.13609467,0.517642949,67.6330392,61.0196144,1,0.504772378,67.6330392,61.0196144,0.442948199
47160,4716,0.521559523,1,1.20118343,0.515941215,73.5849082,61.2654515,1,0.57937324,73.5849082,61.2654515,0.458226454
47170,4717,0.525792823,1,1.17159763,0.513535688,72.7701451,67.0709003,1,0.643098459,72.7701451,67.0709003,0.450949524
47180,4718,0.540139189,1,1.20710059,0.518187374,67.173367,65.3059446,1,0.624034543,67.173367,65.3059446,0.451421118
47190,4719,0.536548686,1,1.20710059,0.509164915,69.0833071,60.0387348,1,0.598974276,69.0833071,60.0387348,0.430984628
47200,4720,0.530876042,1,1.21893491,0.515198524,73.9939557,62.522181,1,0.513334162,73.9939557,62.522181,0.423300459
47210,4721,0.514422394,1,1.17159763,0.517024481,71.1930462,67.5897063,1,0.510530627,71.1930462,67.5897063,0.445389973
47220,4722,0.516989586,1,1.13609467,0.516471409,66.3868161,64.5028669,1,0.508591193,66.3868161,64.5028669,0.439394589
47230,4723,0.512233375,1,1.15384615,0.510421355,70.2523123,59.8072727,1,0.548988822,70.2523123,59.8072727,0.46784579
47240,4724,0.508199167,1,1.18343195,0.509196175,74.5615162,63.8653688,1,0.562355124,74.5615162,63.8653688,0.455326024
47250,4725,0.523331779,1,1.13609467,0.514434846,70.1140523,67.6297265,1,0.635027059,70.1140523,67.6297265,0.448206974
47260,4726,0.534624589,1,1.13609467,0.510056782,67.0744471,62.7483071,1,0.638685437,67.0744471,62.7483071,0.442340833
47270,4727,0.53267882,1,1.23076923,0.519256043,72.0660226,60.361261,1,0.507557678,72.0660226,60.361261,0.425613481
47280,4728,0.526852001,1,1.17159763,0.515152634,74.3843373,65.4273217,1,0.520565082,74.3843373,65.4273217,0.428562713
47290,4729,0.51746782,1,1.17159763,0.519113431,68.9260196,67.4508477,1,0.508394615,68.9260196,67.4508477,0.447794661
47300,4730,0.5090273,1,1.10650888,0.511466535,66.9409051,61.8015335,1,0.498482208,66.9409051,61.8015335,0.460610805
47310,4731,0.513385942,1,1.15976331,0.513720392,72.6847944,60.2953852,1,0.521937192,72.6847944,60.2953852,0.456775086
47320,4732,0.509616036,1,1.16568047,0.515181833,73.8726967,65.9193823,1,0.535701151,73.8726967,65.9193823,0.442160216
47330,4733,0.531388619,1,1.14201183,0.519591143,68.1474131,66.2921872,1,0.654417423,68.1474131,66.2921872,0.441339113
47340,4734,0.535237279,1,1.25443787,0.516843749,68.6926508,60.5930125,1,0.535735712,68.6926508,60.5930125,0.440399738
47350,4735,0.522159446,1,1.20118343,0.514993491,74.3325701,61.7267262,1,0.503665138,74.3325701,61.7267262,0.442518324
47360,4736,0.515651029,1,1.17751479,0.513454475,72.9496797,67.4935812,1,0.500891802,72.9496797,67.4935812,0.456180449
47370,4737,0.514263599,1,1.13609467,0.512434428,67.2366301,66.0339192,1,0.496796201,67.2366301,66.0339192,0.453582383
47380,4738,0.515288626,1,1.1183432,0.519195165,68.7605799,60.5046363,1,0.475627802,68.7605799,60.5046363,0.441188504
47390,4739,0.511741099,1,1.14201183,0.521382779,74.1642942,62.3180807,1,0.503660783,74.1642942,62.3180807,0.438452831
47400,4740,0.529795901,1,1.17159763,0.518182223,71.280931,67.4945827,1,0.640742401,71.280931,67.4945827,0.455797346
47410,4741,0.530085077,1,1.13017751,0.509527323,66.6761821,63.7561421,1,0.631053931,66.6761821,63.7561421,0.456249508
47420,4742,0.53623052,1,1.24260355,0.515442273,70.6443065,59.750585,1,0.543860741,70.6443065,59.750585,0.433715875
47430,4743,0.52303595,1,1.15976331,0.508744182,74.5935739,63.9169693,1,0.515539274,74.5935739,63.9169693,0.441591199
47440,4744,0.518549116,1,1.13609467,0.513164918,70.1536551,67.4814962,1,0.505815601,70.1536551,67.4814962,0.437980379
47450,4745,0.519141002,1,1.13017751,0.522508357,66.7021966,63.028329,1,0.496929887,66.7021966,63.028329,0.433393548
47460,4746,0.507572944,1,1.12426036,0.515152964,71.4259021,59.5654385,1,0.497544926,71.4259021,59.5654385,0.450542107
47470,4747,0.520460306,1,1.17751479,0.519793658,73.9541312,64.8770971,1,0.59943644,73.9541312,64.8770971,0.452512116
47480,4748,0.528182098,1,1.15976331,0.510111773,68.0778338,66.4845388,1,0.642887497,68.0778338,66.4845388,0.468629753
47490,4749,0.532597218,1,1.20710059,0.511955269,67.3355666,60.7518868,1,0.561784875,67.3355666,60.7518868,0.444654375
47500,4750,0.531686557,1,1.23076923,0.507393745,72.9115033,60.1421933,1,0.552998971,72.9115033,60.1421933,0.431474671
47510,4751,0.532200926,1,1.20118343,0.517032607,73.1784032,65.5613422,1,0.511570868,73.1784032,65.5613422,0.417362884
47520,4752,0.523434714,1,1.15384615,0.52105022,67.6698056,65.9114772,1,0.500820665,67.6698056,65.9114772,0.424593377
47530,4753,0.517638599,1,1.16568047,0.518708267,67.6475306,60.3065037,1,0.502097983,67.6475306,60.3065037,0.431155211
47540,4754,0.5148295,1,1.18934911,0.514431797,73.5757084,60.885597,1,0.53703249,73.5757084,60.885597,0.458184227
47550,4755,0.517025886,1,1.17751479,0.511637344,72.4541115,66.7100248,1,0.587596115,72.4541115,66.7100248,0.456264349
47560,4756,0.527067565,1,1.17751479,0.513927442,66.9345507,64.9371452,1,0.656860614,66.9345507,64.9371452,0.445945932
47570,4757,0.53906701,1,1.17751479,0.514161357,69.4757141,59.8430373,1,0.602163452,69.4757141,59.8430373,0.437904146
47580,4758,0.533546735,1,1.22485207,0.515192264,74.206446,62.638082,1,0.522341082,74.206446,62.638082,0.422671832
47590,4759,0.517272373,1,1.17751479,0.512195656,71.0221668,67.4209805,1,0.517247516,71.0221668,67.4209805,0.441994893
47600,4760,0.516955304,1,1.17159763,0.518641088,66.5395551,63.9211519,1,0.516747473,66.5395551,63.9211519,0.437465863
47610,4761,0.508662051,1,1.14792899,0.511242122,70.6612473,59.4524082,1,0.53936289,70.6612473,59.4524082,0.467639281
47620,4762,0.508312087,1,1.19526627,0.508686186,74.6214933,63.9771222,1,0.550587953,74.6214933,63.9771222,0.462541123
47630,4763,0.509306484,1,1.14201183,0.514446831,69.9676746,67.3694082,1,0.571165844,69.9676746,67.3694082,0.442997008
47640,4764,0.537103614,1,1.15976331,0.513955402,67.3715915,62.26795,1,0.646487759,67.3715915,62.26795,0.440310027
47650,4765,0.53329272,1,1.24260355,0.516053612,72.5783199,60.3074277,1,0.520078288,72.5783199,60.3074277,0.427969394
47660,4766,0.528333445,1,1.17751479,0.520403518,74.292218,65.562086,1,0.511814367,74.292218,65.562086,0.42516186
47670,4767,0.51572598,1,1.13609467,0.513872609,68.7090023,67.1632441,1,0.515945158,68.7090023,67.1632441,0.446790029
47680,4768,0.504606152,1,1.13017751,0.509550109,67.3858152,61.238573,1,0.498370191,67.3858152,61.238573,0.466971556
47690,4769,0.508529994,1,1.10650888,0.510178975,73.1488034,60.1170966,1,0.497326885,73.1488034,60.1170966,0.4516226
47700,4770,0.524779106,1,1.19526627,0.520789354,73.4444265,65.9215076,1,0.587900038,73.4444265,65.9215076,0.447071868
47710,4771,0.500500854,1,1.08284024,0.510538423,67.7543512,66.0466965,1,0.563115038,67.7543512,66.0466965,0.437804024
47720,4772,0.540234193,1,1.19526627,0.514924012,68.8083307,60.4530433,1,0.64062894,68.8083307,60.4530433,0.437852679
47730,4773,0.526697982,1,1.23076923,0.516062971,74.1769221,62.1020461,1,0.512851004,74.1769221,62.1020461,0.432010462
47740,4774,0.521427987,1,1.17159763,0.513829253,72.1456367,67.3388591,1,0.516072556,72.1456367,67.3388591,0.432074472
47750,4775,0.515285485,1,1.16568047,0.513931341,66.8374301,64.8280619,1,0.503983725,66.8374301,64.8280619,0.451697391
47760,4776,0.504340196,1,1.0887574,0.511107472,69.5750238,59.4776591,1,0.478799956,69.5750238,59.4776591,0.462314918
47770,4777,0.504633304,1,1.13017751,0.515937526,74.522812,62.2358329,1,0.47976159,74.522812,62.2358329,0.435741429
47780,4778,0.512677284,1,1.15976331,0.51648775,71.1858159,66.7998014,1,0.566215716,71.1858159,66.7998014,0.434906991
47790,4779,0.539460003,1,1.19526627,0.521982201,67.1771361,62.6758064,1,0.657370182,67.1771361,62.6758064,0.442403657
47800,4780,0.535594528,1,1.26627219,0.518130744,71.73517,59.30345,1,0.515498485,71.73517,59.30345,0.436150861
47810,4781,0.516476097,1,1.21301775,0.510650105,74.8647603,64.3037783,1,0.512794349,74.8647603,64.3037783,0.453765435
47820,4782,0.510829042,1,1.17159763,0.507176199,69.7151748,67.2586156,1,0.509008905,69.7151748,67.2586156,0.456700893
47830,4783,0.520410209,1,1.17751479,0.514956143,66.9696216,62.4196453,1,0.489622636,66.9696216,62.4196453,0.427969588
47840,4784,0.515310963,1,1.14201183,0.51817958,72.173276,59.7986137,1,0.484083822,72.173276,59.7986137,0.448190483
47850,4785,0.521055226,1,1.15976331,0.519673965,74.332701,65.16827,1,0.54356962,74.332701,65.16827,0.445200081
47860,4786,0.51498767,1,1.15384615,0.515305619,68.5971408,66.7698912,1,0.58973599,68.5971408,66.7698912,0.458075731
47870,4787,0.538304353,1,1.20710059,0.517381653,68.1419579,60.912654,1,0.6183296,68.1419579,60.912654,0.45191518
47880,4788,0.529304857,1,1.23668639,0.510708693,73.8466245,61.0239174,1,0.532939228,73.8466245,61.0239174,0.43890396
47890,4789,0.529115608,1,1.20710059,0.519044586,73.4904765,66.5637645,1,0.513372237,73.4904765,66.5637645,0.427021805
47900,4790,0.527604491,1,1.17751479,0.517513673,67.9907278,66.2875223,1,0.519984354,67.9907278,66.2875223,0.423590918
47910,4791,0.519044679,1,1.13017751,0.52178076,68.6244841,60.5893971,1,0.489945514,68.6244841,60.5893971,0.441020047
47920,4792,0.51459734,1,1.12426036,0.517519968,74.4676506,61.3992599,1,0.500012142,74.4676506,61.3992599,0.453770998
47930,4793,0.521075615,1,1.14792899,0.519660707,72.8453559,67.0875675,1,0.575650213,72.8453559,67.0875675,0.455009477
47940,4794,0.532243594,1,1.16568047,0.515550325,67.3802081,64.5884363,1,0.651170884,67.3802081,64.5884363,0.462265436
47950,4795,0.532776208,1,1.19526627,0.511894793,70.5272664,59.6419067,1,0.607198375,70.5272664,59.6419067,0.450982696
47960,4796,0.529256745,1,1.24852071,0.512973932,75.0019515,63.1844135,1,0.522197482,75.0019515,63.1844135,0.439015585
47970,4797,0.522164321,1,1.18934911,0.518069206,71.2784434,67.5025541,1,0.514010574,71.2784434,67.5025541,0.438602209
47980,4798,0.522438855,1,1.18343195,0.516145918,67.0937906,63.8674054,1,0.509442584,67.0937906,63.8674054,0.426390003
47990,4799,0.51430219,1,1.13609467,0.517002981,71.2564201,59.6863528,1,0.478903782,71.2564201,59.6863528,0.453837584
48000,4800,0.512600454,1,1.12426036,0.515101297,75.1481125,63.9954451,1,0.507360876,75.1481125,63.9954451,0.446641283
48010,4801,0.514003114,1,1.17751479,0.518213396,70.4413604,67.4913056,1,0.55946472,70.4413604,67.4913056,0.450998605
48020,4802,0.529642255,1,1.17751479,0.517109602,67.6494433,62.4515476,1,0.651368848,67.6494433,62.4515476,0.443186163
48030,4803,0.539233341,1,1.17751479,0.515966372,73.0609425,60.5050067,1,0.588552802,73.0609425,60.5050067,0.442380233
48040,4804,0.527947515,1,1.15384615,0.514641942,74.5250815,66.0265881,1,0.516591344,74.5250815,66.0265881,0.43941572
48050,4805,0.521639995,1,1.14792899,0.516685784,68.9085619,67.2537118,1,0.505146072,68.9085619,67.2537118,0.442231599
48060,4806,0.512895474,1,1.13609467,0.510966805,67.7330247,61.4029298,1,0.505092249,67.7330247,61.4029298,0.459054458
48070,4807,0.511178704,1,1.10650888,0.511809347,73.4816029,60.3019631,1,0.482459911,73.4816029,60.3019631,0.450235168
48080,4808,0.505504349,1,1.10059172,0.516376342,74.3856691,65.9000377,1,0.468914026,74.3856691,65.9000377,0.436200482
48090,4809,0.525877062,1,1.21301775,0.52517856,68.8514822,66.1764682,1,0.573491149,68.8514822,66.1764682,0.426237414
48100,4810,0.536344484,1,1.14792899,0.518053011,69.3776925,60.3475581,1,0.664686934,69.3776925,60.3475581,0.450201075
48110,4811,0.537888957,1,1.16568047,0.513379292,74.9614313,61.6656667,1,0.619675843,74.9614313,61.6656667,0.441323654
48120,4812,0.537491645,1,1.22485207,0.513473031,73.3733557,66.9004944,1,0.532616014,73.3733557,66.9004944,0.420800912
48130,4813,0.520135088,1,1.20710059,0.516159968,68.0690527,64.7750966,1,0.513737625,68.0690527,64.7750966,0.439559662
48140,4814,0.513816759,1,1.12426036,0.51487709,70.4961507,59.3646508,1,0.513411474,70.4961507,59.3646508,0.45614625
48150,4815,0.508444054,1,1.07692308,0.509544189,75.9045167,61.9968582,1,0.488163673,75.9045167,61.9968582,0.462684087
48160,4816,0.506733737,1,1.14201183,0.517103411,73.3065402,67.1989711,1,0.471768804,73.3065402,67.1989711,0.447289409
48170,4817,0.51825661,1,1.17159763,0.52406487,68.5596022,64.2927303,1,0.56697987,68.5596022,64.2927303,0.428149014
48180,4818,0.527409185,1,1.16568047,0.516155771,72.2738079,59.84961,1,0.661612341,72.2738079,59.84961,0.445467924
48190,4819,0.539245491,1,1.23668639,0.519466185,75.9069052,64.1445333,1,0.558656379,75.9069052,64.1445333,0.432727432
48200,4820,0.525283237,1,1.18343195,0.513762543,71.2558631,67.5095444,1,0.507084526,71.2558631,67.5095444,0.441591338
48210,4821,0.522193298,1,1.19526627,0.518711782,68.1403174,62.6150022,1,0.511057825,68.1403174,62.6150022,0.446307454
48220,4822,0.515300459,1,1.1183432,0.515128175,73.0977525,59.5273376,1,0.491072382,73.0977525,59.5273376,0.449258666
48230,4823,0.520173,1,1.13017751,0.523245419,75.7240258,64.5014959,1,0.499793784,75.7240258,64.5014959,0.432685039
48240,4824,0.502860211,1,1.14792899,0.512241961,70.2690814,66.9916566,1,0.513196572,70.2690814,66.9916566,0.461264783
48250,4825,0.531732678,1,1.17751479,0.521480819,68.8149078,61.4518404,1,0.642098776,68.8149078,61.4518404,0.440576441
48260,4826,0.531842793,1,1.16568047,0.510966122,74.6329407,60.5554921,1,0.662184672,74.6329407,60.5554921,0.452821183
48270,4827,0.533464166,1,1.24260355,0.518041729,74.5706399,66.1598422,1,0.520234231,74.5706399,66.1598422,0.431130493
48280,4828,0.525066778,1,1.19526627,0.514679853,68.9480348,66.0138917,1,0.510654292,68.9480348,66.0138917,0.432653775
48290,4829,0.520083906,1,1.14201183,0.51669372,69.2359817,60.3602972,1,0.493801101,69.2359817,60.3602972,0.435455578
48300,4830,0.517715239,1,1.17159763,0.516667972,74.9153957,60.9594504,1,0.495232645,74.9153957,60.9594504,0.439302349
48310,4831,0.511288397,1,1.15384615,0.5143433,73.6811538,66.7734667,1,0.515081381,73.6811538,66.7734667,0.45719843
48320,4832,0.51620671,1,1.17159763,0.517088861,68.1118313,65.0175057,1,0.584185062,68.1118313,65.0175057,0.449198836
48330,4833,0.536722289,1,1.15384615,0.51989321,70.6954024,59.8058948,1,0.666865381,70.6954024,59.8058948,0.447449896
48340,4834,0.53800157,1,1.20710059,0.515699985,75.4434844,62.9383955,1,0.597635673,75.4434844,62.9383955,0.437562122
48350,4835,0.533429503,1,1.24852071,0.514769127,71.9313791,67.3959793,1,0.524662468,71.9313791,67.3959793,0.436533801
48360,4836,0.529001463,1,1.19526627,0.519701072,67.7035147,63.8739431,1,0.518039746,67.7035147,63.8739431,0.423283699
48370,4837,0.513754064,1,1.10650888,0.514024309,71.5781112,59.5460316,1,0.512110369,71.5781112,59.5460316,0.446838444
48380,4838,0.513233839,1,1.15384615,0.51763488,75.4973417,63.9018992,1,0.519346635,75.4973417,63.9018992,0.450732144
48390,4839,0.509460566,1,1.15384615,0.510457332,70.6765253,67.5613015,1,0.556210497,70.6765253,67.5613015,0.465568917
48400,4840,0.51580142,1,1.14792899,0.51331339,67.676795,62.5289487,1,0.587757395,67.676795,62.5289487,0.450659982
48410,4841,0.536131957,1,1.17751479,0.516335907,73.0858783,60.3352052,1,0.665017961,73.0858783,60.3352052,0.449000811
48420,4842,0.531480635,1,1.22485207,0.512031464,74.5452401,65.7790172,1,0.527666893,74.5452401,65.7790172,0.433540716
48430,4843,0.524688706,1,1.20710059,0.521210216,69.0930185,66.712597,1,0.519127513,69.0930185,66.712597,0.425505559
48440,4844,0.514407174,1,1.15976331,0.515155686,68.2234466,60.9313667,1,0.501689027,68.2234466,60.9313667,0.449712461
48450,4845,0.513424256,1,1.10650888,0.513741582,73.9438753,60.3823621,1,0.492822305,73.9438753,60.3823621,0.442054845
48460,4846,0.514065359,1,1.11242604,0.517232071,74.2417431,66.208937,1,0.485756295,74.2417431,66.208937,0.448783368
48470,4847,0.519186366,1,1.17159763,0.518888821,68.4783157,66.0052199,1,0.540111184,68.4783157,66.0052199,0.443617429
48480,4848,0.533952798,1,1.15976331,0.520804662,69.5494789,60.2787427,1,0.649440889,69.5494789,60.2787427,0.448138366
48490,4849,0.538359679,1,1.13609467,0.513673158,75.029805,61.9774397,1,0.638290134,75.029805,61.9774397,0.441350437
48500,4850,0.535139381,1,1.24260355,0.51370825,72.8631617,67.0916461,1,0.528807957,72.8631617,67.0916461,0.427248319
48510,4851,0.525858063,1,1.19526627,0.516205237,67.8940705,64.6574202,1,0.517447846,67.8940705,64.6574202,0.425637864
48520,4852,0.506873027,1,1.16568047,0.511432748,70.973136,59.4523202,1,0.508163635,70.973136,59.4523202,0.465201559
48530,4853,0.507544438,1,1.07692308,0.506750406,75.921348,62.6687159,1,0.493998007,75.921348,62.6687159,0.453976538
48540,4854,0.510638265,1,1.1183432,0.516681173,72.5594217,67.4270844,1,0.482813966,72.5594217,67.4270844,0.448169311
48550,4855,0.517202744,1,1.14201183,0.521521051,68.1943582,63.8045793,1,0.559164428,68.1943582,63.8045793,0.436339822
48560,4856,0.526548259,1,1.18343195,0.518079943,72.4204929,59.9386746,1,0.658550645,72.4204929,59.9386746,0.440584831
48570,4857,0.541069197,1,1.23076923,0.520638442,75.5270342,64.6684797,1,0.549716966,75.5270342,64.6684797,0.435289843
48580,4858,0.525224667,1,1.19526627,0.511788369,70.5076746,67.4161025,1,0.51976166,70.5076746,67.4161025,0.440168082
48590,4859,0.516559057,1,1.17159763,0.515891389,68.156403,62.0245601,1,0.512519693,68.156403,62.0245601,0.452456855
48600,4860,0.513534494,1,1.14792899,0.507862074,73.482841,59.581838,1,0.499688551,73.482841,59.581838,0.450757634
48610,4861,0.517713341,1,1.10650888,0.519076491,75.4586235,64.9359795,1,0.485228647,75.4586235,64.9359795,0.43900471
48620,4862,0.499356332,1,1.0887574,0.514508439,70.0044627,67.0067793,1,0.45392233,70.0044627,67.0067793,0.448772699
48630,4863,0.510994329,1,1.18343195,0.523128537,68.6467544,61.8086958,1,0.534371839,68.6467544,61.8086958,0.413266998
48640,4864,0.53011911,1,1.17159763,0.518581002,74.3823994,61.128881,1,0.665257482,74.3823994,61.128881,0.444291685
48650,4865,0.533940333,1,1.19526627,0.513364237,73.9303666,66.8550425,1,0.556250676,73.9303666,66.8550425,0.441844299
48660,4866,0.525695436,1,1.23668639,0.516744985,68.4023177,65.7365022,1,0.517043534,68.4023177,65.7365022,0.433851998
48670,4867,0.521458755,1,1.16568047,0.517927633,69.6191627,60.1662009,1,0.506876723,69.6191627,60.1662009,0.43858951
48680,4868,0.51578693,1,1.15976331,0.514500808,75.2302908,61.5137064,1,0.495618944,75.2302908,61.5137064,0.44389701
48690,4869,0.515417898,1,1.11242604,0.516070316,73.4668113,67.0372794,1,0.498063882,73.4668113,67.0372794,0.446019331
48700,4870,0.512731134,1,1.15384615,0.515843643,68.0468118,64.7838849,1,0.525271524,68.0468118,64.7838849,0.451520646
48710,4871,0.518050604,1,1.14792899,0.519672991,70.5840904,59.7199695,1,0.57851141,70.5840904,59.7199695,0.435693164
48720,4872,0.530731722,1,1.12426036,0.517510833,75.3359681,62.8993632,1,0.65695484,75.3359681,62.8993632,0.439801497
48730,4873,0.537771086,1,1.28402367,0.521164264,71.4107891,66.9594275,1,0.519464112,71.4107891,66.9594275,0.434401935
48740,4874,0.517409425,1,1.23076923,0.511856914,67.4217423,62.7188985,1,0.511433773,67.4217423,62.7188985,0.447838869
48750,4875,0.518390832,1,1.17751479,0.51517266,71.9833872,59.0910138,1,0.506892094,71.9833872,59.0910138,0.448337833
48760,4876,0.503690897,1,1.10059172,0.506827924,75.6847384,63.9855126,1,0.48110329,75.6847384,63.9855126,0.472035248
48770,4877,0.512179998,1,1.11242604,0.51722266,70.8431329,67.0712557,1,0.504146453,70.8431329,67.0712557,0.441641327
48780,4878,0.511817355,1,1.13017751,0.515732357,68.1522434,61.80805,1,0.575836379,68.1522434,61.80805,0.454707273
48790,4879,0.531002982,1,1.14792899,0.515417816,73.665422,59.9328564,1,0.667955328,73.665422,59.9328564,0.447950559
48800,4880,0.536983456,1,1.17751479,0.513107491,74.718224,65.5571111,1,0.606618073,74.718224,65.5571111,0.440149466
48810,4881,0.527461035,1,1.18343195,0.518384776,69.0284001,65.8809563,1,0.498281099,69.0284001,65.8809563,0.438387116
48820,4882,0.516644174,1,1.17159763,0.509676304,68.7370999,60.0283034,1,0.514698189,68.7370999,60.0283034,0.450761371
48830,4883,0.518352027,1,1.15384615,0.517458117,74.3927465,59.9886186,1,0.492698253,74.3927465,59.9886186,0.435060443
48840,4884,0.512462643,1,1.1183432,0.51164815,74.1626923,65.9300297,1,0.495302847,74.1626923,65.9300297,0.457374101
48850,4885,0.51088176,1,1.15384615,0.516001985,68.3614295,65.333291,1,0.502858849,68.3614295,65.333291,0.44860565
48860,4886,0.524072509,1,1.11242604,0.520537624,69.6974695,59.662412,1,0.612175866,69.6974695,59.662412,0.448164377
48870,4887,0.539963958,1,1.18343195,0.519845268,75.1108667,61.8938631,1,0.650678285,75.1108667,61.8938631,0.450405762
48880,4888,0.537978859,1,1.20710059,0.513470344,72.4919095,66.8658047,1,0.556865342,72.4919095,66.8658047,0.432271691
48890,4889,0.519048697,1,1.20118343,0.51502835,67.7379405,63.5298989,1,0.505840643,67.7379405,63.5298989,0.446740252
48900,4890,0.515349449,1,1.15384615,0.510009448,71.0813083,58.8415984,1,0.507487492,71.0813083,58.8415984,0.442947835
48910,4891,0.510268541,1,1.13609467,0.514215549,75.6904481,62.5042661,1,0.4968693,75.6904481,62.5042661,0.452862721
48920,4892,0.512610315,1,1.11242604,0.51393281,71.947183,66.8794355,1,0.490314958,71.947183,66.8794355,0.442920247
48930,4893,0.517542874,1,1.17751479,0.518287773,67.9514079,62.5802487,1,0.547116787,67.9514079,62.5802487,0.451488174
48940,4894,0.529066902,1,1.18343195,0.519343433,72.7340469,59.1638295,1,0.649439612,72.7340469,59.1638295,0.452118981
48950,4895,0.540254024,1,1.19526627,0.516733699,75.4503061,64.2664237,1,0.610993771,75.4503061,64.2664237,0.444656189
48960,4896,0.526842652,1,1.21301775,0.51413227,69.9960501,66.2965213,1,0.51799432,69.9960501,66.2965213,0.447677797
48970,4897,0.51511051,1,1.20118343,0.509700572,68.2827062,60.6437812,1,0.505953929,68.2827062,60.6437812,0.454360974
48980,4898,0.516938798,1,1.14792899,0.51375527,73.8609598,59.1371739,1,0.501402654,73.8609598,59.1371739,0.444471487
48990,4899,0.515286068,1,1.13609467,0.517440349,75.2189661,64.7305843,1,0.475734883,75.2189661,64.7305843,0.442761782
49000,4900,0.52087123,1,1.13017751,0.523265188,69.656393,65.7341854,1,0.506938068,69.656393,65.7341854,0.434798697
49010,4901,0.520566596,1,1.17751479,0.518270505,69.3108669,59.7692865,1,0.602568277,69.3108669,59.7692865,0.45960754
49020,4902,0.528056217,1,1.1183432,0.514803915,75.1354903,60.1453069,1,0.654864817,75.1354903,60.1453069,0.44898063
49030,4903,0.539127313,1,1.19526627,0.516397468,73.8083891,65.7816778,1,0.585313241,73.8083891,65.7816778,0.445422967
49040,4904,0.531176217,1,1.23668639,0.511684738,68.390162,64.2143119,1,0.529333778,68.390162,64.2143119,0.433874938
49050,4905,0.526331792,1,1.20710059,0.520063339,70.2732291,59.0017525,1,0.507401318,70.2732291,59.0017525,0.426328188
49060,4906,0.520554758,1,1.13609467,0.517124965,75.6080359,60.7981829,1,0.511652762,75.6080359,60.7981829,0.433011513
49070,4907,0.512962964,1,1.1183432,0.516685717,73.454686,66.2075527,1,0.4791878,73.454686,66.2075527,0.447862758
49080,4908,0.516795171,1,1.13017751,0.517855532,68.2619115,63.6053702,1,0.523661422,68.2619115,63.6053702,0.446791727
49090,4909,0.518227632,1,1.19526627,0.519030082,71.4473631,58.6280138,1,0.58438901,71.4473631,58.6280138,0.454570342
49100,4910,0.534543004,1,1.18343195,0.513256315,75.9100796,62.6143575,1,0.66346144,75.9100796,62.6143575,0.46029817
49110,4911,0.533820881,1,1.20118343,0.514234076,71.4881438,66.3589947,1,0.60183811,71.4881438,66.3589947,0.445728072
49120,4912,0.534878599,1,1.23668639,0.519970948,68.2984731,61.8264245,1,0.522395627,68.2984731,61.8264245,0.426338421
49130,4913,0.521386571,1,1.17751479,0.51387507,73.036765,58.6787957,1,0.518476691,73.036765,58.6787957,0.437576552
49140,4914,0.522443044,1,1.18343195,0.51646128,75.9849925,63.4478955,1,0.504276907,75.9849925,63.4478955,0.431293351
49150,4915,0.515732927,1,1.1183432,0.51897299,70.8054852,66.3041748,1,0.483883396,70.8054852,66.3041748,0.454989611
49160,4916,0.518392777,1,1.12426036,0.51849075,68.3132909,61.0935594,1,0.508506016,68.3132909,61.0935594,0.444303489
49170,4917,0.511963494,1,1.15976331,0.514623098,73.9502901,59.1030641,1,0.566624688,73.9502901,59.1030641,0.459854827
49180,4918,0.53631272,1,1.15976331,0.517924563,75.0059655,64.7666691,1,0.662228624,75.0059655,64.7666691,0.443165543
49190,4919,0.535907941,1,1.18934911,0.512940921,69.283533,65.2171624,1,0.619756761,69.283533,65.2171624,0.441549029
49200,4920,0.527539645,1,1.18343195,0.516293182,69.3983236,59.5568429,1,0.517862417,69.3983236,59.5568429,0.435498716
49210,4921,0.526914992,1,1.20710059,0.515506739,74.8991646,59.7160887,1,0.519722962,74.8991646,59.7160887,0.423318885
49220,4922,0.520143887,1,1.13017751,0.519685529,74.4111195,65.4464622,1,0.502115086,74.4111195,65.4464622,0.442393757
49230,4923,0.510735981,1,1.09467456,0.513675789,68.4940967,64.7672987,1,0.49434531,68.4940967,64.7672987,0.458144068
49240,4924,0.514092795,1,1.14792899,0.519249951,69.5278492,59.1100431,1,0.510267553,69.5278492,59.1100431,0.44237916
49250,4925,0.521168519,1,1.12426036,0.520389289,75.1348662,60.7596428,1,0.595639067,75.1348662,60.7596428,0.449587712
49260,4926,0.545192734,1,1.21301775,0.523118258,72.4117504,65.929571,1,0.644537737,72.4117504,65.929571,0.449480415
49270,4927,0.52555739,1,1.25443787,0.507828469,67.4777954,62.7194267,1,0.530760112,67.4777954,62.7194267,0.452794988
49280,4928,0.523978295,1,1.20710059,0.515604992,71.1060905,58.3992059,1,0.514645979,71.1060905,58.3992059,0.433977292
49290,4929,0.520762341,1,1.17751479,0.517757009,75.4857535,62.1119147,1,0.511255124,75.4857535,62.1119147,0.441659418
49300,4930,0.525041991,1,1.18934911,0.520484409,72.0409851,66.3553274,1,0.489582428,72.0409851,66.3553274,0.420432157
49310,4931,0.513613682,1,1.12426036,0.519346365,67.930987,62.3935572,1,0.504532024,67.930987,62.3935572,0.439120341
49320,4932,0.51373321,1,1.17159763,0.515034458,72.4999572,58.5676343,1,0.566458182,72.4999572,58.5676343,0.458407166
49330,4933,0.530749224,1,1.17159763,0.514494829,75.5317521,63.689268,1,0.654476205,75.5317521,63.689268,0.457824235
49340,4934,0.531444338,1,1.15384615,0.510573845,70.3401394,66.0996761,1,0.66772049,70.3401394,66.0996761,0.440299183
49350,4935,0.536310934,1,1.21893491,0.519171896,68.6497022,60.6885496,1,0.516767868,68.6497022,60.6885496,0.436079007
49360,4936,0.523003755,1,1.20118343,0.513909455,74.2039529,59.2086731,1,0.507423784,74.2039529,59.2086731,0.442155388
49370,4937,0.522407885,1,1.16568047,0.519061191,75.4698206,64.7048336,1,0.508457693,75.4698206,64.7048336,0.433850253
49380,4938,0.515194541,1,1.11242604,0.515367217,69.6545033,65.6943496,1,0.507856397,69.6545033,65.6943496,0.453761777
49390,4939,0.50944223,1,1.11242604,0.512451828,69.0770098,59.7295683,1,0.496088024,69.0770098,59.7295683,0.460974748
49400,4940,0.522496888,1,1.19526627,0.517079744,75.0098579,59.8046985,1,0.592118694,75.0098579,59.8046985,0.456409519
49410,4941,0.523615195,1,1.15384615,0.513665226,74.3831488,65.633603,1,0.637730077,74.3831488,65.633603,0.45096145
49420,4942,0.534901239,1,1.13609467,0.512039535,68.8670861,64.4349443,1,0.65671577,68.8670861,64.4349443,0.434215139
49430,4943,0.539473911,1,1.23076923,0.522290407,70.7390997,59.2497292,1,0.534335161,70.7390997,59.2497292,0.424061022
49440,4944,0.521814983,1,1.20710059,0.515555837,75.9833915,61.3023051,1,0.510552696,75.9833915,61.3023051,0.433205094
49450,4945,0.520508413,1,1.16568047,0.519307388,73.5624013,66.479825,1,0.509225462,73.5624013,66.479825,0.439660351
49460,4946,0.507844287,1,1.1183432,0.510579063,68.1760301,63.8461664,1,0.497533477,68.1760301,63.8461664,0.461212395
49470,4947,0.509627073,1,1.12426036,0.513351625,71.0308321,58.7167817,1,0.478751844,71.0308321,58.7167817,0.451561926
49480,4948,0.520399415,1,1.16568047,0.520980479,75.7896155,62.0469685,1,0.5635748,75.7896155,62.0469685,0.44679108
49490,4949,0.527828765,1,1.15384615,0.519715393,71.9391239,66.3766837,1,0.650172773,71.9391239,66.3766837,0.445707466
49500,4950,0.533784531,1,1.20710059,0.513130182,68.3028335,61.7108051,1,0.565390047,68.3028335,61.7108051,0.455037758
49510,4951,0.525024638,1,1.21893491,0.510799781,73.2425552,58.6998726,1,0.529990512,73.2425552,58.6998726,0.445002259
49520,4952,0.523001031,1,1.20118343,0.518024536,75.9282291,63.7440517,1,0.501810627,75.9282291,63.7440517,0.439584169
49530,4953,0.515976381,1,1.14792899,0.512160943,70.9273886,66.5403055,1,0.500035652,70.9273886,66.5403055,0.440732584
49540,4954,0.519881345,1,1.13609467,0.51880684,68.557682,61.4389372,1,0.496309893,68.557682,61.4389372,0.4326844
49550,4955,0.505717934,1,1.15384615,0.514762665,74.0810897,59.1141917,1,0.492569687,74.0810897,59.1141917,0.460977064
49560,4956,0.507795139,1,1.13609467,0.51482104,75.6705956,64.7068856,1,0.545340684,75.6705956,64.7068856,0.447245049
49570,4957,0.528549067,1,1.17751479,0.51677494,70.0098863,65.3811051,1,0.656942146,70.0098863,65.3811051,0.438516879
49580,4958,0.533325099,1,1.20710059,0.512982319,70.2612574,59.6281452,1,0.551458955,70.2612574,59.6281452,0.442957616
49590,4959,0.519236054,1,1.18934911,0.515069643,75.9089344,60.5111002,1,0.510923725,75.9089344,60.5111002,0.4397139
49600,4960,0.514834814,1,1.17751479,0.512800902,74.7656628,66.3037463,1,0.51128607,74.7656628,66.3037463,0.454183834
49610,4961,0.509047515,1,1.11242604,0.511345436,68.9579744,65.0307723,1,0.484529617,68.9579744,65.0307723,0.457350926
49620,4962,0.513504822,1,1.11242604,0.516672387,70.3727463,59.5917047,1,0.486935322,70.3727463,59.5917047,0.432312043
49630,4963,0.518889029,1,1.18343195,0.522725874,75.7821841,61.4787482,1,0.546049947,75.7821841,61.4787482,0.440702441
49640,4964,0.533191535,1,1.20710059,0.521172489,72.9791651,66.7272618,1,0.659676806,72.9791651,66.7272618,0.457700777
49650,4965,0.532517727,1,1.14201183,0.508596507,68.2584359,63.2894406,1,0.644615857,68.2584359,63.2894406,0.449219569
49660,4966,0.536207836,1,1.23668639,0.519950957,72.1011776,59.2330682,1,0.528158106,72.1011776,59.2330682,0.429812263
49670,4967,0.522427134,1,1.20710059,0.51737548,76.0762763,63.3488562,1,0.51085004,76.0762763,63.3488562,0.440152746
49680,4968,0.522761214,1,1.17159763,0.516010377,72.1908732,67.2082259,1,0.509072914,72.1908732,67.2082259,0.421262483
49690,4969,0.52132778,1,1.1183432,0.519135809,68.3273168,63.0810365,1,0.493841712,68.3273168,63.0810365,0.434875764
49700,4970,0.510914257,1,1.09467456,0.513231984,72.9355142,59.2207379,1,0.483266959,72.9355142,59.2207379,0.462418315
49710,4971,0.520178575,1,1.19526627,0.525511049,75.9984242,64.1340947,1,0.560768502,75.9984242,64.1340947,0.445373942
49720,4972,0.535256948,1,1.15976331,0.519328646,70.6744262,66.5999945,1,0.667468549,70.6744262,66.5999945,0.451333441
49730,4973,0.536063164,1,1.23076923,0.516901043,69.1012392,61.0212409,1,0.55757375,69.1012392,61.0212409,0.445871322
49740,4974,0.521529521,1,1.23076923,0.513962906,74.9012578,60.0615955,1,0.504359496,74.9012578,60.0615955,0.452220921
49750,4975,0.519287349,1,1.21893491,0.510720796,75.6248071,65.780741,1,0.509078655,75.6248071,65.780741,0.44344101
49760,4976,0.521003825,1,1.13017751,0.516485837,70.0916516,66.4276948,1,0.504029962,70.0916516,66.4276948,0.428526855
49770,4977,0.517286947,1,1.13017751,0.521751573,69.651214,60.7658555,1,0.47654505,69.651214,60.7658555,0.43684188
49780,4978,0.52087236,1,1.17751479,0.522388154,75.4078635,60.8905901,1,0.532015301,75.4078635,60.8905901,0.442923132
49790,4979,0.530884552,1,1.18343195,0.518294669,74.4111918,66.7458198,1,0.630500314,74.4111918,66.7458198,0.456880794
49800,4980,0.535973128,1,1.18343195,0.514418369,68.8077985,65.0656075,1,0.664989174,68.8077985,65.0656075,0.449990987
49810,4981,0.539578296,1,1.17159763,0.514304228,70.9327745,59.8471108,1,0.615086087,70.9327745,59.8471108,0.433427453
49820,4982,0.534952502,1,1.24260355,0.517457706,75.9147311,62.281912,1,0.516157159,75.9147311,62.281912,0.426546255
49830,4983,0.52099483,1,1.15976331,0.516339366,73.0758037,67.1574753,1,0.50848724,73.0758037,67.1574753,0.433989521
49840,4984,0.513351069,1,1.17159763,0.515148384,68.1279505,64.0145959,1,0.506244252,68.1279505,64.0145959,0.450896165
49850,4985,0.507781621,1,1.06508876,0.510719724,71.7169297,59.1577053,1,0.507428739,71.7169297,59.1577053,0.464542519
49860,4986,0.508225098,1,1.14201183,0.512620946,76.260425,62.9470237,1,0.510704443,76.260425,62.9470237,0.455097906
49870,4987,0.522710703,1,1.14792899,0.519657087,72.0653623,66.9157102,1,0.613426169,72.0653623,66.9157102,0.444220101
49880,4988,0.532508008,1,1.17159763,0.51801575,68.5800409,62.5011831,1,0.669597945,68.5800409,62.5011831,0.432657364
49890,4989,0.532889498,1,1.24260355,0.513657949,73.6321449,59.7350933,1,0.532791728,73.6321449,59.7350933,0.443059612
49900,4990,0.517686983,1,1.21301775,0.513389194,75.9067056,65.1335593,1,0.509714722,75.9067056,65.1335593,0.450621278
49910,4991,0.517620899,1,1.16568047,0.513264479,70.4894231,67.2282255,1,0.518649689,70.4894231,67.2282255,0.446780573
49920,4992,0.515003491,1,1.10059172,0.517726551,68.7434728,61.7138581,1,0.502631681,68.7434728,61.7138581,0.444935941
49930,4993,0.507811164,1,1.1183432,0.515293233,74.3892518,60.0813587,1,0.485766508,74.3892518,60.0813587,0.452081803
49940,4994,0.518705923,1,1.15976331,0.519149078,75.337541,65.7772619,1,0.569548083,75.337541,65.7772619,0.444177093
49950,4995,0.528460241,1,1.14792899,0.513786571,69.3434885,65.7095075,1,0.672278563,69.3434885,65.7095075,0.461110418
49960,4996,0.534041451,1,1.18343195,0.510813593,70.2195407,60.1476654,1,0.58441734,70.2195407,60.1476654,0.433108723
49970,4997,0.528084391,1,1.21893491,0.515193345,75.6832459,61.5441522,1,0.520521088,75.6832459,61.5441522,0.433796032
49980,4998,0.519666212,1,1.15976331,0.517168665,74.0335954,67.0052374,1,0.508978311,74.0335954,67.0052374,0.438831145
49990,4999,0.517732064,1,1.15976331,0.516826657,68.5877268,65.1555169,1,0.502785403,68.5877268,65.1555169,0.442417717
50000,5000,0.507492721,1,1.10059172,0.510870115,70.8210928,59.6094994,1,0.490083964,70.8210928,59.6094994,0.459908874
