run_id,intervention,strength,t0,label_survive,class,gate_dmass,F1_k0,F2_k0,F3_k0,F4_k0,F5_k0,mass_k0,F1_k30,F2_k30,F3_k30,F4_k30,F5_k30,F6_k30,mass_k30,F1_k40,F2_k40,F3_k40,F4_k40,F5_k40,F6_k40,mass_k40,F1_k60,F2_k60,F3_k60,F4_k60,F5_k60,F6_k60,mass_k60
L4-001-I001-s0.000000-t1000-N128-ref,I001,0,1000,1,RECOVERED,1.49043849e-07,1,1,1,0,0,0.436949851,1,1,1,0,0,0.99937046,0.436674774,1,1,1,0,0,0.997869853,0.436019084,1,1,1,0,0,0.998013277,0.436081753
L4-001-I001-s0.000000-t1001-N128-ref,I001,0,1001,1,RECOVERED,1.5651773e-07,1,1,1,0,0,0.435428843,1,1,1,0,0,0.999667375,0.435284009,1,1,1,0,0,1.00271331,0.436610295,1,1,1,0,0,0.998497168,0.434774467
L4-001-I001-s0.000000-t1002-N128-ref,I001,0,1002,1,RECOVERED,1.6131038e-07,1,1,1,0,0,0.435179839,1,1,1,0,0,0.99923813,0.434848288,1,1,1,0,0,1.00332335,0.436626094,1,1,1,0,0,0.996486388,0.433650785
L4-001-I001-s0.000000-t1003-N128-ref,I001,0,1003,1,RECOVERED,3.41676067e-08,1,1,1,0,0,0.436221034,1,1,1,0,0,0.999843949,0.436152961,1,1,1,0,0,0.99968315,0.436082818,1,1,1,0,0,0.994311708,0.433739682
L4-001-I001-s0.000000-t1004-N128-ref,I001,0,1004,1,RECOVERED,1.96575319e-07,1,1,1,0,0,0.437120803,1,1,1,0,0,0.997439354,0.436001492,1,1,1,0,0,0.993535497,0.434295034,1,1,1,0,0,0.999301624,0.436815529
L4-001-I001-s0.050000-t1000-N128-ref,I001,0.05,1000,1,RECOVERED,3.58408343e-07,0.95,1,0.988023952,-3.33066907e-16,-2.77555756e-17,0.415102358,0.997075427,0.998741724,0.977011494,-0.00433976027,-0.0070231821,1.04889234,0.435397686,1.00078239,1.00000954,0.982248521,-0.00674717977,-0.00318092025,1.05121113,0.43636022,1.00038533,0.999386407,1,-0.00281434575,-0.00179531605,1.05094509,0.436249787
L4-001-I001-s0.050000-t1001-N128-ref,I001,0.05,1001,1,RECOVERED,4.01308156e-07,0.95,1,0.994047619,-3.33066907e-16,-5.55111512e-17,0.413657401,0.999849281,0.997617712,1.01796407,-0.00560771499,-0.00808687763,1.05212285,0.435218403,1.00046572,0.997563343,0.988235294,-0.00972821782,-0.00455807402,1.05597925,0.436813631,1.00082077,1.00169634,0.988372093,0.00107814654,0.000818885879,1.05191232,0.435131316
L4-001-I001-s0.050000-t1002-N128-ref,I001,0.05,1002,1,RECOVERED,1.53244861e-07,0.95,1,0.994117647,2.22044605e-16,0,0.413420847,0.999127283,1.00010117,1.02339181,0.00615149258,-0.000965296451,1.05091166,0.434468789,0.99275926,0.990231664,1.00591716,0.00255887079,0.00080714293,1.04848268,0.433464598,1.00663691,1.00389638,1.01197605,-0.0146522302,-0.00750064274,1.05589472,0.436528888
L4-001-I001-s0.050000-t1003-N128-ref,I001,0.05,1003,1,RECOVERED,1.75407736e-08,0.95,1,0.98816568,4.4408921e-16,8.32667268e-17,0.414409982,1.00314686,1.00450685,1.02352941,-0.00647356058,-0.00665733534,1.05577928,0.437525474,1.00002278,0.999201572,1,-0.00559261897,-0.00119984614,1.05232202,0.436092751,1.00159816,1.00237023,0.988095238,-0.00932311314,-0.00435981409,1.04831661,0.434432868
L4-001-I001-s0.050000-t1004-N128-ref,I001,0.05,1004,1,RECOVERED,2.36746553e-07,0.95,1,1,-5.55111512e-16,-3.88578059e-16,0.415264763,1.00357008,1.00542198,1.00578035,0.00220637031,-0.00289655214,1.05368451,0.43755805,1.00082246,0.997799684,0.988571429,-0.00388918593,0.00108626351,1.04668699,0.434652225,0.999530674,1.00357994,1.00598802,-0.004446938,-0.00182758062,1.05140276,0.43661052
L4-001-I001-s0.100000-t1000-N128-ref,I001,0.1,1000,1,RECOVERED,1.34139464e-07,0.9,1,0.976047904,-3.33066907e-16,-2.77555756e-17,0.393254866,0.988176618,1.03139824,1.03448276,-0.256713542,-0.178928436,1.0972828,0.431511801,0.97680761,0.981430197,0.964497041,-0.163385468,-0.0831367459,1.08302985,0.425906759,0.997608861,0.994698181,0.976608187,-0.016414548,-0.0127494913,1.1062521,0.435039021
L4-001-I001-s0.100000-t1001-N128-ref,I001,0.1,1001,1,RECOVERED,4.08659571e-08,0.9,1,0.988095238,-1.22124533e-15,-9.43689571e-16,0.391885959,0.991456369,1.02700301,1.07784431,-0.250153598,-0.150541576,1.10125176,0.431565103,0.976412044,0.983452311,0.976470588,-0.14618144,-0.0782599435,1.08784594,0.42631155,0.996337436,0.999623588,0.988372093,-0.0214618321,-0.0176259225,1.1053779,0.433182078
L4-001-I001-s0.100000-t1002-N128-ref,I001,0.1,1002,1,RECOVERED,1.45179342e-07,0.9,1,0.970588235,1.11022302e-16,-5.55111512e-17,0.391661855,0.998560982,1.02901633,1.00584795,-0.22428891,-0.133903052,1.1086669,0.434222534,0.975305688,0.981854692,0.98816568,-0.134736137,-0.0726768072,1.08727441,0.425843913,1.00167121,1.00256064,0.994011976,-0.0209540128,-0.017918784,1.10905748,0.434375508
L4-001-I001-s0.100000-t1003-N128-ref,I001,0.1,1003,1,RECOVERED,6.92491539e-08,0.9,1,0.958579882,1.11022302e-16,5.55111512e-17,0.392598931,0.995987558,1.03350484,1.07058824,-0.191553746,-0.198985393,1.10648015,0.434402923,0.965367009,0.990994691,0.916666667,-0.201266696,-0.177065996,1.07229015,0.420979965,1.00775147,1.00748859,1.03571429,-0.0234173464,-0.0143961564,1.11335454,0.437101803
L4-001-I001-s0.100000-t1004-N128-ref,I001,0.1,1004,1,RECOVERED,2.76917787e-07,0.9,1,0.994186047,-5.55111512e-16,-3.60822483e-16,0.393408723,0.991889927,1.03295446,1.03468208,-0.221934558,-0.189397744,1.09927783,0.432465488,0.979758969,0.983584858,0.92,-0.208341814,-0.0994962849,1.08158368,0.425504455,0.991985163,1.00129353,1,-0.0134219325,-0.0103387272,1.10143598,0.433314524
L4-001-I001-s0.150000-t1000-N128-ref,I001,0.15,1000,0,DIED,3.73312728e-07,0.85,1,0.958083832,0,-1.11022302e-16,0.371407373,0.00118946879,0.513575998,0,0.707357618,0.786057361,0.00139849408,0.000519411013,0,nan,0,nan,nan,0,0,0,nan,0,nan,nan,0,0
L4-001-I001-s0.150000-t1001-N128-ref,I001,0.15,1001,0,DIED,4.83040071e-07,0.85,1,0.964285714,1.11022302e-16,-2.77555756e-17,0.370114517,0,nan,0,nan,nan,0,0,0,nan,0,nan,nan,0,0,0,nan,0,nan,nan,0,0
L4-001-I001-s0.150000-t1002-N128-ref,I001,0.15,1002,0,DIED,1.37113823e-07,0.85,1,0.952941176,-3.33066907e-16,-3.33066907e-16,0.369902863,0,nan,0,nan,nan,0,0,0,nan,0,nan,nan,0,0,0,nan,0,nan,nan,0,0
L4-001-I001-s0.150000-t1003-N128-ref,I001,0.15,1003,0,DIED,1.20957534e-07,0.85,1,0.952662722,5.55111512e-16,5.55111512e-17,0.370787879,0,nan,0,nan,nan,0,0,0,nan,0,nan,nan,0,0,0,nan,0,nan,nan,0,0
L4-001-I001-s0.150000-t1004-N128-ref,I001,0.15,1004,0,DIED,3.17089021e-07,0.85,1,0.959302326,-3.33066907e-16,-5.55111512e-17,0.371552683,0,nan,0,nan,nan,0,0,0,nan,0,nan,nan,0,0,0,nan,0,nan,nan,0,0
L4-001-I001-s0.200000-t1000-N128-ref,I001,0.2,1000,0,DIED,1.19235079e-07,0.8,1,0.946107784,-2.22044605e-16,-2.77555756e-17,0.349559881,0,nan,0,nan,nan,0,0,0,nan,0,nan,nan,0,0,0,nan,0,nan,nan,0,0
L4-001-I001-s0.200000-t1001-N128-ref,I001,0.2,1001,0,DIED,7.47858159e-08,0.8,1,0.952380952,-1.11022302e-16,0,0.348343075,0,nan,0,nan,nan,0,0,0,nan,0,nan,nan,0,0,0,nan,0,nan,nan,0,0
L4-001-I001-s0.200000-t1002-N128-ref,I001,0.2,1002,0,DIED,1.29048304e-07,0.8,1,0.947058824,1.11022302e-16,-5.55111512e-17,0.348143871,0,nan,0,nan,nan,0,0,0,nan,0,nan,nan,0,0,0,nan,0,nan,nan,0,0
L4-001-I001-s0.200000-t1003-N128-ref,I001,0.2,1003,0,DIED,1.72665915e-07,0.8,1,0.940828402,5.55111512e-16,8.32667268e-17,0.348976827,0,nan,0,nan,nan,0,0,0,nan,0,nan,nan,0,0,0,nan,0,nan,nan,0,0
L4-001-I001-s0.200000-t1004-N128-ref,I001,0.2,1004,0,DIED,3.57260255e-07,0.8,1,0.936046512,3.33066907e-16,0,0.349696643,0,nan,0,nan,nan,0,0,0,nan,0,nan,nan,0,0,0,nan,0,nan,nan,0,0
L4-001-I001-s0.250000-t1000-N128-ref,I001,0.25,1000,0,DIED,3.88217113e-07,0.75,1,0.934131737,0,-5.55111512e-17,0.327712388,0,nan,0,nan,nan,0,0,0,nan,0,nan,nan,0,0,0,nan,0,nan,nan,0,0
L4-001-I001-s0.250000-t1001-N128-ref,I001,0.25,1001,0,DIED,3.67388298e-07,0.75,1,0.93452381,0,-2.77555756e-17,0.326571633,0,nan,0,nan,nan,0,0,0,nan,0,nan,nan,0,0,0,nan,0,nan,nan,0,0
L4-001-I001-s0.250000-t1002-N128-ref,I001,0.25,1002,0,DIED,1.20982785e-07,0.75,1,0.917647059,-4.4408921e-16,-4.16333634e-16,0.326384879,0,nan,0,nan,nan,0,0,0,nan,0,nan,nan,0,0,0,nan,0,nan,nan,0,0
L4-001-I001-s0.250000-t1003-N128-ref,I001,0.25,1003,0,DIED,2.24374295e-07,0.75,1,0.934911243,2.22044605e-16,1.11022302e-16,0.327165776,0,nan,0,nan,nan,0,0,0,nan,0,nan,nan,0,0,0,nan,0,nan,nan,0,0
L4-001-I001-s0.250000-t1004-N128-ref,I001,0.25,1004,0,DIED,3.97431489e-07,0.75,1,0.912790698,-6.66133815e-16,-4.4408921e-16,0.327840603,0,nan,0,nan,nan,0,0,0,nan,0,nan,nan,0,0,0,nan,0,nan,nan,0,0
L4-001-I001-s0.300000-t1000-N128-ref,I001,0.3,1000,0,DIED,1.04330694e-07,0.7,1,0.922155689,0,-8.32667268e-17,0.305864896,0,nan,0,nan,nan,0,0,0,nan,0,nan,nan,0,0,0,nan,0,nan,nan,0,0
L4-001-I001-s0.300000-t1001-N128-ref,I001,0.3,1001,0,DIED,1.90437589e-07,0.7,1,0.928571429,0,-5.55111512e-17,0.30480019,0,nan,0,nan,nan,0,0,0,nan,0,nan,nan,0,0,0,nan,0,nan,nan,0,0
L4-001-I001-s0.300000-t1002-N128-ref,I001,0.3,1002,0,DIED,1.12917266e-07,0.7,1,0.882352941,-2.22044605e-16,-3.88578059e-16,0.304625887,0,nan,0,nan,nan,0,0,0,nan,0,nan,nan,0,0,0,nan,0,nan,nan,0,0
L4-001-I001-s0.300000-t1003-N128-ref,I001,0.3,1003,0,DIED,2.76082675e-07,0.7,1,0.917159763,4.4408921e-16,1.11022302e-16,0.305354724,0,nan,0,nan,nan,0,0,0,nan,0,nan,nan,0,0,0,nan,0,nan,nan,0,0
L4-001-I001-s0.300000-t1004-N128-ref,I001,0.3,1004,0,DIED,4.37602723e-07,0.7,1,0.88372093,5.55111512e-16,3.33066907e-16,0.305984562,0,nan,0,nan,nan,0,0,0,nan,0,nan,nan,0,0,0,nan,0,nan,nan,0,0
L4-001-I001-s0.350000-t1000-N128-ref,I001,0.35,1000,0,DIED,4.03121498e-07,0.65,1,0.892215569,0,-5.55111512e-17,0.284017403,0,nan,0,nan,nan,0,0,0,nan,0,nan,nan,0,0,0,nan,0,nan,nan,0,0
L4-001-I001-s0.350000-t1001-N128-ref,I001,0.35,1001,0,DIED,2.51736525e-07,0.65,1,0.880952381,-1.22124533e-15,-9.43689571e-16,0.283028748,0,nan,0,nan,nan,0,0,0,nan,0,nan,nan,0,0,0,nan,0,nan,nan,0,0
L4-001-I001-s0.350000-t1002-N128-ref,I001,0.35,1002,0,DIED,1.04851747e-07,0.65,1,0.847058824,6.66133815e-16,4.71844785e-16,0.282866895,0,nan,0,nan,nan,0,0,0,nan,0,nan,nan,0,0,0,nan,0,nan,nan,0,0
L4-001-I001-s0.350000-t1003-N128-ref,I001,0.35,1003,0,DIED,3.27791056e-07,0.65,1,0.893491124,4.4408921e-16,2.77555756e-17,0.283543672,0,nan,0,nan,nan,0,0,0,nan,0,nan,nan,0,0,0,nan,0,nan,nan,0,0
L4-001-I001-s0.350000-t1004-N128-ref,I001,0.35,1004,0,DIED,4.77773957e-07,0.65,1,0.860465116,-5.55111512e-16,-4.16333634e-16,0.284128522,0,nan,0,nan,nan,0,0,0,nan,0,nan,nan,0,0,0,nan,0,nan,nan,0,0
L4-001-I001-s0.400000-t1000-N128-ref,I001,0.4,1000,0,DIED,8.94263094e-08,0.6,1,0.874251497,0,-2.77555756e-17,0.262169911,0,nan,0,nan,nan,0,0,0,nan,0,nan,nan,0,0,0,nan,0,nan,nan,0,0
L4-001-I001-s0.400000-t1001-N128-ref,I001,0.4,1001,0,DIED,3.06089362e-07,0.6,1,0.827380952,-2.22044605e-16,-5.55111512e-17,0.261257306,0,nan,0,nan,nan,0,0,0,nan,0,nan,nan,0,0,0,nan,0,nan,nan,0,0
L4-001-I001-s0.400000-t1002-N128-ref,I001,0.4,1002,0,DIED,9.6786228e-08,0.6,1,0.811764706,2.22044605e-16,1.38777878e-16,0.261107903,0,nan,0,nan,nan,0,0,0,nan,0,nan,nan,0,0,0,nan,0,nan,nan,0,0
L4-001-I001-s0.400000-t1003-N128-ref,I001,0.4,1003,0,DIED,3.79499436e-07,0.6,1,0.857988166,1.11022302e-16,2.77555756e-17,0.261732621,0,nan,0,nan,nan,0,0,0,nan,0,nan,nan,0,0,0,nan,0,nan,nan,0,0
L4-001-I001-s0.400000-t1004-N128-ref,I001,0.4,1004,0,DIED,4.82054808e-07,0.6,1,0.831395349,-5.55111512e-16,-4.4408921e-16,0.262272482,0,nan,0,nan,nan,0,0,0,nan,0,nan,nan,0,0,0,nan,0,nan,nan,0,0
L4-001-I001-s0.450000-t1000-N128-ref,I001,0.45,1000,0,DIED,4.18025883e-07,0.55,1,0.814371257,0,0,0.240322418,0,nan,0,nan,nan,0,0,0,nan,0,nan,nan,0,0,0,nan,0,nan,nan,0,0
L4-001-I001-s0.450000-t1001-N128-ref,I001,0.45,1001,0,DIED,1.36084752e-07,0.55,1,0.779761905,1.11022302e-16,-8.32667268e-17,0.239485864,0,nan,0,nan,nan,0,0,0,nan,0,nan,nan,0,0,0,nan,0,nan,nan,0,0
L4-001-I001-s0.450000-t1002-N128-ref,I001,0.45,1002,0,DIED,8.87207091e-08,0.55,1,0.782352941,-3.33066907e-16,-3.88578059e-16,0.239348911,0,nan,0,nan,nan,0,0,0,nan,0,nan,nan,0,0,0,nan,0,nan,nan,0,0
L4-001-I001-s0.450000-t1003-N128-ref,I001,0.45,1003,0,DIED,4.31207816e-07,0.55,1,0.816568047,5.55111512e-16,1.38777878e-16,0.239921569,0,nan,0,nan,nan,0,0,0,nan,0,nan,nan,0,0,0,nan,0,nan,nan,0,0
L4-001-I001-s0.450000-t1004-N128-ref,I001,0.45,1004,0,DIED,4.41883575e-07,0.55,1,0.779069767,5.55111512e-16,2.77555756e-16,0.240416442,0,nan,0,nan,nan,0,0,0,nan,0,nan,nan,0,0,0,nan,0,nan,nan,0,0
L4-001-I001-s0.500000-t1000-N128-ref,I001,0.5,1000,0,DIED,7.45219245e-08,0.5,1,0.74251497,0,0,0.218474925,0,nan,0,nan,nan,0,0,0,nan,0,nan,nan,0,0,0,nan,0,nan,nan,0,0
L4-001-I001-s0.500000-t1001-N128-ref,I001,0.5,1001,0,DIED,4.21741135e-07,0.5,1,0.738095238,0,0,0.217714422,0,nan,0,nan,nan,0,0,0,nan,0,nan,nan,0,0,0,nan,0,nan,nan,0,0
L4-001-I001-s0.500000-t1002-N128-ref,I001,0.5,1002,0,DIED,8.06551901e-08,0.5,1,0.747058824,0,0,0.217589919,0,nan,0,nan,nan,0,0,0,nan,0,nan,nan,0,0,0,nan,0,nan,nan,0,0
L4-001-I001-s0.500000-t1003-N128-ref,I001,0.5,1003,0,DIED,4.82916197e-07,0.5,1,0.75147929,0,0,0.218110517,0,nan,0,nan,nan,0,0,0,nan,0,nan,nan,0,0,0,nan,0,nan,nan,0,0
L4-001-I001-s0.500000-t1004-N128-ref,I001,0.5,1004,0,DIED,4.0171234e-07,0.5,1,0.744186047,0,0,0.218560402,0,nan,0,nan,nan,0,0,0,nan,0,nan,nan,0,0,0,nan,0,nan,nan,0,0
L4-001-I001-s0.550000-t1000-N128-ref,I001,0.55,1000,0,DIED,4.32930268e-07,0.45,1,0.71257485,-4.4408921e-16,-3.33066907e-16,0.196627433,0,nan,0,nan,nan,0,0,0,nan,0,nan,nan,0,0,0,nan,0,nan,nan,0,0
L4-001-I001-s0.550000-t1001-N128-ref,I001,0.55,1001,0,DIED,2.04329786e-08,0.45,1,0.68452381,-1.22124533e-15,-9.15933995e-16,0.19594298,0,nan,0,nan,nan,0,0,0,nan,0,nan,nan,0,0,0,nan,0,nan,nan,0,0
L4-001-I001-s0.550000-t1002-N128-ref,I001,0.55,1002,0,DIED,7.25896711e-08,0.45,1,0.711764706,-4.4408921e-16,-3.60822483e-16,0.195830927,0,nan,0,nan,nan,0,0,0,nan,0,nan,nan,0,0,0,nan,0,nan,nan,0,0
L4-001-I001-s0.550000-t1003-N128-ref,I001,0.55,1003,0,DIED,4.65375423e-07,0.45,1,0.715976331,-8.8817842e-16,-7.49400542e-16,0.196299465,0,nan,0,nan,nan,0,0,0,nan,0,nan,nan,0,0,0,nan,0,nan,nan,0,0
L4-001-I001-s0.550000-t1004-N128-ref,I001,0.55,1004,0,DIED,3.61541106e-07,0.45,1,0.691860465,-2.22044605e-16,-2.77555756e-17,0.196704362,0,nan,0,nan,nan,0,0,0,nan,0,nan,nan,0,0,0,nan,0,nan,nan,0,0
L4-001-I001-s0.600000-t1000-N128-ref,I001,0.6,1000,0,DIED,5.96175396e-08,0.4,1,0.646706587,-2.22044605e-16,-2.77555756e-17,0.17477994,0,nan,0,nan,nan,0,0,0,nan,0,nan,nan,0,0,0,nan,0,nan,nan,0,0
L4-001-I001-s0.600000-t1001-N128-ref,I001,0.6,1001,0,DIED,4.62607092e-07,0.4,1,0.630952381,-1.11022302e-16,0,0.174171537,0,nan,0,nan,nan,0,0,0,nan,0,nan,nan,0,0,0,nan,0,nan,nan,0,0
L4-001-I001-s0.600000-t1002-N128-ref,I001,0.6,1002,0,DIED,6.4524152e-08,0.4,1,0.641176471,1.11022302e-16,-5.55111512e-17,0.174071935,0,nan,0,nan,nan,0,0,0,nan,0,nan,nan,0,0,0,nan,0,nan,nan,0,0
L4-001-I001-s0.600000-t1003-N128-ref,I001,0.6,1003,0,DIED,4.13667043e-07,0.4,1,0.633136095,5.55111512e-16,8.32667268e-17,0.174488414,0,nan,0,nan,nan,0,0,0,nan,0,nan,nan,0,0,0,nan,0,nan,nan,0,0
L4-001-I001-s0.600000-t1004-N128-ref,I001,0.6,1004,0,DIED,3.21369872e-07,0.4,1,0.622093023,3.33066907e-16,0,0.174848321,0,nan,0,nan,nan,0,0,0,nan,0,nan,nan,0,0,0,nan,0,nan,nan,0,0
L4-001-I001-s0.650000-t1000-N128-ref,I001,0.65,1000,0,DIED,4.47834653e-07,0.35,1,0.586826347,0,-8.32667268e-17,0.152932448,0,nan,0,nan,nan,0,0,0,nan,0,nan,nan,0,0,0,nan,0,nan,nan,0,0
L4-001-I001-s0.650000-t1001-N128-ref,I001,0.65,1001,0,DIED,9.52187944e-08,0.35,1,0.583333333,0,-5.55111512e-17,0.152400095,0,nan,0,nan,nan,0,0,0,nan,0,nan,nan,0,0,0,nan,0,nan,nan,0,0
L4-001-I001-s0.650000-t1002-N128-ref,I001,0.65,1002,0,DIED,5.6458633e-08,0.35,1,0.564705882,-2.22044605e-16,-3.88578059e-16,0.152312944,0,nan,0,nan,nan,0,0,0,nan,0,nan,nan,0,0,0,nan,0,nan,nan,0,0
L4-001-I001-s0.650000-t1003-N128-ref,I001,0.65,1003,0,DIED,3.61958662e-07,0.35,1,0.573964497,4.4408921e-16,1.11022302e-16,0.152677362,0,nan,0,nan,nan,0,0,0,nan,0,nan,nan,0,0,0,nan,0,nan,nan,0,0
L4-001-I001-s0.650000-t1004-N128-ref,I001,0.65,1004,0,DIED,2.81198638e-07,0.35,1,0.575581395,5.55111512e-16,3.33066907e-16,0.152992281,0,nan,0,nan,nan,0,0,0,nan,0,nan,nan,0,0,0,nan,0,nan,nan,0,0
L4-001-I001-s0.700000-t1000-N128-ref,I001,0.7,1000,0,DIED,4.47131547e-08,0.3,1,0.508982036,-1.11022302e-16,-5.55111512e-17,0.131084955,0,nan,0,nan,nan,0,0,0,nan,0,nan,nan,0,0,0,nan,0,nan,nan,0,0
L4-001-I001-s0.700000-t1001-N128-ref,I001,0.7,1001,0,DIED,3.46955319e-07,0.3,1,0.505952381,-1.11022302e-16,0,0.130628653,0,nan,0,nan,nan,0,0,0,nan,0,nan,nan,0,0,0,nan,0,nan,nan,0,0
L4-001-I001-s0.700000-t1002-N128-ref,I001,0.7,1002,0,DIED,4.8393114e-08,0.3,1,0.494117647,6.66133815e-16,4.99600361e-16,0.130553952,0,nan,0,nan,nan,0,0,0,nan,0,nan,nan,0,0,0,nan,0,nan,nan,0,0
L4-001-I001-s0.700000-t1003-N128-ref,I001,0.7,1003,0,DIED,3.10250282e-07,0.3,1,0.50295858,2.22044605e-16,5.55111512e-17,0.13086631,0,nan,0,nan,nan,0,0,0,nan,0,nan,nan,0,0,0,nan,0,nan,nan,0,0
L4-001-I001-s0.700000-t1004-N128-ref,I001,0.7,1004,0,DIED,2.41027404e-07,0.3,1,0.470930233,-1.11022302e-16,5.55111512e-17,0.131136241,0,nan,0,nan,nan,0,0,0,nan,0,nan,nan,0,0,0,nan,0,nan,nan,0,0
L4-001-I001-s0.750000-t1000-N128-ref,I001,0.75,1000,0,DIED,4.62739038e-07,0.25,1,0.425149701,0,0,0.109237463,0,nan,0,nan,nan,0,0,0,nan,0,nan,nan,0,0,0,nan,0,nan,nan,0,0
L4-001-I001-s0.750000-t1001-N128-ref,I001,0.75,1001,0,DIED,2.10870567e-07,0.25,1,0.446428571,0,0,0.108857211,0,nan,0,nan,nan,0,0,0,nan,0,nan,nan,0,0,0,nan,0,nan,nan,0,0
L4-001-I001-s0.750000-t1002-N128-ref,I001,0.75,1002,0,DIED,4.0327595e-08,0.25,1,0.417647059,0,0,0.10879496,0,nan,0,nan,nan,0,0,0,nan,0,nan,nan,0,0,0,nan,0,nan,nan,0,0
L4-001-I001-s0.750000-t1003-N128-ref,I001,0.75,1003,0,DIED,2.58541902e-07,0.25,1,0.414201183,0,0,0.109055259,0,nan,0,nan,nan,0,0,0,nan,0,nan,nan,0,0,0,nan,0,nan,nan,0,0
L4-001-I001-s0.750000-t1004-N128-ref,I001,0.75,1004,0,DIED,2.0085617e-07,0.25,1,0.406976744,0,0,0.109280201,0,nan,0,nan,nan,0,0,0,nan,0,nan,nan,0,0,0,nan,0,nan,nan,0,0
L4-001-I001-s0.800000-t1000-N128-ref,I001,0.8,1000,0,DIED,2.98087698e-08,0.2,1,0.323353293,-2.22044605e-16,-5.55111512e-17,0.0873899702,0,nan,0,nan,nan,0,0,0,nan,0,nan,nan,0,0,0,nan,0,nan,nan,0,0
L4-001-I001-s0.800000-t1001-N128-ref,I001,0.8,1001,0,DIED,3.13035461e-08,0.2,1,0.333333333,-4.4408921e-16,-1.11022302e-16,0.0870857687,0,nan,0,nan,nan,0,0,0,nan,0,nan,nan,0,0,0,nan,0,nan,nan,0,0
L4-001-I001-s0.800000-t1002-N128-ref,I001,0.8,1002,0,DIED,3.2262076e-08,0.2,1,0.341176471,6.66133815e-16,4.16333634e-16,0.0870359677,0,nan,0,nan,nan,0,0,0,nan,0,nan,nan,0,0,0,nan,0,nan,nan,0,0
L4-001-I001-s0.800000-t1003-N128-ref,I001,0.8,1003,0,DIED,6.83352133e-09,0.2,1,0.319526627,0,5.55111512e-17,0.0872442068,0,nan,0,nan,nan,0,0,0,nan,0,nan,nan,0,0,0,nan,0,nan,nan,0,0
L4-001-I001-s0.800000-t1004-N128-ref,I001,0.8,1004,0,DIED,3.93150639e-08,0.2,1,0.325581395,-6.66133815e-16,-4.4408921e-16,0.0874241607,0,nan,0,nan,nan,0,0,0,nan,0,nan,nan,0,0,0,nan,0,nan,nan,0,0
L4-001-I001-s0.850000-t1000-N128-ref,I001,0.85,1000,0,DIED,2.23565773e-08,0.15,1,0.22754491,-1.11022302e-16,-5.55111512e-17,0.0655424776,0,nan,0,nan,nan,0,0,0,nan,0,nan,nan,0,0,0,nan,0,nan,nan,0,0
L4-001-I001-s0.850000-t1001-N128-ref,I001,0.85,1001,0,DIED,2.65223405e-08,0.15,1,0.214285714,-1.11022302e-16,0,0.0653143265,0,nan,0,nan,nan,0,0,0,nan,0,nan,nan,0,0,0,nan,0,nan,nan,0,0
L4-001-I001-s0.850000-t1002-N128-ref,I001,0.85,1002,0,DIED,2.4196557e-08,0.15,1,0.223529412,6.66133815e-16,4.99600361e-16,0.0652769758,0,nan,0,nan,nan,0,0,0,nan,0,nan,nan,0,0,0,nan,0,nan,nan,0,0
L4-001-I001-s0.850000-t1003-N128-ref,I001,0.85,1003,0,DIED,4.4874859e-08,0.15,1,0.224852071,2.22044605e-16,5.55111512e-17,0.0654331551,0,nan,0,nan,nan,0,0,0,nan,0,nan,nan,0,0,0,nan,0,nan,nan,0,0
L4-001-I001-s0.850000-t1004-N128-ref,I001,0.85,1004,0,DIED,2.05137021e-08,0.15,1,0.215116279,-1.11022302e-16,5.55111512e-17,0.0655681205,0,nan,0,nan,nan,0,0,0,nan,0,nan,nan,0,0,0,nan,0,nan,nan,0,0
L4-001-I001-s0.900000-t1000-N128-ref,I001,0.9,1000,0,DIED,1.49043849e-08,0.1,1,0,-2.22044605e-16,-5.55111512e-17,0.0436949851,0,nan,0,nan,nan,0,0,0,nan,0,nan,nan,0,0,0,nan,0,nan,nan,0,0
L4-001-I001-s0.900000-t1001-N128-ref,I001,0.9,1001,0,DIED,1.5651773e-08,0.1,1,0,-4.4408921e-16,-1.11022302e-16,0.0435428843,0,nan,0,nan,nan,0,0,0,nan,0,nan,nan,0,0,0,nan,0,nan,nan,0,0
L4-001-I001-s0.900000-t1002-N128-ref,I001,0.9,1002,0,DIED,1.6131038e-08,0.1,1,0,6.66133815e-16,4.16333634e-16,0.0435179839,0,nan,0,nan,nan,0,0,0,nan,0,nan,nan,0,0,0,nan,0,nan,nan,0,0
L4-001-I001-s0.900000-t1003-N128-ref,I001,0.9,1003,0,DIED,3.41676067e-09,0.1,1,0,0,5.55111512e-17,0.0436221034,0,nan,0,nan,nan,0,0,0,nan,0,nan,nan,0,0,0,nan,0,nan,nan,0,0
L4-001-I001-s0.900000-t1004-N128-ref,I001,0.9,1004,0,DIED,1.96575319e-08,0.1,1,0,-6.66133815e-16,-4.4408921e-16,0.0437120803,0,nan,0,nan,nan,0,0,0,nan,0,nan,nan,0,0,0,nan,0,nan,nan,0,0
L4-001-I001-s0.950000-t1000-N128-ref,I001,0.95,1000,0,DIED,7.45219243e-09,0.05,1,0,0,-5.55111512e-17,0.0218474925,0,nan,0,nan,nan,0,0,0,nan,0,nan,nan,0,0,0,nan,0,nan,nan,0,0
L4-001-I001-s0.950000-t1001-N128-ref,I001,0.95,1001,0,DIED,4.21741135e-08,0.05,1,0,0,-2.77555756e-17,0.0217714422,0,nan,0,nan,nan,0,0,0,nan,0,nan,nan,0,0,0,nan,0,nan,nan,0,0
L4-001-I001-s0.950000-t1002-N128-ref,I001,0.95,1002,0,DIED,8.06551898e-09,0.05,1,0,1.11022302e-16,-1.11022302e-16,0.0217589919,0,nan,0,nan,nan,0,0,0,nan,0,nan,nan,0,0,0,nan,0,nan,nan,0,0
L4-001-I001-s0.950000-t1003-N128-ref,I001,0.95,1003,0,DIED,4.82916196e-08,0.05,1,0,5.55111512e-16,5.55111512e-17,0.0218110517,0,nan,0,nan,nan,0,0,0,nan,0,nan,nan,0,0,0,nan,0,nan,nan,0,0
L4-001-I001-s0.950000-t1004-N128-ref,I001,0.95,1004,0,DIED,4.01712341e-08,0.05,1,0,-4.4408921e-16,-3.88578059e-16,0.0218560402,0,nan,0,nan,nan,0,0,0,nan,0,nan,nan,0,0,0,nan,0,nan,nan,0,0
L4-001-I002-s0.000000-t1000-N128-ref,I002,0,1000,1,RECOVERED,1.49043849e-07,1,1,1,0,0,0.436949851,1,1,1,0,0,0.99937046,0.436674774,1,1,1,0,0,0.997869853,0.436019084,1,1,1,0,0,0.998013277,0.436081753
L4-001-I002-s0.000000-t1001-N128-ref,I002,0,1001,1,RECOVERED,1.5651773e-07,1,1,1,0,0,0.435428843,1,1,1,0,0,0.999667375,0.435284009,1,1,1,0,0,1.00271331,0.436610295,1,1,1,0,0,0.998497168,0.434774467
L4-001-I002-s0.000000-t1002-N128-ref,I002,0,1002,1,RECOVERED,1.6131038e-07,1,1,1,0,0,0.435179839,1,1,1,0,0,0.99923813,0.434848288,1,1,1,0,0,1.00332335,0.436626094,1,1,1,0,0,0.996486388,0.433650785
L4-001-I002-s0.000000-t1003-N128-ref,I002,0,1003,1,RECOVERED,3.41676067e-08,1,1,1,0,0,0.436221034,1,1,1,0,0,0.999843949,0.436152961,1,1,1,0,0,0.99968315,0.436082818,1,1,1,0,0,0.994311708,0.433739682
L4-001-I002-s0.000000-t1004-N128-ref,I002,0,1004,1,RECOVERED,1.96575319e-07,1,1,1,0,0,0.437120803,1,1,1,0,0,0.997439354,0.436001492,1,1,1,0,0,0.993535497,0.434295034,1,1,1,0,0,0.999301624,0.436815529
L4-001-I002-s0.050000-t1000-N128-ref,I002,0.05,1000,1,RECOVERED,3.08807163e-07,0.986458035,1.00675096,0.994011976,0.00019575102,0.00152387935,0.431032691,0.997872812,1.00112402,1.00574713,-0.00899543485,-0.00735662325,1.01093465,0.435745884,0.998465989,1.00063124,1.02366864,0.00367499784,0.00170534302,1.01001672,0.435350226,0.996560399,0.990999519,0.970760234,0.0060841318,0.00192980282,1.00823398,0.434581806
L4-001-I002-s0.050000-t1001-N128-ref,I002,0.05,1001,1,RECOVERED,3.16281044e-07,0.986410731,1.00684034,0.994047619,7.90339233e-05,0.00111173846,0.429511684,0.997240788,0.998429902,1.01796407,-0.00790627002,-0.00700323421,1.01064298,0.434082968,0.995486162,0.996504221,1,0.00975648747,0.00397461939,1.01193873,0.434639507,1.00418385,0.993637195,1,-0.0112567019,-0.00653945908,1.01648806,0.436593497
L4-001-I002-s0.050000-t1002-N128-ref,I002,0.05,1002,1,RECOVERED,4.89928802e-07,0.98717696,1.00645135,0.994117647,-4.82229801e-05,-0.000533966936,0.42959951,0.99594601,0.999206805,1.01169591,0.000382877032,-0.00318402937,1.00811432,0.433085418,0.994218173,0.99362853,1.00591716,0.00655643278,0.00318613231,1.01047973,0.434101597,1.00593736,1.00128496,0.994011976,-0.0131449227,-0.00450118327,1.01542371,0.436225527
L4-001-I002-s0.050000-t1003-N128-ref,I002,0.05,1003,1,RECOVERED,2.81842621e-07,0.986584058,1.00675889,0.99408284,-3.89458332e-05,-0.00064180908,0.430368718,0.997207119,0.998597834,0.976470588,-0.00488875901,-0.00490909358,1.01060979,0.434934838,1.00104301,0.999779043,1.00595238,-0.000781684637,-0.000251691195,1.01433408,0.436537658,1.00330884,1.00155818,1,-0.00521527428,-0.00102469207,1.01116749,0.435174856
L4-001-I002-s0.050000-t1004-N128-ref,I002,0.05,1004,1,RECOVERED,1.32146599e-07,0.973145476,1.01357794,0.988372093,0.000223756869,0.0022395384,0.425382132,0.999242809,1.00363712,0.994219653,-0.00300274313,-0.00809237075,1.02418819,0.435671355,1.0011135,0.999950635,1,-0.00665391891,-0.000311135677,1.02208952,0.43477862,0.998269583,1.00583583,1,-0.00110314852,0.000658413581,1.02510102,0.436059656
L4-001-I002-s0.100000-t1000-N128-ref,I002,0.1,1000,0,DIED,3.93841975e-07,0.94675028,1.02731067,0.976047904,0.00023960411,0.00177797841,0.413682394,0,nan,0,nan,nan,0,0,0,nan,0,nan,nan,0,0,0,nan,0,nan,nan,0,0
L4-001-I002-s0.100000-t1001-N128-ref,I002,0.1,1001,0,DIED,5.37131706e-08,0.922430731,1.04001626,0.964285714,-0.000294289481,0.00036138127,0.401652946,0,nan,0,nan,nan,0,0,0,nan,0,nan,nan,0,0,0,nan,0,nan,nan,0,0
L4-001-I002-s0.100000-t1002-N128-ref,I002,0.1,1002,0,DIED,2.23144415e-07,0.919932836,1.0413711,0.964705882,0.00166749103,0.00644835898,0.400336223,0,nan,0,nan,nan,0,0,0,nan,0,nan,nan,0,0,0,nan,0,nan,nan,0,0
L4-001-I002-s0.100000-t1003-N128-ref,I002,0.1,1003,0,DIED,1.47946888e-08,0.92253464,1.03996791,0.964497041,-6.3486736e-05,0.000503329725,0.402429015,0,nan,0,nan,nan,0,0,0,nan,0,nan,nan,0,0,0,nan,0,nan,nan,0,0
L4-001-I002-s0.100000-t1004-N128-ref,I002,0.1,1004,0,DIED,4.48593709e-07,0.933614793,1.03409653,0.970930233,0.000220316287,0.0023441703,0.408102449,0,nan,0,nan,nan,0,0,0,nan,0,nan,nan,0,0,0,nan,0,nan,nan,0,0
L4-001-I002-s0.150000-t1000-N128-ref,I002,0.15,1000,0,DIED,8.78151832e-08,0.846263962,1.08235416,0.928143713,0.00282926835,0.0108395357,0.369774912,0,nan,0,nan,nan,0,0,0,nan,0,nan,nan,0,0,0,nan,0,nan,nan,0,0
L4-001-I002-s0.150000-t1001-N128-ref,I002,0.15,1001,0,DIED,3.64526475e-07,0.84685792,1.08175456,0.928571429,0.00454563856,0.0159516552,0.368746365,0,nan,0,nan,nan,0,0,0,nan,0,nan,nan,0,0,0,nan,0,nan,nan,0,0
L4-001-I002-s0.150000-t1002-N128-ref,I002,0.15,1002,0,DIED,4.79708669e-07,0.861205981,1.07360417,0.935294118,-0.000972684792,0.000390803808,0.37477948,0,nan,0,nan,nan,0,0,0,nan,0,nan,nan,0,0,0,nan,0,nan,nan,0,0
L4-001-I002-s0.150000-t1003-N128-ref,I002,0.15,1003,0,DIED,4.0692399e-07,0.84895171,1.08054925,0.928994083,0.00116398707,0.00648541298,0.370330593,0,nan,0,nan,nan,0,0,0,nan,0,nan,nan,0,0,0,nan,0,nan,nan,0,0
L4-001-I002-s0.150000-t1004-N128-ref,I002,0.15,1004,0,DIED,6.05868516e-08,0.834995581,1.08872762,0.924418605,0.00463279068,0.0152459957,0.364993939,0,nan,0,nan,nan,0,0,0,nan,0,nan,nan,0,0,0,nan,0,nan,nan,0,0
L4-001-I002-s0.200000-t1000-N128-ref,I002,0.2,1000,0,DIED,4.46294805e-07,0.737667156,1.14832361,0.868263473,0.00340987435,0.0158436774,0.322323554,0,nan,0,nan,nan,0,0,0,nan,0,nan,nan,0,0,0,nan,0,nan,nan,0,0
L4-001-I002-s0.200000-t1001-N128-ref,I002,0.2,1001,0,DIED,1.73741444e-07,0.732071792,1.15222405,0.869047619,0.0116455356,0.0325239902,0.318765174,0,nan,0,nan,nan,0,0,0,nan,0,nan,nan,0,0,0,nan,0,nan,nan,0,0
L4-001-I002-s0.200000-t1002-N128-ref,I002,0.2,1002,0,DIED,3.72337251e-07,0.728777724,1.15439454,0.870588235,0.00593551477,0.0225020457,0.317149372,0,nan,0,nan,nan,0,0,0,nan,0,nan,nan,0,0,0,nan,0,nan,nan,0,0
L4-001-I002-s0.200000-t1003-N128-ref,I002,0.2,1003,0,DIED,1.88459937e-07,0.735399686,1.15014413,0.869822485,0.00537806242,0.0187998813,0.320796812,0,nan,0,nan,nan,0,0,0,nan,0,nan,nan,0,0,0,nan,0,nan,nan,0,0
L4-001-I002-s0.200000-t1004-N128-ref,I002,0.2,1004,0,DIED,2.93504806e-07,0.744652945,1.14390351,0.877906977,0.00768186219,0.0237281783,0.325503294,0,nan,0,nan,nan,0,0,0,nan,0,nan,nan,0,0,0,nan,0,nan,nan,0,0
L4-001-I002-s0.250000-t1000-N128-ref,I002,0.25,1000,0,DIED,2.88834363e-07,0.646046018,1.2124748,0.808383234,0.00926889659,0.0318538413,0.282289711,0,nan,0,nan,nan,0,0,0,nan,0,nan,nan,0,0,0,nan,0,nan,nan,0,0
L4-001-I002-s0.250000-t1001-N128-ref,I002,0.25,1001,0,DIED,1.40770717e-07,0.638432995,1.2175231,0.80952381,0.000589459496,0.0198274096,0.277992141,0,nan,0,nan,nan,0,0,0,nan,0,nan,nan,0,0,0,nan,0,nan,nan,0,0
L4-001-I002-s0.250000-t1002-N128-ref,I002,0.25,1002,0,DIED,3.00329943e-07,0.654373836,1.20586724,0.811764706,0.0107527445,0.0330517161,0.2847703,0,nan,0,nan,nan,0,0,0,nan,0,nan,nan,0,0,0,nan,0,nan,nan,0,0
L4-001-I002-s0.250000-t1003-N128-ref,I002,0.25,1003,0,DIED,1.75730157e-07,0.654912996,1.20537094,0.822485207,0.00987216879,0.0322343355,0.285686824,0,nan,0,nan,nan,0,0,0,nan,0,nan,nan,0,0,0,nan,0,nan,nan,0,0
L4-001-I002-s0.250000-t1004-N128-ref,I002,0.25,1004,0,DIED,3.73571217e-07,0.62767689,1.22582624,0.802325581,0.00369813477,0.0250533351,0.274370626,0,nan,0,nan,nan,0,0,0,nan,0,nan,nan,0,0,0,nan,0,nan,nan,0,0
L4-001-I002-s0.300000-t1000-N128-ref,I002,0.3,1000,0,DIED,4.34729274e-07,0.548661511,1.28682997,0.736526946,-0.013465965,0.0084193243,0.239737565,0,nan,0,nan,nan,0,0,0,nan,0,nan,nan,0,0,0,nan,0,nan,nan,0,0
L4-001-I002-s0.300000-t1001-N128-ref,I002,0.3,1001,0,DIED,1.32387974e-07,0.57345964,1.26712489,0.761904762,-0.00316217846,0.0206348743,0.249700868,0,nan,0,nan,nan,0,0,0,nan,0,nan,nan,0,0,0,nan,0,nan,nan,0,0
L4-001-I002-s0.300000-t1002-N128-ref,I002,0.3,1002,0,DIED,2.68259564e-07,0.558613352,1.27892143,0.747058824,-0.00773863222,0.0137434719,0.243097268,0,nan,0,nan,nan,0,0,0,nan,0,nan,nan,0,0,0,nan,0,nan,nan,0,0
L4-001-I002-s0.300000-t1003-N128-ref,I002,0.3,1003,0,DIED,2.9098559e-07,0.57147338,1.26817004,0.763313609,-0.0102125157,0.0104918436,0.249288709,0,nan,0,nan,nan,0,0,0,nan,0,nan,nan,0,0,0,nan,0,nan,nan,0,0
L4-001-I002-s0.300000-t1004-N128-ref,I002,0.3,1004,0,DIED,4.51136161e-07,0.562808837,1.27602748,0.75,-0.00774337253,0.0138263569,0.246015451,0,nan,0,nan,nan,0,0,0,nan,0,nan,nan,0,0,0,nan,0,nan,nan,0,0
L4-001-I002-s0.350000-t1000-N128-ref,I002,0.35,1000,0,DIED,2.37652359e-07,0.494228885,1.32921722,0.688622754,-0.045776103,-0.0223184499,0.215953238,0,nan,0,nan,nan,0,0,0,nan,0,nan,nan,0,0,0,nan,0,nan,nan,0,0
L4-001-I002-s0.350000-t1001-N128-ref,I002,0.35,1001,0,DIED,2.70647066e-07,0.493005304,1.3314635,0.702380952,-0.0455988976,-0.0223379088,0.214668729,0,nan,0,nan,nan,0,0,0,nan,0,nan,nan,0,0,0,nan,0,nan,nan,0,0
L4-001-I002-s0.350000-t1002-N128-ref,I002,0.35,1002,0,DIED,4.39264826e-07,0.493957995,1.32954726,0.7,-0.046778869,-0.0236253817,0.214960561,0,nan,0,nan,nan,0,0,0,nan,0,nan,nan,0,0,0,nan,0,nan,nan,0,0
L4-001-I002-s0.350000-t1003-N128-ref,I002,0.35,1003,0,DIED,3.75929841e-07,0.502088636,1.32499678,0.698224852,-0.0356770787,-0.0149031181,0.219021624,0,nan,0,nan,nan,0,0,0,nan,0,nan,nan,0,0,0,nan,0,nan,nan,0,0
L4-001-I002-s0.350000-t1004-N128-ref,I002,0.35,1004,0,DIED,8.89466829e-08,0.488857793,1.33509672,0.691860465,-0.0483937871,-0.0250125527,0.213689911,0,nan,0,nan,nan,0,0,0,nan,0,nan,nan,0,0,0,nan,0,nan,nan,0,0
L4-001-I002-s0.400000-t1000-N128-ref,I002,0.4,1000,0,DIED,6.14131728e-08,0.442146709,1.37081901,0.628742515,-0.0923037887,-0.0631484735,0.193195939,0,nan,0,nan,nan,0,0,0,nan,0,nan,nan,0,0,0,nan,0,nan,nan,0,0
L4-001-I002-s0.400000-t1001-N128-ref,I002,0.4,1001,0,DIED,1.80902395e-07,0.436657295,1.3740971,0.642857143,-0.0956586373,-0.0651521832,0.190133181,0,nan,0,nan,nan,0,0,0,nan,0,nan,nan,0,0,0,nan,0,nan,nan,0,0
L4-001-I002-s0.400000-t1002-N128-ref,I002,0.4,1002,0,DIED,1.56075878e-07,0.456994617,1.36127178,0.658823529,-0.0739171429,-0.0494420484,0.198874844,0,nan,0,nan,nan,0,0,0,nan,0,nan,nan,0,0,0,nan,0,nan,nan,0,0
L4-001-I002-s0.400000-t1003-N128-ref,I002,0.4,1003,0,DIED,1.1258328e-07,0.444886588,1.36760164,0.650887574,-0.0919282906,-0.0624334462,0.194068887,0,nan,0,nan,nan,0,0,0,nan,0,nan,nan,0,0,0,nan,0,nan,nan,0,0
L4-001-I002-s0.400000-t1004-N128-ref,I002,0.4,1004,0,DIED,4.23705929e-07,0.443903778,1.37060874,0.639534884,-0.0854015308,-0.057189569,0.194039576,0,nan,0,nan,nan,0,0,0,nan,0,nan,nan,0,0,0,nan,0,nan,nan,0,0
L4-001-I002-s0.450000-t1000-N128-ref,I002,0.45,1000,0,DIED,4.65870371e-07,0.388597304,1.40374992,0.568862275,-0.18183721,-0.129075571,0.169797534,0,nan,0,nan,nan,0,0,0,nan,0,nan,nan,0,0,0,nan,0,nan,nan,0,0
L4-001-I002-s0.450000-t1001-N128-ref,I002,0.45,1001,0,DIED,4.60491453e-07,0.403153218,1.3982934,0.595238095,-0.143563666,-0.102238209,0.17554454,0,nan,0,nan,nan,0,0,0,nan,0,nan,nan,0,0,0,nan,0,nan,nan,0,0
L4-001-I002-s0.450000-t1002-N128-ref,I002,0.45,1002,0,DIED,1.4878963e-08,0.396240749,1.40162573,0.588235294,-0.160836191,-0.116136097,0.172435985,0,nan,0,nan,nan,0,0,0,nan,0,nan,nan,0,0,0,nan,0,nan,nan,0,0
L4-001-I002-s0.450000-t1003-N128-ref,I002,0.45,1003,0,DIED,1.58659735e-07,0.396397303,1.40093822,0.591715976,-0.169069337,-0.120825952,0.172916841,0,nan,0,nan,nan,0,0,0,nan,0,nan,nan,0,0,0,nan,0,nan,nan,0,0
L4-001-I002-s0.450000-t1004-N128-ref,I002,0.45,1004,0,DIED,7.43133837e-08,0.395954786,1.40035153,0.587209302,-0.169756154,-0.120338396,0.173080074,0,nan,0,nan,nan,0,0,0,nan,0,nan,nan,0,0,0,nan,0,nan,nan,0,0
L4-001-I002-s0.500000-t1000-N128-ref,I002,0.5,1000,0,DIED,3.73893877e-07,0.356866184,1.41789717,0.520958084,-0.260882217,-0.180367787,0.155932626,0,nan,0,nan,nan,0,0,0,nan,0,nan,nan,0,0,0,nan,0,nan,nan,0,0
L4-001-I002-s0.500000-t1001-N128-ref,I002,0.5,1001,0,DIED,3.86812543e-07,0.352373563,1.42092149,0.529761905,-0.247354957,-0.179328887,0.153433613,0,nan,0,nan,nan,0,0,0,nan,0,nan,nan,0,0,0,nan,0,nan,nan,0,0
L4-001-I002-s0.500000-t1002-N128-ref,I002,0.5,1002,0,DIED,1.94507379e-07,0.349492741,1.42127194,0.523529412,-0.266161866,-0.194817756,0.152092195,0,nan,0,nan,nan,0,0,0,nan,0,nan,nan,0,0,0,nan,0,nan,nan,0,0
L4-001-I002-s0.500000-t1003-N128-ref,I002,0.5,1003,0,DIED,3.30903102e-07,0.352927344,1.41909286,0.532544379,-0.282708811,-0.194872785,0.153954331,0,nan,0,nan,nan,0,0,0,nan,0,nan,nan,0,0,0,nan,0,nan,nan,0,0
L4-001-I002-s0.500000-t1004-N128-ref,I002,0.5,1004,0,DIED,1.14112672e-07,0.346547483,1.41879067,0.523255814,-0.264501118,-0.211507527,0.151483114,0,nan,0,nan,nan,0,0,0,nan,0,nan,nan,0,0,0,nan,0,nan,nan,0,0
L4-001-I002-s0.550000-t1000-N128-ref,I002,0.55,1000,0,DIED,1.84400969e-07,0.294630643,1.42174249,0.419161677,-0.0945666327,-0.106452609,0.128738816,0,nan,0,nan,nan,0,0,0,nan,0,nan,nan,0,0,0,nan,0,nan,nan,0,0
L4-001-I002-s0.550000-t1001-N128-ref,I002,0.55,1001,0,DIED,2.1654339e-07,0.299548867,1.42688799,0.452380952,-0.113862417,-0.11934488,0.130432217,0,nan,0,nan,nan,0,0,0,nan,0,nan,nan,0,0,0,nan,0,nan,nan,0,0
L4-001-I002-s0.550000-t1002-N128-ref,I002,0.55,1002,0,DIED,4.05025771e-07,0.304528343,1.42886526,0.447058824,-0.137353974,-0.135753828,0.132524595,0,nan,0,nan,nan,0,0,0,nan,0,nan,nan,0,0,0,nan,0,nan,nan,0,0
L4-001-I002-s0.550000-t1003-N128-ref,I002,0.55,1003,0,DIED,6.20283074e-08,0.295414315,1.4190171,0.443786982,-0.0698524954,-0.093965728,0.128865938,0,nan,0,nan,nan,0,0,0,nan,0,nan,nan,0,0,0,nan,0,nan,nan,0,0
L4-001-I002-s0.550000-t1004-N128-ref,I002,0.55,1004,0,DIED,3.55772187e-07,0.310699822,1.42615168,0.465116279,-0.148118577,-0.141977037,0.135813356,0,nan,0,nan,nan,0,0,0,nan,0,nan,nan,0,0,0,nan,0,nan,nan,0,0
L4-001-I002-s0.600000-t1000-N128-ref,I002,0.6,1000,0,DIED,3.93302977e-07,0.235416932,1.40009848,0.317365269,0.101736809,0.0406323064,0.102865393,0,nan,0,nan,nan,0,0,0,nan,0,nan,nan,0,0,0,nan,0,nan,nan,0,0
L4-001-I002-s0.600000-t1001-N128-ref,I002,0.6,1001,0,DIED,4.48415108e-07,0.234542459,1.41304532,0.351190476,0.0548900282,0.0121795154,0.102126552,0,nan,0,nan,nan,0,0,0,nan,0,nan,nan,0,0,0,nan,0,nan,nan,0,0
L4-001-I002-s0.600000-t1002-N128-ref,I002,0.6,1002,0,DIED,2.23202616e-07,0.233167458,1.41446734,0.323529412,0.121001668,0.0505491499,0.101469777,0,nan,0,nan,nan,0,0,0,nan,0,nan,nan,0,0,0,nan,0,nan,nan,0,0
L4-001-I002-s0.600000-t1003-N128-ref,I002,0.6,1003,0,DIED,7.81137989e-08,0.233402138,1.39580833,0.349112426,0.161403242,0.0776298984,0.101814922,0,nan,0,nan,nan,0,0,0,nan,0,nan,nan,0,0,0,nan,0,nan,nan,0,0
L4-001-I002-s0.600000-t1004-N128-ref,I002,0.6,1004,0,DIED,4.68243141e-07,0.233655161,1.38591656,0.343023256,0.141334755,0.0683210749,0.102135532,0,nan,0,nan,nan,0,0,0,nan,0,nan,nan,0,0,0,nan,0,nan,nan,0,0
L4-001-I002-s0.650000-t1000-N128-ref,I002,0.65,1000,0,DIED,2.06501714e-08,0.135215241,1.28748993,0.185628743,0.284759553,0.223721758,0.0590822793,0,nan,0,nan,nan,0,0,0,nan,0,nan,nan,0,0,0,nan,0,nan,nan,0,0
L4-001-I002-s0.650000-t1001-N128-ref,I002,0.65,1001,0,DIED,9.08811515e-09,0.131059093,1.26759901,0.166666667,0.413125104,0.318083909,0.0570669091,0,nan,0,nan,nan,0,0,0,nan,0,nan,nan,0,0,0,nan,0,nan,nan,0,0
L4-001-I002-s0.650000-t1002-N128-ref,I002,0.65,1002,0,DIED,4.48741413e-08,0.126285825,1.27360805,0.170588235,0.436309408,0.332241257,0.0549570449,0,nan,0,nan,nan,0,0,0,nan,0,nan,nan,0,0,0,nan,0,nan,nan,0,0
L4-001-I002-s0.650000-t1003-N128-ref,I002,0.65,1003,0,DIED,4.72713909e-08,0.128233952,1.26444051,0.183431953,0.459327786,0.364249603,0.0559383473,0,nan,0,nan,nan,0,0,0,nan,0,nan,nan,0,0,0,nan,0,nan,nan,0,0
L4-001-I002-s0.650000-t1004-N128-ref,I002,0.65,1004,0,DIED,4.60631142e-08,0.132508326,1.28629085,0.191860465,0.410892799,0.304225567,0.0579221461,0,nan,0,nan,nan,0,0,0,nan,0,nan,nan,0,0,0,nan,0,nan,nan,0,0
L4-001-I002-s0.700000-t1000-N128-ref,I002,0.7,1000,0,DIED,1.46725287e-08,0.0636928592,1.1739696,0.0898203593,0.609899003,0.498800646,0.0278305853,0,nan,0,nan,nan,0,0,0,nan,0,nan,nan,0,0,0,nan,0,nan,nan,0,0
L4-001-I002-s0.700000-t1001-N128-ref,I002,0.7,1001,0,DIED,2.01141115e-08,0.0550375118,1.10156743,0.0952380952,0.617411502,0.512959393,0.0239649201,0,nan,0,nan,nan,0,0,0,nan,0,nan,nan,0,0,0,nan,0,nan,nan,0,0
L4-001-I002-s0.700000-t1002-N128-ref,I002,0.7,1002,0,DIED,4.77631635e-08,0.0499309718,1.08255063,0.0764705882,0.630750821,0.514505334,0.0217289522,0,nan,0,nan,nan,0,0,0,nan,0,nan,nan,0,0,0,nan,0,nan,nan,0,0
L4-001-I002-s0.700000-t1003-N128-ref,I002,0.7,1003,0,DIED,1.58132628e-08,0.0715163034,1.21944002,0.100591716,0.619982547,0.526097406,0.0311969158,0,nan,0,nan,nan,0,0,0,nan,0,nan,nan,0,0,0,nan,0,nan,nan,0,0
L4-001-I002-s0.700000-t1004-N128-ref,I002,0.7,1004,0,DIED,4.54170756e-08,0.0574183484,1.17105078,0.0813953488,0.624651679,0.519509295,0.0250987546,0,nan,0,nan,nan,0,0,0,nan,0,nan,nan,0,0,0,nan,0,nan,nan,0,0
L4-001-I002-s0.750000-t1000-N128-ref,I002,0.75,1000,0,DIED,2.87854175e-08,0.026217817,1.19116192,0.0419161677,0.630911535,0.553189191,0.0114558712,0,nan,0,nan,nan,0,0,0,nan,0,nan,nan,0,0,0,nan,0,nan,nan,0,0
L4-001-I002-s0.750000-t1001-N128-ref,I002,0.75,1001,0,DIED,2.10273437e-08,0.0233574812,1.04262366,0.0357142857,0.623750863,0.635191925,0.010170521,0,nan,0,nan,nan,0,0,0,nan,0,nan,nan,0,0,0,nan,0,nan,nan,0,0
L4-001-I002-s0.750000-t1002-N128-ref,I002,0.75,1002,0,DIED,1.86483215e-08,0.0242729107,1.21437721,0.0352941176,0.644212931,0.553456242,0.0105630814,0,nan,0,nan,nan,0,0,0,nan,0,nan,nan,0,0,0,nan,0,nan,nan,0,0
L4-001-I002-s0.750000-t1003-N128-ref,I002,0.75,1003,0,DIED,1.02493812e-09,0.0177789202,1.15557211,0.0295857988,0.657439908,0.531026659,0.00775553898,0,nan,0,nan,nan,0,0,0,nan,0,nan,nan,0,0,0,nan,0,nan,nan,0,0
L4-001-I002-s0.750000-t1004-N128-ref,I002,0.75,1004,0,DIED,3.00022383e-09,0.0222058592,1.16355796,0.0348837209,0.644775787,0.534045634,0.009706643,0,nan,0,nan,nan,0,0,0,nan,0,nan,nan,0,0,0,nan,0,nan,nan,0,0
L4-001-I002-s0.800000-t1000-N128-ref,I002,0.8,1000,0,DIED,3.25406527e-09,0.00948523783,1.19801788,0.0179640719,0.6683851,0.682120218,0.00414457325,0,nan,0,nan,nan,0,0,0,nan,0,nan,nan,0,0,0,nan,0,nan,nan,0,0
L4-001-I002-s0.800000-t1001-N128-ref,I002,0.8,1001,0,DIED,2.02282862e-09,0.00703501392,1.0037988,0.0119047619,0.646545077,0.644248899,0.00306324798,0,nan,0,nan,nan,0,0,0,nan,0,nan,nan,0,0,0,nan,0,nan,nan,0,0
L4-001-I002-s0.800000-t1002-N128-ref,I002,0.8,1002,0,DIED,1.54812282e-09,0.00830426442,1.00450357,0.0117647059,0.665230749,0.706870022,0.00361384845,0,nan,0,nan,nan,0,0,0,nan,0,nan,nan,0,0,0,nan,0,nan,nan,0,0
L4-001-I002-s0.800000-t1003-N128-ref,I002,0.8,1003,0,DIED,3.5311234e-11,0.0125720898,1.352073,0.0177514793,0.689273287,0.705718494,0.00548421004,0,nan,0,nan,nan,0,0,0,nan,0,nan,nan,0,0,0,nan,0,nan,nan,0,0
L4-001-I002-s0.800000-t1004-N128-ref,I002,0.8,1004,0,DIED,4.15509133e-09,0.00824212466,1.30342371,0.011627907,0.692611252,0.726010437,0.00360280416,0,nan,0,nan,nan,0,0,0,nan,0,nan,nan,0,0,0,nan,0,nan,nan,0,0
L4-001-I002-s0.850000-t1000-N128-ref,I002,0.85,1000,0,DIED,5.84519924e-11,0.00400187814,1.32612173,0.00598802395,0.688447308,0.741613598,0.00174862006,0,nan,0,nan,nan,0,0,0,nan,0,nan,nan,0,0,0,nan,0,nan,nan,0,0
L4-001-I002-s0.850000-t1001-N128-ref,I002,0.85,1001,0,DIED,3.9493252e-10,0.00138469147,0.604157181,0,0.697044473,0.781190931,0.000602934605,0,nan,0,nan,nan,0,0,0,nan,0,nan,nan,0,0,0,nan,0,nan,nan,0,0
L4-001-I002-s0.850000-t1002-N128-ref,I002,0.85,1002,0,DIED,3.6486899e-10,0.0010786176,0.169287956,0,0.704743607,0.783756437,0.000469392635,0,nan,0,nan,nan,0,0,0,nan,0,nan,nan,0,0,0,nan,0,nan,nan,0,0
L4-001-I002-s0.850000-t1003-N128-ref,I002,0.85,1003,0,DIED,3.74369541e-10,0.000395412786,0,0,-0.290623656,-0.214053474,0.000172487374,0,nan,0,nan,nan,0,0,0,nan,0,nan,nan,0,0,0,nan,0,nan,nan,0,0
L4-001-I002-s0.850000-t1004-N128-ref,I002,0.85,1004,0,DIED,1.57583298e-09,0.00287406036,0.0683621503,0.00581395349,0.70768464,0.785768376,0.00125631158,0,nan,0,nan,nan,0,0,0,nan,0,nan,nan,0,0,0,nan,0,nan,nan,0,0
L4-001-I002-s0.900000-t1000-N128-ref,I002,0.9,1000,0,DIED,0,0,nan,0,nan,nan,0,0,nan,0,nan,nan,0,0,0,nan,0,nan,nan,0,0,0,nan,0,nan,nan,0,0
L4-001-I002-s0.900000-t1001-N128-ref,I002,0.9,1001,0,DIED,2.99764012e-10,0.00102112138,0,0,-0.302955527,-0.218809069,0.0004446257,0,nan,0,nan,nan,0,0,0,nan,0,nan,nan,0,0,0,nan,0,nan,nan,0,0
L4-001-I002-s0.900000-t1002-N128-ref,I002,0.9,1002,0,DIED,0,0,nan,0,nan,nan,0,0,nan,0,nan,nan,0,0,0,nan,0,nan,nan,0,0,0,nan,0,nan,nan,0,0
L4-001-I002-s0.900000-t1003-N128-ref,I002,0.9,1003,0,DIED,0,0,nan,0,nan,nan,0,0,nan,0,nan,nan,0,0,0,nan,0,nan,nan,0,0,0,nan,0,nan,nan,0,0
L4-001-I002-s0.900000-t1004-N128-ref,I002,0.9,1004,0,DIED,0,0,nan,0,nan,nan,0,0,nan,0,nan,nan,0,0,0,nan,0,nan,nan,0,0,0,nan,0,nan,nan,0,0
L4-001-I002-s0.950000-t1000-N128-ref,I002,0.95,1000,0,DIED,0,0,nan,0,nan,nan,0,0,nan,0,nan,nan,0,0,0,nan,0,nan,nan,0,0,0,nan,0,nan,nan,0,0
L4-001-I002-s0.950000-t1001-N128-ref,I002,0.95,1001,0,DIED,0,0,nan,0,nan,nan,0,0,nan,0,nan,nan,0,0,0,nan,0,nan,nan,0,0,0,nan,0,nan,nan,0,0
L4-001-I002-s0.950000-t1002-N128-ref,I002,0.95,1002,0,DIED,0,0,nan,0,nan,nan,0,0,nan,0,nan,nan,0,0,0,nan,0,nan,nan,0,0,0,nan,0,nan,nan,0,0
L4-001-I002-s0.950000-t1003-N128-ref,I002,0.95,1003,0,DIED,0,0,nan,0,nan,nan,0,0,nan,0,nan,nan,0,0,0,nan,0,nan,nan,0,0,0,nan,0,nan,nan,0,0
L4-001-I002-s0.950000-t1004-N128-ref,I002,0.95,1004,0,DIED,0,0,nan,0,nan,nan,0,0,nan,0,nan,nan,0,0,0,nan,0,nan,nan,0,0,0,nan,0,nan,nan,0,0
L4-001-I002-s1.000000-t1000-N128-ref,I002,1,1000,0,DIED,0,0,nan,0,nan,nan,0,0,nan,0,nan,nan,0,0,0,nan,0,nan,nan,0,0,0,nan,0,nan,nan,0,0
L4-001-I002-s1.000000-t1001-N128-ref,I002,1,1001,0,DIED,0,0,nan,0,nan,nan,0,0,nan,0,nan,nan,0,0,0,nan,0,nan,nan,0,0,0,nan,0,nan,nan,0,0
L4-001-I002-s1.000000-t1002-N128-ref,I002,1,1002,0,DIED,0,0,nan,0,nan,nan,0,0,nan,0,nan,nan,0,0,0,nan,0,nan,nan,0,0,0,nan,0,nan,nan,0,0
L4-001-I002-s1.000000-t1003-N128-ref,I002,1,1003,0,DIED,0,0,nan,0,nan,nan,0,0,nan,0,nan,nan,0,0,0,nan,0,nan,nan,0,0,0,nan,0,nan,nan,0,0
L4-001-I002-s1.000000-t1004-N128-ref,I002,1,1004,0,DIED,0,0,nan,0,nan,nan,0,0,nan,0,nan,nan,0,0,0,nan,0,nan,nan,0,0,0,nan,0,nan,nan,0,0
L4-001-I003-s0.000000-t1000-N128-ref,I003,0,1000,1,RECOVERED,1.49043849e-07,1,1,1,0,0,0.436949851,1,1,1,0,0,0.99937046,0.436674774,1,1,1,0,0,0.997869853,0.436019084,1,1,1,0,0,0.998013277,0.436081753
L4-001-I003-s0.000000-t1001-N128-ref,I003,0,1001,1,RECOVERED,1.5651773e-07,1,1,1,0,0,0.435428843,1,1,1,0,0,0.999667375,0.435284009,1,1,1,0,0,1.00271331,0.436610295,1,1,1,0,0,0.998497168,0.434774467
L4-001-I003-s0.000000-t1002-N128-ref,I003,0,1002,1,RECOVERED,1.6131038e-07,1,1,1,0,0,0.435179839,1,1,1,0,0,0.99923813,0.434848288,1,1,1,0,0,1.00332335,0.436626094,1,1,1,0,0,0.996486388,0.433650785
L4-001-I003-s0.000000-t1003-N128-ref,I003,0,1003,1,RECOVERED,3.41676067e-08,1,1,1,0,0,0.436221034,1,1,1,0,0,0.999843949,0.436152961,1,1,1,0,0,0.99968315,0.436082818,1,1,1,0,0,0.994311708,0.433739682
L4-001-I003-s0.000000-t1004-N128-ref,I003,0,1004,1,RECOVERED,1.96575319e-07,1,1,1,0,0,0.437120803,1,1,1,0,0,0.997439354,0.436001492,1,1,1,0,0,0.993535497,0.434295034,1,1,1,0,0,0.999301624,0.436815529
L4-001-I003-s0.050000-t1000-N128-ref,I003,0.05,1000,1,RECOVERED,1.65903318e-07,1.04493265,1.09551509,1,0.184357797,0.062477671,0.456583166,1.00547049,1.00743946,0.994252874,0.00885804405,0.00699660834,0.961628971,0.4390636,0.997765706,0.999085999,1.00591716,0.00594377407,0.00110715833,0.952827264,0.435044889,0.999323859,0.995967356,0.988304094,-0.00570805961,-0.00474276329,0.954452404,0.4357869
L4-001-I003-s0.050000-t1001-N128-ref,I003,0.05,1001,1,RECOVERED,3.00168832e-08,1.04508917,1.0959462,1,0.184135963,0.0640714109,0.45506197,1.00337755,1.00201847,1,0.00196913147,0.00226934039,0.959768625,0.436754201,1.00119068,0.999286625,0.994117647,-0.000848439106,0.000234779291,0.960594789,0.437130157,0.998835698,1.00092042,1.01162791,0.00651616752,0.00380852717,0.954305758,0.434268258
L4-001-I003-s0.050000-t1002-N128-ref,I003,0.05,1002,1,RECOVERED,2.76023648e-07,1.04511339,1.09609508,1.01764706,0.187225248,0.0636312408,0.454812276,1.00058464,1.00220209,1.00584795,0.00865327245,0.00467452009,0.956663967,0.435102516,0.998758882,0.998970706,1.01183432,0.000189136262,-0.000400979848,0.958822381,0.436084189,0.999958171,0.999083832,1,-0.000608717788,-0.000208900539,0.953432151,0.433632646
L4-001-I003-s0.050000-t1003-N128-ref,I003,0.05,1003,1,RECOVERED,1.85344975e-07,1.04500879,1.09577264,1,0.188561523,0.0633011721,0.455854815,1.00047574,1.00217046,1,0.0104197654,0.00591295122,0.957235596,0.436360455,1.00023829,0.997182048,0.994047619,0.00220274597,0.00101099015,0.956854507,0.436186734,1.00389483,1.00245535,1,-0.00703405274,-0.00240844151,0.955192335,0.435429025
L4-001-I003-s0.050000-t1004-N128-ref,I003,0.05,1004,1,RECOVERED,5.99348522e-08,1.04491467,1.09529789,1.01162791,0.187342774,0.0638177769,0.45675394,1.00338694,1.00555477,1.00578035,0.00651279775,0.00436549436,0.957798425,0.437478205,1.00035672,1.00194988,1.00571429,0.00430365653,0.00332490559,0.951168495,0.434449958,0.998235479,1.00118903,1,0.0033032864,0.000482688272,0.954660093,0.436044759
L4-001-I003-s0.100000-t1000-N128-ref,I003,0.1,1000,1,RECOVERED,4.80850484e-07,1.0898653,1.16910026,1,0.278742745,0.115900752,0.476216481,1.00801768,1.00723418,0.959770115,0.0157196799,0.0117954449,0.924318892,0.44017589,0.99745702,0.998490791,0.99408284,0.0034983624,0.000435323771,0.913261748,0.434910296,0.998756797,0.996703588,1.01169591,0.00388556304,0.00079659935,0.914583246,0.435539615
L4-001-I003-s0.100000-t1001-N128-ref,I003,0.1,1001,1,RECOVERED,9.64839638e-08,1.09017835,1.16979742,1.00595238,0.278315419,0.116774531,0.474695096,1.00720579,1.00442368,1.01197605,0.00656982839,0.00414696199,0.923583536,0.438420576,0.999695367,0.9953104,1,-0.00231234255,-0.00117794295,0.919489778,0.436477289,1.00125594,0.99915933,0.965116279,-0.00675909605,-0.00263962884,0.917052907,0.435320518
L4-001-I003-s0.100000-t1002-N128-ref,I003,0.1,1002,1,RECOVERED,2.86642324e-07,1.09022678,1.17004731,1.02352941,0.282701488,0.11664568,0.474444713,1.00624598,1.00641357,1.00584795,0.013480001,0.00897505855,0.922266237,0.43756434,0.998654108,0.9969115,1,-0.00734311057,-0.00297368525,0.91905006,0.436038442,1.00041599,1.00250525,1.02994012,-0.00185526218,-0.00217382808,0.91439775,0.433831178
L4-001-I003-s0.100000-t1003-N128-ref,I003,0.1,1003,1,RECOVERED,4.04857556e-07,1.09001758,1.16952248,1,0.284728501,0.116776049,0.475488595,1.00150985,1.00495454,1,0.0277322186,0.0158127035,0.918658177,0.436811486,0.997836436,0.993067365,0.994047619,-0.00851402026,-0.00405825593,0.915141454,0.435139325,1.00173908,1.00672746,1.04761905,0.00474432403,0.00411425192,0.913784249,0.434493989
L4-001-I003-s0.100000-t1004-N128-ref,I003,0.1,1004,1,RECOVERED,7.67056148e-08,1.08982934,1.16872983,1.01744186,0.283124076,0.117422524,0.476387077,1.01107581,1.01175315,1.00578035,0.0167035962,0.0105249604,0.925362134,0.440830562,1.00035785,0.998899185,0.96,0.00129050329,0.00300819942,0.911969422,0.434450447,0.998836279,1.00777806,1.01796407,0.0035660374,0.00355906477,0.915866989,0.436307197
L4-001-I003-s0.150000-t1000-N128-ref,I003,0.15,1000,1,RECOVERED,2.04202349e-07,1.13479795,1.22712967,1.17365269,0.335620422,0.160206007,0.495849796,1.00713718,1.00816216,0.971264368,0.0171641526,0.0127264513,0.886944807,0.439791401,1.00195106,0.99673069,1.02366864,-0.00420540794,-0.00296607402,0.881052665,0.436869784,0.993193038,0.992369649,1,0.00775664273,0.00256660318,0.873476937,0.433113361
L4-001-I003-s0.150000-t1001-N128-ref,I003,0.15,1001,1,RECOVERED,2.22984811e-07,1.13526752,1.22799355,1.17261905,0.33501814,0.16107169,0.494328223,1.01107482,1.00365845,1.01197605,0.0151112648,0.00834767375,0.890308664,0.4401047,0.998054045,0.994421799,0.988235294,-0.00853964767,-0.00471191922,0.881520922,0.435760671,1.00159904,1.00063049,0.976744186,-0.00357127842,-0.00146156013,0.880932282,0.435469689
L4-001-I003-s0.150000-t1002-N128-ref,I003,0.15,1002,1,RECOVERED,1.50691704e-07,1.13534017,1.22831503,1.19411765,0.340103599,0.161178718,0.494077151,1.01006835,1.00447783,0.98245614,0.0178441892,0.0114894811,0.888983618,0.439226493,0.997751637,0.995653232,1,-0.0152751541,-0.00711416007,0.88173355,0.4356444,1.00061306,1.00384152,1.01197605,-0.00268167558,-0.000704103152,0.878236606,0.43391664
L4-001-I003-s0.150000-t1003-N128-ref,I003,0.15,1003,1,RECOVERED,3.75629863e-07,1.13502637,1.2276603,1.16568047,0.342563005,0.16196471,0.495122376,1.0032152,1.00702486,1,0.0255476795,0.0142262736,0.883731584,0.437555281,0.99527841,0.991129167,1.0297619,-0.00780955109,-0.0051398245,0.876599068,0.434023813,1.00660484,1.00784749,1.01785714,0.000833943083,0.00172395781,0.881811209,0.436604461
L4-001-I003-s0.150000-t1004-N128-ref,I003,0.15,1004,1,RECOVERED,2.13346082e-07,1.13474401,1.22664579,1.18023256,0.340809541,0.162240269,0.496020213,1.01293329,1.01261284,0.994219653,0.0212417177,0.0135900668,0.8903678,0.441640426,1.00192457,0.998653314,0.977142857,-0.00820037145,-0.00169033215,0.877244218,0.435130864,0.99567875,1.00329604,1.0239521,0.000296397222,-0.000669655815,0.876835113,0.43492794
L4-001-I003-s0.200000-t1000-N128-ref,I003,0.2,1000,1,RECOVERED,1.10744817e-07,1.1797306,1.27359462,1.2994012,0.373308785,0.19760143,0.515483111,1.00508378,1.00829138,1,0.0147112133,0.00735228883,0.85142408,0.438894733,0.999287088,0.995392037,1.01775148,-0.00673734966,-0.00313233572,0.845242514,0.43570824,0.999875405,0.996322335,0.970760234,0.000590880537,0.000977711998,0.845861698,0.436027419
L4-001-I003-s0.200000-t1001-N128-ref,I003,0.2,1001,1,RECOVERED,3.49485658e-07,1.18035669,1.27456123,1.29761905,0.372564319,0.198049092,0.513961349,1.00815555,1.00442131,1.01197605,0.0237662228,0.010689621,0.853826832,0.438833991,0.998340012,0.991738511,1.00588235,-0.00926740058,-0.00543196645,0.84809009,0.435885527,0.998970294,0.993591274,0.988372093,-0.00617001716,-0.00565075227,0.845057274,0.434326777
L4-001-I003-s0.200000-t1002-N128-ref,I003,0.2,1002,1,RECOVERED,4.11974268e-07,1.18045356,1.2749348,1.3,0.378082405,0.199122449,0.513709588,1.00877667,1.00350754,0.994152047,0.0223196199,0.0095632565,0.853915949,0.43866481,0.996262137,0.993739111,1.01183432,-0.015526214,-0.00850169758,0.846770346,0.434994045,1.00319545,1.00009122,1.01796407,-0.0182430274,-0.0102697388,0.846852982,0.435036496
L4-001-I003-s0.200000-t1003-N128-ref,I003,0.2,1003,1,RECOVERED,1.56117281e-07,1.18003516,1.27419708,1.28402367,0.38083964,0.199512483,0.514756156,1.01134002,1.01298503,0.994117647,0.0240918722,0.0130330959,0.856908538,0.441098945,0.992702868,0.987960253,0.994047619,-0.0117122925,-0.00587982338,0.840982004,0.432900664,1.00582938,1.00844318,1.01785714,-0.00983398034,-0.00392927533,0.847523843,0.436268115
L4-001-I003-s0.200000-t1004-N128-ref,I003,0.2,1004,1,RECOVERED,3.49986549e-07,1.17965868,1.27302411,1.29069767,0.379023836,0.19988916,0.51565335,1.00917389,1.0140238,0.965317919,0.0238796926,0.0127095032,0.853288982,0.440001322,1.00182041,0.994127433,0.954285714,-0.0242443482,-0.0100813055,0.843756045,0.435085631,0.988987592,0.997935359,0.988023952,0.00952222165,0.0046472385,0.837782084,0.432005138
L4-001-I003-s0.250000-t1000-N128-ref,I003,0.25,1000,1,RECOVERED,4.25691984e-07,1.22466325,1.31118251,1.38323353,0.399870063,0.228811605,0.535116426,0.999885521,1.00839974,0.982758621,-0.000955034411,-0.00715406412,0.815943526,0.436624783,1.00075226,0.994661892,1.00591716,-0.0181615418,-0.00872929203,0.815424573,0.436347083,0.993329796,0.996019722,1.02339181,0.00759812993,0.00356231682,0.809492996,0.433172998
L4-001-I003-s0.250000-t1001-N128-ref,I003,0.25,1001,1,RECOVERED,4.75986505e-07,1.22544587,1.31220885,1.36309524,0.399009884,0.229753062,0.533594476,1.0066091,1.01118023,1.0239521,0.0180999973,0.00501606186,0.821149517,0.438160846,0.992817713,0.987970761,0.994117647,-0.00568948782,-0.00308048193,0.812366795,0.433474434,1.0009483,0.998850375,0.988372093,-0.0180404532,-0.0115371359,0.815575844,0.435186765
L4-001-I003-s0.250000-t1002-N128-ref,I003,0.25,1002,1,RECOVERED,2.53597601e-08,1.22556694,1.31262093,1.40588235,0.40482008,0.230862688,0.533342025,1.01245124,1.01618175,1,0.00486986638,-0.00280840233,0.825479088,0.440262689,0.990698028,0.991273146,1.00591716,-0.0199741447,-0.0112091807,0.811045426,0.43256461,0.998627069,0.993780487,1,-0.00641197403,-0.00394171652,0.811965666,0.433055413
L4-001-I003-s0.250000-t1003-N128-ref,I003,0.25,1003,1,RECOVERED,6.33953005e-08,1.22504395,1.31183193,1.37869822,0.407795688,0.231664993,0.534389937,1.00775614,1.01786839,1.01176471,0.011561406,0.0023098149,0.822500188,0.439535823,0.996590085,0.991424197,0.982142857,-0.0249832571,-0.0118912837,0.813255982,0.434595812,0.996872176,0.999865747,1.01785714,-0.0143223167,-0.00800734544,0.809115199,0.43238302
L4-001-I003-s0.250000-t1004-N128-ref,I003,0.25,1004,1,RECOVERED,4.86627016e-07,1.22457335,1.31054438,1.39534884,0.405954654,0.231442248,0.535286487,1.01341478,1.02242371,1,0.0176899009,0.00642707478,0.825446495,0.441850354,0.997872051,0.991015815,0.948571429,-0.0432786347,-0.0200088614,0.809605487,0.433370877,0.98963381,1.00025401,1.0239521,-0.00981385459,-0.00690054614,0.807581411,0.432287416
L4-001-I003-s0.300000-t1000-N128-ref,I003,0.3,1000,1,RECOVERED,2.5936085e-07,1.2695959,1.34179522,1.45508982,0.419406714,0.255434544,0.554749741,0.994869036,1.02376161,1.00574713,-0.154315374,-0.100537627,0.783117466,0.434434211,0.979083081,0.985378297,0.970414201,-0.122857642,-0.0685384909,0.769534218,0.426898908,0.993213717,0.996804895,1.03508772,-0.00227616982,-0.00498502975,0.780752737,0.433122379
L4-001-I003-s0.300000-t1001-N128-ref,I003,0.3,1001,1,RECOVERED,3.97512648e-07,1.27053504,1.34285163,1.44047619,0.418451072,0.256629086,0.553227602,1.00773412,1.02507561,1.05389222,-0.0763790255,-0.0508560349,0.792893462,0.438650549,0.975568149,0.975639295,0.970588235,-0.0758542151,-0.0461951704,0.769923798,0.425943097,0.995957705,0.998084075,0.976744186,-0.00380907643,-0.00603079652,0.782710368,0.43301698
L4-001-I003-s0.300000-t1002-N128-ref,I003,0.3,1002,1,RECOVERED,4.62693788e-07,1.27068033,1.34329243,1.45294118,0.424470865,0.257818516,0.552974463,1.00366052,1.01736948,1.01754386,-0.123683408,-0.0823718179,0.78925898,0.436440061,0.973414051,0.984433474,0.976331361,-0.115495978,-0.0638575275,0.76860326,0.425017975,0.99989842,0.999358525,1.05988024,-0.0214115138,-0.0184714429,0.78413519,0.433606735
L4-001-I003-s0.300000-t1003-N128-ref,I003,0.3,1003,1,RECOVERED,2.82907882e-07,1.27005273,1.34247419,1.44970414,0.427613928,0.258337121,0.554023717,1.0023325,1.02476237,1.00588235,-0.0970795092,-0.0653947765,0.789082262,0.437170288,0.980276134,0.986776098,0.970238095,-0.0856692398,-0.0490846004,0.771594365,0.427481578,0.999965829,1.00200386,0.988095238,-0.0206937515,-0.0143589782,0.782863345,0.43372486
L4-001-I003-s0.300000-t1004-N128-ref,I003,0.3,1004,1,RECOVERED,3.76732518e-07,1.26948802,1.34110349,1.44767442,0.42576519,0.258579533,0.554919623,0.998438864,1.02693185,0.98265896,-0.160044822,-0.105362193,0.784475473,0.435320834,0.982065432,0.982397954,0.96,-0.134306682,-0.0709070575,0.768590842,0.426506141,0.996609037,1.00426466,1.03592814,-0.0167431493,-0.0113815658,0.784499746,0.435334304
L4-001-I003-s0.350000-t1000-N128-ref,I003,0.35,1000,0,DIED,5.55863169e-08,1.31452855,1.36682853,1.50898204,0.434226577,0.278294326,0.574383056,0.754723448,1.16044924,0.971264368,-0.233602459,-0.148140351,0.573778574,0.329568691,0.000668483697,0,0,-0.295696501,-0.21846486,0.000507451684,0.000291471649,0,nan,0,nan,nan,0,0
L4-001-I003-s0.350000-t1001-N128-ref,I003,0.35,1001,0,DIED,2.71011801e-07,1.31562421,1.36789422,1.49404762,0.433190909,0.27916877,0.572860729,0.683622879,1.15686323,0.790419162,-0.156158251,-0.121546383,0.519445813,0.297570107,0,nan,0,nan,nan,0,0,0,nan,0,nan,nan,0,0
L4-001-I003-s0.350000-t1002-N128-ref,I003,0.35,1002,0,DIED,9.99721838e-08,1.31579372,1.36835647,1.50588235,0.439367952,0.280600133,0.5726069,0.702443764,1.15527756,0.842105263,-0.210656824,-0.130062432,0.533448808,0.305456468,0,nan,0,nan,nan,0,0,0,nan,0,nan,nan,0,0
L4-001-I003-s0.350000-t1003-N128-ref,I003,0.35,1003,0,DIED,4.97579537e-07,1.31506152,1.36752462,1.49704142,0.442643863,0.281250812,0.573657498,0.803251561,1.15129541,0.982352941,-0.134740626,-0.120241555,0.610713795,0.350340547,0,nan,0,nan,nan,0,0,0,nan,0,nan,nan,0,0
L4-001-I003-s0.350000-t1004-N128-ref,I003,0.35,1004,0,DIED,2.40092051e-07,1.31440269,1.36609382,1.49418605,0.440796219,0.281463872,0.57455276,0.710313016,1.16255485,0.895953757,-0.226255877,-0.140080343,0.539023665,0.309697535,0,nan,0,nan,nan,0,0,0,nan,0,nan,nan,0,0
L4-001-I003-s0.400000-t1000-N128-ref,I003,0.4,1000,0,DIED,3.70533483e-07,1.3594612,1.38733555,1.56287425,0.445727434,0.297660846,0.594016371,0.0637913391,0.614655338,0.0804597701,0.607855,0.638837804,0.0468944459,0.0278560686,0,nan,0,nan,nan,0,0,0,nan,0,nan,nan,0,0
L4-001-I003-s0.400000-t1001-N128-ref,I003,0.4,1001,0,DIED,1.44510954e-07,1.36071338,1.38839581,1.53571429,0.444623636,0.298632911,0.592493855,0.0574633092,0.625650892,0.0838323353,0.587796903,0.631590915,0.0422162345,0.0250128596,0,nan,0,nan,nan,0,0,0,nan,0,nan,nan,0,0
L4-001-I003-s0.400000-t1002-N128-ref,I003,0.4,1002,0,DIED,3.37361844e-07,1.36090711,1.38887403,1.57058824,0.450922743,0.299680714,0.592239337,0.0868260713,0.708040706,0.0994152047,0.431078387,0.473513545,0.0637515378,0.0377561685,0,nan,0,nan,nan,0,0,0,nan,0,nan,nan,0,0
L4-001-I003-s0.400000-t1003-N128-ref,I003,0.4,1003,0,DIED,2.78066955e-07,1.36007031,1.38803976,1.53846154,0.454306899,0.300798719,0.593291278,0.0981005894,0.709084365,0.111764706,0.386389855,0.416611411,0.0721178014,0.0427868626,0,nan,0,nan,nan,0,0,0,nan,0,nan,nan,0,0
L4-001-I003-s0.400000-t1004-N128-ref,I003,0.4,1004,0,DIED,1.03451584e-07,1.35931736,1.38656607,1.55232558,0.452464914,0.300855253,0.594185897,0.102593837,0.721028229,0.138728324,0.356568672,0.296883926,0.0752812651,0.044731066,0,nan,0,nan,nan,0,0,0,nan,0,nan,nan,0,0
L4-001-I003-s0.450000-t1000-N128-ref,I003,0.45,1000,0,DIED,3.1451935e-07,1.40439385,1.40412838,1.5988024,0.454805322,0.31397677,0.613649685,0.090175081,0.529306096,0.109195402,0.562256583,0.574563895,0.0641688312,0.0393771831,0,nan,0,nan,nan,0,0,0,nan,0,nan,nan,0,0
L4-001-I003-s0.450000-t1001-N128-ref,I003,0.45,1001,0,DIED,1.80101071e-08,1.40580256,1.40517276,1.5952381,0.4536427,0.315023059,0.612126982,0.0605383526,0.559646926,0.0898203593,0.645334229,0.669259798,0.0430488732,0.0263513768,0,nan,0,nan,nan,0,0,0,nan,0,nan,nan,0,0
L4-001-I003-s0.450000-t1002-N128-ref,I003,0.45,1002,0,DIED,2.25304128e-07,1.4060205,1.40566278,1.59411765,0.460039135,0.316225025,0.611871775,0.0693270941,0.535709172,0.0935672515,0.634493117,0.635460239,0.0492697481,0.0301467682,0,nan,0,nan,nan,0,0,0,nan,0,nan,nan,0,0
L4-001-I003-s0.450000-t1003-N128-ref,I003,0.45,1003,0,DIED,5.8554374e-08,1.4050791,1.40483413,1.5739645,0.463513414,0.317330606,0.612925059,0.0787175834,0.554144987,0.117647059,0.55016628,0.577505265,0.0560148531,0.0343329071,0,nan,0,nan,nan,0,0,0,nan,0,nan,nan,0,0
L4-001-I003-s0.450000-t1004-N128-ref,I003,0.45,1004,0,DIED,3.31888834e-08,1.40423203,1.4033306,1.5872093,0.461679466,0.317600639,0.613819033,0.0801792122,0.57228326,0.104046243,0.568475458,0.584300974,0.0569520563,0.0349582561,0,nan,0,nan,nan,0,0,0,nan,0,nan,nan,0,0
L4-001-I003-s0.500000-t1000-N128-ref,I003,0.5,1000,0,DIED,4.27816449e-10,1.44932651,1.41784444,1.63473054,0.462061119,0.328114581,0.633283,0.914301045,0.944711395,1.12643678,-0.182646457,-0.206037404,0.630448317,0.399252202,0.157588006,0.771137214,0.24260355,0.30269909,0.243261848,0.108500273,0.0687113782,0,nan,0,nan,nan,0,0
L4-001-I003-s0.500000-t1001-N128-ref,I003,0.5,1001,0,DIED,1.0849074e-07,1.45089173,1.4188656,1.61904762,0.460847063,0.328723598,0.631760108,0.0987693492,0.568713776,0.143712575,0.542014062,0.557307496,0.0680522839,0.0429927183,0,nan,0,nan,nan,0,0,0,nan,0,nan,nan,0,0
L4-001-I003-s0.500000-t1002-N128-ref,I003,0.5,1002,0,DIED,2.120299e-07,1.45113389,1.41936417,1.62352941,0.4673228,0.330297171,0.631504212,0.102523464,0.565228963,0.14619883,0.534842946,0.556513315,0.0705967622,0.0445821527,0,nan,0,nan,nan,0,0,0,nan,0,nan,nan,0,0
L4-001-I003-s0.500000-t1003-N128-ref,I003,0.5,1003,0,DIED,1.60958207e-07,1.45008789,1.41854694,1.60946746,0.470873466,0.331367703,0.632558839,0.0973672842,0.548975443,0.135294118,0.562435305,0.572484085,0.067135303,0.0424670293,0,nan,0,nan,nan,0,0,0,nan,0,nan,nan,0,0
L4-001-I003-s0.500000-t1004-N128-ref,I003,0.5,1004,0,DIED,1.6982935e-07,1.4491467,1.41702352,1.61627907,0.469048753,0.331883257,0.63345217,0.906467903,0.975457535,0.913294798,-0.178641722,-0.176088673,0.623916653,0.395221358,0.202557993,0.786034168,0.222857143,0.226635464,0.224431503,0.138873833,0.0879699307,0,nan,0,nan,nan,0,0
L4-001-I003-s0.550000-t1000-N128-ref,I003,0.55,1000,0,DIED,3.15374983e-07,1.49425916,1.42899146,1.66467066,0.46791282,0.34007812,0.652916315,0.906197469,0.955059136,0.988505747,-0.19604362,-0.19426862,0.606070893,0.395713575,0.162472365,0.761340302,0.201183432,0.334851139,0.30319572,0.108499436,0.0708410517,0,nan,0,nan,nan,0,0
L4-001-I003-s0.550000-t1001-N128-ref,I003,0.55,1001,0,DIED,2.34991587e-07,1.4959809,1.42998429,1.66666667,0.466653289,0.34054728,0.651393235,0.32873351,0.691675245,0.443113772,-0.147036054,-0.0403047068,0.219671363,0.14309244,0,nan,0,nan,nan,0,0,0,nan,0,nan,nan,0,0
L4-001-I003-s0.550000-t1002-N128-ref,I003,0.55,1002,0,DIED,3.50636072e-07,1.49624728,1.43048886,1.65882353,0.473194799,0.342181618,0.651136649,0.158673368,0.668517728,0.198830409,0.374900898,0.400214938,0.105966762,0.0689988423,0,nan,0,nan,nan,0,0,0,nan,0,nan,nan,0,0
L4-001-I003-s0.550000-t1003-N128-ref,I003,0.55,1003,0,DIED,3.80470789e-07,1.49509668,1.4296872,1.62130178,0.47681119,0.343453951,0.65219262,0.223263898,0.656144936,0.247058824,0.115594702,0.149063066,0.14930744,0.0973772103,0,nan,0,nan,nan,0,0,0,nan,0,nan,nan,0,0
L4-001-I003-s0.550000-t1004-N128-ref,I003,0.55,1004,0,DIED,3.06469817e-07,1.49406137,1.42815156,1.63372093,0.474996253,0.343825139,0.653085306,0.899483722,0.905972807,1.08092486,-0.186602921,-0.201478894,0.600497731,0.392176245,0.215213998,0.788697873,0.337142857,-0.021427161,-0.00412937513,0.143115103,0.0934663707,0,nan,0,nan,nan,0,0
L4-001-I003-s0.600000-t1000-N128-ref,I003,0.6,1000,0,DIED,3.6967785e-07,1.53919181,1.43797888,1.68862275,0.472660191,0.350027656,0.67254963,0.90355168,0.966446761,0.971264368,-0.252658699,-0.156789108,0.586660385,0.394558225,0.17059816,0.745427031,0.224852071,0.271513377,0.266140045,0.110600096,0.0743840535,0,nan,0,nan,nan,0,0
L4-001-I003-s0.600000-t1001-N128-ref,I003,0.6,1001,0,DIED,3.61492434e-07,1.54107008,1.43893989,1.68452381,0.47136005,0.350602457,0.671026361,0.117864756,0.641716814,0.191616766,0.589886363,0.544083664,0.0764569714,0.0513046433,0,nan,0,nan,nan,0,0,0,nan,0,nan,nan,0,0
L4-001-I003-s0.600000-t1002-N128-ref,I003,0.6,1002,0,DIED,8.66979564e-08,1.54136067,1.43944848,1.68235294,0.477956934,0.352196042,0.670769087,0.260263151,0.684870148,0.315789474,0.148433571,0.144751273,0.168724212,0.113174986,0,nan,0,nan,nan,0,0,0,nan,0,nan,nan,0,0
L4-001-I003-s0.600000-t1003-N128-ref,I003,0.6,1003,0,DIED,4.0001663e-07,1.54010547,1.43866532,1.67455621,0.481630604,0.353773624,0.6718264,0.859083938,0.781740383,0.776470588,-0.0737752679,-0.165854508,0.557721464,0.374692003,0.423202022,0.835934476,0.56547619,-0.0968931544,-0.167394002,0.274700622,0.18455113,0,nan,0,nan,nan,0,0
L4-001-I003-s0.600000-t1004-N128-ref,I003,0.6,1004,0,DIED,4.43110284e-07,1.53897604,1.43712341,1.6744186,0.479825609,0.353845146,0.672718443,0.921032049,0.925840913,1.17919075,-0.215252501,-0.19947931,0.596938216,0.401571347,0.147788242,0.800682784,0.194285714,0.208070002,0.229019834,0.0954094546,0.0641836997,0,nan,0,nan,nan,0,0
L4-001-I003-s0.650000-t1000-N128-ref,I003,0.65,1000,0,DIED,5.47306838e-08,1.58412446,1.4451404,1.73053892,0.4765238,0.358349049,0.692182945,0.826774858,0.775136276,0.770114943,-0.0968641014,-0.181482582,0.521584252,0.361031724,0.530825403,0.794019468,0.650887574,-0.198483243,-0.21149512,0.334376927,0.231450006,0,nan,0,nan,nan,0,0
L4-001-I003-s0.650000-t1001-N128-ref,I003,0.65,1001,0,DIED,4.87993281e-07,1.58615925,1.44606735,1.70833333,0.475187076,0.359004321,0.690659488,0,nan,0,nan,nan,0,0,0,nan,0,nan,nan,0,0,0,nan,0,nan,nan,0,0
L4-001-I003-s0.650000-t1002-N128-ref,I003,0.65,1002,0,DIED,4.75968016e-07,1.58647406,1.44657837,1.70588235,0.481831169,0.360663109,0.690401524,0,nan,0,nan,nan,0,0,0,nan,0,nan,nan,0,0,0,nan,0,nan,nan,0,0
L4-001-I003-s0.650000-t1003-N128-ref,I003,0.65,1003,0,DIED,1.80504049e-07,1.58511426,1.44581572,1.71005917,0.485555313,0.362353541,0.691460181,0.443992099,0.764436312,0.647058824,-0.220952284,-0.0949783878,0.280057296,0.193648469,0,nan,0,nan,nan,0,0,0,nan,0,nan,nan,0,0
L4-001-I003-s0.650000-t1004-N128-ref,I003,0.65,1004,0,DIED,4.20249249e-07,1.58389071,1.44427214,1.69767442,0.483760214,0.362403276,0.69235158,0.879900531,0.894514629,0.855491329,-0.254627637,-0.175837663,0.554108571,0.383637944,0.366994357,0.807446547,0.417142857,-0.164301815,-0.0493332798,0.23020649,0.159383827,0,nan,0,nan,nan,0,0
L4-001-I003-s0.700000-t1000-N128-ref,I003,0.7,1000,0,DIED,2.60216482e-07,1.62905711,1.4507505,1.75449102,0.479669552,0.365503061,0.71181626,0.309968315,0.734168349,0.367816092,0.207644365,0.155581478,0.190154891,0.135355344,0,nan,0,nan,nan,0,0,0,nan,0,nan,nan,0,0
L4-001-I003-s0.700000-t1001-N128-ref,I003,0.7,1001,0,DIED,3.85505872e-07,1.63124842,1.45164204,1.72619048,0.478299612,0.365995525,0.710292614,0,nan,0,nan,nan,0,0,0,nan,0,nan,nan,0,0,0,nan,0,nan,nan,0,0
L4-001-I003-s0.700000-t1002-N128-ref,I003,0.7,1002,0,DIED,3.86339878e-08,1.63158745,1.45215424,1.73529412,0.484984392,0.367897821,0.710033961,0,nan,0,nan,nan,0,0,0,nan,0,nan,nan,0,0,0,nan,0,nan,nan,0,0
L4-001-I003-s0.700000-t1003-N128-ref,I003,0.7,1003,0,DIED,3.9008533e-08,1.63012305,1.45141342,1.71597633,0.488753445,0.369426613,0.711093961,0,nan,0,nan,nan,0,0,0,nan,0,nan,nan,0,0,0,nan,0,nan,nan,0,0
L4-001-I003-s0.700000-t1004-N128-ref,I003,0.7,1004,0,DIED,2.83608782e-07,1.62880538,1.44987177,1.72674419,0.486968076,0.369460325,0.711984716,0.714071888,0.787414147,0.786127168,-0.159271311,-0.204160172,0.437279623,0.311336408,0.638803852,0.875215751,0.645714286,-0.126528366,-0.166211302,0.389656315,0.277429341,0,nan,0,nan,nan,0,0
L4-001-I003-s0.750000-t1000-N128-ref,I003,0.75,1000,0,DIED,4.24836351e-07,1.67398976,1.45503679,1.77245509,0.482224627,0.371372645,0.731449575,0.460994877,0.772691723,0.574712644,0.09760952,0.0554961245,0.275213549,0.201304834,0,nan,0,nan,nan,0,0,0,nan,0,nan,nan,0,0
L4-001-I003-s0.750000-t1001-N128-ref,I003,0.75,1001,0,DIED,2.59005025e-07,1.6763376,1.45589225,1.73214286,0.480824315,0.371774397,0.729925741,1.36603442e-05,0,0,-0.294069344,-0.215521575,8.14621137e-06,5.94612937e-06,0,nan,0,nan,nan,0,0,0,nan,0,nan,nan,0,0
L4-001-I003-s0.750000-t1002-N128-ref,I003,0.75,1002,0,DIED,3.9870004e-07,1.67670083,1.45640463,1.75882353,0.487544491,0.373845768,0.729666399,1.87394211e-07,0,0,-0.289752981,-0.213331701,1.11678504e-07,8.14880518e-08,0,nan,0,nan,nan,0,0,0,nan,0,nan,nan,0,0
L4-001-I003-s0.750000-t1003-N128-ref,I003,0.75,1003,0,DIED,2.58521114e-07,1.67513184,1.45568645,1.73372781,0.491353845,0.375340001,0.730727741,2.51779501e-07,0,0,-0.289153479,-0.213630584,1.50280835e-07,1.09814375e-07,0,nan,0,nan,nan,0,0,0,nan,0,nan,nan,0,0
L4-001-I003-s0.750000-t1004-N128-ref,I003,0.75,1004,0,DIED,1.46968315e-07,1.67372005,1.45414952,1.75,0.489577972,0.375247505,0.731617853,0.00869945559,0.155949209,0.0231213873,0.583189262,0.383949032,0.00518436722,0.00379297562,0,nan,0,nan,nan,0,0,0,nan,0,nan,nan,0,0
L4-001-I003-s0.800000-t1000-N128-ref,I003,0.8,1000,0,DIED,1.09889184e-07,1.71892241,1.45818933,1.78443114,0.484288152,0.376132431,0.75108289,0.0175528909,0.236664284,0.0287356322,0.627762742,0.559669028,0.0102051382,0.00766490468,0,nan,0,nan,nan,0,0,0,nan,0,nan,nan,0,0
L4-001-I003-s0.800000-t1001-N128-ref,I003,0.8,1001,0,DIED,1.32504178e-07,1.72142677,1.45900854,1.76785714,0.482859895,0.376542188,0.749558867,0.00054825612,0.0661772803,0,0.705930656,0.784478425,0.000318383428,0.000238647122,0,nan,0,nan,nan,0,0,0,nan,0,nan,nan,0,0
L4-001-I003-s0.800000-t1002-N128-ref,I003,0.8,1002,0,DIED,1.63965932e-07,1.72181422,1.45952031,1.77647059,0.489611119,0.378630518,0.749298836,0.00242517308,0.136589523,0.00584795322,0.625224148,0.653714784,0.0014074256,0.00105458236,0,nan,0,nan,nan,0,0,0,nan,0,nan,nan,0,0
L4-001-I003-s0.800000-t1003-N128-ref,I003,0.8,1003,0,DIED,4.78033696e-07,1.72014062,1.45882519,1.75739645,0.49345691,0.380164688,0.750361522,0.00271128518,0.195557941,0.00588235294,0.680726587,0.708827523,0.00157595376,0.00118253506,0,nan,0,nan,nan,0,0,0,nan,0,nan,nan,0,0
L4-001-I003-s0.800000-t1004-N128-ref,I003,0.8,1004,0,DIED,1.03278481e-08,1.71863472,1.45729512,1.76162791,0.491690269,0.379976297,0.75125099,0.00529189541,0.169269494,0.0173410405,0.583065169,0.494897338,0.00307124293,0.00230727429,0,nan,0,nan,nan,0,0,0,nan,0,nan,nan,0,0
L4-001-I003-s0.850000-t1000-N128-ref,I003,0.85,1000,0,DIED,2.05057982e-07,1.76385506,1.46036786,1.80239521,0.485938531,0.379938633,0.770716205,0.686187152,0.847404042,0.793103448,-0.0399303799,-0.0375320712,0.388782041,0.299640619,0.840576167,0.937880771,0.852071006,-0.16613442,-0.180383768,0.475541124,0.36650725,0,nan,0,nan,nan,0,0
L4-001-I003-s0.850000-t1001-N128-ref,I003,0.85,1001,0,DIED,6.00333083e-09,1.76651594,1.46115105,1.78571429,0.484484416,0.380457972,0.769191994,0.711480477,0.867769721,0.80239521,-0.0119205337,-0.0239149782,0.402625192,0.309696074,0.673231931,0.894451571,0.682352941,-0.0820904862,-0.1773219,0.382141252,0.293939992,0,nan,0,nan,nan,0,0
L4-001-I003-s0.850000-t1002-N128-ref,I003,0.85,1002,0,DIED,2.73368096e-07,1.76692761,1.46166157,1.80588235,0.491263071,0.382387918,0.768931273,0.621480684,0.865508444,0.760233918,-0.0727484621,-0.00936072647,0.351461595,0.270249812,0,nan,0,nan,nan,0,0,0,nan,0,nan,nan,0,0
L4-001-I003-s0.850000-t1003-N128-ref,I003,0.85,1003,0,DIED,3.02453723e-07,1.76514941,1.46098963,1.77514793,0.495142029,0.383992851,0.769995302,0.679862146,0.84379594,0.758823529,-0.0139735117,-0.0288704448,0.385098308,0.296523888,0.0137971789,0.507481534,0.0357142857,0.674569216,0.721154749,0.00781396018,0.00601671263,0,nan,0,nan,nan,0,0
L4-001-I003-s0.850000-t1004-N128-ref,I003,0.85,1004,0,DIED,1.26312619e-07,1.76354939,1.45946808,1.77906977,0.49338434,0.383824037,0.770884126,0.743731013,0.881358633,0.76300578,-0.0255855626,-0.021932354,0.420644063,0.324267831,0.714868459,0.898190014,0.605714286,-0.0489706077,-0.167510285,0.402737339,0.310463822,0,nan,0,nan,nan,0,0
L4-001-I003-s0.900000-t1000-N128-ref,I003,0.9,1000,0,DIED,4.79994851e-07,1.80878771,1.46170741,1.82634731,0.487238587,0.382929365,0.79034952,0.036299218,0.846853032,0.0689655172,0.0373799232,0.203121703,0.020055624,0.0158509528,0,nan,0,nan,nan,0,0,0,nan,0,nan,nan,0,0
L4-001-I003-s0.900000-t1001-N128-ref,I003,0.9,1001,0,DIED,1.20497516e-07,1.81160512,1.46245506,1.80952381,0.485760422,0.383515642,0.78882512,0.037644027,0.65421352,0.0538922156,-0.139436418,-0.180569791,0.020772466,0.016385843,0,nan,0,nan,nan,0,0,0,nan,0,nan,nan,0,0
L4-001-I003-s0.900000-t1002-N128-ref,I003,0.9,1002,0,DIED,2.89297876e-07,1.812041,1.46296382,1.81176471,0.492563469,0.385391631,0.788563711,0.0407659172,0.57032889,0.0467836257,0.397087241,0.253390344,0.0224800978,0.0177269893,0,nan,0,nan,nan,0,0,0,nan,0,nan,nan,0,0
L4-001-I003-s0.900000-t1003-N128-ref,I003,0.9,1003,0,DIED,8.29411416e-08,1.8101582,1.46231497,1.78698225,0.4964728,0.386951134,0.789629083,0.0388941136,0.768779435,0.0647058824,-0.13573399,-0.0175077414,0.0214832295,0.0169637828,0,nan,0,nan,nan,0,0,0,nan,0,nan,nan,0,0
L4-001-I003-s0.900000-t1004-N128-ref,I003,0.9,1004,0,DIED,2.62953086e-07,1.80846406,1.4608032,1.79651163,0.494723783,0.386881938,0.790517263,0.0456624572,0.758426205,0.063583815,0.169150992,-0.0659164991,0.0251846486,0.0199088994,0,nan,0,nan,nan,0,0,0,nan,0,nan,nan,0,0
L4-001-I003-s0.950000-t1000-N128-ref,I003,0.95,1000,0,DIED,1.65047685e-07,1.85372036,1.46232266,1.8502994,0.488239246,0.38521429,0.809982835,0.0597617025,0.921232408,0.114942529,-0.155148522,0.0683422298,0.032218495,0.0260964279,0,nan,0,nan,nan,0,0,0,nan,0,nan,nan,0,0
L4-001-I003-s0.950000-t1001-N128-ref,I003,0.95,1001,0,DIED,2.46998363e-07,1.85669429,1.46303548,1.85119048,0.486738609,0.385782148,0.808458247,0.0534016581,0.884949969,0.101796407,-0.239628303,-0.0289739467,0.0287521191,0.0232448878,0,nan,0,nan,nan,0,0,0,nan,0,nan,nan,0,0
L4-001-I003-s0.950000-t1002-N128-ref,I003,0.95,1002,0,DIED,1.48036152e-07,1.85715439,1.46354209,1.82941176,0.49356347,0.387661933,0.808196148,0.0965609371,0.744143806,0.157894737,0.0267883422,-0.0724871748,0.0519544151,0.0419893582,0,nan,0,nan,nan,0,0,0,nan,0,nan,nan,0,0
L4-001-I003-s0.950000-t1003-N128-ref,I003,0.95,1003,0,DIED,1.3657144e-07,1.85516699,1.46291605,1.80473373,0.497500769,0.389169247,0.809262863,0.0652834861,0.882050889,0.111764706,-0.159865557,0.0822274869,0.0351845946,0.0284735858,0,nan,0,nan,nan,0,0,0,nan,0,nan,nan,0,0
L4-001-I003-s0.950000-t1004-N128-ref,I003,0.95,1004,0,DIED,3.99593553e-07,1.85337873,1.461415,1.81395349,0.495760149,0.389225215,0.8101504,0.0778742545,0.894222256,0.138728324,0.0367847445,-0.0919090051,0.0419098616,0.0339532911,0,nan,0,nan,nan,0,0,0,nan,0,nan,nan,0,0
L4-001-I003-s1.000000-t1000-N128-ref,I003,1,1000,0,DIED,1.49899482e-07,1.89865301,1.46231153,1.85628743,0.488982224,0.386893037,0.82961615,0.131154211,0.965326313,0.149425287,-0.156773427,-0.0804702199,0.0690340168,0.0572717352,0,nan,0,nan,nan,0,0,0,nan,0,nan,nan,0,0
L4-001-I003-s1.000000-t1001-N128-ref,I003,1,1001,0,DIED,3.7349921e-07,1.90178346,1.46299036,1.85119048,0.487460503,0.387354524,0.828091373,1.01864805,1.01191053,1.07784431,-0.177502194,-0.0843582027,0.535449617,0.443401209,0.124945326,0.7680218,0.2,0.363624545,0.285467809,0.0658772899,0.0545524155,0,nan,0,nan,nan,0,0
L4-001-I003-s1.000000-t1002-N128-ref,I003,1,1002,0,DIED,4.14629819e-07,1.90226778,1.4634945,1.84117647,0.494304972,0.389234316,0.827828585,0.0793095526,0.975613744,0.157894737,-0.0319365639,-0.141083754,0.0416603435,0.0344876232,0,nan,0,nan,nan,0,0,0,nan,0,nan,nan,0,0
L4-001-I003-s1.000000-t1003-N128-ref,I003,1,1003,0,DIED,3.56084021e-07,1.90017578,1.46289089,1.82840237,0.49826815,0.390771261,0.828896644,0.130753416,0.917479956,0.152941176,-0.0911333742,-0.112031765,0.0688004831,0.0570284895,0,nan,0,nan,nan,0,0,0,nan,0,nan,nan,0,0
L4-001-I003-s1.000000-t1004-N128-ref,I003,1,1004,0,DIED,4.6376598e-07,1.8982934,1.46140124,1.83139535,0.496535663,0.390905375,0.829783536,0.143915673,0.972256299,0.167630058,-0.117821858,-0.0863929,0.0756190565,0.0627474481,0,nan,0,nan,nan,0,0,0,nan,0,nan,nan,0,0
L4-001-I004-s0.000000-t1000-N128-ref,I004,0,1000,1,RECOVERED,1.49043849e-07,1,1,1,0,0,0.436949851,1,1,1,0,0,0.99937046,0.436674774,1,1,1,0,0,0.997869853,0.436019084,1,1,1,0,0,0.998013277,0.436081753
L4-001-I004-s0.000000-t1001-N128-ref,I004,0,1001,1,RECOVERED,1.5651773e-07,1,1,1,0,0,0.435428843,1,1,1,0,0,0.999667375,0.435284009,1,1,1,0,0,1.00271331,0.436610295,1,1,1,0,0,0.998497168,0.434774467
L4-001-I004-s0.000000-t1002-N128-ref,I004,0,1002,1,RECOVERED,1.6131038e-07,1,1,1,0,0,0.435179839,1,1,1,0,0,0.99923813,0.434848288,1,1,1,0,0,1.00332335,0.436626094,1,1,1,0,0,0.996486388,0.433650785
L4-001-I004-s0.000000-t1003-N128-ref,I004,0,1003,1,RECOVERED,3.41676067e-08,1,1,1,0,0,0.436221034,1,1,1,0,0,0.999843949,0.436152961,1,1,1,0,0,0.99968315,0.436082818,1,1,1,0,0,0.994311708,0.433739682
L4-001-I004-s0.000000-t1004-N128-ref,I004,0,1004,1,RECOVERED,1.96575319e-07,1,1,1,0,0,0.437120803,1,1,1,0,0,0.997439354,0.436001492,1,1,1,0,0,0.993535497,0.434295034,1,1,1,0,0,0.999301624,0.436815529
L4-001-I004-s0.050000-t1000-N128-ref,I004,0.05,1000,1,RECOVERED,7.84359794e-08,0.945028178,0.95435713,0.952095808,0.187730441,0.0976839285,0.412929922,0.993434456,1.00692069,1,-0.075993781,-0.0530994477,1.05056026,0.433807766,1.00198588,0.999626582,1.01183432,-0.0366974583,-0.0194074894,1.05801237,0.436884965,0.994730023,0.99615438,0.994152047,0.00109228272,-0.000397668999,1.05050177,0.433783612
L4-001-I004-s0.050000-t1001-N128-ref,I004,0.05,1001,1,RECOVERED,3.34799657e-07,0.948719111,0.958112173,0.952380952,0.170245637,0.0905677202,0.413099665,1.00545092,1.00009666,1.04191617,-0.0220810775,-0.0175816597,1.05944581,0.437656709,0.994704748,0.994123723,0.982352941,-0.00658349942,-0.00540248617,1.05131611,0.434298333,1.00433551,1.00284206,0.970930233,0.00496575078,0.00464356543,1.05703169,0.436659438
L4-001-I004-s0.050000-t1002-N128-ref,I004,0.05,1002,1,RECOVERED,3.22830522e-07,0.949330921,0.958742222,0.952941176,0.171030397,0.0889639715,0.413129677,1.00270133,1.0033181,1.02339181,0.00721751439,0.00159553267,1.05541427,0.436022956,0.99939773,0.998569565,0.99408284,-0.0120108234,-0.00600482722,1.05623767,0.436363127,1.00813922,1.00808313,1.0239521,-0.0155109135,-0.00737077459,1.05821583,0.437180365
L4-001-I004-s0.050000-t1003-N128-ref,I004,0.05,1003,1,RECOVERED,6.93046812e-08,0.947045275,0.95397956,0.940828402,0.181172524,0.0901887748,0.413121069,1.0021889,0.999740955,0.994117647,-0.0318584168,-0.0266411153,1.05806188,0.437107656,0.994215305,0.99002253,0.976190476,-0.0260038457,-0.0145128667,1.04947495,0.433560212,1.00320583,1.00557799,1.01785714,-0.00507417892,-0.00310093361,1.0532752,0.435130176
L4-001-I004-s0.050000-t1004-N128-ref,I004,0.05,1004,1,RECOVERED,4.643008e-07,0.949029333,0.95944244,0.941860465,0.175719406,0.0931417986,0.414840464,0.999870362,1.00021288,0.976878613,-0.0474831204,-0.035186495,1.05087379,0.43594497,0.997595076,0.993522197,1.00571429,-0.0388330332,-0.0223776617,1.0443788,0.433250588,0.994354915,1.00668194,1.01796407,0.00513091013,0.00353094089,1.04702821,0.434349668
L4-001-I004-s0.100000-t1000-N128-ref,I004,0.1,1000,0,DIED,2.55499151e-07,0.897673394,0.916847424,0.850299401,0.28709808,0.152932858,0.392238255,0.574634759,1.14570716,0.712643678,-0.207512153,-0.152530237,0.639734905,0.250928503,0,nan,0,nan,nan,0,0,0,nan,0,nan,nan,0,0
L4-001-I004-s0.100000-t1001-N128-ref,I004,0.1,1001,0,DIED,4.17522723e-07,0.899785174,0.917511813,0.869047619,0.281711425,0.148791953,0.391792418,0.670603366,1.10861951,0.718562874,-0.0938721545,-0.114663365,0.745044846,0.291902922,0,nan,0,nan,nan,0,0,0,nan,0,nan,nan,0,0
L4-001-I004-s0.100000-t1002-N128-ref,I004,0.1,1002,0,DIED,5.52276081e-08,0.897456431,0.915703459,0.847058824,0.282910899,0.147547891,0.390554945,0.599689219,1.08408268,0.649122807,-0.0501855847,-0.0849343629,0.667700752,0.26077383,0,nan,0,nan,nan,0,0,0,nan,0,nan,nan,0,0
L4-001-I004-s0.100000-t1003-N128-ref,I004,0.1,1003,0,DIED,4.96466416e-07,0.899863768,0.91675058,0.852071006,0.286937891,0.149325076,0.392539504,0.817071735,1.06314548,0.888235294,0.158073286,0.00559619229,0.907853232,0.356368257,0.000370298505,0.350559434,0,0.705256189,0.783842246,0.000411374687,0.000161480815,0,nan,0,nan,nan,0,0
L4-001-I004-s0.100000-t1004-N128-ref,I004,0.1,1004,0,DIED,3.01537086e-07,0.897154048,0.915862329,0.854651163,0.288627186,0.151358346,0.392164698,0.741260026,1.12716041,0.971098266,-0.137588466,-0.138106507,0.82411925,0.323190477,0,nan,0,nan,nan,0,0,0,nan,0,nan,nan,0,0
L4-001-I004-s0.150000-t1000-N128-ref,I004,0.15,1000,0,DIED,2.79462201e-07,0.849364566,0.899388942,0.766467066,0.302485298,0.162872853,0.371129721,0.00452121147,0.469745471,0.00574712644,0.600354742,0.531914136,0.0053197006,0.001974299,0,nan,0,nan,nan,0,0,0,nan,0,nan,nan,0,0
L4-001-I004-s0.150000-t1001-N128-ref,I004,0.15,1001,0,DIED,3.35766019e-07,0.8495548,0.896420082,0.785714286,0.295181378,0.156907721,0.369920664,0.0116673153,0.537332889,0.0299401198,0.61638358,0.6027898,0.0137288783,0.00507859579,0,nan,0,nan,nan,0,0,0,nan,0,nan,nan,0,0
L4-001-I004-s0.150000-t1002-N128-ref,I004,0.15,1002,0,DIED,9.56766427e-09,0.849517734,0.89551425,0.776470588,0.293510627,0.152231636,0.36969299,0.0117956966,0.547928919,0.0233918129,0.640773779,0.661719433,0.0138745894,0.00512933846,0,nan,0,nan,nan,0,0,0,nan,0,nan,nan,0,0
L4-001-I004-s0.150000-t1003-N128-ref,I004,0.15,1003,0,DIED,4.9271358e-07,0.843211305,0.900556768,0.775147929,0.308061745,0.16607669,0.367826507,0.0110134596,0.481108443,0.0294117647,0.631154102,0.63959528,0.01305929,0.00480355303,0,nan,0,nan,nan,0,0,0,nan,0,nan,nan,0,0
L4-001-I004-s0.150000-t1004-N128-ref,I004,0.15,1004,0,DIED,2.68495004e-07,0.846928962,0.897065437,0.773255814,0.299815743,0.156630155,0.370210268,0.00583250585,0.473173206,0.0115606936,0.651451409,0.616315892,0.00686901868,0.00254298125,0,nan,0,nan,nan,0,0,0,nan,0,nan,nan,0,0
L4-001-I004-s0.200000-t1000-N128-ref,I004,0.2,1000,0,DIED,3.19086145e-07,0.79988969,0.897422623,0.724550898,0.321411516,0.183835776,0.349511681,0,nan,0,nan,nan,0,0,0,nan,0,nan,nan,0,0,0,nan,0,nan,nan,0,0
L4-001-I004-s0.200000-t1001-N128-ref,I004,0.2,1001,0,DIED,4.63540725e-07,0.79226599,0.898169401,0.744047619,0.320523844,0.185584509,0.344975464,0,nan,0,nan,nan,0,0,0,nan,0,nan,nan,0,0,0,nan,0,nan,nan,0,0
L4-001-I004-s0.200000-t1002-N128-ref,I004,0.2,1002,0,DIED,9.34968046e-08,0.790836054,0.898693498,0.729411765,0.32150396,0.183807314,0.344155907,0,nan,0,nan,nan,0,0,0,nan,0,nan,nan,0,0,0,nan,0,nan,nan,0,0
L4-001-I004-s0.200000-t1003-N128-ref,I004,0.2,1003,0,DIED,4.79670845e-07,0.794119156,0.894860021,0.727810651,0.323199486,0.179895845,0.34641148,0,nan,0,nan,nan,0,0,0,nan,0,nan,nan,0,0,0,nan,0,nan,nan,0,0
L4-001-I004-s0.200000-t1004-N128-ref,I004,0.2,1004,0,DIED,2.63856662e-07,0.786821998,0.899321018,0.720930233,0.326407236,0.188994937,0.343936264,0,nan,0,nan,nan,0,0,0,nan,0,nan,nan,0,0,0,nan,0,nan,nan,0,0
L4-001-I004-s0.250000-t1000-N128-ref,I004,0.25,1000,0,DIED,5.41244997e-08,0.74166876,0.895932764,0.676646707,0.341844553,0.204953994,0.324072054,0,nan,0,nan,nan,0,0,0,nan,0,nan,nan,0,0,0,nan,0,nan,nan,0,0
L4-001-I004-s0.250000-t1001-N128-ref,I004,0.25,1001,0,DIED,1.76396976e-08,0.742387619,0.899188115,0.702380952,0.338830953,0.206643064,0.323256982,0,nan,0,nan,nan,0,0,0,nan,0,nan,nan,0,0,0,nan,0,nan,nan,0,0
L4-001-I004-s0.250000-t1002-N128-ref,I004,0.25,1002,0,DIED,5.43772183e-08,0.740941829,0.898208267,0.688235294,0.338637351,0.201718767,0.322442946,0,nan,0,nan,nan,0,0,0,nan,0,nan,nan,0,0,0,nan,0,nan,nan,0,0
L4-001-I004-s0.250000-t1003-N128-ref,I004,0.25,1003,0,DIED,3.89977298e-07,0.749765794,0.893597601,0.686390533,0.337537593,0.194555793,0.32706361,0,nan,0,nan,nan,0,0,0,nan,0,nan,nan,0,0,0,nan,0,nan,nan,0,0
L4-001-I004-s0.250000-t1004-N128-ref,I004,0.25,1004,0,DIED,2.03661198e-07,0.737860567,0.899182103,0.680232558,0.343382028,0.20651037,0.322534204,0,nan,0,nan,nan,0,0,0,nan,0,nan,nan,0,0,0,nan,0,nan,nan,0,0
L4-001-I004-s0.300000-t1000-N128-ref,I004,0.3,1000,0,DIED,3.96643903e-07,0.694060434,0.894203863,0.640718563,0.353944136,0.216923756,0.303269603,0,nan,0,nan,nan,0,0,0,nan,0,nan,nan,0,0,0,nan,0,nan,nan,0,0
L4-001-I004-s0.300000-t1001-N128-ref,I004,0.3,1001,0,DIED,2.8237317e-07,0.689357829,0.898851112,0.660714286,0.354006124,0.22262147,0.300166282,0,nan,0,nan,nan,0,0,0,nan,0,nan,nan,0,0,0,nan,0,nan,nan,0,0
L4-001-I004-s0.300000-t1002-N128-ref,I004,0.3,1002,0,DIED,3.82734927e-09,0.688205145,0.897408919,0.647058824,0.353663,0.21629059,0.299493004,0,nan,0,nan,nan,0,0,0,nan,0,nan,nan,0,0,0,nan,0,nan,nan,0,0
L4-001-I004-s0.300000-t1003-N128-ref,I004,0.3,1003,0,DIED,2.67220992e-08,0.688481182,0.898701559,0.644970414,0.361163795,0.223265957,0.300329973,0,nan,0,nan,nan,0,0,0,nan,0,nan,nan,0,0,0,nan,0,nan,nan,0,0
L4-001-I004-s0.300000-t1004-N128-ref,I004,0.3,1004,0,DIED,1.5671613e-07,0.699078701,0.89327805,0.651162791,0.348393657,0.205601342,0.305581843,0,nan,0,nan,nan,0,0,0,nan,0,nan,nan,0,0,0,nan,0,nan,nan,0,0
L4-001-I004-s0.350000-t1000-N128-ref,I004,0.35,1000,0,DIED,3.32904819e-07,0.649663416,0.891616246,0.604790419,0.361812371,0.224428763,0.283870333,0,nan,0,nan,nan,0,0,0,nan,0,nan,nan,0,0,0,nan,0,nan,nan,0,0
L4-001-I004-s0.350000-t1001-N128-ref,I004,0.35,1001,0,DIED,3.52027886e-07,0.647822606,0.892015412,0.625,0.357953405,0.218565252,0.282080648,0,nan,0,nan,nan,0,0,0,nan,0,nan,nan,0,0,0,nan,0,nan,nan,0,0
L4-001-I004-s0.350000-t1002-N128-ref,I004,0.35,1002,0,DIED,1.84814543e-07,0.646827265,0.889118744,0.611764706,0.355958812,0.210246978,0.281486185,0,nan,0,nan,nan,0,0,0,nan,0,nan,nan,0,0,0,nan,0,nan,nan,0,0
L4-001-I004-s0.350000-t1003-N128-ref,I004,0.35,1003,0,DIED,4.93248185e-07,0.637237742,0.895666247,0.603550296,0.371401206,0.231971587,0.277976507,0,nan,0,nan,nan,0,0,0,nan,0,nan,nan,0,0,0,nan,0,nan,nan,0,0
L4-001-I004-s0.350000-t1004-N128-ref,I004,0.35,1004,0,DIED,8.69439819e-08,0.645645119,0.893089143,0.610465116,0.361503253,0.217165973,0.282224913,0,nan,0,nan,nan,0,0,0,nan,0,nan,nan,0,0,0,nan,0,nan,nan,0,0
L4-001-I004-s0.400000-t1000-N128-ref,I004,0.4,1000,0,DIED,4.63891128e-07,0.598383397,0.893631536,0.568862275,0.375129269,0.232782084,0.261463536,0,nan,0,nan,nan,0,0,0,nan,0,nan,nan,0,0,0,nan,0,nan,nan,0,0
L4-001-I004-s0.400000-t1001-N128-ref,I004,0.4,1001,0,DIED,4.12659188e-07,0.599635087,0.8886735,0.583333333,0.367181044,0.224723118,0.261098413,0,nan,0,nan,nan,0,0,0,nan,0,nan,nan,0,0,0,nan,0,nan,nan,0,0
L4-001-I004-s0.400000-t1002-N128-ref,I004,0.4,1002,0,DIED,1.86248932e-07,0.591957142,0.885798423,0.570588235,0.364644553,0.215436212,0.257607814,0,nan,0,nan,nan,0,0,0,nan,0,nan,nan,0,0,0,nan,0,nan,nan,0,0
L4-001-I004-s0.400000-t1003-N128-ref,I004,0.4,1003,0,DIED,1.02886496e-07,0.595778004,0.883286473,0.568047337,0.368641296,0.21987212,0.259890897,0,nan,0,nan,nan,0,0,0,nan,0,nan,nan,0,0,0,nan,0,nan,nan,0,0
L4-001-I004-s0.400000-t1004-N128-ref,I004,0.4,1004,0,DIED,9.67228674e-08,0.590800288,0.891745084,0.569767442,0.371895405,0.224537471,0.258251097,0,nan,0,nan,nan,0,0,0,nan,0,nan,nan,0,0,0,nan,0,nan,nan,0,0
L4-001-I004-s0.450000-t1000-N128-ref,I004,0.45,1000,0,DIED,2.45506443e-07,0.546298952,0.888350069,0.526946108,0.381612506,0.233661431,0.238705246,0,nan,0,nan,nan,0,0,0,nan,0,nan,nan,0,0,0,nan,0,nan,nan,0,0
L4-001-I004-s0.450000-t1001-N128-ref,I004,0.45,1001,0,DIED,9.50408237e-08,0.547212475,0.884073313,0.541666667,0.372737312,0.22611211,0.238272095,0,nan,0,nan,nan,0,0,0,nan,0,nan,nan,0,0,0,nan,0,nan,nan,0,0
L4-001-I004-s0.450000-t1002-N128-ref,I004,0.45,1002,0,DIED,1.42576797e-07,0.549009481,0.883363328,0.535294118,0.372423452,0.220838803,0.238917857,0,nan,0,nan,nan,0,0,0,nan,0,nan,nan,0,0,0,nan,0,nan,nan,0,0
L4-001-I004-s0.450000-t1003-N128-ref,I004,0.45,1003,0,DIED,2.37044865e-07,0.548042722,0.886080011,0.532544379,0.379566833,0.228076398,0.239067763,0,nan,0,nan,nan,0,0,0,nan,0,nan,nan,0,0,0,nan,0,nan,nan,0,0
L4-001-I004-s0.450000-t1004-N128-ref,I004,0.45,1004,0,DIED,2.42920908e-07,0.549283496,0.891904749,0.540697674,0.382245965,0.231666345,0.240103243,0,nan,0,nan,nan,0,0,0,nan,0,nan,nan,0,0,0,nan,0,nan,nan,0,0
L4-001-I004-s0.500000-t1000-N128-ref,I004,0.5,1000,0,DIED,4.91730575e-07,0.496616468,0.886159596,0.48502994,0.388691605,0.235784753,0.216996492,0,nan,0,nan,nan,0,0,0,nan,0,nan,nan,0,0,0,nan,0,nan,nan,0,0
L4-001-I004-s0.500000-t1001-N128-ref,I004,0.5,1001,0,DIED,1.32674009e-07,0.497973137,0.889498082,0.505952381,0.383952429,0.230946396,0.216831867,0,nan,0,nan,nan,0,0,0,nan,0,nan,nan,0,0,0,nan,0,nan,nan,0,0
L4-001-I004-s0.500000-t1002-N128-ref,I004,0.5,1002,0,DIED,2.69402182e-07,0.497501748,0.885781388,0.5,0.382722934,0.222444806,0.216502731,0,nan,0,nan,nan,0,0,0,nan,0,nan,nan,0,0,0,nan,0,nan,nan,0,0
L4-001-I004-s0.500000-t1003-N128-ref,I004,0.5,1003,0,DIED,3.80243936e-07,0.494715668,0.883631168,0.49112426,0.387038305,0.226341271,0.21580538,0,nan,0,nan,nan,0,0,0,nan,0,nan,nan,0,0,0,nan,0,nan,nan,0,0
L4-001-I004-s0.500000-t1004-N128-ref,I004,0.5,1004,0,DIED,3.23273033e-07,0.499577405,0.889005641,0.505813953,0.387551922,0.231097125,0.218375677,0,nan,0,nan,nan,0,0,0,nan,0,nan,nan,0,0,0,nan,0,nan,nan,0,0
L4-001-I004-s0.550000-t1000-N128-ref,I004,0.55,1000,0,DIED,4.76617018e-07,0.444864606,0.882839116,0.443113772,0.395718534,0.234683209,0.194383523,0,nan,0,nan,nan,0,0,0,nan,0,nan,nan,0,0,0,nan,0,nan,nan,0,0
L4-001-I004-s0.550000-t1001-N128-ref,I004,0.55,1001,0,DIED,1.44727756e-08,0.445659532,0.883916347,0.470238095,0.386204429,0.224132879,0.194053014,0,nan,0,nan,nan,0,0,0,nan,0,nan,nan,0,0,0,nan,0,nan,nan,0,0
L4-001-I004-s0.550000-t1002-N128-ref,I004,0.55,1002,0,DIED,1.00841463e-09,0.445705393,0.879690998,0.458823529,0.385132655,0.215740654,0.193962001,0,nan,0,nan,nan,0,0,0,nan,0,nan,nan,0,0,0,nan,0,nan,nan,0,0
L4-001-I004-s0.550000-t1003-N128-ref,I004,0.55,1003,0,DIED,3.2742388e-07,0.441137995,0.877970357,0.449704142,0.392372493,0.218229963,0.192433673,0,nan,0,nan,nan,0,0,0,nan,0,nan,nan,0,0,0,nan,0,nan,nan,0,0
L4-001-I004-s0.550000-t1004-N128-ref,I004,0.55,1004,0,DIED,3.10950527e-07,0.44800359,0.886080033,0.465116279,0.393266564,0.224551936,0.195831689,0,nan,0,nan,nan,0,0,0,nan,0,nan,nan,0,0,0,nan,0,nan,nan,0,0
L4-001-I004-s0.600000-t1000-N128-ref,I004,0.6,1000,0,DIED,1.30680316e-07,0.393438444,0.879734386,0.401197605,0.403910444,0.233149151,0.171912869,0,nan,0,nan,nan,0,0,0,nan,0,nan,nan,0,0,0,nan,0,nan,nan,0,0
L4-001-I004-s0.600000-t1001-N128-ref,I004,0.6,1001,0,DIED,8.84050972e-08,0.390863148,0.877002406,0.422619048,0.389806714,0.213665016,0.170193088,0,nan,0,nan,nan,0,0,0,nan,0,nan,nan,0,0,0,nan,0,nan,nan,0,0
L4-001-I004-s0.600000-t1002-N128-ref,I004,0.6,1002,0,DIED,6.30511428e-08,0.393632521,0.877190141,0.417647059,0.391666136,0.207816152,0.171300937,0,nan,0,nan,nan,0,0,0,nan,0,nan,nan,0,0,0,nan,0,nan,nan,0,0
L4-001-I004-s0.600000-t1003-N128-ref,I004,0.6,1003,0,DIED,1.35217074e-07,0.398332775,0.865672939,0.414201183,0.398854992,0.214777258,0.173761135,0,nan,0,nan,nan,0,0,0,nan,0,nan,nan,0,0,0,nan,0,nan,nan,0,0
L4-001-I004-s0.600000-t1004-N128-ref,I004,0.6,1004,0,DIED,4.10004886e-07,0.393960682,0.882261038,0.418604651,0.399339742,0.217452921,0.17220841,0,nan,0,nan,nan,0,0,0,nan,0,nan,nan,0,0,0,nan,0,nan,nan,0,0
L4-001-I004-s0.650000-t1000-N128-ref,I004,0.65,1000,0,DIED,4.97607002e-07,0.342159397,0.873290975,0.359281437,0.413235337,0.230392978,0.149506498,0,nan,0,nan,nan,0,0,0,nan,0,nan,nan,0,0,0,nan,0,nan,nan,0,0
L4-001-I004-s0.650000-t1001-N128-ref,I004,0.65,1001,0,DIED,1.16522383e-07,0.349305945,0.869269266,0.386904762,0.388384445,0.194145798,0.152097883,0,nan,0,nan,nan,0,0,0,nan,0,nan,nan,0,0,0,nan,0,nan,nan,0,0
L4-001-I004-s0.650000-t1002-N128-ref,I004,0.65,1002,0,DIED,1.44123389e-07,0.349701734,0.870032811,0.382352941,0.391134003,0.193204801,0.152183144,0,nan,0,nan,nan,0,0,0,nan,0,nan,nan,0,0,0,nan,0,nan,nan,0,0
L4-001-I004-s0.650000-t1003-N128-ref,I004,0.65,1003,0,DIED,1.57935117e-07,0.348825815,0.858911451,0.378698225,0.409701722,0.213509653,0.152165158,0,nan,0,nan,nan,0,0,0,nan,0,nan,nan,0,0,0,nan,0,nan,nan,0,0
L4-001-I004-s0.650000-t1004-N128-ref,I004,0.65,1004,0,DIED,2.69276743e-07,0.345686432,0.879323254,0.38372093,0.403454715,0.213316098,0.151106731,0,nan,0,nan,nan,0,0,0,nan,0,nan,nan,0,0,0,nan,0,nan,nan,0,0
L4-001-I004-s0.700000-t1000-N128-ref,I004,0.7,1000,0,DIED,4.03457274e-08,0.291308122,0.863404011,0.317365269,0.431231852,0.238815923,0.12728704,0,nan,0,nan,nan,0,0,0,nan,0,nan,nan,0,0,0,nan,0,nan,nan,0,0
L4-001-I004-s0.700000-t1001-N128-ref,I004,0.7,1001,0,DIED,1.78229713e-07,0.293731525,0.871478322,0.345238095,0.40399679,0.204211688,0.127899178,0,nan,0,nan,nan,0,0,0,nan,0,nan,nan,0,0,0,nan,0,nan,nan,0,0
L4-001-I004-s0.700000-t1002-N128-ref,I004,0.7,1002,0,DIED,8.7463315e-08,0.293147571,0.87348122,0.341176471,0.409241936,0.206741328,0.127571913,0,nan,0,nan,nan,0,0,0,nan,0,nan,nan,0,0,0,nan,0,nan,nan,0,0
L4-001-I004-s0.700000-t1003-N128-ref,I004,0.7,1003,0,DIED,4.60571068e-07,0.287529783,0.870916,0.331360947,0.437052262,0.238526146,0.125426539,0,nan,0,nan,nan,0,0,0,nan,0,nan,nan,0,0,0,nan,0,nan,nan,0,0
L4-001-I004-s0.700000-t1004-N128-ref,I004,0.7,1004,0,DIED,7.74059435e-08,0.289885717,0.879465071,0.343023256,0.424331051,0.230693141,0.126715077,0,nan,0,nan,nan,0,0,0,nan,0,nan,nan,0,0,0,nan,0,nan,nan,0,0
L4-001-I004-s0.750000-t1000-N128-ref,I004,0.75,1000,0,DIED,2.98237134e-07,0.245565255,0.865223978,0.281437126,0.45974573,0.271525147,0.107299702,0,nan,0,nan,nan,0,0,0,nan,0,nan,nan,0,0,0,nan,0,nan,nan,0,0
L4-001-I004-s0.750000-t1001-N128-ref,I004,0.75,1001,0,DIED,6.49116679e-08,0.239848454,0.875781462,0.303571429,0.433540576,0.241021101,0.104436935,0,nan,0,nan,nan,0,0,0,nan,0,nan,nan,0,0,0,nan,0,nan,nan,0,0
L4-001-I004-s0.750000-t1002-N128-ref,I004,0.75,1002,0,DIED,2.67652479e-07,0.239669347,0.87539483,0.3,0.441725945,0.247374192,0.104299268,0,nan,0,nan,nan,0,0,0,nan,0,nan,nan,0,0,0,nan,0,nan,nan,0,0
L4-001-I004-s0.750000-t1003-N128-ref,I004,0.75,1003,0,DIED,3.49622622e-07,0.241236303,0.881282727,0.295857988,0.471273472,0.287448423,0.10523235,0,nan,0,nan,nan,0,0,0,nan,0,nan,nan,0,0,0,nan,0,nan,nan,0,0
L4-001-I004-s0.750000-t1004-N128-ref,I004,0.75,1004,0,DIED,4.7516021e-07,0.237402393,0.879809537,0.308139535,0.460865929,0.275805397,0.103773525,0,nan,0,nan,nan,0,0,0,nan,0,nan,nan,0,0,0,nan,0,nan,nan,0,0
L4-001-I004-s0.800000-t1000-N128-ref,I004,0.8,1000,0,DIED,1.89033671e-08,0.189664372,0.89466214,0.239520958,0.513635556,0.362103901,0.0828738189,0,nan,0,nan,nan,0,0,0,nan,0,nan,nan,0,0,0,nan,0,nan,nan,0,0
L4-001-I004-s0.800000-t1001-N128-ref,I004,0.8,1001,0,DIED,3.19668432e-08,0.190713668,0.88189379,0.261904762,0.486686052,0.326341433,0.083042232,0,nan,0,nan,nan,0,0,0,nan,0,nan,nan,0,0,0,nan,0,nan,nan,0,0
L4-001-I004-s0.800000-t1002-N128-ref,I004,0.8,1002,0,DIED,1.54113703e-08,0.19126487,0.880068655,0.264705882,0.49949249,0.338265642,0.0832346154,0,nan,0,nan,nan,0,0,0,nan,0,nan,nan,0,0,0,nan,0,nan,nan,0,0
L4-001-I004-s0.800000-t1003-N128-ref,I004,0.8,1003,0,DIED,1.47838368e-08,0.197386893,0.884662231,0.26035503,0.518160654,0.366587472,0.0861043148,0,nan,0,nan,nan,0,0,0,nan,0,nan,nan,0,0,0,nan,0,nan,nan,0,0
L4-001-I004-s0.800000-t1004-N128-ref,I004,0.8,1004,0,DIED,1.43987725e-08,0.191724607,0.886416905,0.26744186,0.509658811,0.352329534,0.0838068144,0,nan,0,nan,nan,0,0,0,nan,0,nan,nan,0,0,0,nan,0,nan,nan,0,0
L4-001-I004-s0.850000-t1000-N128-ref,I004,0.85,1000,0,DIED,1.1971882e-08,0.141819909,0.89125437,0.191616766,0.575962308,0.48493624,0.061968188,0,nan,0,nan,nan,0,0,0,nan,0,nan,nan,0,0,0,nan,0,nan,nan,0,0
L4-001-I004-s0.850000-t1001-N128-ref,I004,0.85,1001,0,DIED,2.21941465e-08,0.143005277,0.884983266,0.214285714,0.559271992,0.465022375,0.0622686222,0,nan,0,nan,nan,0,0,0,nan,0,nan,nan,0,0,0,nan,0,nan,nan,0,0
L4-001-I004-s0.850000-t1002-N128-ref,I004,0.85,1002,0,DIED,1.45306523e-08,0.143847853,0.87938364,0.211764706,0.568240464,0.473635885,0.0625996855,0,nan,0,nan,nan,0,0,0,nan,0,nan,nan,0,0,0,nan,0,nan,nan,0,0
L4-001-I004-s0.850000-t1003-N128-ref,I004,0.85,1003,0,DIED,1.67684533e-09,0.148415352,0.900383657,0.218934911,0.577057237,0.487229704,0.0647418983,0,nan,0,nan,nan,0,0,0,nan,0,nan,nan,0,0,0,nan,0,nan,nan,0,0
L4-001-I004-s0.850000-t1004-N128-ref,I004,0.85,1004,0,DIED,2.77335077e-08,0.14413093,0.888277247,0.215116279,0.578229853,0.488713306,0.0630026277,0,nan,0,nan,nan,0,0,0,nan,0,nan,nan,0,0,0,nan,0,nan,nan,0,0
L4-001-I004-s0.900000-t1000-N128-ref,I004,0.9,1000,0,DIED,2.83420368e-08,0.0991531902,0.746431355,0.125748503,0.631596989,0.604664697,0.0433249717,0,nan,0,nan,nan,0,0,0,nan,0,nan,nan,0,0,0,nan,0,nan,nan,0,0
L4-001-I004-s0.900000-t1001-N128-ref,I004,0.9,1001,0,DIED,3.88550916e-08,0.0986003557,0.731333253,0.142857143,0.631562396,0.611265106,0.0429334389,0,nan,0,nan,nan,0,0,0,nan,0,nan,nan,0,0,0,nan,0,nan,nan,0,0
L4-001-I004-s0.900000-t1002-N128-ref,I004,0.9,1002,0,DIED,2.7478251e-09,0.0997553043,0.722692371,0.141176471,0.643746235,0.615672623,0.0434114973,0,nan,0,nan,nan,0,0,0,nan,0,nan,nan,0,0,0,nan,0,nan,nan,0,0
L4-001-I004-s0.900000-t1003-N128-ref,I004,0.9,1003,0,DIED,4.72559153e-08,0.0997770484,0.724530333,0.142011834,0.645444185,0.608533918,0.0435248473,0,nan,0,nan,nan,0,0,0,nan,0,nan,nan,0,0,0,nan,0,nan,nan,0,0
L4-001-I004-s0.900000-t1004-N128-ref,I004,0.9,1004,0,DIED,1.32104004e-08,0.0991297748,0.720884,0.145348837,0.647506167,0.62062911,0.0433316868,0,nan,0,nan,nan,0,0,0,nan,0,nan,nan,0,0,0,nan,0,nan,nan,0,0
L4-001-I004-s0.950000-t1000-N128-ref,I004,0.95,1000,0,DIED,1.43631937e-08,0.049777533,0.45997641,0.0419161677,0.693212891,0.74371571,0.0217502856,0,nan,0,nan,nan,0,0,0,nan,0,nan,nan,0,0,0,nan,0,nan,nan,0,0
L4-001-I004-s0.950000-t1001-N128-ref,I004,0.95,1001,0,DIED,2.76349583e-08,0.0499659771,0.456192506,0.0476190476,0.691267819,0.729589497,0.0217566276,0,nan,0,nan,nan,0,0,0,nan,0,nan,nan,0,0,0,nan,0,nan,nan,0,0
L4-001-I004-s0.950000-t1002-N128-ref,I004,0.95,1002,0,DIED,2.80787439e-08,0.0489026057,0.400665178,0.0411764706,0.697733813,0.726434273,0.0212814281,0,nan,0,nan,nan,0,0,0,nan,0,nan,nan,0,0,0,nan,0,nan,nan,0,0
L4-001-I004-s0.950000-t1003-N128-ref,I004,0.95,1003,0,DIED,4.78662961e-08,0.0437694342,0.461875527,0.0414201183,0.703829321,0.734682993,0.0190931479,0,nan,0,nan,nan,0,0,0,nan,0,nan,nan,0,0,0,nan,0,nan,nan,0,0
L4-001-I004-s0.950000-t1004-N128-ref,I004,0.95,1004,0,DIED,2.86523567e-08,0.0407602915,0.438962118,0.0348837209,0.702942014,0.740030082,0.0178171713,0,nan,0,nan,nan,0,0,0,nan,0,nan,nan,0,0,0,nan,0,nan,nan,0,0
L4-001-I001-s0.125000-t1000-N128-ref,I001,0.125,1000,0,DIED,1.19586632e-07,0.875,1,0.97005988,-2.22044605e-16,-5.55111512e-17,0.38233112,0.0305705412,0.635445149,0.0517241379,0.650293137,0.669509069,0.0349157667,0.0133493842,0,nan,0,nan,nan,0,0,0,nan,0,nan,nan,0,0
L4-001-I001-s0.112500-t1000-N128-ref,I001,0.1125,1000,0,DIED,7.27641591e-09,0.8875,1,0.976047904,-2.22044605e-16,2.77555756e-17,0.387792993,0.298731836,1.14227805,0.402298851,-0.0495948369,-0.0501416929,0.336387349,0.130448657,0,nan,0,nan,nan,0,0,0,nan,0,nan,nan,0,0
L4-001-I001-s0.106250-t1000-N128-ref,I001,0.10625,1000,0,DIED,7.07079399e-08,0.89375,1,0.976047904,-1.11022302e-16,-5.55111512e-17,0.390523929,0.558189055,1.01274407,0.695402299,0.187307546,0.026355706,0.624154017,0.243747079,0,nan,0,nan,nan,0,0,0,nan,0,nan,nan,0,0
L4-001-I001-s0.103125-t1000-N128-ref,I001,0.103125,1000,0,DIED,3.97576298e-07,0.896875,1,0.976047904,-1.11022302e-16,0,0.391889398,1.01402398,1.04691902,1.02298851,0.131207139,0.0360224009,1.1299073,0.442798691,0.418795158,0.785686726,0.544378698,-0.0404840357,-0.0468378366,0.465954634,0.182602681,0,nan,0,nan,nan,0,0
L4-001-I001-s0.125000-t1001-N128-ref,I001,0.125,1001,0,DIED,2.38046986e-07,0.875,1,0.976190476,-1.11022302e-15,-8.60422844e-16,0.381000238,0.0223103355,0.64085837,0.0479041916,0.66072997,0.699872725,0.0254890452,0.00971133228,0,nan,0,nan,nan,0,0,0,nan,0,nan,nan,0,0
L4-001-I001-s0.112500-t1001-N128-ref,I001,0.1125,1001,0,DIED,9.85905144e-08,0.8875,1,0.976190476,1.11022302e-16,-5.55111512e-17,0.386443099,0.239975934,1.11603558,0.335329341,0.0238863809,0.00711323884,0.270305478,0.104457687,0,nan,0,nan,nan,0,0,0,nan,0,nan,nan,0,0
L4-001-I001-s0.106250-t1001-N128-ref,I001,0.10625,1001,0,DIED,4.71137721e-07,0.89375,1,0.988095238,0,-2.77555756e-17,0.389164529,0.52243732,0.992302271,0.622754491,0.209295654,0.034934107,0.584350819,0.227408611,0,nan,0,nan,nan,0,0,0,nan,0,nan,nan,0,0
L4-001-I001-s0.103125-t1001-N128-ref,I001,0.103125,1001,0,DIED,2.43998161e-07,0.896875,1,0.988095238,0,0,0.390525244,1.00579614,1.04083677,1.06586826,0.0633493163,-0.0231031546,1.12107215,0.437806977,0.439043765,0.823373579,0.535294118,0.0980514145,0.041755634,0.490854383,0.191691028,0,nan,0,nan,nan,0,0
L4-001-I001-s0.125000-t1002-N128-ref,I001,0.125,1002,0,DIED,3.58853417e-07,0.875,1,0.964705882,-2.22044605e-16,-3.33066907e-16,0.380782359,0.0256699452,0.621174,0.0467836257,0.655378666,0.666812021,0.0293147292,0.0111625317,0,nan,0,nan,nan,0,0,0,nan,0,nan,nan,0,0
L4-001-I001-s0.112500-t1002-N128-ref,I001,0.1125,1002,0,DIED,1.06837038e-07,0.8875,1,0.964705882,-4.4408921e-16,-3.60822483e-16,0.386222107,0.348492622,1.11524575,0.415204678,0.0359584037,-0.0220397675,0.392368581,0.15154142,0,nan,0,nan,nan,0,0,0,nan,0,nan,nan,0,0
L4-001-I001-s0.106250-t1002-N128-ref,I001,0.10625,1002,0,DIED,1.91711522e-08,0.89375,1,0.964705882,-3.33066907e-16,-5.55111512e-17,0.388941981,0.848727729,1.00162408,0.795321637,0.255633518,0.0972324274,0.94890194,0.3690678,0.802359259,0.971353425,0.763313609,-0.243159035,-0.112428972,0.900728146,0.350330989,0.125560688,0.826859568,0.167664671,0.335615563,0.292689065,0.139993865,0.0544494912
L4-001-I001-s0.103125-t1002-N128-ref,I001,0.103125,1002,0,DIED,8.21752471e-08,0.896875,1,0.970588235,-3.33066907e-16,-3.33066907e-16,0.390301918,0.995602673,1.03252366,1.03508772,-0.0852124019,-0.135641008,1.1092339,0.432936118,0.964230293,1.05252178,0.970414201,0.0671752244,0.000457209114,1.07867291,0.421008106,0.814581594,0.950308845,0.730538922,-0.0114885315,-0.131854178,0.905053068,0.353243948
L4-001-I001-s0.125000-t1003-N128-ref,I001,0.125,1003,0,DIED,4.04896656e-07,0.875,1,0.958579882,5.55111512e-16,8.32667268e-17,0.381693405,0.0236595325,0.617912983,0.0470588235,0.658676976,0.669488541,0.0270352462,0.0103191752,0,nan,0,nan,nan,0,0,0,nan,0,nan,nan,0,0
L4-001-I001-s0.112500-t1003-N128-ref,I001,0.1125,1003,0,DIED,1.67823751e-07,0.8875,1,0.958579882,4.4408921e-16,8.32667268e-17,0.387146168,0.280228399,1.12365845,0.382352941,-0.105570132,-0.0662893608,0.315701035,0.122222446,0,nan,0,nan,nan,0,0,0,nan,0,nan,nan,0,0
L4-001-I001-s0.106250-t1003-N128-ref,I001,0.10625,1003,0,DIED,4.50712701e-07,0.89375,1,0.958579882,-6.66133815e-16,-7.21644966e-16,0.389872549,0.568099495,1.01401033,0.717647059,0.184470279,0.0196134613,0.635536607,0.247778277,0,nan,0,nan,nan,0,0,0,nan,0,nan,nan,0,0
L4-001-I001-s0.103125-t1003-N128-ref,I001,0.103125,1003,0,DIED,2.59980928e-07,0.896875,1,0.958579882,5.55111512e-16,8.32667268e-17,0.39123574,1.01804934,1.03879879,1.02941176,0.130896009,0.0309088895,1.13493014,0.444025234,0.867058194,0.805522019,0.839285714,-0.194076212,-0.212166868,0.966448465,0.37810918,0,nan,0,nan,nan,0,0
L4-001-I001-s0.125000-t1004-N128-ref,I001,0.125,1004,0,DIED,2.97003404e-07,0.875,1,0.976744186,4.4408921e-16,3.60822483e-16,0.382480703,0.0221098368,0.629194329,0.0462427746,0.664552713,0.696072691,0.0252036815,0.00963992183,0,nan,0,nan,nan,0,0,0,nan,0,nan,nan,0,0
L4-001-I001-s0.112500-t1004-N128-ref,I001,0.1125,1004,0,DIED,2.86960596e-07,0.8875,1,0.976744186,-3.33066907e-16,-2.77555756e-17,0.387944713,0.306716286,1.10759174,0.387283237,-0.0202682894,-0.045616259,0.344710867,0.133728758,0,nan,0,nan,nan,0,0,0,nan,0,nan,nan,0,0
L4-001-I001-s0.106250-t1004-N128-ref,I001,0.10625,1004,0,DIED,2.81939191e-07,0.89375,1,0.98255814,-5.55111512e-16,-3.88578059e-16,0.390676718,0.581260094,1.02809103,0.653179191,0.169752891,0.0241793712,0.6486956,0.253430268,0,nan,0,nan,nan,0,0,0,nan,0,nan,nan,0,0
L4-001-I001-s0.103125-t1004-N128-ref,I001,0.103125,1004,0,DIED,2.79428489e-07,0.896875,1,0.988372093,-5.55111512e-16,-4.4408921e-16,0.392042721,1.0059813,1.04269139,1.02312139,0.110802957,0.0113387911,1.11877947,0.438609346,0.430444654,0.817240812,0.531428571,0.023458445,-0.00947637258,0.476835727,0.186939976,0,nan,0,nan,nan,0,0
L4-001-I002-s0.075000-t1000-N128-ref,I002,0.075,1000,0,DIED,3.93841975e-07,0.94675028,1.02731067,0.976047904,0.00023960411,0.00177797841,0.413682394,0,nan,0,nan,nan,0,0,0,nan,0,nan,nan,0,0,0,nan,0,nan,nan,0,0
L4-001-I002-s0.062500-t1000-N128-ref,I002,0.0625,1000,0,DIED,3.93841975e-07,0.94675028,1.02731067,0.976047904,0.00023960411,0.00177797841,0.413682394,0,nan,0,nan,nan,0,0,0,nan,0,nan,nan,0,0,0,nan,0,nan,nan,0,0
L4-001-I002-s0.056250-t1000-N128-ref,I002,0.05625,1000,1,RECOVERED,4.33951235e-07,0.97300739,1.01359305,0.988023952,3.00590252e-05,0.000318860742,0.425155434,0.994186333,1.00141688,1,-0.0125032824,-0.0102765822,1.02112323,0.434136092,0.999780495,0.995215045,0.976331361,0.000669784965,-0.00158474021,1.02532707,0.435923375,1.00195252,0.999270936,0.964912281,-0.00076377114,0.00149017052,1.02770229,0.436933212
L4-001-I002-s0.059375-t1000-N128-ref,I002,0.059375,1000,1,RECOVERED,4.46394711e-07,0.960292246,1.02016718,0.982035928,-0.000104903599,-0.000256784166,0.419599554,1.00067478,1.00584496,0.977011494,-0.00693471255,-0.0076395116,1.04139632,0.436969432,0.99550468,0.994036684,0.99408284,-0.0132446329,-0.00794167312,1.0344602,0.434059038,0.996400167,0.993950359,1.01169591,0.00711728962,0.00277244771,1.03553955,0.434511931
L4-001-I002-s0.075000-t1001-N128-ref,I002,0.075,1001,1,RECOVERED,2.32892837e-07,0.961345977,1.01961197,0.982142857,-0.000130987712,0.000832764529,0.418597767,1.0010125,1.00672972,1.04790419,-0.00933746695,-0.0116979817,1.0409151,0.435724736,0.997747468,0.990324615,1.01764706,-0.00727037081,-0.00430133602,1.04068118,0.435626816,1.00349964,0.995354921,0.976744186,0.0031315315,0.00382696283,1.04227986,0.436296022
L4-001-I002-s0.087500-t1001-N128-ref,I002,0.0875,1001,0,DIED,3.9265615e-07,0.947756708,1.02661054,0.976190476,0.000412340585,0.0032411047,0.412680607,0,nan,0,nan,nan,0,0,0,nan,0,nan,nan,0,0,0,nan,0,nan,nan,0,0
L4-001-I002-s0.081250-t1001-N128-ref,I002,0.08125,1001,1,RECOVERED,2.32892837e-07,0.961345977,1.01961197,0.982142857,-0.000130987712,0.000832764529,0.418597767,1.0010125,1.00672972,1.04790419,-0.00933746695,-0.0116979817,1.0409151,0.435724736,0.997747468,0.990324615,1.01764706,-0.00727037081,-0.00430133602,1.04068118,0.435626816,1.00349964,0.995354921,0.976744186,0.0031315315,0.00382696283,1.04227986,0.436296022
L4-001-I002-s0.084375-t1001-N128-ref,I002,0.084375,1001,1,RECOVERED,2.32892837e-07,0.961345977,1.01961197,0.982142857,-0.000130987712,0.000832764529,0.418597767,1.0010125,1.00672972,1.04790419,-0.00933746695,-0.0116979817,1.0409151,0.435724736,0.997747468,0.990324615,1.01764706,-0.00727037081,-0.00430133602,1.04068118,0.435626816,1.00349964,0.995354921,0.976744186,0.0031315315,0.00382696283,1.04227986,0.436296022
L4-001-I002-s0.075000-t1002-N128-ref,I002,0.075,1002,1,RECOVERED,3.50307884e-07,0.973579915,1.01335728,0.988235294,-0.00014510178,-0.00128725347,0.42368235,0.995948038,0.998055849,1.02339181,-0.00762422689,-0.0120241672,1.02219575,0.433086299,0.99408697,0.99016625,1.01183432,-0.00680320868,-0.00324709711,1.02445691,0.434044311,1.00688925,1.0070819,1.02994012,-0.00401512056,-0.00104503912,1.03057943,0.436638313
L4-001-I002-s0.087500-t1002-N128-ref,I002,0.0875,1002,0,DIED,3.07812573e-08,0.946385825,1.02733277,0.976470588,0.000798470141,0.0033906777,0.411848031,0,nan,0,nan,nan,0,0,0,nan,0,nan,nan,0,0,0,nan,0,nan,nan,0,0
L4-001-I002-s0.081250-t1002-N128-ref,I002,0.08125,1002,1,RECOVERED,1.90544571e-07,0.95998287,1.02029745,0.982352941,0.000552807406,0.00196947524,0.417765191,0.996724067,0.999558645,1,-0.0173433435,-0.0176276929,1.03748173,0.433423755,0.998406554,0.992051282,1.00591716,-0.0136089079,-0.0063377069,1.04348175,0.435930354,1.00913238,1.0021537,0.994011976,-0.00587722279,-0.00220441384,1.04750482,0.437611051
L4-001-I002-s0.084375-t1002-N128-ref,I002,0.084375,1002,1,RECOVERED,1.90544571e-07,0.95998287,1.02029745,0.982352941,0.000552807406,0.00196947524,0.417765191,0.996724067,0.999558645,1,-0.0173433435,-0.0176276929,1.03748173,0.433423755,0.998406554,0.992051282,1.00591716,-0.0136089079,-0.0063377069,1.04348175,0.435930354,1.00913238,1.0021537,0.994011976,-0.00587722279,-0.00220441384,1.04750482,0.437611051
L4-001-I002-s0.075000-t1003-N128-ref,I002,0.075,1003,1,RECOVERED,2.30027929e-07,0.960261421,1.02017707,0.982248521,0.000435467563,0.0020740766,0.41888623,1.00334873,1.00720446,1.01764706,0.00457773774,-0.00537061643,1.04470735,0.437613522,0.997513619,0.992084451,1,-0.0197369859,-0.00903142485,1.03846467,0.434998549,1.00208228,1.00109863,0.994047619,-0.0118491909,-0.00609360537,1.03761551,0.434642851
L4-001-I002-s0.087500-t1003-N128-ref,I002,0.0875,1003,0,DIED,1.40696962e-07,0.94823685,1.02637186,0.976331361,0.000108720622,0.0011827912,0.413640859,0,nan,0,nan,nan,0,0,0,nan,0,nan,nan,0,0,0,nan,0,nan,nan,0,0
L4-001-I002-s0.081250-t1003-N128-ref,I002,0.08125,1003,1,RECOVERED,2.30027929e-07,0.960261421,1.02017707,0.982248521,0.000435467563,0.0020740766,0.41888623,1.00334873,1.00720446,1.01764706,0.00457773774,-0.00537061643,1.04470735,0.437613522,0.997513619,0.992084451,1,-0.0197369859,-0.00903142485,1.03846467,0.434998549,1.00208228,1.00109863,0.994047619,-0.0118491909,-0.00609360537,1.03761551,0.434642851
L4-001-I002-s0.084375-t1003-N128-ref,I002,0.084375,1003,1,RECOVERED,2.30027929e-07,0.960261421,1.02017707,0.982248521,0.000435467563,0.0020740766,0.41888623,1.00334873,1.00720446,1.01764706,0.00457773774,-0.00537061643,1.04470735,0.437613522,0.997513619,0.992084451,1,-0.0197369859,-0.00903142485,1.03846467,0.434998549,1.00208228,1.00109863,0.994047619,-0.0118491909,-0.00609360537,1.03761551,0.434642851
L4-001-I002-s0.075000-t1004-N128-ref,I002,0.075,1004,1,RECOVERED,2.02228712e-08,0.960306663,1.02016925,0.98255814,-0.000154145693,0.000233811877,0.41977002,1.00278989,1.00840624,1.01156069,7.7218071e-05,-0.00652210188,1.0415653,0.437217887,0.997727728,0.995501429,0.96,-0.0176523217,-0.005731331,1.03225142,0.433308198,0.996254535,1.00012853,1.01796407,0.00127810221,0.0013384498,1.03670922,0.435179452
L4-001-I002-s0.087500-t1004-N128-ref,I002,0.0875,1004,0,DIED,2.59986128e-08,0.946978434,1.02710324,0.976744186,0.000234213814,0.00193464353,0.413943974,0.868248065,0.801203895,0.803468208,-0.204090647,-0.186213238,0.91451374,0.378557452,0.732199761,0.941246269,0.554285714,-0.193035945,-0.183472077,0.768197486,0.31799072,0,nan,0,nan,nan,0,0
L4-001-I002-s0.081250-t1004-N128-ref,I002,0.08125,1004,0,DIED,2.59986128e-08,0.946978434,1.02710324,0.976744186,0.000234213814,0.00193464353,0.413943974,0.868248065,0.801203895,0.803468208,-0.204090647,-0.186213238,0.91451374,0.378557452,0.732199761,0.941246269,0.554285714,-0.193035945,-0.183472077,0.768197486,0.31799072,0,nan,0,nan,nan,0,0
L4-001-I002-s0.078125-t1004-N128-ref,I002,0.078125,1004,1,RECOVERED,2.02228712e-08,0.960306663,1.02016925,0.98255814,-0.000154145693,0.000233811877,0.41977002,1.00278989,1.00840624,1.01156069,7.7218071e-05,-0.00652210188,1.0415653,0.437217887,0.997727728,0.995501429,0.96,-0.0176523217,-0.005731331,1.03225142,0.433308198,0.996254535,1.00012853,1.01796407,0.00127810221,0.0013384498,1.03670922,0.435179452
L4-001-I003-s0.325000-t1000-N128-ref,I003,0.325,1000,0,DIED,3.98112734e-07,1.29206223,1.35493686,1.49101796,0.427303722,0.267324738,0.564566398,0.89489017,1.0928777,0.867816092,0.0651829189,-0.0581660848,0.692170068,0.390775962,0.0216741931,0.709141021,0.0473372781,0.61945145,0.492442293,0.0167391504,0.00945036182,0,nan,0,nan,nan,0,0
L4-001-I003-s0.312500-t1000-N128-ref,I003,0.3125,1000,0,DIED,6.9375942e-08,1.28082907,1.34853057,1.47305389,0.423487894,0.26149786,0.559658069,0.985750325,1.02547748,1.03448276,-0.122863143,-0.154823536,0.769134448,0.4304523,0.818248765,1.03959518,0.869822485,0.00986687346,0.0124073289,0.637482235,0.356772077,0,nan,0,nan,nan,0,0
L4-001-I003-s0.306250-t1000-N128-ref,I003,0.30625,1000,1,RECOVERED,9.49924539e-08,1.27521248,1.34520512,1.46706587,0.42148198,0.258496141,0.557203905,0.987070566,1.0226264,1.02298851,-0.257355818,-0.174392952,0.773556703,0.431028816,0.975588959,0.983352797,0.923076923,-0.290143714,-0.13640993,0.763410666,0.425375404,0.999798916,0.998471025,0.976608187,-0.00484535196,-0.00584153291,0.78246771,0.435994064
L4-001-I003-s0.309375-t1000-N128-ref,I003,0.309375,1000,0,DIED,1.2808256e-08,1.27802078,1.34687826,1.46706587,0.422493411,0.260004445,0.558430987,0.985143872,1.02291667,1.01149425,-0.20764173,-0.196888416,0.770350297,0.430187477,0.998137747,1.04556843,1.00591716,0.0674952389,-0.0143779113,0.779339105,0.435207106,0.951993798,1.00409601,0.906432749,-0.120953825,-0.177821651,0.743417062,0.415147124
L4-001-I003-s0.325000-t1001-N128-ref,I003,0.325,1001,0,DIED,1.65737776e-07,1.29307963,1.35600008,1.47619048,0.426306385,0.268404874,0.563044166,1.01385069,1.05509538,0.982035928,0.0398209778,-0.0539140532,0.78379818,0.441312992,0.706543544,0.818933706,0.835294118,-0.197022073,-0.122118236,0.547886301,0.308484185,0.000286748081,0.0461081394,0,0.702754826,0.78257687,0.000221422673,0.000124670744
L4-001-I003-s0.312500-t1001-N128-ref,I003,0.3125,1001,1,RECOVERED,1.15887436e-07,1.28180733,1.34959097,1.4702381,0.422510956,0.262647544,0.558135884,0.993853548,1.02659037,1.07784431,-0.260193934,-0.15700773,0.775095401,0.432608557,0.972091535,0.979670409,1.01764706,-0.14629434,-0.0756804647,0.760433407,0.424425172,1.00295026,1.00050126,1,-0.00713085154,-0.00600731601,0.781274196,0.436057164
L4-001-I003-s0.318750-t1001-N128-ref,I003,0.31875,1001,0,DIED,2.49251695e-08,1.28744348,1.35283572,1.4702381,0.424440268,0.265558455,0.560590025,0.994009326,1.03246643,1.07784431,-0.0851047932,-0.142047611,0.771823159,0.432676364,0.85887395,1.05176577,0.911764706,0.0270593349,0.0296531425,0.668925938,0.374993208,0,nan,0,nan,nan,0,0
L4-001-I003-s0.315625-t1001-N128-ref,I003,0.315625,1001,1,RECOVERED,4.54811334e-08,1.28462541,1.35122353,1.4702381,0.423483687,0.264111102,0.559362955,0.99080275,1.02806533,1.07185629,-0.204687517,-0.209292934,0.771021015,0.431280593,0.962717826,0.983060351,0.929411765,-0.241550521,-0.161723377,0.751448608,0.420332514,1.00016715,1.00042365,1,-0.015686621,-0.0124673438,0.777397105,0.434847142
L4-001-I003-s0.325000-t1002-N128-ref,I003,0.325,1002,0,DIED,3.18639198e-07,1.29323703,1.35645238,1.48235294,0.432410065,0.269726914,0.562790681,0.901472386,1.08751276,0.906432749,0.099121298,-0.0380568858,0.696535563,0.392003724,0.0246219692,0.668570939,0.0591715976,0.666124523,0.66325482,0.0191022961,0.0107505942,0,nan,0,nan,nan,0,0
L4-001-I003-s0.312500-t1002-N128-ref,I003,0.3125,1002,0,DIED,4.27972705e-07,1.28195868,1.35003773,1.47647059,0.428574142,0.26390984,0.557882572,0.98754067,1.02175259,1.04093567,-0.170546043,-0.193917846,0.769750467,0.42943037,0.973519579,1.03449791,0.970414201,-0.0446938585,-0.127425814,0.761923875,0.425064051,0.955702368,0.982683015,0.988023952,0.0550171779,0.00100902028,0.74288229,0.414441083
L4-001-I003-s0.306250-t1002-N128-ref,I003,0.30625,1002,1,RECOVERED,4.82639458e-07,1.27631951,1.34670752,1.45882353,0.426557445,0.260899732,0.555428517,0.99302852,1.01555888,1.02339181,-0.238016162,-0.146263822,0.777447932,0.431816752,0.972369801,0.978553703,1,-0.194665885,-0.0957573049,0.764386442,0.424562028,1.00190536,1.0055826,1.04191617,-0.0150902576,-0.0118851459,0.782237559,0.434477048
L4-001-I003-s0.309375-t1002-N128-ref,I003,0.309375,1002,1,RECOVERED,4.55306082e-07,1.27913909,1.34838309,1.47058824,0.427574331,0.262413497,0.556655545,0.988492574,1.01841173,1.03508772,-0.26023332,-0.185060357,0.772190824,0.429844304,0.962976188,0.976660546,0.970414201,-0.27670166,-0.137096656,0.755333411,0.420460531,1.0020894,1.00261267,1.02994012,-0.0398289569,-0.0240452314,0.780656656,0.434556856
L4-001-I003-s0.325000-t1003-N128-ref,I003,0.325,1003,0,DIED,3.92664172e-07,1.29255713,1.3556257,1.4556213,0.435623148,0.270171717,0.563840607,1.00707206,1.03706113,0.970588235,0.00899662804,-0.0844597973,0.779009982,0.439237461,0.678722641,0.950606703,0.720238095,0.0283269762,0.0521612166,0.524934313,0.295979282,0,nan,0,nan,nan,0,0
L4-001-I003-s0.312500-t1003-N128-ref,I003,0.3125,1003,1,RECOVERED,1.62213973e-07,1.28130493,1.34921483,1.4556213,0.431753192,0.264339396,0.558932162,0.990166562,1.02050848,1.04705882,-0.24084296,-0.187370197,0.772659202,0.431864078,0.968297332,0.983886498,0.976190476,-0.245135852,-0.154268228,0.755472412,0.422257829,1.00363771,1.00783128,1.01190476,-0.0253938595,-0.0151870626,0.778837813,0.435317503
L4-001-I003-s0.318750-t1003-N128-ref,I003,0.31875,1003,0,DIED,3.847749e-07,1.28693103,1.3524604,1.4556213,0.433720345,0.267276029,0.561386385,0.987659063,1.02332209,1.05294118,-0.105290154,-0.156475536,0.767333225,0.430770425,0.960558068,1.07477165,0.976190476,0.0798239577,0.0520004386,0.74615787,0.418882869,0,nan,0,nan,nan,0,0
L4-001-I003-s0.315625-t1003-N128-ref,I003,0.315625,1003,1,RECOVERED,2.73494437e-07,1.28411798,1.35084778,1.4556213,0.432744991,0.265812694,0.560159273,0.989240224,1.02183713,1.05882353,-0.185194356,-0.200042749,0.77024531,0.431460053,0.973622875,1.02845248,0.994047619,-0.0634152835,-0.148741894,0.757963363,0.424580207,0.990254976,1.02445446,0.970238095,-0.0946706507,-0.173468602,0.7667692,0.429512878
L4-001-I003-s0.325000-t1004-N128-ref,I003,0.325,1004,0,DIED,1.91587716e-07,1.29194536,1.35422248,1.47674419,0.433774188,0.270502616,0.564736192,0.893686175,1.07759309,0.855491329,0.0844021796,-0.0541615419,0.68996553,0.389648506,0.0369516032,0.687983379,0.08,0.627256397,0.529647506,0.0284166271,0.0160478978,0,nan,0,nan,nan,0,0
L4-001-I003-s0.312500-t1004-N128-ref,I003,0.3125,1004,0,DIED,9.25724007e-08,1.28071669,1.3478272,1.46511628,0.429904117,0.264667332,0.559827907,0.99336783,1.02555429,1.03468208,-0.137346515,-0.171071744,0.773648206,0.433109856,0.957093093,1.06498838,0.925714286,0.0926877397,0.0614286591,0.742479559,0.415660778,0,nan,0,nan,nan,0,0
L4-001-I003-s0.306250-t1004-N128-ref,I003,0.30625,1004,1,RECOVERED,2.34652459e-07,1.27510235,1.3445075,1.45348837,0.42786979,0.261655747,0.557373765,0.992056849,1.02454218,1.01734104,-0.247694516,-0.166338242,0.776029109,0.432538266,0.975746484,0.979626565,0.948571429,-0.245487198,-0.115399455,0.760283098,0.423761853,0.999129264,1.0072989,1.00598802,-0.00477305268,-0.0065271487,0.783020668,0.436435178
L4-001-I003-s0.309375-t1004-N128-ref,I003,0.309375,1004,1,RECOVERED,1.6361243e-07,1.27790952,1.34617775,1.46511628,0.428895539,0.263169523,0.558600836,0.98958688,1.02566045,1.03468208,-0.209224841,-0.195214219,0.772396545,0.431461356,0.966667977,0.994313824,0.902857143,-0.159645259,-0.187304612,0.751554733,0.419819103,0.998010183,1.00688612,1.0239521,-0.0398268382,-0.0238238153,0.780425516,0.435946346
L4-001-I004-s0.075000-t1000-N128-ref,I004,0.075,1000,1,RECOVERED,4.73534483e-07,0.924523656,0.938213186,0.916167665,0.248906855,0.133474528,0.403970474,0.992879487,1.02326969,1.03448276,-0.19082179,-0.132709339,1.07326018,0.433565425,0.983144619,0.986446971,1.02366864,-0.144209831,-0.0787415217,1.06114145,0.428669816,1.00242745,0.999279562,0.988304094,-0.0189662879,-0.0171238404,1.08210958,0.43714032
L4-001-I004-s0.087500-t1000-N128-ref,I004,0.0875,1000,0,DIED,1.86889204e-07,0.909514412,0.926054233,0.880239521,0.275513643,0.148037053,0.397412187,0.845714794,1.05169822,0.83908046,0.186098488,0.0357559285,0.929267718,0.369302316,0.0112284509,0.581687507,0.00591715976,0.634402664,0.473046772,0.012319247,0.00489581889,0,nan,0,nan,nan,0,0
L4-001-I004-s0.081250-t1000-N128-ref,I004,0.08125,1000,1,RECOVERED,1.09584586e-07,0.918398049,0.932119748,0.904191617,0.262522805,0.139965841,0.40129389,0.995446221,1.03372811,1.04597701,-0.171815524,-0.184376633,1.08321174,0.434686253,0.977211146,1.02075883,0.98816568,-0.0443747198,-0.15201664,1.06177223,0.426082708,0.996960653,0.989828179,0.959064327,-0.103761301,-0.0547759509,1.08338641,0.434756349
L4-001-I004-s0.084375-t1000-N128-ref,I004,0.084375,1000,0,DIED,4.78750672e-07,0.914149479,0.929301124,0.892215569,0.268912974,0.144350979,0.399437479,0.999671667,1.03895695,0.982758621,0.0381441411,-0.0445906125,1.0928654,0.436531399,0.623359557,0.864965672,0.775147929,0.0190742834,-0.00411517798,0.680448574,0.271796663,0,nan,0,nan,nan,0,0
L4-001-I004-s0.075000-t1001-N128-ref,I004,0.075,1001,1,RECOVERED,3.9519829e-07,0.922792326,0.935622229,0.910714286,0.24920943,0.132543868,0.401810395,1.00057777,1.03103384,1.07185629,-0.248065353,-0.168866867,1.08393289,0.435535502,0.978553675,0.978493128,0.964705882,-0.189000032,-0.0904366255,1.06330402,0.427246609,0.993666761,0.99580238,0.988372093,-0.0310994626,-0.0235920072,1.07518606,0.432020936
L4-001-I004-s0.087500-t1001-N128-ref,I004,0.0875,1001,0,DIED,1.3189208e-07,0.910449259,0.92556135,0.886904762,0.271536903,0.144010512,0.396435868,0.804114307,1.08476384,0.946107784,0.0796929171,-0.0337404828,0.882912287,0.350018099,0,nan,0,nan,nan,0,0,0,nan,0,nan,nan,0,0
L4-001-I004-s0.081250-t1001-N128-ref,I004,0.08125,1001,0,DIED,1.30302864e-07,0.916960684,0.930892503,0.904761905,0.259611461,0.138378838,0.39927113,0.991665974,1.03690909,1.07784431,-0.0686589956,-0.118264048,1.08111082,0.43165634,0.791441118,1.03770348,0.905882353,-0.0119446336,-0.0217990855,0.86545536,0.34555134,0,nan,0,nan,nan,0,0
L4-001-I004-s0.078125-t1001-N128-ref,I004,0.078125,1001,1,RECOVERED,4.96085982e-07,0.921699382,0.934149301,0.910714286,0.252055125,0.133498608,0.401334496,0.998904296,1.03079566,1.06586826,-0.247982844,-0.185525946,1.08340317,0.434807066,0.975504828,0.979531107,0.970588235,-0.239382607,-0.11141635,1.06124805,0.425915451,1.0003119,1.00120617,0.988372093,-0.0363872402,-0.029684256,1.08365983,0.434910074
L4-001-I004-s0.075000-t1002-N128-ref,I004,0.075,1002,1,RECOVERED,4.40063527e-07,0.924138492,0.936765322,0.911764706,0.248433672,0.130373247,0.40216644,1.01337338,1.0261907,1.04093567,-0.116186273,-0.082340531,1.09572464,0.44066368,0.986864191,0.980157006,0.976331361,-0.0713013616,-0.0394127473,1.0714237,0.430890657,0.998486691,0.999131117,1,-0.030190362,-0.0206518477,1.07665507,0.432994538
L4-001-I004-s0.087500-t1002-N128-ref,I004,0.0875,1002,0,DIED,2.46713088e-07,0.911846578,0.926087542,0.876470588,0.271628639,0.141932736,0.396817247,1.01486943,1.04408851,0.976608187,0.0815679241,-0.0135931537,1.11213472,0.441314236,0.623131411,0.837926811,0.792899408,-0.0501784604,-0.0502269795,0.685644175,0.272075434,0,nan,0,nan,nan,0,0
L4-001-I004-s0.081250-t1002-N128-ref,I004,0.08125,1002,1,RECOVERED,1.16518016e-07,0.917641584,0.93177102,0.894117647,0.260089151,0.137121208,0.399339117,0.997381016,1.02919498,1.06432749,-0.219875045,-0.199067923,1.08606798,0.433709428,0.96672045,0.982089945,0.940828402,-0.260725114,-0.146971159,1.05698479,0.422095374,1.00545551,1.00884022,1,-0.0320539762,-0.0275814351,1.09184538,0.436016571
L4-001-I004-s0.084375-t1002-N128-ref,I004,0.084375,1002,0,DIED,6.45373157e-08,0.915219477,0.929157994,0.888235294,0.265702814,0.139268531,0.398285065,0.99768098,1.03385804,1.04678363,-0.11648167,-0.153830951,1.08926973,0.433839866,1.02656431,1.06355069,1.01183432,0.0966544682,0.00855158003,1.12538682,0.448224763,0.971797149,1.01437397,0.898203593,-0.0784258841,-0.178327857,1.05808787,0.421420597
L4-001-I004-s0.075000-t1003-N128-ref,I004,0.075,1003,1,RECOVERED,7.64792004e-08,0.923774979,0.936750334,0.905325444,0.252432047,0.132276191,0.402970076,0.999882452,1.02354194,1.04117647,-0.0932859026,-0.0752927237,1.08221855,0.436101692,0.99041545,0.985771469,1,-0.0642711025,-0.0265347502,1.07179958,0.43190316,1.00766747,1.00467797,0.970238095,-0.00424073307,0.00283815458,1.08460998,0.437065366
L4-001-I004-s0.087500-t1003-N128-ref,I004,0.0875,1003,1,RECOVERED,1.48917045e-07,0.912297019,0.926305695,0.881656805,0.27398727,0.143176199,0.397963149,0.999653401,1.02292137,1.04705882,-0.22235635,-0.146753244,1.09558333,0.436001791,0.978822994,0.980401042,0.988095238,-0.196764332,-0.0981656662,1.07258144,0.426847889,1.0001716,1.0026097,1.01785714,-0.0136444714,-0.00777049093,1.09008614,0.433814113
L4-001-I004-s0.093750-t1003-N128-ref,I004,0.09375,1003,0,DIED,1.68680031e-07,0.90443637,0.921037272,0.863905325,0.283497572,0.148430331,0.394534169,1.00991351,1.03551821,1,0.0499193492,-0.0409011708,1.11644771,0.440476769,0.688793364,0.846998864,0.827380952,-0.116649385,-0.0803179463,0.76133064,0.300370951,0.00429112619,0.630053621,0.0119047619,0.693141454,0.764849689,0.0047175425,0.00186123171
L4-001-I004-s0.090625-t1003-N128-ref,I004,0.090625,1003,0,DIED,3.85259663e-07,0.908510489,0.92380703,0.875739645,0.278013555,0.145666218,0.396311385,0.991570883,1.02190537,1.08235294,-0.13584073,-0.162085169,1.09125449,0.432476577,0.809011371,1.04568985,0.916666667,-0.0056690708,0.0148821703,0.890198897,0.352795958,0,nan,0,nan,nan,0,0
L4-001-I004-s0.075000-t1004-N128-ref,I004,0.075,1004,1,RECOVERED,2.08859583e-07,0.923632067,0.936247212,0.901162791,0.254671812,0.134466295,0.403738791,0.992435495,1.02268435,1.00578035,-0.165134875,-0.119290989,1.07174085,0.432703357,0.985204592,0.985716944,0.96,-0.128544083,-0.0678627414,1.05976803,0.427869462,0.995959752,1.0048479,1.01197605,-0.0167936622,-0.0153694316,1.07755483,0.435050686
L4-001-I004-s0.087500-t1004-N128-ref,I004,0.0875,1004,0,DIED,2.28106072e-07,0.910802617,0.926574403,0.877906977,0.275347169,0.146212441,0.398130772,1.01188717,1.04552732,0.965317919,0.0616865651,-0.0302187397,1.1081392,0.441184316,0.621193804,0.834740196,0.754285714,-0.0594172765,-0.0513779633,0.677620028,0.269781385,0,nan,0,nan,nan,0,0
L4-001-I004-s0.081250-t1004-N128-ref,I004,0.08125,1004,1,RECOVERED,3.20966065e-08,0.918476149,0.931758242,0.889534884,0.265280794,0.139979791,0.401485032,0.99100718,1.02823479,1.02890173,-0.218075432,-0.211927776,1.07620602,0.432080609,0.971795843,0.993910783,0.937142857,-0.174087173,-0.169889961,1.05121256,0.422046109,1.00496691,1.01527708,1.02994012,0.0528953962,0.0249860412,1.09340353,0.438985152
L4-001-I004-s0.084375-t1004-N128-ref,I004,0.084375,1004,0,DIED,2.41416347e-08,0.914177437,0.928496135,0.88372093,0.271080126,0.143460547,0.399605976,0.996868643,1.03660784,1.01156069,-0.0950492168,-0.140403194,1.08766195,0.434636215,0.793334626,1.04293989,0.902857143,-0.000658875701,0.0141504065,0.862202543,0.344541289,0,nan,0,nan,nan,0,0
