step,time,mass,peak,area,gyradius,cx_cells,cy_cells,alive,growth,x_cells,y_cells,speed
0,0,0.454809143,1,1.0887574,0.455188112,64.5164986,64.5990888,1,nan,64.5164986,64.5990888,nan
10,1,0.437008198,1,0.98816568,0.440135589,66.8719068,70.6539526,1,0.473947299,66.8719068,70.6539526,0.499759249
20,2,0.432781001,1,1.01183432,0.434777356,69.2144854,76.6035496,1,0.474939237,69.2144854,76.6035496,0.49185904
30,3,0.438194969,1,1.01183432,0.442703785,71.4226505,82.2607309,1,0.469944116,71.4226505,82.2607309,0.467143486
40,4,0.432519954,1,1.00591716,0.436351265,73.7726871,88.1456158,1,0.469263021,73.7726871,88.1456158,0.48744317
50,5,0.434430037,1,1.00591716,0.43563728,76.066294,93.9592433,1,0.487470907,76.066294,93.9592433,0.480747064
60,6,0.437040915,1,1.01775148,0.436855753,78.3631484,99.7306169,1,0.474607737,78.3631484,99.7306169,0.477817358
70,7,0.435421754,1,0.982248521,0.438534324,80.67555,105.492981,1,0.464427546,80.67555,105.492981,0.477617585
80,8,0.435887071,1,0.99408284,0.439001352,82.9803069,111.261268,1,0.479906496,82.9803069,111.261268,0.477822041
90,9,0.43546081,1,1.00591716,0.436900629,85.2543351,117.089179,1,0.478251306,85.2543351,117.089179,0.481219726
100,10,0.435023672,1,1.00591716,0.435432983,87.5908195,122.909254,1,0.463570132,87.5908195,122.909254,0.482427562
110,11,0.434915271,1,1,0.436607794,89.9616299,0.673385481,1,0.482922416,89.9616299,128.673385,0.479434752
120,12,0.437237989,1,0.99408284,0.437159202,92.3000425,6.43442418,1,0.481597828,92.3000425,134.434424,0.478271917
130,13,0.437231317,1,1.01775148,0.43789149,94.6321662,12.1881097,1,0.466277576,94.6321662,140.18811,0.477565932
140,14,0.436088276,1,1,0.438363758,96.9778593,17.9778697,1,0.483002033,96.9778593,145.97787,0.480529769
150,15,0.437397914,1,1.01183432,0.439048497,99.2517149,23.7438438,1,0.474348403,99.2517149,151.743844,0.476779605
160,16,0.435603823,1,1.01775148,0.440015402,101.575141,29.5305058,1,0.461837184,101.575141,157.530506,0.479668087
170,17,0.43384669,1,0.98816568,0.437443179,103.918477,35.3377096,1,0.478542117,103.918477,163.33771,0.481705766
180,18,0.433338095,1,0.976331361,0.434894975,106.207922,41.1594374,1,0.483088407,106.207922,169.159437,0.481209476
190,19,0.436699911,1,1.00591716,0.435528244,108.545614,46.9519105,1,0.467137942,108.545614,174.951911,0.480492552
200,20,0.436734575,1,0.98816568,0.43816437,110.86275,52.6919027,1,0.474573682,110.86275,180.691903,0.476157127
210,21,0.437918267,1,1.01775148,0.439132068,113.166386,58.4707997,1,0.483741529,113.166386,186.4708,0.47854802
220,22,0.436078566,1,1,0.439645433,115.473843,64.2397851,1,0.465078406,115.473843,192.239785,0.477948979
230,23,0.43380595,1,1.03550296,0.439171234,117.816963,70.0333802,1,0.470662077,117.816963,198.03338,0.480728964
240,24,0.433153181,1,0.98816568,0.435625736,120.148878,75.8727989,1,0.484978648,120.148878,203.872799,0.483678189
250,25,0.436476444,1,1,0.435096652,122.439077,81.6644371,1,0.473027234,122.439077,209.664437,0.479077538
260,26,0.435929518,1,0.982248521,0.436686203,124.827882,87.4120454,1,0.473721843,124.827882,215.412045,0.478789112
270,27,0.436051595,1,0.99408284,0.436937556,127.154751,93.1837168,1,0.484545987,127.154751,221.183717,0.478697122
280,28,0.436820177,1,1.02366864,0.438082276,1.52423574,98.9468679,1,0.46453627,129.524236,226.946868,0.479326253
290,29,0.436257743,1,1,0.439528472,3.84667699,104.710833,1,0.47218926,131.846677,232.710833,0.478019967
300,30,0.437206106,1,1.01183432,0.438812796,6.1638326,110.506622,1,0.482418127,134.163833,238.506622,0.480140407
310,31,0.435762655,1,1.01183432,0.43917682,8.46619897,116.28456,1,0.465257537,136.466199,244.28456,0.478443361
320,32,0.433618074,1,1.01775148,0.438732324,10.8058902,122.079499,1,0.470482603,138.80589,250.079499,0.480725965
330,33,0.432818302,1,0.98816568,0.435058012,13.1268042,127.91925,1,0.485980951,141.126804,255.91925,0.483388822
340,34,0.437067859,1,0.99408284,0.43507227,15.4168325,5.69988821,1,0.474461315,143.416833,261.699888,0.47828591
350,35,0.436382304,1,0.970414201,0.437133851,17.7769636,11.4575908,1,0.468853257,145.776964,267.457591,0.478665289
360,36,0.437428886,1,0.98816568,0.439085704,20.060819,17.2073178,1,0.48376585,148.060819,273.207318,0.475900619
370,37,0.437434115,1,1.02366864,0.44012772,22.3590208,22.9874118,1,0.468228939,150.359021,278.987412,0.478478966
380,38,0.434394957,1,1.03550296,0.438883799,24.7065619,28.7813069,1,0.459599521,152.706562,284.781307,0.480877948
390,39,0.433254316,1,0.98816568,0.436341543,27.0348577,34.6082588,1,0.487020617,155.034858,290.608259,0.482684371
400,40,0.434621099,1,0.98816568,0.434710479,29.3419078,40.4286336,1,0.481219894,157.341908,296.428634,0.481609996
410,41,0.436812057,1,1.01183432,0.43680039,31.6736296,46.1645047,1,0.466128282,159.67363,302.164505,0.476284579
420,42,0.436815651,1,1.00591716,0.437630144,34.0329025,51.9380411,1,0.487323074,162.032903,307.938041,0.47976752
430,43,0.437733842,1,1.00591716,0.438278773,36.346165,57.7025555,1,0.472397387,164.346165,313.702555,0.477795785
440,44,0.434783643,1,0.976331361,0.438838839,38.7145428,63.4805081,1,0.463265557,166.714543,319.480508,0.480347198
450,45,0.436099084,1,0.98816568,0.43973725,41.0327374,69.2498919,1,0.482351804,169.032737,325.249892,0.478284759
460,46,0.436879286,1,1.0295858,0.438835597,43.3384356,75.0393062,1,0.4710135,171.338436,331.039306,0.47935831
470,47,0.434532134,1,1.03550296,0.438136527,45.6854323,80.8322183,1,0.460114676,173.685432,336.832218,0.480792143
480,48,0.433271935,1,0.98816568,0.435968928,48.0119331,86.6548166,1,0.486259131,176.011933,342.654817,0.482322157
490,49,0.435347248,1,1,0.435064079,50.326503,92.4616034,1,0.48340573,178.326503,348.461603,0.480852339
500,50,0.437732396,1,1.00591716,0.437068987,52.6164292,98.207621,1,0.467826712,180.616429,354.207621,0.475808127
510,51,0.43580061,1,1.00591716,0.43818273,54.9458367,103.99619,1,0.480726325,182.945837,359.99619,0.479975781
520,52,0.436826603,1,0.99408284,0.438854448,57.2004881,109.769147,1,0.476762059,185.200488,365.769147,0.476739937
530,53,0.436622286,1,1,0.439189819,59.4804884,115.573341,1,0.466614403,187.480488,371.573341,0.479688475
540,54,0.434381638,1,1.00591716,0.436259023,61.8225487,121.383421,1,0.473228769,189.822549,377.383421,0.48187423
550,55,0.43580214,1,0.98816568,0.436976856,64.1176036,127.177657,1,0.485569541,192.117604,383.177657,0.479400851
560,56,0.437308232,1,1.03550296,0.438645237,66.4321858,4.93786988,1,0.466142858,194.432186,388.93787,0.477526543
570,57,0.435192993,1,1.00591716,0.439271464,68.7693818,10.7034787,1,0.463139085,196.769382,394.703479,0.478562507
580,58,0.435578916,1,1.01775148,0.437805576,71.0921615,16.524612,1,0.486689946,199.092161,400.524612,0.482111347
590,59,0.435433311,1,1,0.43675263,73.4030545,22.328111,1,0.471876777,201.403055,406.328111,0.480512713
600,60,0.434251341,1,1.01775148,0.437485657,75.7504771,28.0991961,1,0.468022723,203.750477,412.099196,0.479248768
610,61,0.43402354,1,0.99408284,0.435405391,78.0938872,33.8991692,1,0.48681578,206.093887,417.899169,0.481192179
620,62,0.437361391,1,0.98816568,0.435372552,80.4077786,39.6741314,1,0.474386528,208.407779,423.674131,0.478559739
630,63,0.436378729,1,0.982248521,0.437455241,82.7658638,45.4346399,1,0.468156409,210.765864,429.43464,0.478805365
640,64,0.437203528,1,0.982248521,0.438970986,85.0554424,51.1890609,1,0.48313803,213.055442,435.189061,0.476398791
650,65,0.437359076,1,1.01775148,0.44005639,87.3504668,56.9677119,1,0.468639923,215.350467,440.967712,0.478285544
660,66,0.434517184,1,1.03550296,0.43900824,89.7007874,62.7573742,1,0.459491951,217.700787,446.757374,0.480656582
670,67,0.433440259,1,0.99408284,0.436497156,92.0281592,68.5809569,1,0.486662599,220.028159,452.580957,0.48241733
680,68,0.43438128,1,0.98816568,0.434656632,94.338378,74.4078805,1,0.480912964,222.338378,458.40788,0.482168113
690,69,0.436700952,1,1,0.436731889,96.6705639,80.1438366,1,0.465826376,224.670564,464.143837,0.476304089
700,70,0.436665737,1,1.01183432,0.437561596,99.0316021,85.9216195,1,0.487558498,227.031602,469.921619,0.480121263
710,71,0.437744801,1,1.00591716,0.438090502,101.348811,91.6802497,1,0.472642493,229.348811,475.68025,0.477488995
720,72,0.434970118,1,0.982248521,0.438568652,103.717665,97.4566731,1,0.464177221,231.717665,481.456673,0.480252249
730,73,0.436282329,1,0.98816568,0.43981875,106.031912,103.224805,1,0.48196843,234.031912,487.224805,0.478082221
740,74,0.43705582,1,1.01775148,0.439202317,108.327938,109.010894,1,0.470946701,236.327938,493.010894,0.478845775
750,75,0.434596875,1,1.02366864,0.438236998,110.670324,114.810042,1,0.459684068,238.670324,498.810042,0.481103872
760,76,0.433394331,1,0.982248521,0.436165442,112.98635,120.631529,1,0.485315372,240.98635,504.631529,0.481944259
770,77,0.435590645,1,0.99408284,0.435556917,115.299159,126.442891,1,0.484541746,243.299159,510.442891,0.481129218
780,78,0.43761211,1,1.00591716,0.43710931,117.579175,4.19192433,1,0.467801411,245.579175,516.191924,0.47574207
790,79,0.43493276,1,1.03550296,0.437935344,119.907081,9.99083898,1,0.478035957,247.907081,521.990839,0.480671095
800,80,0.435709711,1,0.99408284,0.437952961,122.168716,15.7786095,1,0.480092111,250.168716,527.778609,0.477996817
810,81,0.437007866,1,0.98816568,0.438009075,124.450108,21.5710702,1,0.46944177,252.450108,533.57107,0.478887699
820,82,0.435185247,1,1.00591716,0.43642362,126.814546,27.3577662,1,0.473064552,254.814546,539.357766,0.480854871
830,83,0.435314828,1,0.98816568,0.436229072,1.13742849,33.1544503,1,0.484919673,257.137428,545.15445,0.480368023
840,84,0.436928312,1,1.02366864,0.437847019,3.4750585,38.9141773,1,0.465473826,259.475058,550.914177,0.478155781
850,85,0.435856924,1,1.00591716,0.43929181,5.79818964,44.6662799,1,0.467053744,261.79819,556.66628,0.477193612
860,86,0.43667568,1,1.00591716,0.438674417,8.10836808,50.4781198,1,0.485170929,264.108368,562.47812,0.481088556
870,87,0.4355919,1,1.01183432,0.437811377,10.3987387,56.2761757,1,0.469185922,266.398739,568.276176,0.479541512
880,88,0.43449844,1,1.01775148,0.43827108,12.70827,62.0609285,1,0.46379752,268.70827,574.060929,0.479134449
890,89,0.435055485,1,1.01775148,0.436671151,15.0329179,67.8797195,1,0.486667487,271.032918,579.879719,0.481997298
900,90,0.437342466,1,0.99408284,0.436633569,17.3380575,73.6480856,1,0.474276837,273.338057,585.648086,0.477838551
910,91,0.435603352,1,0.98816568,0.438173929,19.6761302,79.4242763,1,0.465525834,275.67613,591.424276,0.479342272
920,92,0.435902224,1,1.00591716,0.439234356,21.9873157,85.1856375,1,0.479413646,277.987316,597.185637,0.47751118
930,93,0.436690638,1,1.0295858,0.438504617,24.2598218,90.9817745,1,0.475840713,280.259822,602.981775,0.478900916
940,94,0.434869189,1,1.00591716,0.436927969,26.5960244,96.7939734,1,0.46180125,282.596024,608.793973,0.481857225
950,95,0.433882222,1,0.98816568,0.436167171,28.9369217,102.588884,1,0.482781413,284.936922,614.588884,0.480758723
960,96,0.435972542,1,1,0.436567943,31.2543012,108.376549,1,0.485513822,287.254301,620.376549,0.479566587
970,97,0.437763957,1,1.01183432,0.437929088,33.5518817,114.119373,1,0.466335552,289.551882,626.119373,0.4757983
980,98,0.434895079,1,1.0295858,0.438260508,35.8762286,119.933308,1,0.476048142,291.876229,631.933308,0.481641813
990,99,0.43524175,1,0.99408284,0.437522891,38.1548755,125.734361,1,0.482091582,294.154875,637.734361,0.47942554
1000,100,0.436949839,1,0.98816568,0.437863099,40.4286757,3.52012626,1,0.470436012,296.428676,643.520126,0.478194605
1010,101,0.435305937,1,0.99408284,0.436818748,42.7936335,9.30805799,1,0.471642466,298.793633,649.308058,0.480957987
1020,102,0.435428816,1,0.99408284,0.436201246,45.1195933,15.0955,1,0.484431505,301.119593,655.0955,0.479796392
1030,103,0.436674776,1,1.0295858,0.437340318,47.4653257,20.8610292,1,0.466286282,303.465326,660.861029,0.47880391
1040,104,0.436019087,1,1,0.439050973,49.8008835,26.6134656,1,0.467293722,305.800884,666.613466,0.477576194
1050,105,0.437385778,1,1.01183432,0.43934209,52.0988989,32.3989664,1,0.483929505,308.098899,672.398966,0.478860175
1060,106,0.43608174,1,1.01183432,0.438705893,54.3941714,38.1929251,1,0.468040464,310.394171,678.192925,0.479387144
1070,107,0.434250888,1,1.02366864,0.438553669,56.6961179,43.9871574,1,0.461798183,312.696118,683.987157,0.479596015
1080,108,0.434164035,1,1.02366864,0.436510056,59.011794,49.8314083,1,0.485398126,315.011794,689.831408,0.483561889
1090,109,0.437288842,1,1.00591716,0.436594948,61.3014883,55.5983388,1,0.476579363,317.301488,695.598339,0.477296299
1100,110,0.436248471,1,1,0.438505754,63.6105726,61.372861,1,0.466248821,319.610573,701.372861,0.478390897
1110,111,0.434690343,1,1.01775148,0.43834179,65.9403313,67.1523031,1,0.477631077,321.940331,707.152303,0.479334643
1120,112,0.435654608,1,1.01775148,0.43734062,68.2185292,72.9518025,1,0.479842199,324.218529,712.951802,0.479301623
1130,113,0.435355887,1,1,0.436431813,70.5621382,78.7593158,1,0.464093908,326.562138,718.759316,0.481735735
1140,114,0.434195527,1,1.00591716,0.435735131,72.931683,84.5363047,1,0.482917969,328.931683,724.536305,0.480312667
1150,115,0.434746462,1,0.99408284,0.435484039,75.2704766,90.3186468,1,0.484961354,331.270477,730.318647,0.479801702
1160,116,0.437701852,1,0.99408284,0.437349197,77.5819287,96.0625429,1,0.465919426,333.581929,736.062543,0.476272218
1170,117,0.436446226,1,1.01183432,0.438800874,79.9017869,101.849196,1,0.47887976,335.901787,741.849196,0.479565229
1180,118,0.437164289,1,1.00591716,0.438673623,82.1917367,107.62909,1,0.478608185,338.191737,747.62909,0.478230538
1190,119,0.436553798,1,0.98816568,0.439957846,84.4602596,113.407662,1,0.465664508,340.46026,753.407662,0.477531147
1200,120,0.433727982,1,1.01775148,0.437475627,86.7958076,119.2443,1,0.47162577,342.795808,759.2443,0.483583297
1210,121,0.435056107,1,1,0.435946911,89.0845239,125.04981,1,0.485029003,345.084524,765.04981,0.480028206
1220,122,0.437179707,1,1.02366864,0.437907208,91.3827829,2.81452585,1,0.471652591,347.382783,770.814526,0.47738155
1230,123,0.435322223,1,0.99408284,0.438996133,93.7134068,8.58248387,1,0.463099738,349.713407,776.582484,0.478540356
1240,124,0.435615954,1,0.98816568,0.438207252,96.0286905,14.3727199,1,0.483934241,352.02869,782.37272,0.479690311
1250,125,0.435520748,1,1.01775148,0.436703199,98.3320782,20.1871835,1,0.474277701,354.332078,788.187184,0.481083478
1260,126,0.434395818,1,1.02366864,0.436887487,100.679672,25.9725407,1,0.46393658,356.679672,793.972541,0.480270834
1270,127,0.434122959,1,1.00591716,0.43610847,103.032167,31.7623473,1,0.486636243,359.032167,799.762347,0.480729819
1280,128,0.437025708,1,0.982248521,0.435672114,105.343675,37.5320973,1,0.478287481,361.343675,805.532097,0.478119361
1290,129,0.437202154,1,1.00591716,0.437383921,107.657585,43.3047527,1,0.469018415,363.657585,811.304753,0.478395559
1300,130,0.4360044,1,1.01775148,0.438518074,109.969235,49.0838724,1,0.479981846,365.969235,817.083872,0.478792542
1310,131,0.436752896,1,1.01775148,0.439268007,112.204804,54.8623822,1,0.478033198,368.204804,822.862382,0.476606258
1320,132,0.435869781,1,0.976331361,0.437565728,114.503163,60.6978995,1,0.465469726,370.503163,828.697899,0.482447627
1330,133,0.434913241,1,0.99408284,0.436412688,116.844983,66.487145,1,0.474864317,372.844983,834.487145,0.480381281
1340,134,0.436492064,1,1.00591716,0.437922348,119.146766,72.2588218,1,0.4849977,375.146766,840.258822,0.477979343
1350,135,0.437548087,1,1.0295858,0.439243169,121.481104,78.0055438,1,0.464206064,377.481104,846.005544,0.477133638
1360,136,0.434749898,1,1.01775148,0.43880817,123.830555,83.8050541,1,0.469779863,379.830555,851.805054,0.481333453
1370,137,0.43586884,1,1.00591716,0.437608086,126.157453,89.6096118,1,0.483388585,382.157453,857.609612,0.481045109
1380,138,0.435996515,1,0.98816568,0.438702076,0.464111142,95.3785995,1,0.46723063,384.464111,863.378599,0.477926302
1390,139,0.433798351,1,1.02366864,0.437798483,2.82108666,101.161705,1,0.47228427,386.821087,869.161705,0.480382265
1400,140,0.433428397,1,0.98816568,0.434857606,5.12329735,106.984177,1,0.485483188,389.123297,874.984177,0.481622939
1410,141,0.437048812,1,0.98816568,0.435613231,7.42853654,112.768991,1,0.473075661,391.428537,880.768991,0.479016557
1420,142,0.435857259,1,0.98816568,0.437616403,9.75492842,118.536317,1,0.466466752,393.754928,886.536317,0.47837339
1430,143,0.437123937,1,0.99408284,0.43928729,12.0182727,124.295585,1,0.482707117,396.018273,892.295585,0.476003432
1440,144,0.435871773,1,1.01775148,0.437805059,14.2896113,2.12247034,1,0.475442235,398.289611,898.12247,0.481071091
1450,145,0.434805805,1,1.01183432,0.43628346,16.5991984,7.94019047,1,0.462090931,400.599198,903.94019,0.481492134
1460,146,0.435570326,1,1.01183432,0.437698493,18.9410989,13.7069896,1,0.480709888,402.941099,909.70699,0.478783409
1470,147,0.437972268,1,1.00591716,0.43806131,21.2572467,19.4685635,1,0.480577175,405.257247,915.468563,0.477668612
1480,148,0.436324928,1,1.01183432,0.438392854,23.6091159,25.2396434,1,0.466229688,407.609116,921.239643,0.479377383
1490,149,0.434723358,1,1.01183432,0.438109042,25.9533202,31.0411284,1,0.479626586,409.95332,927.041128,0.481322895
1500,150,0.436571777,1,1.01183432,0.438999778,28.2298605,36.8078968,1,0.475477423,412.22986,932.807897,0.476912243
1510,151,0.436267724,1,1.00591716,0.43930342,30.5505805,42.5921131,1,0.463666401,414.550581,938.592113,0.479415937
1520,152,0.43366278,1,0.98816568,0.436258126,32.8846004,48.4095578,1,0.47853012,416.8846,944.409558,0.482169108
1530,153,0.434822147,1,0.982248521,0.435841544,35.1737998,54.2183718,1,0.486376309,419.1738,950.218372,0.48027824
1540,154,0.437224042,1,1.0295858,0.437452526,37.4855274,59.9861403,1,0.466361546,421.485527,955.98614,0.477984163
1550,155,0.435264588,1,1.00591716,0.438436615,39.7826238,65.758448,1,0.464786751,423.782624,961.758448,0.477891005
1560,156,0.435145381,1,1.01183432,0.437376578,42.0920357,71.5712461,1,0.486840366,426.092036,967.571246,0.481135274
1570,157,0.435512151,1,0.982248521,0.436619909,44.3718065,77.378073,1,0.474991577,428.371806,973.378073,0.479870508
1580,158,0.435488071,1,0.98816568,0.437349492,46.7138707,83.1458305,1,0.466672367,430.713871,979.14583,0.478856445
1590,159,0.436137892,1,0.99408284,0.436849365,49.0678974,88.9211015,1,0.48722428,433.067897,984.921102,0.479738573
1600,160,0.437101224,1,1,0.43632919,51.4042302,94.6993435,1,0.472305395,435.40423,990.699344,0.479438351
1610,161,0.435815109,1,0.970414201,0.437971119,53.7522472,100.468483,1,0.467145058,437.752247,996.468483,0.479127374
1620,162,0.437142442,1,1,0.439746108,56.0327187,106.221975,1,0.482254772,440.032719,1002.22197,0.476073781
1630,163,0.436930675,1,1.01775148,0.439470841,58.3053886,112.024685,1,0.472362636,442.305389,1008.02468,0.479376284
1640,164,0.434343842,1,1.01775148,0.437701849,60.617949,117.846501,1,0.460353534,444.617949,1013.8465,0.481869423
1650,165,0.434307248,1,1,0.437044579,62.9246594,123.652108,1,0.479885912,446.924659,1019.65211,0.480544471
1660,166,0.437140652,1,1,0.437568396,65.222806,1.43654723,1,0.483563782,449.222806,1025.43655,0.478787979
1670,167,0.436774414,1,1.01183432,0.438521835,67.5354868,7.18825582,1,0.465416261,451.535487,1031.18826,0.476865034
1680,168,0.434247791,1,1.02366864,0.438146296,69.8837024,12.9930013,1,0.476527078,453.883702,1036.993,0.481671071
1690,169,0.435281266,1,0.99408284,0.437459627,72.1883275,18.7901059,1,0.480337698,456.188327,1042.79011,0.479877443
1700,170,0.436564688,1,0.982248521,0.437991692,74.4922669,24.5714335,1,0.467582855,458.492267,1048.57143,0.478730358
1710,171,0.43449004,1,1.01183432,0.436336565,76.8588865,30.3527983,1,0.476845087,460.858886,1054.3528,0.480538815
1720,172,0.433991264,1,0.982248521,0.434996707,79.1741693,36.1574809,1,0.484369632,463.174169,1060.15748,0.480722305
1730,173,0.436958527,1,1.01775148,0.43662252,81.5141391,41.9240985,1,0.466399016,465.514139,1065.9241,0.478714609
1740,174,0.436302839,1,1,0.438674358,83.8132428,47.6823256,1,0.468586629,467.813243,1071.68233,0.476942042
1750,175,0.437019231,1,1.00591716,0.439077021,86.1001741,53.4825188,1,0.485777493,470.100174,1077.48252,0.479597318
1760,176,0.435584063,1,1.00591716,0.43765623,88.366888,59.2911641,1,0.471043648,472.366888,1083.29116,0.479634675
1770,177,0.435149852,1,1.01183432,0.437779801,90.6699744,65.0819694,1,0.463162331,474.669974,1089.08197,0.479383431
1780,178,0.43614067,1,1.01775148,0.437507672,93.0040382,70.8778193,1,0.485849378,477.004038,1094.87782,0.480629088
1790,179,0.437733282,1,0.98816568,0.437725926,95.3175834,76.6436443,1,0.473885796,479.317583,1100.64364,0.477897452
1800,180,0.43527101,1,0.99408284,0.438715509,97.6796311,82.4181354,1,0.46435469,481.679631,1106.41814,0.479916271
1810,181,0.435812095,1,1.00591716,0.439423312,100.009702,88.1857664,1,0.480313318,484.009702,1112.18577,0.478501107
1820,182,0.437063738,1,1.02366864,0.439015694,102.296128,93.9698011,1,0.473192909,486.296128,1117.9698,0.478426916
1830,183,0.435006187,1,1.01183432,0.438236275,104.641712,99.7636984,1,0.460527117,488.641712,1123.7637,0.480821585
1840,184,0.433589313,1,0.98816568,0.43626402,106.959886,105.576015,1,0.48384446,490.959886,1129.57601,0.481350131
1850,185,0.435293951,1,0.99408284,0.435640301,109.274791,111.38965,1,0.485832616,493.274791,1135.38965,0.4813513
1860,186,0.437708655,1,1.01183432,0.437214854,111.558391,117.141003,1,0.467008454,495.558391,1141.141,0.476009565
1870,187,0.434918844,1,1.0295858,0.438172167,113.875214,122.943496,1,0.476068655,497.875214,1146.9435,0.480609813
1880,188,0.435140639,1,0.99408284,0.437449329,116.145453,0.742683162,1,0.482314924,500.145453,1152.74268,0.47905574
1890,189,0.437059007,1,0.98816568,0.437320449,118.417664,6.53617413,1,0.471550469,502.417664,1158.53617,0.478703128
1900,190,0.435626639,1,0.98816568,0.436975865,120.78288,12.3142532,1,0.470384886,504.78288,1164.31425,0.480264006
1910,191,0.4358783,1,0.99408284,0.436765413,123.110507,18.0995271,1,0.484332909,507.110507,1170.09953,0.479689524
1920,192,0.436732128,1,1.0295858,0.437746915,125.454412,23.8620259,1,0.465919009,509.454412,1175.86203,0.478534993
1930,193,0.435911329,1,1.00591716,0.439342581,127.806709,29.6173379,1,0.467579181,511.806709,1181.61734,0.478266837
1940,194,0.437377786,1,1.01183432,0.439327746,2.10898744,35.4017703,1,0.483680441,514.108987,1187.40177,0.478904968
1950,195,0.436105574,1,1.01775148,0.438942922,4.4157288,41.1883761,1,0.467266255,516.415729,1193.18838,0.479187318
1960,196,0.434070073,1,1.0295858,0.438729636,6.72807923,46.9804479,1,0.463265492,518.728079,1198.98045,0.479737729
1970,197,0.433391644,1,1.01775148,0.435728548,9.0494166,52.8359713,1,0.486248853,521.049417,1204.83597,0.484528448
1980,198,0.436848156,1,0.99408284,0.435595732,11.3362763,58.6127301,1,0.476489626,523.336276,1210.61273,0.477918743
1990,199,0.436379136,1,0.98816568,0.437588973,13.6470683,64.3895774,1,0.467953372,525.647068,1216.38958,0.478605749
2000,200,0.435279322,1,1.01775148,0.438390709,15.9499824,70.1595044,1,0.478258201,527.949982,1222.1595,0.47788656
2010,201,0.435795898,1,1.01183432,0.43763142,18.2067252,75.9539367,1,0.480250474,530.206725,1227.95394,0.478337446
2020,202,0.435524404,1,0.976331361,0.435894129,20.5320291,81.7783285,1,0.465050142,532.532029,1233.77833,0.482416115
2030,203,0.434707816,1,1.00591716,0.436148233,22.9037346,87.5527428,1,0.479516666,534.903735,1239.55274,0.480192568
2040,204,0.435968622,1,0.98816568,0.436984718,25.2252905,93.3254552,1,0.484598188,537.225291,1245.32546,0.478618763
2050,205,0.43772924,1,1.01775148,0.438607819,27.5635029,99.0529999,1,0.464936798,539.563503,1251.053,0.475879783
2060,206,0.435863778,1,1.01775148,0.438763897,29.8964865,104.861137,1,0.477859327,541.896486,1256.86114,0.481474984
2070,207,0.436890008,1,1.01183432,0.438531617,32.1919104,110.644187,1,0.479058132,544.19191,1262.64419,0.478611403
2080,208,0.436536655,1,1,0.4396871,34.4626821,116.422742,1,0.465963256,546.462682,1268.42274,0.477593232
2090,209,0.433939591,1,1.01775148,0.437390737,36.7978857,122.250674,1,0.471729583,548.797886,1274.25067,0.482951735
2100,210,0.435108471,1,0.99408284,0.435921265,39.087303,0.0565919991,1,0.485031176,551.087303,1280.05659,0.480077139
2110,211,0.437167008,1,1.02366864,0.437914104,41.3867709,5.82149443,1,0.471220759,553.386771,1285.82149,0.477429339
2120,212,0.435358233,1,0.99408284,0.43904672,43.715308,11.5886638,1,0.462957574,555.715308,1291.58866,0.478423983
2130,213,0.435582332,1,0.98816568,0.438158193,46.0299433,17.3819842,1,0.484090455,558.029943,1297.38198,0.479892114
2140,214,0.435431691,1,1.01775148,0.436568917,48.3319959,23.1968306,1,0.474332402,560.331996,1303.19683,0.481073044
2150,215,0.434394778,1,1.0295858,0.436816986,50.6781869,28.982425,1,0.463935226,562.678187,1308.98242,0.480247188
2160,216,0.434212534,1,1.01183432,0.436176098,53.0306638,34.7709138,1,0.486519435,565.030664,1314.77091,0.48063537
2170,217,0.437171824,1,0.98816568,0.43584812,55.3410574,40.5386829,1,0.477690161,567.341057,1320.53868,0.477946039
2180,218,0.437058441,1,1,0.437423288,57.6566855,46.3136601,1,0.469037383,569.656685,1326.31366,0.478610512
2190,219,0.435926446,1,1.01183432,0.438535056,59.9665293,52.0933558,1,0.479735492,571.966529,1332.09336,0.478782113
2200,220,0.436646422,1,1.01775148,0.43910407,62.2025741,57.8737109,1,0.478432355,574.202574,1337.87371,0.476751841
2210,221,0.435858337,1,0.976331361,0.437274005,64.5040557,63.7086637,1,0.465579328,576.504056,1343.70866,0.482495308
2220,222,0.43501607,1,0.99408284,0.436444543,66.8501687,69.4944206,1,0.475385048,578.850169,1349.49442,0.48025652
2230,223,0.436505382,1,1.00591716,0.437879137,69.1564719,75.2643873,1,0.484950569,581.156472,1355.26439,0.477986103
2240,224,0.437482695,1,1.0295858,0.439134646,71.4984901,81.0085398,1,0.464037932,583.49849,1361.00854,0.477173238
2250,225,0.435043932,1,1.02366864,0.438850898,73.8425354,86.8096438,1,0.471339968,585.842535,1366.80964,0.481291139
2260,226,0.436208211,1,1.00591716,0.43784696,76.1662054,92.6083865,1,0.4822551,588.166205,1372.60839,0.480537544
2270,227,0.436107157,1,0.99408284,0.438964458,78.4615919,98.3783289,1,0.46689918,590.461592,1378.37833,0.477673318
2280,228,0.43381915,1,1.01775148,0.437810687,80.8105275,104.173745,1,0.472025348,592.810528,1384.17374,0.481026671
2290,229,0.433801946,1,0.99408284,0.43501194,83.1070129,109.99899,1,0.485955877,595.107013,1389.99899,0.481659621
2300,230,0.437059023,1,1,0.436265934,85.4090215,115.777861,1,0.473037409,597.409022,1395.77786,0.478499884
2310,231,0.435413477,1,0.98816568,0.437853161,87.7232119,121.553143,1,0.464767021,599.723212,1401.55314,0.478591073
2320,232,0.436245947,1,1,0.438679732,90.0040303,127.317471,1,0.482082912,602.00403,1407.31747,0.476858652
2330,233,0.43535402,1,0.99408284,0.436875893,92.2787931,5.1416627,1,0.47712269,604.278793,1413.14166,0.480973817
2340,234,0.434996069,1,1.00591716,0.435934515,94.6065143,10.9550467,1,0.463330981,606.606514,1418.95505,0.481698914
2350,235,0.435436325,1,1.00591716,0.437294374,96.9669228,16.7155548,1,0.482534902,608.966923,1424.71555,0.478873073
2360,236,0.437864249,1,0.99408284,0.437542523,99.2973253,22.473764,1,0.478956792,611.297325,1430.47376,0.477838756
2370,237,0.436578465,1,1.01775148,0.437879123,101.646475,28.2408392,1,0.466659221,613.646475,1436.24084,0.479013179
2380,238,0.435895979,1,1.01775148,0.43849686,103.980007,34.0273743,1,0.481334296,615.980007,1442.02737,0.479949189
2390,239,0.437156884,1,1.01775148,0.439440208,106.238731,39.7918592,1,0.474387457,618.238731,1447.79186,0.476247177
2400,240,0.435970446,1,1.00591716,0.439652761,108.550962,45.5960766,1,0.463185021,620.550962,1453.59608,0.480602128
2410,241,0.433529953,1,0.98816568,0.436260125,110.872744,51.4215011,1,0.477538405,622.872744,1459.4215,0.482389543
2420,242,0.435369431,1,0.976331361,0.436592585,113.155205,57.2217373,1,0.48629883,625.155205,1465.22174,0.479474348
2430,243,0.437329432,1,1.0295858,0.437926243,115.461308,62.9872839,1,0.465987858,627.461308,1470.98728,0.477664683
2440,244,0.435004044,1,1,0.438449163,117.773985,68.7626987,1,0.463559365,629.773985,1476.7627,0.478557326
2450,245,0.434834149,1,1.01775148,0.43710625,120.09451,74.5803411,1,0.486995753,632.09451,1482.58034,0.481797658
2460,246,0.435528603,1,0.976331361,0.436521801,122.386459,80.3839408,1,0.474273396,634.386459,1488.38394,0.479982739
2470,247,0.43510158,1,1,0.437199306,124.73318,86.1517134,1,0.467622585,636.73318,1494.15171,0.4789924
2480,248,0.435615627,1,1.00591716,0.436375218,127.083631,91.9293718,1,0.487293116,639.083631,1499.92937,0.479804919
2490,249,0.437093118,1,1,0.435889838,1.41809672,97.7073819,1,0.472423075,641.418097,1505.70738,0.479368004
2500,250,0.436099232,1,0.976331361,0.437893384,3.76416574,103.473876,1,0.46768201,643.764166,1511.47388,0.478882419
2510,251,0.437294939,1,1,0.439580028,6.04128611,109.227451,1,0.482871878,646.041286,1517.22745,0.475984802
2520,252,0.436902762,1,1.01183432,0.439703423,8.31883322,115.029568,1,0.471583674,648.318833,1523.02957,0.4794708
2530,253,0.434282914,1,1.01775148,0.438010569,10.6323435,120.845965,1,0.459790087,650.632343,1528.84596,0.48150894
2540,254,0.434023576,1,1,0.436982081,12.9360024,126.659802,1,0.48076832,652.936002,1534.6598,0.481046349
2550,255,0.436961828,1,1,0.437273828,15.2347267,4.44750995,1,0.483159326,655.234727,1540.44751,0.479038122
2560,256,0.43680005,1,1.00591716,0.438353523,17.5419732,10.1993223,1,0.465756314,657.541973,1546.19932,0.476716654
2570,257,0.434216523,1,1.0295858,0.438034841,19.8866252,16.0037543,1,0.476633292,659.886625,1552.00375,0.481545977
2580,258,0.435323941,1,0.99408284,0.437512015,22.1859335,21.7983612,1,0.480407771,662.185933,1557.79836,0.479547915
2590,259,0.436594271,1,0.982248521,0.437810306,24.4873283,27.5839945,1,0.467992961,664.487328,1563.58399,0.478965669
2600,260,0.434618424,1,1.01183432,0.436186921,26.8546777,33.3641165,1,0.476793272,666.854678,1569.36412,0.480471619
2610,261,0.434154617,1,0.982248521,0.435169733,29.1761867,39.1673386,1,0.484516157,669.176187,1575.16734,0.480795638
2620,262,0.437009108,1,1.01775148,0.436834076,31.5178031,44.9283478,1,0.466192897,671.517803,1580.92835,0.478362553
2630,263,0.436353839,1,1,0.438812069,33.8173833,50.68829,1,0.46903748,673.817383,1586.68829,0.47707816
2640,264,0.437031236,1,1.00591716,0.439015383,36.1069029,56.4899059,1,0.485559975,676.106903,1592.48991,0.479772178
2650,265,0.435647038,1,1.00591716,0.437822638,38.3761976,62.2962752,1,0.470568666,678.376198,1598.29628,0.479543809
2660,266,0.434998192,1,1.00591716,0.437856609,40.6779439,68.0879029,1,0.463339525,680.677944,1604.0879,0.47940414
2670,267,0.436051104,1,1.01183432,0.437408655,43.0081868,73.8868733,1,0.486012888,683.008187,1609.88687,0.480742093
2680,268,0.437674529,1,0.98816568,0.437690589,45.3183263,79.6539537,1,0.474029745,685.318326,1615.65395,0.477889596
2690,269,0.43528558,1,0.99408284,0.438791895,47.6756645,85.4278423,1,0.464206346,687.675665,1621.42784,0.479736325
2700,270,0.435777958,1,1.00591716,0.439395518,50.0065039,91.1952988,1,0.480315047,690.006504,1627.1953,0.478510799
2710,271,0.436944953,1,1.0295858,0.438795378,52.2908179,96.9843599,1,0.473728755,692.290818,1632.98436,0.478726848
2720,272,0.43500004,1,1.00591716,0.437905343,54.6337901,102.781291,1,0.460867752,694.63379,1638.78129,0.480962611
2730,273,0.433645453,1,0.99408284,0.436233854,56.9550458,108.590854,1,0.483771304,696.955046,1644.59085,0.481241335
2740,274,0.43569878,1,0.99408284,0.436035557,59.2670384,114.396232,1,0.485746278,699.267038,1650.39623,0.480678252
2750,275,0.437669638,1,1.00591716,0.437443894,61.5527775,120.147024,1,0.466962611,701.552777,1656.14702,0.476030235
2760,276,0.434779838,1,1.03550296,0.438145393,63.8714106,125.951244,1,0.475687269,703.871411,1661.95124,0.480784795
2770,277,0.435030991,1,1,0.437340924,66.1475652,3.75204229,1,0.4825408,706.147565,1667.75204,0.47933722
2780,278,0.436960815,1,0.98816568,0.437209186,68.4252506,9.54439083,1,0.471364563,708.425251,1673.54439,0.478775265
2790,279,0.435538181,1,0.98816568,0.436813056,70.7961175,15.3212513,1,0.471639982,710.796118,1679.32125,0.480342128
2800,280,0.435553882,1,0.99408284,0.436386909,73.1246353,21.1076537,1,0.48439076,713.124635,1685.10765,0.479795612
2810,281,0.436712409,1,1.02366864,0.437480088,75.4719489,26.8699996,1,0.465844934,715.471949,1690.87,0.478622976
2820,282,0.436047748,1,1,0.439128586,77.8070037,32.6263605,1,0.467883751,717.807004,1696.62636,0.477841371
2830,283,0.437382434,1,1.01183432,0.439313245,80.1058525,38.4131436,1,0.484191058,720.105852,1702.41314,0.478975509
2840,284,0.436011954,1,1.01183432,0.438748448,82.4020211,44.2068205,1,0.467881178,722.402021,1708.20682,0.479392384
2850,285,0.434192754,1,1.02366864,0.438581511,84.7040311,50.0006341,1,0.461952896,724.704031,1714.00063,0.479567893
2860,286,0.434156325,1,1.02366864,0.436424333,87.0195305,55.8471985,1,0.485935804,727.019531,1719.8472,0.483722335
2870,287,0.437216627,1,1.00591716,0.436461026,89.3106901,61.6147334,1,0.476028694,729.31069,1725.61473,0.477381108
2880,288,0.436216651,1,1.00591716,0.438503601,91.6210832,67.3859854,1,0.46631406,731.621083,1731.38599,0.478194744
2890,289,0.434904902,1,1.01775148,0.43846073,93.9484807,73.1638564,1,0.477836745,733.948481,1737.16386,0.479154658
2900,290,0.435762074,1,1.01775148,0.437454254,96.2237789,78.9635899,1,0.479369015,736.223779,1742.96359,0.479236883
2910,291,0.435212189,1,1.00591716,0.436343997,98.5674216,84.7736194,1,0.463709797,738.567422,1748.77362,0.481916193
2920,292,0.434126675,1,1,0.435731832,100.935434,90.5520788,1,0.483114131,740.935434,1754.55208,0.480372623
2930,293,0.435005095,1,0.99408284,0.435700252,103.270383,96.3325773,1,0.485053127,743.270383,1760.33258,0.479559386
2940,294,0.437864632,1,1,0.437492537,105.577151,102.074899,1,0.466121883,745.577151,1766.0749,0.476025403
2950,295,0.43612389,1,1.01775148,0.438745146,107.895379,107.869156,1,0.477978436,747.895379,1771.86916,0.48006165
2960,296,0.436666055,1,0.99408284,0.438505281,110.176755,113.655491,1,0.479785927,750.176755,1777.65549,0.478448841
2970,297,0.436830075,1,1.00591716,0.439326271,112.4323,119.443405,1,0.46760578,752.4323,1783.4434,0.477836782
2980,298,0.434550877,1,1,0.43717589,114.767619,125.269274,1,0.46902651,754.767619,1789.26927,0.482807785
2990,299,0.43579532,1,0.99408284,0.436615037,117.068561,3.05650605,1,0.484483433,757.068561,1795.05651,0.479067061
3000,300,0.437338388,1,1.01775148,0.438529652,119.376027,8.82021567,1,0.470357449,759.376027,1800.82022,0.477572435
3010,301,0.435230549,1,1,0.439388426,121.729208,14.5865992,1,0.462895187,761.729208,1806.5866,0.479080977
3020,302,0.435857382,1,0.98816568,0.4385608,124.046831,20.3843614,1,0.484383902,764.046831,1812.38436,0.480294674
3030,303,0.435833364,1,1.01775148,0.437137325,126.358069,26.1872884,1,0.471903875,766.358069,1818.18729,0.480481663
3040,304,0.434165308,1,1.04142012,0.437429243,0.708113743,31.9690872,1,0.463988961,768.708114,1823.96909,0.480088181
3050,305,0.433652064,1,0.99408284,0.435774585,3.05195825,37.774548,1,0.487036483,771.051958,1829.77455,0.481596105
3060,306,0.436729819,1,0.976331361,0.43514747,5.35529733,43.5536579,1,0.478214747,773.355297,1835.55366,0.478554791
3070,307,0.437349665,1,1.00591716,0.437388024,7.67051492,49.3210114,1,0.469525021,775.670515,1841.32101,0.478054484
3080,308,0.436263953,1,1.01183432,0.438495991,9.97849193,55.0964039,1,0.480280913,777.978492,1847.0964,0.47842144
3090,309,0.436920163,1,1.01775148,0.439439545,12.211998,60.8739603,1,0.477741718,780.211998,1852.87396,0.476480609
3100,310,0.435633194,1,0.982248521,0.437622577,14.5159931,66.7120504,1,0.464751465,782.515993,1858.71205,0.482790765
3110,311,0.434761654,1,1.00591716,0.436388634,16.8550785,72.5031261,1,0.475715848,784.855078,1864.50313,0.480432975
3120,312,0.436523502,1,1.00591716,0.437942392,19.1573064,78.2733649,1,0.485202223,787.157306,1870.27336,0.477889279
3130,313,0.437593605,1,1.03550296,0.439194575,21.492574,84.0157152,1,0.464357052,789.492574,1876.01572,0.476849018
3140,314,0.434806817,1,1.0295858,0.438701507,23.8394109,89.8213604,1,0.471085929,791.839411,1881.82136,0.48169547
3150,315,0.435826402,1,1.00591716,0.437565132,26.1608117,95.6248918,1,0.482911935,794.160812,1887.62489,0.480814636
3160,316,0.436167764,1,0.98816568,0.438830903,28.4604831,101.394409,1,0.46751182,796.460483,1893.39441,0.47776484
3170,317,0.433914813,1,1.01775148,0.437625519,30.8141227,107.183653,1,0.472374369,798.814123,1899.18365,0.48072293
3180,318,0.433824422,1,0.99408284,0.434986532,33.1135118,113.004645,1,0.485777165,801.113512,1905.00464,0.481437264
3190,319,0.43699084,1,1,0.436070069,35.4214197,118.786267,1,0.472458043,803.42142,1910.78627,0.478864507
3200,320,0.435541313,1,0.98816568,0.437857716,37.7391445,124.557112,1,0.465118051,805.739144,1916.55711,0.478375547
3210,321,0.436581441,1,1,0.438862308,40.0120759,2.32134207,1,0.482605647,808.012076,1922.32134,0.476628748
3220,322,0.435430905,1,1.00591716,0.437070852,42.286746,8.14743377,1,0.476357109,810.286746,1928.14743,0.481107379
3230,323,0.434986073,1,1.01183432,0.436148942,44.6067456,13.9600817,1,0.462915956,812.606746,1933.96008,0.481425856
3240,324,0.43557526,1,1.01183432,0.437545672,46.9605652,19.722264,1,0.48207562,814.960565,1939.72226,0.478800346
3250,325,0.438012359,1,0.99408284,0.437828074,49.2859822,25.4791542,1,0.478956274,817.285982,1945.47915,0.477600937
3260,326,0.436394673,1,1.01183432,0.438020146,51.6392208,31.2513146,1,0.466620828,819.639221,1951.25131,0.47949411
3270,327,0.43547967,1,1.01183432,0.438411681,53.9724823,37.042949,1,0.480404322,821.972482,1957.04295,0.480305242
3280,328,0.436874212,1,1.00591716,0.43935313,56.2314556,42.8096269,1,0.474756665,824.231456,1962.80963,0.476411229
3290,329,0.43619838,1,1.00591716,0.439347364,58.5404331,48.6115791,1,0.4638942,826.540433,1968.61158,0.480347671
3300,330,0.433691305,1,0.98816568,0.436097384,60.866085,54.4347314,1,0.477118701,828.866085,1974.43473,0.482337496
3310,331,0.435667624,1,0.976331361,0.436918234,63.1506316,60.2276256,1,0.486246992,831.150632,1980.22763,0.479007707
3320,332,0.437440153,1,1.03550296,0.438209341,65.4591121,65.9895384,1,0.465820296,833.459112,1985.98954,0.477473145
3330,333,0.434853296,1,1.00591716,0.438497179,67.7797006,71.7690475,1,0.464083939,835.779701,1991.76905,0.479076132
3340,334,0.434882631,1,1.01775148,0.437162734,70.1039031,77.587058,1,0.486746053,838.103903,1997.58706,0.481928837
3350,335,0.435682902,1,0.98816568,0.43687718,72.4013271,83.3825959,1,0.473001239,840.401327,2003.3826,0.479561047
3360,336,0.434714444,1,1,0.437202983,74.7468172,89.1552715,1,0.468397326,842.746817,2009.15527,0.47930613
3370,337,0.435136917,1,1.00591716,0.435961467,77.0890983,94.9397571,1,0.487144506,845.089098,2014.93976,0.480055189
3380,338,0.437087855,1,1,0.435876897,79.4168048,100.717891,1,0.472738292,847.416805,2020.71789,0.479182283
3390,339,0.436054004,1,0.970414201,0.437886697,81.7572914,106.48575,1,0.467519549,849.757291,2026.48575,0.478818071
3400,340,0.437203787,1,1.01183432,0.439568067,84.031989,112.241273,1,0.4825954,852.031989,2032.24127,0.476055618
3410,341,0.436810702,1,1.02366864,0.439313275,86.3010429,118.049641,1,0.472967188,854.301043,2038.04964,0.479680226
3420,342,0.434330045,1,1.01183432,0.437320687,88.6077326,123.873655,1,0.460786603,856.607733,2043.87366,0.481860071
3430,343,0.434823915,1,1.00591716,0.43724814,90.9227543,1.66794498,1,0.47960414,858.922754,2049.66794,0.479972392
3440,344,0.437454736,1,1.00591716,0.437806464,93.2255552,7.4445074,1,0.482730572,861.225555,2055.44451,0.478357432
3450,345,0.436549301,1,1,0.438589122,95.5565521,13.2010209,1,0.465482464,863.556552,2061.20102,0.477735001
3460,346,0.434269728,1,1.0295858,0.438065077,97.9123628,19.0060541,1,0.478175661,865.912363,2067.00605,0.481910986
3470,347,0.435845032,1,0.98816568,0.438107812,100.212452,24.788492,1,0.477908668,868.212452,2072.78849,0.478700145
3480,348,0.436468144,1,0.99408284,0.438909111,102.528033,30.5584264,1,0.464890604,870.528033,2078.55843,0.478249151
3490,349,0.434060476,1,1.00591716,0.436563251,104.88129,36.3551104,1,0.477373417,872.88129,2084.35511,0.481242
3500,350,0.433947011,1,0.976331361,0.434993537,107.175619,42.1697056,1,0.484785051,875.175619,2090.16971,0.480836694
3510,351,0.436887755,1,1.02366864,0.436559356,109.506667,47.9426971,1,0.466685681,877.506667,2095.9427,0.478911593
3520,352,0.435869993,1,1,0.438556926,111.797496,53.7040999,1,0.466708256,879.797496,2101.7041,0.476933362
3530,353,0.43628275,1,1.01775148,0.438346371,114.08804,59.5156136,1,0.486703111,882.08804,2107.51561,0.480509377
3540,354,0.435399099,1,0.98816568,0.436780491,116.350357,65.3283968,1,0.474322014,884.350357,2113.3284,0.47980841
3550,355,0.435712283,1,1,0.437498445,118.669325,71.1070801,1,0.464497826,886.669325,2119.10708,0.478970774
3560,356,0.436440885,1,1.01183432,0.437583906,121.015814,76.887157,1,0.486494688,889.015814,2124.88716,0.479862505
3570,357,0.437652561,1,0.98816568,0.43772509,123.338376,82.6556881,1,0.473323185,891.338376,2130.65569,0.478349267
3580,358,0.435048933,1,0.982248521,0.438336783,125.706788,88.431582,1,0.464669889,893.706788,2136.43158,0.480201669
3590,359,0.436249299,1,1,0.439708294,0.0241123756,94.1929857,1,0.481146725,896.024112,2142.19299,0.477690242
3600,360,0.437198996,1,1.02366864,0.439341672,2.31474107,99.9749163,1,0.471529782,898.314741,2147.97492,0.478395375
3610,361,0.434766469,1,1.01775148,0.438443069,4.6577341,105.771955,1,0.45984962,900.657734,2153.77195,0.480970869
3620,362,0.433456087,1,0.98816568,0.436277321,6.96958488,111.589892,1,0.484312138,902.969585,2159.58989,0.481571897
3630,363,0.43522128,1,0.99408284,0.435417005,9.28507166,117.409676,1,0.485401291,905.285072,2165.40968,0.481807324
3640,364,0.437636244,1,1.00591716,0.437066069,11.565182,123.160827,1,0.467254039,907.565182,2171.16083,0.475896176
3650,365,0.434891984,1,1.0295858,0.438076759,13.8844811,0.960075162,1,0.476734229,909.884481,2176.96008,0.480448653
3660,366,0.435323792,1,0.99408284,0.437597721,16.1509369,6.75466093,1,0.481652802,912.150937,2182.75466,0.478620096
3670,367,0.437069993,1,0.98816568,0.437436795,18.4258619,12.5475582,1,0.47100634,914.425862,2188.54756,0.478736886
3680,368,0.435510593,1,0.98816568,0.436788305,20.7945736,18.3283689,1,0.471306846,916.794574,2194.32837,0.480560371
3690,369,0.435675693,1,0.98816568,0.436559883,23.1216146,24.1161681,1,0.484450791,919.121615,2200.11617,0.479852907
3700,370,0.436753629,1,1.01775148,0.437715019,25.4646215,29.8780808,1,0.465742601,921.464621,2205.87808,0.478467221
3710,371,0.435996382,1,1.00591716,0.439344023,27.8055092,35.6309582,1,0.4676133,923.805509,2211.63096,0.477762004
3720,372,0.437243107,1,1.01775148,0.439167472,30.1101233,41.4236619,1,0.484200268,926.110123,2217.42366,0.479562563
3730,373,0.436016962,1,1.01775148,0.438692752,32.4099336,47.2144373,1,0.467839197,928.409934,2223.21444,0.479288227
3740,374,0.434146796,1,1.0295858,0.438607545,34.7175388,53.0068741,1,0.462753532,930.717539,2229.00687,0.479628583
3750,375,0.433972639,1,1.01775148,0.436215169,37.0336517,58.8532063,1,0.486362797,933.033652,2234.85321,0.483723105
3760,376,0.437030461,1,0.99408284,0.43605096,39.3261488,64.6241575,1,0.47560721,935.326149,2240.62416,0.477663333
3770,377,0.436206615,1,0.98816568,0.438156908,41.6374053,70.3978901,1,0.466844201,937.637405,2246.39789,0.478396568
3780,378,0.435130781,1,1.01183432,0.438497604,43.9528561,76.1707483,1,0.478027898,939.952856,2252.17075,0.478454149
3790,379,0.435782894,1,1.01775148,0.437498241,46.2212426,81.9703941,1,0.479470306,942.221243,2257.97039,0.479036685
3800,380,0.435274259,1,1,0.436086759,48.5580386,87.7860517,1,0.464032368,944.558039,2263.78605,0.482121107
3810,381,0.434272142,1,0.99408284,0.435831063,50.9273841,93.5641535,1,0.482246422,946.927384,2269.56415,0.480386052
3820,382,0.435538323,1,1,0.436280522,53.2566439,99.3401723,1,0.485036806,949.256644,2275.34017,0.479076064
3830,383,0.437896169,1,1,0.437954877,55.5702549,105.076967,1,0.465756586,951.570255,2281.07697,0.475827566
3840,384,0.435840677,1,1.01775148,0.438742028,57.8903456,110.879523,1,0.477318791,953.890346,2286.87952,0.480707591
3850,385,0.436358182,1,0.99408284,0.438317936,60.1728707,116.670875,1,0.480284678,956.172871,2292.67087,0.478840252
3860,386,0.436893438,1,1.00591716,0.439055413,62.4273817,122.458653,1,0.468299956,958.427382,2298.45865,0.477798197
3870,387,0.434852786,1,1,0.437167479,64.7664609,0.275309886,1,0.468957731,960.766461,2304.27531,0.482257932
3880,388,0.435849222,1,1,0.436664879,67.0730568,6.06288115,1,0.48430434,963.073057,2310.06288,0.479252165
3890,389,0.437296921,1,1.01775148,0.438521882,69.3869441,11.8250829,1,0.469491257,965.386944,2315.82508,0.477648603
3900,390,0.435198113,1,1.01183432,0.439346156,71.7452108,17.5885023,1,0.463367139,967.745211,2321.5885,0.479017885
3910,391,0.436203109,1,1.01183432,0.438793281,74.0561131,23.385804,1,0.484331059,970.056113,2327.3858,0.480070114
3920,392,0.435886112,1,1.02366864,0.437348242,76.3675358,29.1880975,1,0.470782315,972.367536,2333.1881,0.480441645
3930,393,0.43422826,1,1.04142012,0.437735033,78.7075734,34.9694546,1,0.463628386,974.707573,2338.96945,0.479767356
3940,394,0.433659665,1,1,0.435864896,81.0465426,40.7837897,1,0.486795905,977.046543,2344.78379,0.482089079
3950,395,0.436828779,1,0.98816568,0.435327567,83.3484352,46.5633919,1,0.477706845,979.348435,2350.56339,0.478548793
3960,396,0.43713257,1,1.01183432,0.437363967,85.6595083,52.3347296,1,0.469503984,981.659508,2356.33473,0.478220305
3970,397,0.435891563,1,1.01183432,0.438409087,87.9640624,58.1119838,1,0.479489256,983.964062,2362.11198,0.478456807
3980,398,0.436480719,1,1.01775148,0.438821284,90.1997138,63.8942169,1,0.479130774,986.199714,2367.89422,0.476875664
3990,399,0.435745897,1,0.970414201,0.436779523,92.5070557,69.7293149,1,0.465523191,988.507056,2373.72931,0.482671288
4000,400,0.435106955,1,1,0.436497951,94.8616528,75.5092124,1,0.476283983,990.861653,2379.50921,0.480084693
4010,401,0.436428544,1,1,0.437738146,97.1749669,81.277314,1,0.484734448,993.174967,2385.27731,0.478053367
4020,402,0.437413149,1,1.02366864,0.439001348,99.5271304,87.0166375,1,0.464128064,995.52713,2391.01664,0.477124694
4030,403,0.435601809,1,1.0295858,0.438987954,101.86559,92.8174689,1,0.474353955,997.86559,2396.81747,0.481110873
4040,404,0.436695594,1,1.01183432,0.438250361,104.182629,98.6067319,1,0.480096739,1000.18263,2402.60673,0.479670976
4050,405,0.436239156,1,1,0.439474704,106.467041,104.37581,1,0.465870573,1002.46704,2408.37581,0.477300099
4060,406,0.433771669,1,1.01183432,0.437911424,108.807671,110.188873,1,0.472218171,1004.80767,2414.18887,0.482045988
4070,407,0.434039038,1,1,0.435126359,111.099139,116.015175,1,0.485684026,1007.09914,2420.01518,0.481593912
4080,408,0.437004522,1,1.01183432,0.436758848,113.399049,121.792407,1,0.47260367,1009.39905,2425.79241,0.478322975
4090,409,0.435315984,1,0.99408284,0.438195729,115.710407,127.56521,1,0.464362596,1011.71041,2431.56521,0.478333067
4100,410,0.4358096,1,1,0.438410068,118.004012,5.33451559,1,0.482276791,1014.00401,2437.33452,0.477577179
4110,411,0.435219924,1,1,0.436517697,120.285676,11.1600147,1,0.477102064,1016.28568,2443.16001,0.481260854
4120,412,0.435002271,1,1.01183432,0.435998675,122.620662,16.9668523,1,0.463679287,1018.62066,2448.96685,0.48143966
4130,413,0.43522643,1,1.00591716,0.437014006,124.983733,22.732008,1,0.483701092,1020.98373,2454.73201,0.479281544
4140,414,0.43776722,1,0.982248521,0.437177921,127.314623,28.4866894,1,0.478091425,1023.31462,2460.48669,0.477601312
4150,415,0.43671988,1,1.00591716,0.437671531,1.65780606,34.2573089,1,0.467296904,1025.65781,2466.25731,0.479092794
4160,416,0.436138178,1,1.01183432,0.438605664,3.98777211,40.0370739,1,0.481557493,1027.98777,2472.03707,0.47936364
4170,417,0.437264962,1,1.01775148,0.43956241,6.24166535,45.8030841,1,0.47426173,1030.24167,2477.80308,0.476221004
4180,418,0.435831091,1,1.01183432,0.439575014,8.55647899,51.6146085,1,0.463041597,1032.55648,2483.61461,0.481197822
4190,419,0.433496343,1,0.98816568,0.436231005,10.8744762,57.4376815,1,0.477787858,1034.87448,2489.43768,0.482113756
4200,420,0.435503558,1,0.976331361,0.436814986,13.1568279,63.2350307,1,0.486439966,1037.15683,2495.23503,0.479264643
4210,421,0.437434976,1,1.0295858,0.438077048,15.462567,68.9971129,1,0.465879628,1039.46257,2500.99711,0.477406855
4220,422,0.434832066,1,1.00591716,0.438366569,17.7799601,74.7782413,1,0.464202505,1041.77996,2506.77824,0.479100212
4230,423,0.434767678,1,1.01775148,0.437054467,20.1031289,80.5951956,1,0.486801574,1044.10313,2512.5952,0.481823891
4240,424,0.435687832,1,0.982248521,0.436827103,22.3986127,86.3913803,1,0.473381393,1046.39861,2518.39138,0.479552327
4250,425,0.434910086,1,1.00591716,0.437218065,24.7454754,92.1623596,1,0.468377311,1048.74548,2524.16236,0.47922501
4260,426,0.435366566,1,1,0.436088936,27.0890447,97.9433422,1,0.487123354,1051.08904,2529.94334,0.479842653
4270,427,0.437043326,1,0.98816568,0.435918042,29.4215576,103.724151,1,0.472232534,1053.42156,2535.72415,0.479511368
4280,428,0.436029325,1,0.976331361,0.43795684,31.7636616,109.490123,1,0.467508025,1055.76366,2541.49012,0.478730376
4290,429,0.437261085,1,1.00591716,0.439636676,34.0392218,115.245289,1,0.48291146,1058.03922,2547.24529,0.476054495
4300,430,0.436825042,1,1.02366864,0.439462558,36.3137971,121.050713,1,0.472217566,1060.3138,2553.05071,0.479624076
4310,431,0.434197631,1,1.01775148,0.437605295,38.6235921,126.871659,1,0.46018147,1062.62359,2558.87166,0.481728661
4320,432,0.434409734,1,1.00591716,0.437098364,40.9334069,4.67531298,1,0.480488808,1064.93341,2564.67531,0.480493144
4330,433,0.437296285,1,1,0.437498964,43.2348584,10.4552118,1,0.482616739,1067.23486,2570.45521,0.478557428
4340,434,0.436641964,1,1,0.438510165,45.554707,16.2097508,1,0.465774946,1069.55471,2576.20975,0.477272933
4350,435,0.434180178,1,1.0295858,0.437965574,47.9070885,22.0150411,1,0.47777969,1071.90709,2582.01504,0.481830174
4360,436,0.435684603,1,0.98816568,0.437937526,50.2032806,27.8006356,1,0.47867683,1074.20328,2587.80064,0.478815116
4370,437,0.436605646,1,0.98816568,0.43848367,52.5115628,33.5785345,1,0.466369027,1076.51156,2593.57853,0.478609192
4380,438,0.434309711,1,1,0.436367485,54.8657616,39.3703323,1,0.477076916,1078.86576,2599.37033,0.480921053
4390,439,0.43441783,1,0.982248521,0.43538217,57.1705219,45.1791127,1,0.485305106,1081.17052,2605.17911,0.480715991
4400,440,0.436951359,1,1.02366864,0.436979981,59.5015367,50.9463468,1,0.466344311,1083.50154,2610.94635,0.478499994
4410,441,0.435743786,1,1,0.438704496,61.7932576,56.7104954,1,0.466078469,1085.79326,2616.7105,0.477154992
4420,442,0.436060139,1,1.01775148,0.438094315,64.0886446,62.5256682,1,0.486699334,1088.08864,2622.52567,0.480907897
4430,443,0.435383156,1,0.98816568,0.436699691,66.3551862,68.3381209,1,0.474588484,1090.35519,2628.33812,0.479902709
4440,444,0.435683925,1,0.99408284,0.4374803,68.6782928,74.1127136,1,0.465000612,1092.67829,2634.11271,0.478797467
4450,445,0.436385461,1,1.00591716,0.437408813,71.0273805,79.892552,1,0.486825663,1095.02738,2639.89255,0.479920752
4460,446,0.437511151,1,0.99408284,0.437475815,73.3517059,85.6632952,1,0.473156777,1097.35171,2645.6633,0.478557781
4470,447,0.435153024,1,0.982248521,0.438227863,75.7165777,91.4388569,1,0.465162592,1099.71658,2651.43886,0.48007477
4480,448,0.436501346,1,0.99408284,0.43977051,78.023711,97.1959121,1,0.481244347,1102.02371,2657.19591,0.477087742
4490,449,0.437164083,1,1.02366864,0.439336573,80.3107347,102.984446,1,0.471929387,1104.31073,2662.98445,0.478765721
4500,450,0.43471976,1,1.01183432,0.438286786,82.6461168,108.788091,1,0.459981041,1106.64612,2668.78809,0.481223157
4510,451,0.433503331,1,0.99408284,0.436386421,84.9550678,114.60463,1,0.483544431,1108.95507,2674.60463,0.481389677
4520,452,0.435797999,1,1,0.436146481,87.2630422,120.415097,1,0.485311967,1111.26304,2680.4151,0.480927799
4530,453,0.437485962,1,1,0.437497613,89.5486902,126.164689,1,0.466945481,1113.54869,2686.16469,0.475941868
4540,454,0.434633447,1,1.04142012,0.438091007,91.8689529,3.96479331,1,0.475587915,1115.86895,2691.96479,0.480537345
4550,455,0.435019661,1,1,0.437271919,94.1536363,9.76472981,1,0.482482958,1118.15364,2697.76473,0.479515543
4560,456,0.436838544,1,0.98816568,0.437232963,96.4403321,15.5548011,1,0.470707627,1120.44033,2703.5548,0.478866411
4570,457,0.435308883,1,1.00591716,0.436558513,98.8173344,21.3327723,1,0.473793306,1122.81733,2709.33277,0.480600527
4580,458,0.434824026,1,0.98816568,0.435678387,101.14771,27.122632,1,0.48432015,1125.14771,2715.12263,0.480095697
4590,459,0.436651774,1,1.03550296,0.436931067,103.501108,32.8833892,1,0.46586281,1127.50111,2720.88339,0.478686578
4600,460,0.436409731,1,0.98816568,0.438916996,105.816498,38.6371601,1,0.468772671,1129.8165,2726.63716,0.477089994
4610,461,0.437454213,1,1.01183432,0.439391913,108.107263,44.4272107,1,0.484731616,1132.10726,2732.42721,0.478980011
4620,462,0.435839157,1,1.00591716,0.438696589,110.393327,50.2255032,1,0.468182929,1134.39333,2738.2255,0.479436831
4630,463,0.434467094,1,1.02366864,0.43853853,112.688506,56.0220245,1,0.461813331,1136.68851,2744.02202,0.479567756
4640,464,0.434891004,1,1.0295858,0.436936351,115.006072,61.8567268,1,0.485470072,1139.00607,2749.85673,0.482932753
4650,465,0.437639533,1,1.01183432,0.437167026,117.297379,67.6164613,1,0.475265934,1141.29738,2755.61646,0.476827715
4660,466,0.435890134,1,1,0.438822685,119.623147,73.3939882,1,0.465220958,1143.62315,2761.39399,0.479083293
4670,467,0.434833501,1,1.01183432,0.438529741,121.960403,79.1741539,1,0.478115269,1145.9604,2767.17415,0.479602154
4680,468,0.435894618,1,1.02366864,0.437637797,124.238851,84.9746401,1,0.478039394,1148.23885,2772.97464,0.479379308
4690,469,0.435139418,1,1.01183432,0.436649142,126.588465,90.7752174,1,0.463032438,1150.58846,2778.77522,0.481414228
4700,470,0.433917446,1,0.99408284,0.435703037,0.949965462,96.5609429,1,0.48401884,1152.94997,2784.56094,0.480700332
4710,471,0.43486916,1,1,0.435383603,3.28399579,102.347406,1,0.485413687,1155.284,2790.34741,0.479958424
4720,472,0.437798147,1,1,0.437206325,5.58152964,108.093625,1,0.466544045,1157.58153,2796.09362,0.476039454
4730,473,0.436097364,1,1.0295858,0.438716179,7.90072648,113.885506,1,0.478625194,1159.90073,2801.88551,0.479919625
4740,474,0.436638198,1,0.99408284,0.438506673,10.1768198,119.668809,1,0.479544649,1162.17682,2807.66881,0.478082882
4750,475,0.436870522,1,1.01183432,0.439225206,12.4307666,125.460668,1,0.467708973,1164.43077,2813.46067,0.478074972
4760,476,0.434675889,1,0.99408284,0.437077582,14.7691988,3.28379303,1,0.469109669,1166.7692,2819.28379,0.48270106
4770,477,0.435823234,1,1,0.436716295,17.0723517,9.07060164,1,0.4842305,1169.07235,2825.0706,0.479099669
4780,478,0.437377275,1,1.01775148,0.438628556,19.3834085,14.8304777,1,0.469632871,1171.38341,2830.83048,0.477401472
4790,479,0.435249816,1,1.01183432,0.439413255,21.7420322,20.5936325,1,0.463184562,1173.74203,2836.59363,0.479009448
4800,480,0.436090837,1,1.00591716,0.438685859,24.0564789,26.3944247,1,0.484492162,1176.05648,2842.39442,0.480420509
4810,481,0.435817915,1,1.02366864,0.437224439,26.3682826,32.1963658,1,0.470873028,1178.36828,2848.19637,0.480427303
4820,482,0.434221193,1,1.04142012,0.437695945,28.7121202,37.9767433,1,0.46391385,1180.71212,2853.97674,0.47980728
4830,483,0.4336638,1,0.99408284,0.435786004,31.0525355,43.7890227,1,0.486860427,1183.05254,2859.78902,0.481983913
4840,484,0.436851323,1,0.99408284,0.435232235,33.355577,49.5682865,1,0.477641838,1185.35558,2865.56829,0.478557314
4850,485,0.437177724,1,1.00591716,0.437371151,35.6716531,55.3381236,1,0.469498323,1187.67165,2871.33812,0.478256379
4860,486,0.436152549,1,1.01183432,0.438519744,37.9765327,61.112917,1,0.47997925,1189.97653,2877.11292,0.478290279
4870,487,0.43681291,1,1.01775148,0.439234321,40.2097895,66.8913331,1,0.478155864,1192.20979,2882.89133,0.476535377
4880,488,0.435604841,1,0.982248521,0.437238763,42.5181135,72.7288046,1,0.464747826,1194.51811,2888.7288,0.482868851
4890,489,0.434877833,1,1,0.436449975,44.8629722,78.5145391,1,0.476288298,1196.86297,2894.51454,0.480218678
4900,490,0.436500228,1,1,0.437862632,47.1713741,84.2846428,1,0.485074105,1199.17137,2900.28464,0.478055822
4910,491,0.437522352,1,1.0295858,0.439108878,49.514103,90.02244,1,0.464346192,1201.5141,2906.02244,0.476741253
4920,492,0.435269681,1,1.0295858,0.438818964,51.8547356,95.8295,1,0.473097124,1203.85474,2911.8295,0.48161776
4930,493,0.436175698,1,1,0.437827757,54.1694522,101.628484,1,0.481793416,1206.16945,2917.62848,0.480299052
4940,494,0.436308257,1,0.98816568,0.439039107,56.4540295,107.401809,1,0.467399658,1208.45403,2923.40181,0.477608493
4950,495,0.434022345,1,1.02366864,0.437569481,58.7957683,113.206205,1,0.47147843,1210.79577,2929.2062,0.481459534
4960,496,0.434640918,1,1,0.435494646,61.0916888,119.01885,1,0.485646166,1213.09169,2935.01885,0.480742107
4970,497,0.436994008,1,1.01775148,0.437088159,63.3955439,124.796358,1,0.472010803,1215.39554,2940.79636,0.478455026
4980,498,0.435329752,1,0.99408284,0.438547221,65.7102745,2.5660465,1,0.463968299,1217.71027,2946.56605,0.478207227
4990,499,0.435690657,1,1,0.438325619,68.0097081,8.34297589,1,0.482665928,1220.00971,2952.34298,0.4782878
5000,500,0.435238425,1,0.98816568,0.436529112,70.2960642,14.1666719,1,0.476454356,1222.29606,2958.16667,0.481263493
5010,501,0.434842024,1,1.01775148,0.436180011,72.6321778,19.9688376,1,0.463557977,1224.63218,2963.96884,0.481138654
5020,502,0.435006825,1,1.01183432,0.436855327,74.9920206,25.7398581,1,0.484324228,1226.99202,2969.73986,0.479604958
5030,503,0.437654401,1,0.98816568,0.436882031,77.3199451,31.4950609,1,0.477793354,1229.31995,2975.49506,0.477552885
5040,504,0.436758169,1,1.00591716,0.437579485,79.6581881,37.2682959,1,0.467652828,1231.65819,2981.2683,0.47913644
5050,505,0.436088722,1,1.01183432,0.438626484,81.9839896,43.047519,1,0.481239996,1233.98399,2987.04752,0.479205295
5060,506,0.437159983,1,1.01183432,0.439574868,84.2339359,48.815534,1,0.474785415,1236.23394,2992.81553,0.476254212
5070,507,0.435980691,1,1.01183432,0.439348986,86.5420946,54.6298621,1,0.463717479,1238.54209,2998.62986,0.481209081
5080,508,0.433628157,1,0.98816568,0.436106134,88.8628572,60.450548,1,0.476764607,1240.86286,3004.45055,0.482021893
5090,509,0.435902659,1,1.00591716,0.437253082,91.1481022,66.2373819,1,0.486163575,1243.1481,3010.23738,0.478593798
5100,510,0.437517335,1,1.0295858,0.438391302,93.4602236,71.9967896,1,0.465674287,1245.46022,3015.99679,0.477398532
5110,511,0.434699826,1,1.01183432,0.438510474,95.7906863,77.78119,1,0.465129421,1247.79069,3021.78119,0.479708647
5120,512,0.435039856,1,1.00591716,0.437259497,98.1191301,83.5975636,1,0.486389933,1250.11913,3027.59756,0.481933068
5130,513,0.435893126,1,0.98816568,0.437414025,100.422862,89.3820579,1,0.47143481,1252.42286,3033.38206,0.478950748
5140,514,0.434264975,1,1.02366864,0.437302792,102.772817,95.1574875,1,0.469833372,1254.77282,3039.15749,0.479631727
5150,515,0.434279141,1,0.98816568,0.435301039,105.099713,100.956722,1,0.486661779,1257.09971,3044.95672,0.480665015
5160,516,0.437099496,1,0.99408284,0.435766116,107.416455,106.733997,1,0.473164014,1259.41646,3050.734,0.478806448
5170,517,0.435994983,1,0.964497041,0.437865439,109.748848,112.502472,1,0.467026131,1261.74885,3056.50247,0.478628255
5180,518,0.437135704,1,1.00591716,0.439442916,112.019207,118.259645,1,0.482288261,1264.01921,3062.25965,0.47605113
5190,519,0.436344304,1,1.01775148,0.438515618,114.285368,124.080677,1,0.474713132,1266.28537,3068.08068,0.480506995
5200,520,0.43465816,1,1,0.436402752,116.591238,1.90632343,1,0.461825111,1268.59124,3073.90632,0.481953558
5210,521,0.435336354,1,1.00591716,0.437471353,118.92465,7.6831295,1,0.47941615,1270.92465,3079.68313,0.479251747
5220,522,0.437752514,1,1.00591716,0.438146274,121.232912,13.4492669,1,0.482052912,1273.23291,3085.44927,0.477768575
5230,523,0.436407454,1,1,0.438699884,123.579321,19.2106867,1,0.465567439,1275.57932,3091.21069,0.478530753
5240,524,0.434502394,1,1.01183432,0.438056526,125.933684,25.0164555,1,0.479147622,1277.93368,3097.01646,0.481921546
5250,525,0.436256777,1,1,0.438613899,0.229137499,30.7885246,1,0.475983971,1280.22914,3102.78852,0.477827235
5260,526,0.436226506,1,1,0.439426276,2.55320426,36.5562907,1,0.463225525,1282.5532,3108.55629,0.478337927
5270,527,0.433856128,1,0.99408284,0.436715598,4.89802502,42.3622525,1,0.478033078,1284.89803,3114.36225,0.48165995
5280,528,0.433855833,1,0.982248521,0.434976643,7.18404863,48.1824946,1,0.484856337,1287.18405,3120.18249,0.481006849
5290,529,0.436848358,1,1.02366864,0.436393436,9.51201459,53.9594488,1,0.46699269,1289.51201,3125.95945,0.479105586
5300,530,0.435758809,1,1.01183432,0.438452805,11.7998417,59.7231964,1,0.466748945,1291.79984,3131.7232,0.477015744
5310,531,0.436104451,1,1.01775148,0.438159616,14.0917254,65.53374,1,0.486801869,1294.09173,3137.53374,0.480477741
5320,532,0.435522831,1,0.98816568,0.436847326,16.3527761,71.3437453,1,0.474714945,1296.35278,3143.34375,0.479573976
5330,533,0.435794046,1,0.99408284,0.437499477,18.6751435,77.1196012,1,0.464883796,1298.67514,3149.1196,0.478866397
5340,534,0.436493982,1,1.01183432,0.437492694,21.0240453,82.8977387,1,0.486794893,1301.02405,3154.89774,0.479794165
5350,535,0.437519414,1,0.98816568,0.437646516,23.348678,88.6697683,1,0.473159666,1303.34868,3160.66977,0.478658399
5360,536,0.435017591,1,0.982248521,0.438316551,25.7153388,94.4447311,1,0.464794183,1305.71534,3166.44473,0.480084304
5370,537,0.436435532,1,0.99408284,0.439825783,28.0271149,100.202533,1,0.481528678,1308.02711,3172.20253,0.477273999
5380,538,0.437160924,1,1.02366864,0.439293249,30.3199842,105.98952,1,0.471303517,1310.31998,3177.98952,0.478820454
5390,539,0.434676674,1,1.01183432,0.438361012,32.6617324,111.788959,1,0.45973434,1312.66173,3183.78896,0.481106232
5400,540,0.433426031,1,0.98816568,0.436239742,34.9752987,117.607469,1,0.484730678,1314.9753,3189.60747,0.481661621
5410,541,0.43539105,1,0.99408284,0.435516904,37.28987,123.42376,1,0.485099217,1317.28987,3195.42376,0.481531569
5420,542,0.4376282,1,1,0.437106474,39.5685683,1.1735742,1,0.467450305,1319.56857,3201.17357,0.47576057
5430,543,0.434863605,1,1.03550296,0.438013025,41.8919106,6.97244058,1,0.477218961,1321.89191,3206.97244,0.480536994
5440,544,0.435418447,1,0.98816568,0.437670875,44.1575509,12.7651025,1,0.481064373,1324.15755,3212.7651,0.478459426
5450,545,0.43705131,1,0.99408284,0.437639504,46.4363038,18.556188,1,0.470473958,1326.4363,3218.55619,0.478714906
5460,546,0.435386175,1,1,0.436629025,48.8054105,24.3391985,1,0.472310467,1328.80541,3224.3392,0.480728474
5470,547,0.435413199,1,0.98816568,0.436297817,51.1316783,30.1308067,1,0.484527774,1331.13168,3230.13081,0.480102598
5480,548,0.436805033,1,1.01775148,0.437644577,53.4735105,35.8927029,1,0.465614459,1333.47351,3235.8927,0.478432018
5490,549,0.43598642,1,1,0.439264641,55.8024309,41.6449388,1,0.46738006,1335.80243,3241.64494,0.477370062
5500,550,0.437077459,1,1.01183432,0.439039669,58.1071087,47.4435161,1,0.484654654,1338.10711,3247.44352,0.479984213
5510,551,0.435806074,1,1.01183432,0.438280515,60.3978219,53.2407546,1,0.468578018,1340.39782,3253.24075,0.479492715
5520,552,0.434439831,1,1.01775148,0.438412884,62.6990742,59.0336063,1,0.462559889,1342.69907,3259.03361,0.479477607
5530,553,0.434903893,1,1.0295858,0.436808657,65.0171452,64.8622021,1,0.486054962,1345.01715,3264.8622,0.482510578
5540,554,0.437483546,1,1.00591716,0.436865012,67.3119098,70.6265645,1,0.474761495,1347.31191,3270.62656,0.477256826
5550,555,0.435894238,1,0.99408284,0.438623687,69.6371989,76.4024845,1,0.465634431,1349.6372,3276.40248,0.478954859
5560,556,0.435140057,1,1.00591716,0.438699814,71.964177,82.1761243,1,0.478226637,1351.96418,3282.17612,0.478840709
5570,557,0.435998196,1,1.0295858,0.437760028,74.2392636,87.9776083,1,0.477807111,1354.23926,3287.97761,0.479356294
5580,558,0.43504836,1,1.01183432,0.436511233,76.5840839,93.7838106,1,0.462912517,1356.58408,3293.78381,0.481677095
5590,559,0.43392104,1,0.98816568,0.43572964,78.9446186,99.5702411,1,0.483719974,1358.94462,3299.57024,0.480722475
5600,560,0.435168925,1,1,0.43570478,81.2771957,105.352695,1,0.485281975,1361.2772,3305.3527,0.479630605
5610,561,0.437874094,1,1,0.43746331,83.5754686,111.096861,1,0.466393169,1363.57547,3311.09686,0.475913906
5620,562,0.435842841,1,1.02366864,0.438666603,85.8921224,116.894713,1,0.477567619,1365.89212,3316.89471,0.480273439
5630,563,0.436242271,1,1,0.438291269,88.1670448,122.683906,1,0.480347209,1368.16704,3322.68391,0.478471582
5640,564,0.436922297,1,1.00591716,0.43876697,90.4206233,0.476128097,1,0.46875993,1370.42062,3328.47613,0.478090741
5650,565,0.435039038,1,0.99408284,0.437064698,92.7655465,6.28752936,1,0.468903685,1372.76555,3334.28753,0.482050903
5660,566,0.435928701,1,1,0.436812907,95.0792669,12.0723906,1,0.484255549,1375.07927,3340.07239,0.479261768
5670,567,0.437258256,1,1.01775148,0.438516148,97.4027541,17.8315346,1,0.468279082,1377.40275,3345.83153,0.477706136
5680,568,0.435226886,1,1.00591716,0.439327389,99.7692077,23.5928829,1,0.464247573,1379.76921,3351.59288,0.479109364
5690,569,0.436652306,1,1.01775148,0.43913757,102.074619,29.3853484,1,0.48396466,1382.07462,3357.38535,0.479568218
5700,570,0.436062227,1,1.02366864,0.437959955,104.387769,35.1816196,1,0.469228588,1384.38777,3363.18162,0.480060521
5710,571,0.434241318,1,1.04142012,0.438272567,106.711605,40.9646232,1,0.463016188,1386.71161,3368.96462,0.479418707
5720,572,0.433615657,1,1.01183432,0.435934065,109.041299,46.7968179,1,0.486504083,1389.0413,3374.79682,0.48309878
5730,573,0.436922924,1,0.99408284,0.435535173,111.335822,52.5771787,1,0.477158728,1391.33582,3380.57718,0.47839356
5740,574,0.436818293,1,1.00591716,0.437488795,113.643073,58.3549773,1,0.468954112,1393.64307,3386.35498,0.478572598
5750,575,0.435207865,1,1.02366864,0.438230219,115.948168,64.1338065,1,0.478760173,1395.94817,3392.13381,0.478584756
5760,576,0.435947689,1,1.01775148,0.438031102,118.194988,69.9216676,1,0.480544019,1398.19499,3397.92167,0.477589691
5770,577,0.435901494,1,0.964497041,0.436176652,120.510363,75.7481335,1,0.465869206,1400.51036,3403.74813,0.482281748
5780,578,0.435131385,1,1,0.436369855,122.879666,81.5214454,1,0.477618607,1402.87967,3409.52145,0.480043905
5790,579,0.436025272,1,0.99408284,0.437205618,125.201852,87.2938984,1,0.484296039,1405.20185,3415.2939,0.478618329
5800,580,0.437508439,1,1.02366864,0.438740203,127.556986,93.0255614,1,0.464350736,1407.55699,3421.02556,0.476666303
5810,581,0.436061619,1,1.01775148,0.438961948,1.88926326,98.8238733,1,0.476899041,1409.88926,3426.82387,0.480753469
5820,582,0.43715229,1,1.01183432,0.438644027,4.19554378,104.603482,1,0.478384393,1412.19554,3432.60348,0.478674244
5830,583,0.436269517,1,0.99408284,0.439853443,6.47499163,110.376768,1,0.464967125,1414.47499,3438.37677,0.477460705
5840,584,0.433606399,1,1.01775148,0.437937637,8.8151715,116.204248,1,0.472987562,1416.81517,3444.20425,0.483061978
5850,585,0.434047111,1,1.00591716,0.435198413,11.1014537,122.029014,1,0.485415961,1419.10145,3450.02901,0.481338069
5860,586,0.436916068,1,1.01775148,0.436870382,13.4016336,127.805119,1,0.472241882,1421.40163,3455.80512,0.478250093
5870,587,0.435354824,1,0.99408284,0.438309532,15.7115997,5.57451153,1,0.464089204,1423.7116,3461.57451,0.47804976
5880,588,0.435731365,1,0.99408284,0.438270582,18.0085689,11.3482982,1,0.482757317,1426.00857,3467.3483,0.477993096
5890,589,0.435123745,1,0.98816568,0.436378734,20.2924854,17.173792,1,0.476655366,1428.29249,3473.17379,0.481323692
5900,590,0.434939979,1,1.01183432,0.436120486,22.6285723,22.9765217,1,0.463602134,1430.62857,3478.97652,0.481178131
5910,591,0.435204869,1,1.01183432,0.436989436,24.989897,28.743901,1,0.484160851,1432.9899,3484.7439,0.479388899
5920,592,0.437789504,1,0.98816568,0.437076002,27.3193761,34.4969902,1,0.477391469,1435.31938,3490.49699,0.477447035
5930,593,0.436661206,1,1,0.43760568,29.6634724,40.2720875,1,0.46758867,1437.66347,3496.27209,0.479438378
5940,594,0.436179811,1,1.01183432,0.438670634,31.9903759,46.0493451,1,0.481484333,1439.99038,3502.04935,0.479096691
5950,595,0.437269703,1,1.02366864,0.439642531,34.2437777,51.8160228,1,0.474275709,1442.24378,3507.81602,0.476255062
5960,596,0.435818957,1,1.00591716,0.439519444,36.5612115,57.6275686,1,0.462982023,1444.56121,3513.62757,0.481273979
5970,597,0.433461722,1,0.98816568,0.436144251,38.8792713,63.4504666,1,0.478177144,1446.87927,3519.45047,0.482103023
5980,598,0.435492007,1,0.982248521,0.436816114,41.1638726,69.2464284,1,0.486520832,1449.16387,3525.24643,0.479228775
5990,599,0.437457793,1,1.0295858,0.43809219,43.4728364,75.0055102,1,0.465572648,1451.47284,3531.00551,0.477284827
6000,600,0.434828677,1,1.00591716,0.438405045,45.7916982,80.7874468,1,0.465341457,1453.7917,3536.78745,0.479199969
6010,601,0.434931565,1,1,0.43712785,48.1152422,86.604933,1,0.4863309,1456.11524,3542.60493,0.4818726
6020,602,0.435868244,1,0.98816568,0.437262056,50.4101496,92.3939311,1,0.47237165,1458.41015,3548.39393,0.479022044
6030,603,0.434652059,1,1.00591716,0.437288108,52.7544017,98.1704322,1,0.468923498,1460.7544,3554.17043,0.479542948
6040,604,0.43519936,1,1.00591716,0.435936147,55.0877037,103.955545,1,0.48700195,1463.0877,3559.95555,0.479841131
6050,605,0.437089334,1,0.98816568,0.436173279,57.4144755,109.737176,1,0.472208164,1465.41448,3565.73718,0.479404951
6060,606,0.435735538,1,0.970414201,0.438003545,59.7502343,115.506905,1,0.466532052,1467.75023,3571.50691,0.478814781
6070,607,0.437086952,1,1.00591716,0.439527795,62.0230478,121.265212,1,0.482334446,1470.02305,3577.26521,0.476201574
6080,608,0.436390044,1,1.01775148,0.438480495,64.2923174,127.083838,1,0.474289101,1472.29232,3583.08384,0.480421324
6090,609,0.434602671,1,1.00591716,0.436596381,66.6008062,4.90785793,1,0.461491006,1474.60081,3588.90786,0.481911464
6100,610,0.43521113,1,1.00591716,0.437425103,68.9301705,10.687255,1,0.479902744,1476.93017,3594.68725,0.479320081
6110,611,0.437741426,1,1.00591716,0.438010849,71.2372697,16.4533832,1,0.481921878,1479.23727,3600.45338,0.477734679
6120,612,0.436447383,1,1,0.438633033,73.5792546,22.2163769,1,0.465799592,1481.57925,3606.21638,0.478514646
6130,613,0.434456656,1,1.01183432,0.438022256,75.931791,28.0213083,1,0.478989189,1483.93179,3612.02131,0.481809073
6140,614,0.436203882,1,1,0.438575429,78.2251355,33.7944925,1,0.476284679,1486.22514,3617.79449,0.47784702
6150,615,0.436325702,1,1,0.439288927,80.5464255,39.5647304,1,0.463684053,1488.54643,3623.56473,0.47843453
6160,616,0.4338582,1,0.98816568,0.436591676,82.8894068,45.3709333,1,0.477908745,1490.88941,3629.37093,0.481624187
6170,617,0.434146287,1,0.982248521,0.435176874,85.1777178,51.1876287,1,0.485342682,1493.17772,3635.18763,0.480817307
6180,618,0.43690125,1,1.02366864,0.436666593,87.5029853,56.9611491,1,0.46684556,1495.50299,3640.96115,0.478783018
6190,619,0.435612717,1,1.00591716,0.438479139,89.7911848,62.7272904,1,0.465789937,1497.79118,3646.72729,0.477197452
6200,620,0.435823488,1,1.01183432,0.437932727,92.0872401,68.5388919,1,0.486827067,1500.08724,3652.53889,0.480671269
6210,621,0.435442407,1,0.98816568,0.436643601,94.3542109,74.3498092,1,0.475134027,1502.35421,3658.34981,0.47980467
6220,622,0.435772445,1,0.99408284,0.437441065,96.6832057,80.1212817,1,0.465395954,1504.68321,3664.12128,0.478744111
6230,623,0.436390246,1,0.99408284,0.437309914,99.037927,85.8997935,1,0.487040369,1507.03793,3669.89979,0.479989593
6240,624,0.437395463,1,1,0.43728995,101.366814,91.6709143,1,0.472784447,1509.36681,3675.67091,0.478715918
6250,625,0.435295483,1,0.982248521,0.438119818,103.73111,97.4451208,1,0.465877874,1511.73111,3681.44512,0.479961523
6260,626,0.436787054,1,0.99408284,0.4398111,106.027264,103.20072,1,0.48157068,1514.02726,3687.20072,0.476670171
6270,627,0.437117204,1,1.02366864,0.439431733,108.309084,108.993983,1,0.472034356,1516.30908,3692.99398,0.47895724
6280,628,0.434600799,1,1.02366864,0.438128718,110.636746,114.805688,1,0.460005761,1518.63675,3698.80569,0.48157726
6290,629,0.433604027,1,0.99408284,0.436541476,112.941412,120.62161,1,0.48242905,1520.94141,3704.62161,0.481224014
6300,630,0.436332946,1,0.99408284,0.436830195,115.243079,126.423328,1,0.484840976,1523.24308,3710.42333,0.480123291
6310,631,0.437314505,1,1.00591716,0.43806025,117.534321,4.17048504,1,0.466416073,1525.53432,3716.17049,0.475927019
6320,632,0.434428163,1,1.03550296,0.438106152,119.865513,9.97329811,1,0.475244104,1527.86551,3721.9733,0.481043579
6330,633,0.434947253,1,0.99408284,0.437104559,122.163703,15.7765241,1,0.482420623,1530.1637,3727.77652,0.480132554
6340,634,0.436651392,1,0.976331361,0.43733394,124.458075,21.5643945,1,0.469818165,1532.45807,3733.56439,0.478926232
6350,635,0.435112411,1,1.00591716,0.436488501,126.835657,27.337215,1,0.475445946,1534.83566,3739.33722,0.480251147
6360,636,0.434251205,1,0.982248521,0.435141542,1.16476363,33.1345875,1,0.48421365,1537.16476,3745.13459,0.480595436
6370,637,0.436962451,1,1.01775148,0.43667546,3.51173801,38.8959657,1,0.466268533,1539.51174,3750.89597,0.478544186
6380,638,0.436467886,1,0.99408284,0.438698831,5.82152968,44.6504477,1,0.469394368,1541.82153,3756.65045,0.476980151
6390,639,0.437447452,1,1.01183432,0.439417548,8.10897698,50.4406759,1,0.485065357,1544.10898,3762.44068,0.478898873
6400,640,0.435873883,1,1.00591716,0.438702633,10.3876134,56.2374982,1,0.468551344,1546.38761,3768.2375,0.479122303
6410,641,0.434622097,1,1.01183432,0.438434252,12.6824504,62.0380492,1,0.461931919,1548.68245,3774.03805,0.479846303
6420,642,0.435258916,1,1.02366864,0.437132201,15.0014422,67.8642112,1,0.485335993,1551.00144,3779.86421,0.482362818
6430,643,0.437696892,1,1.00591716,0.437440648,17.2950134,73.6243049,1,0.474884387,1553.29501,3785.6243,0.476917796
6440,644,0.435756191,1,1.00591716,0.438979818,19.6267097,79.4010167,1,0.464712671,1555.62671,3791.40102,0.479195618
6450,645,0.434862831,1,1.00591716,0.438606519,21.9676252,85.1813926,1,0.478274375,1557.96763,3797.18139,0.479722743
6460,646,0.435957854,1,1.0295858,0.43771706,24.2465247,90.9828146,1,0.4772848,1560.24652,3802.98281,0.479459015
6470,647,0.435081435,1,1.00591716,0.43675852,26.5982636,96.7804751,1,0.462786743,1562.59826,3808.78048,0.481267699
6480,648,0.433863516,1,0.98816568,0.435739152,28.9570119,102.568776,1,0.484384233,1564.95701,3814.56878,0.480803815
6490,649,0.43493096,1,1.01183432,0.435335602,31.2900657,108.357875,1,0.48541605,1567.29007,3820.35788,0.480118399
6500,650,0.437775732,1,1.00591716,0.437148495,33.5864633,114.104894,1,0.466669115,1569.58646,3826.10489,0.476064121
6510,651,0.436113814,1,1.0295858,0.438675154,35.9089505,119.895865,1,0.479555183,1571.90895,3831.89587,0.479948842
6520,652,0.436688044,1,0.99408284,0.438517151,38.1831928,125.677511,1,0.47900503,1574.18319,3837.67751,0.477912143
6530,653,0.436848187,1,1.01183432,0.439373525,40.4389922,3.46765544,1,0.467201152,1576.43899,3843.46766,0.478003776
6540,654,0.434577746,1,0.99408284,0.437017726,42.7789995,9.29272276,1,0.470030191,1578.779,3849.29272,0.482884845
6550,655,0.435711262,1,1,0.436549104,45.0812858,15.0812632,1,0.484334178,1581.08129,3855.08126,0.479198803
6560,656,0.437253985,1,1.0295858,0.438473836,47.396577,20.8423679,1,0.46891716,1583.39658,3860.84237,0.477610554
6570,657,0.435315233,1,1.01183432,0.439386637,49.7513794,26.6002365,1,0.463475477,1585.75138,3866.60024,0.478521795
6580,658,0.436291749,1,1.01183432,0.438736844,52.0615416,32.4023328,1,0.48451756,1588.06154,3872.40233,0.480391668
6590,659,0.435724938,1,1.02366864,0.437151478,54.3690921,38.2072937,1,0.470648372,1590.36909,3878.20729,0.480522152
6600,660,0.434259536,1,1.03550296,0.437720814,56.7059486,43.9885687,1,0.463662632,1592.70595,3883.98857,0.479669753
6610,661,0.433913492,1,1.01775148,0.436048433,59.0442158,49.8006076,1,0.486538113,1595.04422,3889.80061,0.481905058
6620,662,0.437075302,1,0.99408284,0.43562996,61.3442089,55.5775163,1,0.476767549,1597.34421,3895.57752,0.478302239
6630,663,0.436821755,1,1,0.437394626,63.6580027,61.3571701,1,0.469103212,1599.658,3901.35717,0.478891963
6640,664,0.435674814,1,1.01775148,0.438509837,65.9605206,67.1333704,1,0.479278928,1601.96052,3907.13337,0.478323493
6650,665,0.43619748,1,1.01775148,0.438401082,68.2011213,72.9196621,1,0.479540717,1604.20112,3912.91966,0.47730421
6660,666,0.435697554,1,0.964497041,0.436332067,70.512989,78.7501815,1,0.465324853,1606.51299,3918.75018,0.482471996
6670,667,0.435105199,1,1,0.4364916,72.8723451,84.527883,1,0.477036969,1608.87235,3924.52788,0.480066535
6680,668,0.43638219,1,1.00591716,0.437604596,75.1887041,90.2957991,1,0.484584249,1611.1887,3930.2958,0.478127353
6690,669,0.437499197,1,1.0295858,0.439045032,77.5418388,96.0287914,1,0.464330122,1613.54184,3936.02879,0.476702459
6700,670,0.435745936,1,1.01775148,0.438929768,79.8785721,101.833409,1,0.475827731,1615.87857,3941.83341,0.481331406
6710,671,0.436807446,1,1.01183432,0.438396874,82.1863934,107.618763,1,0.479488965,1618.18639,3947.61876,0.479128626
6720,672,0.436326963,1,0.98816568,0.439523116,84.463346,113.394002,1,0.466010004,1620.46335,3953.394,0.477530034
6730,673,0.433856208,1,1.0295858,0.437710999,86.7983674,119.213301,1,0.471735636,1622.79837,3959.2133,0.482330142
6740,674,0.434670353,1,0.99408284,0.43557845,89.0892014,125.029977,1,0.485456833,1625.0892,3965.02998,0.480887059
6750,675,0.437038942,1,1.02366864,0.437379933,91.3876251,2.80183406,1,0.472408785,1627.38763,3970.80183,0.477896534
6760,676,0.435270405,1,0.99408284,0.438646255,93.7049516,8.5725767,1,0.463653685,1629.70495,3976.57258,0.478356856
6770,677,0.435458659,1,0.99408284,0.438134652,96.0117913,14.3541037,1,0.482961385,1632.01179,3982.3541,0.47882724
6780,678,0.435226082,1,1,0.436486454,98.3036857,20.174949,1,0.476186879,1634.30369,3988.17495,0.481215302
6790,679,0.434779117,1,1.01183432,0.436334671,100.645911,25.9704446,1,0.463526462,1636.64591,3993.97044,0.480838694
6800,680,0.434678948,1,1.01183432,0.436513191,103.007163,31.7479141,1,0.485315527,1639.00716,3999.74791,0.48010516
6810,681,0.437343492,1,0.982248521,0.436345893,105.332094,37.5066383,1,0.477932611,1641.33209,4005.50664,0.477717777
6820,682,0.436955883,1,1,0.437465053,107.657481,43.2800912,1,0.468134191,1643.65748,4011.28009,0.478781619
6830,683,0.436076255,1,1.01183432,0.438631096,109.978859,49.0593406,1,0.480731857,1645.97886,4017.05934,0.479080224
6840,684,0.437046344,1,1.01775148,0.439540573,112.222589,54.830464,1,0.475974817,1648.22259,4022.83046,0.4763035
6850,685,0.435999068,1,1.01183432,0.438815082,114.522451,60.6547754,1,0.46456243,1650.52245,4028.65478,0.481688166
6860,686,0.434110551,1,0.98816568,0.43618679,116.850222,66.4659698,1,0.475357026,1652.85022,4034.46597,0.481543975
6870,687,0.436281375,1,1,0.437685792,119.140647,72.2428244,1,0.485519258,1655.14065,4040.24282,0.478026615
6880,688,0.437647157,1,1.02366864,0.438941288,121.46149,77.9964463,1,0.46517093,1657.46149,4045.99645,0.477236126
6890,689,0.4346561,1,1.01183432,0.438724346,123.807359,83.7873014,1,0.466946588,1659.80736,4051.7873,0.480612904
6900,690,0.435415252,1,1,0.437415296,126.138017,89.6001429,1,0.485254049,1662.13802,4057.60014,0.48174421
6910,691,0.435965001,1,0.982248521,0.438076867,0.447365872,95.3758103,1,0.469140496,1664.44737,4063.37581,0.478480245
6920,692,0.433925604,1,1.02366864,0.437608078,2.80256945,101.149583,1,0.471061709,1666.80257,4069.14958,0.479666048
6930,693,0.433558242,1,0.98816568,0.43496631,5.11260759,106.965217,1,0.486038405,1669.11261,4074.96522,0.481355813
6940,694,0.437090874,1,0.98816568,0.435596763,7.41874431,112.747591,1,0.473479843,1671.41874,4080.74759,0.478867712
6950,695,0.435961964,1,0.970414201,0.43769658,9.74703592,118.514587,1,0.46677724,1673.74704,4086.51459,0.478404498
6960,696,0.43706987,1,0.99408284,0.439297357,12.014637,124.274681,1,0.482360803,1676.01464,4092.27468,0.476182455
6970,697,0.436000295,1,1.02366864,0.438048763,14.2806541,2.09972691,1,0.475564386,1678.28065,4098.09973,0.480790714
6980,698,0.434788861,1,1.00591716,0.436146853,16.5881735,7.92241131,1,0.462086502,1680.58817,4103.92241,0.481788453
6990,699,0.435527543,1,1,0.437582067,18.9269646,13.6909704,1,0.479550402,1682.92696,4109.69097,0.478818922
7000,700,0.437857812,1,1.00591716,0.438220763,21.2379731,19.4549088,1,0.481706858,1685.23797,4115.45491,0.477690118
7010,701,0.436319986,1,1.00591716,0.438690697,23.5876835,25.2195179,1,0.465650784,1687.58768,4121.21952,0.478853763
7020,702,0.434559833,1,1.01775148,0.438095257,25.9401228,31.0232191,1,0.479364307,1689.94012,4127.02322,0.481718563
7030,703,0.436342283,1,1.01183432,0.438724262,28.2333323,36.7936651,1,0.47546056,1692.23333,4132.79367,0.477647446
7040,704,0.436153436,1,0.99408284,0.439487306,30.559943,42.5632405,1,0.463126376,1694.55994,4138.56324,0.478540169
7050,705,0.433790212,1,0.99408284,0.43665463,32.903138,48.3721192,1,0.478529966,1696.90314,4144.37212,0.481821214
7060,706,0.433829187,1,0.982248521,0.434942605,35.1900555,54.1924341,1,0.484915805,1699.19006,4150.19243,0.481037205
7070,707,0.436865133,1,1.02366864,0.436385599,37.5173585,59.96882,1,0.467042579,1701.51736,4155.96882,0.479045978
7080,708,0.435801258,1,1.01183432,0.438489788,39.8039061,65.7313581,1,0.467175922,1703.80391,4161.73136,0.476892956
7090,709,0.436120472,1,1.01775148,0.438149598,42.0982357,71.54175,1,0.486645065,1706.09824,4167.54175,0.480535959
7100,710,0.435616213,1,0.98816568,0.437018689,44.3602268,77.3491411,1,0.474160731,1708.36023,4173.34914,0.479412829
7110,711,0.435700362,1,0.99408284,0.437588976,46.6844396,83.1254809,1,0.465167893,1710.68444,4179.12548,0.478953899
7120,712,0.436434417,1,0.99408284,0.437359194,49.0319583,88.9047425,1,0.486890066,1713.03196,4184.90474,0.479834226
7130,713,0.437400446,1,0.99408284,0.437468472,51.3576505,94.6797637,1,0.473016633,1715.35765,4190.67976,0.478902304
7140,714,0.435027805,1,0.98816568,0.438266186,53.7197837,100.455287,1,0.464913848,1717.71978,4196.45529,0.479992226
7150,715,0.436562728,1,0.99408284,0.439857394,56.0238462,106.210354,1,0.481554209,1720.02385,4202.21035,0.476857964
7160,716,0.437077686,1,1.01775148,0.439133451,58.3130556,112.004618,1,0.47199311,1722.31306,4208.00462,0.479237432
7170,717,0.434659683,1,1.02366864,0.438083392,60.6458632,117.810867,1,0.460069829,1724.64586,4213.81087,0.481335167
7180,718,0.433521078,1,0.99408284,0.436392097,62.9563289,123.627746,1,0.483542937,1726.95633,4219.62775,0.48145693
7190,719,0.436193163,1,1,0.436455568,65.2613425,1.43032283,1,0.484714229,1729.26134,4225.43032,0.480279647
7200,720,0.437306829,1,1,0.437668856,67.5500605,7.18131905,1,0.466888451,1731.55006,4231.18132,0.476129536
7210,721,0.434565871,1,1.03550296,0.438081057,69.8739682,12.9800094,1,0.475925935,1733.87397,4236.98001,0.480540607
7220,722,0.435085002,1,0.99408284,0.437313728,72.1599607,18.7806652,1,0.482183329,1736.15996,4242.78067,0.479603935
7230,723,0.436780126,1,0.98816568,0.437212941,74.4501405,24.5722852,1,0.470315791,1738.45014,4248.57229,0.479075699
7240,724,0.435261967,1,1.00591716,0.436442685,76.8269694,30.3471979,1,0.474731866,1740.82697,4254.3472,0.480377885
7250,725,0.43461591,1,0.982248521,0.435541473,79.157135,36.1406357,1,0.484391582,1743.15714,4260.14064,0.480345003
7260,726,0.436747069,1,1.03550296,0.436998998,81.5057752,41.8989028,1,0.465582502,1745.50578,4265.8989,0.478370943
7270,727,0.436354972,1,1,0.438979783,83.8128883,47.6557568,1,0.468446139,1747.81289,4271.65576,0.477072803
7280,728,0.437242967,1,1.00591716,0.439229907,86.102634,53.4514885,1,0.48508628,1750.10263,4277.45149,0.479357564
7290,729,0.435683432,1,1.00591716,0.438168592,88.3790282,59.255973,1,0.469491917,1752.37903,4283.25597,0.479607894
7300,730,0.434849854,1,1.01775148,0.438170739,90.6742038,65.0517355,1,0.462200689,1754.6742,4289.05174,0.479513402
7310,731,0.43566897,1,1.02366864,0.437358298,92.9986648,70.8649941,1,0.485382901,1756.99866,4294.86499,0.481596789
7320,732,0.437754712,1,1,0.437602966,95.2983667,76.626399,1,0.474423669,1759.29837,4300.6264,0.477186126
7330,733,0.435629108,1,1,0.438994204,97.6417993,82.40261,1,0.464638905,1761.6418,4306.40261,0.47949857
7340,734,0.435112543,1,1,0.438860808,99.9826412,88.1801108,1,0.478899723,1763.98264,4312.18011,0.47951563
7350,735,0.436392176,1,1.0295858,0.438257825,102.262314,93.9754362,1,0.475920723,1766.26231,4317.97544,0.479044317
7360,736,0.435112289,1,1.00591716,0.437391112,104.613187,99.7700123,1,0.46192219,1768.61319,4323.77001,0.481022801
7370,737,0.433802207,1,0.99408284,0.435978904,106.954784,105.567328,1,0.4839858,1770.95478,4329.56733,0.480950425
7380,738,0.435099793,1,1,0.435531433,109.280106,111.366341,1,0.48570491,1773.28011,4335.36634,0.480604072
7390,739,0.437779523,1,1.00591716,0.437205574,111.571863,117.11512,1,0.466751979,1775.57186,4341.11512,0.476057575
7400,740,0.435581583,1,1.0295858,0.43858069,113.885899,122.913962,1,0.476976723,1777.8859,4346.91396,0.480269535
7410,741,0.43577239,1,0.99408284,0.437977942,116.156121,0.709179114,1,0.481044935,1780.15612,4352.70918,0.478770886
7420,742,0.437021212,1,0.98816568,0.438175759,118.41524,6.50182075,1,0.470053626,1782.41524,4358.50182,0.47827549
7430,743,0.435412719,1,0.982248521,0.437078838,120.768727,12.2972929,1,0.469218384,1784.76873,4364.29729,0.481162294
7440,744,0.435981371,1,1,0.436869055,123.092282,18.082046,1,0.484294853,1787.09228,4370.08205,0.479535506
7450,745,0.436992488,1,1.03550296,0.438162668,125.428039,23.8433374,1,0.466785718,1789.42804,4375.84334,0.478213139
7460,746,0.435553146,1,1.00591716,0.439379705,127.79228,29.5994292,1,0.465926449,1791.79228,4381.59943,0.47867065
7470,747,0.437142565,1,1.01183432,0.439304883,2.09420704,35.3857655,1,0.483355731,1794.09421,4387.38577,0.479031058
7480,748,0.436236371,1,1.01183432,0.438676703,4.40289246,41.1746193,1,0.468142283,1796.40289,4393.17462,0.479403333
7490,749,0.434177431,1,1.0295858,0.438628524,6.71779047,46.9644713,1,0.462728058,1798.71779,4398.96447,0.479651869
7500,750,0.433525854,1,1.01183432,0.435882298,9.04055249,52.8122217,1,0.486196661,1801.04055,4404.81222,0.484013105
7510,751,0.436873211,1,0.99408284,0.43564389,11.3304932,58.5918456,1,0.477054854,1803.33049,4410.59185,0.478210919
7520,752,0.436557942,1,1,0.437615745,13.6375785,64.3692426,1,0.46828632,1805.63758,4416.36924,0.47853919
7530,753,0.435083841,1,1.01775148,0.438201543,15.9427738,70.1446685,1,0.478241275,1807.94277,4422.14467,0.478344472
7540,754,0.435737436,1,1.01183432,0.437624146,18.1976132,75.9378446,1,0.480853717,1810.19761,4427.93784,0.478194271
7550,755,0.435847715,1,0.964497041,0.435953638,20.5164166,81.7611704,1,0.465823596,1812.51642,4433.76117,0.482154759
7560,756,0.435073497,1,1.00591716,0.436310129,22.8886579,87.5328092,1,0.478328296,1814.88866,4439.53281,0.480010744
7570,757,0.435994872,1,0.98816568,0.437083316,25.2114068,93.3051224,1,0.484325953,1817.21141,4445.30512,0.478624522
7580,758,0.437577304,1,1.02366864,0.438677154,27.563725,99.035432,1,0.464463601,1819.56372,4451.03543,0.476487699
7590,759,0.436124151,1,1.01775148,0.438919741,29.894999,104.834632,1,0.477612325,1821.895,4456.83463,0.480788063
7600,760,0.437144255,1,1.01775148,0.438660105,32.1982932,110.614545,1,0.478175315,1824.19829,4462.61455,0.478610907
7610,761,0.436305748,1,0.99408284,0.439890197,34.4763422,116.388858,1,0.465056034,1826.47634,4468.38886,0.477494666
7620,762,0.433632721,1,1.01775148,0.437829738,36.8157872,122.218304,1,0.47306399,1828.81579,4474.2183,0.483181317
7630,763,0.43422422,1,1,0.435284268,39.1012691,0.0392859591,1,0.485336438,1831.10127,4480.03929,0.481044567
7640,764,0.436894965,1,1.01775148,0.437032767,41.401868,5.81417809,1,0.471854102,1833.40187,4485.81418,0.478175368
7650,765,0.435341993,1,0.99408284,0.438457202,43.7135493,11.581776,1,0.463769973,1835.71355,4491.58178,0.477970664
7660,766,0.435672712,1,0.99408284,0.438183867,46.0139397,17.3601015,1,0.483200649,1838.01394,4497.3601,0.478414791
7670,767,0.435130842,1,1,0.436359545,48.3022772,23.1845134,1,0.476113723,1840.30228,4503.18451,0.481370474
7680,768,0.434838368,1,1.01775148,0.436283451,50.640341,28.9819694,1,0.463436952,1842.64034,4508.98197,0.480858687
7690,769,0.435008149,1,1.00591716,0.436870369,52.9991027,34.7551219,1,0.484830031,1844.9991,4514.75512,0.479725309
7700,770,0.437719491,1,0.99408284,0.43683292,55.3230717,40.5087212,1,0.477051854,1847.32307,4520.50872,0.477324497
7710,771,0.436631212,1,1.00591716,0.437535277,57.6630552,46.2881772,1,0.467865377,1849.66306,4526.28818,0.479630251
7720,772,0.436068076,1,1.01183432,0.438701758,59.9836668,52.06596,1,0.480778808,1851.98367,4532.06596,0.478953572
7730,773,0.437090001,1,1.01775148,0.439608935,62.2312138,57.836501,1,0.475557061,1854.23121,4537.8365,0.476368227
7740,774,0.435944692,1,1.00591716,0.438973719,64.5373781,63.6561666,1,0.464002108,1856.53738,4543.65617,0.481534172
7750,775,0.433872401,1,0.98816568,0.436143544,66.8622665,69.4723669,1,0.476557647,1858.86227,4549.47237,0.481819112
7760,776,0.436141291,1,1,0.437523537,69.149684,75.2519306,1,0.485878071,1861.14968,4555.25193,0.47813516
7770,777,0.437650271,1,1.03550296,0.438721408,71.4657804,81.0066047,1,0.465362133,1863.46578,4561.0066,0.477174725
7780,778,0.434604301,1,1.01183432,0.438571868,73.8039394,86.798978,1,0.466681799,1865.80394,4566.79898,0.480498848
7790,779,0.435121359,1,1,0.437246856,76.1330854,92.6129494,1,0.485597863,1868.13309,4572.61295,0.481781613
7800,780,0.435987622,1,0.982248521,0.437839359,78.4390114,98.3911918,1,0.470085172,1870.43901,4578.39119,0.478566523
7810,781,0.434101154,1,1.01775148,0.437399948,80.7896381,104.166516,1,0.470840292,1872.78964,4584.16652,0.47964371
7820,782,0.4340417,1,0.98816568,0.435139358,83.1042952,109.974331,1,0.486383605,1875.1043,4589.97433,0.480928284
7830,783,0.437103224,1,0.98816568,0.435917562,85.4151102,115.752981,1,0.472931889,1877.41511,4595.75298,0.478735168
7840,784,0.435723185,1,0.970414201,0.437844921,87.7401378,121.523445,1,0.465855332,1879.74014,4601.52344,0.478558001
7850,785,0.436882263,1,0.99408284,0.43917005,90.0099891,127.285757,1,0.482032377,1882.00999,4607.28576,0.476404623
7860,786,0.435751773,1,1.01775148,0.437629369,92.2782852,5.11208781,1,0.476172292,1884.27829,4613.11209,0.480946406
7870,787,0.43491497,1,1.00591716,0.436034223,94.5907051,10.9323834,1,0.462492036,1886.59071,4618.93238,0.481756689
7880,788,0.435560174,1,1.01183432,0.43758261,96.9363947,16.6961546,1,0.480422429,1888.93639,4624.69615,0.478677403
7890,789,0.437882698,1,1.00591716,0.438072204,99.2544516,22.4593217,1,0.48104822,1891.25445,4630.45932,0.477837107
7900,790,0.436372777,1,1.01183432,0.438457065,101.606565,28.2242661,1,0.465955391,1893.60656,4636.22427,0.478947443
7910,791,0.434879721,1,1.01775148,0.438199304,103.953567,34.0259443,1,0.479962213,1895.95357,4642.02594,0.481417339
7920,792,0.436626161,1,1.01183432,0.438952343,106.232133,39.7925522,1,0.475099276,1898.23213,4647.79255,0.476957997
7930,793,0.436194038,1,0.99408284,0.439529396,108.552232,45.5738267,1,0.463259934,1900.55223,4653.57383,0.479188153
7940,794,0.433593563,1,0.98816568,0.436433911,110.885881,51.3921714,1,0.478113072,1902.88588,4659.39217,0.482222741
7950,795,0.434583987,1,0.982248521,0.435631478,113.171793,57.2035074,1,0.486178928,1905.17179,4665.20351,0.480366086
7960,796,0.437045842,1,1.02366864,0.437109188,115.486571,62.9767302,1,0.466486923,1907.48657,4670.97673,0.478460937
7970,797,0.435356831,1,1.00591716,0.438412455,117.780066,68.7464957,1,0.464541914,1909.78007,4676.7465,0.477606901
7980,798,0.435314498,1,1.01775148,0.437537588,120.086657,74.556753,1,0.486908213,1912.08666,4682.55675,0.480873525
7990,799,0.435426345,1,0.98816568,0.436540659,122.366542,80.3653523,1,0.475121263,1914.36654,4688.36535,0.480000621
8000,800,0.435484151,1,0.98816568,0.437348336,124.707752,86.1330146,1,0.466483565,1916.70775,4694.13301,0.47882497
8010,801,0.436068938,1,0.99408284,0.43687373,127.064671,91.9108594,1,0.487203876,1919.06467,4699.91086,0.480005888
8020,802,0.437162419,1,1,0.43632127,1.400314,97.686178,1,0.472647205,1921.40031,4705.68618,0.479209992
8030,803,0.435875703,1,0.970414201,0.437892178,3.7509196,103.456626,1,0.467204487,1923.75092,4711.45663,0.479295659
8040,804,0.43719811,1,1,0.43970202,6.03438575,109.207502,1,0.482092329,1926.03439,4717.2075,0.47597172
8050,805,0.436999358,1,1.01775148,0.439655325,8.30914963,115.007499,1,0.471923649,1928.30915,4723.0075,0.479240741
8060,806,0.434423494,1,1.02366864,0.438006696,10.6266654,120.825609,1,0.459972503,1930.62667,4728.82561,0.481745379
8070,807,0.43394688,1,0.99408284,0.436915397,12.9301195,126.638279,1,0.480793863,1932.93012,4734.63828,0.480957137
8080,808,0.436794908,1,0.99408284,0.437293181,15.2277937,4.4304189,1,0.484149047,1935.22779,4740.43042,0.479325128
8090,809,0.437031187,1,1.00591716,0.438412151,17.5297044,10.1783036,1,0.465804921,1937.5297,4746.1783,0.476283511
8100,810,0.434266475,1,1.02366864,0.438097336,19.870289,15.9843802,1,0.475576814,1939.87029,4751.98438,0.481546213
8110,811,0.434987189,1,1,0.437123356,22.1742168,21.788448,1,0.481811,1942.17422,4757.78845,0.480355434
8120,812,0.43652649,1,0.982248521,0.437431629,24.4724675,27.5742548,1,0.468859084,1944.47247,4763.57425,0.478888726
8130,813,0.434866793,1,1.01183432,0.436380199,26.8477604,33.3466687,1,0.476453275,1946.84776,4769.34667,0.480155174
8140,814,0.433971673,1,0.98816568,0.434918332,29.1744872,39.1469017,1,0.484071961,1949.17449,4775.1469,0.480731446
8150,815,0.437068064,1,1.01775148,0.436604043,31.5187509,44.910232,1,0.466435262,1951.51875,4780.91023,0.478604658
8160,816,0.436473845,1,1,0.438627065,33.8267402,50.6648372,1,0.470013203,1953.82674,4786.66484,0.476937314
8170,817,0.437441815,1,1.01183432,0.439390387,36.1157421,56.4565476,1,0.485137373,1956.11574,4792.45655,0.479048857
8180,818,0.435878536,1,1.01183432,0.438715324,38.3925665,62.250728,1,0.468295367,1958.39257,4798.25073,0.478882179
8190,819,0.43458231,1,1.01775148,0.438457592,40.6883935,68.0517954,1,0.462356668,1960.68839,4804.0518,0.479911258
8200,820,0.435321259,1,1.02366864,0.437095813,43.0077764,73.8761877,1,0.485653161,1963.00778,4809.87619,0.482247472
8210,821,0.437627383,1,1.00591716,0.437388417,45.304301,79.6378436,1,0.474471033,1965.3043,4815.63784,0.477113505
8220,822,0.435649931,1,1.00591716,0.438923129,47.641168,85.4141283,1,0.464661199,1967.64117,4821.41413,0.479314187
8230,823,0.43518555,1,1,0.438863509,49.9776052,91.1879372,1,0.478765035,1969.97761,4827.18794,0.479125236
8240,824,0.436218183,1,1.0295858,0.437978472,52.2564507,96.9893386,1,0.476445115,1972.25645,4832.98934,0.479456022
8250,825,0.43500048,1,1.00591716,0.436862136,54.604146,102.789347,1,0.462370557,1974.60415,4838.78935,0.481318242
8260,826,0.433862663,1,0.98816568,0.43588603,56.9556503,108.583009,1,0.484276073,1976.95565,4844.58301,0.480975969
8270,827,0.43532964,1,1.00591716,0.435678454,59.2848149,114.371625,1,0.48545521,1979.28481,4850.37163,0.479972149
8280,828,0.437804449,1,1.00591716,0.437330683,61.5795491,120.119507,1,0.466762049,1981.57955,4856.11951,0.476078359
8290,829,0.435713597,1,1.03550296,0.438563819,63.8974363,125.919488,1,0.47817407,1983.89744,4861.91949,0.480460654
8300,830,0.436093415,1,1,0.43821397,66.1672816,3.70969156,1,0.480104984,1986.16728,4867.70969,0.478401308
8310,831,0.43696919,1,0.99408284,0.438576098,68.4242572,9.50117742,1,0.469004338,1988.42426,4873.50118,0.478132756
8320,832,0.435133047,1,0.982248521,0.436942333,70.774164,15.3069515,1,0.469658663,1990.77416,4879.30695,0.481793213
8330,833,0.435917031,1,1,0.436849839,73.0901508,21.0925516,1,0.484319797,1993.09015,4885.09255,0.479379305
8340,834,0.437129489,1,1.04142012,0.438405796,75.4190595,26.8513907,1,0.46696878,1995.41906,4890.85139,0.477840578
8350,835,0.435412226,1,1.00591716,0.439439111,77.7836991,32.6070619,1,0.465077372,1997.7837,4896.60706,0.478652395
8360,836,0.436848528,1,1.01183432,0.439124736,80.0873621,38.4014431,1,0.483832516,2000.08736,4902.40144,0.479655429
8370,837,0.436036799,1,1.02366864,0.438125372,82.3940922,44.1965816,1,0.468599542,2002.39409,4908.19658,0.479796767
8380,838,0.434235202,1,1.0295858,0.438344636,84.7088051,49.9835423,1,0.462711668,2004.70881,4913.98354,0.47944007
8390,839,0.433957794,1,1.01775148,0.436209423,87.0314901,55.8195125,1,0.48606722,2007.03149,4919.81951,0.48316886
8400,840,0.43704148,1,0.99408284,0.435944657,89.323442,61.5955448,1,0.476364149,2009.32344,4925.59554,0.47801112
8410,841,0.436413592,1,0.99408284,0.43788117,91.6317319,67.3745345,1,0.467494054,2011.63173,4931.37453,0.478687336
8420,842,0.434992239,1,1.01775148,0.438307365,93.9414919,73.150979,1,0.47800834,2013.94149,4937.15098,0.478547495
8430,843,0.435623479,1,1.01183432,0.437445595,96.2032152,78.9472395,1,0.480694673,2016.20322,4942.94724,0.478607621
8440,844,0.435626755,1,0.976331361,0.435932693,98.528206,84.7677601,1,0.465422753,2018.52821,4948.76776,0.482130639
8450,845,0.434777841,1,1.00591716,0.436087417,100.901497,90.5396726,1,0.479630542,2020.9015,4954.53967,0.480060916
8460,846,0.435757862,1,0.982248521,0.436767948,103.227023,96.3140999,1,0.484528047,2023.22702,4960.3141,0.478855161
8470,847,0.437747281,1,1.01183432,0.438411951,105.566156,102.044967,1,0.464958242,2025.56616,4966.04497,0.476143195
8480,848,0.436097317,1,1.01183432,0.438857258,107.893866,107.845446,1,0.477624249,2027.89387,4971.84545,0.480777136
8490,849,0.436985255,1,1.01775148,0.438592618,110.190431,113.629274,1,0.478962228,2030.19043,4977.62927,0.478699423
8500,850,0.436481723,1,0.99408284,0.439699336,112.459999,119.407418,1,0.465911493,2032.46,4983.40742,0.477529946
8510,851,0.433841255,1,1.01775148,0.437518891,114.794312,125.237611,1,0.471493027,2034.79431,4989.23761,0.483087705
8520,852,0.435058831,1,0.99408284,0.435894719,117.083599,3.04460723,1,0.485139746,2037.0836,4995.04461,0.480150618
8530,853,0.437201739,1,1.02366864,0.437879835,119.381375,8.80978276,1,0.471901331,2039.38138,5000.80978,0.47740067
8540,854,0.435306684,1,0.99408284,0.438976233,121.711215,14.5782749,1,0.463180084,2041.71122,5006.57827,0.478555865
8550,855,0.435596904,1,0.98816568,0.438224479,124.026348,20.3668291,1,0.483760203,2044.02635,5012.36683,0.479565875
8560,856,0.435523506,1,1.01775148,0.436735777,126.329045,26.1819574,1,0.474458849,2046.32905,5018.18196,0.481111458
8570,857,0.43443538,1,1.02366864,0.436856584,0.676631657,31.9680326,1,0.463889817,2048.67663,5023.96803,0.480321811
8580,858,0.434136956,1,1.00591716,0.436095057,3.03074389,37.7572777,1,0.486632607,2051.03074,5029.75728,0.48073663
8590,859,0.436976686,1,0.982248521,0.435636196,5.34444276,43.5268214,1,0.478496491,2053.34444,5035.52682,0.478167346
8600,860,0.437249072,1,1,0.437379535,7.6580592,49.298661,1,0.468927401,2055.65806,5041.29866,0.478328905
8610,861,0.436039531,1,1.01183432,0.438524593,9.9715025,55.0779232,1,0.480114169,2057.9715,5047.07792,0.478853978
8620,862,0.436831052,1,1.01775148,0.439377277,12.2079651,60.8540143,1,0.477631002,2060.20797,5052.85401,0.476457548
8630,863,0.435878596,1,0.976331361,0.437832334,14.505793,66.6887112,1,0.46522948,2062.50579,5058.68871,0.482373941
8640,864,0.434765402,1,1,0.436331026,16.8441612,72.4815181,1,0.474734767,2064.84416,5064.48152,0.480535807
8650,865,0.436440463,1,1,0.437886711,19.1440673,78.2553431,1,0.485103896,2067.14407,5070.25534,0.478079382
8660,866,0.437576399,1,1.0295858,0.439228481,21.4744024,84.0033834,1,0.464361442,2069.4744,5076.00338,0.477111803
8670,867,0.434700499,1,1.01183432,0.438806509,23.8243422,89.8010371,1,0.468993757,2071.82434,5081.80104,0.481215216
8680,868,0.43574687,1,1.00591716,0.43753025,26.1525848,95.6077876,1,0.483907948,2074.15258,5087.60779,0.481240169
8690,869,0.43595561,1,0.98816568,0.438536434,28.4617216,101.378185,1,0.467578327,2076.46172,5093.37818,0.47809777
8700,870,0.433811859,1,1.0295858,0.437761055,30.819352,107.157704,1,0.472083254,2078.81935,5099.1577,0.480145875
8710,871,0.433415392,1,0.98816568,0.434871155,33.1231048,112.97836,1,0.485498578,2081.1231,5104.97836,0.481536667
8720,872,0.437072154,1,0.98816568,0.43557289,35.4273861,118.763833,1,0.473191432,2083.42739,5110.76383,0.47903635
8730,873,0.435924523,1,0.98816568,0.437613615,37.7552527,124.530648,1,0.466675611,2085.75525,5116.53065,0.478379359
8740,874,0.437158453,1,0.99408284,0.439324497,40.0191884,2.28975723,1,0.482661588,2088.01919,5122.28976,0.476008725
8750,875,0.435951328,1,1.02366864,0.437946998,42.2893903,8.11595329,1,0.475296475,2090.28939,5128.11595,0.480989964
8760,876,0.434760031,1,1.00591716,0.436297526,44.5973363,13.935271,1,0.461953407,2092.59734,5133.93527,0.481559801
8770,877,0.435563101,1,1.01183432,0.437683879,46.9365119,19.7034118,1,0.480346823,2094.93651,5139.70341,0.47880022
8780,878,0.437946592,1,1.00591716,0.438108035,49.2502515,25.4657224,1,0.480957062,2097.25025,5145.46572,0.477652137
8790,879,0.436303234,1,1.01775148,0.438502487,51.6010195,31.2357104,1,0.466093972,2099.60102,5151.23571,0.479267636
8800,880,0.434607144,1,1.01183432,0.4380748,53.9478717,37.0380934,1,0.479468786,2101.94787,5157.03809,0.481463276
8810,881,0.436478333,1,1.00591716,0.438905581,56.2310885,42.805932,1,0.475554291,2104.23109,5162.80593,0.477177602
8820,882,0.436225623,1,1.00591716,0.439327227,58.5559954,48.5842775,1,0.463420616,2106.556,5168.58428,0.479116974
8830,883,0.433694586,1,0.98816568,0.436408761,60.8937408,54.3982138,1,0.478878023,2108.89374,5174.39821,0.482025484
8840,884,0.434339881,1,0.99408284,0.435387255,63.1838087,60.212413,1,0.485879083,2111.18381,5180.21241,0.480688143
8850,885,0.437034271,1,1.02366864,0.436910544,65.5042797,65.9829674,1,0.466754109,2113.50428,5185.98297,0.47843361
8860,886,0.435501397,1,1.01183432,0.438470264,67.7934588,71.7504879,1,0.465965577,2115.79346,5191.75049,0.477323861
8870,887,0.435591523,1,1.00591716,0.4377189,70.0959702,77.5623918,1,0.486732266,2118.09597,5197.56239,0.480875591
8880,888,0.435614267,1,0.982248521,0.43681471,72.367057,83.3689268,1,0.474592528,2120.36706,5203.36893,0.479605874
8890,889,0.435610001,1,0.98816568,0.437475813,74.7033198,89.1400118,1,0.46609252,2122.70332,5209.14001,0.47892598
8900,890,0.436288029,1,0.99408284,0.437064893,77.0551004,94.9163532,1,0.487094624,2125.0551,5214.91635,0.479749641
8910,891,0.437170472,1,1,0.436779683,79.3884137,100.693811,1,0.472474573,2127.38841,5220.69381,0.479295366
8920,892,0.43547294,1,0.976331361,0.438071585,81.7424295,106.46606,1,0.466322318,2129.74243,5226.46606,0.479523036
8930,893,0.436989424,1,0.98816568,0.439822585,84.0274482,112.219995,1,0.481896311,2132.02745,5232.22,0.476234495
8940,894,0.436950099,1,1.01775148,0.439271667,86.3023848,118.022499,1,0.472679796,2134.30238,5238.0225,0.479425094
8950,895,0.434389082,1,1.01775148,0.437579241,88.618397,123.843932,1,0.460523221,2136.6184,5243.84393,0.481940085
8960,896,0.434242228,1,0.98816568,0.436999032,90.9271168,1.64802356,1,0.480210416,2138.92712,5249.64802,0.48049326
8970,897,0.437090843,1,0.99408284,0.437528124,93.225184,7.43271027,1,0.483738799,2141.22518,5255.43271,0.478803445
8980,898,0.43686182,1,1.00591716,0.438491855,95.5354482,13.1838206,1,0.465502479,2143.53545,5261.18382,0.47675302
8990,899,0.434250403,1,1.02366864,0.43811332,97.8811785,18.9901866,1,0.476367073,2145.88118,5266.99019,0.481714984
9000,900,0.435225501,1,0.99408284,0.437413416,100.184053,24.7883931,1,0.480707798,2148.18405,5272.78839,0.479906476
9010,901,0.436572396,1,0.976331361,0.437860759,102.48523,30.5713825,1,0.467956232,2150.48523,5278.57138,0.478770509
9020,902,0.434557497,1,1.01183432,0.43627421,104.854345,36.3515638,1,0.476667095,2152.85434,5284.35156,0.480527323
9030,903,0.433990809,1,0.982248521,0.434991848,107.174017,42.1538847,1,0.484275825,2155.17402,5290.15388,0.480678825
9040,904,0.436978261,1,1.02366864,0.436624584,109.515552,47.9190958,1,0.46637115,2157.51555,5295.9191,0.478659633
9050,905,0.43639027,1,1.00591716,0.438679738,111.817741,53.6759226,1,0.469023306,2159.81774,5301.67592,0.476930089
9060,906,0.437214771,1,1.00591716,0.439217746,114.104919,59.4723833,1,0.485479093,2162.10492,5307.47238,0.479337196
9070,907,0.43568116,1,1.01183432,0.43800655,116.374753,65.2763623,1,0.469924218,2164.37475,5313.27636,0.479387664
9080,908,0.434901852,1,1.01183432,0.437967647,118.673873,71.070902,1,0.462699693,2166.67387,5319.0709,0.479537765
9090,909,0.435903283,1,1.01775148,0.437400944,121.003343,76.876001,1,0.485657888,2169.00334,5324.876,0.481157394
9100,910,0.437723027,1,0.98816568,0.437661486,123.311061,82.6397958,1,0.474125845,2171.31106,5330.6398,0.47758574
9110,911,0.43542655,1,1,0.438862342,125.666377,88.4141317,1,0.464445814,2173.66638,5336.41413,0.479709395
9120,912,0.435588526,1,1.01183432,0.439223781,0.000695565949,94.1848075,1,0.47977196,2176.0007,5342.18481,0.478840709
9130,913,0.436867733,1,1.0295858,0.438768953,2.2847563,99.9733544,1,0.474202206,2178.28476,5347.97335,0.478682907
9140,914,0.435045585,1,1.00591716,0.437945508,4.63386425,105.766672,1,0.460968219,2180.63386,5353.76667,0.480882082
9150,915,0.433671299,1,0.98816568,0.436206778,6.95914066,111.573148,1,0.483967346,2182.95914,5359.57315,0.481135689
9160,916,0.43525816,1,1.00591716,0.435624727,9.2771584,117.382414,1,0.485807919,2185.27716,5365.38241,0.481127726
9170,917,0.437759365,1,1.01183432,0.437209025,11.5630623,123.132406,1,0.466926796,2187.56306,5371.13241,0.475977755
9180,918,0.435127676,1,1.0295858,0.438327233,13.8793204,0.935296575,1,0.476323124,2189.87932,5376.9353,0.480622064
9190,919,0.43530925,1,0.99408284,0.437596552,16.1487499,6.7337701,1,0.481753355,2192.14875,5382.73377,0.478981943
9200,920,0.437074212,1,0.98816568,0.437629656,18.4176125,12.5258405,1,0.471171614,2194.41761,5388.52584,0.478507397
9210,921,0.435568032,1,0.982248521,0.43700609,20.7794787,18.309423,1,0.470091347,2196.77948,5394.30942,0.480558344
9220,922,0.435895448,1,0.99408284,0.436774844,23.1062768,24.0947754,1,0.484328561,2199.10628,5400.09478,0.479671315
9230,923,0.436775997,1,1.0295858,0.437806668,25.4484998,29.8578389,1,0.466083255,2201.4485,5405.85784,0.478526517
9240,924,0.435860475,1,1.00591716,0.439365049,27.8030633,35.612443,1,0.467138698,2203.80306,5411.61244,0.478282416
9250,925,0.437342414,1,1.01183432,0.439329528,30.1052508,41.3971662,1,0.483592484,2206.10525,5417.39717,0.478923161
9260,926,0.436155722,1,1.01183432,0.438883079,32.4114611,47.1843288,1,0.467516857,2208.41146,5423.18433,0.479211982
9270,927,0.434111341,1,1.0295858,0.438702513,34.7228696,52.9764077,1,0.462906997,2210.72287,5428.97641,0.479711374
9280,928,0.433480585,1,1.01183432,0.435808691,37.0440463,58.8301393,1,0.486139503,2213.04405,5434.83014,0.484395768
9290,929,0.436864604,1,0.99408284,0.435682529,39.3317714,64.6072482,1,0.476602029,2215.33177,5440.60725,0.477968292
9300,930,0.436391793,1,0.99408284,0.437671485,41.6400582,70.3837859,1,0.46782659,2217.64006,5446.38379,0.478512092
9310,931,0.435160226,1,1.01775148,0.438325283,43.9439151,76.1562016,1,0.478029512,2219.94392,5452.1562,0.478091248
9320,932,0.435652142,1,1.01183432,0.43745085,46.2029146,81.9527099,1,0.480681811,2222.20291,5457.95271,0.478549258
9330,933,0.435641046,1,0.976331361,0.435842357,48.5269451,87.7752223,1,0.465461669,2224.52695,5463.77522,0.482245536
9340,934,0.434844238,1,1.00591716,0.436184461,50.9008786,93.546957,1,0.479324269,2226.90088,5469.54696,0.480067067
9350,935,0.435926231,1,0.98816568,0.436944593,53.2242141,99.319634,1,0.484476654,2229.22421,5475.31963,0.478667333
9360,936,0.437716279,1,1.01775148,0.438581656,55.5665359,105.048094,1,0.464808061,2231.56654,5481.04809,0.476064551
9370,937,0.436015551,1,1.01775148,0.438799545,57.8986791,110.852862,1,0.478155316,2233.89868,5486.85286,0.481210404
9380,938,0.437029477,1,1.01183432,0.438606669,60.1966216,116.633997,1,0.478529107,2236.19662,5492.634,0.47854599
9390,939,0.43640054,1,0.98816568,0.439804529,62.4715203,122.410904,1,0.465515003,2238.47152,5498.4109,0.47759146
9400,940,0.433801185,1,1.02366864,0.437624754,64.8079755,0.239160942,1,0.472622197,2240.80798,5504.23916,0.483010769
9410,941,0.434725035,1,1.00591716,0.435588156,67.0955604,6.05135389,1,0.485114363,2243.09556,5510.05135,0.480474564
9420,942,0.436963795,1,1.02366864,0.437449962,69.3976631,11.8214096,1,0.471379058,2245.39766,5515.82141,0.477872628
9430,943,0.435239171,1,0.99408284,0.438695464,71.7181744,17.5883414,1,0.463214078,2247.71817,5521.58834,0.478176242
9440,944,0.435676063,1,0.99408284,0.438195906,74.0252408,23.3736341,1,0.48383898,2250.02524,5527.37363,0.47910275
9450,945,0.435318413,1,1.01775148,0.436498958,76.3218787,29.1930509,1,0.474909978,2252.32188,5533.19305,0.481246887
9460,946,0.434574101,1,1.02366864,0.436662515,78.6641328,34.9820882,1,0.463587364,2254.66413,5538.98209,0.480378966
9470,947,0.434438371,1,1.01183432,0.436404098,81.0180283,40.7675791,1,0.485925404,2257.01803,5544.76758,0.480462843
9480,948,0.437343798,1,0.98816568,0.43620363,83.3327995,46.528876,1,0.477355936,2259.3328,5550.52888,0.477609357
9490,949,0.436827547,1,1,0.437456343,85.6544092,52.3072405,1,0.468586935,2261.65441,5556.30724,0.479023716
9500,950,0.435826624,1,1.01183432,0.438538091,87.9671501,58.0885456,1,0.479777306,2263.96715,5562.08855,0.478979802
9510,951,0.436685171,1,1.01775148,0.439175678,90.2055248,63.8672931,1,0.478207064,2266.20552,5567.86729,0.476701213
9520,952,0.435902079,1,0.976331361,0.437486362,92.5058665,69.6992598,1,0.465505092,2268.50587,5573.69926,0.482249458
9530,953,0.434886256,1,1.00591716,0.436343522,94.8496695,75.48927,1,0.475296831,2270.84967,5579.48927,0.480493035
9540,954,0.436445637,1,1.00591716,0.437840541,97.1538613,81.2607507,1,0.485039191,2273.15386,5585.26075,0.478033993
9550,955,0.437528677,1,1.03550296,0.439131681,99.4904344,87.0060628,1,0.464067804,2275.49043,5591.00606,0.477097897
9560,956,0.434866249,1,1.01775148,0.438771807,101.835363,92.8066364,1,0.470409081,2277.83536,5596.80664,0.481278779
9570,957,0.435987132,1,1.00591716,0.437699514,104.159583,98.6093367,1,0.483043929,2280.15958,5602.60934,0.48083586
9580,958,0.436067836,1,0.98816568,0.438799126,106.460153,104.37862,1,0.46726061,2282.46015,5608.37862,0.477773797
9590,959,0.433823464,1,1.01775148,0.437772024,108.812965,110.167546,1,0.472013226,2284.81296,5614.16755,0.480676191
9600,960,0.43363697,1,0.98816568,0.434939905,111.112273,115.991295,1,0.485856975,2287.11227,5619.9913,0.481632283
9610,961,0.437031802,1,0.99408284,0.435952531,113.416951,121.771394,1,0.473064733,2289.41695,5625.77139,0.478663551
9620,962,0.435545477,1,0.98816568,0.437700728,115.736464,127.542941,1,0.465264199,2291.73646,5631.54294,0.47847699
9630,963,0.436638005,1,1,0.438939375,118.007761,5.30542522,1,0.482087682,2294.00776,5637.30543,0.476457701
9640,964,0.435473525,1,1.01183432,0.437185229,120.280131,11.1317667,1,0.4766547,2296.28013,5643.13177,0.481060954
9650,965,0.434971236,1,1.01183432,0.436031427,122.599819,16.9470778,1,0.462896001,2298.59982,5648.94708,0.481607235
9660,966,0.435562585,1,1.01183432,0.437509224,124.954086,22.7071519,1,0.48175823,2300.95409,5654.70715,0.478663247
9670,967,0.437876416,1,0.99408284,0.437773761,127.281416,28.4688996,1,0.479637919,2303.28142,5660.4689,0.478002518
9680,968,0.436461929,1,1.01775148,0.438103266,1.63395853,34.2347762,1,0.46631628,2305.63396,5666.23478,0.479026308
9690,969,0.435530168,1,1.01775148,0.438377011,3.97307688,40.0281531,1,0.480984863,2307.97308,5672.02815,0.480598068
9700,970,0.43705034,1,1.00591716,0.439344835,6.23739058,45.7897154,1,0.474450388,2310.23739,5677.78972,0.47619496
9710,971,0.436052655,1,1,0.439649061,8.55233105,51.5872554,1,0.463145924,2312.55233,5683.58726,0.480202244
9720,972,0.433488094,1,0.98816568,0.436256973,10.8782548,57.4127149,1,0.477870792,2314.87825,5689.41271,0.48251008
9730,973,0.435118295,1,0.976331361,0.436263336,13.1613495,63.2173189,1,0.486439668,2317.16135,5695.21732,0.479804865
9740,974,0.437224196,1,1.0295858,0.437686047,15.4686189,68.985308,1,0.466028964,2319.46862,5700.98531,0.47787245
9750,975,0.435117376,1,1,0.438430343,17.7738555,74.7577029,1,0.463693225,2321.77386,5706.7577,0.478129114
9760,976,0.434938374,1,1.02366864,0.437190907,20.09204,80.5737878,1,0.48700045,2324.09204,5712.57379,0.481619695
9770,977,0.435486374,1,0.976331361,0.436495349,22.3805518,86.3789776,1,0.474605442,2326.38055,5718.37898,0.47999947
9780,978,0.435202053,1,1,0.437252606,24.7262707,92.1464322,1,0.467308449,2328.72627,5724.14643,0.478940711
9790,979,0.435769016,1,1.00591716,0.436537829,27.0782933,97.9233147,1,0.487314035,2331.07829,5729.92331,0.479795208
9800,980,0.437113552,1,1,0.435991903,29.4132977,103.701058,1,0.472500397,2333.4133,5735.70106,0.479364505
9810,981,0.436045164,1,0.970414201,0.437875611,31.7601183,109.468615,1,0.467572071,2335.76012,5741.46861,0.478979908
9820,982,0.437259494,1,1,0.439605253,34.0381231,115.22181,1,0.482644288,2338.03812,5747.22181,0.475982679
9830,983,0.436922567,1,1.01775148,0.439671333,36.3132047,121.023927,1,0.471845142,2340.3132,5753.02393,0.479401542
9840,984,0.434338234,1,1.01775148,0.437969805,38.626194,126.841574,1,0.459996008,2342.62619,5758.84157,0.481583488
9850,985,0.434112952,1,1,0.437014684,40.9298444,4.65341396,1,0.480323809,2344.92984,5764.65341,0.48090331
9860,986,0.437000799,1,0.99408284,0.437392016,43.2270221,10.4410059,1,0.483488032,2347.22702,5770.44101,0.478985897
9870,987,0.436795582,1,1.00591716,0.438434725,45.5343286,16.1930654,1,0.46554395,2349.53433,5776.19307,0.476736018
9880,988,0.434234303,1,1.02366864,0.438124727,47.8791096,21.9961973,1,0.476149058,2351.87911,5781.9962,0.481456971
9890,989,0.435158545,1,1,0.43733124,50.182963,27.7956739,1,0.480869194,2354.18296,5787.79567,0.480025078
9900,990,0.436541281,1,0.982248521,0.437671826,52.4847169,33.5807641,1,0.468155787,2356.48472,5793.58076,0.478937063
9910,991,0.434634421,1,1.01183432,0.436232056,54.8555796,39.3578173,1,0.476893566,2358.85558,5799.35782,0.48035572
9920,992,0.433965647,1,0.982248521,0.434975893,57.1788681,45.1606098,1,0.484241469,2361.17887,5805.16061,0.480815819
9930,993,0.43706707,1,1.02366864,0.436686824,59.5211551,50.9236085,1,0.466356431,2363.52116,5810.92361,0.47852375
9940,994,0.436465212,1,0.99408284,0.438719907,61.8258836,56.6800266,1,0.469884718,2365.82588,5816.68003,0.476973467
9950,995,0.437336018,1,1.00591716,0.439260697,64.1159628,62.4745338,1,0.485046884,2368.11596,5822.47453,0.479279394
9960,996,0.435782696,1,1.01183432,0.438400579,66.3897553,68.2727098,1,0.468830023,2370.38976,5828.27271,0.479083053
9970,997,0.434683382,1,1.01775148,0.438275895,68.6868565,74.0696916,1,0.462831487,2372.68686,5834.06969,0.479655152
9980,998,0.435572297,1,1.01183432,0.437182711,71.0107361,79.8851308,1,0.485813434,2375.01074,5839.88513,0.481735946
9990,999,0.437665349,1,0.99408284,0.437506179,73.3132026,85.6475189,1,0.474285429,2377.3132,5845.64752,0.477335236
10000,1000,0.435451049,1,0.99408284,0.438823244,75.6605122,91.4244412,1,0.464397187,2379.66051,5851.42444,0.479661453
10010,1001,0.435524934,1,1.00591716,0.439170901,77.992142,97.1927806,1,0.479572541,2381.99214,5857.19278,0.47859655
10020,1002,0.436616632,1,1.0295858,0.438429794,80.2714094,102.989541,1,0.475286326,2384.27141,5862.98954,0.479135651
10030,1003,0.435008042,1,1.01183432,0.437301372,82.613697,108.790706,1,0.461635647,2386.6137,5868.79071,0.481244842
10040,1004,0.433774649,1,0.99408284,0.43609265,84.9487159,114.593601,1,0.483621125,2388.94872,5874.5936,0.481159256
10050,1005,0.435820956,1,1,0.436229577,87.2660647,120.387566,1,0.485593694,2391.26606,5880.38757,0.480015604
10060,1006,0.437771081,1,1.01183432,0.437672921,89.5555727,126.134762,1,0.466706413,2393.55557,5886.13476,0.475880421
10070,1007,0.434863763,1,1.0295858,0.438194334,91.8775356,3.94374227,1,0.476165365,2395.87754,5891.94374,0.48121989
10080,1008,0.435194662,1,0.99408284,0.437506152,94.1506133,9.74380586,1,0.482131274,2398.15061,5897.74381,0.479198169
10090,1009,0.437000803,1,0.98816568,0.437504859,96.4245827,15.5347234,1,0.471045163,2400.42458,5903.53472,0.478568273
10100,1010,0.43548754,1,0.98816568,0.436835589,98.7904389,21.3164954,1,0.471132063,2402.79044,5909.3165,0.480545569
10110,1011,0.435675277,1,0.98816568,0.436506394,101.116665,27.1035027,1,0.484465204,2405.11666,5915.1035,0.479773004
10120,1012,0.436747952,1,1.02366864,0.437623013,103.460076,32.8659524,1,0.46599439,2407.46008,5920.86595,0.478517196
10130,1013,0.43596143,1,1.00591716,0.439262937,105.803885,38.6197426,1,0.467400475,2409.80388,5926.61974,0.477911771
10140,1014,0.437341676,1,1.01183432,0.43929372,108.105398,44.4069583,1,0.48393744,2412.1054,5932.40696,0.479082129
10150,1015,0.436077697,1,1.01183432,0.438773517,110.405992,50.1975136,1,0.4676758,2414.40599,5938.19751,0.479294747
10160,1016,0.434144976,1,1.03550296,0.438622094,112.712742,55.9901782,1,0.462361482,2416.71274,5943.99018,0.479620544
10170,1017,0.433856347,1,1.02366864,0.43618449,115.030471,61.8384504,1,0.486026968,2419.03047,5949.83845,0.483907629
10180,1018,0.437001113,1,0.99408284,0.436042354,117.321625,67.6103565,1,0.476225232,2421.32162,5955.61036,0.47769345
10190,1019,0.436316265,1,0.99408284,0.438116271,119.628757,73.3853172,1,0.467064237,2423.62876,5961.38532,0.478366478
10200,1020,0.434997481,1,1.01775148,0.438393463,121.944208,79.1600578,1,0.477859123,2425.94421,5967.16006,0.478588564
10210,1021,0.43563924,1,1.01183432,0.43736033,124.213174,84.9589657,1,0.480127975,2428.21317,5972.95897,0.479000068
10220,1022,0.435396162,1,0.98816568,0.436077196,126.548572,90.7755469,1,0.464576003,2430.54857,5978.77555,0.482146958
10230,1023,0.434429404,1,1,0.435876405,0.920219723,96.5494442,1,0.481716149,2432.92022,5984.54944,0.480154074
10240,1024,0.435398607,1,0.982248521,0.436227726,3.25229873,102.326666,1,0.484771224,2435.2523,5990.32667,0.479243015
10250,1025,0.437859956,1,1,0.437934847,5.57293631,108.062278,1,0.465603838,2437.57294,5996.06228,0.475945683
10260,1026,0.436082578,1,1.01775148,0.438785185,7.89369748,113.860824,1,0.47768583,2439.8937,6001.86082,0.48044029
10270,1027,0.436725373,1,1,0.438512636,10.1810244,119.648646,1,0.479694126,2442.18102,6007.64865,0.478723314
10280,1028,0.436754618,1,1,0.439474064,12.4400585,125.431426,1,0.467045815,2444.44006,6013.43143,0.477566483
10290,1029,0.434344406,1,1.00591716,0.437277443,14.7735436,3.26020288,1,0.469788864,2446.77354,6019.2602,0.482962924
10300,1030,0.435645678,1,0.99408284,0.436395789,17.0707336,9.05188719,1,0.484766195,2449.07073,6025.05189,0.479278852
10310,1031,0.437310111,1,1.01775148,0.43839561,19.3763191,14.816279,1,0.470772889,2451.37632,6030.81628,0.477567417
10320,1032,0.435255299,1,0.99408284,0.439314874,21.7242548,20.5826686,1,0.462918938,2453.72425,6036.58267,0.4789291
10330,1033,0.435824024,1,0.98816568,0.438526188,24.0424349,26.3778079,1,0.484264624,2456.04243,6042.37781,0.48012325
10340,1034,0.435816261,1,1.01775148,0.437075165,26.3522905,32.1832875,1,0.472402517,2458.35229,6048.18329,0.480624752
10350,1035,0.434177559,1,1.03550296,0.437327927,28.7027477,37.9662317,1,0.463970358,2460.70275,6053.96623,0.480181756
10360,1036,0.43368266,1,0.99408284,0.435807666,31.0475931,43.7685112,1,0.486999299,2463.04759,6059.76851,0.481398032
10370,1037,0.436709333,1,0.982248521,0.435201596,33.3527529,49.5464302,1,0.478479009,2465.35275,6065.54643,0.478521576
10380,1038,0.437371786,1,1.00591716,0.437383746,35.6656405,55.3142514,1,0.469422813,2467.66564,6071.31425,0.47802113
10390,1039,0.436198127,1,1.01183432,0.438479271,37.9744881,61.0906904,1,0.48020449,2469.97449,6077.09069,0.47852105
10400,1040,0.436842523,1,1.01775148,0.439357714,40.2083291,66.869453,1,0.477912562,2472.20833,6082.86945,0.476576446
10410,1041,0.435717625,1,0.982248521,0.437564992,42.5089423,72.7074721,1,0.465047466,2474.50894,6088.70747,0.482690241
10420,1042,0.434875057,1,1,0.436461269,44.8484006,78.496764,1,0.475186434,2476.8484,6094.49676,0.4803165
10430,1043,0.436562984,1,1.00591716,0.437991385,47.1496463,84.2664999,1,0.485061047,2479.14965,6100.2665,0.477825351
10440,1044,0.437590002,1,1.0295858,0.439270579,49.4841614,90.0113541,1,0.464329382,2481.48416,6106.01135,0.477005638
10450,1045,0.434726846,1,1.01775148,0.438758153,51.834208,95.8147501,1,0.47033992,2483.83421,6111.81475,0.481627687
10460,1046,0.435812534,1,1.00591716,0.437551287,54.1594541,101.618884,1,0.483124853,2486.15945,6117.61888,0.480967599
10470,1047,0.436072164,1,0.98816568,0.438776944,56.4653185,107.387384,1,0.467289549,2488.46532,6123.38738,0.477868813
10480,1048,0.433846133,1,1.02366864,0.437731651,58.8233116,113.171603,1,0.472624266,2490.82331,6129.1716,0.480491082
10490,1049,0.433508087,1,0.982248521,0.434862909,61.1249013,118.993065,1,0.485502996,2493.1249,6134.99306,0.48153316
10500,1050,0.437028686,1,0.99408284,0.43562187,63.4339793,124.777728,1,0.472573159,2495.43398,6140.77773,0.479115138
10510,1051,0.435837971,1,1.00591716,0.437658177,65.7599327,2.54524795,1,0.466389464,2497.75993,6146.54525,0.478374611
10520,1052,0.437190656,1,0.99408284,0.43933944,68.0220375,8.30284928,1,0.482958423,2500.02204,6152.30285,0.475849233
10530,1053,0.435900813,1,1.02366864,0.437807851,70.2962832,14.1296006,1,0.475070497,2502.29628,6158.1296,0.481142774
10540,1054,0.434710802,1,1.01183432,0.436380214,72.6065305,19.9457959,1,0.461942119,2504.60653,6163.9458,0.48140186
10550,1055,0.435500938,1,1.01183432,0.437699569,74.9481583,25.7154551,1,0.481176741,2506.94816,6169.71546,0.478979363
10560,1056,0.438020245,1,1,0.438007805,77.2631477,31.4743369,1,0.480138847,2509.26315,6175.47434,0.477443239
10570,1057,0.436312274,1,1.01775148,0.438261214,79.6139603,37.2496265,1,0.466437565,2511.61396,6181.24963,0.479646628
10580,1058,0.434720621,1,1.01183432,0.438099477,81.9542999,43.0500623,1,0.479444948,2513.9543,6187.05006,0.481136751
10590,1059,0.436556262,1,1.01183432,0.439030748,84.2265539,48.8170052,1,0.475711363,2516.22655,6192.81701,0.47680376
10600,1060,0.436310752,1,1.00591716,0.439118587,86.5457522,54.6064305,1,0.46411017,2518.54575,6198.60643,0.479744304
10610,1061,0.433797423,1,0.982248521,0.436181553,88.8798939,60.4212819,1,0.478408956,2520.87989,6204.42128,0.481987463
10620,1062,0.435085259,1,0.982248521,0.436160273,91.1705218,66.2266595,1,0.486345441,2523.17052,6210.22666,0.480072638
10630,1063,0.437358423,1,1.0295858,0.437755639,93.4814603,71.9889122,1,0.466005679,2525.48146,6215.98891,0.477567758
10640,1064,0.435160189,1,1.00591716,0.438482608,95.7860217,77.7630655,1,0.465052808,2527.78602,6221.76307,0.478235475
10650,1065,0.435176149,1,1.00591716,0.437359406,98.1010004,83.5782754,1,0.486692289,2530.101,6227.57828,0.481465906
10660,1066,0.435651145,1,0.98816568,0.436857232,100.384293,89.3781959,1,0.473836709,2532.38429,6233.3782,0.479475193
10670,1067,0.43514816,1,0.99408284,0.437362594,102.727414,95.1504285,1,0.467182046,2534.72741,6239.15043,0.479206003
10680,1068,0.435823719,1,1,0.436544911,105.074821,100.928279,1,0.487240555,2537.07482,6244.92828,0.479730418
10690,1069,0.437092394,1,1,0.436157689,107.40944,106.707652,1,0.472437914,2539.40944,6250.70765,0.479469594
10700,1070,0.435859606,1,0.970414201,0.4379026,109.753993,112.476994,1,0.467285524,2541.75399,6256.47699,0.479041473
10710,1071,0.437167289,1,1,0.439695995,112.031567,118.230471,1,0.482378371,2544.03157,6262.23047,0.475990643
10720,1072,0.436883887,1,1.02366864,0.439381315,114.301962,124.035336,1,0.472688126,2546.30196,6268.03534,0.479466851
10730,1073,0.434333118,1,1.01183432,0.437489854,116.611046,1.85869364,1,0.460563068,2548.61105,6273.85869,0.481880941
10740,1074,0.43457706,1,1.00591716,0.437127856,118.922332,7.65913242,1,0.479624061,2550.92233,6279.65913,0.480305196
10750,1075,0.437299899,1,1.00591716,0.43768671,121.222601,13.4391929,1,0.483166014,2553.2226,6285.43919,0.478535362
10760,1076,0.436637271,1,1,0.438558715,123.544972,19.1936792,1,0.46541661,2555.54497,6291.19368,0.477341725
10770,1077,0.434264293,1,1.03550296,0.438138875,125.897964,24.9977751,1,0.477423557,2557.89796,6296.99778,0.481762701
10780,1078,0.435568103,1,0.98816568,0.437785537,0.201259202,30.7881574,1,0.479060357,2560.20126,6302.78816,0.479359121
10790,1079,0.436537119,1,1,0.438537533,2.51188802,36.5628093,1,0.466160634,2562.51189,6308.56281,0.478444292
10800,1080,0.434214873,1,1,0.436475265,4.87127501,42.3521598,1,0.477123899,2564.87128,6314.35216,0.480897124
10810,1081,0.433926738,1,0.976331361,0.434957894,7.17480001,48.1623369,1,0.484573188,2567.1748,6320.16234,0.480780837
10820,1082,0.436919892,1,1.02366864,0.43655015,9.51030895,53.9327404,1,0.466592279,2569.51031,6325.93274,0.478855625
10830,1083,0.436094548,1,0.99408284,0.438616916,11.8044617,59.6916974,1,0.467580345,2571.80446,6331.6917,0.476853115
10840,1084,0.436649657,1,1.01775148,0.438736189,14.0925046,65.4985519,1,0.486326451,2574.0925,6337.49855,0.480105385
10850,1085,0.435447622,1,1.00591716,0.437098902,16.3556197,71.3116949,1,0.472987895,2576.35562,6343.31169,0.479856495
10860,1086,0.435480574,1,1,0.437591126,18.6679754,77.0963078,1,0.463953109,2578.66798,6349.09631,0.479205058
10870,1087,0.436334419,1,1.01775148,0.437585027,21.0100888,82.8811271,1,0.486194651,2581.01009,6354.88113,0.480074142
10880,1088,0.437718763,1,0.98816568,0.437729905,23.3304887,88.6480827,1,0.473518802,2583.33049,6360.64808,0.478174734
10890,1089,0.435081638,1,0.982248521,0.438385973,25.6990594,94.4247001,1,0.464571129,2585.69906,6366.4247,0.480257795
10900,1090,0.436129981,1,1,0.439643151,28.0195266,100.187375,1,0.480833571,2588.01953,6372.18738,0.477871233
10910,1091,0.437191658,1,1.02366864,0.439272267,30.30946,105.968664,1,0.472022129,2590.30946,6377.96866,0.478329751
10920,1092,0.434855489,1,1.01775148,0.438457707,32.6539328,111.763038,1,0.45997855,2592.65393,6383.76304,0.480823572
10930,1093,0.433482337,1,0.98816568,0.436275535,34.9674773,117.580057,1,0.484154207,2594.96748,6389.58006,0.481554381
10940,1094,0.435121748,1,1.00591716,0.435376597,37.2835768,123.400261,1,0.485603634,2597.28358,6395.40026,0.481854713
10950,1095,0.437651701,1,1.00591716,0.437039093,39.5655463,1.15173228,1,0.467162709,2599.56555,6401.15173,0.475971817
10960,1096,0.434987277,1,1.0295858,0.438168371,41.8828365,6.95107388,1,0.476666947,2601.88284,6406.95107,0.48039799
10970,1097,0.435330757,1,1,0.437613416,44.1494909,12.7460033,1,0.48168104,2604.14949,6412.746,0.478650282
10980,1098,0.437089658,1,0.98816568,0.437517154,46.4217056,18.5387293,1,0.471093005,2606.42171,6418.53873,0.478648453
10990,1099,0.435540938,1,0.98816568,0.43688021,48.7870425,24.3204539,1,0.470649172,2608.78704,6424.32045,0.480527065
11000,1100,0.435815416,1,0.98816568,0.436709656,51.1136106,30.1074485,1,0.484401444,2611.11361,6430.10745,0.479781916
11010,1101,0.43675031,1,1.0295858,0.437767938,53.4564788,35.8693721,1,0.465872755,2613.45648,6435.86937,0.478463978
11020,1102,0.435930537,1,1.00591716,0.439380258,55.8059747,41.6228893,1,0.467540671,2615.80597,6441.62289,0.47805753
11030,1103,0.437313773,1,1.01183432,0.439252683,58.1100854,47.4112928,1,0.483893781,2618.11009,6447.41129,0.479240901
11040,1104,0.436080831,1,1.01183432,0.438847979,60.415236,53.1983971,1,0.467381364,2620.41524,6453.1984,0.479177644
11050,1105,0.43407918,1,1.03550296,0.438685872,62.7275114,58.9899934,1,0.463331625,2622.72751,6458.98999,0.479701618
11060,1106,0.433553709,1,1.01775148,0.435852884,65.0476951,64.8420738,1,0.486367084,2625.0477,6464.84207,0.484249543
11070,1107,0.436901295,1,0.99408284,0.435677241,67.3356957,70.6173876,1,0.476166181,2627.3357,6470.61739,0.477847713
11080,1108,0.436302086,1,0.98816568,0.437652339,69.6484588,76.39404,1,0.467712656,2629.64846,6476.39404,0.478648154
11090,1109,0.435289459,1,1.01775148,0.43844641,71.9528582,82.1636955,1,0.478287912,2631.95286,6482.1637,0.477909539
11100,1110,0.435865319,1,1.01183432,0.437680711,74.2121012,87.9580156,1,0.479900629,2634.2121,6487.95802,0.478399233
11110,1111,0.435414628,1,0.982248521,0.435966193,76.5404109,93.7813749,1,0.464649217,2636.54041,6493.78137,0.482428147
11120,1112,0.434497772,1,1.00591716,0.436037587,78.9105125,99.5580478,1,0.480234517,2638.91051,6499.55805,0.480306431
11130,1113,0.435880459,1,0.99408284,0.436839538,81.2327123,105.332504,1,0.484812446,2641.23271,6505.3325,0.478761693
11140,1114,0.4377964,1,1.00591716,0.438484529,83.5624256,111.060792,1,0.465223531,2643.56243,6511.06079,0.475686018
11150,1115,0.435771763,1,1.01183432,0.438748115,85.8925382,116.869885,1,0.477461086,2645.89254,6516.86988,0.481460965
11160,1116,0.43661091,1,1.00591716,0.438392383,88.1833501,122.657433,1,0.479786497,2648.18335,6522.65743,0.478802359
11170,1117,0.436714844,1,1.00591716,0.439428246,90.4467613,0.439567393,1,0.466952705,2650.44676,6528.43957,0.477642783
11180,1118,0.434345229,1,1.00591716,0.437242313,92.7811342,6.26269622,1,0.470499008,2652.78113,6534.2627,0.48258504
11190,1119,0.43551408,1,1,0.436230851,95.0784212,12.0583509,1,0.484761626,2655.07842,6540.05835,0.479565508
11200,1120,0.437242071,1,1.01775148,0.43826187,97.3848071,17.8217652,1,0.470483367,2657.38481,6545.82177,0.477520474
11210,1121,0.435291614,1,1,0.439256441,99.7268343,23.5856384,1,0.462977424,2659.72683,6551.58564,0.478578553
11220,1122,0.435878051,1,0.99408284,0.438498869,102.042006,29.3816802,1,0.484312824,2662.04201,6557.38168,0.480101829
11230,1123,0.435704458,1,1.01775148,0.436952703,104.348688,35.1899868,1,0.47268105,2664.34869,6563.18999,0.480736645
11240,1124,0.434210067,1,1.03550296,0.437226102,106.697137,40.9737497,1,0.463927161,2666.69714,6568.97375,0.480181962
11250,1125,0.433857733,1,1.00591716,0.43596234,109.042138,46.77301,1,0.486822163,2669.04214,6574.77301,0.481187194
11260,1126,0.436904535,1,0.982248521,0.435438127,111.347503,52.5485157,1,0.478113869,2671.3475,6580.54852,0.478355019
11270,1127,0.437220231,1,1.01183432,0.437375522,113.659601,58.3195599,1,0.469359309,2673.6596,6586.31956,0.478228659
11280,1128,0.436001053,1,1.01183432,0.438460323,115.967255,64.0973846,1,0.47977281,2675.96725,6592.09738,0.478585955
11290,1129,0.43664481,1,1.01775148,0.439082375,118.201874,69.878363,1,0.478583094,2678.20187,6597.87836,0.476757006
11300,1130,0.435814364,1,0.976331361,0.437174918,120.504222,75.7144938,1,0.46553642,2680.50422,6603.71449,0.482604062
11310,1131,0.435062542,1,1,0.436501551,122.851551,81.4985182,1,0.475500142,2682.85155,6609.49852,0.480168194
11320,1132,0.436541839,1,1.00591716,0.437901313,125.159236,87.2671893,1,0.484902142,2685.15924,6615.26719,0.477933033
11330,1133,0.43744472,1,1.02366864,0.439103357,127.504884,93.0109772,1,0.464076551,2687.50488,6621.01098,0.477252748
11340,1134,0.435173589,1,1.02366864,0.438899549,1.84795704,98.8123998,1,0.4720825,2689.84796,6626.8124,0.481285855
11350,1135,0.436327806,1,1.00591716,0.437935868,4.17052292,104.608783,1,0.481707045,2692.17052,6632.60878,0.480337475
11360,1136,0.436134993,1,0.99408284,0.439088025,6.4627172,110.378695,1,0.466665273,2694.46272,6638.3787,0.477580446
11370,1137,0.433814789,1,1.01775148,0.437832921,8.80906135,116.178391,1,0.472054804,2696.80906,6644.17839,0.481256976
11380,1138,0.433891389,1,1,0.435048667,11.1037707,122.00404,1,0.48591924,2699.10377,6650.00404,0.481638489
11390,1139,0.437054888,1,1.00591716,0.436441605,13.4047652,127.782406,1,0.472908016,2701.40477,6655.78241,0.4784349
11400,1140,0.435365185,1,0.98816568,0.437992301,15.7175365,5.55774873,1,0.464642627,2703.71754,6661.55775,0.478554842
11410,1141,0.436067741,1,1.00591716,0.438591282,18.0031487,11.323036,1,0.482086422,2706.00315,6667.32304,0.477063012
11420,1142,0.435304278,1,1,0.436715008,20.2806542,17.1482155,1,0.477175469,2708.28065,6673.14822,0.481121393
11430,1143,0.434995701,1,1.01183432,0.435922346,22.6113456,22.959272,1,0.463534954,2710.61135,6678.95927,0.481617709
11440,1144,0.435339982,1,1.01183432,0.437175234,24.9738176,28.7215403,1,0.482980496,2712.97382,6684.72154,0.47905856
11450,1145,0.437836263,1,0.98816568,0.437415995,27.3042144,34.4776948,1,0.478692666,2715.30421,6690.47769,0.477692085
11460,1146,0.436638932,1,1.01183432,0.437791977,29.6510041,40.2462868,1,0.466866861,2717.651,6696.24629,0.479052784
11470,1147,0.436010516,1,1.01183432,0.438539663,31.9834105,46.0294505,1,0.481454769,2719.98341,6702.02945,0.479676306
11480,1148,0.437213173,1,1.01775148,0.439493322,34.2403265,51.7945756,1,0.474338558,2722.24033,6707.79458,0.476242305
11490,1149,0.43589703,1,1.00591716,0.439644982,36.553958,57.6014785,1,0.463074779,2724.55396,6713.60148,0.480833908
11500,1150,0.433511389,1,0.98816568,0.436271262,38.8740443,63.4261768,1,0.477691199,2726.87404,6719.42618,0.482289355
11510,1151,0.435389406,1,0.976331361,0.436641557,41.1563368,69.2259014,1,0.486330624,2729.15634,6725.2259,0.479433004
11520,1152,0.437359686,1,1.0295858,0.437947627,43.4619439,74.9906253,1,0.465949939,2731.46194,6730.99063,0.477591752
11530,1153,0.434951956,1,1,0.438410663,45.775569,80.7679193,1,0.463730696,2733.77557,6736.76792,0.478718624
11540,1154,0.43479299,1,1.01775148,0.437073006,48.0962736,86.5850541,1,0.486962337,2736.09627,6742.58505,0.481766519
11550,1155,0.435562439,1,0.976331361,0.436581876,50.3883958,92.3871636,1,0.474174951,2738.3884,6748.38716,0.479881013
11560,1156,0.435093532,1,1,0.43720025,52.7354176,98.1553543,1,0.467697942,2740.73542,6754.15535,0.479030926
11570,1157,0.435609977,1,1,0.436343431,55.0848834,103.932985,1,0.487257128,2743.08488,6759.93299,0.479774391
11580,1158,0.437076452,1,1,0.435899563,57.4197505,109.711761,1,0.4722967,2745.41975,6765.71176,0.479434171
11590,1159,0.4360839,1,0.976331361,0.437911832,59.7654292,115.477887,1,0.467674553,2747.76543,6771.47789,0.478844902
11600,1160,0.437300083,1,1,0.4395998,62.0424636,121.231547,1,0.482947734,2750.04246,6777.23155,0.475988428
11610,1161,0.436896244,1,1.01775148,0.439689408,64.320989,127.033491,1,0.471514584,2752.32099,6783.03349,0.479485871
11620,1162,0.434245773,1,1.01775148,0.437985968,66.6343467,4.85017839,1,0.459767799,2754.63435,6788.85018,0.481525438
11630,1163,0.43401997,1,1,0.436974679,68.938227,10.6639249,1,0.480925621,2756.93823,6794.66392,0.48104615
11640,1164,0.43697902,1,1,0.437248362,71.237553,16.4509824,1,0.482999915,2759.23755,6800.45098,0.479008684
11650,1165,0.436791697,1,1.01183432,0.438341096,73.5458393,22.202788,1,0.465843174,2761.54584,6806.20279,0.476745952
11660,1166,0.434209047,1,1.0295858,0.437997222,75.8912388,28.0076796,1,0.476906628,2763.89124,6812.00768,0.481600299
11670,1167,0.435417408,1,0.98816568,0.437614127,78.1884192,33.7998899,1,0.48010798,2766.18842,6817.79989,0.479316192
11680,1168,0.4366112,1,0.982248521,0.437922023,80.4903735,39.5852021,1,0.467808113,2768.49037,6823.5852,0.478958625
11690,1169,0.434578557,1,1.00591716,0.436176953,82.8552918,45.3673706,1,0.476815753,2770.85529,6829.36737,0.480546483
11700,1170,0.434235468,1,0.982248521,0.43524255,85.1752966,51.1709911,1,0.484673,2773.1753,6835.17099,0.480781131
11710,1171,0.43699038,1,1.01775148,0.436896096,87.5158363,56.9319344,1,0.466130313,2775.51584,6840.93193,0.478326678
11720,1172,0.436238356,1,1.00591716,0.438839825,89.8128198,62.6929312,1,0.468509432,2777.81282,6846.69293,0.477079487
11730,1173,0.436817633,1,1.01183432,0.43885202,92.1031971,68.4982428,1,0.48581331,2780.1032,6852.49824,0.480060838
11740,1174,0.435572611,1,1.01183432,0.437549061,94.3703401,74.3082016,1,0.471540142,2782.37034,6858.3082,0.479740798
11750,1175,0.435221878,1,1,0.437750044,96.6751739,80.0954969,1,0.463694361,2784.67517,6864.0955,0.479182279
11760,1176,0.436214746,1,1.01183432,0.437475314,99.0085913,85.8871671,1,0.486118647,2787.00859,6869.88717,0.480312273
11770,1177,0.437669249,1,0.99408284,0.437725474,101.32252,91.6562309,1,0.473909822,2789.32252,6875.65623,0.478139678
11780,1178,0.435201531,1,0.98816568,0.438711744,103.683355,97.4300076,1,0.464183899,2791.68335,6881.43001,0.479830066
11790,1179,0.435902411,1,1,0.439509146,106.011582,103.195811,1,0.480612778,2794.01158,6887.19581,0.47831764
11800,1180,0.437046786,1,1.02366864,0.438933502,108.298175,108.982469,1,0.473081718,2796.29818,6892.98247,0.478619317
11810,1181,0.434965848,1,1.00591716,0.438105293,110.640003,114.778727,1,0.460587577,2798.64,6898.77873,0.480881603
11820,1182,0.433589714,1,0.99408284,0.436260539,112.957364,120.591736,1,0.483823568,2800.95736,6904.59174,0.481376412
11830,1183,0.435644171,1,0.99408284,0.435954887,115.268619,126.400142,1,0.485719815,2803.26862,6910.40014,0.480873768
11840,1184,0.437639875,1,1.00591716,0.43737999,117.553323,4.15155127,1,0.467031816,2805.55332,6916.15155,0.476044973
11850,1185,0.43477297,1,1.03550296,0.438130734,119.871324,9.9540204,1,0.475723341,2807.87132,6921.95402,0.480641675
11860,1186,0.435028882,1,1,0.437333558,122.147677,15.7544415,1,0.482534681,2810.14768,6927.75444,0.479315761
11870,1187,0.436958378,1,0.98816568,0.437183403,124.426341,21.5468359,1,0.471349264,2812.42634,6933.54684,0.47880609
11880,1188,0.435528608,1,0.98816568,0.436783765,126.798701,27.3235904,1,0.471879837,2814.7987,6939.32359,0.480378223
11890,1189,0.435494279,1,0.99408284,0.436329584,1.12762986,33.1099625,1,0.484382364,2817.12763,6945.10996,0.479805251
11900,1190,0.436699087,1,1.02366864,0.437425338,3.47578467,38.8720875,1,0.465778945,2819.47578,6950.87209,0.478631656
11910,1191,0.436101074,1,1,0.439116003,5.80774663,44.6284378,1,0.467967718,2821.80775,6956.62844,0.477751234
11920,1192,0.437383884,1,1.01775148,0.439312645,8.10522884,50.4161584,1,0.484292894,2824.10523,6962.41616,0.479003738
11930,1193,0.435971104,1,1.01183432,0.438698034,10.3990919,56.2116929,1,0.46800701,2826.39909,6968.21169,0.479459928
11940,1194,0.434248392,1,1.02366864,0.438534389,12.6986357,62.0062117,1,0.461886982,2828.69864,6974.00621,0.479548295
11950,1195,0.43440295,1,1.02366864,0.436612061,15.0148182,67.8490044,1,0.485830224,2831.01482,6979.849,0.483471962
11960,1196,0.437371051,1,1.00591716,0.436695529,17.3054022,73.6141367,1,0.475839365,2833.3054,6985.61414,0.477193008
11970,1197,0.436141441,1,1,0.438632243,19.6194607,79.3867611,1,0.4659576,2835.61946,6991.38676,0.478397593
11980,1198,0.434874167,1,1.01775148,0.438485121,21.9502293,85.1659508,1,0.477858225,2837.95023,6997.16595,0.479345683
11990,1199,0.435778563,1,1.02366864,0.437487728,24.2271267,90.9665056,1,0.479128465,2840.22713,7002.96651,0.479340632
12000,1200,0.435197344,1,1.00591716,0.436427038,26.5726701,96.7734093,1,0.463503543,2842.57267,7008.77341,0.481747948
12010,1201,0.43403588,1,1,0.435683587,28.9391929,102.554569,1,0.483418175,2844.93919,7014.55457,0.480521434
12020,1202,0.43494129,1,1,0.435580945,31.2744882,108.33563,1,0.485186081,2847.27449,7020.33563,0.47960946
12030,1203,0.437861195,1,1,0.437408621,33.5780395,114.079204,1,0.46625931,2849.57804,7026.0792,0.476022684
12040,1204,0.4361182,1,1.01775148,0.43873823,35.8961874,119.872418,1,0.478081707,2851.89619,7031.87242,0.47998481
12050,1205,0.436667941,1,0.99408284,0.438515378,38.1760765,125.657825,1,0.479767134,2854.17608,7037.65783,0.478340516
12060,1206,0.436834766,1,1.00591716,0.439282516,40.4312589,3.4474234,1,0.467674043,2856.43126,7043.44742,0.477947383
12070,1207,0.434590287,1,1,0.437151702,42.767198,9.27236364,1,0.468960064,2858.7672,7049.27236,0.482759207
12080,1208,0.43581055,1,0.99408284,0.436653909,45.0689165,15.0592077,1,0.484393555,2861.06892,7055.05921,0.479061408
12090,1209,0.437349564,1,1.01775148,0.438560023,47.3767968,20.8218704,1,0.470203108,2863.3768,7060.82187,0.477509523
12100,1210,0.435230104,1,1,0.439400144,49.7312354,26.587858,1,0.462914392,2865.73124,7066.58786,0.479089335
12110,1211,0.435886,1,0.98816568,0.438577296,52.0484167,32.3863253,1,0.484406605,2868.04842,7072.38633,0.480332434
12120,1212,0.435836825,1,1.01775148,0.437157927,54.3600808,38.188761,1,0.471727531,2870.36008,7078.18876,0.48045867
12130,1213,0.434168731,1,1.04142012,0.43747443,56.7095223,43.9701285,1,0.463978154,2872.70952,7083.97013,0.480039972
12140,1214,0.433645141,1,0.99408284,0.435767216,59.052954,49.7767372,1,0.487030464,2875.05295,7089.77674,0.481666102
12150,1215,0.43674271,1,0.976331361,0.435138579,61.3560401,55.5561337,1,0.478149746,2877.35604,7095.55613,0.478568063
12160,1216,0.437335079,1,1.00591716,0.437386409,63.6719666,61.3234598,1,0.469545958,2879.67197,7101.32346,0.478072842
12170,1217,0.436274926,1,1.01183432,0.438501172,65.9793808,67.0985987,1,0.48027816,2881.97938,7107.0986,0.478387269
12180,1218,0.436930556,1,1.01775148,0.439449219,68.2125466,72.8760219,1,0.477728146,2884.21255,7112.87602,0.476461613
12190,1219,0.435610509,1,0.982248521,0.437608624,70.5173572,78.7143085,1,0.464688822,2886.51736,7118.71431,0.482827857
12200,1220,0.434751185,1,1.00591716,0.436381404,72.8566807,84.5053441,1,0.475840842,2888.85668,7124.50534,0.480436977
12210,1221,0.436520034,1,1.00591716,0.437934323,75.1593007,90.2756073,1,0.485227901,2891.1593,7130.27561,0.477902201
12220,1222,0.437595084,1,1.03550296,0.43918562,77.4948437,96.0171174,1,0.464381163,2893.49484,7136.01712,0.476797121
12230,1223,0.434849795,1,1.0295858,0.438709944,79.8409818,101.82335,1,0.471313555,2895.84098,7141.82335,0.481717232
12240,1224,0.435837455,1,1.00591716,0.437571461,82.1616257,107.626766,1,0.482827857,2898.16163,7147.62677,0.480784759
12250,1225,0.436189097,1,0.98816568,0.438852896,84.459971,113.396389,1,0.467513845,2900.45997,7153.39639,0.47773466
12260,1226,0.433928418,1,1.01775148,0.437605505,86.8128352,119.186877,1,0.472349014,2902.81284,7159.18688,0.48078904
12270,1227,0.433887077,1,0.99408284,0.435013932,89.1117712,125.007405,1,0.48576544,2905.11177,7165.0074,0.481391316
12280,1228,0.436994423,1,1,0.436168064,91.4191716,2.78886011,1,0.472391991,2907.41917,7170.78886,0.478838114
12290,1229,0.435506547,1,0.98816568,0.437923426,93.7352431,8.56046116,1,0.464926937,2909.73524,7176.56046,0.478382172
12300,1230,0.43645237,1,0.99408284,0.438777565,96.0112127,14.3257451,1,0.48261174,2912.01121,7182.32575,0.476789909
12310,1231,0.435367983,1,1,0.436947659,98.2859659,20.1511497,1,0.476482263,2914.28597,7188.15115,0.481060474
12320,1232,0.43500751,1,1.01183432,0.436120922,100.608322,25.9634273,1,0.463052514,2916.60832,7193.96343,0.481466613
12330,1233,0.435573986,1,1.01183432,0.437496457,102.963918,31.7247814,1,0.482303915,2918.96392,7199.72478,0.478793069
12340,1234,0.438013986,1,0.99408284,0.437766962,105.290654,37.4810455,1,0.478679633,2921.29065,7205.48105,0.47759431
12350,1235,0.436410733,1,1.01183432,0.437952836,107.643459,43.2535281,1,0.466676607,2923.64346,7211.25353,0.479504472
12360,1236,0.43559184,1,1.01183432,0.43846558,109.974594,49.0432173,1,0.480536416,2925.97459,7217.04322,0.480105342
12370,1237,0.436911955,1,1.00591716,0.439393694,112.231477,54.8103062,1,0.474733292,2928.23148,7222.81031,0.476382045
12380,1238,0.436176273,1,1.00591716,0.439337064,114.539069,60.6148776,1,0.463923211,2930.53907,7228.61488,0.480495472
12390,1239,0.433685205,1,0.98816568,0.436085976,116.863633,66.4380386,1,0.476902381,2932.86363,7234.43804,0.482307085
12400,1240,0.435770245,1,0.98816568,0.437042259,119.148077,72.2287137,1,0.486221124,2935.14808,7240.22871,0.478846018
12410,1241,0.437452691,1,1.0295858,0.438270663,121.457724,77.9902107,1,0.465829186,2937.45772,7245.99021,0.477476837
12420,1242,0.434803505,1,1.01183432,0.438510531,123.781515,83.7707819,1,0.464245376,2939.78152,7251.77078,0.479243795
12430,1243,0.434917831,1,1.01775148,0.437196422,126.107346,89.5884265,1,0.486700408,2942.10735,7257.58843,0.481949197
12440,1244,0.435740252,1,0.98816568,0.437008232,0.407523331,95.3809745,1,0.472566334,2944.40752,7263.38097,0.479425357
12450,1245,0.434543529,1,1.01775148,0.437211168,2.75432939,101.154528,1,0.468834142,2946.75433,7269.15453,0.479406829
12460,1246,0.434836774,1,1.00591716,0.435748435,5.09220278,106.943249,1,0.487012721,2949.0922,7274.94325,0.480230055
12470,1247,0.43710261,1,1,0.4358301,7.41566812,112.720923,1,0.472977426,2951.41567,7280.72092,0.4790277
12480,1248,0.436046938,1,0.964497041,0.437865245,9.75343045,118.489586,1,0.467425413,2953.75343,7286.48959,0.478796623
12490,1249,0.43717097,1,1.01183432,0.439510935,12.0265508,124.245908,1,0.482435013,2956.02655,7292.24591,0.476068185
12500,1250,0.436707643,1,1.02366864,0.439058955,14.2929972,2.05868472,1,0.47370001,2958.293,7298.05868,0.47992327
12510,1251,0.434509069,1,1.01183432,0.436965553,16.5982377,7.88480139,1,0.461290469,2960.59824,7303.8848,0.481969389
12520,1252,0.435105551,1,1.00591716,0.437345561,18.9198597,13.6716674,1,0.479174294,2962.91986,7309.67167,0.479630943
12530,1253,0.437621226,1,1.00591716,0.438026248,21.2242079,19.44285,1,0.482551032,2965.22421,7315.44285,0.478017164
12540,1254,0.436477216,1,1.00591716,0.438667841,23.5635823,25.2020045,1,0.465419485,2967.56358,7321.202,0.478165457
12550,1255,0.434343951,1,1.01775148,0.438056703,25.9204147,31.0078367,1,0.47855402,2969.92041,7327.00784,0.481997486
12560,1256,0.436010363,1,0.98816568,0.43832105,28.2206762,36.786045,1,0.477116277,2972.22068,7332.78604,0.478402757
12570,1257,0.436352466,1,1,0.439183503,30.5400484,42.5524754,1,0.463957021,2974.54005,7338.55248,0.478107749
12580,1258,0.433995569,1,1.00591716,0.436710732,32.8895907,48.3529092,1,0.477567139,2976.88959,7344.35291,0.481401936
12590,1259,0.433877643,1,0.976331361,0.434949787,35.1788731,54.1713936,1,0.484727781,2979.17887,7350.17139,0.480972726
12600,1260,0.436859567,1,1.02366864,0.436424595,37.5086735,59.9472955,1,0.466862091,2981.50867,7355.9473,0.479083268
12610,1261,0.435833959,1,1,0.438488142,39.7989849,65.7094778,1,0.466839718,2983.79898,7361.70948,0.47697439
12620,1262,0.436261402,1,1.01775148,0.438329788,42.0893054,71.5194849,1,0.486761585,2986.08931,7367.51948,0.480395243
12630,1263,0.435448398,1,0.98816568,0.436833992,44.3509696,77.3308632,1,0.474341834,2988.35097,7373.33086,0.47968951
12640,1264,0.435717597,1,0.99408284,0.437506446,46.6705733,83.1094016,1,0.464541565,2990.67057,7379.1094,0.478978618
12650,1265,0.436450205,1,1.01183432,0.437569653,49.0172423,88.8891884,1,0.486549006,2993.01724,7384.88919,0.479847061
12660,1266,0.437623434,1,0.98816568,0.437708005,51.3400607,94.6586243,1,0.473310564,2995.34006,7390.65862,0.47842119
12670,1267,0.435043314,1,0.982248521,0.438337032,53.7079938,100.434089,1,0.464664069,2997.70799,7396.43409,0.48015712
12680,1268,0.436276308,1,1,0.439724381,56.0245534,106.194966,1,0.481216166,3000.02455,7402.19497,0.477630701
12690,1269,0.437193319,1,1.02366864,0.439329575,58.3153452,111.977847,1,0.471508799,3002.31535,7407.97785,0.478468002
12700,1270,0.434753125,1,1.01775148,0.438423521,60.6578042,117.775392,1,0.45984934,3004.6578,7413.77539,0.480991563
12710,1271,0.433457777,1,0.98816568,0.436277824,62.9697608,123.593289,1,0.484360351,3006.96976,7419.59329,0.481572071
12720,1272,0.435275823,1,0.99408284,0.435458705,65.2849928,1.41219603,1,0.485355027,3009.28499,7425.4122,0.48173736
12730,1273,0.43763082,1,1.00591716,0.437088107,67.5648292,7.16323149,1,0.467268651,3011.56483,7431.16323,0.475880142
12740,1274,0.434866297,1,1.03550296,0.43805833,69.8849239,12.9624364,1,0.476777522,3013.88492,7436.96244,0.480468314
12750,1275,0.435320712,1,0.99408284,0.437586937,72.1518851,18.7570249,1,0.481612959,3016.15189,7442.75702,0.47863446
12760,1276,0.437060849,1,0.98816568,0.437442186,74.4278809,24.5495233,1,0.470956076,3018.42788,7448.54952,0.478738446
12770,1277,0.435488616,1,0.98816568,0.436753296,76.7973354,30.3305033,1,0.471585951,3020.79734,7454.3305,0.480594083
12780,1278,0.435611578,1,0.98816568,0.436489978,79.1243239,36.1187459,1,0.484469007,3023.12432,7460.11875,0.479883052
12790,1279,0.436755895,1,1.02366864,0.437673578,81.4676127,41.8807839,1,0.465700904,3025.46761,7465.88078,0.478484315
12800,1280,0.436008795,1,1.00591716,0.439314808,83.8049473,47.6336974,1,0.467593072,3027.80495,7471.6337,0.477661631
12810,1281,0.437218191,1,1.01775148,0.439146848,86.108964,53.4274474,1,0.484303675,3030.10896,7477.42745,0.479620364
12820,1282,0.435978999,1,1.01775148,0.438608711,88.4058721,59.2202524,1,0.468034109,3032.40587,7483.22025,0.479350995
12830,1283,0.434195075,1,1.02366864,0.438558581,90.7105167,65.0129592,1,0.462369447,3034.71052,7489.01296,0.479563653
12840,1284,0.434212129,1,1.02366864,0.436381991,93.0256383,70.856484,1,0.48625464,3037.02564,7494.85648,0.483494247
12850,1285,0.437181734,1,1,0.43636692,95.3184517,76.6250545,1,0.475480284,3039.31845,7500.62505,0.477502119
12860,1286,0.436133741,1,0.98816568,0.438402595,97.6301002,82.3976107,1,0.46632669,3041.6301,7506.39761,0.478323778
12870,1287,0.435056864,1,1.01183432,0.43855154,99.9515853,88.1730067,1,0.477863207,3043.95159,7512.17301,0.478808256
12880,1288,0.43573956,1,1.01775148,0.437430412,102.22401,93.9749692,1,0.479274951,3046.22401,7517.97497,0.479315845
12890,1289,0.435211691,1,1.01183432,0.436149371,104.565222,99.7871418,1,0.463770044,3048.56522,7523.78714,0.481999193
12900,1290,0.434169442,1,0.99408284,0.435759114,106.934585,105.565846,1,0.482952802,3050.93459,7529.56585,0.480429432
12910,1291,0.435380207,1,1,0.436033055,109.265727,111.342744,1,0.485027387,3053.26573,7535.34274,0.479192957
12920,1292,0.4378954,1,1,0.437737266,111.573578,117.082606,1,0.465952617,3055.57358,7541.08261,0.47588091
12930,1293,0.435878909,1,1.01775148,0.43872421,113.891555,122.882924,1,0.477430335,3057.89156,7546.88292,0.480487398
12940,1294,0.436347161,1,0.99408284,0.43834543,116.170957,0.673083177,1,0.480254987,3060.17096,7552.67308,0.478666862
12950,1295,0.436901533,1,1.00591716,0.438981043,118.424041,6.46292974,1,0.468462607,3062.42404,7558.46293,0.477906626
12960,1296,0.434911633,1,0.99408284,0.43714214,120.764564,12.2789792,1,0.468792656,3064.76456,7564.27898,0.482256043
12970,1297,0.435895655,1,1,0.43674185,123.072958,18.0649831,1,0.48422604,3067.07296,7570.06498,0.479191399
12980,1298,0.437315747,1,1.01775148,0.438564083,125.388674,23.8260613,1,0.469248664,3069.38867,7575.82606,0.477620841
12990,1299,0.435165514,1,1.01183432,0.439330297,127.751174,29.5891077,1,0.463510581,3071.75117,7581.58911,0.47911475
13000,1300,0.436304113,1,1.01183432,0.438891131,2.06059752,35.3855665,1,0.484277765,3074.0606,7587.38557,0.479967778
13010,1301,0.435957675,1,1.02366864,0.437509968,4.37303428,41.1858708,1,0.47032457,3076.37303,7593.18587,0.480328372
13020,1302,0.43422759,1,1.04142012,0.437869426,6.7083335,46.967975,1,0.463443339,3078.70833,7598.96797,0.479684016
13030,1303,0.433638743,1,1,0.435898046,9.04464422,52.7871506,1,0.486697546,3081.04464,7604.78715,0.482358311
13040,1304,0.436853412,1,0.99408284,0.435415891,11.3443304,58.5673527,1,0.477556125,3083.34433,7610.56735,0.478528897
13050,1305,0.437050081,1,1.01183432,0.437383142,13.6533224,64.3410426,1,0.469430466,3085.65332,7616.34104,0.478328813
13060,1306,0.435663655,1,1.01775148,0.438361554,15.9572091,70.1192962,1,0.479231634,3087.95721,7622.1193,0.478509202
13070,1307,0.436228964,1,1.01183432,0.438474901,18.1961683,75.9049821,1,0.4797294,3090.19617,7627.90498,0.47721517
13080,1308,0.435797584,1,0.964497041,0.43646712,20.5061414,81.7362917,1,0.465847022,3092.50614,7633.73629,0.482474804
13090,1309,0.435167764,1,1,0.43648145,22.867478,87.5128151,1,0.476706329,3094.86748,7639.51282,0.480040268
13100,1310,0.43628095,1,1,0.437537489,25.1851819,93.2820754,1,0.484506797,3097.18518,7645.28208,0.478261862
13110,1311,0.437446743,1,1.02366864,0.438928117,27.5405828,99.0181546,1,0.464130388,3099.54058,7651.01815,0.47698832
13120,1312,0.435849546,1,1.0295858,0.438998151,29.8762541,104.817534,1,0.475579275,3101.87625,7656.81753,0.48092716
13130,1313,0.436960534,1,1.01183432,0.438476451,32.1878589,110.601962,1,0.479350364,3104.18786,7662.60196,0.479170355
13140,1314,0.436241457,1,1,0.439619774,34.4690637,116.37389,1,0.465463866,3106.46906,7668.37389,0.477413202
13150,1315,0.433716669,1,1.01775148,0.437944523,36.8064952,122.193971,1,0.472286008,3108.8065,7674.19397,0.482455096
13160,1316,0.434149835,1,1,0.435256142,39.0961598,0.0190624717,1,0.485599621,3111.09616,7680.01906,0.481456451
13170,1317,0.436975202,1,1.01775148,0.436920602,41.3951222,5.79526907,1,0.472594383,3113.39512,7685.79527,0.478222739
13180,1318,0.435312407,1,0.99408284,0.438310291,43.7064247,11.5669483,1,0.464188443,3115.70642,7691.56695,0.47825125
13190,1319,0.4356537,1,1,0.438281568,46.0041797,17.3400362,1,0.482384518,3118.00418,7697.34004,0.477965504
13200,1320,0.435170275,1,0.99408284,0.436431651,48.2869379,23.164702,1,0.477147648,3120.28694,7703.1647,0.481231875
13210,1321,0.435015028,1,1.01183432,0.436018934,50.6237806,28.969841,1,0.46373322,3122.62378,7708.96984,0.481371764
13220,1322,0.43520016,1,1.01183432,0.436955145,52.9869596,34.7357727,1,0.483960273,3124.98696,7714.73577,0.479339924
13230,1323,0.437736146,1,0.982248521,0.437093587,55.3183811,40.4901966,1,0.477838651,3127.31838,7720.4902,0.477598291
13240,1324,0.436739824,1,1.00591716,0.437632761,57.6605358,46.2613756,1,0.467438398,3129.66054,7726.26138,0.479102929
13250,1325,0.436185399,1,1.00591716,0.438631546,59.9899873,52.0398427,1,0.481636506,3131.98999,7732.03984,0.479256243
13260,1326,0.437305811,1,1.02366864,0.43960154,62.2437998,57.8055677,1,0.474182019,3134.2438,7737.80557,0.47619831
13270,1327,0.435778546,1,1.00591716,0.43958238,64.5611148,63.6178307,1,0.462933485,3136.56111,7743.61783,0.481321828
13280,1328,0.433451964,1,0.98816568,0.436217235,66.8784311,69.440719,1,0.478119072,3138.87843,7749.44072,0.482081188
13290,1329,0.435422087,1,0.982248521,0.436735232,69.1616797,75.2394262,1,0.486509279,3141.16168,7755.23943,0.479387116
13300,1330,0.437426848,1,1.0295858,0.438023954,71.4683066,81.0005558,1,0.46572987,3143.46831,7761.00056,0.4773642
13310,1331,0.434852957,1,1.00591716,0.438358931,73.7843379,86.7814581,1,0.464651635,3145.78434,7766.78146,0.479045108
13320,1332,0.434833929,1,1.01183432,0.437080072,76.1069264,92.5986702,1,0.486620267,3148.10693,7772.59867,0.481825756
13330,1333,0.435748725,1,0.98816568,0.436968522,78.4009786,98.3928196,1,0.473138944,3150.40098,7778.39282,0.479366212
13340,1334,0.434890374,1,1,0.437265584,80.7466021,104.165276,1,0.468422974,3152.7466,7784.16528,0.479294372
13350,1335,0.435397389,1,1,0.436100039,83.0871433,109.946675,1,0.487098211,3155.08714,7789.94667,0.479784874
13360,1336,0.437043722,1,0.99408284,0.436036305,85.4189798,115.728348,1,0.472158093,3157.41898,7795.72835,0.479553596
13370,1337,0.435928279,1,0.970414201,0.438000442,87.7591481,121.495255,1,0.467263663,3159.75915,7801.49525,0.47874093
13380,1338,0.437225454,1,1,0.439640113,90.0343297,127.251518,1,0.482715009,3162.03433,7807.25152,0.476122306
13390,1339,0.43675495,1,1.02366864,0.439179566,92.3057044,5.06162108,1,0.47285391,3164.3057,7813.06162,0.479869534
13400,1340,0.434329757,1,1.01183432,0.437311795,94.6133496,10.8852445,1,0.460709932,3166.61335,7818.88524,0.481859171
13410,1341,0.434810308,1,1.00591716,0.437235997,96.9285901,16.6800597,1,0.480004887,3168.92859,7824.68006,0.480016159
13420,1342,0.437513553,1,1.00591716,0.437786071,99.2302606,22.4547319,1,0.482492132,3171.23026,7830.45473,0.478190165
13430,1343,0.436498036,1,1,0.438590289,101.559585,28.2144422,1,0.465686942,3173.55958,7836.21444,0.477914693
13440,1344,0.434170391,1,1.0295858,0.437970524,103.914949,34.0182599,1,0.478155404,3175.91495,7842.01826,0.481811425
13450,1345,0.43578666,1,0.99408284,0.438102005,106.212671,39.8013435,1,0.477778388,3178.21267,7847.80134,0.478679045
13460,1346,0.436512708,1,0.98816568,0.438755142,108.526728,45.5736858,1,0.46531137,3180.52673,7853.57369,0.478377393
13470,1347,0.434079558,1,0.99408284,0.436449874,110.87688,51.3701873,1,0.477517176,3182.87688,7859.37019,0.481139216
13480,1348,0.434259273,1,0.982248521,0.435237098,113.174318,57.1818166,1,0.485280551,3185.17432,7865.18182,0.480712338
13490,1349,0.436958973,1,1.02366864,0.43682605,115.502506,62.9518474,1,0.466589264,3187.50251,7870.95185,0.478618057
13500,1350,0.435684075,1,1,0.43857136,117.792464,68.7174171,1,0.465915103,3189.79246,7876.71742,0.477206487
13510,1351,0.435966462,1,1.01775148,0.438047862,120.087368,74.5308535,1,0.486777949,3192.08737,7882.53085,0.480770011
13520,1352,0.435395224,1,0.98816568,0.436644404,122.353476,80.343261,1,0.474909723,3194.35348,7888.34326,0.479887373
13530,1353,0.435750191,1,0.99408284,0.437451537,124.678496,86.1165966,1,0.465124151,3196.6785,7894.1166,0.478762706
13540,1354,0.43642188,1,1.00591716,0.437410276,127.029773,91.8950447,1,0.486905167,3199.02977,7899.89504,0.479885148
13550,1355,0.437479486,1,0.99408284,0.437465348,1.35559526,97.6657549,1,0.473004699,3201.3556,7905.66575,0.478598442
13560,1356,0.435174874,1,0.98816568,0.438204547,3.72139236,103.440999,1,0.465360169,3203.72139,7911.441,0.480079129
13570,1357,0.436577792,1,0.99408284,0.439789937,6.025407,109.198059,1,0.481401222,3206.02541,7917.19806,0.476998906
13580,1358,0.437157714,1,1.02366864,0.439367488,8.31179058,114.987604,1,0.471865509,3208.31179,7922.9876,0.47881996
13590,1359,0.43469051,1,1.01775148,0.438268372,10.6457466,120.793105,1,0.459946025,3210.64575,7928.7931,0.481314687
13600,1360,0.433504247,1,0.99408284,0.436408761,12.953733,126.609863,1,0.483437179,3212.95373,7934.60986,0.48137793
13610,1361,0.435915902,1,1.00591716,0.43626771,15.2603046,4.41921363,1,0.485153275,3215.2603,7940.41921,0.480808164
13620,1362,0.437433367,1,1,0.43758089,17.5467343,10.1687586,1,0.466873856,3217.54673,7946.16876,0.47596074
13630,1363,0.434608883,1,1.04142012,0.438099542,19.8687546,15.9678837,1,0.475554113,3219.86875,7951.96788,0.480517662
13640,1364,0.43502697,1,1,0.437252457,22.1564717,21.7682664,1,0.482378071,3222.15647,7957.76827,0.479633047
13650,1365,0.436802731,1,0.99408284,0.437282406,24.4451253,27.5576436,1,0.470462234,3224.44513,7963.55764,0.478872098
13660,1366,0.435261213,1,1.00591716,0.436522174,26.8226671,33.3350454,1,0.474322993,3226.82267,7969.33505,0.480575815
13670,1367,0.43463816,1,0.98816568,0.435526985,29.152862,39.1269935,1,0.484302876,3229.15286,7975.12699,0.480239532
13680,1368,0.436694605,1,1.03550296,0.436860564,31.5040193,44.8872647,1,0.465888928,3231.50402,7980.88726,0.478586833
13690,1369,0.436423575,1,0.98816568,0.438872585,33.8158919,50.6416146,1,0.468709758,3233.81589,7986.64161,0.477030367
13700,1370,0.43741141,1,1.01183432,0.439369378,36.1046519,56.4329366,1,0.484862854,3236.10465,7992.43294,0.479014229
13710,1371,0.435809225,1,1.01183432,0.43855741,38.3863063,62.2332746,1,0.46869243,3238.38631,7998.23327,0.479458939
13720,1372,0.434653999,1,1.01183432,0.4384282,40.6807694,68.0308413,1,0.461862487,3240.68077,8004.03084,0.479622272
13730,1373,0.435221666,1,1.0295858,0.437151744,42.9999459,73.8572672,1,0.485242752,3242.99995,8009.85727,0.482386923
13740,1374,0.437741244,1,1.00591716,0.437418368,45.2929781,79.6164263,1,0.475071415,3245.29298,8015.61643,0.476835671
13750,1375,0.435802553,1,1.00591716,0.438944184,47.6236496,85.3951903,1,0.464849446,3247.62365,8021.39519,0.479312515
13760,1376,0.434777666,1,1.00591716,0.438534998,49.9648864,91.1773118,1,0.478241537,3249.96489,8027.17731,0.479856479
13770,1377,0.435921323,1,1.0295858,0.437688147,52.2436238,96.977493,1,0.47754753,3252.24362,8032.97749,0.479365622
13780,1378,0.435125527,1,1.01183432,0.436770482,54.5952355,102.774959,1,0.462876409,3254.59524,8038.77496,0.481250159
13790,1379,0.433878198,1,1,0.435718934,56.954644,108.562294,1,0.484231554,3256.95464,8044.56229,0.480754198
13800,1380,0.434841643,1,1.01183432,0.435294446,59.2879226,114.35168,1,0.485454181,3259.28792,8050.35168,0.480145264
13810,1381,0.43775711,1,1,0.437112943,61.5846943,120.098621,1,0.466627559,3261.58469,8056.09862,0.47606929
13820,1382,0.436145069,1,1.0295858,0.438704783,63.9058241,125.889202,1,0.479248238,3263.90582,8061.8892,0.479882102
13830,1383,0.436721524,1,0.99408284,0.438538715,66.1812376,3.67073521,1,0.479170494,3266.18124,8067.67074,0.477937095
13840,1384,0.436849855,1,1.01183432,0.439366121,68.4370742,9.46158298,1,0.467264728,3268.43707,8073.46158,0.478055211
13850,1385,0.434562072,1,0.99408284,0.437043031,70.775672,15.2873258,1,0.469727022,3270.77567,8079.28733,0.482892662
13860,1386,0.435732346,1,1,0.436588203,73.0771274,21.0755854,1,0.484310097,3273.07713,8085.07559,0.47915511
13870,1387,0.437310539,1,1.02366864,0.438536006,75.3893915,26.8362714,1,0.469401391,3275.38939,8090.83627,0.477493884
13880,1388,0.435296332,1,1.01183432,0.439399358,77.7445284,32.5967254,1,0.463254796,3277.74453,8096.59673,0.478715609
13890,1389,0.436153423,1,1.00591716,0.438668424,80.0574428,38.3985739,1,0.484554277,3280.05744,8102.39857,0.480452325
13900,1390,0.435743554,1,1.02366864,0.437128311,82.3665817,44.2026798,1,0.470978103,3282.36658,8108.20268,0.480506188
13910,1391,0.434240522,1,1.03550296,0.437656974,84.7082591,49.9835562,1,0.463838114,3284.70826,8113.98356,0.479780431
13920,1392,0.433797882,1,1.01183432,0.435924547,87.0484068,55.7937255,1,0.486723022,3287.04841,8119.79373,0.481825662
13930,1393,0.436962063,1,0.99408284,0.43542077,89.35116,61.5719478,1,0.477263082,3289.35116,8125.57195,0.478474678
13940,1394,0.437011977,1,1,0.437364762,91.6663897,67.3461255,1,0.469387306,3291.66639,8131.34613,0.478542023
13950,1395,0.435999435,1,1.01183432,0.438527267,93.9694073,73.1216394,1,0.479633682,3293.96941,8137.12164,0.478288679
13960,1396,0.436568185,1,1.01775148,0.438887035,96.2052511,78.9032451,1,0.478784759,3296.20525,8142.90325,0.476835988
13970,1397,0.435629063,1,0.970414201,0.436827994,98.5157297,84.7389555,1,0.464974345,3298.51573,8148.73896,0.482803862
13980,1398,0.435007906,1,1,0.436493673,100.86663,90.5201907,1,0.476595086,3300.86663,8154.52019,0.4800728
13990,1399,0.436458133,1,1,0.437756594,103.178998,96.2895597,1,0.484851292,3303.179,8160.28956,0.47811676
14000,1400,0.437495362,1,1.02366864,0.439100541,105.526904,102.02513,1,0.464331247,3305.5269,8166.02513,0.476733382
14010,1401,0.435507099,1,1.0295858,0.438894521,107.865978,107.830869,1,0.474356853,3307.86598,8171.83087,0.481478732
14020,1402,0.436509253,1,1.00591716,0.438120969,110.178859,113.622635,1,0.480604401,3310.17886,8177.62263,0.479730985
14030,1403,0.436308856,1,0.98816568,0.439309466,112.459494,119.395977,1,0.466591391,3312.45949,8183.39598,0.477498237
14040,1404,0.43392707,1,1.02366864,0.437662653,114.797655,125.207737,1,0.471607159,3314.79765,8189.20774,0.481882091
14050,1405,0.434596623,1,1,0.43549517,117.090708,3.02421775,1,0.485565708,3317.09071,8195.02422,0.480935649
14060,1406,0.437008285,1,1.02366864,0.437213649,119.391361,8.79867334,1,0.472284587,3319.39136,8200.79867,0.478145718
14070,1407,0.435274623,1,0.99408284,0.438560371,121.706928,14.5692907,1,0.46383297,3321.70693,8206.56929,0.47829748
14080,1408,0.435546114,1,1,0.438211344,124.009503,20.3481983,1,0.482747945,3324.0095,8212.3482,0.478518579
14090,1409,0.435200508,1,0.99408284,0.436467309,126.297384,26.170747,1,0.476502426,3326.29738,8218.17075,0.481224238
14100,1410,0.434836581,1,1.02366864,0.436191448,0.636430735,31.9708812,1,0.463621269,3328.63643,8223.97088,0.481078032
14110,1411,0.434918834,1,1.01183432,0.436754147,2.99728742,37.7433849,1,0.484713739,3330.99729,8229.74338,0.479740085
14120,1412,0.437570044,1,0.98816568,0.436714329,5.32474447,43.4993321,1,0.477677819,3333.32474,8235.49933,0.477592484
14130,1413,0.436804696,1,1,0.437525498,7.65947643,49.2731236,1,0.467832882,3335.65948,8241.27312,0.479074813
14140,1414,0.43610945,1,1.01183432,0.438649193,9.98379439,55.0515184,1,0.481174967,3337.98379,8247.05152,0.47910358
14150,1415,0.437154323,1,1.01183432,0.439590704,12.2322452,60.8202771,1,0.475028235,3340.23225,8252.82028,0.476265725
14160,1416,0.435971331,1,1.01183432,0.439250801,14.5389075,66.6372817,1,0.463865881,3342.53891,8258.63728,0.481357996
14170,1417,0.433718579,1,0.98816568,0.436127225,16.8608631,72.4560737,1,0.476552339,3344.86086,8264.45607,0.481920576
14180,1418,0.436008536,1,1,0.43737923,19.1466227,78.2397177,1,0.486026135,3347.14662,8270.23972,0.47838013
14190,1419,0.437576821,1,1.0295858,0.438525041,21.4612035,83.9978082,1,0.465533622,3349.4612,8275.99781,0.477375038
14200,1420,0.434668159,1,1.01183432,0.438560122,23.7960236,89.7836441,1,0.465662843,3351.79602,8281.78364,0.479936396
14210,1421,0.435147883,1,1.00591716,0.437307794,26.1254159,95.5994678,1,0.486119049,3354.12542,8287.59947,0.481920918
14220,1422,0.435937043,1,0.982248521,0.437627427,28.4309281,101.380301,1,0.470726601,3356.43093,8293.3803,0.478739812
14230,1423,0.434106473,1,1.02366864,0.437365442,30.7826258,107.155537,1,0.470328894,3358.78263,8299.15554,0.47966848
14240,1424,0.433943522,1,0.98816568,0.43510648,33.104838,112.960337,1,0.486361055,3361.10484,8304.96034,0.480928462
14250,1425,0.437094295,1,0.99408284,0.435686524,35.4178512,118.739046,1,0.473339468,3363.41785,8310.73905,0.478802136
14260,1426,0.436003286,1,0.964497041,0.437814554,37.7491493,124.506563,1,0.467014456,3365.74915,8316.50656,0.478528343
14270,1427,0.437151393,1,1,0.439419048,40.0181389,2.26368419,1,0.482341272,3368.01814,8322.26368,0.476008808
14280,1428,0.436248681,1,1.01775148,0.43839454,42.2845263,8.08662588,1,0.474903171,3370.28453,8328.08663,0.48065021
14290,1429,0.434670478,1,1.00591716,0.43631585,44.5903882,13.9115017,1,0.461887105,3372.59039,8333.9115,0.481898225
14300,1430,0.435388206,1,1.00591716,0.43750343,46.9257148,19.6859845,1,0.479486328,3374.92571,8339.68598,0.479141258
14310,1431,0.43779124,1,1.00591716,0.438170231,49.2345865,25.4512392,1,0.481948452,3377.23459,8345.45124,0.477722967
14320,1432,0.436378574,1,1,0.438695558,51.5818977,31.2139512,1,0.465592244,3379.5819,8351.21395,0.47864898
14330,1433,0.434513997,1,1.01183432,0.438064568,53.9354939,37.0190309,1,0.479201157,3381.93549,8357.01903,0.48185027
14340,1434,0.436275415,1,1,0.438642969,56.2302377,42.790729,1,0.475831555,3384.23024,8362.79073,0.477780539
14350,1435,0.436210667,1,1,0.439436967,58.5548052,48.5591819,1,0.463213427,3386.55481,8368.55918,0.478401331
14360,1436,0.433831251,1,0.99408284,0.436688181,60.8987093,54.3661432,1,0.478155842,3388.89871,8374.36614,0.481704843
14370,1437,0.433883344,1,0.982248521,0.434991164,63.1847743,60.1861641,1,0.484926782,3391.18477,8380.18616,0.480992175
14380,1438,0.436859269,1,1.02366864,0.436422694,65.5124373,65.9624722,1,0.467003409,3393.51244,8385.96247,0.479050775
14390,1439,0.435739938,1,1.01183432,0.438457555,67.7997703,71.7264584,1,0.466689651,3395.79977,8391.72646,0.477018783
14400,1440,0.436065776,1,1.01775148,0.43811614,70.0925655,77.5371875,1,0.486790444,3398.09257,8397.53719,0.480516749
14410,1441,0.43553786,1,0.98816568,0.43685095,72.3542659,83.3468892,1,0.474715061,3400.35427,8403.34689,0.47957034
14420,1442,0.435789616,1,0.99408284,0.437509214,74.6779581,89.1218291,1,0.465023752,3402.67796,8409.12183,0.478839052
14430,1443,0.436481502,1,1,0.437444236,77.0279012,94.90008,1,0.486874532,3405.0279,8414.90008,0.479832416
14440,1444,0.437468712,1,0.99408284,0.437564652,79.3535963,100.67278,1,0.473049931,3407.3536,8420.67278,0.478736737
14450,1445,0.435048931,1,0.98816568,0.438281233,81.7190575,106.447869,1,0.464988191,3409.71906,8426.44787,0.480058341
14460,1446,0.436523446,1,0.99408284,0.439844889,84.0264334,112.204448,1,0.481555263,3412.02643,8432.20445,0.477060696
14470,1447,0.437136497,1,1.02366864,0.439266136,86.317228,117.994482,1,0.471557958,3414.31723,8437.99448,0.47897962
14480,1448,0.43467556,1,1.01183432,0.438275419,88.6546801,123.797307,1,0.459835017,3416.65468,8443.79731,0.48122416
14490,1449,0.4334549,1,0.982248521,0.436313496,90.9658125,1.61539871,1,0.484213139,3418.96581,8449.6154,0.481562574
14500,1450,0.435721717,1,1,0.435909492,93.276996,7.4262904,1,0.485045294,3421.277,8455.42629,0.481049343
14510,1451,0.437490366,1,1.00591716,0.437314872,95.5599792,13.175609,1,0.467242883,3423.55998,8461.17561,0.475846652
14520,1452,0.43469717,1,1.0295858,0.438027172,97.8827779,18.9748731,1,0.476592706,3425.88278,8466.97487,0.480549847
14530,1453,0.435247471,1,0.98816568,0.437468846,100.157052,24.7709612,1,0.481711835,3428.15705,8472.77096,0.478947076
14540,1454,0.4369231,1,0.98816568,0.437388112,102.441969,30.5626623,1,0.47052598,3430.44197,8478.56266,0.478932779
14550,1455,0.435332388,1,1.00591716,0.436543283,104.815543,36.3415641,1,0.47350197,3432.81554,8484.34156,0.480566475
14560,1456,0.435002973,1,0.98816568,0.435895102,107.143966,42.1333443,1,0.484412129,3435.14397,8490.13334,0.480176697
14570,1457,0.436732356,1,1.02366864,0.437284764,109.490804,47.8936502,1,0.465550899,3437.4908,8495.89365,0.478463825
14580,1458,0.436180585,1,1.01183432,0.439127584,111.806186,53.6491695,1,0.467782672,3439.80619,8501.64917,0.477214527
14590,1459,0.437157779,1,1.01183432,0.439142349,114.100926,59.4463501,1,0.484955691,3442.10093,8507.44635,0.4796025
14600,1460,0.43567036,1,1.00591716,0.438070939,116.381735,65.2508657,1,0.469411659,3444.38174,8513.25087,0.479734226
14610,1461,0.434821981,1,1.01775148,0.438233067,118.678274,71.0449563,1,0.462314987,3446.67827,8519.04496,0.47943246
14620,1462,0.435533041,1,1.02366864,0.437280023,121.000636,76.8600359,1,0.48542935,3449.00064,8524.86004,0.481666953
14630,1463,0.437739331,1,1.00591716,0.437481726,123.298555,82.6218908,1,0.474592249,3451.29856,8530.62189,0.47716745
14640,1464,0.435694498,1,1,0.438926849,125.637003,88.3997998,1,0.464834651,3453.637,8536.3998,0.479475619
14650,1465,0.435032739,1,1,0.43876937,127.975311,94.1781392,1,0.478606238,3455.97531,8542.17814,0.479502282
14660,1466,0.436208735,1,1.0295858,0.438037569,2.2530818,99.9760529,1,0.476529379,3458.25308,8547.97605,0.47917608
14670,1467,0.435095919,1,1.01183432,0.43706143,4.60316475,105.773869,1,0.462355163,3460.60316,8553.77387,0.481230938
14680,1468,0.433860259,1,0.99408284,0.435882881,6.95335099,111.566117,1,0.484046861,3462.95335,8559.56612,0.480836973
14690,1469,0.435012916,1,1.00591716,0.435476757,9.28268372,117.359532,1,0.485547488,3465.28268,8565.35953,0.480319495
14700,1470,0.437807969,1,1,0.437200111,11.577325,123.107249,1,0.466698155,3467.57732,8571.10725,0.476063873
14710,1471,0.435842941,1,1.0295858,0.438647491,13.8931819,0.90290073,1,0.477793254,3469.89318,8576.9029,0.480093543
14720,1472,0.43618242,1,1,0.438245324,16.165262,6.69164991,1,0.480325452,3472.16526,8582.69165,0.4783599
14730,1473,0.436962939,1,0.99408284,0.43867719,18.4197335,12.4839422,1,0.468962696,3474.41973,8588.48394,0.478120653
14740,1474,0.435101225,1,0.99408284,0.437014551,20.7670723,18.2930783,1,0.469049123,3476.76707,8594.29308,0.481958911
14750,1475,0.435938005,1,1,0.436828469,23.0838745,24.077312,1,0.484296202,3479.08387,8600.07731,0.479305038
14760,1476,0.437193865,1,1.02366864,0.438439709,25.4115584,29.8362684,1,0.467669745,3481.41156,8605.83627,0.477813628
14770,1477,0.435294386,1,1.00591716,0.439340845,27.7784507,35.5953222,1,0.464896337,3483.77845,8611.59532,0.478958929
14780,1478,0.436821015,1,1.01183432,0.439219857,30.0825621,41.3860683,1,0.483704215,3486.08256,8617.38607,0.479408355
14790,1479,0.436131358,1,1.02366864,0.438227968,32.3952769,47.1794283,1,0.468752356,3488.39528,8623.17943,0.479840144
14800,1480,0.434245362,1,1.04142012,0.438464756,34.7155757,52.9633413,1,0.462948708,3490.71558,8628.96334,0.47938222
14810,1481,0.433553708,1,1.01183432,0.435893664,37.042642,58.8029954,1,0.486430708,3493.04264,8634.803,0.483556832
14820,1482,0.436907017,1,0.99408284,0.435529453,39.3352887,64.5829442,1,0.47703368,3495.33529,8640.58294,0.47831086
14830,1483,0.436737246,1,1.00591716,0.43750713,41.6427375,70.3615856,1,0.468793171,3497.64274,8646.36159,0.478638454
14840,1484,0.435192078,1,1.02366864,0.438231671,43.9469707,76.1384631,1,0.478629956,3499.94697,8652.13846,0.478420757
14850,1485,0.435885495,1,1.01183432,0.437910938,46.1959687,81.9277388,1,0.480613583,3502.19597,8657.92774,0.477751792
14860,1486,0.435877939,1,0.964497041,0.436093802,48.5125503,87.7535484,1,0.465786182,3504.51255,8663.75355,0.482269097
14870,1487,0.435109961,1,1.00591716,0.436360341,50.8824422,93.5265315,1,0.47778213,3506.88244,8669.52653,0.480037726
14880,1488,0.436046441,1,0.99408284,0.437199197,53.2040788,99.2986436,1,0.484353309,3509.20408,8675.29864,0.478578234
14890,1489,0.437525129,1,1.02366864,0.438751321,55.5582278,105.029719,1,0.464384459,3511.55823,8681.02972,0.476595687
14900,1490,0.43604723,1,1.01775148,0.438951635,57.8901412,110.829067,1,0.476995636,3513.89014,8686.82907,0.480816968
14910,1491,0.437112933,1,1.01183432,0.438629688,60.1947673,116.609409,1,0.478449815,3516.19477,8692.60941,0.478679502
14920,1492,0.436305862,1,0.99408284,0.439809364,62.4721302,122.384163,1,0.465169977,3518.47213,8698.38416,0.477506886
14930,1493,0.433650036,1,1.01775148,0.437834129,64.8096913,0.212019523,1,0.472669439,3520.80969,8704.21202,0.483013832
14940,1494,0.434312333,1,1.00591716,0.435372281,67.0967873,6.03288272,1,0.485406263,3523.09679,8710.03288,0.481081478
14950,1495,0.436945774,1,1.02366864,0.437119864,69.3952352,11.8069756,1,0.472234108,3525.39524,8715.80698,0.478057032
14960,1496,0.435319416,1,0.99408284,0.438470829,71.7067424,17.5765388,1,0.463826338,3527.70674,8721.57654,0.478106009
14970,1497,0.435486937,1,0.99408284,0.438084067,74.0089518,23.35629,1,0.482939229,3530.00895,8727.35629,0.478568456
14980,1498,0.435070464,1,1,0.436314237,76.2956933,29.1795812,1,0.476658222,3532.29569,8733.17958,0.481245344
14990,1499,0.434891243,1,1.01183432,0.43614702,78.635148,34.9787311,1,0.463657171,3534.63515,8738.97873,0.48101955
15000,1500,0.435057384,1,1.01183432,0.436842248,80.9971954,40.7486728,1,0.484700902,3536.9972,8744.74867,0.47959238
15010,1501,0.437681932,1,0.98816568,0.436829555,83.3256212,46.5026776,1,0.477220997,3539.32562,8750.50268,0.477481916
15020,1502,0.436701621,1,1,0.437515793,85.6654541,52.2793108,1,0.467822041,3541.66545,8756.27931,0.479424636
15030,1503,0.436195375,1,1.01183432,0.438697608,87.9902257,58.0552062,1,0.481405554,3543.99023,8762.05521,0.47893824
15040,1504,0.437262018,1,1.02366864,0.439679355,90.2416071,63.8226426,1,0.474580039,3546.24161,8767.82264,0.476252886
15050,1505,0.435838052,1,1,0.439415149,92.5567364,69.6370567,1,0.463155834,3548.55674,8773.63706,0.481413325
15060,1506,0.433493997,1,0.98816568,0.436103687,94.8753032,75.458484,1,0.47781203,3550.8753,8779.45848,0.482012348
15070,1507,0.435675524,1,0.98816568,0.437034325,97.1606819,81.2495833,1,0.486424944,3553.16068,8785.24958,0.47890276
15080,1508,0.437500713,1,1.0295858,0.438223793,99.4713576,87.0075771,1,0.465447867,3555.47136,8791.00758,0.477256173
15090,1509,0.434762712,1,1.00591716,0.438453097,101.795274,92.7918126,1,0.465722575,3557.79527,8796.79181,0.479508925
15100,1510,0.43495823,1,1,0.437136848,104.120964,98.6090601,1,0.486147976,3560.12096,8802.60906,0.481916784
15110,1511,0.435929668,1,0.982248521,0.437440628,106.419196,104.393901,1,0.471731783,3562.4192,8808.3939,0.478819162
15120,1512,0.434459046,1,1.01183432,0.43729846,108.764361,110.171342,1,0.469453748,3564.76436,8814.17134,0.47963633
15130,1513,0.434867954,1,1.00591716,0.435708122,111.090329,115.962821,1,0.48685082,3567.09033,8819.96282,0.48008477
15140,1514,0.437124465,1,0.98816568,0.436221249,113.41052,121.743829,1,0.472412456,3569.41052,8825.74383,0.479171781
15150,1515,0.435581115,1,0.970414201,0.437946257,115.741588,127.516338,1,0.465795512,3571.74159,8831.51634,0.478877705
15160,1516,0.436935039,1,1,0.439333913,118.014157,5.27680051,1,0.482106719,3574.01416,8837.2768,0.476348933
15170,1517,0.436008553,1,1.02366864,0.437884143,120.283364,11.100559,1,0.475528266,3576.28336,8843.10056,0.480787467
15180,1518,0.43474598,1,1.00591716,0.436127044,122.593663,16.923749,1,0.462141447,3578.59366,8848.92375,0.48190341
15190,1519,0.4354168,1,1.00591716,0.437514458,124.934489,22.6923797,1,0.480238301,3580.93449,8854.69238,0.478882882
15200,1520,0.437843098,1,1.00591716,0.438063615,127.247334,28.4560669,1,0.481467719,3583.24733,8860.45607,0.47772476
15210,1521,0.436407043,1,1.01183432,0.438536031,1.59492356,34.221236,1,0.465946293,3585.59492,8866.22124,0.478832106
15220,1522,0.43466322,1,1.01775148,0.438123727,3.94368868,40.0246237,1,0.479556523,3587.94369,8872.02462,0.48159011
15230,1523,0.436449678,1,1,0.438803213,6.22992664,45.7928888,1,0.475546615,3590.22993,8877.79289,0.477293694
15240,1524,0.436227344,1,1,0.439450414,8.55253231,51.5682194,1,0.463274927,3592.55253,8883.56822,0.478835744
15250,1525,0.433708863,1,0.98816568,0.436547615,10.8915177,57.380552,1,0.47818344,3594.89152,8889.38055,0.481946639
15260,1526,0.43423406,1,0.98816568,0.435290382,13.1781936,63.1960228,1,0.485648364,3597.17819,8895.19602,0.480683607
15270,1527,0.436893234,1,1.0295858,0.436723128,15.5013011,68.9698076,1,0.466823696,3599.5013,8900.96981,0.478739834
15280,1528,0.435559754,1,1.01183432,0.438468047,17.7891458,74.7356514,1,0.465582854,3601.78915,8906.73565,0.477166117
15290,1529,0.435659855,1,1.01183432,0.437793836,20.0887603,80.5475037,1,0.486807537,3604.08876,8912.5475,0.480789872
15300,1530,0.43547969,1,0.98816568,0.436665297,22.3586182,86.356587,1,0.475098421,3606.35862,8918.35659,0.479754028
15310,1531,0.435691006,1,0.98816568,0.437431374,24.6923158,92.1266496,1,0.465755309,3608.69232,8924.12665,0.478779065
15320,1532,0.436287604,1,0.99408284,0.437156168,27.0482901,97.9054768,1,0.487101767,3611.04829,8929.90548,0.480048433
15330,1533,0.437287805,1,0.99408284,0.436967601,29.3801682,103.678176,1,0.472686154,3613.38017,8935.67818,0.478914652
15340,1534,0.435506422,1,0.976331361,0.438046152,31.7398952,109.451454,1,0.466378848,3615.7399,8941.45145,0.479762339
15350,1535,0.436981021,1,0.98816568,0.439810463,34.0299601,115.204212,1,0.481736356,3618.02996,8947.20421,0.476293741
15360,1536,0.437057109,1,1.01775148,0.439481463,36.3083722,121.001029,1,0.472048533,3620.30837,8953.00103,0.479115632
15370,1537,0.434485297,1,1.01775148,0.438002716,38.6317801,126.817305,1,0.459998873,3622.63178,8958.81731,0.481782266
15380,1538,0.433778868,1,0.99408284,0.43675499,40.9358746,4.63007207,1,0.481667286,3624.93587,8964.63007,0.480982171
15390,1539,0.436566639,1,1,0.437083888,43.2353968,10.4270231,1,0.484503348,3627.2354,8970.42702,0.47972159
15400,1540,0.437204153,1,1.00591716,0.438267526,45.5316849,16.1731661,1,0.466084597,3629.53168,8976.17317,0.475998474
15410,1541,0.434336902,1,1.0295858,0.438091972,47.8688306,21.9790112,1,0.475476566,3631.86883,8981.97901,0.481430851
15420,1542,0.434997069,1,0.99408284,0.43712574,50.1697717,27.7822879,1,0.48206074,3634.16977,8987.78229,0.480214143
15430,1543,0.436587569,1,0.982248521,0.4374306,52.466667,33.5684953,1,0.469191438,3636.46667,8993.5685,0.478878895
15440,1544,0.434956785,1,1.01183432,0.436428464,54.8427949,39.3414285,1,0.476030103,3638.84279,8999.34143,0.48021655
15450,1545,0.434063956,1,0.982248521,0.434993614,57.1702905,45.140689,1,0.484121542,3641.17029,9005.14069,0.480684045
15460,1546,0.437027736,1,1.01775148,0.436609971,59.5156012,50.9035157,1,0.466414635,3643.5156,9010.90352,0.478599123
15470,1547,0.436462108,1,1,0.438630351,61.8239746,56.6581875,1,0.469704503,3645.82397,9016.65819,0.476953073
15480,1548,0.437438281,1,1.01183432,0.439408961,64.1116074,62.4493114,1,0.485156675,3648.11161,9022.44931,0.478968196
15490,1549,0.435886346,1,1.01183432,0.43868518,66.3882209,68.2449316,1,0.468551024,3650.38822,9028.24493,0.478979329
15500,1550,0.434645602,1,1.01775148,0.438419827,68.6830376,74.046277,1,0.462092235,3652.68304,9034.04628,0.479902552
15510,1551,0.435355877,1,1.02366864,0.437165979,71.0022156,79.869968,1,0.485410613,3655.00222,9039.86997,0.482191517
15520,1552,0.437675419,1,1.00591716,0.437484557,73.296867,85.6311923,1,0.47467686,3657.29687,9045.63119,0.477029335
15530,1553,0.435710513,1,1.00591716,0.439027602,75.6311584,91.4067151,1,0.464583531,3659.63116,9051.40672,0.479185576
15540,1554,0.434964396,1,1,0.438698108,77.9723943,97.1851491,1,0.478435152,3661.97239,9057.18515,0.479593548
15550,1555,0.43605539,1,1.0295858,0.437814975,80.2518322,102.986977,1,0.476815086,3664.25183,9062.98698,0.479503223
15560,1556,0.435041358,1,1.00591716,0.436827092,82.6034558,108.784386,1,0.462609603,3666.60346,9068.78439,0.48124647
15570,1557,0.43385677,1,0.99408284,0.435805388,84.959777,114.575048,1,0.484524758,3668.95978,9074.57505,0.480901553
15580,1558,0.435037496,1,1.01183432,0.435393751,87.2921377,120.364691,1,0.485392486,3671.29214,9080.36469,0.480137317
15590,1559,0.437789592,1,1.00591716,0.43718118,89.5880932,126.112286,1,0.466767572,3673.58809,9086.11229,0.476092685
15600,1560,0.436075921,1,1.0295858,0.438639437,91.9117894,3.9040041,1,0.479833304,3675.91179,9091.904,0.480036741
15610,1561,0.436627854,1,1,0.438483387,94.1847739,9.68645627,1,0.478848065,3678.18477,9097.68646,0.477934483
15620,1562,0.436853054,1,1.01183432,0.439367453,96.4408409,15.4754546,1,0.467158798,3680.44084,9103.47545,0.477929089
15630,1563,0.434602816,1,0.99408284,0.436985879,98.7823837,21.2991571,1,0.47034088,3682.78238,9109.29916,0.482831475
15640,1564,0.435692066,1,1,0.436520429,101.085799,27.0879742,1,0.484365044,3685.0858,9115.08797,0.479250695
15650,1565,0.437181615,1,1.03550296,0.438404846,103.404444,32.8496978,1,0.468409268,3687.40444,9120.8497,0.477750953
15660,1566,0.43538674,1,1.01183432,0.439428091,105.75771,38.6046584,1,0.463708025,3689.75771,9126.60466,0.478270014
15670,1567,0.436416764,1,1.01775148,0.438779691,108.066171,44.4073768,1,0.484491053,3692.06617,9132.40738,0.480387746
15680,1568,0.435692886,1,1.02366864,0.437179576,110.371459,50.2133032,1,0.47038238,3694.37146,9138.2133,0.480526913
15690,1569,0.434300743,1,1.03550296,0.437778145,112.702753,55.9952943,1,0.463477697,3696.70275,9143.99529,0.479560671
15700,1570,0.434088067,1,1.01775148,0.436181355,115.039241,61.8098703,1,0.486267734,3699.03924,9149.80987,0.482035072
15710,1571,0.437188279,1,0.99408284,0.435853085,117.337325,67.5835656,1,0.476179625,3701.33732,9155.58357,0.478018252
15720,1572,0.436604905,1,0.99408284,0.437535986,119.652541,73.3665653,1,0.468551904,3703.65254,9161.36657,0.479171581
15730,1573,0.435448277,1,1.01775148,0.438508671,121.957033,79.141171,1,0.478927767,3705.95703,9167.14117,0.478265805
15740,1574,0.436105002,1,1.01775148,0.438203854,124.204543,84.9283705,1,0.479692756,3708.20454,9172.92837,0.477561488
15750,1575,0.435593759,1,0.970414201,0.436246866,126.522628,90.7564665,1,0.465082604,3710.52263,9178.75647,0.482475241
15760,1576,0.434901885,1,1.00591716,0.436301815,0.885544802,96.5323739,1,0.478088347,3712.88554,9184.53237,0.48004243
15770,1577,0.436092897,1,0.99408284,0.437251775,3.20455642,102.305301,1,0.484655408,3715.20456,9190.3053,0.478561109
15780,1578,0.43760457,1,1.02366864,0.438806836,5.55246217,108.034531,1,0.464598677,3717.55246,9196.03453,0.476282015
15790,1579,0.435896325,1,1.01775148,0.43890194,7.88619186,113.83827,1,0.476627681,3719.88619,9201.83827,0.481182543
15800,1580,0.436917348,1,1.01183432,0.438495253,10.1886263,119.621922,1,0.479181061,3722.18863,9207.62192,0.478853615
15810,1581,0.436386827,1,0.98816568,0.43961552,12.4621304,125.399123,1,0.465962533,3724.46213,9213.39912,0.477573211
15820,1582,0.433856937,1,1.02366864,0.437653872,14.7961816,3.22224102,1,0.471583492,3726.79618,9219.22224,0.482575035
15830,1583,0.434861865,1,0.99408284,0.435735617,17.0865478,9.03482788,1,0.48537352,3729.08655,9225.03483,0.480581152
15840,1584,0.437109485,1,1.02366864,0.437605215,19.3842359,14.8043946,1,0.472278161,3731.38424,9230.80439,0.477711947
15850,1585,0.43528636,1,0.99408284,0.43878498,21.7062061,20.5744681,1,0.463458142,3733.70621,9236.57447,0.478442333
15860,1586,0.435475142,1,0.98816568,0.438134192,24.0175312,26.3595556,1,0.483319559,3736.01753,9242.35956,0.479209536
15870,1587,0.435347507,1,1.01183432,0.436605209,26.3142533,32.1778184,1,0.475500377,3738.31425,9248.17782,0.481166691
15880,1588,0.43462398,1,1.01775148,0.436550523,28.6588339,37.9688756,1,0.463599521,3740.65883,9253.96888,0.480590135
15890,1589,0.434377549,1,1.00591716,0.436244509,31.0185246,43.7528269,1,0.486078239,3743.01852,9259.75283,0.480521364
15900,1590,0.437161477,1,0.982248521,0.435986691,33.3391314,49.5153837,1,0.4781679,3745.33913,9265.51538,0.47786679
15910,1591,0.437137312,1,1.00591716,0.437422368,35.6579241,55.2874956,1,0.46853022,3747.65792,9271.2875,0.47849663
15920,1592,0.436079774,1,1.01183432,0.438613757,37.975711,61.0666654,1,0.480375067,3749.97571,9277.06667,0.478971659
15930,1593,0.436982294,1,1.01775148,0.43951149,40.2160887,66.8389883,1,0.476641939,3752.21609,9282.83899,0.476296139
15940,1594,0.435918093,1,1.00591716,0.438400408,42.5135924,72.6694489,1,0.464868888,3754.51359,9288.66945,0.482061606
15950,1595,0.434364346,1,0.99408284,0.436167506,44.8459289,78.4728996,1,0.474809428,3756.84593,9294.4729,0.481121926
15960,1596,0.436343895,1,1,0.437783241,47.1423302,84.248533,1,0.485294788,3759.14233,9300.24853,0.478108951
15970,1597,0.437607428,1,1.0295858,0.439087748,49.4679468,89.9988237,1,0.464699706,3761.46795,9305.99882,0.477136026
15980,1598,0.434707267,1,1.01183432,0.438784581,51.8168434,95.7922387,1,0.468023435,3763.81684,9311.79224,0.480882894
15990,1599,0.435633494,1,1.00591716,0.437481729,54.1466724,101.602191,1,0.48450587,3766.14667,9317.60219,0.481514199
16000,1600,0.435952765,1,0.98816568,0.438373954,56.4561501,107.374219,1,0.468143826,3768.45615,9323.37422,0.478223967
16010,1601,0.433845015,1,1.0295858,0.437737516,58.81355,113.150659,1,0.471583626,3770.81355,9329.15066,0.479919873
16020,1602,0.433420243,1,0.98816568,0.434900763,61.1205036,118.969409,1,0.485703013,3773.1205,9334.96941,0.481491025
16030,1603,0.437094821,1,0.98816568,0.435532613,63.4242066,124.754769,1,0.473426267,3775.42421,9340.75477,0.479011803
16040,1604,0.436003503,1,0.976331361,0.437624232,65.7537358,2.52109834,1,0.466955731,3777.75374,9346.5211,0.478392648
16050,1605,0.437169695,1,0.99408284,0.439346526,68.0193776,8.27983144,1,0.482617337,3780.01938,9352.27983,0.476029809
16060,1606,0.436057055,1,1.02366864,0.438142099,70.2876212,14.1047792,1,0.475144739,3782.28762,9358.10478,0.480845812
16070,1607,0.434702702,1,1.00591716,0.436304271,72.5938997,19.9258725,1,0.461795848,3784.5939,9363.92587,0.481639506
16080,1608,0.435500568,1,1.01183432,0.437618288,74.9310861,25.6963791,1,0.479886652,3786.93109,9369.69638,0.478911407
16090,1609,0.437897607,1,1.00591716,0.438158049,77.2416871,31.4595284,1,0.48147818,3789.24169,9375.45953,0.477622106
16100,1610,0.43631556,1,1.00591716,0.438618612,79.5907747,37.2271138,1,0.465877079,3791.59077,9381.22711,0.479047711
16110,1611,0.43453215,1,1.01183432,0.438061536,81.9415609,43.030096,1,0.479317842,3793.94156,9387.0301,0.481619546
16120,1612,0.436360165,1,1.00591716,0.438757752,84.2323298,48.800147,1,0.475558754,3796.23233,9392.80015,0.477549904
16130,1613,0.436180943,1,1.00591716,0.439405251,86.5593464,54.5718834,1,0.463243326,3798.55935,9398.57188,0.478706015
16140,1614,0.433790039,1,0.99408284,0.436586147,88.9014767,60.3813067,1,0.478785728,3800.90148,9404.38131,0.481829436
16150,1615,0.43391869,1,0.98816568,0.434988012,91.1904401,66.2000608,1,0.485141854,3803.19044,9410.20006,0.48098305
16160,1616,0.436915398,1,1.02366864,0.436517307,93.5171241,71.9738534,1,0.466979974,3805.51712,9415.97385,0.478843157
16170,1617,0.43575428,1,1.01183432,0.438518809,95.8035572,77.736651,1,0.467095218,3807.80356,9421.73665,0.476908264
16180,1618,0.436064757,1,1.01775148,0.438082688,98.0998775,83.5473435,1,0.486583129,3810.09988,9427.54734,0.480613722
16190,1619,0.435634918,1,0.982248521,0.437031172,100.363998,89.3539454,1,0.474014982,3812.364,9433.35395,0.479415748
16200,1620,0.435637937,1,0.98816568,0.437605693,102.691008,95.1295475,1,0.465421264,3814.69101,9439.12955,0.478981633
16210,1621,0.436376337,1,0.99408284,0.437263506,105.038424,100.908851,1,0.486930384,3817.03842,9444.90885,0.479834229
16220,1622,0.437316921,1,1,0.437300679,107.365516,106.685286,1,0.472875111,3819.36552,9450.68529,0.479043388
16230,1623,0.43508476,1,0.976331361,0.438197108,109.724659,112.461144,1,0.465119927,3821.72466,9456.46114,0.479929094
16240,1624,0.436671187,1,0.99408284,0.439854129,112.022303,118.214925,1,0.481551131,3824.0223,9462.21493,0.476582784
16250,1625,0.437005263,1,1.01775148,0.439080544,114.307137,124.014036,1,0.472508892,3826.30714,9468.01404,0.479460705
16260,1626,0.434580122,1,1.01775148,0.437795415,116.633455,1.8258422,1,0.460325287,3828.63346,9473.82584,0.481546119
16270,1627,0.433778359,1,0.99408284,0.436641551,118.943624,7.63797913,1,0.482232021,3830.94362,9479.63798,0.481109511
16280,1628,0.436636089,1,0.98816568,0.437007585,121.244676,13.4307012,1,0.484367139,3833.24468,9485.4307,0.479462649
16290,1629,0.437174362,1,1,0.438101983,123.541262,19.1793968,1,0.466254846,3835.54126,9491.1794,0.47618931
16300,1630,0.434399383,1,1.0295858,0.43809775,125.876087,24.9833993,1,0.475997583,3837.87609,9496.9834,0.481232714
16310,1631,0.43515912,1,0.99408284,0.437320715,0.169588722,30.7824621,1,0.481728235,3840.16959,9502.78246,0.479702078
16320,1632,0.436642987,1,0.982248521,0.437486674,2.46497963,36.5711498,1,0.469175975,3842.46498,9508.57115,0.479013567
16330,1633,0.435006028,1,1.01183432,0.436393254,4.83960307,42.3462848,1,0.475802409,3844.8396,9514.34628,0.480329154
16340,1634,0.434248263,1,0.976331361,0.435182992,7.16697537,48.1446267,1,0.484347062,3847.16698,9520.14463,0.480614935
16350,1635,0.43690672,1,1.02366864,0.436749279,9.51276282,53.9055937,1,0.466101725,3849.51276,9525.90559,0.478480457
16360,1636,0.436427045,1,1,0.438790917,11.8177091,59.6617302,1,0.468932221,3851.81771,9531.66173,0.47695958
16370,1637,0.437314147,1,1.00591716,0.439293243,14.1052005,65.4555415,1,0.485206543,3854.1052,9537.45554,0.479156474
16380,1638,0.435755286,1,1.00591716,0.438287159,16.3792763,71.2573347,1,0.469374959,3856.37928,9543.25733,0.479350055
16390,1639,0.434819793,1,1.01775148,0.438175213,18.6746253,77.0553402,1,0.462190138,3858.67463,9549.05534,0.47967873
16400,1640,0.435682544,1,1.02366864,0.43735735,20.9995037,82.868637,1,0.485409038,3860.9995,9554.86864,0.481611449
16410,1641,0.437735657,1,1,0.437619656,23.2999024,88.6303338,1,0.47437727,3863.2999,9560.63033,0.47722685
16420,1642,0.435604045,1,1,0.439009582,25.6451937,94.4054943,1,0.464583326,3865.64519,9566.40549,0.479477465
16430,1643,0.435184274,1,1.00591716,0.438920252,27.9859956,100.18185,1,0.479051133,3867.986,9572.18185,0.479432836
16440,1644,0.43647335,1,1.0295858,0.438344558,30.2666056,105.976701,1,0.475636045,3870.26661,9577.9767,0.47903676
16450,1645,0.43510911,1,1.01183432,0.437486941,32.6170708,111.770592,1,0.461729487,3872.61707,9583.77059,0.480962145
16460,1646,0.43376969,1,0.99408284,0.436020141,34.9554463,117.570036,1,0.483989176,3874.95545,9589.57004,0.481009526
16470,1647,0.435170813,1,1,0.435582241,37.2789525,123.370714,1,0.485753249,3877.27895,9595.37071,0.480670998
16480,1648,0.437785787,1,1.01183432,0.437242073,39.5687951,1.11949575,1,0.466738868,3879.5688,9601.1195,0.476003306
16490,1649,0.435430789,1,1.03550296,0.43852029,41.8830754,6.91999226,1,0.476603762,3881.88308,9606.91999,0.480394643
16500,1650,0.435583034,1,0.99408284,0.437829364,44.1532101,12.7179071,1,0.481314099,3884.15321,9612.71791,0.478961698
16510,1651,0.437050202,1,0.98816568,0.437986748,46.4153631,18.5099947,1,0.470532701,3886.41536,9618.50999,0.478320626
16520,1652,0.435490643,1,0.982248521,0.437071903,48.7716525,24.3006869,1,0.469436942,3888.77165,9624.30069,0.480902844
16530,1653,0.435965058,1,1,0.436846861,51.096893,30.0855655,1,0.484309316,3891.09689,9630.08557,0.479592804
16540,1654,0.436890892,1,1.03550296,0.438014496,53.4354897,35.8482641,1,0.466507318,3893.43549,9635.84826,0.47839555
16550,1655,0.435683582,1,1.00591716,0.439394717,55.7962381,41.6033221,1,0.466309308,3895.79624,9641.60332,0.478495088
16560,1656,0.437222642,1,1.01183432,0.439309118,58.0983093,47.388725,1,0.483380182,3898.09831,9647.38872,0.478968433
16570,1657,0.436221107,1,1.01183432,0.438774295,60.4062669,53.1762128,1,0.467888952,3900.40627,9653.17621,0.479284992
16580,1658,0.434148411,1,1.0295858,0.438671355,62.7200948,58.9672004,1,0.46278687,3902.72009,9658.9672,0.47970243
16590,1659,0.433478715,1,1.01183432,0.435831026,65.0425085,64.8176615,1,0.486164047,3905.04251,9664.81766,0.484197013
16600,1660,0.4368565,1,0.99408284,0.435634334,67.3315784,70.5968707,1,0.476952288,3907.33158,9670.59687,0.478156595
16610,1661,0.436521893,1,1,0.437620733,69.6388436,76.3737242,1,0.468195088,3909.63884,9676.37372,0.478505491
16620,1662,0.435119904,1,1.01775148,0.438235845,71.9430398,82.147942,1,0.478168248,3911.94304,9682.14794,0.478229672
16630,1663,0.435711555,1,1.01183432,0.437574167,74.1987939,87.9422735,1,0.480834134,3914.19879,9687.94227,0.478302626
16640,1664,0.435801172,1,0.970414201,0.435905028,76.51832,93.7654232,1,0.465766691,3916.51832,9693.76542,0.482162737
16650,1665,0.43504573,1,1.00591716,0.436303485,78.8908008,99.5370033,1,0.478475541,3918.8908,9699.537,0.480013578
16660,1666,0.436018374,1,0.99408284,0.437088337,81.2132317,105.30892,1,0.484358373,3921.21323,9705.30892,0.478587107
16670,1667,0.437594277,1,1.02366864,0.438686237,83.5646825,111.038567,1,0.464502971,3923.56468,9711.03857,0.476415162
16680,1668,0.436101493,1,1.01183432,0.438894059,85.8966643,116.839167,1,0.477827665,3925.89666,9716.83917,0.480908339
16690,1669,0.437136629,1,1.01775148,0.438654247,88.1993415,122.618738,1,0.478139641,3928.19934,9722.61874,0.47856888
16700,1670,0.436306518,1,0.99408284,0.439900219,90.4781343,0.393051748,1,0.465061677,3930.47813,9728.39305,0.477515728
16710,1671,0.433656256,1,1.01775148,0.437826279,92.8177933,6.22180164,1,0.473178937,3932.81779,9734.2218,0.483137732
16720,1672,0.434219697,1,1,0.43526144,95.1027772,12.042673,1,0.485293869,3935.10278,9740.04267,0.481022667
16730,1673,0.436878827,1,1.01183432,0.437019307,97.404252,17.8176683,1,0.471656031,3937.40425,9745.81767,0.478207679
16740,1674,0.435340199,1,0.99408284,0.438464442,99.7163868,23.5845191,1,0.463693323,3939.71639,9751.58452,0.477930305
16750,1675,0.435741477,1,0.99408284,0.438225921,102.016509,29.3626027,1,0.483352892,3942.01651,9757.3626,0.478389877
16760,1676,0.435159271,1,1,0.436379856,104.305799,35.1870833,1,0.475821772,3944.3058,9763.18708,0.481402183
16770,1677,0.434809021,1,1.01775148,0.436362324,106.643606,40.9834438,1,0.463340524,3946.64361,9768.98344,0.480773157
16780,1678,0.434962128,1,1.00591716,0.436859079,109.001021,46.7587725,1,0.484964041,3949.00102,9774.75877,0.479841115
16790,1679,0.437715232,1,0.99408284,0.436799006,111.323069,52.5122453,1,0.476965444,3951.32307,9780.51225,0.477260148
16800,1680,0.43662374,1,1.00591716,0.437538467,113.662182,58.2926066,1,0.467897089,3953.66218,9786.29261,0.479669689
16810,1681,0.436013666,1,1.01183432,0.438687843,115.981111,64.0712742,1,0.480455688,3955.98111,9792.07127,0.47896851
16820,1682,0.437002695,1,1.01775148,0.439560825,118.226797,69.8431554,1,0.476081965,3958.2268,9797.84316,0.476412366
16830,1683,0.435955501,1,1.00591716,0.438712577,120.530415,75.6654504,1,0.46430481,3960.53042,9803.66545,0.481650115
16840,1684,0.434060487,1,0.98816568,0.436144764,122.858223,81.4779468,1,0.476064271,3962.85822,9809.47795,0.481638011
16850,1685,0.436269879,1,1,0.437659833,125.147612,87.2538961,1,0.485638126,3965.14761,9815.2539,0.477932517
16860,1686,0.437697833,1,1.0295858,0.438923605,127.465231,93.0054488,1,0.465237185,3967.46523,9821.00545,0.476995732
16870,1687,0.434577445,1,1.01183432,0.438621884,1.80808996,98.8011551,1,0.467143049,3969.80809,9826.80116,0.480871991
16880,1688,0.435222702,1,1,0.437287587,4.1375578,104.613921,1,0.485278785,3972.13756,9832.61392,0.481704746
16890,1689,0.436007516,1,0.98816568,0.438010889,6.44507823,110.389749,1,0.469464793,3974.44508,9838.38975,0.478439508
16900,1690,0.434012246,1,1.01775148,0.437464434,8.79838721,116.164803,1,0.471213492,3976.79839,9844.1648,0.479702247
16910,1691,0.433857877,1,0.98816568,0.435077203,11.1083278,121.976719,1,0.486160381,3979.10833,9849.97672,0.481087261
16920,1692,0.437070474,1,0.98816568,0.435830009,13.417445,127.756695,1,0.473010118,3981.41744,9855.75669,0.478781382
16930,1693,0.435745022,1,0.976331361,0.43779799,15.7413079,5.52634735,1,0.46589514,3983.74131,9861.52635,0.478466678
16940,1694,0.436882272,1,0.99408284,0.439145438,18.0103403,11.2887982,1,0.482086258,3986.01034,9867.2888,0.476391436
16950,1695,0.435723652,1,1.01775148,0.437606102,20.2787936,17.1151289,1,0.476202877,3988.27879,9873.11513,0.4809508
16960,1696,0.434929356,1,1.01183432,0.436049247,22.5913508,22.9346802,1,0.462501797,3990.59135,9878.93468,0.481707377
16970,1697,0.435584589,1,1.01183432,0.437608417,24.937646,28.6978524,1,0.480529701,3992.93765,9884.69785,0.478652298
16980,1698,0.437894713,1,1.00591716,0.438055006,27.2568441,34.4609982,1,0.48088478,3995.25684,9890.461,0.477868347
16990,1699,0.436360986,1,1.01183432,0.438420977,29.6097958,40.2263556,1,0.465986729,3997.6098,9896.22636,0.47900123
17000,1700,0.434933034,1,1.01775148,0.438204684,31.9556687,46.0273077,1,0.480041891,3999.95567,9902.02731,0.481332988
17010,1701,0.436661509,1,1.01183432,0.438991714,34.2321462,51.7937165,1,0.475071085,4002.23215,9907.79372,0.476884739
17020,1702,0.436205873,1,0.99408284,0.439526703,36.5508867,57.5769579,1,0.463347769,4004.55089,9913.57696,0.479289661
17030,1703,0.433593932,1,0.98816568,0.436388756,38.883383,63.3966288,1,0.478049208,4006.88338,9919.39663,0.482284427
17040,1704,0.434738299,1,0.982248521,0.435776269,41.1690201,69.2064054,1,0.486331667,4009.16902,9925.20641,0.480246741
17050,1705,0.43709494,1,1.0295858,0.437288008,43.4814085,74.9786381,1,0.466352819,4011.48141,9930.97864,0.478321836
17060,1706,0.435304885,1,1,0.438427094,45.777301,80.7488747,1,0.464249811,4013.7773,9936.74887,0.477708738
17070,1707,0.435207121,1,1.01775148,0.437440355,48.0869152,86.5603251,1,0.486941339,4016.08692,9942.56033,0.481044676
17080,1708,0.435412733,1,0.982248521,0.436486868,50.3691419,92.3688972,1,0.475133814,4018.36914,9948.3689,0.480064523
17090,1709,0.435432181,1,0.99408284,0.43732096,52.7116828,98.1363103,1,0.466676238,4020.71168,9954.13631,0.478845699
17100,1710,0.436029677,1,0.99408284,0.436822994,55.067698,103.913018,1,0.487253616,4023.0677,9959.91302,0.479898634
17110,1711,0.437155432,1,1,0.436237993,57.4034324,109.689171,1,0.472603009,4025.40343,9965.68917,0.479272161
17120,1712,0.435912889,1,0.970414201,0.43787134,59.7525994,115.459063,1,0.467288348,4027.7526,9971.45906,0.479214309
17130,1713,0.437214471,1,0.99408284,0.439690307,62.0348373,121.210255,1,0.482196055,4030.03484,9977.21025,0.475959435
17140,1714,0.436983757,1,1.01775148,0.439657816,64.3091915,127.010634,1,0.471927079,4032.30919,9983.01063,0.479256653
17150,1715,0.434417497,1,1.02366864,0.437995529,66.6251827,4.82894684,1,0.460024716,4034.62518,9988.82895,0.481716453
17160,1716,0.434006037,1,0.99408284,0.436944693,68.9289212,10.6411672,1,0.48055056,4036.92892,9994.64117,0.480932995
17170,1717,0.436864556,1,0.99408284,0.437346577,71.226023,16.4319447,1,0.484030032,4039.22602,10000.4319,0.479211509
17180,1718,0.436967512,1,1.00591716,0.43843542,73.5296861,22.181062,1,0.465725119,4041.52969,10006.1811,0.476421661
17190,1719,0.434258541,1,1.02366864,0.438117075,75.8710446,27.986112,1,0.475620561,4043.87104,10011.9861,0.481495234
17200,1720,0.434991577,1,1,0.437134921,78.1756025,33.790133,1,0.481703288,4046.1756,10017.7901,0.480369974
17210,1721,0.436511489,1,0.982248521,0.437440664,80.4744171,39.5759224,1,0.468737541,4048.47442,10023.5759,0.478903504
17220,1722,0.434831863,1,1.01183432,0.436360063,82.8494678,45.3484558,1,0.476581734,4050.84947,10029.3485,0.48015658
17230,1723,0.433942964,1,0.982248521,0.434899154,85.1759059,51.1490649,1,0.484055147,4053.17591,10035.1491,0.480750028
17240,1724,0.437079234,1,1.01775148,0.436603688,87.5198025,56.9124147,1,0.466432219,4055.5198,10040.9124,0.47859541
17250,1725,0.436481505,1,1,0.438627598,89.8278869,62.6669999,1,0.470134381,4057.82789,10046.667,0.476938608
17260,1726,0.437447433,1,1.01183432,0.439385224,92.1173349,68.4587766,1,0.485112442,4060.11733,10052.4588,0.479066216
17270,1727,0.435876084,1,1.01183432,0.438728306,94.3940301,74.2526404,1,0.468218515,4062.39403,10058.2526,0.478855871
17280,1728,0.434561921,1,1.01775148,0.438470026,96.6900159,80.0537144,1,0.462436713,4064.69002,10064.0537,0.479916235
17290,1729,0.435311891,1,1.02366864,0.437075597,99.0092763,85.878366,1,0.48571165,4067.00928,10069.8784,0.482262515
17300,1730,0.437619244,1,1.00591716,0.437368075,101.306235,91.6401148,1,0.474469734,4069.30623,10075.6401,0.477132507
17310,1731,0.435628431,1,0.99408284,0.4388935,103.643623,97.4166758,1,0.464650918,4071.64362,10081.4167,0.47934893
17320,1732,0.435239109,1,0.99408284,0.438907188,105.978662,103.189207,1,0.478835289,4073.97866,10087.1892,0.478993749
17330,1733,0.436247174,1,1.0295858,0.438006643,108.257448,108.990761,1,0.476376821,4076.25745,10092.9908,0.479465289
17340,1734,0.434985879,1,1.00591716,0.436853945,110.604395,114.791448,1,0.462325122,4078.60439,10098.7914,0.481345065
17350,1735,0.433857762,1,0.98816568,0.435896496,112.955341,120.585598,1,0.484251393,4080.95534,10104.5856,0.480994525
17360,1736,0.435393013,1,1.01183432,0.435729721,115.284152,126.373747,1,0.485432241,4083.28415,10110.3737,0.479928685
17370,1737,0.437801889,1,1.00591716,0.437361804,117.578384,4.12163967,1,0.466740548,4085.57838,10116.1216,0.476064844
17380,1738,0.435638965,1,1.03550296,0.438540753,119.896121,9.92291102,1,0.477996787,4087.89612,10121.9229,0.480548568
17390,1739,0.436003881,1,0.99408284,0.438161155,122.165594,15.7144661,1,0.480223268,4090.16559,10127.7145,0.478487624
17400,1740,0.436969997,1,0.99408284,0.438456072,124.423594,21.5062835,1,0.469254826,4092.42359,10133.5063,0.478185136
17410,1741,0.435210741,1,0.982248521,0.436943518,126.774567,27.3084772,1,0.469714285,4094.77457,10139.3085,0.481568712
17420,1742,0.43592271,1,1,0.436868063,1.09194401,33.0946187,1,0.484325162,4097.09194,10145.0946,0.479457731
17430,1743,0.437106758,1,1.04142012,0.438376601,3.42229385,38.8531184,1,0.466753291,4099.42229,10150.8531,0.477857951
17440,1744,0.435449619,1,1.00591716,0.439438974,5.78713957,44.6085506,1,0.465302702,4101.78714,10156.6086,0.478641411
17450,1745,0.436906048,1,1.01183432,0.439136133,8.09013738,50.4024461,1,0.483798828,4104.09014,10162.4024,0.479601807
17460,1746,0.436050664,1,1.01775148,0.438218506,10.3956417,56.1968503,1,0.468488985,4106.39564,10168.1969,0.479709417
17470,1747,0.434230592,1,1.0295858,0.438380311,12.7085315,61.9847784,1,0.462619213,4108.70853,10173.9848,0.479457109
17480,1748,0.433973333,1,1.01775148,0.436238388,15.0297886,67.8224004,1,0.48602567,4111.02979,10179.8224,0.483246331
17490,1749,0.437036713,1,0.99408284,0.435986089,17.3216033,73.5978029,1,0.476367862,4113.3216,10185.5978,0.477962198
17500,1750,0.436397795,1,0.99408284,0.437970847,19.6290535,79.3759418,1,0.46733349,4115.62905,10191.3759,0.478602596
17510,1751,0.434962963,1,1.01775148,0.438319647,21.9408903,85.1524313,1,0.477909388,4117.94089,10197.1524,0.478610044
17520,1752,0.435593597,1,1.01183432,0.437386979,24.2050548,90.9497415,1,0.480628328,4120.20505,10202.9497,0.478751129
17530,1753,0.435557188,1,0.982248521,0.435950058,26.5325909,96.7690636,1,0.465262772,4122.53259,10208.7691,0.482117699
17540,1754,0.434665915,1,1.00591716,0.435996443,28.9064232,102.540977,1,0.480195392,4124.90642,10214.541,0.480076827
17550,1755,0.43562393,1,0.982248521,0.436598798,31.2338571,108.315869,1,0.484550973,4127.23386,10220.3159,0.478943141
17560,1756,0.437783306,1,1.00591716,0.438259709,33.5678292,114.048357,1,0.465188216,4129.56783,10226.0484,0.476108789
17570,1757,0.436119426,1,1.01183432,0.438847595,35.8926192,119.847898,1,0.477505261,4131.89262,10231.8479,0.480626588
17580,1758,0.436908021,1,1.01775148,0.438570327,38.1864135,125.633693,1,0.47930912,4134.18641,10237.6337,0.47876141
17590,1759,0.436578668,1,0.98816568,0.439612089,40.4516285,3.41352989,1,0.466310422,4136.45163,10243.4135,0.477528873
17600,1760,0.433991665,1,1.01183432,0.437429784,42.7838589,9.24467057,1,0.47066305,4138.78386,10249.2447,0.48309591
17610,1761,0.435318773,1,0.98816568,0.436126012,45.0760589,15.0456863,1,0.485044282,4141.07606,10255.0457,0.479804969
17620,1762,0.437329951,1,1.02366864,0.438165921,47.3742915,20.808739,1,0.471697138,4143.37429,10260.8087,0.477261974
17630,1763,0.435339017,1,0.99408284,0.439172547,49.712166,26.5768754,1,0.463071045,4145.71217,10266.5769,0.478762301
17640,1764,0.435635446,1,0.98816568,0.438328569,52.0312959,32.3689384,1,0.483937707,4148.0313,10272.3689,0.479930697
17650,1765,0.435688624,1,1.02366864,0.436877541,54.3379922,38.1797969,1,0.473756226,4150.33799,10278.1798,0.48091951
17660,1766,0.43430077,1,1.0295858,0.437039346,56.6888131,43.964822,1,0.463993411,4152.68881,10283.9648,0.480340572
17670,1767,0.433915658,1,1.00591716,0.435945566,59.0385378,49.7581904,1,0.486885244,4155.03854,10289.7582,0.480903516
17680,1768,0.43679147,1,0.982248521,0.435379462,61.3490951,55.5326275,1,0.478865936,4157.3491,10295.5326,0.478426902
17690,1769,0.43735915,1,1,0.437373445,63.6605312,61.3016251,1,0.469130258,4159.66053,10301.3016,0.47806359
17700,1770,0.436122513,1,1.01775148,0.438499311,65.9727432,67.0796896,1,0.480193201,4161.97274,10307.0797,0.478733243
17710,1771,0.436849435,1,1.01775148,0.439387777,68.2086717,72.8567376,1,0.477641166,4164.20867,10312.8567,0.476511364
17720,1772,0.435815227,1,0.982248521,0.437811618,70.5072792,78.6923886,1,0.46513465,4166.50728,10318.6924,0.482464208
17730,1773,0.434760371,1,1,0.43635861,72.8453825,84.4844516,1,0.474834614,4168.84538,10324.4845,0.480475115
17740,1774,0.436450121,1,1.00591716,0.437898596,75.1452891,90.2574878,1,0.485085613,4171.14529,10330.2575,0.47802303
17750,1775,0.437581458,1,1.0295858,0.439229087,77.4760542,96.0049208,1,0.464359783,4173.47605,10336.0049,0.477080942
17760,1776,0.4347023,1,1.01183432,0.438792393,79.8257125,101.803678,1,0.469204636,4175.82571,10341.8037,0.481285725
17770,1777,0.435750813,1,1.00591716,0.437529463,82.1534844,107.60993,1,0.483810691,4178.15348,10347.6099,0.48119115
17780,1778,0.435974261,1,0.98816568,0.438568105,84.4620659,113.380053,1,0.467552006,4180.46207,10353.3801,0.47806232
17790,1779,0.433817154,1,1.02366864,0.437749929,86.8196195,119.160385,1,0.472172365,4182.81962,10359.1604,0.480201462
17800,1780,0.433441974,1,0.98816568,0.434874308,89.1227952,124.981168,1,0.485486957,4185.1228,10364.9812,0.481529501
17810,1781,0.437065179,1,0.98816568,0.435599194,91.4278737,2.76613069,1,0.473112412,4187.42787,10370.7661,0.479022521
17820,1782,0.435894941,1,0.98816568,0.437625768,93.7551187,8.53320677,1,0.466572999,4189.75512,10376.5332,0.478380132
17830,1783,0.437142584,1,0.99408284,0.439308571,96.0188334,14.292472,1,0.482670126,4192.01883,10382.2925,0.476013653
17840,1784,0.435918135,1,1.02366864,0.437885025,98.289647,20.1189404,1,0.475354895,4194.28965,10388.1189,0.481026569
17850,1785,0.434776957,1,1.01183432,0.436291189,100.598391,25.9375662,1,0.462014818,4196.59839,10393.9376,0.481532967
17860,1786,0.435564878,1,1.01183432,0.437689978,102.938665,31.7051792,1,0.480520133,4198.93867,10399.7052,0.478794359
17870,1787,0.437958418,1,1.00591716,0.438086773,105.253312,37.4671667,1,0.480790074,4201.25331,10405.4672,0.477655086
17880,1788,0.436314799,1,1.01183432,0.438458232,107.604325,43.2377112,1,0.466161623,4203.60433,10411.2377,0.479314394
17890,1789,0.434649808,1,1.01183432,0.438081737,109.950024,49.0398036,1,0.479514315,4205.95002,10417.0398,0.481409289
17900,1790,0.436513297,1,1.00591716,0.438945524,112.23033,54.8071899,1,0.475546811,4208.23033,10422.8072,0.477062882
17910,1791,0.436248418,1,1.00591716,0.439306684,114.553497,60.5880112,1,0.463526686,4210.5535,10428.588,0.47924372
17920,1792,0.433656447,1,0.98816568,0.436330764,116.889397,66.4036474,1,0.478746805,4212.8894,10434.4036,0.482093903
17930,1793,0.434553392,1,0.982248521,0.43558332,119.179433,72.215404,1,0.486157148,4215.17943,10440.2154,0.480512424
17940,1794,0.437122923,1,1.02366864,0.437156165,121.495366,77.984829,1,0.466611354,4217.49537,10445.9848,0.47822284
17950,1795,0.435375702,1,1.01183432,0.438434967,123.788198,83.7555539,1,0.465412478,4219.7882,10451.7556,0.477656679
17960,1796,0.435356896,1,1.01183432,0.437542959,126.093102,89.5670674,1,0.486762609,4222.0931,10457.5671,0.480915491
17970,1797,0.435558417,1,0.982248521,0.43671171,0.368533751,95.3745753,1,0.474898811,4224.36853,10463.3746,0.479797401
17980,1798,0.435577268,1,0.98816568,0.437402586,2.7079257,101.143351,1,0.466370215,4226.70793,10469.1434,0.478851744
17990,1799,0.436231961,1,0.99408284,0.436973085,5.06171785,106.91901,1,0.487150871,4229.06172,10474.919,0.47975935
18000,1800,0.437120242,1,1,0.436534256,7.39711437,112.696846,1,0.472316416,4231.39711,10480.6968,0.479382418
18010,1801,0.435657143,1,0.976331361,0.438035706,9.74747288,118.467537,1,0.466735315,4233.74747,10486.4675,0.47930588
18020,1802,0.43707928,1,0.99408284,0.439795918,12.0296603,124.220878,1,0.482018672,4236.02966,10492.2209,0.47611164
18030,1803,0.43693035,1,1.01775148,0.439353865,14.3027054,2.02444396,1,0.472591125,4238.30271,10498.0244,0.479448102
18040,1804,0.434363222,1,1.01775148,0.437589955,16.6160224,7.84691216,1,0.460494892,4240.61602,10503.8469,0.481937484
18050,1805,0.434337259,1,0.99408284,0.437040173,18.9241146,13.6506673,1,0.479876837,4242.92411,10509.6507,0.48045136
18060,1806,0.437159698,1,0.99408284,0.437594879,21.2223718,19.4342446,1,0.483621744,4245.22237,10515.4342,0.478729536
18070,1807,0.436791776,1,1.00591716,0.438531997,23.5356735,25.1858752,1,0.465409152,4247.53567,10521.1859,0.47687729
18080,1808,0.434252788,1,1.02366864,0.438142668,25.8837949,30.9912949,1,0.476549257,4249.88379,10526.9913,0.481716431
18090,1809,0.43529037,1,0.99408284,0.437473266,28.1882258,36.7883176,1,0.480345818,4252.18823,10532.7883,0.479866067
18100,1810,0.436567685,1,0.98816568,0.438021804,30.4920455,42.5691915,1,0.467553002,4254.49205,10538.5692,0.478694527
18110,1811,0.434478659,1,1.01183432,0.43634787,32.8587511,48.3509154,1,0.476796407,4256.85875,10544.3509,0.480566891
18120,1812,0.433974435,1,0.976331361,0.434982524,35.1736412,54.155532,1,0.484337942,4259.17364,10550.1555,0.480706397
18130,1813,0.436949199,1,1.01775148,0.436595562,37.5136818,59.9225611,1,0.466418036,4261.51368,10555.9226,0.47874599
18140,1814,0.436311818,1,1,0.438660134,39.8131765,65.6804754,1,0.468585333,4263.81318,10561.6805,0.476930848
18150,1815,0.437042593,1,1.00591716,0.439101304,42.0997146,71.4800381,1,0.485770392,4266.09971,10567.48,0.479541104
18160,1816,0.435580388,1,1.00591716,0.437671723,44.3665008,77.2884409,1,0.470951074,4268.3665,10573.2884,0.479619319
18170,1817,0.435134353,1,1.01183432,0.437786865,46.6694032,83.0796527,1,0.463071167,4270.6694,10579.0797,0.479407262
18180,1818,0.436121372,1,1.01775148,0.43750287,49.0036487,88.8763131,1,0.485809119,4273.00365,10584.8763,0.480692141
18190,1819,0.437736861,1,0.98816568,0.437716589,51.3172318,94.6416034,1,0.473880412,4275.31723,10590.6416,0.477860366
18200,1820,0.435286814,1,0.99408284,0.438707789,53.6794532,100.416092,1,0.46439366,4277.67945,10596.4161,0.479921171
18210,1821,0.435806155,1,1.00591716,0.439411517,56.0094941,106.183879,1,0.480261735,4280.00949,10602.1839,0.478511331
18220,1822,0.437070534,1,1.02366864,0.439035457,58.2959304,111.967492,1,0.473219732,4282.29593,10607.9675,0.478397019
18230,1823,0.435013029,1,1.01183432,0.438267553,60.6423525,117.760887,1,0.460503793,4284.64235,10613.7609,0.480810001
18240,1824,0.433584029,1,0.98816568,0.436261569,62.9605993,123.573253,1,0.483864364,4286.9606,10619.5733,0.481355732
18250,1825,0.435226215,1,1.00591716,0.43558206,65.2760912,1.38782207,1,0.485831967,4289.27609,10625.3878,0.481434737
18260,1826,0.437714113,1,1.01183432,0.4371732,67.560117,7.13906244,1,0.467021077,4291.56012,10631.1391,0.476013647
18270,1827,0.434982915,1,1.0295858,0.438216029,69.8765274,12.941096,1,0.476179966,4293.87653,10636.9411,0.480565187
18280,1828,0.43520212,1,0.99408284,0.437497143,72.1463529,18.7396354,1,0.482144986,4296.14635,10642.7396,0.478997769
18290,1829,0.43707603,1,0.98816568,0.437429553,74.4175695,24.5324815,1,0.471434869,4298.41757,10648.5325,0.478629021
18300,1830,0.4356117,1,0.98816568,0.436990536,76.7816688,30.3125031,1,0.470284921,4300.78167,10654.3125,0.480369773
18310,1831,0.435884562,1,0.99408284,0.436769856,79.1090535,36.0979378,1,0.484329591,4303.10905,10660.0979,0.479694029
18320,1832,0.436745454,1,1.0295858,0.437767018,81.4522476,41.860657,1,0.465957928,4305.45225,10665.8607,0.478530113
18330,1833,0.435891719,1,1.00591716,0.439350867,83.8055234,47.615726,1,0.467429629,4307.80552,10671.6157,0.478278017
18340,1834,0.437367573,1,1.01183432,0.43932984,86.1077371,53.4002027,1,0.483645364,4310.10774,10677.4002,0.478906288
18350,1835,0.43612258,1,1.01183432,0.438922834,88.4143334,59.1869893,1,0.467350285,4312.41433,10683.187,0.479196104
18360,1836,0.434082724,1,1.0295858,0.438718807,90.7262909,64.9790912,1,0.463145285,4314.72629,10688.9791,0.479728672
18370,1837,0.433420121,1,1.01775148,0.435749869,93.0477669,70.8340353,1,0.486224778,4317.04777,10694.834,0.484490957
18380,1838,0.436853035,1,0.99408284,0.435619554,95.3350704,76.6108606,1,0.476524949,4319.33507,10700.6109,0.477936068
18390,1839,0.436384905,1,0.98816568,0.437609372,97.6452993,82.3875885,1,0.467933182,4321.6453,10706.3876,0.478581133
18400,1840,0.435242111,1,1.01775148,0.438368404,99.9486594,88.1582003,1,0.478212093,4323.94866,10712.1582,0.477948205
18410,1841,0.435762609,1,1.01183432,0.437591212,102.205707,93.953071,1,0.480358577,4326.20571,10717.9531,0.478377367
18420,1842,0.435552695,1,0.976331361,0.435890084,104.530703,99.7770536,1,0.465154028,4328.5307,10723.7771,0.482378118
18430,1843,0.434739964,1,1.00591716,0.436155825,106.902888,105.550777,1,0.479465041,4330.90289,10729.5508,0.480157402
18440,1844,0.435952957,1,0.98816568,0.436971833,109.224828,111.323591,1,0.484572445,4333.22483,10735.3236,0.478637085
18450,1845,0.437728584,1,1.01775148,0.438600542,111.563876,117.051445,1,0.46491093,4335.56388,10741.0514,0.475926099
18460,1846,0.435897012,1,1.01775148,0.438775577,113.896428,122.858765,1,0.477872453,4337.89643,10746.8588,0.48140429
18470,1847,0.436914882,1,1.01775148,0.438546197,116.192346,0.64165195,1,0.478991197,4340.19235,10752.6417,0.478613715
18480,1848,0.436515768,1,0.99408284,0.4397063,118.463694,6.41985707,1,0.465904463,4342.46369,10758.4199,0.47758439
18490,1849,0.433904104,1,1.01775148,0.437422117,120.799248,12.2480696,1,0.471845609,4344.79925,10764.2481,0.482981826
18500,1850,0.435057716,1,0.99408284,0.435877433,123.088155,18.0549588,1,0.485048847,4347.08816,10770.055,0.480132241
18510,1851,0.437141065,1,1.01775148,0.437856093,125.387882,23.8205021,1,0.471301162,4349.38788,10775.8205,0.477482513
18520,1852,0.435334125,1,0.99408284,0.438988027,127.715377,29.5880882,1,0.463003569,4351.71538,10781.5881,0.478423695
18530,1853,0.435590323,1,0.98816568,0.438162605,2.02886499,35.3799076,1,0.484025645,4354.02886,10787.3799,0.479752159
18540,1854,0.435413353,1,1.01775148,0.436561903,4.33007675,41.1955109,1,0.474451366,4356.33008,10793.1955,0.481103377
18550,1855,0.434417923,1,1.0295858,0.436783896,6.67572448,46.9816993,1,0.463899247,4358.67572,10798.9817,0.48027383
18560,1856,0.43423768,1,1.01183432,0.436190945,9.02923885,52.7696472,1,0.48647618,4361.02924,10804.7696,0.480626879
18570,1857,0.437186648,1,0.98816568,0.435879019,11.3407482,58.5362687,1,0.477696759,4363.34075,10810.5363,0.477896021
18580,1858,0.43705906,1,1,0.437424175,13.6570116,64.3112667,1,0.468984547,4365.65701,10816.3113,0.478630184
18590,1859,0.435945093,1,1.01183432,0.438548519,15.9675903,70.0909147,1,0.479811764,4367.96759,10822.0909,0.478799691
18600,1860,0.436683455,1,1.01775148,0.439158305,18.2037561,75.8706735,1,0.478280533,4370.20376,10827.8707,0.476712419
18610,1861,0.435861093,1,0.976331361,0.437377558,20.5045612,81.7054453,1,0.465520172,4372.50456,10833.7054,0.482463262
18620,1862,0.434969732,1,0.99408284,0.436422042,22.849104,87.4926854,1,0.475278168,4374.8491,10839.4927,0.480316888
18630,1863,0.43649997,1,1.00591716,0.437890726,25.1539981,93.2631606,1,0.48498875,4377.154,10845.2632,0.477982208
18640,1864,0.43751059,1,1.03550296,0.439164703,27.493172,99.0078717,1,0.464023992,4379.49317,10851.0079,0.477130476
18650,1865,0.434918399,1,1.01775148,0.438799818,29.8386056,104.809292,1,0.47084905,4381.83861,10856.8093,0.481353726
18660,1866,0.436073303,1,1.00591716,0.437756201,32.1628711,110.610221,1,0.482655052,4384.16287,10862.6102,0.48071065
18670,1867,0.436089666,1,0.98816568,0.438878298,34.4617554,116.379598,1,0.467073772,4386.46176,10868.3796,0.477732445
18680,1868,0.433820672,1,1.01775148,0.437782496,36.8136532,122.171028,1,0.47213128,4388.81365,10874.171,0.480828261
18690,1869,0.433682508,1,0.98816568,0.434957144,39.1118068,127.995538,1,0.485850001,4391.11181,10879.9955,0.481654075
18700,1870,0.437034368,1,1,0.436038939,41.4159153,5.77557761,1,0.473019006,4393.41592,10885.7756,0.478643152
18710,1871,0.435519731,1,0.98816568,0.437752241,43.7335722,11.5480251,1,0.465051756,4395.73357,10891.548,0.478488024
18720,1872,0.436528726,1,1,0.438854038,46.0073742,17.3111309,1,0.482175644,4398.00737,10897.3111,0.476572848
18730,1873,0.435435262,1,1.00591716,0.437095593,48.2808933,23.1366103,1,0.476749879,4400.28089,10903.1366,0.481031313
18740,1874,0.434963978,1,1.00591716,0.436028456,50.6033076,28.9508351,1,0.46301702,4402.60331,10908.9508,0.481607376
18750,1875,0.435521409,1,1.00591716,0.43744905,52.9593992,34.7113751,1,0.482090169,4404.9594,10914.7114,0.478749535
18760,1876,0.437890796,1,0.99408284,0.437690189,55.2877344,40.471539,1,0.479286889,4407.28773,10920.4715,0.477918522
18770,1877,0.436485404,1,1.01775148,0.4379962,57.6392131,46.2386205,1,0.466450359,4409.63921,10926.2386,0.479081231
18780,1878,0.435649111,1,1.01775148,0.438420321,59.9749495,52.0297149,1,0.481010696,4411.97495,10932.0297,0.480337887
18790,1879,0.437061554,1,1.01183432,0.439378829,62.2357982,57.7926572,1,0.474511624,4414.2358,10937.7927,0.476196352
18800,1880,0.436090741,1,1.00591716,0.439600525,64.5469619,63.5937925,1,0.463398931,4416.54696,10943.5938,0.480351498
18810,1881,0.433554006,1,0.98816568,0.436198903,66.8712219,69.4196005,1,0.477403793,4418.87122,10949.4196,0.482487534
18820,1882,0.435379991,1,0.976331361,0.436577777,69.154232,75.2193996,1,0.486314556,4421.15423,10955.2194,0.479458558
18830,1883,0.437323327,1,1.0295858,0.43794288,71.4603692,80.985059,1,0.4660064,4423.46037,10960.9851,0.477673708
18840,1884,0.435030571,1,1,0.438486989,73.7726767,86.7595609,1,0.463402002,4425.77268,10966.7596,0.478481556
18850,1885,0.434841958,1,1.01775148,0.4371179,76.0932958,92.5779161,1,0.487011651,4428.0933,10972.5779,0.481851277
18860,1886,0.435503125,1,0.976331361,0.43647782,78.3853424,98.3824106,1,0.474354629,4430.38534,10978.3824,0.480049516
18870,1887,0.435112284,1,1,0.437196587,80.7318997,104.14988,1,0.467589722,4432.7319,10984.1499,0.478966042
18880,1888,0.435623462,1,1.00591716,0.436393652,83.0830324,109.927436,1,0.487311766,4435.08303,10989.9274,0.479817437
18890,1889,0.437101679,1,1,0.435882732,85.4175217,115.705049,1,0.472466918,4437.41752,10995.705,0.479340349
18900,1890,0.436109054,1,0.976331361,0.43788348,87.7639759,121.471616,1,0.467692091,4439.76398,11001.4716,0.47889878
18910,1891,0.437298431,1,1,0.439567944,90.0412799,127.225023,1,0.482850062,4442.04128,11007.225,0.475977957
18920,1892,0.436910987,1,1.01183432,0.439727906,92.3189173,5.02684267,1,0.471527596,4444.31892,11013.0268,0.479452022
18930,1893,0.434305842,1,1.02366864,0.438049276,94.6328449,10.8427236,1,0.459781812,4446.63284,11018.8427,0.481483971
18940,1894,0.433983376,1,1,0.436967525,96.9361678,16.6574822,1,0.480812733,4448.93617,11024.6575,0.481102739
18950,1895,0.436920562,1,0.99408284,0.437247667,99.2345761,22.4461738,1,0.483247912,4451.23458,11030.4462,0.479099451
18960,1896,0.436822802,1,1.00591716,0.438338052,101.540362,28.1977711,1,0.465761564,4453.54036,11036.1978,0.476659473
18970,1897,0.434222759,1,1.02366864,0.438041579,103.884049,34.0019345,1,0.4764655,4455.88405,11042.0019,0.481499037
18980,1898,0.43527227,1,0.99408284,0.437455325,106.183901,39.7977521,1,0.480624308,4458.1839,11047.7978,0.479649889
18990,1899,0.436585304,1,0.982248521,0.43772223,108.484637,45.5839581,1,0.468154672,4460.48464,11053.584,0.478987889
19000,1900,0.43467348,1,1.01183432,0.436203468,110.853806,51.3624902,1,0.47677521,4462.85381,11059.3625,0.480411521
19010,1901,0.434116158,1,0.982248521,0.435133772,113.176901,57.1652582,1,0.484425731,4465.1769,11065.1653,0.480808541
19020,1902,0.437032003,1,1.01775148,0.43681208,115.51921,62.9261765,1,0.466203273,4467.51921,11070.9262,0.47837613
19030,1903,0.436405686,1,1,0.438805117,117.820954,68.6852033,1,0.469369193,4469.82095,11076.6852,0.477074512
19040,1904,0.437162348,1,1.00591716,0.439115343,120.110789,74.4839412,1,0.485282001,4472.11079,11082.4839,0.479575174
19050,1905,0.435708619,1,1,0.43806068,122.381849,80.2870427,1,0.469759283,4474.38185,11088.287,0.479359158
19060,1906,0.4348228,1,1.01183432,0.438007275,124.681534,86.0807632,1,0.463059182,4476.68153,11094.0808,0.479495241
19070,1907,0.435835744,1,1.01775148,0.437297225,127.010042,91.8870229,1,0.485940305,4479.01004,11099.887,0.481212708
19080,1908,0.437686585,1,0.98816568,0.437625703,1.31667911,97.6512941,1,0.474128502,4481.31668,11105.6513,0.47758885
19090,1909,0.435344719,1,0.99408284,0.438790818,3.67023756,103.427008,1,0.464273105,4483.67024,11111.427,0.479756522
19100,1910,0.435692827,1,1.00591716,0.439309597,6.00098614,109.194498,1,0.480027695,4486.00099,11117.1945,0.478510596
19110,1911,0.436819445,1,1.0295858,0.438652512,8.28343623,114.986511,1,0.474352574,4488.28344,11122.9865,0.478885508
19120,1912,0.43502394,1,1.01183432,0.437705433,10.6271107,120.78424,1,0.461121419,4490.62711,11128.7842,0.481039697
19130,1913,0.433691031,1,0.99408284,0.436178177,12.9531581,126.591126,1,0.483739916,4492.95316,11134.5911,0.481187039
19140,1914,0.435732081,1,0.99408284,0.436094801,15.2673373,4.39264715,1,0.485719653,4495.26734,11140.3926,0.480464978
19150,1915,0.437704593,1,1.01775148,0.437503644,17.5541714,10.1423948,1,0.466874626,4497.55417,11146.1424,0.475986726
19160,1916,0.434811593,1,1.03550296,0.438159058,19.8741422,15.9482168,1,0.475894464,4499.87414,11151.9482,0.480937409
19170,1917,0.435094986,1,1,0.437402296,22.1484378,21.748881,1,0.482374488,4502.14844,11157.7489,0.479275371
19180,1918,0.436986425,1,0.98816568,0.437311858,24.4243491,27.5408728,1,0.471303393,4504.42435,11163.5409,0.478699801
19190,1919,0.435532531,1,0.98816568,0.436835155,26.7928914,33.3192908,1,0.47132363,4506.79289,11169.3193,0.480385118
19200,1920,0.435636787,1,0.98816568,0.436468721,29.1204963,39.1060229,1,0.484417161,4509.1205,11175.106,0.479792938
19210,1921,0.436730125,1,1.02366864,0.43756962,31.4658402,44.8685322,1,0.465911563,4511.46584,11180.8685,0.478577472
19220,1922,0.436010548,1,1.00591716,0.439217965,33.8059855,50.6232542,1,0.46769216,4513.80599,11186.6233,0.477871924
19230,1923,0.437364136,1,1.01183432,0.439299249,36.1066282,56.4103875,1,0.484049977,4516.10663,11192.4104,0.479051508
19240,1924,0.436043978,1,1.01183432,0.43878613,38.4057709,62.2019377,1,0.467715784,4518.40577,11198.2019,0.479324665
19250,1925,0.434148022,1,1.02366864,0.438618582,40.7110214,67.9950679,1,0.462225964,4520.71102,11203.9951,0.479611136
19260,1926,0.4339377,1,1.01775148,0.436260257,43.0277094,73.8432329,1,0.486040071,4523.02771,11209.8432,0.483870472
19270,1927,0.437069181,1,1,0.436161143,45.3188486,79.6136385,1,0.47609587,4525.31885,11215.6136,0.477585767
19280,1928,0.436271326,1,0.98816568,0.438235724,47.6272498,85.3871584,1,0.46682528,4527.62725,11221.3872,0.478299803
19290,1929,0.43497873,1,1.01775148,0.438432971,49.9464678,91.1623553,1,0.477862684,4529.94647,11227.1624,0.478729031
19300,1930,0.43570109,1,1.01775148,0.437409099,52.2174807,96.9611746,1,0.479806736,4532.21748,11232.9612,0.479051115
19310,1931,0.43533169,1,0.98816568,0.43617121,54.5561213,102.77588,1,0.464224125,4534.55612,11238.7759,0.482106057
19320,1932,0.434326991,1,1,0.435829009,56.9262473,108.551161,1,0.482314183,4536.92625,11244.5512,0.48020809
19330,1933,0.435258576,1,0.99408284,0.436034351,59.2601169,114.329627,1,0.484814145,4539.26012,11250.3296,0.479383336
19340,1934,0.437879413,1,1,0.437771227,61.5751095,120.067074,1,0.465777429,4541.57511,11256.0671,0.475913881
19350,1935,0.436096987,1,1.01775148,0.438762919,63.8953329,125.864693,1,0.477920995,4543.89533,11261.8647,0.480358724
19360,1936,0.436702382,1,1,0.438513372,66.1801329,3.65181437,1,0.479669415,4546.18013,11267.6518,0.47860181
19370,1937,0.436791124,1,1.00591716,0.439449881,68.4377942,9.43589668,1,0.467209383,4548.43779,11273.4359,0.47762134
19380,1938,0.434395485,1,1,0.437224643,70.7719684,15.2644767,1,0.469579426,4550.77197,11279.2645,0.482968596
19390,1939,0.435702656,1,0.99408284,0.436469603,73.0703583,21.0541673,1,0.484660313,4553.07036,11285.0542,0.479170348
19400,1940,0.437311611,1,1.01775148,0.438438446,75.3769329,26.8184933,1,0.470582275,4555.37693,11290.8185,0.477590972
19410,1941,0.435248258,1,1,0.439344605,77.7266488,32.5845119,1,0.462904409,4557.72665,11296.5845,0.478954331
19420,1942,0.43584961,1,0.98816568,0.438543876,80.0444427,38.3808465,1,0.484325664,4560.04444,11302.3808,0.480197592
19430,1943,0.435818251,1,1.01775148,0.437095756,82.354652,44.185389,1,0.472179966,4562.35465,11308.1854,0.480567838
19440,1944,0.434173646,1,1.03550296,0.4373701,84.7047211,49.9678661,1,0.463972581,4564.70472,11313.9679,0.48013722
19450,1945,0.433673301,1,0.99408284,0.43579911,87.048978,55.7716058,1,0.486998696,4567.04898,11319.7716,0.481485224
19460,1946,0.436722738,1,0.982248521,0.435191045,89.3533649,61.5499119,1,0.47832662,4569.35336,11325.5499,0.478527205
19470,1947,0.437352646,1,1.00591716,0.437388721,91.6667676,67.3177384,1,0.469466227,4571.66677,11331.3177,0.478036258
19480,1948,0.436204281,1,1.01183432,0.438482429,93.9750801,73.0938171,1,0.480183423,4573.97508,11337.0938,0.478480036
19490,1949,0.436843172,1,1.01775148,0.439349805,96.2085277,78.872646,1,0.477947778,4576.20853,11342.8726,0.476570293
19500,1950,0.435701124,1,0.982248521,0.437519763,98.5102418,84.710774,1,0.464997206,4578.51024,11348.7108,0.482729087
19510,1951,0.434879054,1,1.00591716,0.436463426,100.850351,90.4997456,1,0.475354186,4580.85035,11354.4997,0.480312411
19520,1952,0.436570482,1,1.00591716,0.437988407,103.152618,96.2690327,1,0.485066785,4583.15262,11360.269,0.477822398
19530,1953,0.437573609,1,1.0295858,0.439244984,105.48919,102.013051,1,0.464263684,4585.48919,11366.0131,0.477005669
19540,1954,0.434779578,1,1.02366864,0.438740454,107.838162,107.817248,1,0.470837816,4587.83816,11371.8172,0.481653761
19550,1955,0.435880751,1,1.00591716,0.437600667,110.161624,113.620292,1,0.482865602,4590.16162,11377.6203,0.480838751
19560,1956,0.436120683,1,0.98816568,0.438850203,112.463813,119.388988,1,0.467275556,4592.46381,11383.389,0.477777946
19570,1957,0.433862067,1,1.01775148,0.43770077,114.819351,125.176876,1,0.47253626,4594.81935,11389.1769,0.480681261
19580,1958,0.433622989,1,0.99408284,0.434894652,117.118433,2.99966329,1,0.485676083,4597.11843,11394.9997,0.481557097
19590,1959,0.43696471,1,1,0.435817245,119.427716,8.7817337,1,0.472521745,4599.42772,11400.7817,0.478935731
19600,1960,0.435643519,1,1,0.437732849,121.748864,14.5510705,1,0.465554727,4601.74886,11406.5511,0.478366154
19610,1961,0.436908065,1,0.99408284,0.439097362,124.015612,20.3112818,1,0.482668935,4604.01561,11412.3113,0.476166781
19620,1962,0.435609497,1,1.01183432,0.437378647,126.290484,26.1387655,1,0.475853218,4606.29048,11418.1388,0.481212765
19630,1963,0.434914362,1,1.01183432,0.436252902,0.605107829,31.9518227,1,0.462507325,4608.60511,11423.9518,0.481301972
19640,1964,0.435542964,1,1.01183432,0.437623565,2.95467573,37.7173309,1,0.481673459,4610.95468,11429.7173,0.478913677
19650,1965,0.437998627,1,0.99408284,0.437893544,5.27644695,43.4758848,1,0.479517585,4613.27645,11435.4759,0.477614658
19660,1966,0.436341868,1,1.01775148,0.438094091,7.62936057,49.2486343,1,0.466543553,4615.62936,11441.2486,0.47952664
19670,1967,0.435178594,1,1.01775148,0.43828343,9.96461515,55.0443592,1,0.479958765,4617.96462,11447.0444,0.48065439
19680,1968,0.436716545,1,1.00591716,0.439208509,12.2271911,60.8122961,1,0.475254168,4620.22719,11452.8123,0.476602538
19690,1969,0.436312452,1,1.01183432,0.439220953,14.5366421,66.6103793,1,0.464234683,4622.53664,11458.6104,0.480084636
19700,1970,0.433789176,1,0.98816568,0.436077454,16.8654695,72.4304412,1,0.4771232,4624.86547,11464.4304,0.482207431
19710,1971,0.435607854,1,0.970414201,0.436823254,19.152267,78.2253391,1,0.486195081,4627.15227,11470.2253,0.479214626
19720,1972,0.43745348,1,1.0295858,0.438205545,21.4606444,83.9861054,1,0.465767667,4629.46064,11475.9861,0.477388327
19730,1973,0.434888138,1,1.00591716,0.438507372,23.7799143,89.7654357,1,0.464139316,4631.77991,11481.7654,0.479025583
19740,1974,0.434934832,1,1.01775148,0.437202723,26.1028109,95.5834762,1,0.486748348,4634.10281,11487.5835,0.481893722
19750,1975,0.435661662,1,0.98816568,0.436855041,28.3984021,101.380344,1,0.473115754,4636.3984,11493.3803,0.479604198
19760,1976,0.434784824,1,1,0.437230089,30.7427219,107.152699,1,0.468085231,4638.74272,11499.1527,0.479249397
19770,1977,0.435264214,1,1.00591716,0.436063501,33.0865751,112.936142,1,0.487224106,4641.08658,11504.9361,0.480026253
19780,1978,0.437088985,1,1.00591716,0.435899604,35.4156169,118.714269,1,0.472748239,4643.41562,11510.7143,0.479220225
19790,1979,0.436051482,1,0.970414201,0.437879761,37.7570944,124.482005,1,0.467546094,4645.75709,11516.482,0.478837928
19800,1980,0.437202141,1,1.00591716,0.439584597,40.0323638,2.23691382,1,0.482550109,4648.03236,11522.2369,0.476027876
19810,1981,0.436844146,1,1.02366864,0.43938396,42.3019007,8.04378643,1,0.472822563,4650.3019,11528.0438,0.479586653
19820,1982,0.434314293,1,1.01183432,0.437407064,44.6089084,13.8672152,1,0.460660988,4652.60891,11533.8672,0.481827185
19830,1983,0.434728986,1,1.00591716,0.437213999,46.9222507,19.6643341,1,0.479593126,4654.92225,11539.6643,0.480126587
19840,1984,0.437395088,1,1.00591716,0.437760386,49.223806,25.4422733,1,0.482895441,4657.22381,11545.4423,0.478420349
19850,1985,0.436569888,1,1.00591716,0.438572895,51.5518445,31.1981368,1,0.465455332,4659.55184,11551.1981,0.47760328
19860,1986,0.434241475,1,1.0295858,0.438082759,53.9073009,37.0026025,1,0.477920735,4661.9073,11557.0026,0.481860284
19870,1987,0.435736365,1,0.98816568,0.437981402,56.2085189,42.7879983,1,0.478299689,4664.20852,11562.788,0.478943662
19880,1988,0.43648158,1,1,0.438786035,58.5233795,48.559216,1,0.465273282,4666.52338,11568.5592,0.478320123
19890,1989,0.434128221,1,1.00591716,0.436553106,60.8802104,54.3524668,1,0.477368878,4668.88021,11574.3525,0.481100848
19900,1990,0.433851725,1,0.976331361,0.434910377,63.1774891,60.1664211,1,0.484619815,4671.17749,11580.1664,0.480874166
19910,1991,0.436905368,1,1.02366864,0.436488677,65.5110698,65.93917,1,0.46672367,4673.51107,11585.9392,0.478967262
19920,1992,0.436048173,1,0.99408284,0.438585004,67.8035335,71.6977677,1,0.467477511,4675.80353,11591.6978,0.476779368
19930,1993,0.436536073,1,1.01775148,0.438618125,70.0925082,77.5065628,1,0.486462917,4678.09251,11597.5066,0.480270544
19940,1994,0.435454962,1,1.00591716,0.437035506,72.3544534,83.3186955,1,0.473386349,4680.35445,11603.3187,0.479751435
19950,1995,0.43554836,1,1,0.437556372,74.6691066,89.1017859,1,0.464151851,4682.66911,11609.1018,0.479161951
19960,1996,0.436377817,1,1.01183432,0.437581268,77.012379,94.8847042,1,0.486315696,4685.01238,11614.8847,0.479972078
19970,1997,0.437681795,1,0.98816568,0.437729718,79.3333291,100.652944,1,0.473487654,4687.33333,11620.6529,0.47828221
19980,1998,0.435055922,1,0.982248521,0.43838437,81.7010212,106.429106,1,0.46452232,4689.70102,11626.4291,0.480199713
19990,1999,0.436165089,1,1,0.439668205,84.0204919,112.191463,1,0.480961285,4692.02049,11632.1915,0.47781986
20000,2000,0.437182428,1,1.02366864,0.439259894,86.3101223,117.973757,1,0.471948235,4694.31012,11637.9738,0.478393151
