step,time,mass,peak,area,gyradius,cx_cells,cy_cells,alive,growth,x_cells,y_cells,speed
0,0,0.559902541,1,1.23076923,0.550166772,60.7764319,63.8756455,1,nan,60.7764319,63.8756455,nan
10,1,0.519860017,1,1.14792899,0.517481323,60.9477646,57.4646947,1,0.534016752,60.9477646,57.4646947,0.493326142
20,2,0.522501638,1,1.18934911,0.516002053,66.7430373,58.555876,1,0.598645881,66.7430373,58.555876,0.453623561
30,3,0.534218261,1,1.15976331,0.516599629,65.0762441,64.090337,1,0.667647472,65.0762441,64.090337,0.44461577
40,4,0.539346364,1,1.17159763,0.514728909,59.9417971,61.8280048,1,0.583966784,59.9417971,61.8280048,0.431597371
50,5,0.530673972,1,1.25443787,0.514652505,62.4760127,56.8713603,1,0.516112766,62.4760127,56.8713603,0.428224447
60,6,0.521795404,1,1.20710059,0.518360776,67.2770117,59.8472323,1,0.513988995,67.2770117,59.8472323,0.434499
70,7,0.506798493,1,1.15976331,0.509851996,63.8529003,64.8568088,1,0.513975711,63.8529003,64.8568088,0.466767787
80,8,0.505416891,1,1.0887574,0.50637635,59.2015293,60.9693535,1,0.503343368,59.2015293,60.9693535,0.46630589
90,9,0.507809747,1,1.13609467,0.512778063,63.3743023,56.7440122,1,0.527835289,63.3743023,56.7440122,0.456806146
100,10,0.524976925,1,1.13017751,0.517461924,66.9188672,61.3294576,1,0.641817235,66.9188672,61.3294576,0.445823816
110,11,0.540354735,1,1.20118343,0.518311419,62.0940568,64.1572269,1,0.646113158,62.0940568,64.1572269,0.430185558
120,12,0.530834669,1,1.20118343,0.514515049,59.8600802,58.9717929,1,0.523246651,59.8600802,58.9717929,0.434321734
130,13,0.522648178,1,1.21301775,0.51540811,65.214189,57.0796746,1,0.510275078,65.214189,57.0796746,0.436816031
140,14,0.522475955,1,1.18343195,0.519176646,67.0354983,62.4648283,1,0.514198669,67.0354983,62.4648283,0.437292967
150,15,0.517799811,1,1.13017751,0.519647991,61.4855232,64.0364907,1,0.498666691,61.4855232,64.0364907,0.443709124
160,16,0.518777667,1,1.14792899,0.519069615,60.2236964,58.2888405,1,0.526726733,60.2236964,58.2888405,0.45265613
170,17,0.517406701,1,1.17751479,0.514820573,66.1650625,57.5363362,1,0.582246907,66.1650625,57.5363362,0.460679291
180,18,0.520587415,1,1.13609467,0.515940461,66.1774286,63.2634181,1,0.623472347,66.1774286,63.2634181,0.44054579
190,19,0.535776968,1,1.17159763,0.512520723,60.5568733,62.7435425,1,0.659238416,60.5568733,62.7435425,0.434195934
200,20,0.52709404,1,1.19526627,0.518047154,61.985813,57.279473,1,0.510614445,61.985813,57.279473,0.43444806
210,21,0.521954689,1,1.20118343,0.51561934,67.4264569,58.7663199,1,0.512957463,67.4264569,58.7663199,0.433857881
220,22,0.516188947,1,1.14792899,0.516248691,65.7291741,64.3637122,1,0.491575855,65.7291741,64.3637122,0.449928134
230,23,0.517501907,1,1.10650888,0.51538935,60.3096235,62.4440455,1,0.492674054,60.3096235,62.4440455,0.442268556
240,24,0.513454476,1,1.13017751,0.521080879,62.6322868,57.0730817,1,0.508032231,62.6322868,57.0730817,0.450128302
250,25,0.526003992,1,1.18343195,0.523271438,67.7309068,59.8740712,1,0.606827581,67.7309068,59.8740712,0.447487842
260,26,0.537860303,1,1.15976331,0.517131289,64.1090116,64.5109691,1,0.658064838,64.1090116,64.5109691,0.452598979
270,27,0.532515387,1,1.25443787,0.516911993,60.1465679,60.3052194,1,0.526909184,60.1465679,60.3052194,0.444488207
280,28,0.520969236,1,1.21301775,0.509811825,64.5154666,56.54187,1,0.510229622,64.5154666,56.54187,0.443560602
290,29,0.521809521,1,1.19526627,0.513230108,67.9421549,61.0572609,1,0.511634736,67.9421549,61.0572609,0.436032048
300,30,0.512815562,1,1.13609467,0.51342179,63.087254,64.5136225,1,0.490349884,63.087254,64.5136225,0.458428611
310,31,0.51717422,1,1.1183432,0.518265388,60.0150689,59.7725297,1,0.490831518,60.0150689,59.7725297,0.434573057
320,32,0.508588554,1,1.14792899,0.517062395,65.2035987,56.9730434,1,0.520133677,65.2035987,56.9730434,0.453506815
330,33,0.533484019,1,1.20118343,0.521848296,67.2553048,62.3226388,1,0.635113108,67.2553048,62.3226388,0.440734118
340,34,0.537004322,1,1.14792899,0.514664317,61.5333696,63.6788352,1,0.65858474,61.5333696,63.6788352,0.452343085
350,35,0.531366899,1,1.23668639,0.516027817,61.1297006,57.9254067,1,0.510379861,61.1297006,57.9254067,0.443659398
360,36,0.528949788,1,1.23668639,0.511532012,66.7008662,57.6014419,1,0.517513661,66.7008662,57.6014419,0.429275148
370,37,0.523452735,1,1.18934911,0.520874293,66.6989416,63.2044543,1,0.506132039,66.6989416,63.2044543,0.43100098
380,38,0.51492397,1,1.14201183,0.514420445,60.8382953,63.0630646,1,0.499630577,60.8382953,63.0630646,0.450950121
390,39,0.516587554,1,1.13017751,0.52075573,61.4203861,57.3075565,1,0.510651924,61.4203861,57.3075565,0.444989879
400,40,0.518193902,1,1.14792899,0.516371818,67.2843612,58.4964026,1,0.574376224,67.2843612,58.4964026,0.460251788
410,41,0.530303536,1,1.16568047,0.516390276,65.1580254,64.0137114,1,0.66115619,65.1580254,64.0137114,0.454835947
420,42,0.539333243,1,1.19526627,0.51387325,60.0875597,61.3136254,1,0.608927457,60.0875597,61.3136254,0.441890011
430,43,0.535327896,1,1.24260355,0.517986816,63.1089053,56.6038012,1,0.530237823,63.1089053,56.6038012,0.430432377
440,44,0.530670165,1,1.21301775,0.517232964,67.6922521,59.6544519,1,0.521018826,67.6922521,59.6544519,0.423521006
450,45,0.521503173,1,1.19526627,0.51843464,64.1094179,64.1994843,1,0.498180298,64.1094179,64.1994843,0.445184757
460,46,0.513388295,1,1.16568047,0.516217753,59.6119815,60.5185938,1,0.491976783,59.6119815,60.5185938,0.447054054
470,47,0.513658778,1,1.11242604,0.517950071,63.5471578,56.2295463,1,0.51146,63.5471578,56.2295463,0.447752715
480,48,0.511970895,1,1.17159763,0.515358862,67.5326087,60.5697252,1,0.545281245,67.5326087,60.5697252,0.453265417
490,49,0.534016569,1,1.12426036,0.518628871,62.4613311,63.6299142,1,0.661058628,62.4613311,63.6299142,0.455619832
500,50,0.536447012,1,1.18343195,0.512587039,60.0380272,58.4778911,1,0.636540561,60.0380272,58.4778911,0.437960201
510,51,0.530178282,1,1.22485207,0.519787534,65.3815231,56.6931917,1,0.51135752,65.3815231,56.6931917,0.433358299
520,52,0.515959384,1,1.20118343,0.510352738,66.9444842,62.3086481,1,0.508889332,66.9444842,62.3086481,0.448377731
530,53,0.514835289,1,1.14201183,0.515336491,61.2101491,63.6139894,1,0.499208198,61.2101491,63.6139894,0.452386929
540,54,0.514465334,1,1.11242604,0.514840264,59.9470102,58.023078,1,0.468701717,59.9470102,58.023078,0.44090956
550,55,0.519702732,1,1.14201183,0.522178501,65.5980164,57.3087014,1,0.524475813,65.5980164,57.3087014,0.438152423
560,56,0.509147888,1,1.14792899,0.514790668,65.8328673,63.2755307,1,0.578926091,65.8328673,63.2755307,0.45934225
570,57,0.536720127,1,1.17751479,0.517014464,60.1769187,62.5832597,1,0.658611392,60.1769187,62.5832597,0.438319768
580,58,0.539906712,1,1.23076923,0.521843301,61.6610322,57.1704545,1,0.55669692,61.6610322,57.1704545,0.431736908
590,59,0.535876809,1,1.21893491,0.514185924,66.9915322,58.6889626,1,0.524366965,66.9915322,58.6889626,0.426351645
600,60,0.52189888,1,1.19526627,0.516314985,64.9891342,63.9952425,1,0.514172768,64.9891342,63.9952425,0.436271213
610,61,0.514402133,1,1.16568047,0.517330267,59.61587,61.6927099,1,0.504922626,59.61587,61.6927099,0.449678546
620,62,0.514672641,1,1.15384615,0.514163756,62.4898097,56.4449232,1,0.537403247,62.4898097,56.4449232,0.460246874
630,63,0.504377793,1,1.14792899,0.506046531,67.600686,59.6931521,1,0.53002715,67.600686,59.6931521,0.465826536
640,64,0.493052137,1,1.10059172,0.509145382,64.2914792,64.2618679,1,0.499852278,64.2914792,64.2618679,0.433944437
650,65,0.528469798,1,1.13017751,0.521396419,60.3015373,60.5910207,1,0.649723886,60.3015373,60.5910207,0.417053309
660,66,0.533454856,1,1.17159763,0.510072671,64.4444652,56.8344479,1,0.642197126,64.4444652,56.8344479,0.430189794
670,67,0.526995438,1,1.17159763,0.516688558,67.4406974,61.449243,1,0.499305685,67.4406974,61.449243,0.423242916
680,68,0.520450333,1,1.19526627,0.518784049,62.4969152,64.3675069,1,0.517374098,62.4969152,64.3675069,0.44160309
690,69,0.510657449,1,1.13609467,0.512040501,59.5762949,59.2056088,1,0.495234341,59.5762949,59.2056088,0.45622075
700,70,0.508510058,1,1.06508876,0.512841811,64.7439367,56.5137914,1,0.471356881,64.7439367,56.5137914,0.448207492
710,71,0.514908857,1,1.13609467,0.522096157,67.0134959,61.7397869,1,0.524059081,67.0134959,61.7397869,0.438272082
720,72,0.533424926,1,1.17751479,0.521267496,61.2429999,63.1064058,1,0.660519385,61.2429999,63.1064058,0.456162744
730,73,0.530746043,1,1.20118343,0.50856031,60.7567642,57.2771732,1,0.609243348,60.7567642,57.2771732,0.449959748
740,74,0.526968256,1,1.21301775,0.514521595,66.4918319,57.5097409,1,0.517946434,66.4918319,57.5097409,0.441521637
750,75,0.529590602,1,1.24260355,0.511596378,66.3654255,62.9933207,1,0.515348159,66.3654255,62.9933207,0.421925882
760,76,0.524508189,1,1.15976331,0.521180189,60.8537882,62.5250262,1,0.50522592,60.8537882,62.5250262,0.425499679
770,77,0.519235904,1,1.13609467,0.522138318,61.4429556,56.7628314,1,0.503119452,61.4429556,56.7628314,0.44555668
780,78,0.514593428,1,1.11242604,0.516029604,67.3587162,57.9334803,1,0.53700898,67.3587162,57.9334803,0.463882777
790,79,0.512901716,1,1.18343195,0.509092031,65.549554,63.734019,1,0.581331857,65.549554,63.734019,0.467394366
800,80,0.513743467,1,1.19526627,0.509004624,60.0786233,61.6461709,1,0.598703416,60.0786233,61.6461709,0.450444825
810,81,0.532197727,1,1.16568047,0.512866648,62.7260017,56.6627148,1,0.665851261,62.7260017,56.6627148,0.434076912
820,82,0.538255203,1,1.26627219,0.514894306,67.2240717,59.824215,1,0.553068353,67.2240717,59.824215,0.422921074
830,83,0.532296492,1,1.22485207,0.516836721,63.9754484,64.1093001,1,0.518812682,63.9754484,64.1093001,0.413639552
840,84,0.514498659,1,1.18343195,0.514839267,59.6378303,60.1700342,1,0.504248491,59.6378303,60.1700342,0.450724251
850,85,0.508625722,1,1.0887574,0.506173314,63.8906378,55.8814184,1,0.514328949,63.8906378,55.8814184,0.464596258
860,86,0.508291968,1,1.10650888,0.511208522,67.969164,60.3134043,1,0.482764438,67.969164,60.3134043,0.463309902
870,87,0.501318956,1,1.1183432,0.513621345,63.8063013,64.2342073,1,0.464762807,63.8063013,64.2342073,0.439890534
880,88,0.514150973,1,1.15384615,0.520887898,60.4461251,59.9100046,1,0.554544699,60.4461251,59.9100046,0.4212514
890,89,0.512646097,1,1.13609467,0.514461564,65.0026325,56.7993746,1,0.610992598,65.0026325,56.7993746,0.42438803
900,90,0.539126989,1,1.20710059,0.517159453,67.2298376,62.0482166,1,0.562694391,67.2298376,62.0482166,0.438601764
910,91,0.521642375,1,1.20710059,0.513357535,61.7137493,63.6624278,1,0.512171998,61.7137493,63.6624278,0.442109705
920,92,0.519131977,1,1.17159763,0.514773818,60.3183643,58.0629238,1,0.513066088,60.3183643,58.0629238,0.443903764
930,93,0.512940313,1,1.10650888,0.514265029,66.1128582,56.8009121,1,0.487593893,66.1128582,56.8009121,0.456179355
940,94,0.514100169,1,1.13609467,0.517049888,67.1632356,62.4602494,1,0.498131675,67.1632356,62.4602494,0.442768267
950,95,0.511671899,1,1.14201183,0.519003653,61.306392,63.0501339,1,0.542886949,61.306392,63.0501339,0.452805722
960,96,0.521818192,1,1.13609467,0.518425593,61.4483614,57.3067083,1,0.62247487,61.4483614,57.3067083,0.441936921
970,97,0.544739441,1,1.18934911,0.519804744,67.0733163,58.2486212,1,0.610501566,67.0733163,58.2486212,0.438713267
980,98,0.527588378,1,1.21301775,0.513233445,65.4834769,63.8446113,1,0.519192807,65.4834769,63.8446113,0.447495961
990,99,0.528497177,1,1.22485207,0.51120275,60.2077143,62.2057424,1,0.524181463,60.2077143,62.2057424,0.424957795
1000,100,0.519688616,1,1.19526627,0.520141494,62.2380938,56.8008028,1,0.500674422,62.2380938,56.8008028,0.444132109
1010,101,0.51306986,1,1.1183432,0.514223345,67.5749228,58.7952082,1,0.485531971,67.5749228,58.7952082,0.438254988
1020,102,0.512856348,1,1.12426036,0.516503956,64.9826964,63.9483306,1,0.506637333,64.9826964,63.9483306,0.443722203
1030,103,0.52347464,1,1.16568047,0.521845282,60.0609601,60.8312401,1,0.590789152,60.0609601,60.8312401,0.448137115
1040,104,0.539412393,1,1.17159763,0.521104905,63.7685605,56.3206026,1,0.665570374,63.7685605,56.3206026,0.449142189
1050,105,0.537226832,1,1.21301775,0.510995188,67.7411387,60.5643443,1,0.586790315,67.7411387,60.5643443,0.447152203
1060,106,0.525021395,1,1.23668639,0.512163879,63.0876369,64.0142719,1,0.516457031,63.0876369,64.0142719,0.445603636
1070,107,0.515455802,1,1.19526627,0.508029276,59.6646131,59.3250758,1,0.504361991,59.6646131,59.3250758,0.446589
1080,108,0.524365263,1,1.18343195,0.517060522,64.0094401,56.2047658,1,0.51078959,64.0094401,56.2047658,0.411476312
1090,109,0.519103298,1,1.13609467,0.520062627,67.1059152,61.0260203,1,0.487176274,67.1059152,61.0260203,0.440767576
1100,110,0.517748709,1,1.15384615,0.516827625,61.8747754,63.8069647,1,0.530394993,61.8747754,63.8069647,0.455722817
1110,111,0.527550875,1,1.20118343,0.519948467,59.6828483,58.2800193,1,0.600943793,59.6828483,58.2800193,0.457363619
1120,112,0.529108079,1,1.14201183,0.515520671,65.263517,56.665215,1,0.64504691,65.263517,56.665215,0.446892332
1130,113,0.538709994,1,1.19526627,0.513523957,66.2031485,62.3233989,1,0.630417268,66.2031485,62.3233989,0.441205667
1140,114,0.535227029,1,1.21301775,0.517777703,60.6329308,62.7863415,1,0.528243066,60.6329308,62.7863415,0.429955554
1150,115,0.527700259,1,1.19526627,0.518229837,60.406083,57.208383,1,0.522825975,60.406083,57.208383,0.429428411
1160,116,0.522600671,1,1.17751479,0.520150696,66.1614121,57.2417651,1,0.496788442,66.1614121,57.2417651,0.442725066
1170,117,0.513458966,1,1.10059172,0.514219796,66.0072254,63.2226617,1,0.505157554,66.0072254,63.2226617,0.460221821
1180,118,0.514043317,1,1.13609467,0.517140466,60.1227495,62.505514,1,0.527658641,60.1227495,62.505514,0.456001124
1190,119,0.519757353,1,1.14201183,0.515822657,61.5254519,56.6937597,1,0.600374052,61.5254519,56.6937597,0.459894906
1200,120,0.531437172,1,1.18934911,0.514935923,67.0295869,58.9077474,1,0.665447732,67.0295869,58.9077474,0.456363576
1210,121,0.534855915,1,1.18934911,0.512639212,64.2809165,63.9088939,1,0.57626953,64.2809165,63.9088939,0.438978472
1220,122,0.528530644,1,1.24852071,0.518695965,59.6313379,60.7174129,1,0.511482748,59.6313379,60.7174129,0.433808858
1230,123,0.520674045,1,1.19526627,0.512425084,62.862279,56.046253,1,0.512102488,62.862279,56.046253,0.436898129
1240,124,0.513594424,1,1.16568047,0.515977661,67.3772673,59.8026569,1,0.495484394,67.3772673,59.8026569,0.45179255
1250,125,0.511362327,1,1.0887574,0.512890666,63.6409224,64.1897876,1,0.487006056,63.6409224,64.1897876,0.443274454
1260,126,0.510066867,1,1.14201183,0.518812036,59.4493266,60.1570818,1,0.499650421,59.4493266,60.1570818,0.447426509
1270,127,0.51553783,1,1.17751479,0.517287361,63.9244223,56.4895397,1,0.584898753,63.9244223,56.4895397,0.445073937
1280,128,0.538892362,1,1.15976331,0.515630974,66.6523437,61.6345186,1,0.636993802,66.6523437,61.6345186,0.447956326
1290,129,0.528998105,1,1.21893491,0.513976217,61.2646178,63.6901081,1,0.521078372,61.2646178,63.6901081,0.443580369
1300,130,0.525170035,1,1.20710059,0.516568136,59.4821809,58.2853521,1,0.508177762,59.4821809,58.2853521,0.437775907
1310,131,0.515671536,1,1.15976331,0.51212327,65.0758607,56.5524358,1,0.500054241,65.0758607,56.5524358,0.450458363
1320,132,0.512026524,1,1.12426036,0.512441681,66.7001204,62.184262,1,0.490176741,66.7001204,62.184262,0.450874796
1330,133,0.510822006,1,1.11242604,0.515962432,61.2408545,63.6821582,1,0.464399883,61.2408545,63.6821582,0.435463961
1340,134,0.525681583,1,1.20710059,0.527194084,60.2839343,58.1564345,1,0.565072905,60.2839343,58.1564345,0.431382245
1350,135,0.530149992,1,1.15384615,0.517011224,66.1932556,57.9554931,1,0.650961096,66.1932556,57.9554931,0.454825897
1360,136,0.537498633,1,1.21301775,0.514962552,65.4056502,63.8015537,1,0.615641119,65.4056502,63.8015537,0.453759747
1370,137,0.524529601,1,1.21301775,0.507070839,59.783882,62.3351415,1,0.515001131,59.783882,62.3351415,0.446913431
1380,138,0.52058001,1,1.16568047,0.511744461,61.6438023,57.0435846,1,0.514511508,61.6438023,57.0435846,0.431454661
1390,139,0.518156146,1,1.15384615,0.518870943,66.9701354,59.1455739,1,0.500578253,66.9701354,59.1455739,0.440468976
1400,140,0.510288147,1,1.10059172,0.514342798,64.6889572,64.6287316,1,0.48965813,64.6889572,64.6287316,0.456827192
1410,141,0.511555711,1,1.10650888,0.515405874,59.4480099,62.0108973,1,0.504745414,59.4480099,62.0108973,0.450644413
1420,142,0.516078391,1,1.17159763,0.515518243,62.7227317,57.1179639,1,0.577674827,62.7227317,57.1179639,0.45289731
1430,143,0.537644256,1,1.16568047,0.523376362,66.9831486,61.0445735,1,0.665909236,66.9831486,61.0445735,0.445685538
1440,144,0.537898526,1,1.26035503,0.518533083,62.6900896,64.7866863,1,0.537202079,62.6900896,64.7866863,0.438081912
1450,145,0.527505156,1,1.20118343,0.509640452,59.2468543,60.2012365,1,0.513273233,59.2468543,60.2012365,0.441100156
1460,146,0.520518123,1,1.18934911,0.521008016,64.0973702,57.1144123,1,0.509486042,64.0973702,57.1144123,0.44226414
1470,147,0.515232984,1,1.14792899,0.51762552,67.2851246,61.9591191,1,0.484012291,67.2851246,61.9591191,0.446107173
1480,148,0.516466658,1,1.13609467,0.51975008,62.6678141,64.8042985,1,0.47797481,62.6678141,64.8042985,0.417194075
1490,149,0.507841635,1,1.11242604,0.518531738,59.9981522,59.6456609,1,0.498782794,59.9981522,59.6456609,0.446807457
1500,150,0.526745467,1,1.18343195,0.521852287,65.2678548,57.6534468,1,0.606527428,65.2678548,57.6534468,0.43336227
1510,151,0.533008139,1,1.14792899,0.515043581,66.6037051,63.3875381,1,0.671300039,66.6037051,63.3875381,0.452895348
1520,152,0.535767578,1,1.24260355,0.52007732,60.9330163,63.7364065,1,0.523905424,60.9330163,63.7364065,0.437031547
1530,153,0.526661354,1,1.21893491,0.510867014,60.7000369,58.0739137,1,0.516807979,60.7000369,58.0739137,0.435944892
1540,154,0.522131193,1,1.17159763,0.517697137,66.3311097,58.2233853,1,0.503525321,66.3311097,58.2233853,0.43331202
1550,155,0.518334154,1,1.16568047,0.516252476,66.1269387,63.9348193,1,0.50009056,66.1269387,63.9348193,0.439621706
1560,156,0.518171444,1,1.13017751,0.52048657,60.4034815,63.3247535,1,0.494694274,60.4034815,63.3247535,0.442759919
1570,157,0.518194602,1,1.15384615,0.518489064,61.5629022,57.4968538,1,0.554063554,61.5629022,57.4968538,0.457085381
1580,158,0.517414533,1,1.13017751,0.514610634,67.1534846,59.2744671,1,0.605930622,67.1534846,59.2744671,0.4512607
1590,159,0.540837335,1,1.17751479,0.517741907,64.5295192,64.4332274,1,0.653857725,64.5295192,64.4332274,0.445211218
1600,160,0.533460785,1,1.27218935,0.516900005,59.804895,61.16111,1,0.532255045,59.804895,61.16111,0.442082389
1610,161,0.534113734,1,1.24852071,0.515674773,62.8949806,56.6736227,1,0.52143451,62.8949806,56.6736227,0.419115519
1620,162,0.518249569,1,1.17751479,0.514219449,67.3582949,60.2196464,1,0.523141993,67.3582949,60.2196464,0.438498367
1630,163,0.514498632,1,1.19526627,0.519293218,63.3455231,64.3931718,1,0.523436708,63.3455231,64.3931718,0.44536171
1640,164,0.504835804,1,1.13017751,0.507669187,59.3038702,59.8306751,1,0.547528847,59.3038702,59.8306751,0.468860728
1650,165,0.511588724,1,1.15384615,0.510143768,64.2261787,56.4656134,1,0.566239401,64.2261787,56.4656134,0.458662589
1660,166,0.516198884,1,1.14792899,0.515311211,67.0478343,61.4246503,1,0.610315299,67.0478343,61.4246503,0.438891745
1670,167,0.540382669,1,1.21301775,0.515020214,61.6850278,63.4247053,1,0.584841851,61.6850278,63.4247053,0.440279052
1680,168,0.530146955,1,1.24852071,0.512719061,60.2132065,58.132303,1,0.523175449,60.2132065,58.132303,0.422557587
1690,169,0.521973666,1,1.20118343,0.518891723,65.7494435,57.0437993,1,0.513381467,65.7494435,57.0437993,0.434017697
1700,170,0.51369844,1,1.13017751,0.513503758,66.7443051,62.8101742,1,0.504548758,66.7443051,62.8101742,0.450120488
1710,171,0.51551723,1,1.11242604,0.516500001,60.9433246,63.5436194,1,0.482887769,60.9433246,63.5436194,0.449781782
1720,172,0.516412457,1,1.15384615,0.51683303,60.47164,57.7568585,1,0.510312891,60.47164,57.7568585,0.446611757
1730,173,0.525217625,1,1.18934911,0.522385612,66.2950174,57.9434436,1,0.591564542,66.2950174,57.9434436,0.448181985
1740,174,0.527834524,1,1.14792899,0.513528424,65.4515344,63.713285,1,0.65594177,65.4515344,63.713285,0.448551474
1750,175,0.537883055,1,1.20118343,0.515090356,60.0539235,62.0113874,1,0.567426215,60.0539235,62.0113874,0.435351035
1760,176,0.524344068,1,1.21301775,0.515566314,62.2402496,56.8429773,1,0.514736274,62.2402496,56.8429773,0.43167819
1770,177,0.50708071,1,1.18934911,0.507631665,67.6169883,59.6835236,1,0.515762852,67.6169883,59.6835236,0.467765823
1780,178,0.501769465,1,1.06508876,0.50273465,64.4838555,64.8841062,1,0.49524759,64.4838555,64.8841062,0.467035098
1790,179,0.509570098,1,1.1183432,0.51385718,59.5556164,61.949815,1,0.451276552,59.5556164,61.949815,0.44120334
1800,180,0.504160793,1,1.10650888,0.521620505,62.3154773,57.3249198,1,0.469205967,62.3154773,57.3249198,0.41428978
1810,181,0.502664626,1,1.15976331,0.521641099,66.8094664,60.3818708,1,0.515411619,66.8094664,60.3818708,0.418088689
1820,182,0.541329332,1,1.16568047,0.521127835,62.8169853,64.2945351,1,0.671087726,62.8169853,64.2945351,0.430005137
1830,183,0.529121603,1,1.22485207,0.51313059,59.5739676,59.6594191,1,0.522470524,59.5739676,59.6594191,0.435152585
1840,184,0.523347757,1,1.18343195,0.516247479,64.5430357,56.8131498,1,0.494532941,64.5430357,56.8131498,0.440500565
1850,185,0.520310269,1,1.17751479,0.51484194,67.4180318,61.7702134,1,0.49376611,67.4180318,61.7702134,0.440804018
1860,186,0.523242717,1,1.17751479,0.517518799,62.4861432,64.3856452,1,0.504870795,62.4861432,64.3856452,0.429421027
1870,187,0.510586602,1,1.15384615,0.514801851,59.826168,59.0828094,1,0.472212472,59.826168,59.0828094,0.4563525
1880,188,0.50730435,1,1.11242604,0.519739718,64.9852498,56.8230691,1,0.484673792,64.9852498,56.8230691,0.433252128
1890,189,0.512751755,1,1.15384615,0.51957206,66.6934869,62.2814277,1,0.576642047,66.6934869,62.2814277,0.439955301
1900,190,0.537432891,1,1.21301775,0.517618842,60.8180623,62.728144,1,0.602517716,60.8180623,62.728144,0.453260179
1910,191,0.527348075,1,1.21893491,0.509424053,61.0730384,57.0012013,1,0.5279928,61.0730384,57.0012013,0.440970459
1920,192,0.522132409,1,1.20118343,0.515850391,66.7689057,57.5953993,1,0.505973557,66.7689057,57.5953993,0.440521313
1930,193,0.529312563,1,1.20710059,0.515458964,66.4343655,63.0025039,1,0.516540112,66.4343655,63.0025039,0.416726443
1940,194,0.523950672,1,1.16568047,0.524993731,60.9008116,62.4188062,1,0.485975746,60.9008116,62.4188062,0.428019531
1950,195,0.516936164,1,1.10059172,0.521828755,61.607693,56.7492702,1,0.491525988,61.607693,56.7492702,0.43949487
1960,196,0.522000384,1,1.17159763,0.520580091,67.3430307,58.4077861,1,0.576832409,67.3430307,58.4077861,0.459255721
1970,197,0.522228516,1,1.18343195,0.507309413,64.8101485,63.9793978,1,0.664000947,64.8101485,63.9793978,0.470794048
1980,198,0.528497146,1,1.17159763,0.505572075,59.813762,61.0599995,1,0.666867883,59.813762,61.0599995,0.445136533
1990,199,0.536622425,1,1.23076923,0.511228578,63.0697756,56.5200675,1,0.578253497,63.0697756,56.5200675,0.429755722
2000,200,0.531943257,1,1.22485207,0.515569255,67.2834154,59.9742502,1,0.51714086,67.2834154,59.9742502,0.419115292
2010,201,0.526058558,1,1.20118343,0.517335033,63.8000279,64.1471768,1,0.52629669,63.8000279,64.1471768,0.418134099
2020,202,0.514224485,1,1.17159763,0.520472553,59.6343,60.0688289,1,0.502162595,59.6343,60.0688289,0.448443795
2030,203,0.511626799,1,1.13017751,0.510846538,63.9548318,56.0011862,1,0.515007209,63.9548318,56.0011862,0.456463849
2040,204,0.509526978,1,1.16568047,0.511399706,67.6257445,60.7618,1,0.53390522,67.6257445,60.7618,0.462428911
2050,205,0.524843065,1,1.13017751,0.51742139,62.5481031,63.6766015,1,0.625315017,62.5481031,63.6766015,0.450368097
2060,206,0.532748317,1,1.17159763,0.512639322,60.2030098,58.4631936,1,0.668487412,60.2030098,58.4631936,0.439735561
2070,207,0.535958963,1,1.25443787,0.518903621,65.5899148,56.8217613,1,0.525637185,65.5899148,56.8217613,0.433187213
2080,208,0.518124703,1,1.15976331,0.511361506,66.858374,62.4791459,1,0.515783396,66.858374,62.4791459,0.445987967
2090,209,0.517253579,1,1.15976331,0.515392338,61.0969447,63.4282624,1,0.505177335,61.0969447,63.4282624,0.449160219
2100,210,0.51685697,1,1.14792899,0.514871767,60.2069124,57.7634192,1,0.486472451,60.2069124,57.7634192,0.441102744
2110,211,0.517411909,1,1.1183432,0.521337619,65.9386401,57.3481357,1,0.503012882,65.9386401,57.3481357,0.442057878
2120,212,0.512553045,1,1.15976331,0.516738745,65.8664426,63.2542227,1,0.572306608,65.8664426,63.2542227,0.45434833
2130,213,0.529886366,1,1.13017751,0.514374984,60.1538524,62.2135376,1,0.660157589,60.1538524,62.2135376,0.446662254
2140,214,0.540546967,1,1.18934911,0.518174468,61.9023967,56.9003289,1,0.591594745,61.9023967,56.9003289,0.430271651
2150,215,0.534797838,1,1.23076923,0.516513175,67.1289655,59.0303994,1,0.522100771,67.1289655,59.0303994,0.434150342
2160,216,0.532989492,1,1.20118343,0.518188309,65.0132289,64.026562,1,0.517574502,65.0132289,64.026562,0.417359844
2170,217,0.516770331,1,1.17751479,0.51707718,59.8172402,61.3714965,1,0.5044696,59.8172402,61.3714965,0.448849094
2180,218,0.512860262,1,1.09467456,0.514168978,62.7300551,56.2274036,1,0.516177228,62.7300551,56.2274036,0.454733046
2190,219,0.510058334,1,1.14201183,0.513526809,67.7254562,59.5326557,1,0.512099595,67.7254562,59.5326557,0.460760394
2200,220,0.516504307,1,1.14792899,0.515582097,64.0268991,64.0376716,1,0.574582842,64.0268991,64.0376716,0.44836648
2210,221,0.540982428,1,1.17159763,0.523054957,60.1333555,59.7374543,1,0.665008219,60.1333555,59.7374543,0.446230436
2220,222,0.54234893,1,1.21893491,0.518553068,64.5954018,56.3641228,1,0.584623779,64.5954018,56.3641228,0.430282843
2230,223,0.524097848,1,1.18343195,0.512090338,67.5183366,61.3571424,1,0.509641603,67.5183366,61.3571424,0.445050313
2240,224,0.510065821,1,1.14201183,0.510150711,62.1541888,64.0304996,1,0.505144483,62.1541888,64.0304996,0.461031258
2250,225,0.50983715,1,1.1183432,0.507474371,59.5563292,58.736415,1,0.503933492,59.5563292,58.736415,0.453625802
2260,226,0.513276095,1,1.1183432,0.513954537,64.9553632,56.50982,1,0.493282352,64.9553632,56.50982,0.449241923
2270,227,0.49908203,1,1.10650888,0.513183128,67.1463844,61.977638,1,0.462449126,67.1463844,61.977638,0.453112887
2280,228,0.51158398,1,1.15976331,0.519795123,61.7751073,63.3513418,1,0.565242361,61.7751073,63.3513418,0.426473639
2290,229,0.538120262,1,1.17751479,0.519649437,61.3168539,57.5938164,1,0.663717345,61.3168539,57.5938164,0.444287178
2300,230,0.536622385,1,1.22485207,0.513993963,66.9285438,57.841362,1,0.545609164,66.9285438,57.841362,0.432088244
2310,231,0.522817026,1,1.18934911,0.516548098,65.9786388,63.4982163,1,0.514280693,65.9786388,63.4982163,0.441234951
2320,232,0.519076105,1,1.15976331,0.514873905,60.2926974,62.5267012,1,0.507261598,60.2926974,62.5267012,0.443718623
2330,233,0.520286719,1,1.17751479,0.518014567,61.2502339,57.0404455,1,0.498463734,61.2502339,57.0404455,0.428399235
2340,234,0.511371825,1,1.13017751,0.514573847,66.8656623,58.3774352,1,0.486016234,66.8656623,58.3774352,0.444030605
2350,235,0.51386085,1,1.17159763,0.517489339,65.1647595,63.8741876,1,0.504964724,65.1647595,63.8741876,0.442607638
2360,236,0.52083591,1,1.13017751,0.522322613,59.889197,61.6763137,1,0.587349469,59.889197,61.6763137,0.43962201
2370,237,0.542853136,1,1.15384615,0.521134537,63.028556,56.8139919,1,0.64892535,63.028556,56.8139919,0.445209537
2380,238,0.529352067,1,1.22485207,0.516219415,67.3763961,60.5625346,1,0.513396699,67.3763961,60.5625346,0.441589956
2390,239,0.517139294,1,1.20710059,0.508383568,63.2960884,64.7157021,1,0.504555937,63.2960884,64.7157021,0.447859548
2400,240,0.521722065,1,1.19526627,0.515521168,59.4586434,60.4754201,1,0.507679517,59.4586434,60.4754201,0.439916455
2410,241,0.515235031,1,1.13017751,0.51736667,63.7131563,56.654596,1,0.4905783,63.7131563,56.654596,0.439873416
2420,242,0.517707956,1,1.15384615,0.525131025,67.1954733,61.0368044,1,0.509366227,67.1954733,61.0368044,0.430565075
2430,243,0.507112333,1,1.13017751,0.510214619,62.0407374,64.2088716,1,0.584790617,62.0407374,64.2088716,0.465580453
2440,244,0.533721564,1,1.18343195,0.515695052,60.0633805,58.6208478,1,0.664427849,60.0633805,58.6208478,0.455966047
2450,245,0.529704305,1,1.21301775,0.510869458,65.820912,57.4358774,1,0.563633063,65.820912,57.4358774,0.452169816
2460,246,0.529091363,1,1.23076923,0.512794488,66.5168794,63.0495596,1,0.520105828,66.5168794,63.0495596,0.435127664
2470,247,0.522550996,1,1.15976331,0.514101857,60.9365528,63.5868297,1,0.519958533,60.9365528,63.5868297,0.431240842
2480,248,0.519306836,1,1.16568047,0.518071393,60.5357921,58.0465151,1,0.497826641,60.5357921,58.0465151,0.427291563
2490,249,0.519928497,1,1.13609467,0.522751122,66.0715712,57.7085484,1,0.484092325,66.0715712,57.7085484,0.426622014
2500,250,0.519885444,1,1.15976331,0.520822204,65.8679823,63.5546145,1,0.540108278,65.8679823,63.5546145,0.449970003
2510,251,0.529680559,1,1.20710059,0.518069982,59.9915135,62.4336408,1,0.644629928,59.9915135,62.4336408,0.460186918
2520,252,0.53751475,1,1.20118343,0.518011936,61.7367206,56.9398593,1,0.665836012,61.7367206,56.9398593,0.443409211
2530,253,0.538485388,1,1.18343195,0.514018599,67.0122188,59.1849033,1,0.591002914,67.0122188,59.1849033,0.441025593
2540,254,0.53257423,1,1.25443787,0.511841535,64.5495522,64.1309288,1,0.521945772,64.5495522,64.1309288,0.425015801
2550,255,0.521375897,1,1.22485207,0.518209313,59.766135,61.1452383,1,0.513323326,59.766135,61.1452383,0.433749504
2560,256,0.50716606,1,1.14201183,0.510510596,63.1529614,56.1456656,1,0.512980978,63.1529614,56.1456656,0.464518077
2570,257,0.506685945,1,1.09467456,0.50745549,67.7752961,60.0587473,1,0.512113203,67.7752961,60.0587473,0.46586553
2580,258,0.507256931,1,1.15384615,0.51038739,63.5181804,64.2944949,1,0.536432921,63.5181804,64.2944949,0.461952328
2590,259,0.525351751,1,1.14201183,0.516565987,60.0046464,59.664533,1,0.641716617,60.0046464,59.664533,0.447090985
2600,260,0.540934593,1,1.20710059,0.518643414,64.9071776,56.8998691,1,0.633915155,64.9071776,56.8998691,0.432949007
2610,261,0.532466297,1,1.20710059,0.51362776,67.1523711,62.0308963,1,0.523704899,67.1523711,62.0308963,0.43082647
2620,262,0.525088252,1,1.20118343,0.515905486,61.8949932,63.9375809,1,0.51245893,61.8949932,63.9375809,0.430188265
2630,263,0.521491566,1,1.18343195,0.519946666,60.0761417,58.4830083,1,0.511917734,60.0761417,58.4830083,0.442294867
2640,264,0.515797131,1,1.12426036,0.5173688,65.6464396,56.8610646,1,0.495146592,65.6464396,56.8610646,0.446279297
2650,265,0.521327081,1,1.15384615,0.519094732,66.8017413,62.6112016,1,0.533061508,66.8017413,62.6112016,0.451157595
2660,266,0.510451601,1,1.15976331,0.512800848,60.8335111,63.4042421,1,0.561437519,60.8335111,63.4042421,0.463129853
2670,267,0.504065458,1,1.10650888,0.51485942,60.5313623,57.8684685,1,0.561525889,60.5313623,57.8684685,0.426462561
2680,268,0.52835654,1,1.15384615,0.512146762,66.1115832,58.2098593,1,0.66775144,66.1115832,58.2098593,0.430050312
2690,269,0.536028129,1,1.28402367,0.51887186,65.0180199,63.5416127,1,0.520465228,65.0180199,63.5416127,0.418672702
2700,270,0.52001287,1,1.17751479,0.515638177,59.5331981,61.9362671,1,0.517338958,59.5331981,61.9362671,0.439609859
2710,271,0.513199203,1,1.1183432,0.515230955,61.4866298,56.2755606,1,0.505127852,61.4866298,56.2755606,0.4606369
2720,272,0.503328218,1,1.10650888,0.509605643,67.2186771,58.2106104,1,0.476457833,67.2186771,58.2106104,0.465373705
2730,273,0.514863523,1,1.1183432,0.519268108,65.1842341,63.3461264,1,0.493399193,65.1842341,63.3461264,0.4249085
2740,274,0.510134343,1,1.17159763,0.517042885,59.9921337,60.655735,1,0.557444847,59.9921337,60.655735,0.449826482
2750,275,0.536641091,1,1.15384615,0.520858639,63.5228055,56.0874805,1,0.669392937,63.5228055,56.0874805,0.444123978
2760,276,0.532863901,1,1.21301775,0.517661509,67.4958923,60.2597752,1,0.534289427,67.4958923,60.2597752,0.443182826
2770,277,0.525382792,1,1.26035503,0.518539209,62.9370504,63.8847613,1,0.508381428,62.9370504,63.8847613,0.448030299
2780,278,0.52213096,1,1.20710059,0.514434477,59.3804028,59.4380427,1,0.515122873,59.3804028,59.4380427,0.438009539
2790,279,0.517455687,1,1.13017751,0.517731802,64.1763422,56.1843799,1,0.499529342,64.1763422,56.1843799,0.445804614
2800,280,0.502773548,1,1.07100592,0.510403683,67.3685759,61.2828914,1,0.475524917,67.3685759,61.2828914,0.462723964
2810,281,0.51801478,1,1.19526627,0.521822391,62.2338741,63.663142,1,0.566544412,62.2338741,63.663142,0.435351698
2820,282,0.519971044,1,1.14201183,0.511528204,60.3835999,57.9502317,1,0.656817278,60.3835999,57.9502317,0.461928417
2830,283,0.537249772,1,1.19526627,0.515872346,66.0673063,57.1631679,1,0.583110576,66.0673063,57.1631679,0.441380221
2840,284,0.53101787,1,1.23076923,0.51294425,66.4280638,62.779926,1,0.532492747,66.4280638,62.779926,0.432948594
2850,285,0.522282973,1,1.17159763,0.517918863,60.7328723,62.7213978,1,0.501218448,60.7328723,62.7213978,0.438114787
2860,286,0.518226935,1,1.15384615,0.512955625,60.7865474,56.9983058,1,0.512631372,60.7865474,56.9983058,0.440257208
2870,287,0.517031781,1,1.12426036,0.51902564,66.5061346,57.4790114,1,0.496762589,66.5061346,57.4790114,0.441519401
2880,288,0.518854144,1,1.18343195,0.516642845,65.5083191,63.4156522,1,0.547673232,65.5083191,63.4156522,0.463070149
2890,289,0.506937471,1,1.16568047,0.511904291,59.7402188,62.0914818,1,0.535590841,59.7402188,62.0914818,0.455241721
2900,290,0.519915726,1,1.13609467,0.518156802,61.6340379,56.7519259,1,0.618582654,61.6340379,56.7519259,0.435804421
2910,291,0.541607102,1,1.20118343,0.52104363,66.6450139,59.5230251,1,0.559227046,66.6450139,59.5230251,0.440473602
2920,292,0.530952003,1,1.24260355,0.514077693,63.5838477,64.2793883,1,0.520902417,63.5838477,64.2793883,0.435100003
2930,293,0.518604785,1,1.17159763,0.511821412,59.0064688,60.902503,1,0.517115734,59.0064688,60.902503,0.437554741
2940,294,0.514478374,1,1.17159763,0.518868433,62.8423467,56.5009348,1,0.501386641,62.8423467,56.5009348,0.449113272
2950,295,0.509955565,1,1.1183432,0.51153749,67.2618927,60.3043483,1,0.485757273,67.2618927,60.3043483,0.44852382
2960,296,0.511688878,1,1.15384615,0.518990396,63.1636804,64.389773,1,0.509779253,63.1636804,64.389773,0.44513172
2970,297,0.514013321,1,1.16568047,0.518053889,59.399797,59.9835034,1,0.563918621,59.399797,59.9835034,0.445769262
2980,298,0.538841715,1,1.18343195,0.518155732,64.4745373,57.1323855,1,0.662009824,64.4745373,57.1323855,0.447754835
2990,299,0.53890822,1,1.22485207,0.518452667,66.6008029,62.3710397,1,0.535182753,66.6008029,62.3710397,0.434901222
3000,300,0.530538107,1,1.21893491,0.516175826,61.321673,64.3336984,1,0.511634192,61.321673,64.3336984,0.433243179
3010,301,0.519932497,1,1.17159763,0.513198595,59.6886651,58.7793045,1,0.506187255,59.6886651,58.7793045,0.445344138
3020,302,0.508741161,1,1.14792899,0.509955514,65.4966919,57.2705223,1,0.497539793,65.4966919,57.2705223,0.461599994
3030,303,0.516602422,1,1.10650888,0.51541241,66.7843499,62.8201964,1,0.479319926,66.7843499,62.8201964,0.438238446
3040,304,0.515836221,1,1.17751479,0.520260351,61.0875262,63.7660263,1,0.513808009,61.0875262,63.7660263,0.444215913
3050,305,0.519401701,1,1.15976331,0.517967285,60.8661577,57.9136559,1,0.600712568,60.8661577,57.9136559,0.450504277
3060,306,0.538728798,1,1.24260355,0.517257524,66.7017673,58.8915746,1,0.613249182,66.7017673,58.8915746,0.455152387
3070,307,0.52582578,1,1.21301775,0.50974231,65.0800167,64.4091824,1,0.518189442,65.0800167,64.4091824,0.442385078
3080,308,0.524178841,1,1.20118343,0.516649801,59.7354405,62.4027386,1,0.507894826,59.7354405,62.4027386,0.439137883
3090,309,0.52513575,1,1.17751479,0.515067603,61.621169,57.1697879,1,0.511321457,61.621169,57.1697879,0.427873124
3100,310,0.525169549,1,1.15976331,0.522241807,66.7168887,59.1998816,1,0.492382685,66.7168887,59.1998816,0.421940006
3110,311,0.510335973,1,1.10059172,0.517862626,64.472199,64.6824224,1,0.471225957,64.472199,64.6824224,0.455712497
3120,312,0.5183733,1,1.13017751,0.522651991,59.4378964,62.0026229,1,0.534077446,59.4378964,62.0026229,0.438701204
3130,313,0.530025551,1,1.18934911,0.518904602,63.054499,57.2215265,1,0.649964851,63.054499,57.2215265,0.461145328
3140,314,0.53382779,1,1.17751479,0.516201416,67.0358377,61.5524037,1,0.605971434,67.0358377,61.5524037,0.45252451
3150,315,0.524883818,1,1.20710059,0.514330478,62.3038557,65.0336402,1,0.512200297,62.3038557,65.0336402,0.451890576
3160,316,0.526079987,1,1.21301775,0.509185699,58.9899516,60.4707429,1,0.504921271,58.9899516,60.4707429,0.433794265
3170,317,0.532017169,1,1.21893491,0.52038646,63.3634129,57.3734957,1,0.518081632,63.3634129,57.3734957,0.412239544
3180,318,0.516398993,1,1.07692308,0.51413629,66.5025057,62.1860536,1,0.486996398,66.5025057,62.1860536,0.441987285
3190,319,0.516980482,1,1.14201183,0.522824706,61.4723015,64.9004723,1,0.49847494,61.4723015,64.9004723,0.439681318
3200,320,0.507679469,1,1.15384615,0.51169943,59.1035496,59.3801744,1,0.552093519,59.1035496,59.3801744,0.462080924
3210,321,0.534880578,1,1.17159763,0.518716824,64.662095,57.9243021,1,0.651766374,64.662095,57.9243021,0.442003178
3220,322,0.522204381,1,1.12426036,0.511248365,65.8595608,63.5518653,1,0.655457091,65.8595608,63.5518653,0.442581133
3230,323,0.537421297,1,1.17751479,0.512051147,60.3951174,64.0841011,1,0.652630409,60.3951174,64.0841011,0.422330932
3240,324,0.534333887,1,1.24260355,0.517188732,60.2196886,58.6275656,1,0.518155742,60.2196886,58.6275656,0.419950369
3250,325,0.530885627,1,1.20710059,0.514932931,65.6340813,58.4920923,1,0.52718141,65.6340813,58.4920923,0.416622096
3260,326,0.516398494,1,1.15384615,0.517873358,65.3030093,64.2473331,1,0.508355237,65.3030093,64.2473331,0.443442726
3270,327,0.508199596,1,1.0887574,0.512814809,59.3618754,63.7999379,1,0.483894963,59.3618754,63.7999379,0.458304276
3280,328,0.521007535,1,1.15976331,0.521644814,60.4098265,58.163428,1,0.549462173,60.4098265,58.163428,0.441007759
3290,329,0.528480884,1,1.20118343,0.520886503,66.0280956,59.965823,1,0.646452567,66.0280956,59.965823,0.45386946
3300,330,0.539469487,1,1.18934911,0.516341351,63.478391,65.1605927,1,0.657966474,63.478391,65.1605927,0.445135614
3310,331,0.530941293,1,1.25443787,0.513331653,58.6294064,61.9791085,1,0.539089173,58.6294064,61.9791085,0.44611732
3320,332,0.52756619,1,1.24260355,0.516435418,61.9311746,57.5120084,1,0.514583415,61.9311746,57.5120084,0.427298217
3330,333,0.525698703,1,1.22485207,0.517892703,66.3472829,60.8226878,1,0.50950692,66.3472829,60.8226878,0.424561105
3340,334,0.5251738,1,1.19526627,0.522267448,62.9988193,65.1099105,1,0.499061302,62.9988193,65.1099105,0.41845367
3350,335,0.5028895,1,1.0591716,0.508991521,58.4664172,61.0527621,1,0.492400646,58.4664172,61.0527621,0.467924544
3360,336,0.520423942,1,1.17751479,0.51985717,62.8802063,57.2880123,1,0.568761813,62.8802063,57.2880123,0.446252475
3370,337,0.510868456,1,1.14792899,0.512849587,66.4428561,61.8222941,1,0.578619158,66.4428561,61.8222941,0.443574678
3380,338,0.544906486,1,1.17751479,0.519058879,61.3232557,64.4572743,1,0.637981807,61.3232557,64.4572743,0.442915496
3390,339,0.531137457,1,1.24260355,0.515261925,59.2581842,59.1625135,1,0.532917682,59.2581842,59.1625135,0.437170926
3400,340,0.525004634,1,1.22485207,0.5197075,64.6354826,57.4579254,1,0.511181563,64.6354826,57.4579254,0.433923607
3410,341,0.512840616,1,1.14201183,0.513308477,66.2306537,63.1422218,1,0.502173506,66.2306537,63.1422218,0.454144599
3420,342,0.504307421,1,1.09467456,0.507895568,60.3734089,64.5139561,1,0.505272035,60.3734089,64.5139561,0.462748228
3430,343,0.50623279,1,1.0887574,0.51151184,59.234323,58.7842133,1,0.478388553,59.234323,58.7842133,0.449374773
3440,344,0.521283199,1,1.18934911,0.522443839,64.9297005,58.3961936,1,0.576782084,64.9297005,58.3961936,0.439121534
3450,345,0.527835549,1,1.14201183,0.516391399,64.6004252,64.2520717,1,0.656664994,64.6004252,64.2520717,0.451163725
3460,346,0.538798363,1,1.19526627,0.515019169,59.0142974,62.9174436,1,0.574158447,59.0142974,62.9174436,0.44179607
3470,347,0.527376676,1,1.20710059,0.510913861,60.7490911,57.4863434,1,0.515343496,60.7490911,57.4863434,0.438571902
3480,348,0.527484178,1,1.21301775,0.521484654,65.88685,59.4272467,1,0.513460961,65.88685,59.4272467,0.422472798
3490,349,0.515333483,1,1.14201183,0.513697779,63.7261641,64.9142981,1,0.49834783,63.7261641,64.9142981,0.453626398
3500,350,0.512961939,1,1.0887574,0.515128007,58.3042569,62.405134,1,0.502628518,58.3042569,62.405134,0.459566185
3510,351,0.516566679,1,1.13609467,0.515027219,61.1970996,57.1732955,1,0.536906902,61.1970996,57.1732955,0.459873102
3520,352,0.51615111,1,1.15976331,0.518141195,66.0661136,60.5197425,1,0.585053176,66.0661136,60.5197425,0.454471574
3530,353,0.539420176,1,1.15976331,0.521280975,62.2434491,64.8289069,1,0.671402205,62.2434491,64.8289069,0.443104044
3540,354,0.536813874,1,1.18934911,0.515582433,58.5336695,60.4833232,1,0.560835653,58.5336695,60.4833232,0.439516691
3550,355,0.529738978,1,1.24852071,0.520798871,63.1534564,57.2682654,1,0.52227321,63.1534564,57.2682654,0.432954811
3560,356,0.517589986,1,1.14201183,0.512541634,66.3463327,62.0819683,1,0.514857212,66.3463327,62.0819683,0.444334453
3570,357,0.517258053,1,1.17159763,0.513175109,61.3511223,65.0627727,1,0.497102558,61.3511223,65.0627727,0.44746043
3580,358,0.513079718,1,1.0887574,0.515970913,58.441576,59.9414591,1,0.474347648,58.441576,59.9414591,0.453084847
3590,359,0.524732069,1,1.16568047,0.52401802,63.5490305,57.554747,1,0.533757307,63.5490305,57.554747,0.433661215
3600,360,0.518819488,1,1.18343195,0.518336423,65.6023232,63.0952237,1,0.584267572,65.6023232,63.0952237,0.454516414
3610,361,0.52976697,1,1.13609467,0.515229273,59.9553167,64.3006672,1,0.65819293,59.9553167,64.3006672,0.44417183
3620,362,0.535212147,1,1.18934911,0.51415699,59.5118959,58.5541844,1,0.584784978,59.5118959,58.5541844,0.443351188
3630,363,0.530142085,1,1.22485207,0.51391196,65.0479799,58.6363744,1,0.520728934,65.0479799,58.6363744,0.425899544
3640,364,0.522538706,1,1.18343195,0.519750716,64.5792768,64.3229947,1,0.49905041,64.5792768,64.3229947,0.438915641
3650,365,0.514923357,1,1.14792899,0.513868033,58.7451778,63.9083332,1,0.503680692,58.7451778,63.9083332,0.449908971
3660,366,0.516729242,1,1.09467456,0.518573686,59.5446745,58.2164661,1,0.496987522,59.5446745,58.2164661,0.442134051
3670,367,0.516554551,1,1.18343195,0.51373842,65.4212847,59.6431295,1,0.558188692,65.4212847,59.6431295,0.46517742
3680,368,0.510654726,1,1.17159763,0.511567485,63.5276246,65.1681498,1,0.586827522,63.5276246,65.1681498,0.449271591
3690,369,0.539094654,1,1.16568047,0.518555062,58.3995806,62.501876,1,0.656770826,58.3995806,62.501876,0.444598423
3700,370,0.534606689,1,1.23668639,0.520297812,61.707246,57.8373203,1,0.533959886,61.707246,57.8373203,0.439867718
3710,371,0.533939066,1,1.23668639,0.516296939,66.1096467,61.0185778,1,0.517022295,66.1096467,61.0185778,0.417810091
3720,372,0.517872345,1,1.20118343,0.515763986,62.3076675,65.3869404,1,0.504557964,62.3076675,65.3869404,0.445474538
3730,373,0.51103993,1,1.0887574,0.509148105,57.9562289,61.3841327,1,0.502800411,57.9562289,61.3841327,0.454806594
3740,374,0.510509204,1,1.11242604,0.515848298,62.2109272,57.3095681,1,0.477962533,62.2109272,57.3095681,0.45315811
3750,375,0.513157533,1,1.1183432,0.517619051,65.9523903,61.5392878,1,0.513701698,65.9523903,61.5392878,0.434387788
3760,376,0.523636373,1,1.18934911,0.521348837,61.2138697,64.7925713,1,0.615184778,61.2138697,64.7925713,0.442139981
3770,377,0.542546224,1,1.18934911,0.519088073,58.580541,59.6431498,1,0.647445403,58.580541,59.6431498,0.44489851
3780,378,0.53052288,1,1.23076923,0.516111177,64.0392558,57.7837736,1,0.520677613,64.0392558,57.7837736,0.443592434
3790,379,0.521048246,1,1.20710059,0.513091589,65.4944089,63.4125041,1,0.51027138,65.4944089,63.4125041,0.44721411
3800,380,0.513996765,1,1.15384615,0.512321705,59.7006371,64.6906263,1,0.504912425,59.7006371,64.6906263,0.456390445
3810,381,0.514024228,1,1.13017751,0.51522657,58.5795098,58.9586502,1,0.480784875,58.5795098,58.9586502,0.449276057
3820,382,0.517510355,1,1.12426036,0.519017836,64.2233871,58.1019912,1,0.489091548,64.2233871,58.1019912,0.43911703
3830,383,0.524951671,1,1.23668639,0.521192879,64.4144606,63.9899627,1,0.579554292,64.4144606,63.9899627,0.453159308
3840,384,0.508544191,1,1.11242604,0.510082371,58.5542674,63.7817482,1,0.594264371,58.5542674,63.7817482,0.45106854
3850,385,0.538768398,1,1.19526627,0.514447547,59.8109143,58.2218623,1,0.649080087,59.8109143,58.2218623,0.438471608
3860,386,0.527029137,1,1.21301775,0.515592386,65.1667394,60.1090771,1,0.513404396,65.1667394,60.1090771,0.436815006
3870,387,0.515252779,1,1.21301775,0.510823125,62.8101239,65.3933644,1,0.5078404,62.8101239,65.3933644,0.445073816
3880,388,0.515428708,1,1.17159763,0.511705528,57.6533843,62.73378,1,0.504327218,57.6533843,62.73378,0.446321927
3890,389,0.51561586,1,1.13609467,0.516939094,60.6808869,57.760353,1,0.507651443,60.6808869,57.760353,0.44787961
3900,390,0.506532716,1,1.1183432,0.513834003,65.5666086,61.0865339,1,0.508526945,65.5666086,61.0865339,0.454652199
3910,391,0.512334863,1,1.15976331,0.515671798,61.8057039,65.4511469,1,0.568645535,61.8057039,65.4511469,0.443188093
3920,392,0.53237765,1,1.13609467,0.511296174,58.0836972,60.9130538,1,0.666630328,58.0836972,60.9130538,0.451477675
3930,393,0.538155771,1,1.21893491,0.519182154,62.8285962,57.9771693,1,0.555773857,62.8285962,57.9771693,0.429210671
3940,394,0.527878747,1,1.19526627,0.520288581,65.4877686,62.8395783,1,0.508561727,65.4877686,62.8395783,0.426310851
3950,395,0.51917331,1,1.14201183,0.516771197,60.2907872,65.3583872,1,0.506793686,60.2907872,65.3583872,0.444246677
3960,396,0.508085982,1,1.14201183,0.514116466,57.9400917,59.7790569,1,0.502031758,57.9400917,59.7790569,0.465716323
3970,397,0.506621303,1,1.04733728,0.509188886,63.3958733,57.4910559,1,0.478042607,63.3958733,57.4910559,0.455086314
3980,398,0.529055745,1,1.19526627,0.523564751,64.8628131,63.0854705,1,0.577104303,64.8628131,63.0854705,0.444888038
3990,399,0.51356868,1,1.13017751,0.513657425,59.1328466,64.3108716,1,0.590187662,59.1328466,64.3108716,0.450733287
4000,400,0.531905185,1,1.15384615,0.511541365,59.002144,58.4800667,1,0.665916073,59.002144,58.4800667,0.448636124
4010,401,0.529199277,1,1.22485207,0.512852547,64.5457775,59.1076247,1,0.527876502,64.5457775,59.1076247,0.42915702
4020,402,0.521625576,1,1.16568047,0.517238601,63.4772885,64.6178707,1,0.512857899,63.4772885,64.6178707,0.4317604
4030,403,0.515260464,1,1.15384615,0.514300776,57.7640313,63.3942221,1,0.502667156,57.7640313,63.3942221,0.449448209
4040,404,0.513901978,1,1.13609467,0.516737316,59.2935391,57.7293977,1,0.496537287,59.2935391,57.7293977,0.451359743
4050,405,0.509715769,1,1.15976331,0.513191646,64.8429895,59.6878198,1,0.514820521,64.8429895,59.6878198,0.452683107
4060,406,0.524982775,1,1.16568047,0.52318608,62.3146708,64.893613,1,0.604446746,62.3146708,64.893613,0.445175845
4070,407,0.53420492,1,1.13609467,0.516154862,57.4170153,61.7663478,1,0.665342317,57.4170153,61.7663478,0.446994016
4080,408,0.53626421,1,1.19526627,0.516499791,61.1891917,57.5119585,1,0.553500748,61.1891917,57.5119585,0.437374786
4090,409,0.526804908,1,1.21893491,0.520374813,65.0623685,61.6955611,1,0.513198173,65.0623685,61.6955611,0.438556188
4100,410,0.518254431,1,1.17751479,0.516148323,60.7998673,65.7526872,1,0.503933682,60.7998673,65.7526872,0.452665925
4110,411,0.522716136,1,1.14792899,0.517948522,57.0984427,61.524623,1,0.500578225,57.0984427,61.524623,0.432257529
4120,412,0.514824769,1,1.09467456,0.51723495,61.7512686,57.8516143,1,0.48364561,61.7512686,57.8516143,0.455990897
4130,413,0.503546022,1,1.10650888,0.516230377,65.2250714,62.4203332,1,0.473170383,65.2250714,62.4203332,0.441490871
4140,414,0.510067792,1,1.14792899,0.519735344,60.4012652,65.3588516,1,0.557510189,60.4012652,65.3588516,0.434489408
4150,415,0.52973885,1,1.15384615,0.517562653,58.2945059,60.0959236,1,0.664421542,58.2945059,60.0959236,0.43607207
4160,416,0.536783936,1,1.21301775,0.515523923,63.7920672,58.7901733,1,0.525610683,63.7920672,58.7901733,0.434653945
4170,417,0.521953081,1,1.21301775,0.513019894,64.6524642,64.4605506,1,0.517664295,64.6524642,64.4605506,0.441175557
4180,418,0.514150504,1,1.16568047,0.514985275,58.7924285,64.8805662,1,0.500281524,58.7924285,64.8805662,0.451928357
4190,419,0.507277263,1,1.07692308,0.506347515,58.582018,58.8530505,1,0.504595741,58.582018,58.8530505,0.463937474
4200,420,0.511579248,1,1.1183432,0.515579709,64.4033467,58.97181,1,0.484139462,64.4033467,58.97181,0.447887687
4210,421,0.512514259,1,1.17751479,0.519411032,64.0312475,64.7068103,1,0.521421508,64.0312475,64.7068103,0.442081457
4220,422,0.532974446,1,1.15384615,0.523445875,58.4295994,63.3564338,1,0.630596449,58.4295994,63.3564338,0.443239676
4230,423,0.534347728,1,1.19526627,0.513865129,60.5206668,57.8870469,1,0.609503195,60.5206668,57.8870469,0.450422262
4240,424,0.531712376,1,1.20118343,0.513879337,65.4179013,60.5445107,1,0.536418977,65.4179013,60.5445107,0.428600444
4250,425,0.52662484,1,1.23668639,0.517357009,62.4711709,65.3554369,1,0.513483465,62.4711709,65.3554369,0.433973184
4260,426,0.529081916,1,1.19526627,0.520886925,57.8115835,62.6127351,1,0.513321736,57.8115835,62.6127351,0.41591254
4270,427,0.512290423,1,1.13609467,0.515326241,61.1402666,57.7174828,1,0.49601803,61.1402666,57.7174828,0.455366596
4280,428,0.514859205,1,1.13017751,0.515187104,65.7496067,61.4228098,1,0.5293727,65.7496067,61.4228098,0.454923526
4290,429,0.513864239,1,1.14201183,0.514410388,61.6996129,65.7344742,1,0.556531276,61.6996129,65.7344742,0.455036893
4300,430,0.512420542,1,1.15384615,0.514777257,57.9108901,61.4748697,1,0.591096709,57.9108901,61.4748697,0.438519904
4310,431,0.54552133,1,1.18934911,0.520413515,62.6255372,58.359287,1,0.632243586,62.6255372,58.359287,0.434698781
4320,432,0.533180159,1,1.24852071,0.515460048,65.2181915,63.2843546,1,0.535089387,65.2181915,63.2843546,0.428138576
4330,433,0.52261549,1,1.20118343,0.517732851,60.0087809,65.4662169,1,0.506746556,60.0087809,65.4662169,0.434451854
4340,434,0.515277934,1,1.15384615,0.512020538,57.8557502,60.0233142,1,0.500310906,57.8557502,60.0233142,0.450251283
4350,435,0.513097604,1,1.18934911,0.515690364,63.4251746,58.126056,1,0.491235633,63.4251746,58.126056,0.452593295
4360,436,0.512134491,1,1.1183432,0.515508347,65.1325719,63.6912594,1,0.50668781,65.1325719,63.6912594,0.447786765
4370,437,0.52483635,1,1.15976331,0.521168263,59.4022206,64.5701593,1,0.589584685,59.4022206,64.5701593,0.445950825
4380,438,0.535645441,1,1.17751479,0.517296719,59.1904577,58.6523015,1,0.668384255,59.1904577,58.6523015,0.455511186
4390,439,0.530292327,1,1.18934911,0.506972861,65.0128415,59.4034327,1,0.564822768,65.0128415,59.4034327,0.451587284
4400,440,0.520055882,1,1.21301775,0.512130516,63.5370644,64.8831682,1,0.510113234,63.5370644,64.8831682,0.436537062
4410,441,0.516315208,1,1.17159763,0.515443854,58.0398539,63.1251308,1,0.511387646,58.0398539,63.1251308,0.443960252
4420,442,0.50821792,1,1.12426036,0.508899495,60.020103,57.4444277,1,0.493793054,60.020103,57.4444277,0.462766146
4430,443,0.509480092,1,1.10650888,0.513974796,65.4033152,59.6240836,1,0.47120906,65.4033152,59.6240836,0.446749428
4440,444,0.510849535,1,1.14201183,0.518007718,62.8185003,64.7176293,1,0.525191429,62.8185003,64.7176293,0.439374728
4450,445,0.527123422,1,1.15384615,0.523613452,58.1020276,61.4900617,1,0.640800323,58.1020276,61.4900617,0.439622672
4460,446,0.541087129,1,1.24260355,0.51884565,62.0502778,57.2957775,1,0.594051561,62.0502778,57.2957775,0.443097622
4470,447,0.527942078,1,1.23076923,0.510416068,65.7744661,61.7326053,1,0.512408023,65.7744661,61.7326053,0.445589964
4480,448,0.516645489,1,1.16568047,0.517175393,61.0555045,65.1174135,1,0.508449094,61.0555045,65.1174135,0.446720628
4490,449,0.515496577,1,1.17159763,0.512629045,57.6219206,60.5199086,1,0.503868937,57.6219206,60.5199086,0.441397384
4500,450,0.517682751,1,1.11242604,0.518145842,62.273342,57.3452898,1,0.478719647,62.273342,57.3452898,0.43319322
4510,451,0.507539374,1,1.12426036,0.518176798,65.3290359,62.2522936,1,0.477284932,65.3290359,62.2522936,0.444665635
4520,452,0.528072126,1,1.13609467,0.525142576,60.0735841,64.4370491,1,0.611520627,60.0735841,64.4370491,0.437806056
4530,453,0.524498245,1,1.13609467,0.51081,58.395483,58.845499,1,0.669527027,58.395483,58.845499,0.449071735
4540,454,0.533793426,1,1.23076923,0.515329609,64.1500063,58.1103237,1,0.541521466,64.1500063,58.1103237,0.446253445
4550,455,0.53268529,1,1.21893491,0.512232393,64.604341,63.6212324,1,0.528406583,64.604341,63.6212324,0.425354251
4560,456,0.524370623,1,1.17159763,0.520889445,58.97965,63.6669485,1,0.509601308,58.97965,63.6669485,0.432682834
4570,457,0.515352144,1,1.14792899,0.514451788,58.9873818,57.749308,1,0.498024345,58.9873818,57.749308,0.455203503
4580,458,0.514615305,1,1.11242604,0.514684777,64.7491518,57.9889672,1,0.489907287,64.7491518,57.9889672,0.44359632
4590,459,0.510675281,1,1.13609467,0.516649681,64.2021815,63.8116215,1,0.501534636,64.2021815,63.8116215,0.449868356
4600,460,0.531940846,1,1.14792899,0.523861919,58.6006855,62.4235462,1,0.621260739,58.6006855,62.4235462,0.443916877
4610,461,0.534151914,1,1.20710059,0.514752119,60.9011668,56.8836347,1,0.638764164,60.9011668,56.8836347,0.461428407
4620,462,0.536126533,1,1.23076923,0.512901506,65.7714606,59.5862729,1,0.549165897,65.7714606,59.5862729,0.428455431
4630,463,0.522127312,1,1.21893491,0.519692243,62.4360578,64.3350601,1,0.506293951,62.4360578,64.3350601,0.446391791
4640,464,0.520420843,1,1.19526627,0.512884128,57.727343,61.2213179,1,0.506613901,57.727343,61.2213179,0.434240041
4650,465,0.510847641,1,1.14792899,0.512860453,61.3967118,56.6766316,1,0.503488802,61.3967118,56.6766316,0.449315327
4660,466,0.510894041,1,1.09467456,0.513924162,65.7868066,60.6953526,1,0.524943879,65.7868066,60.6953526,0.457825132
4670,467,0.51090451,1,1.14792899,0.511094154,61.453687,64.7302668,1,0.546389469,61.453687,64.7302668,0.455449958
4680,468,0.52428409,1,1.14201183,0.517323409,58.0853719,60.0413181,1,0.629897011,58.0853719,60.0413181,0.444105289
4690,469,0.54243208,1,1.20710059,0.518501856,63.1667818,57.3442354,1,0.6156588,63.1667818,57.3442354,0.442524906
4700,470,0.535138073,1,1.26035503,0.518216022,65.3504656,62.4429055,1,0.519887783,65.3504656,62.4429055,0.426662508
4710,471,0.518643347,1,1.20710059,0.513686507,59.8277298,64.2825655,1,0.506775017,59.8277298,64.2825655,0.4477753
4720,472,0.507668144,1,1.14792899,0.508467809,58.1246537,58.5021543,1,0.508176111,58.1246537,58.5021543,0.463544496
4730,473,0.515346683,1,1.1183432,0.511540102,63.7445888,57.038662,1,0.48953697,63.7445888,57.038662,0.446720331
4740,474,0.51627865,1,1.12426036,0.519250367,64.9291822,62.6824957,1,0.488637016,64.9291822,62.6824957,0.443600915
4750,475,0.504837498,1,1.16568047,0.517930444,59.1918677,63.5513885,1,0.511199811,59.1918677,63.5513885,0.446364357
4760,476,0.53342072,1,1.19526627,0.520393514,59.3891488,57.8156331,1,0.661989626,59.3891488,57.8156331,0.441472856
4770,477,0.5333876,1,1.21893491,0.514787947,65.0895733,59.0070114,1,0.545214669,65.0895733,59.0070114,0.447968605
4780,478,0.516102008,1,1.17751479,0.506558004,63.2476504,64.6249863,1,0.503565289,63.2476504,64.6249863,0.454786006
4790,479,0.52199551,1,1.18343195,0.515770932,57.9808405,62.780196,1,0.508332999,57.9808405,62.780196,0.42927308
4800,480,0.51772216,1,1.15976331,0.512225279,59.7501865,57.4174633,1,0.502840414,59.7501865,57.4174633,0.434390606
4810,481,0.521423563,1,1.14201183,0.52200921,64.9358292,59.3632643,1,0.477781417,64.9358292,59.3632643,0.42605269
4820,482,0.518838538,1,1.13017751,0.521908289,62.5659979,64.6742122,1,0.514795515,62.5659979,64.6742122,0.447360885
4830,483,0.526063718,1,1.18343195,0.520301497,57.5290213,61.4172312,1,0.617488985,57.5290213,61.4172312,0.461404204
4840,484,0.528239653,1,1.17159763,0.507315171,61.6902039,56.9506689,1,0.650338583,61.6902039,56.9506689,0.469581328
4850,485,0.53246254,1,1.17159763,0.509590066,65.4605006,61.2263346,1,0.630171168,65.4605006,61.2263346,0.438505092
4860,486,0.539247961,1,1.22485207,0.522559224,61.0141222,64.4346479,1,0.531084406,61.0141222,64.4346479,0.421771097
4870,487,0.524303777,1,1.20710059,0.521199331,57.7964631,59.7053312,1,0.516948948,57.7964631,59.7053312,0.44000919
4880,488,0.514310423,1,1.15384615,0.512383315,62.6486699,56.519871,1,0.503072005,62.6486699,56.519871,0.446492361
4890,489,0.51485277,1,1.07100592,0.516688342,65.4175656,61.6337687,1,0.489572976,65.4175656,61.6337687,0.447337511
4900,490,0.514051947,1,1.15384615,0.519111685,60.1901412,64.2376883,1,0.509298698,60.1901412,64.2376883,0.449235799
4910,491,0.520703777,1,1.14792899,0.521340907,58.3694421,58.6678936,1,0.614288393,58.3694421,58.6678936,0.450755828
4920,492,0.528097363,1,1.18934911,0.509677324,64.313207,57.9759951,1,0.60206884,64.313207,57.9759951,0.460300037
4930,493,0.523138095,1,1.23668639,0.512354328,64.151617,63.7378387,1,0.518421015,64.151617,63.7378387,0.44339301
4940,494,0.521266532,1,1.21301775,0.514465998,58.4426663,63.3835778,1,0.51455217,58.4426663,63.3835778,0.439994746
4950,495,0.523066478,1,1.17751479,0.513555861,58.7286484,57.8342105,1,0.513112946,58.7286484,57.8342105,0.427440873
4960,496,0.522498496,1,1.13017751,0.521601448,64.3279414,58.3351665,1,0.485703997,64.3279414,58.3351665,0.432435231
4970,497,0.51795378,1,1.14201183,0.5210275,63.6052173,64.1038152,1,0.499656188,63.6052173,64.1038152,0.447211198
4980,498,0.523313136,1,1.20118343,0.518919541,57.8638165,62.4895887,1,0.598072441,57.8638165,62.4895887,0.458769969
4990,499,0.536989716,1,1.21301775,0.516367158,60.4405281,57.0784708,1,0.654841812,60.4405281,57.0784708,0.461023043
5000,500,0.526656593,1,1.18343195,0.503081365,65.556684,60.0136707,1,0.62608431,65.556684,60.0136707,0.453718683
5010,501,0.538904724,1,1.24260355,0.512178928,62.3656258,64.5372266,1,0.585101234,62.3656258,64.5372266,0.425833053
5020,502,0.527802766,1,1.18343195,0.520181463,58.0532984,61.0349,1,0.512941967,58.0532984,61.0349,0.427338393
5030,503,0.518247647,1,1.20118343,0.516230268,61.706934,56.6149852,1,0.497927949,61.706934,56.6149852,0.441116794
5040,504,0.520617364,1,1.13017751,0.517094362,65.8677177,60.3954296,1,0.494377392,65.8677177,60.3954296,0.432440993
5050,505,0.510028966,1,1.10650888,0.519612022,61.7657629,64.6081192,1,0.458633792,61.7657629,64.6081192,0.452297144
5060,506,0.516628762,1,1.15976331,0.522273063,58.1293425,60.4496471,1,0.53512641,58.1293425,60.4496471,0.424936081
5070,507,0.528444911,1,1.16568047,0.520219178,62.9755337,57.2419853,1,0.6477094,62.9755337,57.2419853,0.447045948
5080,508,0.53983015,1,1.15384615,0.515743434,65.5147557,62.3920909,1,0.641661039,65.5147557,62.3920909,0.441696814
5090,509,0.531869198,1,1.26035503,0.517748899,60.1002166,64.1961025,1,0.512113909,60.1002166,64.1961025,0.439012417
5100,510,0.519287505,1,1.16568047,0.513571235,58.6254929,58.5784792,1,0.509349303,58.6254929,58.5784792,0.44676683
5110,511,0.511731456,1,1.17159763,0.510711553,64.5151675,57.3879887,1,0.513215989,64.5151675,57.3879887,0.462214476
5120,512,0.506712487,1,1.10650888,0.509274217,65.5841418,63.3161479,1,0.482646703,65.5841418,63.3161479,0.463366747
5130,513,0.5079818,1,1.07100592,0.515958474,60.0119235,64.1681759,1,0.458686884,60.0119235,64.1681759,0.433614015
5140,514,0.523323588,1,1.19526627,0.525450505,59.7055264,58.5711562,1,0.558833224,59.7055264,58.5711562,0.431184617
5150,515,0.537816855,1,1.21301775,0.518723485,65.5197872,59.1426943,1,0.667131195,65.5197872,59.1426943,0.449406475
5160,516,0.537581378,1,1.21893491,0.514068937,64.1417176,64.8220253,1,0.604534483,64.1417176,64.8220253,0.449548596
5170,517,0.526845665,1,1.24260355,0.513342632,58.7756041,62.7990299,1,0.514830904,58.7756041,62.7990299,0.441136806
5180,518,0.511655794,1,1.18343195,0.507710498,61.29095,57.438859,1,0.511571157,61.29095,57.438859,0.455462553
5190,519,0.515418617,1,1.14201183,0.512477156,66.3345331,60.2322261,1,0.496236368,66.3345331,60.2322261,0.443497593
5200,520,0.516069596,1,1.12426036,0.51851843,63.311048,65.121105,1,0.499795626,63.311048,65.121105,0.442174554
5210,521,0.503266219,1,1.17159763,0.515687301,58.4425284,61.852233,1,0.494576649,58.4425284,61.852233,0.451086836
5220,522,0.525039283,1,1.17751479,0.519241878,62.4286,57.6980347,1,0.620880073,62.4286,57.6980347,0.44286674
5230,523,0.534070265,1,1.17751479,0.511553163,65.9347037,62.4544723,1,0.592845749,65.9347037,62.4544723,0.454539641
5240,524,0.534266008,1,1.24260355,0.513972285,61.1265434,65.2801982,1,0.543015644,61.1265434,65.2801982,0.429001403
5250,525,0.52369632,1,1.21301775,0.522047701,58.6733459,60.2421101,1,0.500555468,58.6733459,60.2421101,0.431047359
5260,526,0.516868498,1,1.14792899,0.515894897,63.9131083,57.7512008,1,0.495402425,63.9131083,57.7512008,0.446284719
5270,527,0.514612132,1,1.12426036,0.515629562,66.1153649,63.1874604,1,0.496381807,66.1153649,63.1874604,0.451184199
5280,528,0.510000528,1,1.10059172,0.512797107,60.5099371,65.1802789,1,0.494988804,60.5099371,65.1802789,0.457625375
5290,529,0.517629423,1,1.16568047,0.520190124,59.1465472,59.5590663,1,0.557399125,59.1465472,59.5590663,0.444937751
5300,530,0.517932492,1,1.11242604,0.514119102,64.8659223,58.6721128,1,0.621141082,64.8659223,58.6721128,0.445210799
5310,531,0.536145912,1,1.22485207,0.51817363,64.5238274,64.4837448,1,0.546865206,64.5238274,64.4837448,0.447822447
5320,532,0.52457496,1,1.17751479,0.510205707,58.8967852,63.768882,1,0.514942447,58.8967852,63.768882,0.436328361
5330,533,0.520024499,1,1.21301775,0.517085184,59.9584996,58.1565309,1,0.505458943,59.9584996,58.1565309,0.43937639
5340,534,0.518695818,1,1.1183432,0.514761083,65.4563403,59.2133278,1,0.499878874,65.4563403,59.2133278,0.430652951
5350,535,0.514483354,1,1.0887574,0.520040052,64.054846,64.8016736,1,0.486707334,64.054846,64.8016736,0.443185049
5360,536,0.51628633,1,1.15384615,0.519526265,58.4510251,63.03734,1,0.53194518,58.4510251,63.03734,0.45192345
5370,537,0.523230742,1,1.15384615,0.518274073,61.0508694,57.7373883,1,0.623169793,61.0508694,57.7373883,0.454098226
5380,538,0.541068155,1,1.20118343,0.520899159,65.7459411,61.234113,1,0.59361124,65.7459411,61.234113,0.450317323
5390,539,0.530625509,1,1.24260355,0.510629326,61.943187,65.6004636,1,0.552207729,61.943187,65.6004636,0.445396943
5400,540,0.527990514,1,1.21893491,0.513812769,58.0156006,61.4989887,1,0.515993802,58.0156006,61.4989887,0.436825767
5410,541,0.523310007,1,1.17751479,0.518364632,62.1204395,57.62712,1,0.511670086,62.1204395,57.62712,0.434060705
5420,542,0.522299321,1,1.17751479,0.517855666,65.8640908,61.7027001,1,0.492713632,65.8640908,61.7027001,0.425693159
5430,543,0.513092879,1,1.10650888,0.518151112,61.2476557,65.3241471,1,0.484372204,61.2476557,65.3241471,0.45133826
5440,544,0.517140256,1,1.17751479,0.5183764,58.1296912,60.4653703,1,0.552229859,58.1296912,60.4653703,0.444089488
5450,545,0.515124822,1,1.17159763,0.512403482,63.4051079,57.8154071,1,0.610031406,63.4051079,57.8154071,0.454121996
5460,546,0.541754678,1,1.19526627,0.518794626,65.0799168,63.3934208,1,0.632017367,65.0799168,63.3934208,0.448001617
5470,547,0.534859719,1,1.22485207,0.511640731,59.5485256,64.5714881,1,0.562873109,59.5485256,64.5714881,0.435034726
5480,548,0.529381654,1,1.21301775,0.5196399,58.8100747,59.0838695,1,0.509877739,58.8100747,59.0838695,0.42592932
5490,549,0.519315034,1,1.17159763,0.513757438,64.4695838,58.4375456,1,0.520523952,64.4695838,58.4375456,0.438176547
5500,550,0.513315517,1,1.14201183,0.515338174,64.6626992,64.3145225,1,0.494112936,64.6626992,64.3145225,0.452319148
5510,551,0.51253534,1,1.05325444,0.514551843,58.7707718,64.2299476,1,0.497090367,58.7707718,64.2299476,0.453271881
5520,552,0.513917773,1,1.18934911,0.516384129,59.2732992,58.3694225,1,0.540295617,59.2732992,58.3694225,0.452463924
5530,553,0.524238462,1,1.14201183,0.518559285,64.878812,59.5142067,1,0.607367345,64.878812,59.5142067,0.440093487
5540,554,0.541188779,1,1.17751479,0.519680421,62.7917384,64.8992251,1,0.632101349,62.7917384,64.8992251,0.44425524
5550,555,0.537132999,1,1.19526627,0.510960706,57.7353719,62.6274485,1,0.57071444,57.7353719,62.6274485,0.426405166
5560,556,0.530078368,1,1.23076923,0.514088763,60.4647764,57.7921296,1,0.51487693,60.4647764,57.7921296,0.427113318
5570,557,0.520882448,1,1.19526627,0.517510752,65.1413538,60.8073785,1,0.512369258,65.1413538,60.8073785,0.428027694
5580,558,0.50199982,1,1.08284024,0.509334186,61.5070761,65.7386875,1,0.510075164,61.5070761,65.7386875,0.471217627
5590,559,0.508752023,1,1.10059172,0.508281061,57.0723103,61.8272677,1,0.512981606,57.0723103,61.8272677,0.454864258
5600,560,0.507475103,1,1.18343195,0.514670436,61.1292425,57.6053379,1,0.520903127,61.1292425,57.6053379,0.450400147
5610,561,0.528298066,1,1.13017751,0.51965391,64.7155579,62.0760378,1,0.63811267,64.7155579,62.0760378,0.440876054
5620,562,0.535976034,1,1.19526627,0.514530376,59.8226596,64.9805644,1,0.640584116,59.8226596,64.9805644,0.437696556
5630,563,0.531288797,1,1.22485207,0.519613009,57.5863691,59.8777665,1,0.508481196,57.5863691,59.8777665,0.428562625
5640,564,0.520179361,1,1.18343195,0.512490535,62.9264636,57.780182,1,0.510037354,62.9264636,57.780182,0.441329825
5650,565,0.51302253,1,1.17751479,0.5148369,64.7401525,63.4517814,1,0.506024302,64.7401525,63.4517814,0.458041285
5660,566,0.51390401,1,1.10650888,0.511205037,59.2262064,65.2873801,1,0.48113443,59.2262064,65.2873801,0.447035101
5670,567,0.51711791,1,1.13017751,0.521620856,57.952859,59.7120812,1,0.507538607,57.952859,59.7120812,0.439912388
5680,568,0.497888789,1,1.12426036,0.514029198,63.6492922,58.562911,1,0.49637805,63.6492922,58.562911,0.447014709
5690,569,0.521433547,1,1.16568047,0.518401469,63.7918721,64.184437,1,0.631184645,63.7918721,64.184437,0.43256414
5700,570,0.53531415,1,1.20710059,0.513188358,58.0787752,63.4797202,1,0.592894204,58.0787752,63.4797202,0.442799743
5710,571,0.52261965,1,1.20710059,0.511557999,59.6485492,58.008412,1,0.518045559,59.6485492,58.008412,0.437849798
5720,572,0.513239432,1,1.16568047,0.510483654,65.1926591,60.0480937,1,0.508829481,65.1926591,60.0480937,0.454415907
5730,573,0.50959624,1,1.13017751,0.510499887,63.0389993,65.5510984,1,0.501113666,63.0389993,65.5510984,0.454571201
5740,574,0.508782538,1,1.1183432,0.511477986,57.6902024,63.38656,1,0.457913494,57.6902024,63.38656,0.443859187
5750,575,0.512434714,1,1.13017751,0.519342822,60.2022291,58.3990878,1,0.51091255,60.2022291,58.3990878,0.42956671
5760,576,0.517562706,1,1.15976331,0.520996598,65.0370945,61.451414,1,0.591186944,65.0370945,61.451414,0.439826618
5770,577,0.540774854,1,1.17751479,0.519921264,61.1600631,65.7836183,1,0.652939984,61.1600631,65.7836183,0.447209406
5780,578,0.529166038,1,1.23076923,0.512147542,57.4643867,61.3318125,1,0.523337649,57.4643867,61.3318125,0.445068972
5790,579,0.523342766,1,1.21301775,0.520203756,62.2511381,58.0947678,1,0.507872245,62.2511381,58.0947678,0.444502567
5800,580,0.516480845,1,1.14792899,0.512583946,65.6113222,62.8503082,1,0.503030268,65.6113222,62.8503082,0.447914312
5810,581,0.514304802,1,1.11242604,0.515428272,60.5658378,65.817597,1,0.507091975,60.5658378,65.817597,0.450257759
5820,582,0.498928233,1,1.07100592,0.507551309,57.6288004,60.5540619,1,0.46489414,57.6288004,60.5540619,0.463655335
5830,583,0.516661114,1,1.15384615,0.522807413,62.7490372,58.4563532,1,0.554205056,62.7490372,58.4563532,0.425637062
5840,584,0.525442155,1,1.13017751,0.515776369,64.3493198,64.0711986,1,0.657097817,64.3493198,64.0711986,0.449110851
5850,585,0.536951287,1,1.18934911,0.515404488,58.6711078,64.7546526,1,0.580458927,58.6711078,64.7546526,0.439938138
5860,586,0.528905154,1,1.21301775,0.515414158,58.5602254,59.1157321,1,0.521610051,58.5602254,59.1157321,0.433846968
5870,587,0.521456773,1,1.17751479,0.518409332,64.3069128,59.3468306,1,0.497591371,64.3069128,59.3468306,0.442410167
5880,588,0.515008018,1,1.14792899,0.510932824,64.144017,65.1499177,1,0.50768954,64.144017,65.1499177,0.446567145
5890,589,0.518537795,1,1.11242604,0.519853152,58.4890926,64.5244348,1,0.499936417,58.4890926,64.5244348,0.437647007
5900,590,0.518722553,1,1.19526627,0.517519564,59.6021821,58.6068614,1,0.546521939,59.6021821,58.6068614,0.463180695
5910,591,0.510249141,1,1.14792899,0.513040121,65.2889038,60.0901503,1,0.546992357,65.2889038,60.0901503,0.452075749
5920,592,0.530971074,1,1.13017751,0.519484444,63.0604263,65.4037576,1,0.658981787,63.0604263,65.4037576,0.443230035
5930,593,0.537166537,1,1.18934911,0.519545881,58.1823599,62.3549934,1,0.540287305,58.1823599,62.3549934,0.442494908
5940,594,0.531812575,1,1.25443787,0.514137227,61.2900736,57.7290048,1,0.516969537,61.2900736,57.7290048,0.428687656
5950,595,0.518217069,1,1.14792899,0.512135514,65.8151817,61.1866925,1,0.517719733,65.8151817,61.1866925,0.438071396
5960,596,0.515996693,1,1.14792899,0.517328212,61.9660266,65.5606074,1,0.496478206,61.9660266,65.5606074,0.448185864
5970,597,0.517473329,1,1.14792899,0.521202085,57.7899367,61.7308523,1,0.491965973,57.7899367,61.7308523,0.435867843
5980,598,0.512585051,1,1.18343195,0.518784249,62.0192256,57.6475357,1,0.530671481,62.0192256,57.6475357,0.452215841
5990,599,0.53075562,1,1.17751479,0.518746561,65.3743815,62.5396742,1,0.643186265,65.3743815,62.5396742,0.456317191
6000,600,0.533638415,1,1.21301775,0.513277343,59.9952567,65.0082305,1,0.597721113,59.9952567,65.0082305,0.455269958
6010,601,0.529647553,1,1.23668639,0.51216221,58.2512446,59.5264803,1,0.522910917,58.2512446,59.5264803,0.442499383
6020,602,0.528875093,1,1.21893491,0.514857958,63.5759304,57.89451,1,0.514701559,63.5759304,57.89451,0.428397358
6030,603,0.526239254,1,1.19526627,0.516041506,65.1210713,63.0942745,1,0.513089912,65.1210713,63.0942745,0.41726789
6040,604,0.522517251,1,1.19526627,0.521766737,59.7255677,64.4826305,1,0.500774301,59.7255677,64.4826305,0.428558835
6050,605,0.509790859,1,1.13017751,0.514829024,58.361084,58.6779765,1,0.477018581,58.361084,58.6779765,0.458682338
6060,606,0.52211836,1,1.17159763,0.520267803,64.1285872,58.2615879,1,0.573171156,64.1285872,58.2615879,0.444808799
6070,607,0.525564949,1,1.15976331,0.515543703,63.8439092,64.234557,1,0.655360762,63.8439092,64.234557,0.459980716
6080,608,0.536874482,1,1.22485207,0.513547322,58.1618763,63.0580013,1,0.611046589,58.1618763,63.0580013,0.446351293
6090,609,0.52737584,1,1.21301775,0.510215634,59.8809134,57.6319235,1,0.51686822,59.8809134,57.6319235,0.437836325
6100,610,0.521813816,1,1.18343195,0.517009486,65.1306479,59.7999608,1,0.518746279,65.1306479,59.7999608,0.436907495
6110,611,0.51499622,1,1.14792899,0.513699028,62.6855761,65.1136498,1,0.506981663,62.6855761,65.1136498,0.44994192
6120,612,0.508472845,1,1.13017751,0.513819544,57.4108165,62.3674279,1,0.501605557,57.4108165,62.3674279,0.457448699
6130,613,0.511217974,1,1.16568047,0.513460811,60.5389059,57.3494744,1,0.521728134,60.5389059,57.3494744,0.454854173
6140,614,0.522498162,1,1.17751479,0.51563689,65.0536866,61.1582672,1,0.609690219,65.0536866,61.1582672,0.454368333
6150,615,0.530377274,1,1.14201183,0.517048467,60.8863364,65.1152416,1,0.668352426,60.8863364,65.1152416,0.442053132
6160,616,0.544878652,1,1.24260355,0.517828557,57.5170119,60.7404023,1,0.59143248,57.5170119,60.7404023,0.424762844
6170,617,0.528986977,1,1.18343195,0.513623052,62.2568522,57.6862502,1,0.525494657,62.2568522,57.6862502,0.433739292
6180,618,0.519085968,1,1.16568047,0.519568253,64.908622,62.7935231,1,0.502333157,64.908622,62.7935231,0.442666209
6190,619,0.511549172,1,1.1183432,0.510038838,59.6350647,65.5509269,1,0.504861359,59.6350647,65.5509269,0.457764585
6200,620,0.50670573,1,1.11242604,0.511133348,57.2437232,60.0578084,1,0.503572668,57.2437232,60.0578084,0.460851193
6210,621,0.499218326,1,1.12426036,0.510060778,62.7347665,57.9575132,1,0.488849688,62.7347665,57.9575132,0.452231789
6220,622,0.522112688,1,1.16568047,0.520938319,63.9867777,63.3617254,1,0.609370668,63.9867777,63.3617254,0.426718884
6230,623,0.530269073,1,1.14792899,0.513548322,58.285996,64.0831461,1,0.675248317,58.285996,64.0831461,0.442019037
6240,624,0.534382222,1,1.21893491,0.518094222,58.488089,58.5236118,1,0.518438532,58.488089,58.5236118,0.427938939
6250,625,0.519218695,1,1.18343195,0.515368381,64.1556097,59.1123423,1,0.513909842,64.1556097,59.1123423,0.438308978
6260,626,0.516954151,1,1.18934911,0.518172214,63.4148053,64.8825798,1,0.502514353,63.4148053,64.8825798,0.447507442
6270,627,0.515619373,1,1.13609467,0.512596727,57.7222356,64.2056221,1,0.490199201,57.7222356,64.2056221,0.440975392
6280,628,0.517924659,1,1.1183432,0.522039098,58.8740429,58.5998195,1,0.492158838,58.8740429,58.5998195,0.440223738
6290,629,0.519044478,1,1.17159763,0.520277638,64.5434103,60.3208102,1,0.566819405,64.5434103,60.3208102,0.455755666
6300,630,0.523146751,1,1.16568047,0.51303804,62.0330126,65.7550671,1,0.649614886,62.0330126,65.7550671,0.460468277
6310,631,0.532436996,1,1.18934911,0.508820602,57.1244096,62.4580299,1,0.619941698,57.1244096,62.4580299,0.454854408
6320,632,0.531298487,1,1.20710059,0.515185801,60.7597186,58.1915084,1,0.521461169,60.7597186,58.1915084,0.431172043
6330,633,0.521021262,1,1.18934911,0.514456814,64.9502393,62.1243783,1,0.507120286,64.9502393,62.1243783,0.44207639
6340,634,0.515522349,1,1.16568047,0.512548279,60.9403659,66.227585,1,0.489344578,60.9403659,66.227585,0.441322587
6350,635,0.521328019,1,1.13609467,0.520122876,57.0740291,62.3620935,1,0.489249181,57.0740291,62.3620935,0.42055602
6360,636,0.512385795,1,1.12426036,0.518387814,61.3140024,58.2971842,1,0.475258781,61.3140024,58.2971842,0.451826413
6370,637,0.51698326,1,1.15976331,0.520514206,64.75382,62.7554849,1,0.548207225,64.75382,62.7554849,0.433158144
6380,638,0.529117867,1,1.14201183,0.518758194,59.6869607,65.6155544,1,0.651447888,59.6869607,65.6155544,0.447564489
6390,639,0.539726137,1,1.20710059,0.517003653,57.5552013,60.3049607,1,0.586864056,57.5552013,60.3049607,0.440190948
6400,640,0.527579109,1,1.23668639,0.517591288,63.0692659,58.8019979,1,0.509447411,63.0692659,58.8019979,0.439632749
6410,641,0.517140686,1,1.15384615,0.512686585,64.3392329,64.547323,1,0.508273389,64.3392329,64.547323,0.452616176
6420,642,0.510958774,1,1.14201183,0.510234017,58.4388274,65.5409338,1,0.509090012,58.4388274,65.5409338,0.460267782
6430,643,0.50638396,1,1.1183432,0.509470231,57.5292883,59.5778622,1,0.479136249,57.5292883,59.5778622,0.464002934
6440,644,0.50889364,1,1.12426036,0.516627388,63.098137,58.9431343,1,0.462872229,63.098137,58.9431343,0.431146501
6450,645,0.525593985,1,1.18343195,0.525093054,63.1264366,64.6342909,1,0.58200632,63.1264366,64.6342909,0.437786694
6460,646,0.538281155,1,1.22485207,0.517580574,57.3134627,63.6548074,1,0.656380648,57.3134627,63.6548074,0.453455202
6470,647,0.534450585,1,1.21893491,0.51284303,59.0388446,58.0845663,1,0.566785772,59.0388446,58.0845663,0.448564631
6480,648,0.527704401,1,1.23668639,0.513318867,64.2916127,60.2513687,1,0.513259215,64.2916127,60.2513687,0.437086947
6490,649,0.517623985,1,1.21301775,0.511342086,61.7745817,65.4234704,1,0.510797865,61.7745817,65.4234704,0.442465395
6500,650,0.519302078,1,1.12426036,0.515766521,56.867915,62.6326386,1,0.499552878,56.867915,62.6326386,0.434217793
6510,651,0.513739829,1,1.13017751,0.51844128,60.0358858,57.6625103,1,0.500957945,60.0358858,57.6625103,0.453377951
6520,652,0.516665367,1,1.14201183,0.517294148,64.678689,61.3741264,1,0.577246987,64.678689,61.3741264,0.45723452
6530,653,0.520120534,1,1.17751479,0.511086776,60.3778796,65.4795574,1,0.630490029,60.3778796,65.4795574,0.457362689
6540,654,0.535857779,1,1.15384615,0.512073949,57.1329318,60.5971267,1,0.618818167,57.1329318,60.5971267,0.450954383
6550,655,0.533653692,1,1.23668639,0.518808588,62.1265069,57.9618667,1,0.527117361,62.1265069,57.9618667,0.434328617
6560,656,0.527459912,1,1.21893491,0.520260539,64.5880096,62.913774,1,0.509290957,64.5880096,62.913774,0.425381007
6570,657,0.522295516,1,1.14201183,0.516571141,59.4083942,65.2954707,1,0.508168438,59.4083942,65.2954707,0.438535051
6580,658,0.515393625,1,1.09467456,0.51829011,57.3621901,59.7019362,1,0.513200708,57.3621901,59.7019362,0.458157995
6590,659,0.505341944,1,1.1183432,0.509365578,63.0776397,57.771242,1,0.49970549,63.0776397,57.771242,0.464056874
6600,660,0.520835363,1,1.17751479,0.522322013,64.2013292,63.4532459,1,0.576848204,64.2013292,63.4532459,0.445542331
6610,661,0.522118798,1,1.15976331,0.513952086,58.4426058,64.0270763,1,0.643927389,58.4426058,64.0270763,0.445172505
6620,662,0.541327069,1,1.16568047,0.517435195,58.6723687,58.4752208,1,0.637753337,58.6723687,58.4752208,0.427431373
6630,663,0.535356481,1,1.23076923,0.514641795,64.2212265,59.0874487,1,0.53644363,64.2212265,59.0874487,0.429425418
6640,664,0.525053066,1,1.19526627,0.51900287,63.1228466,64.5644341,1,0.506647366,63.1228466,64.5644341,0.429695143
6650,665,0.518599198,1,1.14792899,0.51763932,57.5146214,63.5089235,1,0.509020759,57.5146214,63.5089235,0.438976031
6660,666,0.516622335,1,1.15976331,0.517667638,58.745236,57.84186,1,0.485097373,58.745236,57.84186,0.446087666
6670,667,0.513946472,1,1.15976331,0.514724095,64.3796845,59.692006,1,0.527120628,64.3796845,59.692006,0.456187253
6680,668,0.520444441,1,1.15384615,0.514651992,61.6263791,65.0006207,1,0.614130991,61.6263791,65.0006207,0.46001081
6690,669,0.532166005,1,1.14792899,0.516220412,56.7816741,61.7121927,1,0.66949658,56.7816741,61.7121927,0.450410233
6700,670,0.537135748,1,1.19526627,0.517499386,60.6510883,57.4807108,1,0.561747011,60.6510883,57.4807108,0.441070542
6710,671,0.530398578,1,1.15384615,0.516732192,64.4909797,61.5631724,1,0.512073075,64.4909797,61.5631724,0.431121133
6720,672,0.517643868,1,1.14792899,0.513611446,60.0796209,65.3545251,1,0.507901292,60.0796209,65.3545251,0.44744139
6730,673,0.519809511,1,1.17751479,0.519513321,56.4218337,61.111229,1,0.493307722,56.4218337,61.111229,0.430940685
6740,674,0.513371227,1,1.11242604,0.51945429,60.7694461,57.5600346,1,0.471539067,60.7694461,57.5600346,0.431816823
6750,675,0.521887292,1,1.16568047,0.524063601,63.7500688,62.4119387,1,0.558314208,63.7500688,62.4119387,0.438023301
6760,676,0.517903324,1,1.14792899,0.511382977,58.37039,64.9195393,1,0.627360677,58.37039,64.9195393,0.456569434
6770,677,0.538925043,1,1.21301775,0.516925233,56.9137576,59.2407901,1,0.603125328,56.9137576,59.2407901,0.450968517
6780,678,0.535978338,1,1.23076923,0.510026245,62.4044,58.070463,1,0.598016184,62.4044,58.070463,0.431844949
6790,679,0.536662147,1,1.23668639,0.521726773,63.0349365,63.5430142,1,0.504982869,63.0349365,63.5430142,0.423750464
6800,680,0.524177682,1,1.18934911,0.517928607,57.3353123,64.1958436,1,0.506955481,57.3353123,64.1958436,0.441299206
6810,681,0.515696134,1,1.14201183,0.517680545,57.0752557,58.3074118,1,0.511825713,57.0752557,58.3074118,0.453397811
6820,682,0.505631818,1,1.10650888,0.508264134,63.1968661,58.295181,1,0.498144359,63.1968661,58.295181,0.470894054
6830,683,0.506596885,1,1.13609467,0.51035738,62.8336017,64.2086519,1,0.518992695,62.8336017,64.2086519,0.455739846
6840,684,0.506798515,1,1.14792899,0.515054746,57.2034118,63.5071735,1,0.556664332,57.2034118,63.5071735,0.436440079
6850,685,0.541011436,1,1.15976331,0.519911225,58.9191714,58.1095488,1,0.656725038,58.9191714,58.1095488,0.435673885
6860,686,0.535960801,1,1.22485207,0.516680573,63.9927735,60.3525544,1,0.529394989,63.9927735,60.3525544,0.426715215
6870,687,0.519387125,1,1.23076923,0.513286766,61.2300263,65.4388733,1,0.513715037,61.2300263,65.4388733,0.445247168
6880,688,0.515569397,1,1.14792899,0.513207053,56.3974385,62.4336193,1,0.514395403,56.3974385,62.4336193,0.437755547
6890,689,0.517575316,1,1.14201183,0.51627278,59.744749,57.6945942,1,0.501594787,59.744749,57.6945942,0.446305317
6900,690,0.514932275,1,1.16568047,0.516338089,64.2871627,61.6161013,1,0.549548315,64.2871627,61.6161013,0.461613716
6910,691,0.517303329,1,1.14792899,0.514980915,59.8679923,65.6166519,1,0.608907056,59.8679923,65.6166519,0.458538144
6920,692,0.527962748,1,1.18934911,0.512258538,56.5506978,60.8985425,1,0.661723141,56.5506978,60.8985425,0.443660136
6930,693,0.536863416,1,1.18343195,0.511180023,61.6461118,58.2371284,1,0.590159703,61.6461118,58.2371284,0.442199776
6940,694,0.528344656,1,1.24260355,0.519403514,63.7455117,63.4948763,1,0.505288572,63.7455117,63.4948763,0.435491921
6950,695,0.525484395,1,1.17751479,0.51907529,58.4740523,65.5289974,1,0.508993834,58.4740523,65.5289974,0.434638755
6960,696,0.513893732,1,1.13017751,0.515836409,56.5683577,59.9996114,1,0.494466337,56.5683577,59.9996114,0.449890072
6970,697,0.508521755,1,1.13609467,0.514236149,62.3546067,58.5179904,1,0.500838365,62.3546067,58.5179904,0.459456059
6980,698,0.506580072,1,1.15384615,0.513762829,63.4755272,64.2479168,1,0.529163923,63.4755272,64.2479168,0.449118261
6990,699,0.530774587,1,1.17751479,0.521248289,57.7803783,64.5464093,1,0.636540276,57.7803783,64.5464093,0.438689674
7000,700,0.535410639,1,1.13609467,0.514298111,58.2038433,58.6767454,1,0.620844682,58.2038433,58.6767454,0.452686112
7010,701,0.530489898,1,1.24852071,0.514951648,63.7017858,59.8254364,1,0.523432003,63.7017858,59.8254364,0.432050725
7020,702,0.520845935,1,1.20118343,0.514658545,62.2797383,65.3830048,1,0.512035016,62.2797383,65.3830048,0.441278306
7030,703,0.517138389,1,1.18343195,0.515889991,56.6597489,63.8377539,1,0.492468387,56.6597489,63.8377539,0.44835057
7040,704,0.518853427,1,1.10650888,0.516414005,58.3434103,58.4132144,1,0.487969273,58.3434103,58.4132144,0.436909155
7050,705,0.51381992,1,1.13017751,0.521520472,63.8079341,60.4672242,1,0.497970989,63.8079341,60.4672242,0.449061978
7060,706,0.523689563,1,1.20118343,0.522719101,61.1931166,65.7168054,1,0.596760412,61.1931166,65.7168054,0.45113514
7070,707,0.537298523,1,1.18343195,0.516573597,56.3520643,62.256569,1,0.662897068,56.3520643,62.256569,0.457734469
7080,708,0.529871289,1,1.23668639,0.507405668,60.4222927,57.9537158,1,0.563282698,60.4222927,57.9537158,0.455611328
7090,709,0.524603547,1,1.24852071,0.505088693,64.3486998,62.1630022,1,0.528881027,64.3486998,62.1630022,0.442790805
7100,710,0.526938939,1,1.21301775,0.512554902,60.1941649,65.7117976,1,0.516423502,60.1941649,65.7117976,0.420299337
7110,711,0.520031502,1,1.16568047,0.516280773,56.6705634,61.2410657,1,0.50072109,56.6705634,61.2410657,0.437875526
7120,712,0.513635813,1,1.15384615,0.516461994,61.3525113,57.8821281,1,0.494454885,61.3525113,57.8821281,0.443247147
7130,713,0.508742531,1,1.13017751,0.515072916,64.3986647,62.9271508,1,0.516956074,64.3986647,62.9271508,0.453332852
7140,714,0.525018717,1,1.15976331,0.518441358,59.1932265,65.4032879,1,0.591246614,59.1932265,65.4032879,0.443412277
7150,715,0.539601045,1,1.18343195,0.519341262,57.6030826,59.6562352,1,0.66068865,57.6030826,59.6562352,0.458691034
7160,716,0.533785274,1,1.21301775,0.513675509,63.288475,58.8447506,1,0.534747054,63.288475,58.8447506,0.441770201
7170,717,0.528426479,1,1.24852071,0.516215007,63.7686874,64.5039417,1,0.509119999,63.7686874,64.5039417,0.436886833
7180,718,0.522887908,1,1.20710059,0.516997709,58.0511495,64.8366803,1,0.500949273,58.0511495,64.8366803,0.440554747
7190,719,0.519188695,1,1.16568047,0.51505534,57.9365862,58.9998738,1,0.502935196,57.9365862,58.9998738,0.449071594
7200,720,0.51376284,1,1.12426036,0.516964162,63.8444055,59.2165814,1,0.496522858,63.8444055,59.2165814,0.45475327
7210,721,0.510820432,1,1.13017751,0.514923233,63.3008997,65.0836456,1,0.513489832,63.3008997,65.0836456,0.453244983
7220,722,0.521866066,1,1.15976331,0.516876112,57.5281688,63.6978539,1,0.607570143,57.5281688,63.6978539,0.456672043
7230,723,0.529501475,1,1.17751479,0.511297723,59.5644228,58.2689404,1,0.659026441,59.5644228,58.2689404,0.44601743
7240,724,0.533896164,1,1.24852071,0.519230922,64.4342687,61.0633998,1,0.525552359,64.4342687,61.0633998,0.431896893
7250,725,0.525276417,1,1.17751479,0.519448198,61.4890131,65.8620031,1,0.503991799,61.4890131,65.8620031,0.433105779
7260,726,0.513137578,1,1.20710059,0.514505135,56.5350015,62.6003878,1,0.502758023,56.5350015,62.6003878,0.456254138
7270,727,0.516392783,1,1.13609467,0.512918863,59.6450977,57.9684304,1,0.484813409,59.6450977,57.9684304,0.429170988
7280,728,0.515219804,1,1.14201183,0.52125418,64.2170229,61.4515725,1,0.479735874,64.2170229,61.4515725,0.442122231
7290,729,0.515198487,1,1.18934911,0.518704544,60.3531985,65.8240531,1,0.547274713,60.3531985,65.8240531,0.44884945
7300,730,0.531276182,1,1.17751479,0.519206189,56.6902188,61.2031131,1,0.65512666,56.6902188,61.2031131,0.453588625
7310,731,0.535740182,1,1.20118343,0.514562105,61.8490272,58.3443457,1,0.564865551,61.8490272,58.3443457,0.453688729
7320,732,0.530746523,1,1.29585799,0.51064884,64.2926321,63.5422304,1,0.548005178,64.2926321,63.5422304,0.441817192
7330,733,0.522643531,1,1.17159763,0.514982426,58.9712245,65.485585,1,0.505358394,58.9712245,65.485585,0.435781326
7340,734,0.515022705,1,1.16568047,0.514139949,57.0377168,59.9590332,1,0.497035421,57.0377168,59.9590332,0.450385941
7350,735,0.516357469,1,1.15976331,0.516038783,62.4251748,58.2179566,1,0.479435014,62.4251748,58.2179566,0.435523573
7360,736,0.516695519,1,1.13609467,0.519400051,63.8510687,63.8199699,1,0.515595979,63.8510687,63.8199699,0.444664131
7370,737,0.523352903,1,1.17751479,0.518158546,58.0347317,64.6187613,1,0.591396336,58.0347317,64.6187613,0.451610157
7380,738,0.537557972,1,1.15976331,0.518617289,58.2421317,58.6170685,1,0.669448646,58.2421317,58.6170685,0.461944257
7390,739,0.53291003,1,1.20710059,0.509392745,63.9892587,59.592637,1,0.566358205,63.9892587,59.592637,0.448410751
7400,740,0.517262768,1,1.19526627,0.508861536,62.2063222,65.1477269,1,0.518810442,62.2063222,65.1477269,0.448784593
7410,741,0.513605183,1,1.18343195,0.510449425,56.7592546,63.0111698,1,0.508939777,56.7592546,63.0111698,0.45008495
7420,742,0.513432872,1,1.17159763,0.514842274,58.9268296,57.6562811,1,0.492888406,58.9268296,57.6562811,0.444381191
7430,743,0.510611573,1,1.13017751,0.512704375,64.1599553,60.0088305,1,0.472519154,64.1599553,60.0088305,0.441354109
7440,744,0.515667347,1,1.15384615,0.519292246,61.3157421,64.9325477,1,0.530541708,61.3157421,64.9325477,0.437397765
7450,745,0.518706735,1,1.15384615,0.521566306,56.6091253,61.8598879,1,0.592544827,56.6091253,61.8598879,0.432369831
7460,746,0.539587294,1,1.13609467,0.514014651,60.6440455,57.6396737,1,0.634378885,60.6440455,57.6396737,0.449133214
7470,747,0.530615378,1,1.24852071,0.521514643,64.0247815,62.1715212,1,0.504978764,64.0247815,62.1715212,0.434918321
7480,748,0.519589662,1,1.19526627,0.509247562,59.4109072,65.6573485,1,0.496305124,59.4109072,65.6573485,0.444817814
7490,749,0.521792609,1,1.17159763,0.517436159,56.3132479,60.8732111,1,0.507733403,56.3132479,60.8732111,0.438417424
7500,750,0.505763783,1,1.08284024,0.509779512,61.3864419,57.6624033,1,0.467713617,61.3864419,57.6624033,0.46183698
7510,751,0.513223649,1,1.10650888,0.520268822,64.0851672,62.4222819,1,0.480890286,64.0851672,62.4222819,0.420900429
7520,752,0.513635054,1,1.16568047,0.521493667,58.8245588,64.7674222,1,0.558850391,58.8245588,64.7674222,0.443050777
7530,753,0.528666658,1,1.15976331,0.513805764,57.4878382,58.9557263,1,0.668567806,57.4878382,58.9557263,0.458726247
7540,754,0.526144657,1,1.21893491,0.513107025,63.3275767,58.9488069,1,0.529382728,63.3275767,58.9488069,0.449210962
7550,755,0.5135648,1,1.22485207,0.510564523,62.7859364,64.8708554,1,0.4982363,62.7859364,64.8708554,0.457443579
7560,756,0.517431029,1,1.19526627,0.508791524,57.0297507,64.4447787,1,0.513673575,57.0297507,64.4447787,0.443994879
7570,757,0.524676991,1,1.19526627,0.517990989,57.509101,59.0072464,1,0.509689742,57.509101,59.0072464,0.419893865
7580,758,0.517317154,1,1.14201183,0.523074557,63.0873412,59.5605518,1,0.466304535,63.0873412,59.5605518,0.431201089
7590,759,0.513826472,1,1.1183432,0.521702731,62.2438592,65.1427281,1,0.497982961,62.2438592,65.1427281,0.434272533
7600,760,0.523682226,1,1.17159763,0.517640865,56.5955236,63.1959816,1,0.620235034,56.5955236,63.1959816,0.459569627
7610,761,0.533620861,1,1.20710059,0.51240184,59.5980488,57.9810025,1,0.61765231,59.5980488,57.9810025,0.4628901
7620,762,0.528008065,1,1.23076923,0.506104267,64.3563985,61.2118223,1,0.567453232,64.3563985,61.2118223,0.442425331
7630,763,0.532865967,1,1.21301775,0.516931844,60.9273488,65.4581339,1,0.515355016,60.9273488,65.4581339,0.419844601
7640,764,0.527565731,1,1.17751479,0.520319494,56.6813674,61.986233,1,0.518752325,56.6813674,61.986233,0.421903645
7650,765,0.520751516,1,1.20710059,0.52031089,60.3032902,57.6991925,1,0.509350857,60.3032902,57.6991925,0.431709425
7660,766,0.508766991,1,1.13609467,0.515584142,64.3681494,61.982873,1,0.525078128,64.3681494,61.982873,0.454256656
7670,767,0.519498872,1,1.18343195,0.513117741,59.429121,65.4759558,1,0.621104668,59.429121,65.4759558,0.465340933
7680,768,0.511711039,1,1.12426036,0.505800308,56.4010723,60.5013719,1,0.602070543,56.4010723,60.5013719,0.447977472
7690,769,0.513242439,1,1.12426036,0.512680324,61.2742441,57.9219636,1,0.606006538,61.2742441,57.9219636,0.424132605
7700,770,0.541658494,1,1.20710059,0.516935565,63.2865451,63.1228079,1,0.590779846,63.2865451,63.1228079,0.428966952
7710,771,0.532812938,1,1.23668639,0.511966642,58.0675278,64.7373376,1,0.524833159,58.0675278,64.7373376,0.420234142
7720,772,0.52272727,1,1.14792899,0.520146205,56.8733169,59.291469,1,0.512314832,56.8733169,59.291469,0.42886685
7730,773,0.515531031,1,1.14201183,0.514362065,62.6406129,58.2425895,1,0.519395709,62.6406129,58.2425895,0.450915249
7740,774,0.506034929,1,1.13017751,0.508433178,63.3878141,64.3177561,1,0.497846605,63.3878141,64.3177561,0.470841865
7750,775,0.500984584,1,1.07100592,0.509894931,57.6572256,65.0573488,1,0.454168514,57.6572256,65.0573488,0.444470578
7760,776,0.520429276,1,1.18343195,0.525641032,57.585145,59.5602982,1,0.560536598,57.585145,59.5602982,0.4228864
7770,777,0.519881219,1,1.11242604,0.51220634,63.2996066,59.9598916,1,0.656748737,63.2996066,59.9598916,0.440647358
7780,778,0.532736987,1,1.13017751,0.508052661,62.0534181,65.356643,1,0.651062667,62.0534181,65.356643,0.426058805
7790,779,0.526708185,1,1.21893491,0.519790736,56.8773233,63.3950445,1,0.510848493,56.8773233,63.3950445,0.425794253
7800,780,0.530668566,1,1.22485207,0.517899684,58.4527014,58.2484814,1,0.518085018,58.4527014,58.2484814,0.414021466
7810,781,0.527440503,1,1.17751479,0.522765911,63.643919,60.0846841,1,0.503958432,63.643919,60.0846841,0.423568812
7820,782,0.511322793,1,1.11242604,0.51653022,61.5333422,65.7032488,1,0.486917896,61.5333422,65.7032488,0.461684618
7830,783,0.518859077,1,1.13609467,0.518589804,56.2713819,63.1587772,1,0.5269517,56.2713819,63.1587772,0.449605761
7840,784,0.5256034,1,1.17751479,0.521372599,59.5025553,58.1417828,1,0.614650203,59.5025553,58.1417828,0.459036258
7850,785,0.538549194,1,1.18934911,0.519516052,63.9275722,62.0323346,1,0.66082375,63.9275722,62.0323346,0.453240584
7860,786,0.531804514,1,1.24852071,0.513733492,59.5494135,65.9339351,1,0.532819813,59.5494135,65.9339351,0.451104891
7870,787,0.526124233,1,1.21893491,0.50617815,55.9848222,61.4123771,1,0.509369414,55.9848222,61.4123771,0.442897922
7880,788,0.528999846,1,1.21301775,0.517053474,60.3674068,58.1775045,1,0.509665714,60.3674068,58.1775045,0.419011573
7890,789,0.525289374,1,1.15976331,0.521647478,63.6189476,62.6706038,1,0.501398434,63.6189476,62.6706038,0.426631626
7900,790,0.51663883,1,1.13609467,0.519191387,58.6222657,65.8508678,1,0.499465139,58.6222657,65.8508678,0.455608761
7910,791,0.503185531,1,1.10059172,0.508600576,55.6660036,60.5963926,1,0.49375382,55.6660036,60.5963926,0.463770214
7920,792,0.527683464,1,1.12426036,0.519910323,61.1358612,58.6184786,1,0.617121827,61.1358612,58.6184786,0.447421847
7930,793,0.517437416,1,1.10650888,0.511387384,62.8168764,64.0683888,1,0.641263982,62.8168764,64.0683888,0.438713379
7940,794,0.541507983,1,1.25443787,0.521128058,57.2026173,64.8045166,1,0.549355886,57.2026173,64.8045166,0.435562541
7950,795,0.530654443,1,1.23076923,0.51384072,56.7387427,59.2634821,1,0.508904757,56.7387427,59.2634821,0.427724429
7960,796,0.524936587,1,1.20710059,0.519775777,62.2862781,59.0763075,1,0.511803338,62.2862781,59.0763075,0.426976324
7970,797,0.515429761,1,1.14201183,0.514235892,62.2192257,64.8927689,1,0.51318675,62.2192257,64.8927689,0.447449842
7980,798,0.509811934,1,1.11242604,0.513778111,56.3132616,64.3864381,1,0.491078134,56.3132616,64.3864381,0.455971444
7990,799,0.514507541,1,1.13609467,0.515711551,57.236026,58.5756635,1,0.530978634,57.236026,58.5756635,0.452583617
8000,800,0.518846533,1,1.20710059,0.51705587,62.901355,60.1493458,1,0.601012406,62.901355,60.1493458,0.452294794
8010,801,0.53668173,1,1.17751479,0.516349082,60.6499076,65.3850504,1,0.670853685,60.6499076,65.3850504,0.438404972
8020,802,0.535636531,1,1.23668639,0.518216208,55.8044161,62.2624724,1,0.542540514,55.8044161,62.2624724,0.443421881
8030,803,0.533460844,1,1.24260355,0.515923152,58.8324123,57.6911666,1,0.524189396,58.8324123,57.6911666,0.421785427
8040,804,0.518456449,1,1.17159763,0.513286251,63.3550956,61.1394967,1,0.520912284,63.3550956,61.1394967,0.4374864
8050,805,0.513908478,1,1.18343195,0.518653234,59.4322962,65.3921257,1,0.521221085,59.4322962,65.3921257,0.445046425
8060,806,0.504511243,1,1.11242604,0.507611215,55.2285923,60.9909185,1,0.54110154,55.2285923,60.9909185,0.468168734
8070,807,0.508755546,1,1.15384615,0.509019925,59.97482,57.3550582,1,0.542679476,59.97482,57.3550582,0.459908386
8080,808,0.508193934,1,1.12426036,0.514701692,63.0897055,62.1688068,1,0.570859396,63.0897055,62.1688068,0.44104963
8090,809,0.542968472,1,1.17159763,0.517404332,57.895903,64.4324918,1,0.617037368,57.895903,64.4324918,0.435821027
8100,810,0.531899888,1,1.26627219,0.512501215,56.1677977,59.1946409,1,0.532737452,56.1677977,59.1946409,0.424274045
8110,811,0.524185248,1,1.18934911,0.519860728,61.6022933,57.9162188,1,0.511076953,61.6022933,57.9162188,0.42944925
8120,812,0.515082574,1,1.1183432,0.512538883,62.8031422,63.6410307,1,0.514729089,62.8031422,63.6410307,0.449954035
8130,813,0.513230982,1,1.13017751,0.514964861,56.9611655,64.5909012,1,0.4812871,56.9611655,64.5909012,0.455284195
8140,814,0.512671059,1,1.1183432,0.515357504,56.1380634,58.8584443,1,0.474828103,56.1380634,58.8584443,0.445480647
8150,815,0.529104823,1,1.19526627,0.524901597,61.891597,58.8218926,1,0.590565068,61.891597,58.8218926,0.442588437
8160,816,0.515552948,1,1.10650888,0.511715119,61.5533097,64.6778415,1,0.621342997,61.5533097,64.6778415,0.451208606
8170,817,0.538779958,1,1.18934911,0.513506268,56.0455732,63.3685718,1,0.63541488,56.0455732,63.3685718,0.435478027
8180,818,0.53388223,1,1.23668639,0.516637738,57.7971586,58.1529922,1,0.525285842,57.7971586,58.1529922,0.423219012
8190,819,0.51386803,1,1.18934911,0.513008893,63.120852,60.5115191,1,0.507465691,63.120852,60.5115191,0.447903465
8200,820,0.512421329,1,1.13017751,0.512320469,60.6009743,65.8288945,1,0.506528184,60.6009743,65.8288945,0.452633744
8210,821,0.509724699,1,1.07692308,0.512536788,55.2291634,63.2932357,1,0.4779915,55.2291634,63.2932357,0.456938084
8220,822,0.518951234,1,1.10650888,0.520027284,57.9665316,58.3015377,1,0.507399019,57.9665316,58.3015377,0.437922977
8230,823,0.518316885,1,1.15976331,0.521293917,62.8446928,61.5204392,1,0.567188708,62.8446928,61.5204392,0.449574313
8240,824,0.541614666,1,1.17751479,0.523632687,58.8685931,65.7629635,1,0.663315462,58.8685931,65.7629635,0.447269036
8250,825,0.532857726,1,1.26035503,0.517050415,55.2401072,61.2158961,1,0.525473328,55.2401072,61.2158961,0.447489595
8260,826,0.520080303,1,1.23668639,0.507305449,60.0564952,57.8687817,1,0.516134412,60.0564952,57.8687817,0.451170527
8270,827,0.516855219,1,1.17159763,0.508572064,63.1611489,62.710124,1,0.501227433,63.1611489,62.710124,0.442407812
8280,828,0.524491598,1,1.18343195,0.520537205,58.5148808,65.5793651,1,0.501929338,58.5148808,65.5793651,0.420061641
8290,829,0.513114447,1,1.07692308,0.51502985,55.6542539,60.4410893,1,0.484069336,55.6542539,60.4410893,0.452377445
8300,830,0.515535258,1,1.19526627,0.52022468,61.0942366,58.1287292,1,0.538510162,61.0942366,58.1287292,0.454695561
8310,831,0.514124573,1,1.14792899,0.511632048,62.7018326,63.8686418,1,0.616370064,62.7018326,63.8686418,0.458521943
8320,832,0.536388793,1,1.18343195,0.515293598,56.9773947,64.373259,1,0.635131033,56.9773947,64.373259,0.442048935
8330,833,0.528136474,1,1.21301775,0.515930506,57.2196667,58.6412302,1,0.520498094,57.2196667,58.6412302,0.441318962
8340,834,0.517525069,1,1.21893491,0.511344795,62.9835729,59.2279558,1,0.502497172,62.9835729,59.2279558,0.445668575
8350,835,0.513624179,1,1.16568047,0.51175774,62.1782032,65.0460875,1,0.499334479,62.1782032,65.0460875,0.451816042
8360,836,0.513139258,1,1.0887574,0.51394873,56.536785,64.0454818,1,0.48163547,56.536785,64.0454818,0.440728358
8370,837,0.519025533,1,1.13609467,0.524161186,57.8684661,58.5072369,1,0.507332632,57.8684661,58.5072369,0.438161381
8380,838,0.519220274,1,1.16568047,0.518421401,63.4684284,60.3785126,1,0.575711736,63.4684284,60.3785126,0.454180128
8390,839,0.530923068,1,1.15384615,0.515074883,60.7212713,65.609253,1,0.652957902,60.7212713,65.609253,0.454481418
8400,840,0.536688703,1,1.22485207,0.516652953,56.0623404,62.1908565,1,0.556112643,56.0623404,62.1908565,0.444500064
8410,841,0.525369625,1,1.20710059,0.513687832,59.7054805,57.8854653,1,0.514526214,59.7054805,57.8854653,0.433841135
8420,842,0.519462056,1,1.17751479,0.51251074,63.8587422,61.7284679,1,0.503979174,63.8587422,61.7284679,0.435266711
8430,843,0.52364565,1,1.14201183,0.522556086,59.870748,65.7320293,1,0.499912932,59.870748,65.7320293,0.434684144
8440,844,0.511667227,1,1.11242604,0.514449993,55.7384589,61.496227,1,0.487729097,55.7384589,61.496227,0.455198987
8450,845,0.515204748,1,1.17751479,0.517494464,60.4336697,57.9327018,1,0.560278178,60.4336697,57.9327018,0.453413852
8460,846,0.526924258,1,1.18934911,0.516909234,63.4508736,62.9723054,1,0.636832394,63.4508736,62.9723054,0.451828128
8470,847,0.537103085,1,1.19526627,0.515080511,58.2399059,65.2579969,1,0.664605856,58.2399059,65.2579969,0.437708998
8480,848,0.538039631,1,1.22485207,0.514789101,56.5715816,59.777006,1,0.547811831,56.5715816,59.777006,0.440713295
8490,849,0.525481355,1,1.17159763,0.516703826,62.0844939,58.4645399,1,0.515210943,62.0844939,58.4645399,0.435922259
8500,850,0.520611302,1,1.15976331,0.517971132,63.168891,64.1141307,1,0.499027248,63.168891,64.1141307,0.442516965
8510,851,0.510626667,1,1.12426036,0.512150563,57.3003016,65.0660087,1,0.508559946,57.3003016,65.0660087,0.457329611
8520,852,0.504882642,1,1.10059172,0.509608758,56.6308016,59.130174,1,0.501850256,56.6308016,59.130174,0.459497822
8530,853,0.503013202,1,1.12426036,0.51407936,62.3265655,58.7042625,1,0.497467029,62.3265655,58.7042625,0.43935891
8540,854,0.522510092,1,1.19526627,0.522748773,62.1494188,64.2176996,1,0.597749434,62.1494188,64.2176996,0.424329398
8550,855,0.540282223,1,1.21301775,0.517786634,56.4899026,63.1503274,1,0.648690187,56.4899026,63.1503274,0.443022213
8560,856,0.52911986,1,1.20118343,0.516834695,58.4870554,57.824924,1,0.508399214,58.4870554,57.824924,0.437505981
8570,857,0.511880427,1,1.20118343,0.507852868,63.9671071,60.1658613,1,0.504457063,63.9671071,60.1658613,0.458392836
8580,858,0.516067491,1,1.17751479,0.514781933,61.5059993,65.3369421,1,0.502062079,61.5059993,65.3369421,0.440529056
8590,859,0.512299233,1,1.11242604,0.513283624,56.3309433,63.0150928,1,0.469103837,56.3309433,63.0150928,0.436311789
8600,860,0.520525683,1,1.13609467,0.52309591,58.8597805,58.1772658,1,0.489214831,58.8597805,58.1772658,0.419915378
8610,861,0.520333229,1,1.18343195,0.521882549,63.8354302,61.2829504,1,0.560058482,63.8354302,61.2829504,0.451181008
8620,862,0.539786225,1,1.20118343,0.522289842,59.7984361,65.6676282,1,0.660861001,59.7984361,65.6676282,0.458468774
8630,863,0.532424568,1,1.20710059,0.513433583,56.0764906,61.0162408,1,0.57589994,56.0764906,61.0162408,0.458246484
8640,864,0.527087129,1,1.21301775,0.512207659,60.9350641,57.8495251,1,0.52856254,60.9350641,57.8495251,0.446112898
8650,865,0.52377536,1,1.20710059,0.514964368,63.8985175,62.6983445,1,0.496015658,63.8985175,62.6983445,0.437130947
8660,866,0.530568401,1,1.21893491,0.516589124,59.4206204,65.6810127,1,0.520192679,59.4206204,65.6810127,0.413870971
8670,867,0.516842791,1,1.10059172,0.514815208,56.600247,60.7310603,1,0.469456206,56.600247,60.7310603,0.438235672
8680,868,0.516300702,1,1.14201183,0.522714414,61.6217775,58.2546283,1,0.492906184,61.6217775,58.2546283,0.430690128
8690,869,0.511996951,1,1.14792899,0.516634289,63.5209738,63.8507056,1,0.570110667,63.5209738,63.8507056,0.454582374
8700,870,0.539237201,1,1.19526627,0.519600283,57.8448648,64.8915784,1,0.667598334,57.8448648,64.8915784,0.44390434
8710,871,0.537627752,1,1.21301775,0.514986803,57.4329702,59.037191,1,0.621985046,57.4329702,59.037191,0.451450717
8720,872,0.53716213,1,1.21301775,0.51221329,63.0427044,59.1251256,1,0.553305897,63.0427044,59.1251256,0.431571028
8730,873,0.524387718,1,1.20710059,0.518061504,62.6658902,64.7207719,1,0.504002443,62.6658902,64.7207719,0.431409186
8740,874,0.527802586,1,1.20118343,0.518439785,57.1970031,64.4048647,1,0.517552852,57.1970031,64.4048647,0.421384889
8750,875,0.514452038,1,1.10650888,0.518062043,57.9792801,58.6546885,1,0.500866133,57.9792801,58.6546885,0.446395713
8760,876,0.511876093,1,1.13017751,0.51752474,63.7516277,59.8227202,1,0.507835517,63.7516277,59.8227202,0.453025948
8770,877,0.525517282,1,1.18934911,0.519013418,61.8240273,65.4623612,1,0.603317442,61.8240273,65.4623612,0.458458918
8780,878,0.519697493,1,1.13017751,0.509747857,56.4862611,62.9649664,1,0.645136047,56.4862611,62.9649664,0.453316037
8790,879,0.542052351,1,1.19526627,0.519998392,59.8016934,58.2723223,1,0.580029617,59.8016934,58.2723223,0.441976464
8800,880,0.527840635,1,1.20710059,0.517042154,64.2501665,61.9364874,1,0.519126876,64.2501665,61.9364874,0.443326714
8810,881,0.53317648,1,1.23668639,0.514347296,60.889517,66.1387329,1,0.523302309,60.889517,66.1387329,0.413906429
8820,882,0.52169344,1,1.18343195,0.52039121,56.7472341,62.1968334,1,0.499194407,56.7472341,62.1968334,0.43985662
8830,883,0.515034874,1,1.11242604,0.51505272,60.7719153,57.9871284,1,0.493900204,60.7719153,57.9871284,0.448004616
8840,884,0.516074992,1,1.1183432,0.518890943,64.6081602,62.4501906,1,0.514279563,64.6081602,62.4501906,0.45270848
8850,885,0.520270894,1,1.17751479,0.51700077,59.8404904,65.8356265,1,0.579018852,59.8404904,65.8356265,0.449798455
8860,886,0.523487876,1,1.14792899,0.515984208,57.0617511,60.6969248,1,0.649631209,57.0617511,60.6969248,0.449375947
8870,887,0.539567233,1,1.20118343,0.518270427,62.4179432,58.7342678,1,0.570836961,62.4179432,58.7342678,0.438804296
8880,888,0.524003714,1,1.17751479,0.512228921,63.8722227,64.2743613,1,0.52147305,63.8722227,64.2743613,0.44059914
8890,889,0.519868134,1,1.18934911,0.51601221,58.1711547,65.3240025,1,0.506049588,58.1711547,65.3240025,0.445914546
8900,890,0.513363842,1,1.12426036,0.510308447,57.2456717,59.5115954,1,0.511486702,57.2456717,59.5115954,0.452740472
8910,891,0.512288437,1,1.09467456,0.515968916,63.0366311,58.9116145,1,0.472479521,63.0366311,58.9116145,0.447842871
8920,892,0.511565124,1,1.15384615,0.518313318,63.410209,64.6350659,1,0.509018812,63.410209,64.6350659,0.441202343
8930,893,0.532541049,1,1.18934911,0.523146546,57.6116964,63.994436,1,0.626812342,57.6116964,63.994436,0.448753395
8940,894,0.525451882,1,1.13017751,0.509522261,58.7694341,58.3486978,1,0.666899375,58.7694341,58.3486978,0.443324692
8950,895,0.535371144,1,1.24260355,0.516187823,64.001284,60.4523424,1,0.531516351,64.001284,60.4523424,0.433764135
8960,896,0.520396126,1,1.18934911,0.513065571,61.5738152,65.6124755,1,0.517562597,61.5738152,65.6124755,0.438661083
8970,897,0.522190128,1,1.17751479,0.517460333,56.559194,62.9210236,1,0.503112156,56.559194,62.9210236,0.437788542
8980,898,0.517596598,1,1.11242604,0.515513563,59.3008022,57.910825,1,0.485600523,59.3008022,57.910825,0.43932779
8990,899,0.518077052,1,1.15976331,0.521189211,64.1585403,60.9056001,1,0.492699172,64.1585403,60.9056001,0.438976063
9000,900,0.511071245,1,1.17159763,0.519153878,60.7949574,65.721384,1,0.534221427,60.7949574,65.721384,0.451856551
9010,901,0.527369043,1,1.18343195,0.517204315,56.6033048,61.5282135,1,0.64218466,56.6033048,61.5282135,0.456074257
9020,902,0.531096941,1,1.18934911,0.511589258,61.5714136,58.1798681,1,0.560774974,61.5714136,58.1798681,0.460855408
9030,903,0.527924787,1,1.22485207,0.511196368,64.2838634,63.2153923,1,0.53801665,64.2838634,63.2153923,0.439969665
9040,904,0.522141863,1,1.21301775,0.51803691,59.1374245,65.5588908,1,0.501086427,59.1374245,65.5588908,0.434991793
9050,905,0.516527609,1,1.12426036,0.511621067,56.7366763,60.3309147,1,0.49537516,56.7366763,60.3309147,0.442527207
9060,906,0.519017081,1,1.14792899,0.519409148,62.0784455,58.3234632,1,0.493435757,62.0784455,58.3234632,0.438963007
9070,907,0.506944057,1,1.13017751,0.51481966,64.0700074,63.9494359,1,0.482710029,64.0700074,63.9494359,0.459082485
9080,908,0.522497656,1,1.19526627,0.523691097,58.5294079,65.0695658,1,0.576584425,58.5294079,65.0695658,0.434822506
9090,909,0.528207187,1,1.14792899,0.515010031,58.0996308,59.2006289,1,0.66217173,58.0996308,59.2006289,0.452665539
9100,910,0.542603656,1,1.22485207,0.520025025,63.6950017,59.6054046,1,0.58473728,63.6950017,59.6054046,0.4315379
9110,911,0.530941225,1,1.20710059,0.515968932,62.9529222,65.2802032,1,0.525791774,62.9529222,65.2802032,0.440239451
9120,912,0.524217509,1,1.18934911,0.517458795,57.4119813,64.1846165,1,0.507684819,57.4119813,64.1846165,0.434478099
9130,913,0.519969282,1,1.16568047,0.518497874,58.5341068,58.6416092,1,0.507543732,58.5341068,58.6416092,0.435034487
9140,914,0.515555114,1,1.14201183,0.518491394,64.2070518,59.986961,1,0.485635967,64.2070518,59.986961,0.448483811
9150,915,0.513944654,1,1.15384615,0.513718647,62.1430677,65.5741508,1,0.546751068,62.1430677,65.5741508,0.458171823
9160,916,0.524437059,1,1.17159763,0.516527415,56.9502096,62.6023672,1,0.63806653,56.9502096,62.6023672,0.460237094
9170,917,0.533534794,1,1.16568047,0.514389353,60.3382398,57.8250439,1,0.668107898,60.3382398,57.8250439,0.450519534
9180,918,0.537579267,1,1.18343195,0.514008778,64.5313489,61.6850896,1,0.584718794,64.5313489,61.6850896,0.438408337
9190,919,0.53264506,1,1.20710059,0.515712667,60.456514,65.4352243,1,0.51230075,60.456514,65.4352243,0.425988514
9200,920,0.517725126,1,1.13017751,0.514202978,56.7688921,61.0311485,1,0.510042144,56.7688921,61.0311485,0.441852205
9210,921,0.517031433,1,1.13609467,0.518507309,61.1767988,57.4896747,1,0.499153158,61.1767988,57.4896747,0.434950028
9220,922,0.514082085,1,1.1183432,0.515010576,64.6286216,62.2550256,1,0.495708985,64.6286216,62.2550256,0.452629723
9230,923,0.51420808,1,1.18934911,0.517408884,59.4801338,65.2008754,1,0.535171862,59.4801338,65.2008754,0.456283916
9240,924,0.524132993,1,1.19526627,0.51437737,57.3899699,59.5708096,1,0.649616328,57.3899699,59.5708096,0.461964068
9250,925,0.532607372,1,1.16568047,0.511460485,63.1047879,58.3188783,1,0.630192532,63.1047879,58.3188783,0.450026146
9260,926,0.530874205,1,1.24260355,0.512744827,63.7163566,63.9609668,1,0.53245013,63.7163566,63.9609668,0.436548995
9270,927,0.527127527,1,1.18934911,0.513898729,58.1646702,64.2668815,1,0.511257963,58.1646702,64.2668815,0.427700641
9280,928,0.522876346,1,1.17751479,0.520279328,57.8724959,58.6915154,1,0.498210486,57.8724959,58.6915154,0.429462808
9290,929,0.516671013,1,1.15976331,0.518104016,63.5106741,58.5171453,1,0.478598115,63.5106741,58.5171453,0.433913374
9300,930,0.515719866,1,1.13017751,0.517488464,63.0742111,64.3464284,1,0.52096172,63.0742111,64.3464284,0.449661548
9310,931,0.51080497,1,1.19526627,0.511900726,57.1788952,63.3971227,1,0.581152129,57.1788952,63.3971227,0.459327588
9320,932,0.534841966,1,1.17159763,0.517732654,59.0192017,57.9014892,1,0.664627047,59.0192017,57.9014892,0.445813638
9330,933,0.538047065,1,1.20710059,0.514381104,64.1991887,60.4449001,1,0.601359086,64.1991887,60.4449001,0.44390151
9340,934,0.536637216,1,1.21893491,0.512483163,61.5293832,65.2302927,1,0.537605535,61.5293832,65.2302927,0.421520519
9350,935,0.524440065,1,1.21893491,0.515749813,56.8316575,62.2507342,1,0.516746876,56.8316575,62.2507342,0.427919112
9360,936,0.515082842,1,1.17751479,0.517952539,60.2503017,57.6183553,1,0.514329382,60.2503017,57.6183553,0.442866293
9370,937,0.508793657,1,1.13017751,0.509577619,64.918795,61.4417594,1,0.5233115,64.918795,61.4417594,0.464179933
9380,938,0.502337723,1,1.14201183,0.506714858,60.6428524,65.7943633,1,0.508519507,60.6428524,65.7943633,0.469349577
9390,939,0.513991738,1,1.14201183,0.516202448,56.959016,61.3570368,1,0.571046663,56.959016,61.3570368,0.443630241
9400,940,0.538919115,1,1.16568047,0.519031713,61.841793,58.3202153,1,0.663874982,61.841793,58.3202153,0.44231636
9410,941,0.540586407,1,1.18343195,0.516539387,64.3889295,63.2443091,1,0.609296067,64.3889295,63.2443091,0.426452301
9420,942,0.526849221,1,1.20118343,0.514473514,59.0515421,65.2031963,1,0.512311964,59.0515421,65.2031963,0.437346378
9430,943,0.512214423,1,1.20118343,0.512617672,57.3520384,59.4796746,1,0.508763094,57.3520384,59.4796746,0.459270155
9440,944,0.513019744,1,1.1183432,0.509484592,63.0607039,58.0181424,1,0.500978824,63.0607039,58.0181424,0.453291302
9450,945,0.509893365,1,1.07100592,0.515474535,64.198264,63.7690781,1,0.486550127,64.198264,63.7690781,0.450951025
9460,946,0.512696904,1,1.14792899,0.519802753,58.5880545,64.656897,1,0.505513153,58.5880545,64.656897,0.436924933
9470,947,0.531339964,1,1.15976331,0.518943032,58.6859791,58.8136133,1,0.648334318,58.6859791,58.8136133,0.449546474
9480,948,0.536098297,1,1.19526627,0.513083159,64.4567433,59.7900466,1,0.612696114,64.4567433,59.7900466,0.450214554
9490,949,0.530931186,1,1.23076923,0.517804855,62.797332,65.2856458,1,0.511951654,62.797332,65.2856458,0.441589759
9500,950,0.518877775,1,1.20710059,0.509340349,57.2552943,63.3932051,1,0.510878117,57.2552943,63.3932051,0.450479783
9510,951,0.524197311,1,1.19526627,0.518563376,59.301411,58.2126654,1,0.51164587,59.301411,58.2126654,0.428459361
9520,952,0.519729421,1,1.14201183,0.52038938,64.6704942,60.2726589,1,0.490872412,64.6704942,60.2726589,0.44236205
9530,953,0.518127594,1,1.10059172,0.520248184,62.3937968,65.6048565,1,0.493603372,62.3937968,65.6048565,0.445992558
9540,954,0.519461299,1,1.16568047,0.518266122,57.2225589,62.660184,1,0.562644499,57.2225589,62.660184,0.457758866
9550,955,0.529815744,1,1.17159763,0.519815325,60.9592481,58.0109414,1,0.655728823,60.9592481,58.0109414,0.458827312
9560,956,0.534389388,1,1.22485207,0.517554513,64.9688898,62.366593,1,0.577742224,64.9688898,62.366593,0.455401034
9570,957,0.527413247,1,1.25443787,0.511037163,60.4214047,65.9369112,1,0.506388815,60.4214047,65.9369112,0.444737757
9580,958,0.526260591,1,1.19526627,0.509871109,57.0857915,61.376491,1,0.50421087,57.0857915,61.376491,0.434623877
9590,959,0.527908378,1,1.17751479,0.521504291,61.6461573,58.2811956,1,0.503354652,61.6461573,58.2811956,0.423969617
9600,960,0.518348509,1,1.14201183,0.521579561,64.8043974,63.0461611,1,0.491201204,64.8043974,63.0461611,0.439737527
9610,961,0.512035345,1,1.1183432,0.515728169,59.6789126,65.9626278,1,0.500997311,59.6789126,65.9626278,0.453626883
9620,962,0.521024303,1,1.17159763,0.517999962,57.3214612,60.5525486,1,0.574473744,57.3214612,60.5525486,0.45395392
9630,963,0.535970215,1,1.20710059,0.519922417,63.0713428,58.9684849,1,0.664640801,63.0713428,58.9684849,0.458776326
9640,964,0.538495218,1,1.18343195,0.513124858,63.9826309,64.6969768,1,0.649859065,63.9826309,64.6969768,0.446194065
9650,965,0.535645384,1,1.20710059,0.511713596,58.3403609,65.1822932,1,0.572627367,58.3403609,65.1822932,0.435623356
9660,966,0.527998054,1,1.21893491,0.519218512,58.2121513,59.6256253,1,0.513749544,58.2121513,59.6256253,0.427549755
9670,967,0.520611644,1,1.17159763,0.515808175,63.8726353,59.7138,1,0.522323636,63.8726353,59.7138,0.43547467
9680,968,0.512027299,1,1.12426036,0.516060523,63.3177337,65.5971882,1,0.501518194,63.3177337,65.5971882,0.454576809
9690,969,0.509314041,1,1.11242604,0.50981514,57.3738517,64.7611636,1,0.509834166,57.3738517,64.7611636,0.461722211
9700,970,0.514183979,1,1.17751479,0.517959613,58.6844703,59.0758597,1,0.55160728,58.6844703,59.0758597,0.448801181
9710,971,0.522115061,1,1.15976331,0.519016467,64.1060475,60.9434373,1,0.629348691,64.1060475,60.9434373,0.441094288
9720,972,0.544311927,1,1.21301775,0.520647026,61.2644878,65.9481508,1,0.599159942,61.2644878,65.9481508,0.442702955
9730,973,0.52740502,1,1.23076923,0.516344689,56.5237158,62.7322731,1,0.508676422,56.5237158,62.7322731,0.44066107
9740,974,0.525018051,1,1.17159763,0.516922569,59.954944,58.3072332,1,0.519268277,59.954944,58.3072332,0.430730116
9750,975,0.518584377,1,1.18343195,0.517956703,64.3999924,62.1546372,1,0.498333107,64.3999924,62.1546372,0.452219854
9760,976,0.522647377,1,1.20118343,0.521769793,60.9206328,66.3434937,1,0.488559929,60.9206328,66.3434937,0.418877497
9770,977,0.50756787,1,1.10650888,0.516419684,56.7750509,62.1772366,1,0.506368519,56.7750509,62.1772366,0.452105841
9780,978,0.52120191,1,1.17751479,0.518492556,61.4905814,58.6994419,1,0.605829114,61.4905814,58.6994419,0.450714644
9790,979,0.535223468,1,1.20118343,0.514950462,64.0949702,64.1253518,1,0.636763525,64.0949702,64.1253518,0.462967911
9800,980,0.533616135,1,1.22485207,0.512906574,58.6559488,65.9239282,1,0.569224696,58.6559488,65.9239282,0.44066807
9810,981,0.532851119,1,1.24852071,0.512892439,57.0813166,60.5809363,1,0.527433845,57.0813166,60.5809363,0.428476238
9820,982,0.529972203,1,1.18343195,0.516518555,62.3443242,59.167422,1,0.523761362,62.3443242,59.167422,0.419193869
9830,983,0.522471177,1,1.17159763,0.521000267,63.6696349,64.6000759,1,0.502842594,63.6696349,64.6000759,0.430151877
9840,984,0.517220417,1,1.13609467,0.517787738,57.9526582,65.6782092,1,0.495810291,57.9526582,65.6782092,0.447519093
9850,985,0.517730668,1,1.13609467,0.515977548,57.4042246,59.7997719,1,0.537227109,57.4042246,59.7997719,0.454151163
9860,986,0.525658722,1,1.20710059,0.518859407,63.2998238,59.7599729,1,0.606152615,63.2998238,59.7599729,0.453517964
9870,987,0.519628732,1,1.14201183,0.511432314,62.8007277,65.4839398,1,0.6407347,62.8007277,65.4839398,0.441975755
9880,988,0.542752167,1,1.24852071,0.517785058,57.319992,64.1625239,1,0.583868803,57.319992,64.1625239,0.433675663
9890,989,0.519484567,1,1.21301775,0.514459139,59.2489746,58.7636457,1,0.509842727,59.2489746,58.7636457,0.441010535
9900,990,0.515609595,1,1.15384615,0.51196067,64.5609284,61.0600937,1,0.513582418,64.5609284,61.0600937,0.445161534
9910,991,0.507565337,1,1.15976331,0.509841495,61.9115402,66.4505438,1,0.48681464,61.9115402,66.4505438,0.462026724
9920,992,0.509914132,1,1.08284024,0.512338085,56.8644692,63.6736424,1,0.482099129,56.8644692,63.6736424,0.443120372
9930,993,0.510626289,1,1.19526627,0.521674563,59.8896463,58.8778381,1,0.5186857,59.8896463,58.8778381,0.436171044
9940,994,0.524381204,1,1.16568047,0.520400851,64.3244826,62.4062017,1,0.621994405,64.3244826,62.4062017,0.435938234
9950,995,0.537981733,1,1.18934911,0.513073347,59.880179,66.2167834,1,0.592529549,59.880179,66.2167834,0.450327736
9960,996,0.532989651,1,1.20118343,0.518831517,56.7271622,61.6229652,1,0.517276317,56.7271622,61.6229652,0.428598108
9970,997,0.524661431,1,1.18343195,0.518487635,61.5285759,58.6215106,1,0.495539277,61.5285759,58.6215106,0.435566028
9980,998,0.523045812,1,1.17159763,0.518420533,64.3697672,63.5467509,1,0.511750002,64.3697672,63.5467509,0.43738302
9990,999,0.512569268,1,1.13609467,0.514423838,59.1881582,66.3854238,1,0.48351144,59.1881582,66.3854238,0.454478929
10000,1000,0.509741403,1,1.10650888,0.518373784,56.7246256,61.19155,1,0.483824976,56.7246256,61.19155,0.442192749
10010,1001,0.515029467,1,1.16568047,0.520468595,62.1283136,59.2357422,1,0.563320325,62.1283136,59.2357422,0.442056974
10020,1002,0.53436946,1,1.19526627,0.517582721,62.8715156,65.2154348,1,0.629856929,62.8715156,65.2154348,0.463515467
10030,1003,0.525464986,1,1.21893491,0.507308646,57.1147584,65.1543997,1,0.541093787,57.1147584,65.1543997,0.442852362
10040,1004,0.524822532,1,1.24260355,0.514627961,57.666559,59.4980102,1,0.50590948,57.666559,59.4980102,0.437172373
10050,1005,0.525157338,1,1.18934911,0.51269696,63.1795525,59.8956466,1,0.518308461,63.1795525,59.8956466,0.425178081
10060,1006,0.522135169,1,1.14201183,0.520954662,62.5023749,65.3997846,1,0.491684598,62.5023749,65.3997846,0.426587564
10070,1007,0.51801192,1,1.13017751,0.521026989,56.7920966,64.5029564,1,0.502307877,56.7920966,64.5029564,0.444636539
10080,1008,0.519084522,1,1.17751479,0.51926447,58.3291544,58.7728971,1,0.552351064,58.3291544,58.7728971,0.456356335
10090,1009,0.528207804,1,1.20710059,0.512083247,63.8718134,61.3078845,1,0.653363397,63.8718134,61.3078845,0.468834831
10100,1010,0.521560023,1,1.14201183,0.503707643,61.1097876,66.3988236,1,0.667970303,61.1097876,66.3988236,0.445533038
10110,1011,0.542451315,1,1.22485207,0.514369182,56.5980645,63.2280105,1,0.639333774,56.5980645,63.2280105,0.424192244
10120,1012,0.530622742,1,1.24260355,0.51696244,60.0861277,58.9229932,1,0.510500852,60.0861277,58.9229932,0.426210489
10130,1013,0.525078976,1,1.20118343,0.517052091,64.3075857,62.4066426,1,0.517795241,64.3075857,62.4066426,0.421019617
10140,1014,0.514500596,1,1.13609467,0.515558004,60.4180489,66.642418,1,0.501936318,60.4180489,66.642418,0.442359794
10150,1015,0.514328335,1,1.1183432,0.518667291,56.5328659,62.324198,1,0.508525518,56.5328659,62.324198,0.446827544
10160,1016,0.519008922,1,1.18343195,0.516757349,61.5327282,58.9396251,1,0.60034841,61.5327282,58.9396251,0.464439325
10170,1017,0.527523067,1,1.14201183,0.513168168,64.1408324,64.2704062,1,0.662312571,64.1408324,64.2704062,0.456507414
10180,1018,0.535792577,1,1.20118343,0.513001493,58.6700162,66.1175981,1,0.633903015,58.6700162,66.1175981,0.444172981
10190,1019,0.536001272,1,1.18934911,0.509243341,57.2813121,60.7401625,1,0.556795523,57.2813121,60.7401625,0.427219662
10200,1020,0.528914119,1,1.21301775,0.520277369,62.6758113,59.6628134,1,0.514951123,62.6758113,59.6628134,0.423155959
10210,1021,0.517779136,1,1.14201183,0.514665554,63.6941237,65.2707695,1,0.506178559,63.6941237,65.2707695,0.438435435
10220,1022,0.515518173,1,1.14201183,0.518031119,57.9013061,65.9420335,1,0.492362045,57.9013061,65.9420335,0.448583119
10230,1023,0.516020452,1,1.13017751,0.514592872,57.622365,59.9749057,1,0.533632731,57.622365,59.9749057,0.459511077
10240,1024,0.51228712,1,1.16568047,0.513760059,63.6233928,60.3193726,1,0.571175404,63.6233928,60.3193726,0.462377394
10250,1025,0.533890513,1,1.17159763,0.517054462,62.5319728,65.9441811,1,0.659491309,62.5319728,65.9441811,0.440747535
10260,1026,0.538160941,1,1.21301775,0.517541406,57.1657665,64.029319,1,0.563000569,57.1657665,64.029319,0.438278412
10270,1027,0.530658681,1,1.23076923,0.515434995,59.3157217,58.8022491,1,0.51501348,59.3157217,58.8022491,0.434765575
10280,1028,0.518203316,1,1.21301775,0.513899219,64.4167941,61.3658937,1,0.516319821,64.4167941,61.3658937,0.439157433
10290,1029,0.51359316,1,1.1183432,0.512173043,61.4161752,66.4069503,1,0.517181623,61.4161752,66.4069503,0.451270174
10300,1030,0.511809619,1,1.13609467,0.512986236,56.6119232,62.7558066,1,0.543709309,56.6119232,62.7558066,0.464169986
10310,1031,0.505629973,1,1.13609467,0.508049185,60.5219492,58.1901706,1,0.54983623,60.5219492,58.1901706,0.462392385
10320,1032,0.499858137,1,1.11242604,0.511746468,64.6763086,61.9696258,1,0.511555374,64.6763086,61.9696258,0.432024157
10330,1033,0.525449631,1,1.18343195,0.51411307,60.3167492,65.5386855,1,0.653045642,60.3167492,65.5386855,0.433398194
10340,1034,0.528813223,1,1.15976331,0.50637737,57.1332813,61.0954425,1,0.668326887,57.1332813,61.0954425,0.420459571
10350,1035,0.530669752,1,1.22485207,0.516292895,62.0417189,58.6212833,1,0.514276792,62.0417189,58.6212833,0.422826666
10360,1036,0.52403435,1,1.17751479,0.519711176,64.4735583,63.5974536,1,0.506080822,64.4735583,63.5974536,0.426046323
10370,1037,0.517569976,1,1.14792899,0.521779731,59.0661023,65.8321389,1,0.505275881,59.0661023,65.8321389,0.450078221
10380,1038,0.504190115,1,1.1183432,0.50623674,56.8623085,60.1509187,1,0.498185136,56.8623085,60.1509187,0.468744827
10390,1039,0.521612405,1,1.16568047,0.519123847,62.5621928,58.8993101,1,0.566524681,62.5621928,58.8993101,0.448898757
10400,1040,0.510047691,1,1.14792899,0.51184081,63.6174731,64.6844626,1,0.587672844,63.6174731,64.6844626,0.452354828
10410,1041,0.542912815,1,1.21893491,0.519950538,57.8861135,64.5165489,1,0.606365976,57.8861135,64.5165489,0.441062982
10420,1042,0.53091316,1,1.21893491,0.515550755,58.509879,58.8715841,1,0.509322063,58.509879,58.8715841,0.43687101
10430,1043,0.525812131,1,1.21301775,0.51746571,64.1227697,59.8048016,1,0.502602412,64.1227697,59.8048016,0.437687825
10440,1044,0.519878856,1,1.17751479,0.515740356,63.0415663,65.4987257,1,0.50423387,63.0415663,65.4987257,0.445820651
10450,1045,0.517002921,1,1.13017751,0.519913927,57.4234292,64.1653379,1,0.49128228,57.4234292,64.1653379,0.444169247
10460,1046,0.51825503,1,1.12426036,0.520507626,59.0163011,58.5165129,1,0.513275157,59.0163011,58.5165129,0.451470087
10470,1047,0.52129305,1,1.17159763,0.51682074,64.5876509,60.7656302,1,0.590332233,64.5876509,60.7656302,0.46216923
10480,1048,0.522825779,1,1.14792899,0.509864362,61.6578364,65.9774054,1,0.646386631,61.6578364,65.9774054,0.459910038
10490,1049,0.532478268,1,1.18343195,0.511276684,56.9237666,62.7112204,1,0.666968499,56.9237666,62.7112204,0.442420594
10500,1050,0.53598184,1,1.20710059,0.509011008,60.5304017,58.4494966,1,0.559555042,60.5304017,58.4494966,0.429463035
10510,1051,0.526698873,1,1.19526627,0.513610941,64.4139954,62.3844431,1,0.513009114,64.4139954,62.3844431,0.425281694
10520,1052,0.523792475,1,1.21301775,0.522070009,60.3936861,66.1080632,1,0.51411327,60.3936861,66.1080632,0.421523257
10530,1053,0.505228015,1,1.11242604,0.511297715,56.486027,61.5068951,1,0.509900356,56.486027,61.5068951,0.464353893
10540,1054,0.510859357,1,1.10650888,0.505539236,61.3808565,58.0100587,1,0.519455869,61.3808565,58.0100587,0.462737041
10550,1055,0.49893745,1,1.13017751,0.511625778,64.6965968,62.9215265,1,0.469090067,64.6965968,62.9215265,0.455840793
10560,1056,0.496699188,1,1.14201183,0.517875313,60.2237314,65.7790994,1,0.49495196,60.2237314,65.7790994,0.408288735
10570,1057,0.506801539,1,1.14792899,0.517058644,57.6002915,61.1737464,1,0.579483566,57.6002915,61.1737464,0.40770474
10580,1058,0.509090367,1,1.12426036,0.510013879,62.3685219,58.9518301,1,0.63605465,62.3685219,58.9518301,0.404654378
10590,1059,0.534598528,1,1.24852071,0.515757234,63.7847728,64.268302,1,0.557821486,63.7847728,64.268302,0.423221234
10600,1060,0.529095863,1,1.21893491,0.515779476,58.5119956,65.3703255,1,0.520224805,58.5119956,65.3703255,0.414362242
10610,1061,0.518817693,1,1.1183432,0.51934409,57.6952835,59.6564346,1,0.496516453,57.6952835,59.6564346,0.443997224
10620,1062,0.513542263,1,1.12426036,0.516324595,63.5664259,59.0993422,1,0.505186076,63.5664259,59.0993422,0.453654884
10630,1063,0.511768563,1,1.13017751,0.513804801,63.5322503,65.0985815,1,0.554580821,63.5322503,65.0985815,0.461487434
10640,1064,0.512017002,1,1.16568047,0.511684154,57.6495233,64.4919739,1,0.61394034,57.6495233,64.4919739,0.454916928
10650,1065,0.53716936,1,1.13017751,0.515554666,59.187767,58.959895,1,0.655315731,59.187767,58.959895,0.441689139
10660,1066,0.53753994,1,1.24260355,0.516161642,64.4050197,60.9091072,1,0.5407937,64.4050197,60.9091072,0.42842186
10670,1067,0.526922527,1,1.21893491,0.51785357,61.9853812,66.0336592,1,0.514364838,61.9853812,66.0336592,0.43592847
10680,1068,0.517180611,1,1.18343195,0.515571018,56.8528642,63.436176,1,0.507698689,56.8528642,63.436176,0.44248926
10690,1069,0.515344873,1,1.13017751,0.518329948,59.6394048,58.3603858,1,0.497899942,59.6394048,58.3603858,0.445413539
10700,1070,0.509149828,1,1.0887574,0.513918525,64.6563119,61.3286387,1,0.479682417,64.6563119,61.3286387,0.448402038
10710,1071,0.518872773,1,1.15976331,0.517709122,61.029885,65.8234551,1,0.55690966,61.029885,65.8234551,0.444255547
10720,1072,0.528614528,1,1.16568047,0.518324417,56.9984062,61.570324,1,0.6545977,56.9984062,61.570324,0.450784619
10730,1073,0.540906456,1,1.20710059,0.519055569,61.6543466,58.2100498,1,0.585259816,61.6543466,58.2100498,0.441683327
10740,1074,0.530102161,1,1.25443787,0.515921919,64.5302065,63.1260269,1,0.516133229,64.5302065,63.1260269,0.438106479
10750,1075,0.514322198,1,1.18343195,0.511348832,59.2574766,65.8120813,1,0.496869694,59.2574766,65.8120813,0.455190767
10760,1076,0.513844498,1,1.15976331,0.508027634,56.7192704,60.5867102,1,0.504642772,56.7192704,60.5867102,0.446862791
10770,1077,0.518057145,1,1.14792899,0.518323057,61.9412372,58.3544303,1,0.480346603,61.9412372,58.3544303,0.436852727
10780,1078,0.506608862,1,1.13609467,0.515539936,64.0816648,63.8333834,1,0.47348657,64.0816648,63.8333834,0.452477441
10790,1079,0.518315118,1,1.18343195,0.522071773,58.6138477,65.1510705,1,0.563038433,58.6138477,65.1510705,0.432642373
10800,1080,0.527403994,1,1.15976331,0.515770025,58.016756,59.315123,1,0.660774381,58.016756,59.315123,0.451262541
10810,1081,0.543754024,1,1.21301775,0.520547948,63.6439573,59.5550289,1,0.58887299,63.6439573,59.5550289,0.433254838
10820,1082,0.532231996,1,1.23076923,0.516326643,63.0265304,65.2441417,1,0.527525672,63.0265304,65.2441417,0.440193749
10830,1083,0.525060123,1,1.18343195,0.517406202,57.4679467,64.2766622,1,0.506114707,57.4679467,64.2766622,0.434011624
10840,1084,0.520194718,1,1.15976331,0.51850101,58.4763244,58.709738,1,0.508641333,58.4763244,58.709738,0.435193428
10850,1085,0.516595077,1,1.14201183,0.518624552,64.1400347,59.9191016,1,0.486458699,64.1400347,59.9191016,0.445491385
10860,1086,0.513635009,1,1.15384615,0.513460507,62.1892003,65.5688459,1,0.545620044,62.1892003,65.5688459,0.459774609
10870,1087,0.52128818,1,1.15976331,0.515274791,56.8976411,62.7780301,1,0.622364853,56.8976411,62.7780301,0.460185521
10880,1088,0.533318602,1,1.15976331,0.515342176,60.1498482,57.9102885,1,0.674966184,60.1498482,57.9102885,0.450323744
10890,1089,0.537597052,1,1.15976331,0.511436331,64.5101639,61.5741992,1,0.616674138,64.5101639,61.5741992,0.438101027
10900,1090,0.535063945,1,1.21301775,0.51603642,60.531412,65.4091515,1,0.516759845,60.531412,65.4091515,0.425081448
10910,1091,0.517807776,1,1.15976331,0.513548227,56.7225104,61.1386789,1,0.510252909,56.7225104,61.1386789,0.440176588
10920,1092,0.519484254,1,1.15976331,0.519368849,60.9727868,57.5371485,1,0.502648436,60.9727868,57.5371485,0.428537287
10930,1093,0.51309216,1,1.13017751,0.515466202,64.5713311,62.191042,1,0.495000048,64.5713311,62.191042,0.452529025
10940,1094,0.514878176,1,1.17751479,0.517664186,59.4469492,65.2018333,1,0.54814925,59.4469492,65.2018333,0.457185592
10950,1095,0.521571667,1,1.20118343,0.511610107,57.315179,59.4876104,1,0.654491412,57.315179,59.4876104,0.469147454
10960,1096,0.532085916,1,1.17159763,0.510851386,63.0571624,58.2677161,1,0.619990491,63.0571624,58.2677161,0.451549042
10970,1097,0.533078785,1,1.20710059,0.51011498,63.7702985,63.8619153,1,0.563311026,63.7702985,63.8619153,0.433805423
10980,1098,0.532378872,1,1.22485207,0.513584522,58.3141269,64.2892926,1,0.51231489,58.3141269,64.2892926,0.420991078
10990,1099,0.521844552,1,1.14792899,0.518968228,57.9935082,58.699421,1,0.506581631,57.9935082,58.699421,0.43069684
11000,1100,0.515452541,1,1.14201183,0.516744164,63.7334905,58.6065197,1,0.510126321,63.7334905,58.6065197,0.441594928
11010,1101,0.512307845,1,1.15976331,0.515039993,63.3017686,64.5048855,1,0.51594701,63.3017686,64.5048855,0.454934179
11020,1102,0.515734505,1,1.17159763,0.512743378,57.4390457,63.6016713,1,0.564195797,57.4390457,63.6016713,0.456299214
11030,1103,0.524624207,1,1.15976331,0.514718612,59.0601559,57.9798254,1,0.648918571,59.0601559,57.9798254,0.450070007
11040,1104,0.538193324,1,1.18343195,0.513325164,64.2268936,60.3688647,1,0.64032905,64.2268936,60.3688647,0.437871988
11050,1105,0.533954816,1,1.21301775,0.516518217,61.3652708,65.1190003,1,0.519454705,61.3652708,65.1190003,0.426577636
11060,1106,0.517082733,1,1.20118343,0.512355695,56.5636712,61.9633091,1,0.517497992,56.5636712,61.9633091,0.441981456
11070,1107,0.518040714,1,1.17751479,0.517033619,59.9828013,57.4320463,1,0.509250177,59.9828013,57.4320463,0.436654803
11080,1108,0.513906479,1,1.14792899,0.516353522,64.4798624,61.2401223,1,0.505923913,64.4798624,61.2401223,0.453291712
11090,1109,0.515537829,1,1.17159763,0.514295074,60.1498222,65.3720165,1,0.551064886,60.1498222,65.3720165,0.460394718
11100,1110,0.519592648,1,1.17159763,0.513818285,56.5671892,60.5593596,1,0.619841488,56.5671892,60.5593596,0.461518745
11110,1111,0.532036947,1,1.15976331,0.51315279,61.6534097,57.7706977,1,0.665989442,61.6534097,57.7706977,0.446195446
11120,1112,0.5383686,1,1.21301775,0.514864383,63.7077818,63.0545453,1,0.557286401,63.7077818,63.0545453,0.436090014
11130,1113,0.53355171,1,1.21893491,0.517945737,58.531037,64.8711752,1,0.511227201,58.531037,64.8711752,0.422018471
11140,1114,0.526756843,1,1.19526627,0.522851928,56.8659203,59.6903298,1,0.51287796,56.8659203,59.6903298,0.418604139
11150,1115,0.51735937,1,1.14201183,0.516921154,62.357238,58.1168428,1,0.508880609,62.357238,58.1168428,0.439408094
11160,1116,0.509622503,1,1.1183432,0.512796674,63.4251258,64.0669772,1,0.514070719,63.4251258,64.0669772,0.465015638
11170,1117,0.514877005,1,1.15384615,0.512108236,57.493277,64.6665073,1,0.566972483,57.493277,64.6665073,0.458620688
11180,1118,0.524038066,1,1.16568047,0.512153799,57.8116563,58.6679769,1,0.652143656,57.8116563,58.6679769,0.462074892
11190,1119,0.519912703,1,1.13609467,0.508377453,63.3477589,59.1926873,1,0.647660146,63.3477589,59.1926873,0.427762534
11200,1120,0.537958582,1,1.24852071,0.51759986,61.9511027,64.5657223,1,0.536900555,61.9511027,64.5657223,0.427045398
11210,1121,0.527945096,1,1.21893491,0.518990023,56.6870134,63.0013483,1,0.508295623,56.6870134,63.0013483,0.422432387
11220,1122,0.52270619,1,1.14201183,0.519065407,58.5441256,57.6504559,1,0.505691984,58.5441256,57.6504559,0.435692432
11230,1123,0.512287557,1,1.1183432,0.511505183,63.9986635,60.0049127,1,0.508642603,63.9986635,60.0049127,0.456999804
11240,1124,0.504016461,1,1.11242604,0.512917732,61.3175299,65.372725,1,0.486576285,61.3175299,65.372725,0.46155055
11250,1125,0.516452937,1,1.14792899,0.517603009,56.4144318,62.2645763,1,0.576804137,56.4144318,62.2645763,0.446557899
11260,1126,0.531592947,1,1.18934911,0.516396573,60.4257878,57.9079484,1,0.664136651,60.4257878,57.9079484,0.455545599
11270,1127,0.536550929,1,1.23076923,0.518120637,64.0977624,62.2815619,1,0.564872495,64.0977624,62.2815619,0.439283256
11280,1128,0.530239233,1,1.23076923,0.516021504,59.5426598,65.6113042,1,0.49786361,59.5426598,65.6113042,0.43402713
11290,1129,0.529514707,1,1.22485207,0.520775078,56.5013883,61.024355,1,0.521665645,56.5013883,61.024355,0.423352604
11300,1130,0.5144161,1,1.16568047,0.5172876,61.5763005,57.9456227,1,0.495660286,61.5763005,57.9456227,0.456597438
11310,1131,0.515969428,1,1.14201183,0.51662602,64.511911,62.8555431,1,0.486459933,64.511911,62.8555431,0.440045232
11320,1132,0.52345169,1,1.17159763,0.522168232,59.3034881,65.3198417,1,0.535407213,59.3034881,65.3198417,0.443229384
11330,1133,0.516104278,1,1.15976331,0.516267252,57.2720883,59.7479437,1,0.586417895,57.2720883,59.7479437,0.456203995
11340,1134,0.532903236,1,1.15384615,0.513798549,63.172425,58.8864229,1,0.639162889,63.172425,58.8864229,0.458684712
11350,1135,0.526960441,1,1.23076923,0.510932436,63.2946259,64.6741684,1,0.547484758,63.2946259,64.6741684,0.445310418
11360,1136,0.52859663,1,1.21301775,0.514907496,57.7489651,64.459931,1,0.520774004,57.7489651,64.459931,0.42690749
11370,1137,0.525039436,1,1.16568047,0.517664692,58.1105564,58.8865407,1,0.509197795,58.1105564,58.8865407,0.429623665
11380,1138,0.519486978,1,1.15384615,0.520569637,63.7949229,59.2871659,1,0.487051584,63.7949229,59.2871659,0.438343595
11390,1139,0.516988039,1,1.17751479,0.519846685,62.9211194,65.0289495,1,0.514506099,62.9211194,65.0289495,0.446760937
11400,1140,0.514390206,1,1.20710059,0.512211258,57.1470089,63.3111365,1,0.589853828,57.1470089,63.3111365,0.46340158
11410,1141,0.521618028,1,1.17751479,0.511644759,59.3512757,57.8877061,1,0.644168623,59.3512757,57.8877061,0.450327884
11420,1142,0.53541147,1,1.18934911,0.515584425,64.3047416,60.5470478,1,0.665976136,64.3047416,60.5470478,0.432475488
11430,1143,0.539118973,1,1.22485207,0.515252185,61.0596393,65.18095,1,0.562613074,61.0596393,65.18095,0.435168046
11440,1144,0.532516593,1,1.23668639,0.514720658,56.698417,61.9497625,1,0.519578249,56.698417,61.9497625,0.417521799
11450,1145,0.520013893,1,1.17751479,0.517532723,60.4668853,57.7237952,1,0.521269662,60.4668853,57.7237952,0.43555142
11460,1146,0.506061099,1,1.13609467,0.513381199,64.7199258,61.9781956,1,0.51128362,64.7199258,61.9781956,0.46274379
11470,1147,0.506289674,1,1.0887574,0.509069348,60.2977164,65.9321819,1,0.49589122,60.2977164,65.9321819,0.456316249
11480,1148,0.512196748,1,1.17159763,0.516234919,56.7499207,61.3325467,1,0.530183875,56.7499207,61.3325467,0.446839646
11490,1149,0.534030004,1,1.18343195,0.520738952,61.7285235,58.4541912,1,0.648309623,61.7285235,58.4541912,0.44236733
11500,1150,0.52653522,1,1.1183432,0.510513374,64.2300006,63.4769192,1,0.664517884,64.2300006,63.4769192,0.431628159
11510,1151,0.53916702,1,1.24852071,0.51787907,58.7990225,65.1108342,1,0.532123806,58.7990225,65.1108342,0.436264409
11520,1152,0.52101916,1,1.23076923,0.513910303,57.4613244,59.5139042,1,0.507596682,57.4613244,59.5139042,0.442659141
11530,1153,0.519357062,1,1.15384615,0.516994881,63.0635804,58.3820329,1,0.505441288,63.0635804,58.3820329,0.439650246
11540,1154,0.513656615,1,1.10059172,0.51641358,64.0291539,64.183893,1,0.482929577,64.0291539,64.183893,0.452435305
11550,1155,0.517996095,1,1.1183432,0.517921581,58.2746379,64.8148309,1,0.519283325,58.2746379,64.8148309,0.445307805
11560,1156,0.517239546,1,1.18934911,0.518099335,58.2998242,58.7914578,1,0.594114819,58.2998242,58.7914578,0.463340441
11570,1157,0.510898881,1,1.13017751,0.512432682,63.9276911,59.0618302,1,0.585404545,63.9276911,59.0618302,0.433412132
11580,1158,0.543336199,1,1.18343195,0.519833138,62.4507368,64.5676228,1,0.617429816,62.4507368,64.5676228,0.43849626
11590,1159,0.535136884,1,1.27810651,0.515097366,57.1653606,62.8973715,1,0.528291112,57.1653606,62.8973715,0.426385254
11600,1160,0.527031729,1,1.24852071,0.518640459,59.1839906,57.7074456,1,0.510686652,59.1839906,57.7074456,0.428360002
11610,1161,0.517457972,1,1.18934911,0.51566678,64.4362842,59.9992727,1,0.508067148,64.4362842,59.9992727,0.440810573
11620,1162,0.512969338,1,1.1183432,0.512569772,61.5005607,65.1267903,1,0.520920972,61.5005607,65.1267903,0.454496984
11630,1163,0.503478344,1,1.14201183,0.509580175,56.4776719,61.7111149,1,0.525976102,56.4776719,61.7111149,0.467248342
11640,1164,0.520679313,1,1.15976331,0.514344451,60.3273743,57.2440643,1,0.600914554,60.3273743,57.2440643,0.4536163
11650,1165,0.527595072,1,1.14792899,0.514246397,64.2008891,61.5674904,1,0.665291356,64.2008891,61.5674904,0.446525908
11660,1166,0.539323729,1,1.23076923,0.516549621,59.5593345,64.7350977,1,0.555401948,59.5593345,64.7350977,0.432262289
11670,1167,0.522797578,1,1.20118343,0.513801978,56.8125787,59.7228182,1,0.52237112,56.8125787,59.7228182,0.439658376
11680,1168,0.520708336,1,1.17159763,0.518408686,61.9799805,57.2287745,1,0.505679153,61.9799805,57.2287745,0.441368872
11690,1169,0.517535228,1,1.13609467,0.515117153,64.4912314,62.4236046,1,0.503267962,64.4912314,62.4236046,0.443844428
11700,1170,0.513153635,1,1.13017751,0.515768576,59.0478252,64.6649133,1,0.496923012,59.0478252,64.6649133,0.452828947
11710,1171,0.507272951,1,1.12426036,0.51361393,57.1230134,59.0422624,1,0.512567789,57.1230134,59.0422624,0.457152906
11720,1172,0.535889903,1,1.17159763,0.520818011,62.8802965,58.1640362,1,0.646354286,62.8802965,58.1640362,0.44799085
11730,1173,0.529573453,1,1.14201183,0.508387152,63.0448303,64.0788917,1,0.646187991,63.0448303,64.0788917,0.455164882
11740,1174,0.536259364,1,1.23076923,0.516268183,57.5961853,63.529614,1,0.523633522,57.5961853,63.529614,0.421250875
11750,1175,0.521916731,1,1.20710059,0.515539223,58.3259328,57.9104172,1,0.510613415,58.3259328,57.9104172,0.435875671
11760,1176,0.521372415,1,1.15384615,0.519998287,63.9312139,58.8904052,1,0.508262897,63.9312139,58.8904052,0.437715648
11770,1177,0.507318396,1,1.1183432,0.508316031,62.5393908,64.7635951,1,0.507534668,62.5393908,64.7635951,0.464296444
11780,1178,0.503971745,1,1.10059172,0.511235932,56.8171086,63.2360863,1,0.468448237,56.8171086,63.2360863,0.455588551
11790,1179,0.501614764,1,1.1183432,0.516235441,58.393727,57.874477,1,0.478957397,58.393727,57.874477,0.4298932
11800,1180,0.514816464,1,1.15976331,0.520118125,63.4665347,60.0558084,1,0.584021976,63.4665347,60.0558084,0.424762961
11810,1181,0.535411888,1,1.18934911,0.512079145,60.4808239,64.9021384,1,0.659770502,60.4808239,64.9021384,0.43786318
11820,1182,0.534530121,1,1.19526627,0.51147186,56.1656735,61.4540484,1,0.541669817,56.1656735,61.4540484,0.424890157
11830,1183,0.524593774,1,1.17751479,0.519694056,60.1520264,57.4162455,1,0.511080476,60.1520264,57.4162455,0.436465508
11840,1184,0.515883398,1,1.14792899,0.515751336,64.3015372,61.5525101,1,0.513280531,64.3015372,61.5525101,0.45068734
11850,1185,0.50939273,1,1.14792899,0.51558513,60.0888829,65.5702633,1,0.493967347,60.0888829,65.5702633,0.447800657
11860,1186,0.509236821,1,1.10059172,0.515937248,56.4133607,61.1578061,1,0.497196158,56.4133607,61.1578061,0.441750431
11870,1187,0.526778891,1,1.17159763,0.522437622,61.4226265,58.1963392,1,0.60954025,61.4226265,58.1963392,0.447630381
11880,1188,0.535830619,1,1.17751479,0.516113602,63.5807688,63.724436,1,0.646880844,63.5807688,63.724436,0.456494441
11890,1189,0.534393829,1,1.26627219,0.516162452,58.0241728,65.1525466,1,0.524717256,58.0241728,65.1525466,0.441321703
11900,1190,0.526335318,1,1.18934911,0.5140861,56.9068861,59.496363,1,0.520174368,56.9068861,59.496363,0.443498344
11910,1191,0.523457797,1,1.20710059,0.515037959,62.5919836,58.6770308,1,0.510520994,62.5919836,58.6770308,0.441833455
11920,1192,0.514640794,1,1.14201183,0.515735134,63.2194282,64.5844315,1,0.496232172,63.2194282,64.5844315,0.456971441
11930,1193,0.512246134,1,1.10059172,0.514758223,57.3623376,65.041901,1,0.491184525,57.3623376,65.041901,0.451917605
11940,1194,0.50625776,1,1.14792899,0.515946004,57.2421086,59.171741,1,0.519889053,57.2421086,59.171741,0.451645466
11950,1195,0.519987952,1,1.15384615,0.518789409,62.9744517,59.8168535,1,0.612365335,62.9744517,59.8168535,0.443733003
11960,1196,0.539496725,1,1.23076923,0.519211915,61.2537482,65.4449754,1,0.597848733,61.2537482,65.4449754,0.452714214
11970,1197,0.527566296,1,1.19526627,0.512652971,55.9481129,63.1991556,1,0.52789527,55.9481129,63.1991556,0.443182898
11980,1198,0.532810926,1,1.21301775,0.515165146,58.16945,58.1944156,1,0.519122043,58.16945,58.1944156,0.421196949
11990,1199,0.522381795,1,1.15976331,0.52004375,63.2104354,60.6940504,1,0.508073542,63.2104354,60.6940504,0.432822765
12000,1200,0.522002463,1,1.13609467,0.518712598,60.9566514,65.6592897,1,0.489068415,60.9566514,65.6592897,0.419446968
12010,1201,0.517347516,1,1.14792899,0.517732528,55.8677815,62.8612495,1,0.491621856,55.8677815,62.8612495,0.446721294
12020,1202,0.514292406,1,1.17159763,0.517923342,59.2177363,57.9632125,1,0.54249338,59.2177363,57.9632125,0.456465479
12030,1203,0.53456239,1,1.16568047,0.522773853,63.5192604,61.9164534,1,0.654440978,63.5192604,61.9164534,0.449399488
12040,1204,0.534656226,1,1.17751479,0.510311525,58.9722124,65.6676056,1,0.621647174,58.9722124,65.6676056,0.453433893
12050,1205,0.527140703,1,1.21301775,0.511134987,55.9255676,60.7065726,1,0.523485695,55.9255676,60.7065726,0.447834319
12060,1206,0.518661111,1,1.19526627,0.512557225,61.0371489,57.9181463,1,0.522413336,61.0371489,57.9181463,0.447898344
12070,1207,0.519784816,1,1.15384615,0.512152619,63.7225149,62.7823136,1,0.499624621,63.7225149,62.7823136,0.427399688
12080,1208,0.520207277,1,1.14201183,0.519393395,58.7040191,65.2548351,1,0.478672223,58.7040191,65.2548351,0.430347752
12090,1209,0.51562173,1,1.13017751,0.519319365,56.3672743,59.9921908,1,0.500680229,56.3672743,59.9921908,0.442931336
12100,1210,0.517214695,1,1.14792899,0.516004526,62.1712829,58.3706813,1,0.590933295,62.1712829,58.3706813,0.463558456
12110,1211,0.536334648,1,1.17751479,0.517283914,62.6478517,64.2843572,1,0.650451515,62.6478517,64.2843572,0.456372891
12120,1212,0.529088151,1,1.18343195,0.508866347,56.8047268,64.2265099,1,0.59574015,56.8047268,64.2265099,0.449493172
12130,1213,0.540075906,1,1.23076923,0.51328702,57.172255,58.7954118,1,0.557156524,57.172255,58.7954118,0.418732265
12140,1214,0.522131302,1,1.18934911,0.518438126,62.7582184,59.4699356,1,0.500750032,62.7582184,59.4699356,0.432810887
12150,1215,0.525984689,1,1.18343195,0.517151477,62.2356803,64.8803554,1,0.516964469,62.2356803,64.8803554,0.418122655
12160,1216,0.512866509,1,1.0887574,0.517470563,56.5636822,63.8097696,1,0.498720484,56.5636822,63.8097696,0.444011544
12170,1217,0.513469208,1,1.13017751,0.518150793,58.0979087,58.1540264,1,0.520464332,58.0979087,58.1540264,0.450780274
12180,1218,0.52972712,1,1.19526627,0.520524527,63.598907,60.495429,1,0.62953524,63.598907,60.495429,0.459889036
12190,1219,0.519193894,1,1.13017751,0.508064882,60.8652432,65.631763,1,0.643534899,60.8652432,65.631763,0.447576282
12200,1220,0.543811918,1,1.17751479,0.519135906,56.3584028,62.2675486,1,0.609566732,56.3584028,62.2675486,0.432616572
12210,1221,0.527589836,1,1.21893491,0.520140864,60.1984845,58.0756177,1,0.505218703,60.1984845,58.0756177,0.437302868
12220,1222,0.525363146,1,1.18934911,0.51545814,64.3276074,61.7850724,1,0.515032752,64.3276074,61.7850724,0.42697304
12230,1223,0.517647402,1,1.14792899,0.513974173,60.3298153,65.8629121,1,0.499912479,60.3298153,65.8629121,0.439278043
12240,1224,0.511191172,1,1.0887574,0.515042915,56.4073353,61.3842571,1,0.482652224,56.4073353,61.3842571,0.457961783
12250,1225,0.517345741,1,1.18934911,0.520998193,61.0776153,58.0188661,1,0.546625248,61.0776153,58.0188661,0.442808226
12260,1226,0.518657559,1,1.13017751,0.517268627,64.103992,63.0383529,1,0.610105031,64.103992,63.0383529,0.450865069
12270,1227,0.538856132,1,1.16568047,0.516782786,58.5899636,65.0924776,1,0.606717512,58.5899636,65.0924776,0.452631597
12280,1228,0.525344835,1,1.21301775,0.510985473,57.290718,59.44156,1,0.52586939,57.290718,59.44156,0.446027226
12290,1229,0.524469823,1,1.19526627,0.514820014,62.838068,58.5037619,1,0.50669862,62.838068,58.5037619,0.432773885
12300,1230,0.522220538,1,1.17159763,0.516972635,63.8651503,63.9654994,1,0.507129373,63.8651503,63.9654994,0.427497704
12310,1231,0.519791106,1,1.17751479,0.520479673,58.3941659,64.7638367,1,0.490679606,58.3941659,64.7638367,0.42530193
12320,1232,0.513399896,1,1.14201183,0.518983583,57.8456281,59.0436045,1,0.497453031,57.8456281,59.0436045,0.442036372
12330,1233,0.519613424,1,1.18343195,0.517792984,63.6955718,59.1181326,1,0.573712168,63.6955718,59.1181326,0.450032186
12340,1234,0.540205555,1,1.20710059,0.520780281,62.5405816,64.8787209,1,0.661965841,62.5405816,64.8787209,0.451941112
12350,1235,0.537627114,1,1.16568047,0.514536346,57.026692,63.0861972,1,0.60483598,57.026692,63.0861972,0.445995458
12360,1236,0.534146285,1,1.24852071,0.511871007,59.1028394,57.858023,1,0.535683488,59.1028394,57.858023,0.432716706
12370,1237,0.525359921,1,1.17159763,0.516233033,64.0868769,60.2839005,1,0.513830636,64.0868769,60.2839005,0.426389209
12380,1238,0.510025644,1,1.18343195,0.51323287,61.0984412,65.4250355,1,0.506226312,61.0984412,65.4250355,0.457430544
12390,1239,0.511530116,1,1.08284024,0.510924518,56.1539714,62.2559102,1,0.508665538,56.1539714,62.2559102,0.451762736
12400,1240,0.506676262,1,1.13017751,0.513785745,59.4313705,57.3493279,1,0.474963592,59.4313705,57.3493279,0.453884583
12410,1241,0.51827271,1,1.17751479,0.520963801,63.7610578,60.9398215,1,0.557100497,63.7610578,60.9398215,0.432673239
12420,1242,0.534345724,1,1.15384615,0.521294507,59.5822027,64.8616062,1,0.661751638,59.5822027,64.8616062,0.440838525
12430,1243,0.542364998,1,1.22485207,0.522286414,56.3549602,60.2298286,1,0.545214984,56.3549602,60.2298286,0.43424734
12440,1244,0.521172374,1,1.23076923,0.513000665,61.4234107,57.363849,1,0.504883387,61.4234107,57.363849,0.447894677
12450,1245,0.509703124,1,1.14792899,0.506985184,64.1392769,62.7063054,1,0.502253466,64.1392769,62.7063054,0.46101104
12460,1246,0.514448134,1,1.13609467,0.509774058,58.9388701,65.2582744,1,0.491246083,58.9388701,65.2582744,0.445601621
12470,1247,0.515378301,1,1.12426036,0.519003874,56.5497763,60.2046877,1,0.463302137,56.5497763,60.2046877,0.429989042
12480,1248,0.509163365,1,1.10059172,0.522572738,61.7180428,58.0121336,1,0.484310644,61.7180428,58.0121336,0.4318549
12490,1249,0.526823908,1,1.17159763,0.519655106,63.0784514,63.6497855,1,0.626051701,63.0784514,63.6497855,0.446112932
12500,1250,0.528919027,1,1.16568047,0.509827205,57.017782,63.8847432,1,0.62992714,57.017782,63.8847432,0.466555537
12510,1251,0.529821308,1,1.23668639,0.513024285,57.5294733,58.197956,1,0.528311003,57.5294733,58.197956,0.43921243
12520,1252,0.531430329,1,1.21301775,0.514961511,63.1539437,58.7493663,1,0.513684512,63.1539437,58.7493663,0.434725788
12530,1253,0.529357092,1,1.19526627,0.519869315,62.4592204,64.2463093,1,0.517773759,62.4592204,64.2463093,0.426205374
12540,1254,0.519673352,1,1.14201183,0.520913421,56.7568469,63.3327233,1,0.496475115,56.7568469,63.3327233,0.444237948
12550,1255,0.514998927,1,1.11242604,0.518295834,58.1027209,57.555126,1,0.50711514,58.1027209,57.555126,0.456329628
12560,1256,0.515273385,1,1.15976331,0.515218791,63.785448,59.6047068,1,0.5714697,63.785448,59.6047068,0.464695415
12570,1257,0.524000035,1,1.20710059,0.514435659,61.1411356,64.9984264,1,0.65277843,61.1411356,64.9984264,0.462080444
12580,1258,0.531896201,1,1.13017751,0.510781942,56.2412196,61.9106641,1,0.67058071,56.2412196,61.9106641,0.445513153
12590,1259,0.539665027,1,1.14792899,0.512786246,59.5398957,57.5066536,1,0.636586582,59.5398957,57.5066536,0.423262702
12600,1260,0.528287632,1,1.21893491,0.516840395,63.5925384,61.3945209,1,0.50431514,63.5925384,61.3945209,0.431999785
12610,1261,0.517294803,1,1.18343195,0.513603327,59.4581005,65.4385315,1,0.506853572,59.4581005,65.4385315,0.444876144
12620,1262,0.517093045,1,1.14201183,0.516420502,55.562003,61.4993319,1,0.498802293,55.562003,61.4993319,0.426190423
12630,1263,0.520358528,1,1.18934911,0.524688685,59.8510467,57.8808024,1,0.515354326,59.8510467,57.8808024,0.431658775
12640,1264,0.503050704,1,1.13609467,0.506601156,63.2929808,62.9393727,1,0.568828107,63.2929808,62.9393727,0.470653856
12650,1265,0.53495497,1,1.18934911,0.518228761,57.8343891,65.1639731,1,0.661517125,57.8343891,65.1639731,0.45342269
12660,1266,0.532825889,1,1.17159763,0.50997739,56.0659743,59.7022861,1,0.657031796,56.0659743,59.7022861,0.441603563
12670,1267,0.536732343,1,1.19526627,0.511961579,61.5394716,58.5786998,1,0.55051068,61.5394716,58.5786998,0.429817766
12680,1268,0.52604839,1,1.19526627,0.51706881,62.4219403,64.0140625,1,0.516503369,62.4219403,64.0140625,0.423579551
12690,1269,0.517432286,1,1.13609467,0.517773953,56.8073275,64.7674299,1,0.50073463,56.8073275,64.7674299,0.435763891
12700,1270,0.513670423,1,1.11242604,0.51528606,56.4311183,58.9403869,1,0.505239509,56.4311183,58.9403869,0.449167297
12710,1271,0.505787031,1,1.12426036,0.510095573,62.4543563,58.8848154,1,0.50010671,62.4543563,58.8848154,0.46334572
12720,1272,0.518197373,1,1.17159763,0.516810697,61.9561769,64.6239518,1,0.555632338,61.9561769,64.6239518,0.443132132
12730,1273,0.535367109,1,1.15384615,0.519968331,56.3025986,63.2993574,1,0.659985586,56.3025986,63.2993574,0.44666746
12740,1274,0.536723656,1,1.1183432,0.510313757,58.0770713,57.9286775,1,0.64685472,58.0770713,57.9286775,0.435094744
12750,1275,0.533344331,1,1.25443787,0.51385431,63.1162336,60.300925,1,0.515789191,63.1162336,60.300925,0.428432634
12760,1276,0.520235725,1,1.17159763,0.517307286,60.3791838,65.1879671,1,0.515926363,60.3791838,65.1879671,0.430869644
12770,1277,0.503518672,1,1.14792899,0.507878418,55.2433019,61.8215781,1,0.514220702,55.2433019,61.8215781,0.472371943
12780,1278,0.503697716,1,1.07100592,0.503419374,58.9846919,57.0448888,1,0.505885066,58.9846919,57.0448888,0.466732055
12790,1279,0.500688138,1,1.13017751,0.510993241,63.6543692,60.5528682,1,0.452188593,63.6543692,60.5528682,0.449271639
12800,1280,0.506092846,1,1.15384615,0.520588527,60.1674858,64.7066791,1,0.508488902,60.1674858,64.7066791,0.417179177
12810,1281,0.509405081,1,1.12426036,0.519126797,56.2221491,60.9180524,1,0.588340029,56.2221491,60.9180524,0.420758496
12820,1282,0.541926046,1,1.20118343,0.516719935,60.7630158,57.7041621,1,0.610838456,60.7630158,57.7041621,0.427934083
12830,1283,0.523822041,1,1.20710059,0.514312251,63.3403588,62.6613289,1,0.516347235,63.3403588,62.6613289,0.429780459
12840,1284,0.51875427,1,1.17159763,0.51524867,58.0603112,65.0861315,1,0.5129322,58.0603112,65.0861315,0.446939431
12850,1285,0.51654569,1,1.13609467,0.513489822,55.6132702,59.8300965,1,0.501776688,55.6132702,59.8300965,0.44598083
12860,1286,0.521507491,1,1.10059172,0.519855465,60.804319,57.7141182,1,0.491074767,60.804319,57.7141182,0.431210986
12870,1287,0.50578958,1,1.1183432,0.514997115,62.9282753,63.2722787,1,0.473549505,62.9282753,63.2722787,0.457704191
12880,1288,0.510954141,1,1.12426036,0.520478582,57.4547529,64.6697076,1,0.545509981,57.4547529,64.6697076,0.434545636
12890,1289,0.531086615,1,1.10650888,0.516377984,56.8513839,58.872589,1,0.661594374,56.8513839,58.872589,0.44834105
12900,1290,0.527145786,1,1.25443787,0.512981791,62.7079614,59.4981217,1,0.526312898,62.7079614,59.4981217,0.453068376
12910,1291,0.514965922,1,1.18934911,0.507823154,61.5555364,65.1811966,1,0.50867953,61.5555364,65.1811966,0.446057178
12920,1292,0.520484664,1,1.18934911,0.516539691,55.9938904,63.9517254,1,0.505275431,55.9938904,63.9517254,0.438147697
12930,1293,0.522831083,1,1.17751479,0.515902221,56.8822301,58.6014179,1,0.507724158,56.8822301,58.6014179,0.417196456
12940,1294,0.521766881,1,1.16568047,0.526114943,62.2727792,59.6863613,1,0.461407979,62.2727792,59.6863613,0.42297286
12950,1295,0.51372584,1,1.14792899,0.521985671,60.9311673,65.1861417,1,0.492841577,60.9311673,65.1861417,0.435465522
12960,1296,0.530219872,1,1.20710059,0.519266424,55.5690793,62.6367825,1,0.634057554,55.5690793,62.6367825,0.456713367
12970,1297,0.529852664,1,1.17751479,0.509178225,59.0947235,57.761455,1,0.63080939,59.0947235,57.761455,0.462812252
12980,1298,0.531690763,1,1.20710059,0.5096414,63.4183671,61.5052961,1,0.557964116,63.4183671,61.5052961,0.439945127
12990,1299,0.530989367,1,1.25443787,0.509315024,59.5715199,65.6070123,1,0.521091596,59.5715199,65.6070123,0.432567055
13000,1300,0.525687316,1,1.21893491,0.518501938,55.7884293,61.5902573,1,0.509546366,55.7884293,61.5902573,0.424446001
13010,1301,0.520238365,1,1.18343195,0.518749875,59.7750166,57.7342441,1,0.500607886,59.7750166,57.7342441,0.426640352
13020,1302,0.513193511,1,1.13609467,0.519459193,63.4822982,62.0997648,1,0.491718472,63.4822982,62.0997648,0.44055981
13030,1303,0.516508002,1,1.17159763,0.519339669,58.6489794,65.3574738,1,0.548438912,58.6489794,65.3574738,0.448360848
13040,1304,0.532178696,1,1.19526627,0.517246495,56.3250044,59.7673082,1,0.66458327,56.3250044,59.7673082,0.465691641
13050,1305,0.532445088,1,1.18934911,0.512183221,62.0987693,58.4353415,1,0.580915124,62.0987693,58.4353415,0.455800855
13060,1306,0.527031826,1,1.23076923,0.511925521,62.9065466,64.1335087,1,0.519086186,62.9065466,64.1335087,0.442702923
13070,1307,0.53218011,1,1.27218935,0.511640713,57.417955,64.8210109,1,0.518718939,57.417955,64.8210109,0.425498648
13080,1308,0.527593922,1,1.19526627,0.521373041,56.9478202,59.3725103,1,0.509526709,56.9478202,59.3725103,0.420672785
13090,1309,0.519169576,1,1.14201183,0.519551198,62.5908395,58.9468501,1,0.485702566,62.5908395,58.9468501,0.435311584
13100,1310,0.51559588,1,1.15976331,0.518762802,62.334608,64.8606231,1,0.53481156,62.334608,64.8606231,0.455332414
13110,1311,0.520351044,1,1.19526627,0.51257022,56.3619941,63.7215302,1,0.610744765,56.3619941,63.7215302,0.467712863
13120,1312,0.524748069,1,1.14792899,0.508650179,58.1165211,58.1122874,1,0.660984148,58.1165211,58.1122874,0.452095514
13130,1313,0.536729974,1,1.18343195,0.511122887,63.2535328,60.39999,1,0.617832876,63.2535328,60.39999,0.432568167
13140,1314,0.538619582,1,1.23668639,0.515296285,60.7494814,65.1920025,1,0.537894686,60.7494814,65.1920025,0.415908908
13150,1315,0.528105823,1,1.19526627,0.517777898,55.9147356,62.5281824,1,0.518038321,55.9147356,62.5281824,0.424617498
13160,1316,0.509398216,1,1.17159763,0.513900765,59.1829648,57.609536,1,0.512261525,59.1829648,57.609536,0.454265805
13170,1317,0.510055528,1,1.09467456,0.509591101,63.9297433,61.2461337,1,0.529866498,63.9297433,61.2461337,0.459976519
13180,1318,0.500861554,1,1.10059172,0.506410236,60.1056394,65.9328472,1,0.492391107,60.1056394,65.9328472,0.465299125
13190,1319,0.514591095,1,1.16568047,0.518103626,56.0043585,62.0595239,1,0.533068939,56.0043585,62.0595239,0.433938472
13200,1320,0.538901114,1,1.17751479,0.521977279,60.5493154,58.4221062,1,0.660546251,60.5493154,58.4221062,0.447791697
13210,1321,0.538807653,1,1.19526627,0.513715278,63.5266778,63.2216468,1,0.609730021,63.5266778,63.2216468,0.434464077
13220,1322,0.528788532,1,1.20710059,0.51425217,58.3490638,65.5670127,1,0.511276109,58.3490638,65.5670127,0.437234645
13230,1323,0.514844374,1,1.15384615,0.510539485,56.132135,60.083509,1,0.499961989,56.132135,60.083509,0.454976341
13240,1324,0.516422856,1,1.18343195,0.511657068,61.540182,58.0356969,1,0.499992246,61.540182,58.0356969,0.444828978
13250,1325,0.511850283,1,1.14792899,0.514203425,63.4400712,63.4667013,1,0.472608541,63.4400712,63.4667013,0.442594476
13260,1326,0.519093368,1,1.17751479,0.52283111,57.9531832,64.8582034,1,0.525066993,57.9531832,64.8582034,0.435429579
13270,1327,0.520860252,1,1.16568047,0.517650083,57.3112814,58.947621,1,0.620983253,57.3112814,58.947621,0.457333557
13280,1328,0.531846252,1,1.17159763,0.511487936,63.2585357,59.3740909,1,0.639206326,63.2585357,59.3740909,0.458655805
13290,1329,0.527416699,1,1.20710059,0.516101289,61.9789508,65.0239369,1,0.517173149,61.9789508,65.0239369,0.44561039
13300,1330,0.528516376,1,1.23076923,0.512837246,56.5058694,63.7490675,1,0.525997255,56.5058694,63.7490675,0.432276984
13310,1331,0.530204246,1,1.20118343,0.520433235,57.9260881,58.4685143,1,0.517864974,57.9260881,58.4685143,0.42063113
13320,1332,0.519395205,1,1.18343195,0.520799737,63.4397471,59.9402178,1,0.487163794,63.4397471,59.9402178,0.438976398
13330,1333,0.519165526,1,1.1183432,0.522466381,61.6906044,65.3370308,1,0.496287393,61.6906044,65.3370308,0.436399268
13340,1334,0.517926822,1,1.15384615,0.51540455,56.2372596,62.7008788,1,0.57420667,56.2372596,62.7008788,0.465929544
13350,1335,0.523745651,1,1.15976331,0.515241647,59.6254745,57.8287647,1,0.650535694,59.6254745,57.8287647,0.456494849
13360,1336,0.539369211,1,1.21893491,0.519020789,63.9708835,61.7837613,1,0.619140758,63.9708835,61.7837613,0.451981677
13370,1337,0.535600477,1,1.18343195,0.506353935,60.052763,65.7787647,1,0.622150154,60.052763,65.7787647,0.430437511
13380,1338,0.538796541,1,1.24852071,0.515594803,56.5034427,61.6884592,1,0.529113674,56.5034427,61.6884592,0.416581422
13390,1339,0.520463547,1,1.18343195,0.516259087,61.0148449,58.2154124,1,0.513526283,61.0148449,58.2154124,0.437953848
13400,1340,0.51024495,1,1.09467456,0.51267953,64.412814,63.0774752,1,0.496325484,64.412814,63.0774752,0.456289697
13410,1341,0.512600084,1,1.13017751,0.516540614,59.5451818,66.1529665,1,0.50061528,59.5451818,66.1529665,0.442909221
13420,1342,0.506442265,1,1.14792899,0.5153825,56.797953,60.9101487,1,0.531917756,56.797953,60.9101487,0.455306677
13430,1343,0.52527739,1,1.18343195,0.517657931,62.2345509,58.9942197,1,0.634890035,62.2345509,58.9942197,0.443409202
13440,1344,0.538787308,1,1.21301775,0.517290089,63.082801,64.787998,1,0.571965955,63.082801,64.787998,0.450426458
13450,1345,0.52456775,1,1.23076923,0.510872312,57.2866963,65.0285562,1,0.499244675,57.2866963,65.0285562,0.446238042
13460,1346,0.521425528,1,1.21893491,0.516127641,57.3007287,59.3237153,1,0.506256856,57.3007287,59.3237153,0.438835242
13470,1347,0.516550252,1,1.15384615,0.514754178,63.1075534,59.4788756,1,0.508864238,63.1075534,59.4788756,0.446838251
13480,1348,0.518290693,1,1.15384615,0.520020646,62.6265331,65.2525088,1,0.504090862,62.6265331,65.2525088,0.445664325
13490,1349,0.513804492,1,1.15976331,0.515136342,56.6437802,64.4007836,1,0.52431326,56.6437802,64.4007836,0.464851999
13500,1350,0.512371211,1,1.16568047,0.514010496,57.9990598,58.6271451,1,0.540786133,57.9990598,58.6271451,0.456197847
13510,1351,0.515347507,1,1.10059172,0.513981795,63.4282376,60.4660438,1,0.610625838,63.4282376,60.4660438,0.440934463
13520,1352,0.540647902,1,1.21893491,0.51671472,60.8266507,65.4552328,1,0.606062006,60.8266507,65.4552328,0.432826556
13530,1353,0.524321616,1,1.17159763,0.516384928,56.0876884,62.2290032,1,0.494542988,56.0876884,62.2290032,0.440993506
13540,1354,0.515550166,1,1.19526627,0.513184311,59.5529992,57.5251433,1,0.506118616,59.5529992,57.5251433,0.449422231
13550,1355,0.520004786,1,1.13609467,0.514811536,63.9853183,60.937273,1,0.494555837,63.9853183,60.937273,0.430275005
13560,1356,0.514086873,1,1.11242604,0.518324012,60.279755,65.4342942,1,0.471028227,60.279755,65.4342942,0.448233878
13570,1357,0.516543744,1,1.1183432,0.521975143,56.1297591,61.701851,1,0.512706649,56.1297591,61.701851,0.429349297
13580,1358,0.514159533,1,1.18343195,0.518116143,60.3860392,57.7052646,1,0.569245765,60.3860392,57.7052646,0.449118943
13590,1359,0.540121151,1,1.18343195,0.518601347,63.5138244,62.7045458,1,0.654309718,63.5138244,62.7045458,0.453623493
13600,1360,0.531993147,1,1.21301775,0.511849086,58.2689569,65.098252,1,0.567118812,58.2689569,65.098252,0.443483151
13610,1361,0.526570376,1,1.21301775,0.516497394,56.4250534,59.7045467,1,0.513189882,56.4250534,59.7045467,0.438475288
13620,1362,0.519366446,1,1.15976331,0.513589733,61.9456787,57.9865905,1,0.507698535,61.9456787,57.9865905,0.444750294
13630,1363,0.519023894,1,1.15384615,0.518743741,63.4031096,63.4750827,1,0.503537952,63.4031096,63.4750827,0.436823199
13640,1364,0.512644742,1,1.11242604,0.514275327,57.6935693,64.8622073,1,0.479483944,57.6935693,64.8622073,0.451971122
13650,1365,0.519512844,1,1.16568047,0.521430313,57.0692939,59.0770234,1,0.562843412,57.0692939,59.0770234,0.44759761
13660,1366,0.515484719,1,1.14792899,0.514830468,62.9544004,58.8812014,1,0.601091701,62.9544004,58.8812014,0.452951037
13670,1367,0.540616795,1,1.18343195,0.517485582,62.0251656,64.5924297,1,0.652525749,62.0251656,64.5924297,0.445102253
13680,1368,0.530527396,1,1.22485207,0.512329563,56.4832159,63.0889438,1,0.535263362,56.4832159,63.0889438,0.441713149
13690,1369,0.529764214,1,1.20710059,0.519856643,58.3235246,57.8626558,1,0.50956763,58.3235246,57.8626558,0.426217861
13700,1370,0.52570211,1,1.21893491,0.518060123,63.6594062,59.6326913,1,0.517174609,63.6594062,59.6326913,0.432446309
13710,1371,0.518555715,1,1.13017751,0.51849703,61.5505288,64.9915521,1,0.489168181,61.5505288,64.9915521,0.442991133
13720,1372,0.512519682,1,1.10059172,0.518020153,56.2181665,62.7155918,1,0.484827818,56.2181665,62.7155918,0.445981953
13730,1373,0.514433922,1,1.15976331,0.52227207,58.926392,57.5982088,1,0.53825662,58.926392,57.5982088,0.445371293
13740,1374,0.530148824,1,1.14201183,0.512646141,63.6328069,61.3434156,1,0.656972157,63.6328069,61.3434156,0.462671141
13750,1375,0.532801822,1,1.15384615,0.511921702,59.2523279,65.2271517,1,0.621323276,59.2523279,65.2271517,0.450325344
13760,1376,0.530594116,1,1.23668639,0.517906819,55.8865641,60.6726185,1,0.519775087,55.8865641,60.6726185,0.435632836
13770,1377,0.523689705,1,1.21301775,0.512652875,60.4998115,57.4704949,1,0.498707085,60.4998115,57.4704949,0.431973915
13780,1378,0.525278254,1,1.17159763,0.519894774,63.4020768,62.230091,1,0.512629044,63.4020768,62.230091,0.428820441
13790,1379,0.510929986,1,1.14201183,0.513257695,58.3610209,65.2924962,1,0.48319045,58.3610209,65.2924962,0.453719473
13800,1380,0.511626263,1,1.08284024,0.521195075,55.7244232,60.3558964,1,0.484227257,55.7244232,60.3558964,0.430505861
13810,1381,0.512070889,1,1.18343195,0.518992515,61.0600956,58.0700764,1,0.553685623,61.0600956,58.0700764,0.446514267
13820,1382,0.533849942,1,1.20118343,0.518020367,61.9899334,64.0476398,1,0.638947407,61.9899334,64.0476398,0.465342423
13830,1383,0.524069383,1,1.22485207,0.507551987,56.1760849,64.1040686,1,0.537253897,56.1760849,64.1040686,0.447240179
13840,1384,0.528815559,1,1.25443787,0.516315261,56.5031135,58.489513,1,0.516735337,56.5031135,58.489513,0.432620903
13850,1385,0.53436504,1,1.27218935,0.509748676,61.9467131,58.3748611,1,0.518941821,61.9467131,58.3748611,0.418831294
13860,1386,0.528289218,1,1.17159763,0.52299738,61.617065,63.8312796,1,0.506307344,61.617065,63.8312796,0.420489783
13870,1387,0.522263441,1,1.21893491,0.519078226,56.1949063,63.8133838,1,0.491513672,56.1949063,63.8133838,0.417091403
13880,1388,0.512816772,1,1.14792899,0.518975472,56.754924,58.1702241,1,0.472709695,56.754924,58.1702241,0.436221478
13890,1389,0.524100533,1,1.16568047,0.520235892,62.3572121,59.5631626,1,0.584880375,62.3572121,59.5631626,0.444066133
13900,1390,0.531470048,1,1.20710059,0.514427048,59.8808648,65.0275824,1,0.668376373,59.8808648,65.0275824,0.461488328
13910,1391,0.533453455,1,1.11242604,0.507164784,54.957895,62.4213088,1,0.664076445,54.957895,62.4213088,0.428484972
13920,1392,0.539584152,1,1.25443787,0.517786804,58.021551,57.8556544,1,0.544530221,58.021551,57.8556544,0.422945357
13930,1393,0.527050423,1,1.20118343,0.515561979,62.5532237,61.053962,1,0.516599609,62.5532237,61.053962,0.426664714
13940,1394,0.520276577,1,1.16568047,0.516302144,58.9726361,65.4303682,1,0.503423693,58.9726361,65.4303682,0.434962684
13950,1395,0.52223036,1,1.15976331,0.522271124,54.8554741,61.6985394,1,0.51186411,54.8554741,61.6985394,0.427442985
13960,1396,0.499026297,1,1.0887574,0.50681168,59.3035014,57.4096149,1,0.520793623,59.3035014,57.4096149,0.475306324
13970,1397,0.522747145,1,1.17159763,0.515634809,62.7484993,62.0550843,1,0.592996638,62.7484993,62.0550843,0.444881452
13980,1398,0.513810554,1,1.14792899,0.515257209,58.0608919,65.281772,1,0.593789477,58.0608919,65.281772,0.437753661
13990,1399,0.542422904,1,1.17751479,0.517806122,55.6449284,60.0884235,1,0.607613609,55.6449284,60.0884235,0.440600369
14000,1400,0.527730363,1,1.19526627,0.514221574,61.0107924,58.2881453,1,0.523203515,61.0107924,58.2881453,0.435370331
14010,1401,0.522568262,1,1.17751479,0.519028849,62.5020459,63.7743067,1,0.51014911,62.5020459,63.7743067,0.437325137
14020,1402,0.51056557,1,1.11242604,0.511456564,56.6978022,65.161102,1,0.508108369,56.6978022,65.161102,0.459047423
14030,1403,0.504322687,1,1.1183432,0.508442733,55.5614968,59.2912455,1,0.501142606,55.5614968,59.2912455,0.459909987
14040,1404,0.505485729,1,1.11242604,0.513570419,61.2530466,58.3839372,1,0.477465777,61.2530466,58.3839372,0.443339585
14050,1405,0.523622052,1,1.20118343,0.523025118,61.4642757,63.981375,1,0.588754068,61.4642757,63.981375,0.430878607
14060,1406,0.538380886,1,1.17159763,0.518454723,55.6433328,63.4114068,1,0.667138051,55.6433328,63.4114068,0.449906236
14070,1407,0.535442555,1,1.23668639,0.516787966,57.217328,57.8991886,1,0.526571871,57.217328,57.8991886,0.440964591
14080,1408,0.519191074,1,1.18934911,0.508460913,62.726256,59.8124511,1,0.510855115,62.726256,59.8124511,0.4485932
14090,1409,0.523531812,1,1.18934911,0.518536262,60.7021132,64.9841983,1,0.508175201,60.7021132,64.9841983,0.427211428
14100,1410,0.515856954,1,1.15384615,0.513844457,55.3050581,62.887844,1,0.493841471,55.3050581,62.887844,0.445376679
14110,1411,0.516978737,1,1.12426036,0.520637033,57.6386555,57.6441714,1,0.482338441,57.6386555,57.6441714,0.441499456
14120,1412,0.520295488,1,1.15976331,0.517130326,62.739618,60.5136745,1,0.551888227,62.739618,60.5136745,0.450206177
14130,1413,0.516960957,1,1.17159763,0.516991875,59.2511276,65.3110173,1,0.605052634,59.2511276,65.3110173,0.456278121
14140,1414,0.535898662,1,1.17751479,0.515652062,55.0383609,61.2890691,1,0.669283011,55.0383609,61.2890691,0.448029686
14150,1415,0.534091328,1,1.22485207,0.519247892,59.5884904,57.7834003,1,0.534584884,59.5884904,57.7834003,0.441845187
14160,1416,0.530038873,1,1.20710059,0.518482689,62.7085255,62.3771139,1,0.502607943,62.7085255,62.3771139,0.427160875
14170,1417,0.525958151,1,1.17159763,0.519823785,57.982506,65.3623463,1,0.519699148,57.982506,65.3623463,0.429991562
14180,1418,0.515432102,1,1.17751479,0.514351792,55.0233715,60.2305817,1,0.494327765,55.0233715,60.2305817,0.455677435
14190,1419,0.51388,1,1.12426036,0.515551255,60.2330198,57.4497829,1,0.479105659,60.2330198,57.4497829,0.454258468
14200,1420,0.522225851,1,1.15976331,0.522244045,62.4472939,62.7451804,1,0.541599977,62.4472939,62.7451804,0.441515974
14210,1421,0.517047158,1,1.17159763,0.517029214,56.8835687,64.5862048,1,0.580458437,56.8835687,64.5862048,0.450800791
14220,1422,0.537114119,1,1.15976331,0.517533717,55.9297791,58.9212214,1,0.660337486,55.9297791,58.9212214,0.441901158
14230,1423,0.535967082,1,1.20710059,0.51364779,61.6721387,58.590886,1,0.58754432,61.6721387,58.590886,0.442450243
14240,1424,0.52866518,1,1.21301775,0.51612832,61.460097,64.1579142,1,0.516927245,61.460097,64.1579142,0.428543458
14250,1425,0.524961323,1,1.17159763,0.519380614,55.8193086,63.69857,1,0.502761731,55.8193086,63.69857,0.4353431
14260,1426,0.51849237,1,1.14201183,0.51798681,56.3552498,57.8680539,1,0.503198638,56.3552498,57.8680539,0.450392012
14270,1427,0.516018383,1,1.11242604,0.517420502,62.2256587,58.7751712,1,0.509487233,62.2256587,58.7751712,0.456929306
14280,1428,0.510190357,1,1.14201183,0.511696897,60.7830186,64.6560107,1,0.540249426,60.7830186,64.6560107,0.465784845
14290,1429,0.518519135,1,1.18343195,0.514087131,55.2098363,62.6531337,1,0.605918674,55.2098363,62.6531337,0.455550108
14300,1430,0.522468868,1,1.15384615,0.510460542,57.6769316,57.4919425,1,0.649080398,57.6769316,57.4919425,0.440040706
14310,1431,0.540117248,1,1.16568047,0.514158556,62.2585409,60.4602052,1,0.642081433,62.2585409,60.4602052,0.419930454
14320,1432,0.531125267,1,1.21893491,0.518585961,58.9484111,64.8183164,1,0.508078189,58.9484111,64.8183164,0.420974451
14330,1433,0.521291526,1,1.22485207,0.517962278,54.6148736,61.1601679,1,0.51402377,54.6148736,61.1601679,0.436239971
14340,1434,0.515110119,1,1.13017751,0.514172621,58.5396882,56.9191117,1,0.51748125,58.5396882,56.9191117,0.444497776
14350,1435,0.501506776,1,1.10059172,0.50572342,62.799541,61.3968874,1,0.497574888,62.799541,61.3968874,0.475412131
14360,1436,0.510843512,1,1.1183432,0.512446425,58.3636028,65.1121206,1,0.51463105,58.3636028,65.1121206,0.445094932
14370,1437,0.521762484,1,1.17751479,0.521379017,55.1411671,60.3462228,1,0.608877654,55.1411671,60.3462228,0.442544247
14380,1438,0.529294672,1,1.14792899,0.514816799,60.0665003,57.5820742,1,0.663559528,60.0665003,57.5820742,0.434458277
14390,1439,0.536303814,1,1.23076923,0.515473764,61.9295527,62.9563785,1,0.539623516,61.9295527,62.9563785,0.43754365
14400,1440,0.521491668,1,1.20710059,0.516721114,56.3477936,64.3553243,1,0.505921245,56.3477936,64.3553243,0.442645918
14410,1441,0.515645058,1,1.14792899,0.510022405,55.1539922,58.6514231,1,0.510861004,55.1539922,58.6514231,0.448268535
14420,1442,0.512830512,1,1.12426036,0.515415791,60.9520638,57.6955761,1,0.486440454,60.9520638,57.6955761,0.452025539
14430,1443,0.511655036,1,1.09467456,0.517953879,61.7557203,63.361971,1,0.485792067,61.7557203,63.361971,0.440238603
14440,1444,0.524158748,1,1.22485207,0.524406504,56.0174002,63.4236382,1,0.574228713,56.0174002,63.4236382,0.441434729
14450,1445,0.516949246,1,1.13609467,0.512683319,56.4781345,57.5621604,1,0.632690972,56.4781345,57.5621604,0.452273663
14460,1446,0.537914362,1,1.19526627,0.514217091,62.0254835,59.1142193,1,0.60671992,62.0254835,59.1142193,0.443106086
14470,1447,0.522988109,1,1.22485207,0.513300427,59.8461915,64.4089794,1,0.511409211,59.8461915,64.4089794,0.440439522
14480,1448,0.530863645,1,1.18934911,0.518477549,54.8371886,62.1723351,1,0.513297338,54.8371886,62.1723351,0.421975402
14490,1449,0.522681765,1,1.14792899,0.515514371,57.0552249,57.0385662,1,0.504916258,57.0552249,57.0385662,0.43018688
14500,1450,0.519631421,1,1.12426036,0.521903226,62.1444657,59.6075318,1,0.495157193,62.1444657,59.6075318,0.438528716
14510,1451,0.515812185,1,1.1183432,0.519790152,59.1827702,64.6990892,1,0.527542605,59.1827702,64.6990892,0.453099761
14520,1452,0.517980664,1,1.15976331,0.515401283,54.4050428,61.0476795,1,0.596455168,54.4050428,61.0476795,0.462559586
14530,1453,0.529557203,1,1.15384615,0.510647219,58.8291993,57.0364341,1,0.664110801,58.8291993,57.0364341,0.459374736
14540,1454,0.538150311,1,1.20118343,0.518323792,62.1019739,61.7011659,1,0.583648216,62.1019739,61.7011659,0.438331802
14550,1455,0.534536348,1,1.24852071,0.519180884,57.5055839,64.6415351,1,0.505981552,57.5055839,64.6415351,0.419724987
14560,1456,0.5245951,1,1.15976331,0.515047057,54.6898294,59.751736,1,0.524856761,54.6898294,59.751736,0.434043932
14570,1457,0.520950234,1,1.17751479,0.520311141,59.9059507,57.2089445,1,0.50308333,59.9059507,57.2089445,0.446377327
14580,1458,0.51004952,1,1.10059172,0.513338621,62.4069522,62.648736,1,0.499891003,62.4069522,62.648736,0.460552408
14590,1459,0.513675364,1,1.15976331,0.518104859,56.8917308,64.6616856,1,0.528784373,56.8917308,64.6616856,0.451621879
14600,1460,0.510111233,1,1.14201183,0.51157645,55.3950943,58.9761605,1,0.574309524,55.3950943,58.9761605,0.452246965
14610,1461,0.535260826,1,1.13609467,0.519925684,60.9574996,58.3435717,1,0.660493114,60.9574996,58.3435717,0.430635429
14620,1462,0.536318289,1,1.15384615,0.510494827,61.1196892,64.0574324,1,0.636834007,61.1196892,64.0574324,0.439704782
14630,1463,0.531473546,1,1.20710059,0.52174561,55.6479602,63.4415816,1,0.506530933,55.6479602,63.4415816,0.4235598
14640,1464,0.519192913,1,1.21301775,0.516037841,56.2938505,57.7469422,1,0.507383202,56.2938505,57.7469422,0.44085777
14650,1465,0.515735012,1,1.16568047,0.515894285,62.0452093,58.6085212,1,0.496031562,62.0452093,58.6085212,0.447348843
14660,1466,0.512395431,1,1.14201183,0.514480034,60.7737253,64.3347156,1,0.498888988,60.7737253,64.3347156,0.451204658
14670,1467,0.517916278,1,1.15384615,0.518030192,55.2099711,62.3882642,1,0.562521447,55.2099711,62.3882642,0.45341592
14680,1468,0.524326194,1,1.21893491,0.517756746,57.7496388,57.0241087,1,0.644929563,57.7496388,57.0241087,0.456537494
14690,1469,0.53551628,1,1.14792899,0.513242039,62.576672,60.2260889,1,0.653186567,62.576672,60.2260889,0.445576062
14700,1470,0.538115392,1,1.23668639,0.516845356,58.9375872,64.4589764,1,0.55125818,58.9375872,64.4589764,0.429395301
14710,1471,0.52066317,1,1.20118343,0.514571414,54.8984425,60.3123007,1,0.505543314,54.8984425,60.3123007,0.445288349
14720,1472,0.519024094,1,1.15384615,0.51758088,59.0155234,56.3232982,1,0.503106259,59.0155234,56.3232982,0.440967844
14730,1473,0.519466496,1,1.12426036,0.518500991,62.8124655,60.5860218,1,0.497983177,62.8124655,60.5860218,0.439119493
14740,1474,0.508396157,1,1.09467456,0.513044206,58.1277123,64.3562467,1,0.488224779,58.1277123,64.3562467,0.462572612
14750,1475,0.516134816,1,1.15384615,0.516687631,55.0279041,59.4280089,1,0.566081488,55.0279041,59.4280089,0.447850478
14760,1476,0.523065076,1,1.18343195,0.516360267,60.3485103,56.9246531,1,0.646737044,60.3485103,56.9246531,0.452315807
14770,1477,0.536284164,1,1.17159763,0.512112788,62.0432504,62.3892031,1,0.637265985,62.0432504,62.3892031,0.440101191
14780,1478,0.533856313,1,1.22485207,0.515288813,56.5564829,63.3767803,1,0.519187034,56.5564829,63.3767803,0.428841334
14790,1479,0.522704041,1,1.17751479,0.517559835,55.6969652,57.7884545,1,0.511777907,55.6969652,57.7884545,0.434926076
14800,1480,0.520187146,1,1.17751479,0.51846433,61.3821597,57.0327301,1,0.497914833,61.3821597,57.0327301,0.441169478
14810,1481,0.513682586,1,1.13017751,0.513872677,61.9132333,62.9267613,1,0.496353845,61.9132333,62.9267613,0.455223744
14820,1482,0.504875155,1,1.11242604,0.510974786,55.9374861,63.1401657,1,0.490047174,55.9374861,63.1401657,0.459965888
14830,1483,0.505324603,1,1.13609467,0.516419683,56.1239614,57.4419141,1,0.527774979,56.1239614,57.4419141,0.438561696
14840,1484,0.537837686,1,1.16568047,0.521491676,61.6680229,58.6520328,1,0.662093647,61.6680229,58.6520328,0.436507149
14850,1485,0.536751545,1,1.18934911,0.514254329,59.8658417,63.9837954,1,0.571966329,59.8658417,63.9837954,0.432931036
14860,1486,0.52497932,1,1.21893491,0.512023544,54.6506279,61.5827702,1,0.513021394,54.6506279,61.5827702,0.441644166
14870,1487,0.520498539,1,1.20118343,0.514576,57.3005102,56.6540303,1,0.510731362,57.3005102,56.6540303,0.430455613
14880,1488,0.516271368,1,1.14201183,0.51392033,62.2290151,59.6500475,1,0.511705822,62.2290151,59.6500475,0.443668666
14890,1489,0.510986716,1,1.1183432,0.51450366,58.7133326,64.5329945,1,0.515899806,58.7133326,64.5329945,0.462839158
14900,1490,0.512715261,1,1.14792899,0.51208607,54.1969576,60.5591148,1,0.570383595,54.1969576,60.5591148,0.462750727
14910,1491,0.506140143,1,1.15976331,0.511303122,58.271297,56.4977598,1,0.566289637,58.271297,56.4977598,0.442524006
14920,1492,0.539581705,1,1.16568047,0.515989308,61.5849386,61.2143262,1,0.657699627,61.5849386,61.2143262,0.443401452
14930,1493,0.530493997,1,1.26035503,0.514194313,56.5767026,63.9113948,1,0.524292992,56.5767026,63.9113948,0.437560519
14940,1494,0.524490671,1,1.22485207,0.519461454,54.321947,58.6845628,1,0.515576151,54.321947,58.6845628,0.437878796
14950,1495,0.515501118,1,1.15976331,0.512848669,59.710411,56.4061939,1,0.500012292,59.710411,56.4061939,0.450026354
14960,1496,0.511682443,1,1.14201183,0.515315225,61.6544339,61.9557807,1,0.489140329,61.6544339,61.9557807,0.452325608
14970,1497,0.508002584,1,1.14792899,0.516108477,56.1062961,63.658248,1,0.495292454,56.1062961,63.658248,0.446420532
14980,1498,0.524785745,1,1.17159763,0.522070085,55.1193773,58.0193014,1,0.596858713,55.1193773,58.0193014,0.440358428
14990,1499,0.535847971,1,1.18343195,0.51756171,61.058345,57.9423392,1,0.637792447,61.058345,57.9423392,0.456882024
15000,1500,0.533837665,1,1.20710059,0.512015036,60.5079907,63.5334113,1,0.551011446,60.5079907,63.5334113,0.432161056
15010,1501,0.529029612,1,1.21301775,0.51480751,54.9188036,62.6021623,1,0.515196587,54.9188036,62.6021623,0.435864351
15020,1502,0.522775019,1,1.18343195,0.516805887,55.889626,57.0377758,1,0.510120803,55.889626,57.0377758,0.434495506
15030,1503,0.525362438,1,1.17159763,0.518395966,61.2110183,58.0590835,1,0.507105709,61.2110183,58.0590835,0.416808707
15040,1504,0.516245477,1,1.13609467,0.521411027,59.791107,63.6562837,1,0.492151166,59.791107,63.6562837,0.444191954
15050,1505,0.51615876,1,1.17159763,0.520281352,54.1868856,61.8139292,1,0.531014922,54.1868856,61.8139292,0.453791182
15060,1506,0.530524464,1,1.19526627,0.519308774,56.9703298,56.5213146,1,0.642209035,56.9703298,56.5213146,0.459993122
15070,1507,0.531828371,1,1.17159763,0.508641921,61.8134395,59.9585588,1,0.653337619,61.8134395,59.9585588,0.456837335
15080,1508,0.533066763,1,1.28402367,0.515297016,57.9204985,64.11988,1,0.525217439,57.9204985,64.11988,0.438337251
15090,1509,0.525478661,1,1.21301775,0.511852704,53.8784634,60.2005474,1,0.50894301,53.8784634,60.2005474,0.433092741
15100,1510,0.523894959,1,1.15976331,0.517669177,57.9367663,56.394892,1,0.509669887,57.9367663,56.394892,0.427963636
15110,1511,0.520250865,1,1.13017751,0.518695729,61.7797239,60.7358496,1,0.496506078,61.7797239,60.7358496,0.445969694
15120,1512,0.51037638,1,1.07100592,0.513643159,57.1505714,64.5090383,1,0.480090032,57.1505714,64.5090383,0.459392481
15130,1513,0.516949996,1,1.17159763,0.520895727,53.9821279,59.7007325,1,0.545079539,53.9821279,59.7007325,0.442951629
15140,1514,0.514402981,1,1.15384615,0.513309673,59.2899324,56.9782581,1,0.623591551,59.2899324,56.9782581,0.458868267
15150,1515,0.537833747,1,1.13017751,0.514693178,61.0225257,62.4902507,1,0.63597563,61.0225257,62.4902507,0.444452599
15160,1516,0.531762733,1,1.21301775,0.514840879,55.417885,63.4796905,1,0.526899462,55.417885,63.4796905,0.437792931
15170,1517,0.523778942,1,1.20710059,0.516150364,54.6313942,57.9155572,1,0.511150187,54.6313942,57.9155572,0.4322649
15180,1518,0.521721876,1,1.14201183,0.518600534,60.199581,57.1530709,1,0.503458105,60.199581,57.1530709,0.432319249
15190,1519,0.515603735,1,1.10059172,0.517938996,60.6220105,62.9164609,1,0.500388998,60.6220105,62.9164609,0.44452695
15200,1520,0.507554145,1,1.13609467,0.513034946,54.6813973,63.0616583,1,0.489254546,54.6813973,63.0616583,0.45710672
15210,1521,0.525516617,1,1.19526627,0.520975016,55.2674587,57.3172919,1,0.582181286,55.2674587,57.3172919,0.444168083
15220,1522,0.529026926,1,1.14792899,0.517563672,60.9104577,58.5266177,1,0.644788233,60.9104577,58.5266177,0.443932845
15230,1523,0.539781819,1,1.14201183,0.513936888,58.9620264,63.8867425,1,0.636255832,58.9620264,63.8867425,0.438713302
15240,1524,0.528410972,1,1.23076923,0.514121232,53.9440337,61.3768444,1,0.513322645,53.9440337,61.3768444,0.431591517
15250,1525,0.521464153,1,1.21893491,0.517879246,56.8814957,56.5349339,1,0.520905972,56.8814957,56.5349339,0.435637193
15260,1526,0.508003795,1,1.13609467,0.508061252,61.9563623,59.7478864,1,0.503049057,61.9563623,59.7478864,0.462033938
15270,1527,0.511976907,1,1.11242604,0.513442852,58.5528368,64.4486719,1,0.485968637,58.5528368,64.4486719,0.446428104
15280,1528,0.513518569,1,1.13017751,0.517031963,54.040453,60.8635102,1,0.512027459,54.040453,60.8635102,0.443326535
15290,1529,0.504488783,1,1.17751479,0.518015795,57.7851021,56.5489589,1,0.513731415,57.7851021,56.5489589,0.439457369
15300,1530,0.537095952,1,1.15976331,0.519621653,61.3390925,61.1346647,1,0.665495354,61.3390925,61.1346647,0.446283441
15310,1531,0.52977814,1,1.20118343,0.511471053,56.2289846,63.9312006,1,0.54490905,56.2289846,63.9312006,0.448097989
15320,1532,0.533397264,1,1.21301775,0.512043456,53.8017619,58.9553462,1,0.52702805,53.8017619,58.9553462,0.425868672
15330,1533,0.52619951,1,1.15384615,0.522746419,58.947471,56.9123853,1,0.51158292,58.947471,56.9123853,0.425878909
15340,1534,0.515162951,1,1.14201183,0.516180301,61.1479631,62.3554098,1,0.503994703,61.1479631,62.3554098,0.451615649
15350,1535,0.516158844,1,1.10059172,0.516255475,55.6669951,64.2526493,1,0.488067656,55.6669951,64.2526493,0.446157345
15360,1536,0.512435596,1,1.13609467,0.518176644,54.0935523,58.5852614,1,0.503683907,54.0935523,58.5852614,0.452442471
15370,1537,0.513990496,1,1.1183432,0.51854374,59.8405104,57.6497052,1,0.579705691,59.8405104,57.6497052,0.447893117
15380,1538,0.537686976,1,1.14201183,0.515728467,59.7033364,63.5466548,1,0.645342831,59.7033364,63.5466548,0.453734218
15390,1539,0.51755109,1,1.21893491,0.50779233,53.846257,62.3165965,1,0.515956112,53.846257,62.3165965,0.460373032
15400,1540,0.514166631,1,1.20118343,0.507808212,55.5490948,56.77381,1,0.507554073,55.5490948,56.77381,0.446035382
15410,1541,0.518826441,1,1.15976331,0.513313538,61.0009702,58.4471439,1,0.505890636,61.0009702,58.4471439,0.438684091
15420,1542,0.516456315,1,1.14792899,0.517125365,59.2712823,63.7371961,1,0.477387597,59.2712823,63.7371961,0.428127011
15430,1543,0.510451875,1,1.11242604,0.519899015,53.9426675,61.7217707,1,0.478435029,53.9426675,61.7217707,0.438232566
15440,1544,0.525642136,1,1.15384615,0.522122649,56.6737633,56.6343415,1,0.598163051,56.6737633,56.6343415,0.444165463
15450,1545,0.529671883,1,1.14792899,0.511542152,61.3574982,60.3793561,1,0.661043742,61.3574982,60.3793561,0.461298061
15460,1546,0.542565085,1,1.18934911,0.51714195,57.3436209,64.2757527,1,0.599516196,57.3436209,64.2757527,0.430309635
15470,1547,0.53238552,1,1.21893491,0.517001143,53.6055918,60.0126505,1,0.529966854,53.6055918,60.0126505,0.436140294
15480,1548,0.522709709,1,1.19526627,0.51392341,58.1323516,56.5437636,1,0.513927231,58.1323516,56.5437636,0.438695818
15490,1549,0.515954147,1,1.13017751,0.51239646,61.5962481,61.2303617,1,0.498098215,61.5962481,61.2303617,0.448289195
15500,1550,0.519269617,1,1.13609467,0.521167814,56.9367995,64.4357616,1,0.484195668,56.9367995,64.4357616,0.435040974
15510,1551,0.513007964,1,1.14792899,0.517759646,53.9229633,59.4753704,1,0.517724485,53.9229633,59.4753704,0.446476611
15520,1552,0.521706824,1,1.17751479,0.518089821,59.5470192,57.3771973,1,0.633942481,59.5470192,57.3771973,0.461745698
15530,1553,0.533070054,1,1.17159763,0.510652813,60.8368428,63.120509,1,0.651037366,60.8368428,63.120509,0.452797183
15540,1554,0.533633631,1,1.24260355,0.514036321,55.0799731,63.6440184,1,0.556834571,55.0799731,63.6440184,0.444663361
15550,1555,0.532820739,1,1.25443787,0.510877546,54.7344289,58.0591887,1,0.521348972,54.7344289,58.0591887,0.430423786
15560,1556,0.524823277,1,1.18934911,0.519065417,60.244451,58.0364425,1,0.508811719,60.244451,58.0364425,0.423851464
15570,1557,0.519710895,1,1.16568047,0.516541997,60.2193618,63.6557001,1,0.497012837,60.2193618,63.6557001,0.432254899
15580,1558,0.513721499,1,1.12426036,0.516121833,54.3840754,63.0546696,1,0.499710256,54.3840754,63.0546696,0.451242888
15590,1559,0.513668546,1,1.16568047,0.515420201,55.3584183,57.2579438,1,0.538763109,55.3584183,57.2579438,0.452157055
15600,1560,0.526933305,1,1.16568047,0.520800562,60.9461897,58.9293873,1,0.632827226,60.9461897,58.9293873,0.448646305
15610,1561,0.539431794,1,1.18934911,0.516505578,58.5053817,64.1814144,1,0.661145259,58.5053817,64.1814144,0.445499064
15620,1562,0.534617323,1,1.22485207,0.514498835,53.6281487,61.1717868,1,0.554213995,53.6281487,61.1717868,0.440852192
15630,1563,0.531300361,1,1.23076923,0.517583516,56.7853681,56.6406504,1,0.520523387,56.7853681,56.6406504,0.424816222
15640,1564,0.522795616,1,1.18934911,0.516037569,61.3298763,59.9219391,1,0.510510731,61.3298763,59.9219391,0.431177073
15650,1565,0.520801297,1,1.16568047,0.52101375,57.7679964,64.2498616,1,0.51358958,57.7679964,64.2498616,0.431166723
15660,1566,0.499646694,1,1.07692308,0.507125621,53.2993005,60.0153219,1,0.518571586,53.2993005,60.0153219,0.473564916
15670,1567,0.514711819,1,1.17159763,0.51182811,57.8238932,56.2782599,1,0.555611154,57.8238932,56.2782599,0.451411801
15680,1568,0.514182533,1,1.15976331,0.516304372,61.2175486,60.9302396,1,0.579486558,61.2175486,60.9302396,0.442944768
15690,1569,0.541225632,1,1.16568047,0.516720038,56.1431872,63.5710384,1,0.649421158,56.1431872,63.5710384,0.440030674
15700,1570,0.530578209,1,1.24852071,0.513412257,54.2134117,58.2982205,1,0.529605845,54.2134117,58.2982205,0.431912234
15710,1571,0.52407373,1,1.18934911,0.519590012,59.6116904,56.7598377,1,0.509212967,59.6116904,56.7598377,0.431784758
15720,1572,0.518433797,1,1.16568047,0.513472917,61.1169573,62.3288916,1,0.515210795,61.1169573,62.3288916,0.443761421
15730,1573,0.508785153,1,1.14201183,0.512838061,55.2271353,63.5267313,1,0.489813944,55.2271353,63.5267313,0.462337913
15740,1574,0.512499698,1,1.11242604,0.512897277,54.1813406,57.8097912,1,0.49028965,54.1813406,57.8097912,0.447062014
15750,1575,0.524397812,1,1.20710059,0.521753464,60.025177,57.6378235,1,0.581852587,60.025177,57.6378235,0.449720471
15760,1576,0.502509421,1,1.0887574,0.510348386,60.0056233,63.3402331,1,0.571420235,60.0056233,63.3402331,0.438649472
15770,1577,0.53953077,1,1.19526627,0.516125514,54.4421954,62.2540821,1,0.657358114,54.4421954,62.2540821,0.436035495
15780,1578,0.527522866,1,1.20710059,0.51518511,56.168147,56.8907618,1,0.512858189,56.168147,56.8907618,0.433399345
15790,1579,0.513642172,1,1.18343195,0.509957814,61.5197386,59.2050436,1,0.511251631,61.5197386,59.2050436,0.44850464
15800,1580,0.507538993,1,1.14792899,0.508949779,58.7847973,64.5538113,1,0.502405037,58.7847973,64.5538113,0.462110036
15810,1581,0.511900332,1,1.10650888,0.513469964,53.721937,61.7932397,1,0.472651489,53.721937,61.7932397,0.443582173
15820,1582,0.511809934,1,1.18343195,0.518857883,56.8595443,56.9640536,1,0.518564244,56.8595443,56.9640536,0.442996901
15830,1583,0.51969984,1,1.17159763,0.521427352,61.2913116,60.5116699,1,0.592307165,61.2913116,60.5116699,0.436677491
15840,1584,0.539459607,1,1.18934911,0.515726078,56.834326,64.3748348,1,0.633790704,56.834326,64.3748348,0.453707694
15850,1585,0.530890956,1,1.19526627,0.51003442,53.7485753,59.5223684,1,0.527811099,53.7485753,59.5223684,0.442346409
15860,1586,0.526811123,1,1.19526627,0.518791811,58.6623061,56.8006241,1,0.506791213,58.6623061,56.8006241,0.432090302
15870,1587,0.521123479,1,1.15384615,0.517207723,61.3787987,61.79379,1,0.494332094,61.3787987,61.79379,0.437252296
15880,1588,0.521024982,1,1.14201183,0.519274516,56.2724257,64.3002506,1,0.49584552,56.2724257,64.3002506,0.437565816
15890,1589,0.509887219,1,1.13017751,0.514763998,53.8311521,58.8938411,1,0.481370417,53.8311521,58.8938411,0.456310655
15900,1590,0.510172923,1,1.14792899,0.519511396,59.2441382,57.0163144,1,0.522081906,59.2441382,57.0163144,0.440719728
15910,1591,0.518452969,1,1.11242604,0.516198673,60.4932454,62.7057688,1,0.616084819,60.4932454,62.7057688,0.448073858
15920,1592,0.53365629,1,1.22485207,0.517591759,54.5738133,62.6237875,1,0.556596216,54.5738133,62.6237875,0.4553846
15930,1593,0.520377419,1,1.22485207,0.508943504,55.2251819,56.8940657,1,0.510041254,55.2251819,56.8940657,0.443586737
15940,1594,0.520472958,1,1.19526627,0.516908083,60.8767724,57.7567719,1,0.501102303,60.8767724,57.7567719,0.439773588
15950,1595,0.527407857,1,1.20710059,0.515706597,60.3670404,63.1055271,1,0.521195463,60.3670404,63.1055271,0.413306834
15960,1596,0.521805643,1,1.15384615,0.523845006,54.7981543,62.2828678,1,0.471873285,54.7981543,62.2828678,0.433024732
15970,1597,0.514319004,1,1.09467456,0.521224633,55.7590811,56.7016214,1,0.485384586,55.7590811,56.7016214,0.435643385
15980,1598,0.522551192,1,1.16568047,0.520550852,61.3312771,58.6775018,1,0.589096721,61.3312771,58.6775018,0.454780472
15990,1599,0.531784284,1,1.20710059,0.511153977,58.2942622,63.9383424,1,0.649262272,58.2942622,63.9383424,0.467271465
16000,1600,0.526258203,1,1.19526627,0.503034184,53.5628494,60.5147552,1,0.596416265,53.5628494,60.5147552,0.449241415
16010,1601,0.531682024,1,1.25443787,0.512958986,57.2655566,56.3211616,1,0.520475949,57.2655566,56.3211616,0.430331287
16020,1602,0.522790634,1,1.20118343,0.514258961,61.366431,60.2080259,1,0.510477848,61.366431,60.2080259,0.434631618
16030,1603,0.52279533,1,1.18934911,0.515969581,57.7358573,64.1865694,1,0.523135817,57.7358573,64.1865694,0.414313962
16040,1604,0.519649599,1,1.17159763,0.522578352,53.910387,59.9817335,1,0.496034309,53.910387,59.9817335,0.437278212
16050,1605,0.516391469,1,1.17751479,0.514470583,58.6476184,56.2737794,1,0.552245751,58.6476184,56.2737794,0.462756634
16060,1606,0.524199367,1,1.14792899,0.51260379,61.5224385,61.5536569,1,0.629559114,61.5224385,61.5536569,0.462445881
16070,1607,0.509550836,1,1.12426036,0.507748596,56.4094333,64.143407,1,0.596152618,56.4094333,64.143407,0.440881504
16080,1608,0.539818667,1,1.17751479,0.51574561,54.6188454,58.7207999,1,0.636358636,54.6188454,58.7207999,0.439276388
16090,1609,0.534127525,1,1.25443787,0.513250583,59.8715901,57.3271191,1,0.528579069,59.8715901,57.3271191,0.418037629
16100,1610,0.525675363,1,1.20710059,0.522602315,60.8563567,62.6774922,1,0.520690364,60.8563567,62.6774922,0.418480323
16110,1611,0.511190263,1,1.09467456,0.512793862,54.9420676,63.5129485,1,0.506864251,54.9420676,63.5129485,0.459462015
16120,1612,0.508423711,1,1.07100592,0.512302156,54.3707972,57.5559315,1,0.496156252,54.3707972,57.5559315,0.460334336
16130,1613,0.510210555,1,1.12426036,0.51567201,60.1503673,57.1396036,1,0.482054214,60.1503673,57.1396036,0.44573428
16140,1614,0.521769069,1,1.17751479,0.523120714,59.9313539,62.8934106,1,0.592099576,59.9313539,62.8934106,0.442921057
16150,1615,0.539049372,1,1.16568047,0.519083948,54.2134729,61.8188276,1,0.6659919,54.2134729,61.8188276,0.447536926
16160,1616,0.537731251,1,1.21893491,0.513815359,55.9856788,56.3172984,1,0.590447994,55.9856788,56.3172984,0.444609644
16170,1617,0.529088568,1,1.20118343,0.5161319,61.1990631,58.6341956,1,0.51425289,61.1990631,58.6341956,0.438848603
16180,1618,0.521564462,1,1.17751479,0.511971911,58.8414541,63.8043558,1,0.514063692,58.8414541,63.8043558,0.437102327
16190,1619,0.52268187,1,1.15384615,0.521697009,53.8939608,61.2878081,1,0.498929808,53.8939608,61.2878081,0.426979919
16200,1620,0.514777334,1,1.10650888,0.514522698,56.6288844,56.0893528,1,0.498080358,56.6288844,56.0893528,0.451845302
16210,1621,0.513542073,1,1.12426036,0.51727208,61.6446438,59.2519376,1,0.50853808,61.6446438,59.2519376,0.456120673
16220,1622,0.525492683,1,1.17159763,0.517227511,57.9170252,63.8430798,1,0.600495318,57.9170252,63.8430798,0.454912223
16230,1623,0.529131538,1,1.13609467,0.518521527,53.869786,59.6570522,1,0.663418998,53.869786,59.6570522,0.447894296
16240,1624,0.541084476,1,1.22485207,0.517861609,58.3888655,56.2255098,1,0.58518356,58.3888655,56.2255098,0.436483816
16250,1625,0.526659111,1,1.21301775,0.51469153,61.3252108,61.1167272,1,0.5249844,61.3252108,61.1167272,0.438840128
16260,1626,0.520513451,1,1.17751479,0.519038062,56.1705713,63.7281163,1,0.497021903,56.1705713,63.7281163,0.444490676
16270,1627,0.516194975,1,1.15976331,0.51251857,53.5149251,58.577799,1,0.508283993,53.5149251,58.577799,0.445744007
16280,1628,0.513492244,1,1.14792899,0.514682208,58.8956228,56.1886308,1,0.488207783,58.8956228,56.1886308,0.452867468
16290,1629,0.508432451,1,1.11242604,0.514429562,61.1062774,61.6483834,1,0.482578745,61.1062774,61.6483834,0.453101686
16300,1630,0.526180713,1,1.18343195,0.521520141,55.5707568,63.0461902,1,0.596374089,55.5707568,63.0461902,0.439175211
16310,1631,0.525984071,1,1.15976331,0.513742757,54.8021574,57.2018627,1,0.659331196,54.8021574,57.2018627,0.453434688
16320,1632,0.538034516,1,1.21893491,0.516626829,60.4642029,57.4030778,1,0.550424144,60.4642029,57.4030778,0.435816897
16330,1633,0.526898714,1,1.23668639,0.511726059,60.0031467,63.0669062,1,0.514622751,60.0031467,63.0669062,0.437120252
16340,1634,0.524258526,1,1.18343195,0.518751897,54.5105429,62.3243654,1,0.512823704,54.5105429,62.3243654,0.426351405
16350,1635,0.518902689,1,1.14792899,0.517908708,55.414801,56.6767423,1,0.505869777,55.414801,56.6767423,0.4399659
16360,1636,0.517070189,1,1.17159763,0.52001832,61.1305445,57.9091472,1,0.503380226,61.1305445,57.9091472,0.44977671
16370,1637,0.511133722,1,1.14201183,0.510518427,59.2155738,63.6982929,1,0.55893126,59.2155738,63.6982929,0.469049906
16380,1638,0.516255531,1,1.17159763,0.514126553,53.8630844,61.1869814,1,0.616121138,53.8630844,61.1869814,0.454795794
16390,1639,0.539425538,1,1.14792899,0.516961544,56.9694918,56.3277858,1,0.663543616,56.9694918,56.3277858,0.443637124
16400,1640,0.538653685,1,1.20118343,0.516095827,61.3694296,59.8238652,1,0.580692733,61.3694296,59.8238652,0.43229143
16410,1641,0.527088305,1,1.21301775,0.513997509,57.5247838,63.8810936,1,0.512559219,57.5247838,63.8810936,0.429960801
16420,1642,0.512399291,1,1.15384615,0.512558138,53.5955076,59.414407,1,0.515203874,53.5955076,59.414407,0.457614739
16430,1643,0.508350321,1,1.13017751,0.509200526,58.1613114,55.624852,1,0.505048325,58.1613114,55.624852,0.456428708
16440,1644,0.504617799,1,1.09467456,0.512826044,61.8146626,60.2350559,1,0.464864494,61.8146626,60.2350559,0.452481354
16450,1645,0.505112791,1,1.13017751,0.51852967,57.2909988,63.5014635,1,0.479413755,57.2909988,63.5014635,0.429207007
16460,1646,0.524151155,1,1.20710059,0.523242623,54.6284469,58.6592743,1,0.600490661,54.6284469,58.6592743,0.425072074
16470,1647,0.539155533,1,1.16568047,0.516841745,59.987066,56.6276062,1,0.664749063,59.987066,56.6276062,0.440833487
16480,1648,0.534214168,1,1.23668639,0.518091651,61.1883541,62.2345018,1,0.527918783,61.1883541,62.2345018,0.441087761
16490,1649,0.519874421,1,1.16568047,0.515853717,55.4164188,63.0055219,1,0.5052882,55.4164188,63.0055219,0.447938803
16500,1650,0.51480758,1,1.21301775,0.512287368,54.8479602,57.0706668,1,0.506609825,54.8479602,57.0706668,0.458616713
16510,1651,0.510310728,1,1.13609467,0.510790231,60.8422715,56.680108,1,0.496410207,60.8422715,56.680108,0.462078559
16520,1652,0.508330776,1,1.1183432,0.511679573,61.1065097,62.5863274,1,0.475337256,61.1065097,62.5863274,0.454779025
16530,1653,0.514683282,1,1.15384615,0.520706726,55.46643,62.4215824,1,0.524589232,55.46643,62.4215824,0.434037325
16540,1654,0.537848059,1,1.18934911,0.524098457,56.5618844,56.7064449,1,0.659766818,56.5618844,56.7064449,0.447628977
16550,1655,0.533503403,1,1.15976331,0.511303698,62.1240216,58.4017619,1,0.650991684,62.1240216,58.4017619,0.447289471
16560,1656,0.532944668,1,1.22485207,0.516084872,59.6744563,63.5074656,1,0.533972355,59.6744563,63.5074656,0.435608672
16570,1657,0.524044969,1,1.18343195,0.518036724,54.7065718,60.6617308,1,0.513050655,54.7065718,60.6617308,0.440401129
16580,1658,0.528488136,1,1.17751479,0.519959724,57.233324,55.8679407,1,0.513423807,57.233324,55.8679407,0.416841467
16590,1659,0.518063133,1,1.15976331,0.519915811,62.1702767,58.7900604,1,0.495255614,62.1702767,58.7900604,0.441301772
16600,1660,0.51267319,1,1.13017751,0.516850018,58.8831635,63.7033042,1,0.509275408,58.8831635,63.7033042,0.454725865
16610,1661,0.520670914,1,1.18934911,0.516966486,54.4319074,59.7062107,1,0.587065446,54.4319074,59.7062107,0.460193153
16620,1662,0.527678435,1,1.13609467,0.510941676,59.1102698,55.9209665,1,0.661812836,59.1102698,55.9209665,0.462915567
16630,1663,0.536895031,1,1.17751479,0.513532086,62.1308558,60.7337824,1,0.636340757,62.1308558,60.7337824,0.437090551
16640,1664,0.540311318,1,1.26035503,0.516174037,57.3635547,63.3682255,1,0.536264917,57.3635547,63.3682255,0.418983345
16650,1665,0.525648456,1,1.16568047,0.513159731,54.855178,58.3909257,1,0.510588615,54.855178,58.3909257,0.428741569
16660,1666,0.519468198,1,1.18343195,0.517606204,60.1991801,56.2186608,1,0.511713204,60.1991801,56.2186608,0.443740775
16670,1667,0.513164525,1,1.13609467,0.513966208,62.3431184,61.7593595,1,0.497159098,62.3431184,61.7593595,0.457002152
16680,1668,0.510644562,1,1.13017751,0.515822714,56.7028232,63.4730554,1,0.506780177,56.7028232,63.4730554,0.453452791
16690,1669,0.511320493,1,1.17159763,0.515142953,55.4246338,57.749473,1,0.555301176,55.4246338,57.749473,0.451120654
16700,1670,0.541364204,1,1.16568047,0.520276735,61.1902518,57.5416644,1,0.664307261,61.1902518,57.5416644,0.443797058
16710,1671,0.533711093,1,1.14792899,0.508168908,60.836187,63.3175532,1,0.614188177,60.836187,63.3175532,0.445133136
16720,1672,0.531639882,1,1.21301775,0.519511967,55.4121887,62.2616592,1,0.517812392,55.4121887,62.2616592,0.425062961
16730,1673,0.519420455,1,1.20118343,0.514986088,56.4757347,56.6629818,1,0.519863311,56.4757347,56.6629818,0.438369217
16740,1674,0.517695239,1,1.14792899,0.519950482,62.0212218,58.1043268,1,0.497011947,62.0212218,58.1043268,0.440749114
16750,1675,0.509249861,1,1.12426036,0.507606449,60.103578,63.8373261,1,0.521939073,60.103578,63.8373261,0.465016629
16760,1676,0.502684732,1,1.10650888,0.512617877,54.6061135,61.7317619,1,0.487584966,54.6061135,61.7317619,0.45283797
16770,1677,0.508420463,1,1.14792899,0.515876492,57.0128514,56.5788534,1,0.540149337,57.0128514,56.5788534,0.437481043
16780,1678,0.535603499,1,1.19526627,0.515603503,61.7083282,59.9401023,1,0.665212822,61.7083282,59.9401023,0.444196616
16790,1679,0.532251854,1,1.21893491,0.509851526,57.8879259,64.1168676,1,0.570212856,57.8879259,64.1168676,0.435420237
16800,1680,0.531136174,1,1.24852071,0.512663491,54.0786379,60.1992193,1,0.515411698,54.0786379,60.1992193,0.420331249
16810,1681,0.523055328,1,1.17159763,0.519939929,58.4326801,56.5057924,1,0.502954837,58.4326801,56.5057924,0.439196998
16820,1682,0.518631384,1,1.15384615,0.519031938,62.1689558,60.9141139,1,0.502938122,62.1689558,60.9141139,0.444513264
16830,1683,0.510459878,1,1.14201183,0.517688356,57.5329946,64.4518022,1,0.487887674,57.5329946,64.4518022,0.448583402
16840,1684,0.518615348,1,1.15976331,0.517943157,54.4194866,59.555635,1,0.545312703,54.4194866,59.555635,0.446328777
16850,1685,0.533819187,1,1.20118343,0.521380167,59.9889486,57.3500576,1,0.653126581,59.9889486,57.3500576,0.460790923
16860,1686,0.53516334,1,1.19526627,0.513817542,61.3164412,63.0918429,1,0.583996577,61.3164412,63.0918429,0.453326535
16870,1687,0.530655477,1,1.24852071,0.514049791,55.6450835,63.8820351,1,0.524733728,55.6450835,63.8820351,0.440472464
16880,1688,0.522992195,1,1.21893491,0.51621386,55.1806523,58.1675149,1,0.504340536,55.1806523,58.1675149,0.441027825
16890,1689,0.521261071,1,1.18934911,0.514721056,60.9694043,57.8719987,1,0.509356796,60.9694043,57.8719987,0.445868479
16900,1690,0.514795538,1,1.13017751,0.51701537,61.0509108,63.7170232,1,0.49079693,61.0509108,63.7170232,0.449660985
16910,1691,0.511964463,1,1.12426036,0.516388957,55.1901508,63.5100884,1,0.503529669,55.1901508,63.5100884,0.451108628
16920,1692,0.525177443,1,1.16568047,0.51894677,56.1816429,57.6923747,1,0.591667761,56.1816429,57.6923747,0.453969013
16930,1693,0.526195343,1,1.15384615,0.512447301,61.9254171,59.4645998,1,0.664575329,61.9254171,59.4645998,0.46238207
16940,1694,0.534791989,1,1.15976331,0.509243101,59.7267403,64.5877161,1,0.649834518,59.7267403,64.5877161,0.42884529
16950,1695,0.530892451,1,1.21893491,0.52091575,54.978204,61.6924321,1,0.505339137,54.978204,61.6924321,0.427814499
16960,1696,0.522128424,1,1.20118343,0.516514792,57.7804665,56.8310457,1,0.510162954,57.7804665,56.8310457,0.431632054
16970,1697,0.513690149,1,1.16568047,0.51751671,62.5525949,60.0426718,1,0.506858966,62.5525949,60.0426718,0.442476572
16980,1698,0.511956192,1,1.14792899,0.514042801,58.8543857,64.6418271,1,0.512870614,58.8543857,64.6418271,0.453969865
16990,1699,0.520788082,1,1.19526627,0.513951961,54.8262357,60.1021678,1,0.609369135,54.8262357,60.1021678,0.466857169
17000,1700,0.520334933,1,1.19526627,0.510093281,59.5958369,56.6463549,1,0.643301832,59.5958369,56.6463549,0.453074561
17010,1701,0.532118331,1,1.14201183,0.512605712,62.3883071,61.6073789,1,0.665777212,62.3883071,61.6073789,0.437919027
17020,1702,0.534674862,1,1.20118343,0.507501024,57.2309006,63.8410409,1,0.562906035,57.2309006,63.8410409,0.43233293
17030,1703,0.526554887,1,1.20118343,0.519923532,55.4418152,58.5840434,1,0.517022978,55.4418152,58.5840434,0.427161054
17040,1704,0.525432545,1,1.17159763,0.517646998,60.6828131,56.7530988,1,0.512386318,60.6828131,56.7530988,0.427047226
17050,1705,0.51731033,1,1.14792899,0.519556311,62.1124413,62.4236652,1,0.51852237,62.1124413,62.4236652,0.449846518
17060,1706,0.509721677,1,1.15976331,0.511789786,56.1488726,63.560552,1,0.536270903,56.1488726,63.560552,0.466997613
17070,1707,0.515626263,1,1.18343195,0.512144735,55.5123119,57.7296144,1,0.573680068,55.5123119,57.7296144,0.451198552
17080,1708,0.521799895,1,1.11242604,0.518512957,61.17092,57.7125698,1,0.60910796,61.17092,57.7125698,0.435279519
17090,1709,0.527461893,1,1.14792899,0.511359884,60.8258249,63.3110464,1,0.663962481,60.8258249,63.3110464,0.431469424
17100,1710,0.532984964,1,1.22485207,0.520877967,55.4358698,61.9689804,1,0.509415791,55.4358698,61.9689804,0.427271216
17110,1711,0.523795766,1,1.19526627,0.517885304,56.8695902,56.5634328,1,0.513341286,56.8695902,56.5634328,0.430188478
17120,1712,0.51709367,1,1.14792899,0.51734368,62.4607694,58.3476989,1,0.502201501,62.4607694,58.3476989,0.451459769
17130,1713,0.511766257,1,1.1183432,0.511169293,60.4748924,63.9842815,1,0.491164841,60.4748924,63.9842815,0.459706428
17140,1714,0.511231839,1,1.10650888,0.517122932,55.1250486,61.6812944,1,0.497773119,55.1250486,61.6812944,0.448036998
17150,1715,0.516756163,1,1.15976331,0.521760569,57.5763647,56.5599628,1,0.549444087,57.5763647,56.5599628,0.436750968
17160,1716,0.524807756,1,1.15976331,0.514016476,62.4359883,59.8529902,1,0.638205687,62.4359883,59.8529902,0.45155858
17170,1717,0.539791977,1,1.26035503,0.520904267,58.3576723,63.8508785,1,0.535750221,58.3576723,63.8508785,0.43930938
17180,1718,0.519780994,1,1.19526627,0.506105259,54.4124633,59.475615,1,0.508109851,54.4124633,59.475615,0.453178162
17190,1719,0.523241012,1,1.18934911,0.513615925,58.9766965,56.0720439,1,0.509554877,58.9766965,56.0720439,0.437965447
17200,1720,0.519207502,1,1.16568047,0.517976024,62.4531688,60.7113624,1,0.493752484,62.4531688,60.7113624,0.445949127
17210,1721,0.520403529,1,1.16568047,0.5217126,58.0756915,63.8643946,1,0.484492474,58.0756915,63.8643946,0.414984989
17220,1722,0.514199299,1,1.15384615,0.519190411,55.0443578,58.8743382,1,0.506284233,55.0443578,58.8743382,0.449125686
17230,1723,0.518910217,1,1.17751479,0.519865454,60.2016276,56.3005301,1,0.561290768,60.2016276,56.3005301,0.443372771
17240,1724,0.539064614,1,1.20118343,0.520359739,61.9218474,62.0176898,1,0.663837379,61.9218474,62.0176898,0.459257638
17250,1725,0.535020071,1,1.21301775,0.513895346,56.1740012,62.8888473,1,0.567766362,56.1740012,62.8888473,0.447191444
17260,1726,0.534095002,1,1.24852071,0.511654255,55.6530187,57.2945084,1,0.535315298,55.6530187,57.2945084,0.432195786
17270,1727,0.525513351,1,1.20710059,0.518634711,61.1998223,57.0162708,1,0.513245231,61.1998223,57.0162708,0.427213666
17280,1728,0.520511777,1,1.18343195,0.51506795,61.3945138,62.6060788,1,0.511967159,61.3945138,62.6060788,0.43024596
17290,1729,0.514399314,1,1.13609467,0.516958428,55.5428264,62.2890847,1,0.496365957,55.5428264,62.2890847,0.450789776
17300,1730,0.509916333,1,1.10059172,0.514961085,56.2151892,56.4258635,1,0.51635305,56.2151892,56.4258635,0.453972834
17310,1731,0.526594863,1,1.17751479,0.521280916,61.8545658,57.8518364,1,0.624923478,61.8545658,57.8518364,0.447451478
17320,1732,0.536022352,1,1.15976331,0.516441148,59.7498388,63.249119,1,0.674170891,59.7498388,63.249119,0.44562658
17330,1733,0.541285354,1,1.20710059,0.515538992,54.7480784,60.5539732,1,0.613963585,54.7480784,60.5539732,0.437051839
17340,1734,0.534057402,1,1.20710059,0.515963648,57.6873035,55.844083,1,0.522677341,57.6873035,55.844083,0.42705895
17350,1735,0.51756048,1,1.19526627,0.513630166,62.3592555,59.1596386,1,0.518071684,62.3592555,59.1596386,0.440682926
17360,1736,0.516618322,1,1.17159763,0.517635152,58.7581503,63.6331557,1,0.511277811,58.7581503,63.6331557,0.441757615
17370,1737,0.507337151,1,1.09467456,0.511265207,54.2428916,59.6354023,1,0.494927739,54.2428916,59.6354023,0.463901601
17380,1738,0.512706168,1,1.14792899,0.516591899,58.4901158,55.6702564,1,0.516325483,58.4901158,55.6702564,0.446957464
17390,1739,0.531762366,1,1.19526627,0.521974332,61.8090284,60.5318863,1,0.648824939,61.8090284,60.5318863,0.45280602
17400,1740,0.526279942,1,1.13609467,0.511599438,56.8931969,63.3299804,1,0.668103128,56.8931969,63.3299804,0.435106804
17410,1741,0.533982209,1,1.23076923,0.514339853,54.9764196,57.9487774,1,0.540051803,54.9764196,57.9487774,0.439414489
17420,1742,0.519974348,1,1.19526627,0.514456477,60.523751,56.4050898,1,0.510600132,60.523751,56.4050898,0.442931713
17430,1743,0.520316934,1,1.15976331,0.514607037,61.8821252,61.89458,1,0.514912094,61.8821252,61.89458,0.435004478
17440,1744,0.514848804,1,1.13609467,0.518007768,56.1391419,62.968563,1,0.488613505,56.1391419,62.968563,0.449426303
17450,1745,0.515363355,1,1.09467456,0.517461337,55.3013845,57.2151576,1,0.509666715,55.3013845,57.2151576,0.447236817
17460,1746,0.520790328,1,1.17751479,0.518636955,61.2701651,57.1705611,1,0.6064917,61.2701651,57.1705611,0.459149781
17470,1747,0.526668884,1,1.16568047,0.514177674,60.8655674,62.8348164,1,0.643312385,60.8655674,62.8348164,0.436822085
17480,1748,0.541140921,1,1.16568047,0.519192116,55.3232013,61.4048853,1,0.607789359,55.3232013,61.4048853,0.440296602
17490,1749,0.539247242,1,1.24260355,0.51538913,56.8750685,56.114487,1,0.541253358,56.8750685,56.114487,0.424100899
17500,1750,0.520547011,1,1.21893491,0.516800284,62.1971133,58.2336895,1,0.506513983,62.1971133,58.2336895,0.440650273
17510,1751,0.516640688,1,1.18934911,0.514619985,59.9510116,63.4729492,1,0.506334406,59.9510116,63.4729492,0.438494026
17520,1752,0.515709421,1,1.13609467,0.515719869,54.7676748,60.7050247,1,0.508647692,54.7676748,60.7050247,0.452006612
17530,1753,0.5085398,1,1.14792899,0.512261973,58.0057652,55.6500203,1,0.53076241,58.0057652,55.6500203,0.461783897
17540,1754,0.526091759,1,1.18343195,0.517170077,62.4799002,59.4577527,1,0.623395163,62.4799002,59.4577527,0.451930179
17550,1755,0.522419138,1,1.14201183,0.506598151,58.2331625,63.4675029,1,0.656724348,58.2331625,63.4675029,0.449278693
17560,1756,0.539208584,1,1.21893491,0.516086835,55.0728822,58.7868479,1,0.555969071,55.0728822,58.7868479,0.434434292
17570,1757,0.524124674,1,1.21301775,0.517248264,60.0055546,55.8965725,1,0.521722861,60.0055546,55.8965725,0.439775018
17580,1758,0.52285446,1,1.16568047,0.516614783,62.7989021,60.7169903,1,0.499293783,62.7989021,60.7169903,0.428560396
17590,1759,0.521453795,1,1.13017751,0.520916991,57.812765,63.3197266,1,0.496153777,57.812765,63.3197266,0.432659313
17600,1760,0.514508615,1,1.12426036,0.516476673,55.394484,57.9489537,1,0.51509423,55.394484,57.9489537,0.453084658
17610,1761,0.513531742,1,1.15976331,0.511071902,61.2768648,56.199838,1,0.57975088,61.2768648,56.199838,0.472070914
17620,1762,0.528035954,1,1.18934911,0.512535649,62.0186802,62.1566858,1,0.656699928,62.0186802,62.1566858,0.461758444
17630,1763,0.528395596,1,1.18343195,0.507941839,56.139822,62.0704892,1,0.615047388,56.139822,62.0704892,0.452268466
17640,1764,0.538679427,1,1.24852071,0.518751739,56.7313053,56.6728348,1,0.524236521,56.7313053,56.6728348,0.417689652
17650,1765,0.528460624,1,1.17159763,0.515315361,62.3077017,57.2783032,1,0.516491272,62.3077017,57.2783032,0.431474621
17660,1766,0.524699935,1,1.17159763,0.521014241,61.4986015,62.7839156,1,0.503530358,61.4986015,62.7839156,0.428057481
17670,1767,0.52009944,1,1.17751479,0.519148637,55.9350417,61.7768813,1,0.503150914,55.9350417,61.7768813,0.434920356
17680,1768,0.510927111,1,1.14201183,0.512559909,57.7008029,56.0292958,1,0.53181756,57.7008029,56.0292958,0.462515966
17690,1769,0.505904818,1,1.13609467,0.510639238,63.1841078,57.9503117,1,0.519386125,63.1841078,57.9503117,0.446928602
17700,1770,0.513322795,1,1.12426036,0.52089123,60.9538529,63.0330753,1,0.565064025,60.9538529,63.0330753,0.426964808
17710,1771,0.543038656,1,1.21301775,0.520441439,56.1513326,59.8668068,1,0.631715075,56.1513326,59.8668068,0.442487975
17720,1772,0.528545007,1,1.21893491,0.512443722,59.8399144,55.520534,1,0.528008759,59.8399144,55.520534,0.438500158
17730,1773,0.523385991,1,1.23076923,0.515976508,63.8311275,59.5468973,1,0.509356369,63.8311275,59.5468973,0.436102856
17740,1774,0.510227356,1,1.14201183,0.510685799,59.3411187,63.6104602,1,0.505745408,59.3411187,63.6104602,0.465830829
17750,1775,0.508766816,1,1.11242604,0.512583945,55.5826064,59.1407331,1,0.481514644,55.5826064,59.1407331,0.449225997
17760,1776,0.515383302,1,1.17751479,0.521805602,60.2233514,55.8526106,1,0.527938777,60.2233514,55.8526106,0.437504111
17770,1777,0.508253061,1,1.15384615,0.509479786,63.1267914,61.143121,1,0.597076032,63.1267914,61.143121,0.464219546
17780,1778,0.536035564,1,1.16568047,0.515462095,57.5729226,62.873765,1,0.660025091,57.5729226,62.873765,0.447482022
17790,1779,0.530012271,1,1.24852071,0.515601839,56.6324565,57.1634648,1,0.520984029,56.6324565,57.1634648,0.445171367
17800,1780,0.523429572,1,1.20710059,0.511474275,62.2461245,56.5272883,1,0.513596714,62.2461245,56.5272883,0.434584673
17810,1781,0.517936583,1,1.14792899,0.516887483,62.5571052,62.2325068,1,0.504498994,62.5571052,62.2325068,0.439514443
17820,1782,0.513827793,1,1.10059172,0.514859837,56.7672452,62.4262664,1,0.486737477,56.7672452,62.4262664,0.44562317
17830,1783,0.516526653,1,1.11242604,0.519620054,56.9642785,56.6908764,1,0.50036916,56.9642785,56.6908764,0.441444111
17840,1784,0.515452976,1,1.20118343,0.517163681,62.8121232,57.2871059,1,0.560222572,62.8121232,57.2871059,0.452166233
17850,1785,0.526706109,1,1.15976331,0.519711102,61.4769815,62.8263868,1,0.61754876,61.4769815,62.8263868,0.43830116
17860,1786,0.539014183,1,1.20118343,0.517877469,56.112456,60.59947,1,0.590802595,56.112456,60.59947,0.446798555
17870,1787,0.531489617,1,1.25443787,0.513101103,58.710165,55.6063547,1,0.526204974,58.710165,55.6063547,0.432956618
17880,1788,0.518640419,1,1.19526627,0.510972523,63.5794878,58.5975926,1,0.512567265,63.5794878,58.5975926,0.439592397
17890,1789,0.525195137,1,1.17159763,0.520773771,60.5474126,63.1406405,1,0.505081919,60.5474126,63.1406405,0.420149057
17900,1790,0.515275843,1,1.12426036,0.517473385,55.8206059,59.6915578,1,0.502050123,55.8206059,59.6915578,0.450107638
17910,1791,0.51596526,1,1.15976331,0.513986576,59.7669062,55.1629779,1,0.548254787,59.7669062,55.1629779,0.462059462
17920,1792,0.523314977,1,1.16568047,0.517009069,63.8457476,59.4108252,1,0.591482154,63.8457476,59.4108252,0.453005439
17930,1793,0.522167129,1,1.16568047,0.51561431,59.3882492,63.0719224,1,0.634776466,59.3882492,63.0719224,0.443712981
17940,1794,0.545360392,1,1.22485207,0.5208537,56.4554813,58.2399418,1,0.585931601,56.4554813,58.2399418,0.434796856
17950,1795,0.527261569,1,1.21893491,0.512736495,61.5735688,55.8089497,1,0.520200247,61.5735688,55.8089497,0.435852848
17960,1796,0.52176224,1,1.21893491,0.517885144,63.6442749,61.1385959,1,0.509956089,63.6442749,61.1385959,0.439828855
17970,1797,0.518351771,1,1.14792899,0.513471292,58.2656723,63.2881311,1,0.498031587,58.2656723,63.2881311,0.44555575
17980,1798,0.518416847,1,1.13609467,0.520470967,56.4618688,57.8232027,1,0.490290968,56.4618688,57.8232027,0.442686456
17990,1799,0.505927805,1,1.11242604,0.515134131,62.0681023,56.0337078,1,0.480476721,62.0681023,56.0337078,0.45268526
18000,1800,0.526813813,1,1.17159763,0.524091651,62.8179905,61.670433,1,0.602959714,62.8179905,61.670433,0.43741442
18010,1801,0.531059923,1,1.14792899,0.513675771,56.8706093,61.7462761,1,0.664092023,56.8706093,61.7462761,0.457528065
18020,1802,0.537232609,1,1.22485207,0.516769984,57.6454052,56.1340747,1,0.553091578,57.6454052,56.1340747,0.435802423
18030,1803,0.526359391,1,1.22485207,0.513479744,63.3135527,57.2279299,1,0.519261896,63.3135527,57.2279299,0.444056181
18040,1804,0.518899458,1,1.15976331,0.514493448,61.851072,62.7815874,1,0.506961157,61.851072,62.7815874,0.441768643
18050,1805,0.517733612,1,1.15384615,0.5175939,56.3965364,61.3003812,1,0.494036535,56.3965364,61.3003812,0.434774853
18060,1806,0.512464168,1,1.11242604,0.519038175,57.9753973,55.7407096,1,0.466800939,57.9753973,55.7407096,0.444577783
18070,1807,0.516278676,1,1.19526627,0.518863568,63.2740925,58.0118523,1,0.541556211,63.2740925,58.0118523,0.443455094
18080,1808,0.526927708,1,1.14201183,0.512764516,59.8839317,63.0050397,1,0.656148035,59.8839317,63.0050397,0.464255526
18090,1809,0.532553154,1,1.15976331,0.513250466,55.564295,59.1943931,1,0.650001857,55.564295,59.1943931,0.443094875
18100,1810,0.535775034,1,1.23076923,0.521976806,59.8477423,55.5118851,1,0.532018097,59.8477423,55.5118851,0.434522012
18110,1811,0.523434819,1,1.16568047,0.5164474,63.4646189,59.9627298,1,0.512031386,63.4646189,59.9627298,0.441164512
18120,1812,0.515874533,1,1.0887574,0.511939217,58.8542882,63.4685872,1,0.50475488,58.8542882,63.4685872,0.445531302
18130,1813,0.5177882,1,1.1183432,0.52161725,55.6379125,58.8183028,1,0.489475206,55.6379125,58.8183028,0.434940096
18140,1814,0.509637669,1,1.12426036,0.516125052,60.5588601,55.6627538,1,0.508227405,60.5588601,55.6627538,0.449675848
18150,1815,0.524227203,1,1.16568047,0.520390164,62.6412146,61.2512891,1,0.633671518,62.6412146,61.2512891,0.458760402
18160,1816,0.526735774,1,1.15384615,0.506959884,56.7458081,62.4253719,1,0.629657168,56.7458081,62.4253719,0.462398481
18170,1817,0.534577831,1,1.23076923,0.513793691,56.3327059,56.7831428,1,0.551776937,56.3327059,56.7831428,0.435179364
18180,1818,0.535231801,1,1.27218935,0.510528304,61.8582417,56.3614076,1,0.535151161,61.8582417,56.3614076,0.426277442
18190,1819,0.529336583,1,1.20118343,0.52091476,61.9307343,61.822641,1,0.503570409,61.9307343,61.822641,0.420131884
18200,1820,0.521832409,1,1.15976331,0.520693725,56.2845853,61.9195549,1,0.492832038,56.2845853,61.9195549,0.43438313
18210,1821,0.515893419,1,1.12426036,0.517421992,56.7619621,55.9905473,1,0.523780552,56.7619621,55.9905473,0.457553435
18220,1822,0.510268692,1,1.16568047,0.510136407,62.7471652,56.9961444,1,0.558400982,62.7471652,56.9961444,0.466853252
18230,1823,0.522712588,1,1.13609467,0.514867098,61.1515286,62.6005498,1,0.621876698,61.1515286,62.6005498,0.448240583
18240,1824,0.524251111,1,1.1183432,0.511532902,55.8191643,60.6643213,1,0.663792363,55.8191643,60.6643213,0.436385705
18250,1825,0.540033709,1,1.21893491,0.514813974,58.4777846,55.8251575,1,0.572256041,58.4777846,55.8251575,0.424722455
18260,1826,0.528462895,1,1.19526627,0.517165755,63.0707361,58.782386,1,0.517497191,63.0707361,58.782386,0.420202854
18270,1827,0.51794912,1,1.20710059,0.520169593,59.6897285,63.4084203,1,0.514195556,59.6897285,63.4084203,0.440759195
18280,1828,0.507819331,1,1.13609467,0.510289722,55.0338935,59.7690194,1,0.506264741,55.0338935,59.7690194,0.45457593
18290,1829,0.506589571,1,1.10059172,0.510380964,59.088142,55.3550088,1,0.5060204,59.088142,55.3550088,0.461028051
18300,1830,0.51812483,1,1.16568047,0.515765633,62.8902241,59.8497626,1,0.579592317,62.8902241,59.8497626,0.452858382
18310,1831,0.51609721,1,1.14201183,0.513278808,58.1979273,63.210131,1,0.618612677,58.1979273,63.210131,0.44395829
18320,1832,0.540514708,1,1.21301775,0.51875388,55.7203704,57.9950382,1,0.588574418,55.7203704,57.9950382,0.4441299
18330,1833,0.523164535,1,1.23076923,0.509692044,61.1417065,56.1012891,1,0.516068867,61.1417065,56.1012891,0.441736561
18340,1834,0.528094358,1,1.21301775,0.519658365,62.7362718,61.4140115,1,0.520301342,62.7362718,61.4140115,0.426681553
18350,1835,0.518781134,1,1.16568047,0.519146376,57.1851923,62.9461768,1,0.500406099,57.1851923,62.9461768,0.442972841
18360,1836,0.517056773,1,1.10059172,0.519062695,55.9884805,57.3038911,1,0.503027381,55.9884805,57.3038911,0.443676862
18370,1837,0.516335082,1,1.17751479,0.517482393,61.8941746,56.5489572,1,0.542440122,61.8941746,56.5489572,0.457980826
18380,1838,0.517335811,1,1.19526627,0.513099565,62.0483646,62.4788702,1,0.600779079,62.0483646,62.4788702,0.456301331
18390,1839,0.530400458,1,1.13609467,0.516060595,56.4540118,61.8736635,1,0.661728012,56.4540118,61.8736635,0.432845669
18400,1840,0.540461737,1,1.23076923,0.51717443,57.6655973,56.3208153,1,0.572339418,57.6655973,56.3208153,0.437191565
18410,1841,0.514954962,1,1.22485207,0.512603872,63.1643519,58.3048858,1,0.501398443,63.1643519,58.3048858,0.449673374
18420,1842,0.515925679,1,1.15384615,0.511791415,60.986246,63.65051,1,0.512155274,60.986246,63.65051,0.444025717
18430,1843,0.509476136,1,1.1183432,0.512602606,55.5238862,61.3866148,1,0.480891342,55.5238862,61.3866148,0.45483983
18440,1844,0.516278296,1,1.09467456,0.518281341,57.7268154,56.4185871,1,0.476591371,57.7268154,56.4185871,0.418041335
18450,1845,0.517253752,1,1.15976331,0.522078716,62.8041423,59.2053616,1,0.542856856,62.8041423,59.2053616,0.445525821
18460,1846,0.534810754,1,1.16568047,0.52329088,59.1517058,63.8326535,1,0.659836924,59.1517058,63.8326535,0.453468697
18470,1847,0.532508228,1,1.21301775,0.517043414,55.191747,59.4051653,1,0.550610415,55.191747,59.4051653,0.456925182
18480,1848,0.524728095,1,1.26627219,0.507487513,59.8715098,55.8533212,1,0.535116694,59.8715098,55.8533212,0.451924074
18490,1849,0.526760984,1,1.23668639,0.509108389,63.2078518,60.4017058,1,0.51682677,63.2078518,60.4017058,0.433910119
18500,1850,0.528253967,1,1.20118343,0.51577178,58.7599793,63.5369027,1,0.518872832,58.7599793,63.5369027,0.418598885
18510,1851,0.514014964,1,1.1183432,0.515262479,55.6716578,58.7116619,1,0.47844055,55.6716578,58.7116619,0.44068719
18520,1852,0.515212713,1,1.1183432,0.52242935,60.6153006,55.9978596,1,0.502467163,60.6153006,55.9978596,0.433810195
18530,1853,0.512321654,1,1.17159763,0.512655191,62.875157,61.5513033,1,0.578030563,62.875157,61.5513033,0.461203009
18540,1854,0.53040479,1,1.16568047,0.514812636,57.10656,62.804028,1,0.662790865,57.10656,62.804028,0.454080972
18550,1855,0.531113187,1,1.16568047,0.510120683,56.4142623,57.095295,1,0.660322447,56.4142623,57.095295,0.442350561
18560,1856,0.538295182,1,1.17159763,0.511614501,61.9439486,56.9618338,1,0.585547823,61.9439486,56.9618338,0.425484356
18570,1857,0.526207998,1,1.21301775,0.519030606,61.6655551,62.5332039,1,0.506799353,61.6655551,62.5332039,0.429101633
18580,1858,0.527768205,1,1.20710059,0.515517264,56.2252231,62.508631,1,0.524126198,56.2252231,62.508631,0.418491339
18590,1859,0.518971482,1,1.15976331,0.519785169,56.6977815,56.8642293,1,0.49884941,56.6977815,56.8642293,0.435703763
18600,1860,0.516268781,1,1.13017751,0.518473545,62.5152435,57.6983391,1,0.511972818,62.5152435,57.6983391,0.452073482
18610,1861,0.519719154,1,1.18343195,0.517575848,60.8784689,63.5796826,1,0.589150734,60.8784689,63.5796826,0.469604089
18620,1862,0.516628299,1,1.15384615,0.5094049,55.365787,61.4481749,1,0.615258252,55.365787,61.4481749,0.454647187
18630,1863,0.532411779,1,1.14201183,0.514408247,58.0749997,56.4366796,1,0.665683179,58.0749997,56.4366796,0.438224764
18640,1864,0.538922812,1,1.18934911,0.516475464,62.6840632,59.5279857,1,0.547177346,62.6840632,59.5279857,0.426903255
18650,1865,0.520305929,1,1.16568047,0.514026708,59.0455678,63.9980767,1,0.502566641,59.0455678,63.9980767,0.443362372
18660,1866,0.516900656,1,1.17159763,0.514175458,54.6602735,60.2672798,1,0.498954869,54.6602735,60.2672798,0.442890265
18670,1867,0.520358958,1,1.13017751,0.516810478,58.3915802,56.0340794,1,0.490984842,58.3915802,56.0340794,0.434071374
18680,1868,0.511419101,1,1.13609467,0.518471037,62.7337532,59.9233956,1,0.454389651,62.7337532,59.9233956,0.448411043
18690,1869,0.512736404,1,1.17159763,0.522118252,58.8352356,63.7359727,1,0.504021248,58.8352356,63.7359727,0.419454312
18700,1870,0.52666738,1,1.15976331,0.521034109,55.3389568,59.2041453,1,0.614833804,55.3389568,59.2041453,0.440289207
18710,1871,0.539703875,1,1.18934911,0.51681111,60.4775289,56.3790696,1,0.648956667,60.4775289,56.3790696,0.451073515
18720,1872,0.530287019,1,1.21893491,0.51590858,62.4862644,61.8050464,1,0.519743817,62.4862644,61.8050464,0.4450666
18730,1873,0.519495978,1,1.18343195,0.51472832,56.9116464,63.3636685,1,0.506002165,56.9116464,63.3636685,0.445262169
18740,1874,0.513683147,1,1.18343195,0.509981861,55.4207027,57.5912957,1,0.509072191,55.4207027,57.5912957,0.458600919
18750,1875,0.513043808,1,1.08284024,0.511994732,61.114447,56.1833217,1,0.475639896,61.114447,56.1833217,0.451172797
18760,1876,0.515013471,1,1.0887574,0.5186804,62.3365932,61.5815194,1,0.476468271,62.3365932,61.5815194,0.425755022
18770,1877,0.513720795,1,1.13017751,0.522451714,56.7819001,62.5842838,1,0.496539968,56.7819001,62.5842838,0.434190754
18780,1878,0.530784015,1,1.18343195,0.521325119,56.6718287,56.807422,1,0.636804855,56.6718287,56.807422,0.444454643
18790,1879,0.539713714,1,1.23076923,0.51797984,62.5380207,57.7551735,1,0.601057873,62.5380207,57.7551735,0.457096842
18800,1880,0.523769597,1,1.26035503,0.51026753,60.8130853,63.4145383,1,0.51192611,60.8130853,63.4145383,0.45510784
18810,1881,0.518760686,1,1.21893491,0.508664682,55.3550821,61.3758837,1,0.509224463,55.3550821,61.3758837,0.448177844
18820,1882,0.522052919,1,1.20118343,0.517387974,57.4997287,56.1524986,1,0.509094916,57.4997287,56.1524986,0.434348183
18830,1883,0.522306898,1,1.17159763,0.518911235,62.6855301,58.0540761,1,0.489875095,62.6855301,58.0540761,0.424881003
18840,1884,0.514766753,1,1.13017751,0.52244932,60.6508984,63.2776089,1,0.454213492,60.6508984,63.2776089,0.431215571
18850,1885,0.516105169,1,1.14792899,0.521394355,55.6386307,60.8750564,1,0.518099863,55.6386307,60.8750564,0.427564214
18860,1886,0.523112426,1,1.17159763,0.514716444,59.0807614,56.0330341,1,0.626678077,59.0807614,56.0330341,0.456986813
18870,1887,0.523948581,1,1.13609467,0.51392073,63.3442112,59.7605183,1,0.658754918,63.3442112,59.7605183,0.43562607
18880,1888,0.540421846,1,1.22485207,0.52271503,58.9997182,63.3125274,1,0.53327738,58.9997182,63.3125274,0.431670681
18890,1889,0.524380306,1,1.17159763,0.516987168,55.6310446,58.696969,1,0.508932991,55.6310446,58.696969,0.439548858
18900,1890,0.523725236,1,1.20118343,0.515532072,60.3499425,55.5506012,1,0.515849667,60.3499425,55.5506012,0.436280868
18910,1891,0.513186202,1,1.14792899,0.513004473,63.4468585,60.5354158,1,0.490680955,63.4468585,60.5354158,0.451422902
18920,1892,0.512302414,1,1.06508876,0.518508996,58.4682589,63.3690868,1,0.477895272,58.4682589,63.3690868,0.440656753
18930,1893,0.513602268,1,1.15384615,0.520241624,56.0311038,58.1559574,1,0.540073148,56.0311038,58.1559574,0.442668377
18940,1894,0.530654684,1,1.18934911,0.518697755,61.9377828,56.8540367,1,0.664060517,61.9377828,56.8540367,0.465266065
18950,1895,0.526413567,1,1.18934911,0.506235977,62.3214308,62.6882561,1,0.572798621,62.3214308,62.6882561,0.449755367
18960,1896,0.529094802,1,1.23076923,0.514486166,56.658979,62.4736697,1,0.515406132,56.658979,62.4736697,0.435885875
18970,1897,0.532932813,1,1.25443787,0.511529655,56.6294173,56.9747438,1,0.519198445,56.6294173,56.9747438,0.423000415
18980,1898,0.527745018,1,1.18934911,0.519582611,62.0472719,57.2062701,1,0.506549772,62.0472719,57.2062701,0.417138412
18990,1899,0.521131747,1,1.15976331,0.520421352,61.7771642,62.848043,1,0.489001993,61.7771642,62.848043,0.434479628
19000,1900,0.517494513,1,1.17159763,0.518655231,55.9196483,61.9203149,1,0.527739528,55.9196483,61.9203149,0.456194521
19010,1901,0.518419997,1,1.22485207,0.512207235,57.6232307,56.1204133,1,0.611193588,57.6232307,56.1204133,0.464993805
19020,1902,0.52205427,1,1.18934911,0.509576706,63.0619471,58.2717808,1,0.649637115,63.0619471,58.2717808,0.449904782
19030,1903,0.538736807,1,1.23076923,0.514091974,60.309887,63.2579022,1,0.654075846,60.309887,63.2579022,0.438091891
19040,1904,0.532210741,1,1.22485207,0.514349184,55.7565081,59.9816318,1,0.523108829,55.7565081,59.9816318,0.431504919
19050,1905,0.528402667,1,1.19526627,0.517817219,59.0764336,55.6105974,1,0.514401794,59.0764336,55.6105974,0.422221841
19060,1906,0.513903715,1,1.14792899,0.512558942,63.5771697,59.2735847,1,0.50403322,63.5771697,59.2735847,0.446379925
19070,1907,0.519603535,1,1.17159763,0.522066298,59.6851488,63.2826578,1,0.506770929,59.6851488,63.2826578,0.429810017
19080,1908,0.508805294,1,1.17159763,0.511420806,55.7366753,58.6324564,1,0.563340544,55.7366753,58.6324564,0.469261135
19090,1909,0.523658751,1,1.15976331,0.512793659,60.7411351,55.4475473,1,0.633416868,60.7411351,55.4475473,0.456305364
19100,1910,0.518948092,1,1.13017751,0.51069414,63.5419578,60.3599056,1,0.631325528,63.5419578,60.3599056,0.434978555
19110,1911,0.542610062,1,1.18343195,0.516897601,58.2471191,62.3935828,1,0.583357768,58.2471191,62.3935828,0.436304817
19120,1912,0.534846463,1,1.22485207,0.519226983,56.5156041,57.1728047,1,0.519389459,56.5156041,57.1728047,0.423109568
19130,1913,0.524266948,1,1.15976331,0.517932841,61.973963,55.7524198,1,0.504654369,61.973963,55.7524198,0.43385689
19140,1914,0.508666302,1,1.10650888,0.510434721,63.2051446,61.6579537,1,0.516119838,63.2051446,61.6579537,0.46403899
19150,1915,0.504094804,1,1.0591716,0.506818966,57.2814058,62.7148442,1,0.490834322,57.2814058,62.7148442,0.462867952
19160,1916,0.507899394,1,1.14792899,0.516036307,56.4110114,57.066781,1,0.478384549,56.4110114,57.066781,0.439595058
19170,1917,0.513665459,1,1.17751479,0.521671706,61.9919807,56.6892059,1,0.552462825,61.9919807,56.6892059,0.430286685
19180,1918,0.532451467,1,1.16568047,0.517101721,61.4446231,62.4310101,1,0.670259597,61.4446231,62.4310101,0.44367958
19190,1919,0.530538654,1,1.21301775,0.514110045,55.9017348,60.84584,1,0.521315247,55.9017348,60.84584,0.443469215
19200,1920,0.514163088,1,1.20710059,0.506294018,58.008134,55.3694175,1,0.502533444,58.008134,55.3694175,0.451349854
19210,1921,0.52058482,1,1.17159763,0.51783066,63.2168221,57.6149471,1,0.512627819,63.2168221,57.6149471,0.436316175
19220,1922,0.514533154,1,1.14201183,0.512157745,60.9331473,62.927476,1,0.492528506,60.9331473,62.927476,0.444813198
19230,1923,0.509125637,1,1.1183432,0.515896946,55.6991293,60.191656,1,0.476089887,55.6991293,60.191656,0.454300004
19240,1924,0.517522609,1,1.13017751,0.520094136,58.765005,55.3074013,1,0.545969592,58.765005,55.3074013,0.443597037
19250,1925,0.527735929,1,1.17159763,0.52004829,63.2269492,59.1140564,1,0.647147946,63.2269492,59.1140564,0.451162664
19260,1926,0.538848477,1,1.19526627,0.515149314,58.8155114,62.9318524,1,0.621065215,58.8155114,62.9318524,0.448774467
19270,1927,0.531919598,1,1.25443787,0.514950527,55.6097757,58.2166714,1,0.532952139,55.6097757,58.2166714,0.438594267
19280,1928,0.526063265,1,1.18934911,0.521675273,60.5170729,55.4723824,1,0.498936104,60.5170729,55.4723824,0.432501241
19290,1929,0.519318078,1,1.15976331,0.517272313,63.2779183,60.5721824,1,0.508193873,63.2779183,60.5721824,0.446089039
19300,1930,0.511901036,1,1.12426036,0.51296934,57.9710291,63.1935631,1,0.489392543,57.9710291,63.1935631,0.455308664
19310,1931,0.51060554,1,1.10059172,0.516483619,55.6767852,57.9309283,1,0.482473486,55.6767852,57.9309283,0.441614042
19320,1932,0.520675344,1,1.18343195,0.523024061,61.0903876,56.084946,1,0.55714976,61.0903876,56.084946,0.439975399
19330,1933,0.534480781,1,1.18343195,0.517905678,61.9388666,61.9973826,1,0.654560628,61.9388666,61.9973826,0.459462142
19340,1934,0.529923161,1,1.21893491,0.51071705,56.1764993,61.8698974,1,0.546151999,56.1764993,61.8698974,0.443367488
19350,1935,0.521789747,1,1.17751479,0.514151413,56.7331289,56.0781133,1,0.507126426,56.7331289,56.0781133,0.447574656
19360,1936,0.524087995,1,1.19526627,0.513422668,62.3649602,56.5863038,1,0.517354464,62.3649602,56.5863038,0.434977936
19370,1937,0.525881479,1,1.18343195,0.520556821,61.8114247,62.0527139,1,0.505619257,61.8114247,62.0527139,0.422643418
19380,1938,0.517951491,1,1.14792899,0.52109781,56.1873285,61.3932884,1,0.468397563,56.1873285,61.3932884,0.435586386
19390,1939,0.516800741,1,1.14792899,0.517405601,57.6100345,55.7083472,1,0.54802955,57.6100345,55.7083472,0.450789242
19400,1940,0.5189416,1,1.17751479,0.514126148,63.1105972,57.8911693,1,0.621003403,63.1105972,57.8911693,0.455218931
19410,1941,0.540035001,1,1.18934911,0.518033074,60.2070859,62.9390165,1,0.662561739,60.2070859,62.9390165,0.447948242
19420,1942,0.530691963,1,1.20710059,0.510111408,55.4783822,59.5335884,1,0.561474984,55.4783822,59.5335884,0.448254867
19430,1943,0.528458389,1,1.20710059,0.510990793,59.2110777,55.3280249,1,0.515276024,59.2110777,55.3280249,0.432549758
19440,1944,0.523768262,1,1.15384615,0.519402117,63.2055411,59.3370405,1,0.512566971,63.2055411,59.3370405,0.435332591
19450,1945,0.51092202,1,1.15384615,0.514122472,59.1308997,63.4940575,1,0.489318838,59.1308997,63.4940575,0.447765612
19460,1946,0.51789393,1,1.14201183,0.520806902,55.4523539,59.2059952,1,0.495500532,55.4523539,59.2059952,0.434592763
19470,1947,0.519397041,1,1.20710059,0.519989762,60.392125,55.924471,1,0.581702045,60.392125,55.924471,0.456185236
19480,1948,0.52924506,1,1.19526627,0.514156771,62.8412669,61.4199934,1,0.665373289,62.8412669,61.4199934,0.462812749
19490,1949,0.532550097,1,1.19526627,0.513353709,57.1746889,62.9481271,1,0.572647632,57.1746889,62.9481271,0.451462443
19500,1950,0.529557862,1,1.23668639,0.513925346,56.1788834,57.339157,1,0.5234933,56.1788834,57.339157,0.438206229
19510,1951,0.526926941,1,1.18934911,0.515957082,61.7522119,56.6212878,1,0.507604215,61.7522119,56.6212878,0.432259284
19520,1952,0.520968064,1,1.15976331,0.519373587,62.5058106,62.1603259,1,0.493331277,62.5058106,62.1603259,0.43000519
19530,1953,0.518957927,1,1.15384615,0.523306353,56.9726712,62.7008999,1,0.479281278,56.9726712,62.7008999,0.427652546
19540,1954,0.521001079,1,1.15976331,0.52029092,56.9724096,56.8797955,1,0.547976974,56.9724096,56.8797955,0.447777264
19550,1955,0.519497736,1,1.18343195,0.511777964,62.9663623,57.6956841,1,0.624211184,62.9663623,57.6956841,0.465325127
19560,1956,0.535342925,1,1.19526627,0.514418281,61.4330813,63.3206162,1,0.672160633,61.4330813,63.3206162,0.448474151
19570,1957,0.534211088,1,1.22485207,0.513883542,56.0379888,61.056713,1,0.557130635,56.0379888,61.056713,0.450064296
19580,1958,0.534084177,1,1.23668639,0.508496785,58.24561,56.0050562,1,0.541495338,58.24561,56.0050562,0.424074543
19590,1959,0.524262371,1,1.17751479,0.518945794,63.0851509,58.8183888,1,0.510196491,63.0851509,58.8183888,0.430604343
19600,1960,0.514904632,1,1.14201183,0.517032704,60.2607826,63.8309241,1,0.499078659,60.2607826,63.8309241,0.44257561
19610,1961,0.517392243,1,1.1183432,0.518293788,55.5175168,60.5936312,1,0.501084813,55.5175168,60.5936312,0.441746372
19620,1962,0.518626321,1,1.14201183,0.513763394,59.4352137,56.0644185,1,0.577904317,59.4352137,56.0644185,0.460653745
19630,1963,0.509295062,1,1.14201183,0.512240557,63.6611346,60.078073,1,0.565613853,63.6611346,60.078073,0.448322521
19640,1964,0.534602015,1,1.14792899,0.514607268,59.0245844,63.6304309,1,0.66265011,59.0245844,63.6304309,0.449304819
19650,1965,0.535167152,1,1.22485207,0.516905738,56.2211042,58.6254052,1,0.536873158,56.2211042,58.6254052,0.441284991
19660,1966,0.524908868,1,1.21301775,0.518034883,61.4301752,56.237523,1,0.507470822,61.4301752,56.237523,0.440792736
19670,1967,0.517490815,1,1.17751479,0.513427288,63.7262474,61.6028601,1,0.50444483,63.7262474,61.6028601,0.448922376
19680,1968,0.513976276,1,1.18343195,0.513390794,58.2551169,63.7007062,1,0.495083094,58.2551169,63.7007062,0.450733963
19690,1969,0.511896006,1,1.10059172,0.515395556,56.4795571,58.1557753,1,0.493238715,56.4795571,58.1557753,0.447867212
19700,1970,0.516570278,1,1.17159763,0.520106185,62.1792393,56.9589357,1,0.561685714,62.1792393,56.9589357,0.447998854
19710,1971,0.523913895,1,1.14792899,0.515834437,62.7744679,62.6978101,1,0.636690144,62.7744679,62.6978101,0.443820001
19720,1972,0.546411545,1,1.19526627,0.523071381,57.085427,62.4756405,1,0.625350237,57.085427,62.4756405,0.437952104
19730,1973,0.533589722,1,1.23668639,0.517622813,57.8569104,56.7485857,1,0.507416193,57.8569104,56.7485857,0.44452184
19740,1974,0.525678556,1,1.21893491,0.515951124,63.4758191,57.8096103,1,0.506270954,63.4758191,57.8096103,0.439862189
19750,1975,0.524368,1,1.18934911,0.518459474,62.4303968,63.3103965,1,0.516237367,62.4303968,63.3103965,0.430711238
19760,1976,0.515274002,1,1.14201183,0.51796288,56.7161904,61.9485069,1,0.488609425,56.7161904,61.9485069,0.451865941
19770,1977,0.509501515,1,1.09467456,0.511459511,58.5804437,56.2832712,1,0.502982413,58.5804437,56.2832712,0.458775935
19780,1978,0.522870916,1,1.18343195,0.52188768,63.8584709,58.9188163,1,0.597541735,63.8584709,58.9188163,0.453804884
19790,1979,0.533133085,1,1.18343195,0.517886533,60.5903107,63.9115346,1,0.667519655,60.5903107,63.9115346,0.459019462
19800,1980,0.534956945,1,1.17751479,0.509106072,56.1355056,60.2114204,1,0.636572588,56.1355056,60.2114204,0.445464548
19810,1981,0.539671538,1,1.20710059,0.511888252,59.8707018,56.2009941,1,0.599536628,59.8707018,56.2009941,0.421572219
19820,1982,0.530118001,1,1.22485207,0.518059522,63.5949026,60.2231524,1,0.51787451,63.5949026,60.2231524,0.421657962
19830,1983,0.520046441,1,1.21301775,0.519287616,59.2306003,63.9836712,1,0.502085411,59.2306003,63.9836712,0.443150614
19840,1984,0.508073983,1,1.13017751,0.513654725,55.6030188,59.3088164,1,0.494507833,55.6030188,59.3088164,0.455171567
19850,1985,0.512665034,1,1.14792899,0.513552511,60.5082052,56.14988,1,0.531576428,60.5082052,56.14988,0.448796773
19860,1986,0.509697541,1,1.17159763,0.512637062,63.3983876,61.2533583,1,0.544504709,63.3983876,61.2533583,0.451156605
19870,1987,0.535934085,1,1.15384615,0.520819772,58.0222365,63.259557,1,0.657891488,58.0222365,63.259557,0.441405996
19880,1988,0.538108667,1,1.17751479,0.512432398,56.5301067,57.7642786,1,0.632683493,56.5301067,57.7642786,0.438019586
19890,1989,0.532710274,1,1.23076923,0.518627086,62.0612262,56.902705,1,0.515869594,62.0612262,56.902705,0.430601555
19900,1990,0.517470089,1,1.20118343,0.514464197,62.6490287,62.6181997,1,0.520519569,62.6490287,62.6181997,0.441972392
19910,1991,0.51263925,1,1.17751479,0.514223232,56.7362952,62.7911546,1,0.502363019,56.7362952,62.7911546,0.455020198
19920,1992,0.506702006,1,1.07692308,0.507713177,56.7914656,56.7171047,1,0.497240092,56.7914656,56.7171047,0.467253883
19930,1993,0.508042209,1,1.13609467,0.513775277,62.6511415,57.0787715,1,0.500936801,62.6511415,57.0787715,0.451602041
19940,1994,0.51334104,1,1.16568047,0.520511984,61.8730079,62.6228863,1,0.533694276,61.8730079,62.6228863,0.430650396
19950,1995,0.539639375,1,1.19526627,0.521848407,56.3807376,60.8812539,1,0.661924348,56.3807376,60.8812539,0.44321523
19960,1996,0.537809661,1,1.20710059,0.512482312,58.6368415,55.6946806,1,0.582186434,58.6368415,55.6946806,0.435078357
19970,1997,0.523324737,1,1.21893491,0.515067532,63.4924819,58.629359,1,0.52041989,63.4924819,58.629359,0.436429712
19980,1998,0.52104494,1,1.19526627,0.516150616,60.3308204,63.3984811,1,0.510882012,60.3308204,63.3984811,0.440149446
19990,1999,0.520027371,1,1.15384615,0.52007335,55.7059542,60.234715,1,0.499629237,55.7059542,60.234715,0.431035652
20000,2000,0.514010214,1,1.13609467,0.51790557,59.2838299,55.6288568,1,0.503885066,59.2838299,55.6288568,0.448634511
20010,2001,0.518966003,1,1.18343195,0.517198765,63.4758985,59.8619965,1,0.588820474,63.4758985,59.8619965,0.458276366
20020,2002,0.527633337,1,1.15976331,0.511976795,58.5365582,63.3441039,1,0.663767663,58.5365582,63.3441039,0.464873557
20030,2003,0.532991745,1,1.17159763,0.510418948,55.8206349,58.2914912,1,0.654394815,55.8206349,58.2914912,0.441253826
20040,2004,0.53450477,1,1.17751479,0.507941043,60.9577895,55.9995478,1,0.573997515,60.9577895,55.9995478,0.432711024
20050,2005,0.533070505,1,1.24852071,0.518883155,62.8977483,61.0085301,1,0.516210772,62.8977483,61.0085301,0.413194683
20060,2006,0.522576911,1,1.20710059,0.521007972,57.5941772,62.9140764,1,0.519256219,57.5941772,62.9140764,0.433500773
20070,2007,0.516512166,1,1.13609467,0.516959099,55.9466948,57.3249937,1,0.511454884,55.9466948,57.3249937,0.448218327
20080,2008,0.514129681,1,1.10650888,0.512467415,61.8330837,56.0613768,1,0.527107893,61.8330837,56.0613768,0.463114625
20090,2009,0.515200271,1,1.16568047,0.515264642,62.7041217,61.9691503,1,0.552430918,62.7041217,61.9691503,0.459356994
20100,2010,0.512050866,1,1.10650888,0.515879998,56.9704752,62.315229,1,0.585140722,56.9704752,62.315229,0.441852422
20110,2011,0.533834764,1,1.15384615,0.512707288,57.3720265,56.6776129,1,0.66536404,57.3720265,56.6776129,0.434761441
20120,2012,0.528498372,1,1.20710059,0.51901708,62.8243228,57.9856671,1,0.512894524,62.8243228,57.9856671,0.431308324
20130,2013,0.5246933,1,1.21301775,0.515408538,61.4574436,63.3610144,1,0.515790374,61.4574436,63.3610144,0.4266473
20140,2014,0.512479434,1,1.14201183,0.513467385,55.8021313,61.5596577,1,0.493138515,55.8021313,61.5596577,0.456559313
20150,2015,0.51480175,1,1.10650888,0.514509313,57.6833334,56.2492611,1,0.480514973,57.6833334,56.2492611,0.433366028
20160,2016,0.510877984,1,1.13017751,0.519765537,62.9983623,58.4706042,1,0.497599737,62.9983623,58.4706042,0.443118967
20170,2017,0.525184047,1,1.17159763,0.522108733,60.1930736,63.5319877,1,0.607693072,60.1930736,63.5319877,0.445139743
20180,2018,0.530449595,1,1.15976331,0.51302921,55.5322295,59.9867769,1,0.661546275,55.5322295,59.9867769,0.450456619
20190,2019,0.53854612,1,1.26627219,0.522268997,59.7737153,56.1503536,1,0.53016835,59.7737153,56.1503536,0.439932384
20200,2020,0.518146249,1,1.18343195,0.505807762,63.6225949,60.6288072,1,0.504630214,63.6225949,60.6288072,0.454239857
20210,2021,0.525030842,1,1.20118343,0.514841411,59.0565359,63.9136052,1,0.510184851,59.0565359,63.9136052,0.43267978
20220,2022,0.520056112,1,1.16568047,0.519124448,55.6507765,59.2921598,1,0.486560805,55.6507765,59.2921598,0.441601134
20230,2023,0.516817622,1,1.14792899,0.519376831,60.0421478,56.1597306,1,0.475023218,60.0421478,56.1597306,0.414930342
20240,2024,0.514572658,1,1.15384615,0.520617239,62.9153294,61.1673417,1,0.513387891,62.9153294,61.1673417,0.444102317
20250,2025,0.528381036,1,1.18934911,0.521744895,57.622883,63.5029943,1,0.60659336,57.622883,63.5029943,0.444993601
20260,2026,0.5377056,1,1.17751479,0.517503316,56.1288156,57.6833738,1,0.659014798,56.1288156,57.6833738,0.462180453
20270,2027,0.536194112,1,1.18343195,0.512938632,61.8323186,56.964164,1,0.582381706,61.8323186,56.964164,0.442205404
20280,2028,0.532483193,1,1.25443787,0.512951176,62.2250419,62.584421,1,0.518753255,62.2250419,62.584421,0.433381646
20290,2029,0.527683784,1,1.22485207,0.519243686,56.7255192,62.8128406,1,0.515705604,56.7255192,62.8128406,0.423404947
20300,2030,0.518088363,1,1.15384615,0.515837448,56.7777076,57.1045637,1,0.514327513,56.7777076,57.1045637,0.439116569
20310,2031,0.511753697,1,1.12426036,0.51477492,62.6899217,57.6064686,1,0.50337466,62.6899217,57.6064686,0.456421529
20320,2032,0.513492519,1,1.13609467,0.512086426,61.7155266,63.5203875,1,0.538482813,61.7155266,63.5203875,0.461050271
20330,2033,0.510098272,1,1.15976331,0.514195446,56.0331985,62.1105409,1,0.56755557,56.0331985,62.1105409,0.45035502
20340,2034,0.533619261,1,1.18934911,0.519973956,58.078205,56.9053583,1,0.664527962,58.078205,56.9053583,0.430191765
20350,2035,0.538702436,1,1.19526627,0.516382611,63.0698371,59.7023544,1,0.580015455,63.0698371,59.7023544,0.44014238
20360,2036,0.535246734,1,1.26627219,0.513700314,60.1796393,64.3453742,1,0.527192447,60.1796393,64.3453742,0.420698749
20370,2037,0.519150467,1,1.15976331,0.513865824,55.6269148,60.9322346,1,0.519828579,55.6269148,60.9322346,0.437697195
20380,2038,0.5159151,1,1.14201183,0.517619081,59.389643,56.5990363,1,0.520330073,59.389643,56.5990363,0.441452223
20390,2039,0.502018849,1,1.13609467,0.507343853,63.7057698,60.9494134,1,0.538613687,63.7057698,60.9494134,0.471399348
20400,2040,0.508088333,1,1.15384615,0.5083128,59.1555152,64.7671818,1,0.52873828,59.1555152,64.7671818,0.45690088
20410,2041,0.501257946,1,1.15384615,0.514423016,55.6757327,60.2495451,1,0.519402178,55.6757327,60.2495451,0.438649949
20420,2042,0.533367754,1,1.13609467,0.516318499,60.6139846,57.5302773,1,0.667217546,60.6139846,57.5302773,0.433649363
20430,2043,0.534933696,1,1.23668639,0.510963625,62.6786252,62.6592632,1,0.55733406,62.6786252,62.6592632,0.425303495
20440,2044,0.522421141,1,1.19526627,0.519397288,57.2388224,64.10723,1,0.510129953,57.2388224,64.10723,0.433016541
20450,2045,0.513062904,1,1.15976331,0.512036509,55.7343141,58.3807457,1,0.50673964,55.7343141,58.3807457,0.455448072
20460,2046,0.512563012,1,1.13017751,0.511355506,61.4659995,57.1609665,1,0.50497797,61.4659995,57.1609665,0.450772374
20470,2047,0.508742288,1,1.09467456,0.514009756,62.5075666,62.9611055,1,0.479845907,62.5075666,62.9611055,0.453301329
20480,2048,0.519574585,1,1.18934911,0.520940367,56.8658386,63.5015789,1,0.541326756,56.8658386,63.5015789,0.435965954
20490,2049,0.532355457,1,1.19526627,0.519213792,57.2083385,57.6549622,1,0.652908866,57.2083385,57.6549622,0.450510773
20500,2050,0.53473163,1,1.19526627,0.511567259,62.9535206,58.8234822,1,0.615296387,62.9535206,58.8234822,0.450985486
20510,2051,0.529144232,1,1.20710059,0.51213367,61.1243413,64.1068988,1,0.513439585,61.1243413,64.1068988,0.430084539
20520,2052,0.51308742,1,1.18343195,0.511150054,55.7680155,61.7244078,1,0.514914846,55.7680155,61.7244078,0.450945684
20530,2053,0.50829962,1,1.13017751,0.509323976,58.4776602,56.3537993,1,0.513724141,58.4776602,56.3537993,0.46272674
20540,2054,0.504904893,1,1.06508876,0.508765699,63.7655979,59.0447132,1,0.462026571,63.7655979,59.0447132,0.456402858
20550,2055,0.509154636,1,1.09467456,0.517766543,61.0875446,63.8261953,1,0.476417034,61.0875446,63.8261953,0.421567522
20560,2056,0.508856416,1,1.18934911,0.525438769,56.367965,60.9505055,1,0.519032437,56.367965,60.9505055,0.425128056
20570,2057,0.525484425,1,1.14792899,0.51545477,60.0325136,56.5977375,1,0.652945199,60.0325136,56.5977375,0.437688292
20580,2058,0.529976706,1,1.27218935,0.513683435,63.5850828,61.1625495,1,0.531349579,63.5850828,61.1625495,0.444947018
20590,2059,0.518692684,1,1.18343195,0.509817421,58.6613698,64.2474231,1,0.509608424,58.6613698,64.2474231,0.446944887
20600,2060,0.518165541,1,1.17751479,0.513709421,55.6876322,59.3401028,1,0.505921004,55.6876322,59.3401028,0.441386386
20610,2061,0.518637969,1,1.14792899,0.514532326,60.5802214,56.4479943,1,0.497636502,60.5802214,56.4479943,0.437189249
20620,2062,0.510546967,1,1.07692308,0.514699137,63.2832973,61.5884728,1,0.465025319,63.2832973,61.5884728,0.44675781
20630,2063,0.51488602,1,1.15976331,0.523678641,58.090857,63.8146786,1,0.522432804,58.090857,63.8146786,0.434580859
20640,2064,0.516474982,1,1.13017751,0.513409218,56.458999,58.0897457,1,0.613666591,56.458999,58.0897457,0.457920549
20650,2065,0.533506051,1,1.21301775,0.514590827,62.3580907,57.7617095,1,0.599772692,62.3580907,57.7617095,0.454477332
20660,2066,0.523030496,1,1.21893491,0.510868711,61.8340675,63.5973581,1,0.52765254,61.8340675,63.5973581,0.450702244
20670,2067,0.518906517,1,1.23668639,0.512293033,56.1071496,62.7885227,1,0.503362539,56.1071496,62.7885227,0.444904105
20680,2068,0.517399882,1,1.17159763,0.509649793,56.8624841,57.1101732,1,0.498790859,56.8624841,57.1101732,0.440643576
20690,2069,0.519468186,1,1.18343195,0.518095809,62.1571535,57.9999269,1,0.490423806,62.1571535,57.9999269,0.412993012
20700,2070,0.513969225,1,1.16568047,0.522858598,61.1626371,63.4735722,1,0.471798464,61.1626371,63.4735722,0.427943039
20710,2071,0.521352063,1,1.18934911,0.522858588,55.6829576,61.6787462,1,0.573114616,55.6829576,61.6787462,0.443548681
20720,2072,0.53190845,1,1.18343195,0.513456638,58.6381628,56.3902012,1,0.654239825,58.6381628,56.3902012,0.466016397
20730,2073,0.530927813,1,1.25443787,0.516083546,63.1639634,60.1189925,1,0.527439216,63.1639634,60.1189925,0.451078623
20740,2074,0.52129857,1,1.23668639,0.504820615,59.4161503,64.5953757,1,0.512647507,59.4161503,64.5953757,0.44908921
20750,2075,0.531235623,1,1.21893491,0.517371336,55.5387956,60.8222192,1,0.513788203,55.5387956,60.8222192,0.416171544
20760,2076,0.52304998,1,1.15976331,0.521341896,59.4257503,56.8214428,1,0.503692202,59.4257503,56.8214428,0.429080681
20770,2077,0.515931793,1,1.18343195,0.522383009,63.3638034,60.8859264,1,0.484896739,63.3638034,60.8859264,0.435334937
20780,2078,0.516396974,1,1.16568047,0.520439882,58.744682,64.4499944,1,0.540323866,58.744682,64.4499944,0.448791035
20790,2079,0.525122919,1,1.18343195,0.514559912,55.8920504,59.1301698,1,0.638515351,55.8920504,59.1301698,0.464337921
20800,2080,0.532488417,1,1.17159763,0.511187824,61.6080415,57.2873384,1,0.644917142,61.6080415,57.2873384,0.461977876
20810,2081,0.531078685,1,1.18934911,0.51098294,62.890663,62.8907221,1,0.578457026,62.890663,62.8907221,0.442177423
20820,2082,0.53632058,1,1.26035503,0.509900121,57.5037127,63.8838155,1,0.553081822,57.5037127,63.8838155,0.421363433
20830,2083,0.530318548,1,1.21893491,0.518633454,56.8101111,58.45062,1,0.511816448,56.8101111,58.45062,0.421329931
20840,2084,0.520036194,1,1.15976331,0.517627323,62.4402187,57.7233827,1,0.492197509,62.4402187,57.7233827,0.436683205
20850,2085,0.516338622,1,1.13609467,0.518809759,62.6581676,63.578728,1,0.510294598,62.6581676,63.578728,0.450723093
20860,2086,0.517070581,1,1.15384615,0.513942622,56.6448333,63.1888067,1,0.572981376,56.6448333,63.1888067,0.463535608
20870,2087,0.513822105,1,1.15976331,0.508713183,57.5813643,57.3096944,1,0.615007152,57.5813643,57.3096944,0.457941442
20880,2088,0.530597122,1,1.11242604,0.511943118,62.9922526,58.8291608,1,0.666304756,62.9922526,58.8291608,0.432321998
20890,2089,0.540287341,1,1.17751479,0.516657131,60.9358526,63.9112658,1,0.572676283,60.9358526,63.9112658,0.421722111
20900,2090,0.528413985,1,1.21301775,0.516147518,55.8460228,61.5556255,1,0.516072266,55.8460228,61.5556255,0.431424014
20910,2091,0.51682932,1,1.17751479,0.515989668,58.6471088,56.5266665,1,0.522975674,58.6471088,56.5266665,0.442802472
20920,2092,0.506505483,1,1.13017751,0.508357607,63.7132896,59.8198442,1,0.512853959,63.7132896,59.8198442,0.464803877
20930,2093,0.506978082,1,1.1183432,0.50776915,59.965878,64.574191,1,0.506563894,59.965878,64.574191,0.465666843
20940,2094,0.508158744,1,1.17751479,0.513740984,55.6446754,60.567453,1,0.53138447,55.6446754,60.567453,0.453303077
20950,2095,0.519490684,1,1.17751479,0.518559043,59.8965083,56.870924,1,0.61744111,59.8965083,56.870924,0.433387715
20960,2096,0.539008151,1,1.19526627,0.514605272,62.9425617,61.6567892,1,0.613066047,62.9425617,61.6567892,0.436384735
20970,2097,0.537648607,1,1.23668639,0.51797897,58.1400644,64.1881107,1,0.524927473,58.1400644,64.1881107,0.41759787
20980,2098,0.523512881,1,1.16568047,0.51888666,55.8010638,59.1258339,1,0.508077133,55.8010638,59.1258339,0.42896304
20990,2099,0.515595639,1,1.16568047,0.516794189,61.209824,56.9560318,1,0.505464798,61.209824,56.9560318,0.448288842
21000,2100,0.510634959,1,1.13017751,0.511555087,63.2888774,62.5162466,1,0.494649958,63.2888774,62.5162466,0.456630643
21010,2101,0.514909882,1,1.10650888,0.516436428,57.6647198,64.1385328,1,0.507826762,57.6647198,64.1385328,0.450265937
21020,2102,0.502135531,1,1.13017751,0.516763453,56.3359039,58.4532164,1,0.512814935,56.3359039,58.4532164,0.449118633
21030,2103,0.528031409,1,1.16568047,0.516297477,62.0987501,58.1170234,1,0.655467616,62.0987501,58.1170234,0.44404956
21040,2104,0.529504923,1,1.23668639,0.515031043,61.2969969,63.9141811,1,0.531099144,61.2969969,63.9141811,0.450179757
21050,2105,0.521005624,1,1.21301775,0.510228294,55.7651774,62.6279306,1,0.51300751,55.7651774,62.6279306,0.436876131
21060,2106,0.515930683,1,1.17159763,0.513110905,57.4425789,57.0428168,1,0.505538199,57.4425789,57.0428168,0.448582068
21070,2107,0.514804468,1,1.13609467,0.514047039,62.9180682,58.8072033,1,0.49399895,62.9180682,58.8072033,0.44251863
21080,2108,0.515029274,1,1.13609467,0.521338785,61.0930667,64.1556321,1,0.467607532,61.0930667,64.1556321,0.434709465
21090,2109,0.511742466,1,1.19526627,0.517418846,55.8215786,61.8687104,1,0.523471824,55.8215786,61.8687104,0.442013937
21100,2110,0.526998917,1,1.15384615,0.517237343,58.9965353,56.9829603,1,0.633351314,58.9965353,56.9829603,0.448210804
21110,2111,0.537497128,1,1.13609467,0.518575604,63.350836,60.7132796,1,0.659239872,63.350836,60.7132796,0.441053185
21120,2112,0.53506551,1,1.21301775,0.520601401,59.0911692,64.4227483,1,0.533738222,59.0911692,64.4227483,0.434495688
21130,2113,0.522803366,1,1.20710059,0.517307289,55.5592279,59.9017592,1,0.513427094,55.5592279,59.9017592,0.441312938
21140,2114,0.513760737,1,1.13017751,0.510158292,60.2842942,56.3786614,1,0.500720159,60.2842942,56.3786614,0.453379607
21150,2115,0.516184082,1,1.13609467,0.517298665,63.5172981,61.1093903,1,0.482834744,63.5172981,61.1093903,0.440763927
21160,2116,0.513565166,1,1.1183432,0.519519233,58.6980696,64.1564409,1,0.498003655,58.6980696,64.1564409,0.438592968
21170,2117,0.520876197,1,1.17159763,0.521526682,56.3712776,58.7375934,1,0.612075074,56.3712776,58.7375934,0.453636648
21180,2118,0.52909078,1,1.17751479,0.508560264,62.1687435,57.2352901,1,0.658667441,62.1687435,57.2352901,0.460688486
21190,2119,0.530854927,1,1.22485207,0.513549722,62.6237925,63.0666359,1,0.538393741,62.6237925,63.0666359,0.449928743
21200,2120,0.531231078,1,1.26035503,0.509112895,57.0242579,63.4075064,1,0.527499947,57.0242579,63.4075064,0.431530784
21210,2121,0.526080782,1,1.18934911,0.515768002,56.9946055,57.9085135,1,0.511364995,56.9946055,57.9085135,0.423005599
21220,2122,0.520927866,1,1.15384615,0.51858147,62.5772371,57.8828428,1,0.490738879,62.5772371,57.8828428,0.429437742
21230,2123,0.515116423,1,1.09467456,0.517737416,62.2242172,63.6441722,1,0.484917579,62.2242172,63.6441722,0.444010369
21240,2124,0.516402738,1,1.13017751,0.516786891,56.4227153,62.6819134,1,0.548154446,56.4227153,62.6819134,0.452366337
21250,2125,0.517326447,1,1.18343195,0.514847198,57.9503089,56.9608382,1,0.618519947,57.9503089,56.9608382,0.455500523
21260,2126,0.537012118,1,1.17751479,0.51710931,63.1988542,59.1494386,1,0.672645088,63.1988542,59.1494386,0.437429279
21270,2127,0.537849845,1,1.21893491,0.517238621,60.288718,64.1283991,1,0.559145345,60.288718,64.1283991,0.443619732
21280,2128,0.535657028,1,1.26035503,0.513964035,55.6253595,61.2735319,1,0.528796803,55.6253595,61.2735319,0.420602411
21290,2129,0.523335303,1,1.21301775,0.51450211,58.8286991,56.7126555,1,0.516110219,58.8286991,56.7126555,0.428724393
21300,2130,0.518733807,1,1.15384615,0.518897359,63.177588,60.2788587,1,0.512607703,63.177588,60.2788587,0.432624026
21310,2131,0.499339587,1,1.05325444,0.505993108,58.9711144,64.7784206,1,0.516141271,58.9711144,64.7784206,0.473814169
21320,2132,0.514829634,1,1.15976331,0.510306499,55.2245345,60.1468197,1,0.572358931,55.2245345,60.1468197,0.458248448
21330,2133,0.506660417,1,1.15384615,0.511241795,59.804165,56.6168967,1,0.558205367,59.804165,56.6168967,0.44478152
21340,2134,0.536122367,1,1.14792899,0.516959721,62.5990842,61.5774251,1,0.667335033,62.5990842,61.5774251,0.437978249
21350,2135,0.534072375,1,1.24260355,0.51418655,57.4023847,63.7075928,1,0.538192388,57.4023847,63.7075928,0.432026328
21360,2136,0.523855822,1,1.18343195,0.51848818,55.74642,58.3496821,1,0.509413457,55.74642,58.3496821,0.431382984
21370,2137,0.515157407,1,1.16568047,0.512532606,61.3827694,56.7838358,1,0.515223119,61.3827694,56.7838358,0.449985594
21380,2138,0.505724049,1,1.10059172,0.509166575,62.8008775,62.669841,1,0.490396997,62.8008775,62.669841,0.465725161
21390,2139,0.512517834,1,1.10059172,0.514484222,57.2586667,63.9438047,1,0.479979013,57.2586667,63.9438047,0.437442025
21400,2140,0.51758097,1,1.17159763,0.521856432,56.4810252,58.2669835,1,0.528077993,56.4810252,58.2669835,0.440756643
21410,2141,0.521909275,1,1.17751479,0.516930205,62.3242705,58.1778354,1,0.628719347,62.3242705,58.1778354,0.449532716
21420,2142,0.533735494,1,1.18934911,0.51180476,61.2295293,63.9743511,1,0.604610003,61.2295293,63.9743511,0.453768264
21430,2143,0.529046807,1,1.21301775,0.512456104,55.9429919,62.2726693,1,0.515750462,55.9429919,62.2726693,0.427205027
21440,2144,0.516631808,1,1.19526627,0.512118834,58.1168879,56.8873383,1,0.515493421,58.1168879,56.8873383,0.446734465
21450,2145,0.510266425,1,1.14792899,0.512385626,63.5393745,59.3737915,1,0.505604145,63.5393745,59.3737915,0.458875715
21460,2146,0.509849625,1,1.08284024,0.512151935,60.993103,64.646856,1,0.473918133,60.993103,64.646856,0.450435088
21470,2147,0.509011106,1,1.12426036,0.516242879,56.0310196,61.9263219,1,0.484285921,56.0310196,61.9263219,0.435302908
21480,2148,0.527096684,1,1.17751479,0.527320162,59.2293374,57.2811592,1,0.59233387,59.2293374,57.2811592,0.433826881
21490,2149,0.536273012,1,1.14792899,0.518441211,63.5603497,61.1339702,1,0.669550065,63.5603497,61.1339702,0.445900591
21500,2150,0.527925235,1,1.24852071,0.511276223,58.8972395,64.6974224,1,0.528262746,58.8972395,64.6974224,0.451445983
21510,2151,0.513313443,1,1.18343195,0.506797957,55.7332482,59.6733752,1,0.508520935,55.7332482,59.6733752,0.456717716
21520,2152,0.519390863,1,1.18343195,0.512250126,60.5724903,56.6409505,1,0.512274652,60.5724903,56.6409505,0.439296526
21530,2153,0.520768767,1,1.17751479,0.515877274,63.5638895,61.343789,1,0.490821221,63.5638895,61.343789,0.428739451
21540,2154,0.516041341,1,1.1183432,0.523433974,58.7195428,64.1145704,1,0.472443858,58.7195428,64.1145704,0.429289523
21550,2155,0.514553957,1,1.16568047,0.517724777,56.3454235,58.8157986,1,0.545711151,56.3454235,58.8157986,0.446640488
21560,2156,0.522334062,1,1.13609467,0.512147,62.2045032,57.4008638,1,0.650376058,62.2045032,57.4008638,0.463654478
21570,2157,0.537796051,1,1.16568047,0.514233084,62.9043538,62.9857473,1,0.653502545,62.9043538,62.9857473,0.432966337
21580,2158,0.533887033,1,1.23668639,0.512320184,57.1468732,63.1298966,1,0.553598043,57.1468732,63.1298966,0.443021911
21590,2159,0.526418159,1,1.19526627,0.517323685,57.3973916,57.5374856,1,0.51326041,57.3973916,57.5374856,0.430616875
21600,2160,0.526473571,1,1.18343195,0.516024761,62.8792614,57.7251828,1,0.521360933,62.8792614,57.7251828,0.4219294
21610,2161,0.518905877,1,1.1183432,0.520582662,62.3259685,63.3943575,1,0.494409379,62.3259685,63.3943575,0.438162348
21620,2162,0.512350812,1,1.0887574,0.51611315,56.4560578,62.6246575,1,0.49619542,56.4560578,62.6246575,0.45539689
21630,2163,0.521674833,1,1.17751479,0.5208212,57.9567614,56.9684871,1,0.565439445,57.9567614,56.9684871,0.450143792
21640,2164,0.531886417,1,1.13609467,0.517342806,63.4536763,59.2652219,1,0.653070202,63.4536763,59.2652219,0.458264435
21650,2165,0.539608864,1,1.21893491,0.51676143,60.4995087,64.2366229,1,0.63017791,60.4995087,64.2366229,0.444838469
21660,2166,0.528200249,1,1.23076923,0.513650201,55.8788025,60.8165925,1,0.516864306,55.8788025,60.8165925,0.44220757
21670,2167,0.525070016,1,1.21893491,0.518218953,59.3839193,56.4445075,1,0.511557613,59.3839193,56.4445075,0.431050534
21680,2168,0.520653007,1,1.15976331,0.515028327,63.7627461,60.0690594,1,0.508660619,63.7627461,60.0690594,0.43725543
21690,2169,0.517052693,1,1.14201183,0.517591623,59.7714532,64.2514817,1,0.486488085,59.7714532,64.2514817,0.444713024
21700,2170,0.510753016,1,1.15976331,0.513322014,55.7711567,59.8093122,1,0.526459551,55.7711567,59.8093122,0.459838166
21710,2171,0.520745496,1,1.16568047,0.51681999,60.5622399,56.3414682,1,0.593926989,60.5622399,56.3414682,0.454955751
21720,2172,0.531562635,1,1.17159763,0.516697032,63.4340494,61.299453,1,0.654135411,63.4340494,61.299453,0.440742401
21730,2173,0.542620759,1,1.16568047,0.515928818,58.1212524,63.5269439,1,0.616337836,58.1212524,63.5269439,0.443143206
21740,2174,0.530537189,1,1.20710059,0.51513588,56.3734773,58.1044806,1,0.523717765,56.3734773,58.1044806,0.438244385
21750,2175,0.522290626,1,1.15384615,0.517168635,61.9144002,56.7022831,1,0.506045756,61.9144002,56.7022831,0.439660876
21760,2176,0.512684098,1,1.14792899,0.511920399,63.2456959,62.4507055,1,0.511544706,63.2456959,62.4507055,0.453889881
21770,2177,0.506431586,1,1.11242604,0.510216216,57.3998868,63.632251,1,0.488597701,57.3998868,63.632251,0.458770766
21780,2178,0.504405727,1,1.09467456,0.514215458,56.3640596,58.0040827,1,0.466250355,56.3640596,58.0040827,0.44020716
21790,2179,0.521870893,1,1.21301775,0.524776747,61.8808393,57.6087528,1,0.567530238,61.8808393,57.6087528,0.425455851
21800,2180,0.529822123,1,1.17751479,0.516283676,61.5316886,63.4366816,1,0.666922268,61.5316886,63.4366816,0.449106017
21810,2181,0.533996556,1,1.20118343,0.512309124,55.921089,62.0167504,1,0.551904884,55.921089,62.0167504,0.445191484
21820,2182,0.519940712,1,1.20710059,0.510241057,57.9048416,56.6207618,1,0.50640789,57.9048416,56.6207618,0.442237232
21830,2183,0.522225549,1,1.14792899,0.514949849,63.0724514,58.8119739,1,0.517681403,63.0724514,58.8119739,0.431768088
21840,2184,0.513714359,1,1.11242604,0.515055023,60.5229301,64.0988903,1,0.499557449,60.5229301,64.0988903,0.451503366
21850,2185,0.509188283,1,1.07100592,0.515122396,55.3051092,61.3106677,1,0.496503864,55.3051092,61.3106677,0.455082017
21860,2186,0.512918757,1,1.17159763,0.516625954,58.427033,56.368383,1,0.533856694,58.427033,56.368383,0.449671716
21870,2187,0.522871894,1,1.17159763,0.515407805,62.8894282,60.2121865,1,0.625736217,62.8894282,60.2121865,0.453048816
21880,2188,0.540666369,1,1.20710059,0.521354082,58.4239581,63.9143975,1,0.61819099,58.4239581,63.9143975,0.44619887
21890,2189,0.532200576,1,1.24260355,0.518025931,55.2328942,59.2252859,1,0.503353972,55.2328942,59.2252859,0.436301401
21900,2190,0.521537283,1,1.22485207,0.510496208,60.1078784,56.1246613,1,0.515676869,60.1078784,56.1246613,0.444421998
21910,2191,0.517513191,1,1.15976331,0.515504985,62.9419916,61.0839124,1,0.497857368,62.9419916,61.0839124,0.439380741
21920,2192,0.520061247,1,1.12426036,0.521557495,57.9692055,63.7153911,1,0.495406639,57.9692055,63.7153911,0.43277884
21930,2193,0.514610652,1,1.14792899,0.515353404,55.5718541,58.2195943,1,0.535526502,55.5718541,58.2195943,0.461224741
21940,2194,0.511427178,1,1.14201183,0.51549591,61.1474082,56.3361489,1,0.554353002,61.1474082,56.3361489,0.452698483
21950,2195,0.522223703,1,1.13017751,0.514022866,62.2517765,62.0558153,1,0.643564671,62.2517765,62.0558153,0.448100614
21960,2196,0.534896243,1,1.20118343,0.51195018,56.5521103,62.3383702,1,0.60520706,56.5521103,62.3383702,0.438974271
21970,2197,0.52600133,1,1.18934911,0.514233181,56.9805538,56.7374637,1,0.51801912,56.9805538,56.7374637,0.43209766
21980,2198,0.515478638,1,1.18934911,0.515170584,62.7632954,57.503026,1,0.505549342,62.7632954,57.503026,0.448707456
21990,2199,0.515501758,1,1.16568047,0.513216837,61.8104475,63.1974574,1,0.515074753,61.8104475,63.1974574,0.444123149
22000,2200,0.50760667,1,1.1183432,0.511591366,55.9855175,61.7874685,1,0.500426936,55.9855175,61.7874685,0.461011732
22010,2201,0.511506293,1,1.14792899,0.514837656,57.7833534,56.2178876,1,0.532229286,57.7833534,56.2178876,0.450196836
22020,2202,0.529099933,1,1.18343195,0.521712425,63.0283169,58.7106221,1,0.640642472,63.0283169,58.7106221,0.446706331
22030,2203,0.538916838,1,1.13609467,0.516677621,59.8923451,63.5141664,1,0.642830664,59.8923451,63.5141664,0.441275434
22040,2204,0.537233889,1,1.27810651,0.51752358,55.6428392,59.8765534,1,0.538219265,55.6428392,59.8765534,0.430291827
22050,2205,0.519466488,1,1.19526627,0.515145331,59.691181,55.7936917,1,0.506315591,59.691181,55.7936917,0.442283148
22060,2206,0.518441529,1,1.18934911,0.517088734,63.7008125,59.846595,1,0.50176134,63.7008125,59.846595,0.438550397
22070,2207,0.514525998,1,1.11242604,0.515065048,59.4148052,63.7354426,1,0.493697475,59.4148052,63.7354426,0.445177941
22080,2208,0.515831407,1,1.12426036,0.518423376,55.877058,59.0944265,1,0.518762598,55.877058,59.0944265,0.448895325
22090,2209,0.513855054,1,1.17159763,0.512576314,61.013051,55.9612279,1,0.590895948,61.013051,55.9612279,0.462789058
22100,2210,0.533646146,1,1.15976331,0.515861354,63.3049662,61.3786311,1,0.66439493,63.3049662,61.3786311,0.452482517
22110,2211,0.5371477,1,1.15384615,0.512886319,58.0285732,63.1396903,1,0.65694195,58.0285732,63.1396903,0.427886319
22120,2212,0.540775836,1,1.23076923,0.520657434,56.8571251,57.6738961,1,0.521222611,56.8571251,57.6738961,0.429993784
22130,2213,0.524081438,1,1.17751479,0.515721456,62.4747343,56.5997507,1,0.510078557,62.4747343,56.5997507,0.439952405
22140,2214,0.516456227,1,1.16568047,0.517204569,63.1647724,62.4254537,1,0.505374664,63.1647724,62.4254537,0.451263632
22150,2215,0.506230199,1,1.09467456,0.507629399,57.1101808,62.9558519,1,0.50058858,57.1101808,62.9558519,0.467521483
22160,2216,0.504631853,1,1.11242604,0.50943697,56.8612358,57.0109786,1,0.50004377,56.8612358,57.0109786,0.457698721
22170,2217,0.501829855,1,1.12426036,0.514677392,62.5626323,57.0549527,1,0.515536912,62.5626323,57.0549527,0.438582004
22180,2218,0.53648188,1,1.18934911,0.522421484,61.5878496,62.5610177,1,0.655571464,61.5878496,62.5610177,0.430129696
22190,2219,0.537484766,1,1.17751479,0.515164306,56.155996,60.8892751,1,0.584919883,56.155996,60.8892751,0.437175968
22200,2220,0.526386828,1,1.21893491,0.513175297,58.4992354,55.6567994,1,0.512221645,58.4992354,55.6567994,0.441015322
22210,2221,0.517261283,1,1.18343195,0.511888315,63.5815109,58.2420063,1,0.506747711,63.5815109,58.2420063,0.438615484
22220,2222,0.521661444,1,1.17751479,0.518458997,60.7924657,63.1343416,1,0.495668324,60.7924657,63.1343416,0.433191804
22230,2223,0.515031323,1,1.15384615,0.517077763,55.8167352,59.9551931,1,0.506799935,55.8167352,59.9551931,0.45420376
22240,2224,0.516038705,1,1.13017751,0.516922131,59.4418401,55.2411053,1,0.5561462,59.4418401,55.2411053,0.45744343
22250,2225,0.526998904,1,1.16568047,0.517236031,63.6672024,59.3656739,1,0.628632863,63.6672024,59.3656739,0.454209454
22260,2226,0.535237841,1,1.13017751,0.513676071,58.9747679,62.8931247,1,0.650072855,58.9747679,62.8931247,0.451570899
22270,2227,0.53463907,1,1.23668639,0.520359701,56.1851411,57.900025,1,0.520276912,56.1851411,57.900025,0.439964108
22280,2228,0.52653112,1,1.21893491,0.516253798,61.2335977,55.2957312,1,0.512392666,61.2335977,55.2957312,0.436969529
22290,2229,0.518979143,1,1.21893491,0.513246608,63.8276603,60.430518,1,0.509004986,63.8276603,60.430518,0.442526339
22300,2230,0.515950214,1,1.15976331,0.515965333,58.662558,62.7894785,1,0.487438748,58.662558,62.7894785,0.436791532
22310,2231,0.523028422,1,1.13609467,0.523419081,56.7111776,57.4392905,1,0.526772027,56.7111776,57.4392905,0.438072686
22320,2232,0.515372068,1,1.18934911,0.514736635,62.5481958,55.8866764,1,0.590153712,62.5481958,55.8866764,0.464614062
22330,2233,0.510479404,1,1.14201183,0.511421426,63.5630833,61.5247451,1,0.585893896,63.5630833,61.5247451,0.440667962
22340,2234,0.542006261,1,1.17751479,0.518605329,57.808413,61.5403131,1,0.617521858,57.808413,61.5403131,0.442668564
22350,2235,0.532754376,1,1.21301775,0.509379725,58.0710828,55.9411584,1,0.556663558,58.0710828,55.9411584,0.431177893
22360,2236,0.525172493,1,1.21301775,0.517401232,63.5708574,56.7002316,1,0.512308711,63.5708574,56.7002316,0.427070054
22370,2237,0.519401084,1,1.14201183,0.516301856,62.6650621,62.2707072,1,0.50756386,62.6650621,62.2707072,0.434126089
22380,2238,0.514716886,1,1.13609467,0.51744974,56.9451002,61.1303981,1,0.493461649,56.9451002,61.1303981,0.448655249
22390,2239,0.512365032,1,1.13609467,0.512031341,58.7022745,55.394218,1,0.536592768,58.7022745,55.394218,0.461483485
22400,2240,0.516979349,1,1.19526627,0.51706272,64.1021404,57.8249845,1,0.588333566,64.1021404,57.8249845,0.455519587
22410,2241,0.538500043,1,1.17751479,0.518861621,61.0016346,62.8055343,1,0.668061514,61.0016346,62.8055343,0.451290147
22420,2242,0.530657495,1,1.16568047,0.506576568,56.4451767,59.1728579,1,0.614355714,56.4451767,59.1728579,0.448255308
22430,2243,0.534638603,1,1.21893491,0.516764298,60.4266571,55.2878251,1,0.513196446,60.4266571,55.2878251,0.427914066
22440,2244,0.519916451,1,1.16568047,0.516069457,64.336061,59.5639272,1,0.503694204,64.336061,59.5639272,0.445679381
22450,2245,0.526791824,1,1.20710059,0.520858591,60.4869121,63.2651743,1,0.513855999,60.4869121,63.2651743,0.410766184
22460,2246,0.515892119,1,1.18343195,0.520395626,56.809078,58.8955337,1,0.492633235,56.809078,58.8955337,0.439339356
22470,2247,0.513206866,1,1.19526627,0.517052711,61.8117672,55.6712525,1,0.554093958,61.8117672,55.6712525,0.457824082
22480,2248,0.526644118,1,1.17159763,0.515577692,64.1738862,61.0729499,1,0.639484556,64.1738862,61.0729499,0.453506663
22490,2249,0.533452024,1,1.14792899,0.512715625,58.5771698,62.7276688,1,0.666940724,58.5771698,62.7276688,0.448939115
22500,2250,0.531693433,1,1.23076923,0.515856335,57.7540853,57.0348602,1,0.526765818,57.7540853,57.0348602,0.442461768
22510,2251,0.530012913,1,1.22485207,0.512197726,63.2684214,56.4036951,1,0.516487948,63.2684214,56.4036951,0.426949217
22520,2252,0.517853568,1,1.14201183,0.515879932,63.4265304,62.1056772,1,0.51313212,63.4265304,62.1056772,0.4387826
22530,2253,0.513553961,1,1.12426036,0.515809297,57.6071652,62.2048785,1,0.479584935,57.6071652,62.2048785,0.447708509
22540,2254,0.51600089,1,1.1183432,0.520087731,57.7034385,56.5316468,1,0.484386583,57.7034385,56.5316468,0.436465271
22550,2255,0.524338981,1,1.18343195,0.524517784,63.4162453,57.3324938,1,0.562191288,63.4162453,57.3324938,0.443743606
22560,2256,0.529213407,1,1.19526627,0.513982559,61.6735084,63.074533,1,0.669728856,61.6735084,63.074533,0.461590676
22570,2257,0.532261976,1,1.21301775,0.514284789,56.5150901,60.4453972,1,0.555298398,56.5150901,60.4453972,0.445368236
22580,2258,0.528877713,1,1.23076923,0.515062648,59.5351552,55.5951737,1,0.528301566,59.5351552,55.5951737,0.439509284
22590,2259,0.526066133,1,1.20118343,0.514948918,64.2804031,58.6016405,1,0.509648554,64.2804031,58.6016405,0.432114789
22600,2260,0.529799622,1,1.21893491,0.519815208,61.4586552,63.1336738,1,0.517117006,61.4586552,63.1336738,0.410668286
22610,2261,0.514124711,1,1.14201183,0.518203218,56.7170984,59.6626023,1,0.488690778,56.7170984,59.6626023,0.452021746
22620,2262,0.516005587,1,1.14201183,0.517560218,60.4906979,55.2054984,1,0.529798864,60.4906979,55.2054984,0.449232278
22630,2263,0.516406151,1,1.14201183,0.516468303,64.6061016,59.3806549,1,0.56776029,64.6061016,59.3806549,0.450958737
22640,2264,0.535100075,1,1.14201183,0.517476036,59.8875128,62.7707586,1,0.659743236,59.8875128,62.7707586,0.44693488
22650,2265,0.537665298,1,1.18934911,0.515906711,57.1472402,57.6986769,1,0.585896697,57.1472402,57.6986769,0.443460742
22660,2266,0.53137304,1,1.21893491,0.520042144,62.2465499,55.4684771,1,0.511002927,62.2465499,55.4684771,0.428128933
22670,2267,0.518631988,1,1.15384615,0.513743184,64.3580509,60.8085435,1,0.502925634,64.3580509,60.8085435,0.441720319
22680,2268,0.510637809,1,1.10650888,0.51313883,58.6974813,62.6249786,1,0.512224778,58.6974813,62.6249786,0.457297731
22690,2269,0.506132323,1,1.07100592,0.507648474,56.8966837,56.938684,1,0.479096884,56.8966837,56.938684,0.458817739
22700,2270,0.517648723,1,1.14201183,0.520511308,62.537953,55.8396896,1,0.529312095,62.537953,55.8396896,0.442101676
22710,2271,0.514658239,1,1.16568047,0.515501662,63.2701804,61.6857358,1,0.586183019,63.2701804,61.6857358,0.453209547
22720,2272,0.543654974,1,1.19526627,0.520234707,57.5121886,61.2605354,1,0.65550637,57.5121886,61.2605354,0.444128464
22730,2273,0.531250995,1,1.21301775,0.50961363,58.4389223,55.5281495,1,0.565755321,58.4389223,55.5281495,0.446677966
22740,2274,0.532726448,1,1.20118343,0.518043212,63.7478253,56.9035395,1,0.520181157,63.7478253,56.9035395,0.421859425
22750,2275,0.520017344,1,1.19526627,0.514831026,62.349301,62.4322751,1,0.515017692,62.349301,62.4322751,0.43868272
22760,2276,0.519715774,1,1.14792899,0.520452283,56.8750802,60.7987351,1,0.490911042,56.8750802,60.7987351,0.439442536
22770,2277,0.516363621,1,1.10650888,0.516231479,58.7904423,55.3606994,1,0.507666948,58.7904423,55.3606994,0.443499026
22780,2278,0.509707251,1,1.15976331,0.517316824,64.2128749,57.721449,1,0.518773407,64.2128749,57.721449,0.454926444
22790,2279,0.522892354,1,1.17751479,0.517620004,61.254805,62.8201795,1,0.610432811,61.254805,62.8201795,0.453436776
22800,2280,0.537149845,1,1.17751479,0.518853261,56.8106035,58.9526005,1,0.645610301,56.8106035,58.9526005,0.453187885
22810,2281,0.536253443,1,1.26035503,0.517979631,60.9894651,55.1695827,1,0.540837842,60.9894651,55.1695827,0.433604052
22820,2282,0.529688793,1,1.20710059,0.517447006,64.5773278,59.4339301,1,0.508279228,64.5773278,59.4339301,0.428686019
22830,2283,0.521415785,1,1.14792899,0.515498701,59.9477504,62.9368087,1,0.504854977,59.9477504,62.9368087,0.446572385
22840,2284,0.514297149,1,1.14792899,0.515380578,56.5036155,58.188753,1,0.486346035,56.5036155,58.188753,0.451205472
22850,2285,0.517728119,1,1.11242604,0.519575168,61.1755425,55.1509958,1,0.490687343,61.1755425,55.1509958,0.428668439
22860,2286,0.511654403,1,1.15976331,0.517525379,63.9359197,60.382457,1,0.526295412,63.9359197,60.382457,0.455004184
22870,2287,0.534300602,1,1.17751479,0.521804129,58.4639264,62.3113692,1,0.652053477,58.4639264,62.3113692,0.446309072
22880,2288,0.535535842,1,1.17159763,0.5138042,57.1271173,56.582536,1,0.658790268,57.1271173,56.582536,0.452518192
22890,2289,0.535089016,1,1.24260355,0.514208834,62.8290423,56.024676,1,0.53920471,62.8290423,56.024676,0.440703829
22900,2290,0.527047499,1,1.20710059,0.516690593,63.0461478,61.6528023,1,0.504055038,63.0461478,61.6528023,0.433254785
22910,2291,0.523698778,1,1.20118343,0.520424308,57.3464147,61.7412528,1,0.506327389,57.3464147,61.7412528,0.438493799
22920,2292,0.512935988,1,1.12426036,0.516879196,57.5211839,55.8624687,1,0.509302068,57.5211839,55.8624687,0.452413948
22930,2293,0.512262068,1,1.12426036,0.515252373,63.4378867,56.4805162,1,0.515553405,63.4378867,56.4805162,0.457607324
22940,2294,0.514038546,1,1.17159763,0.514020536,62.3075136,62.3655029,1,0.557463343,62.3075136,62.3655029,0.460966382
22950,2295,0.510531734,1,1.13017751,0.512369778,56.7387119,60.834021,1,0.585705077,56.7387119,60.834021,0.444273151
22960,2296,0.538053953,1,1.16568047,0.51629708,59.0874394,55.6391555,1,0.663016039,59.0874394,55.6391555,0.438550252
22970,2297,0.529210801,1,1.20118343,0.517252039,63.9005088,58.7314667,1,0.502864102,63.9005088,58.7314667,0.440064719
22980,2298,0.521227147,1,1.21301775,0.511807615,60.6520585,63.3980649,1,0.506179298,60.6520585,63.3980649,0.43737766
22990,2299,0.518077902,1,1.15976331,0.512998296,56.1679606,59.9780831,1,0.503122528,56.1679606,59.9780831,0.433803942
23000,2300,0.51628857,1,1.15976331,0.519980848,59.8224002,55.5348629,1,0.475665015,59.8224002,55.5348629,0.442539306
23010,2301,0.517145949,1,1.14792899,0.519987856,63.9928246,59.2396327,1,0.504757866,63.9928246,59.2396327,0.429102258
23020,2302,0.520146433,1,1.23076923,0.520843164,59.6318143,63.2082292,1,0.581597497,59.6318143,63.2082292,0.453573378
23030,2303,0.533002353,1,1.14201183,0.51477448,56.3876147,58.1821084,1,0.665180756,56.3876147,58.1821084,0.460169262
23040,2304,0.535102936,1,1.21301775,0.513359067,61.626324,55.8066892,1,0.580162343,61.626324,55.8066892,0.442469476
23050,2305,0.523469791,1,1.21301775,0.516102419,63.3629637,61.3204912,1,0.51029127,63.3629637,61.3204912,0.4446788
23060,2306,0.513303111,1,1.18343195,0.508156233,57.6110768,62.8718172,1,0.511415126,57.6110768,62.8718172,0.458262832
23070,2307,0.515790867,1,1.13609467,0.515058109,56.2902701,57.2223666,1,0.493206609,56.2902701,57.2223666,0.446291905
23080,2308,0.515761508,1,1.10650888,0.517327298,61.7818163,55.9764221,1,0.463243446,61.7818163,55.9764221,0.433162703
23090,2309,0.523459699,1,1.15384615,0.525275449,62.5392222,61.5887595,1,0.532556854,62.5392222,61.5887595,0.435631862
23100,2310,0.510476627,1,1.11242604,0.512789111,56.5170492,61.8448248,1,0.587275682,56.5170492,61.8448248,0.463662657
23110,2311,0.539616429,1,1.17159763,0.517840868,57.3158454,56.1900271,1,0.658681412,57.3158454,56.1900271,0.439302927
23120,2312,0.53662623,1,1.23076923,0.519773579,62.7999616,57.6577755,1,0.543271986,62.7999616,57.6577755,0.436702377
23130,2313,0.520623351,1,1.22485207,0.513426074,60.9283843,63.1138245,1,0.510125476,60.9283843,63.1138245,0.443701965
23140,2314,0.515562019,1,1.20118343,0.513050131,55.5368965,60.8383658,1,0.510108624,55.5368965,60.8383658,0.450153507
23150,2315,0.510204428,1,1.15976331,0.510663475,58.0419307,55.46453,1,0.487875152,58.0419307,55.46453,0.456078651
23160,2316,0.511249391,1,1.10650888,0.514257147,63.0757992,58.1761446,1,0.473566737,63.0757992,58.1761446,0.43982706
23170,2317,0.51417618,1,1.16568047,0.5216531,60.0125826,62.9442451,1,0.536058016,60.0125826,62.9442451,0.435944717
23180,2318,0.530119042,1,1.18934911,0.522710058,55.5797766,59.4122356,1,0.638675797,55.5797766,59.4122356,0.43599075
23190,2319,0.533093915,1,1.18343195,0.510368397,60.0490048,55.5166795,1,0.57469228,60.0490048,55.5166795,0.456053034
23200,2320,0.524188924,1,1.19526627,0.51410139,63.1717376,60.3577974,1,0.500733199,63.1717376,60.3577974,0.443145579
23210,2321,0.522367428,1,1.18934911,0.512920881,58.423947,63.458819,1,0.496542905,58.423947,63.458819,0.436214558
23220,2322,0.522169551,1,1.17751479,0.516249304,55.5680681,58.5912471,1,0.507999935,55.5680681,58.5912471,0.4341168
23230,2323,0.510346089,1,1.14792899,0.513612856,60.7062998,55.6788243,1,0.473029726,60.7062998,55.6788243,0.454325899
23240,2324,0.51183912,1,1.13609467,0.523053088,63.2111819,60.6224739,1,0.482357342,63.2111819,60.6224739,0.426310064
23250,2325,0.514262806,1,1.15976331,0.519185316,57.7834563,62.6506473,1,0.578361732,57.7834563,62.6506473,0.445713922
23260,2326,0.532845609,1,1.20118343,0.515816005,57.1209536,56.6751975,1,0.624628776,57.1209536,56.6751975,0.46246644
23270,2327,0.527199945,1,1.23076923,0.509210192,62.8584401,56.7558298,1,0.53621749,62.8584401,56.7558298,0.441388696
23280,2328,0.524698859,1,1.23076923,0.513832756,62.327767,62.4623241,1,0.505002611,62.327767,62.4623241,0.440855075
23290,2329,0.525773245,1,1.18934911,0.512697572,56.8165824,62.0770443,1,0.517810103,56.8165824,62.0770443,0.424971951
23300,2330,0.522432611,1,1.13609467,0.520726884,57.4341514,56.5846893,1,0.492168905,57.4341514,56.5846893,0.425151243
23310,2331,0.518930023,1,1.16568047,0.520714519,63.1108211,57.4512292,1,0.499529939,63.1108211,57.4512292,0.441725168
23320,2332,0.516266852,1,1.17159763,0.517581065,61.6593993,63.2107251,1,0.537356159,61.6593993,63.2107251,0.456889524
23330,2333,0.530264393,1,1.20710059,0.515278665,56.1650808,60.7756972,1,0.649081796,56.1650808,60.7756972,0.462287196
23340,2334,0.523706405,1,1.13017751,0.506153314,58.9700202,55.62171,1,0.670602607,58.9700202,55.62171,0.451370493
23350,2335,0.540588819,1,1.22485207,0.514383546,63.4620105,58.9788096,1,0.590792426,63.4620105,58.9788096,0.431373852
23360,2336,0.525945543,1,1.21301775,0.515059539,59.7489012,63.2402093,1,0.513802753,59.7489012,63.2402093,0.434780142
23370,2337,0.529741213,1,1.22485207,0.517947671,55.5930832,59.8002919,1,0.521327336,55.5930832,59.8002919,0.414984529
23380,2338,0.514322042,1,1.17159763,0.515390665,59.53953,55.6078095,1,0.506175815,59.53953,55.6078095,0.44290162
23390,2339,0.513957245,1,1.17751479,0.51815208,63.2383555,60.1060141,1,0.534584727,63.2383555,60.1060141,0.447974767
23400,2340,0.510901916,1,1.16568047,0.508492753,58.1038286,63.372538,1,0.604170141,58.1038286,63.372538,0.468116869
23410,2341,0.523595467,1,1.13609467,0.510747718,55.5835403,58.1517762,1,0.644044614,55.5835403,58.1517762,0.445942963
23420,2342,0.513260553,1,1.10650888,0.511023987,60.639939,55.8458765,1,0.617839001,60.639939,55.8458765,0.427489862
23430,2343,0.542438688,1,1.21301775,0.51581286,62.3232567,61.0790005,1,0.594299305,62.3232567,61.0790005,0.422861097
23440,2344,0.533213434,1,1.24260355,0.515761617,57.0968355,62.4846618,1,0.52714192,57.0968355,62.4846618,0.416319198
23450,2345,0.522588304,1,1.17751479,0.518338389,56.1032366,57.0149196,1,0.512275614,56.1032366,57.0149196,0.427635012
23460,2346,0.511255879,1,1.13017751,0.512664482,62.0130971,56.1914146,1,0.501237284,62.0130971,56.1914146,0.458996923
23470,2347,0.511208955,1,1.07100592,0.513179722,62.5091571,62.1027172,1,0.497353594,62.5091571,62.1027172,0.456313852
23480,2348,0.513411739,1,1.13017751,0.515238224,56.64594,62.3143781,1,0.517800827,56.64594,62.3143781,0.45131048
23490,2349,0.527508204,1,1.16568047,0.520772278,57.1367726,56.5674915,1,0.614875902,57.1367726,56.5674915,0.443677627
23500,2350,0.532855399,1,1.14792899,0.513277502,62.7834898,57.7135638,1,0.66486846,62.7834898,57.7135638,0.443219105
23510,2351,0.532162294,1,1.26035503,0.513617768,60.8514482,63.0522616,1,0.522260916,60.8514482,63.0522616,0.436733975
23520,2352,0.52108808,1,1.23076923,0.515287512,55.7521965,60.7025877,1,0.513779152,55.7521965,60.7025877,0.431889583
23530,2353,0.508386161,1,1.16568047,0.508658992,58.6665706,55.434718,1,0.519946741,58.6665706,55.434718,0.463100098
23540,2354,0.501033631,1,1.07100592,0.503418659,63.8765209,58.6722745,1,0.490877102,63.8765209,58.6722745,0.471842383
23550,2355,0.50932042,1,1.10650888,0.515419966,60.840976,63.4722226,1,0.456139682,60.840976,63.4722226,0.43686643
23560,2356,0.505372414,1,1.15384615,0.522064663,56.3342887,60.4102914,1,0.489040627,56.3342887,60.4102914,0.419111861
23570,2357,0.512388159,1,1.14792899,0.521117635,59.8258932,56.1668821,1,0.578253426,59.8258932,56.1668821,0.422711903
23580,2358,0.543532723,1,1.20710059,0.520053776,63.3890276,60.573392,1,0.603611545,63.3890276,60.573392,0.435911997
23590,2359,0.521828032,1,1.19526627,0.513225151,58.4761119,63.5070733,1,0.506248075,58.4761119,63.5070733,0.440166909
23600,2360,0.516271825,1,1.17159763,0.511275359,55.7775276,58.2942734,1,0.49203259,55.7775276,58.2942734,0.451530211
23610,2361,0.518354688,1,1.18343195,0.513736356,60.881112,55.6353301,1,0.497713056,60.881112,55.6353301,0.442669106
23620,2362,0.518648319,1,1.15976331,0.516680423,63.4010258,60.6592152,1,0.484452417,63.4010258,60.6592152,0.432341819
23630,2363,0.511851535,1,1.13017751,0.519268519,58.1381851,62.9926775,1,0.48481021,58.1381851,62.9926775,0.442842742
23640,2364,0.507583486,1,1.14201183,0.519359435,56.33019,57.5029243,1,0.537393093,56.33019,57.5029243,0.444600985
23650,2365,0.527262997,1,1.16568047,0.515222652,62.0499454,56.5958715,1,0.653900665,62.0499454,56.5958715,0.445479245
23660,2366,0.532738814,1,1.20118343,0.514251476,61.818123,62.4114237,1,0.564610516,61.818123,62.4114237,0.447705452
23670,2367,0.518530413,1,1.18343195,0.513717643,56.116689,61.5349682,1,0.506523437,56.116689,61.5349682,0.443723649
23680,2368,0.51891454,1,1.21893491,0.513155595,57.1870651,55.8535667,1,0.510145913,57.1870651,55.8535667,0.444719369
23690,2369,0.513781672,1,1.14792899,0.51237224,62.883534,57.0342044,1,0.485475183,62.883534,57.0342044,0.44750236
23700,2370,0.517717057,1,1.15384615,0.519660298,61.5842489,62.3940576,1,0.483725376,61.5842489,62.3940576,0.424237343
23710,2371,0.513249581,1,1.15384615,0.52237859,56.1045671,60.8184577,1,0.505935389,56.1045671,60.8184577,0.438592606
23720,2372,0.528344892,1,1.17159763,0.521132388,58.5134053,55.4874862,1,0.621553362,58.5134053,55.4874862,0.449995126
23730,2373,0.535197013,1,1.18934911,0.514057342,63.3701303,58.7778544,1,0.658696072,63.3701303,58.7778544,0.45125926
23740,2374,0.536319465,1,1.27218935,0.519860762,59.5254418,62.9965791,1,0.522268475,59.5254418,62.9965791,0.439063475
23750,2375,0.523989028,1,1.18343195,0.51497453,55.3183425,59.0559582,1,0.515999439,55.3183425,59.0559582,0.443414521
23760,2376,0.524710975,1,1.20710059,0.517323148,59.4859715,55.2016679,1,0.512474547,59.4859715,55.2016679,0.436667622
23770,2377,0.510077724,1,1.1183432,0.51549485,63.3689,59.722185,1,0.485352639,63.3689,59.722185,0.458400933
23780,2378,0.513411735,1,1.13609467,0.521332046,59.1033056,63.2014543,1,0.492871989,59.1033056,63.2014543,0.423430698
23790,2379,0.505782709,1,1.14792899,0.514251798,55.9734445,58.2074893,1,0.566766764,55.9734445,58.2074893,0.453361654
23800,2380,0.532211222,1,1.18934911,0.516547975,61.5200672,56.146207,1,0.662451148,61.5200672,56.146207,0.455173468
23810,2381,0.52611092,1,1.20710059,0.511096733,62.6728523,61.9340609,1,0.533710508,62.6728523,61.9340609,0.453964556
23820,2382,0.526117056,1,1.21301775,0.513445038,56.9943421,62.5868832,1,0.521994434,56.9943421,62.5868832,0.439685574
23830,2383,0.52437375,1,1.20710059,0.514006738,56.3898996,57.0313682,1,0.5178982,56.3898996,57.0313682,0.429869232
23840,2384,0.522337093,1,1.17159763,0.518381101,61.8384904,56.4944336,1,0.502466369,61.8384904,56.4944336,0.421152551
23850,2385,0.519755733,1,1.14792899,0.522284576,62.2401402,62.0447666,1,0.483356333,62.2401402,62.0447666,0.428065132
23860,2386,0.518288933,1,1.17751479,0.519920829,56.3436345,61.90129,1,0.540312399,56.3436345,61.90129,0.453711616
23870,2387,0.531253998,1,1.20118343,0.519528231,57.4161254,56.0745835,1,0.637911871,57.4161254,56.0745835,0.45573755
23880,2388,0.53995113,1,1.17159763,0.518303095,63.0219148,57.9720699,1,0.650927077,63.0219148,57.9720699,0.455247704
23890,2389,0.536065913,1,1.18343195,0.51095859,60.7934703,63.2145251,1,0.588385534,60.7934703,63.2145251,0.438186838
23900,2390,0.534728359,1,1.24260355,0.514291967,55.8950782,60.7380972,1,0.516552391,55.8950782,60.7380972,0.422215485
23910,2391,0.523477265,1,1.21301775,0.517108713,58.6544594,55.9389515,1,0.513381706,58.6544594,55.9389515,0.425837037
23920,2392,0.507974793,1,1.14201183,0.513962559,63.666347,59.2175558,1,0.504531912,63.666347,59.2175558,0.460693222
23930,2393,0.511676802,1,1.11242604,0.511664812,60.0562898,63.8496347,1,0.515070896,60.0562898,63.8496347,0.451746564
23940,2394,0.508136364,1,1.16568047,0.51286983,55.5580318,59.9704434,1,0.517705223,55.5580318,59.9704434,0.456915632
23950,2395,0.522935419,1,1.14792899,0.51819575,59.8648363,56.0931883,1,0.617237167,59.8648363,56.0931883,0.445766887
23960,2396,0.53211427,1,1.17159763,0.51569185,63.1407451,60.7020388,1,0.667617517,63.1407451,60.7020388,0.434959572
23970,2397,0.533006793,1,1.20118343,0.517673991,58.1689574,63.23932,1,0.525104945,58.1689574,63.23932,0.429369074
23980,2398,0.52197318,1,1.20710059,0.513840458,55.916026,58.0226118,1,0.508229327,55.916026,58.0226118,0.437108193
23990,2399,0.519701933,1,1.18343195,0.517338876,61.3030929,55.9529783,1,0.516250874,61.3030929,55.9529783,0.443919288
24000,2400,0.51434729,1,1.10059172,0.515645729,63.2691649,61.394643,1,0.491941682,63.2691649,61.394643,0.445072656
24010,2401,0.518925757,1,1.10650888,0.521259399,57.7845687,63.0239301,1,0.494149335,57.7845687,63.0239301,0.44011411
24020,2402,0.511736639,1,1.16568047,0.51692234,56.519468,57.2307752,1,0.541277957,56.519468,57.2307752,0.456129348
24030,2403,0.521770219,1,1.14201183,0.514749934,62.4044513,56.9833665,1,0.652013104,62.4044513,56.9833665,0.453090891
24040,2404,0.53827795,1,1.18343195,0.513918754,61.8263622,62.5646674,1,0.616650587,61.8263622,62.5646674,0.431627625
24050,2405,0.524041159,1,1.20118343,0.514838269,56.239306,61.2166426,1,0.516309923,56.239306,61.2166426,0.442106094
24060,2406,0.518527574,1,1.19526627,0.513208704,57.7730992,55.6774424,1,0.510729976,57.7730992,55.6774424,0.442125454
24070,2407,0.519373302,1,1.15976331,0.517718194,63.2985612,57.3012623,1,0.490557242,63.2985612,57.3012623,0.443009617
24080,2408,0.517360593,1,1.11242604,0.517645046,61.6713266,62.6774326,1,0.479512202,61.6713266,62.6774326,0.432079732
24090,2409,0.518434417,1,1.14792899,0.526300203,56.3568779,60.6630692,1,0.504836166,56.3568779,60.6630692,0.437184546
24100,2410,0.529459871,1,1.17159763,0.5234704,59.0380783,55.4465833,1,0.618241116,59.0380783,55.4465833,0.451169159
24110,2411,0.535735748,1,1.20710059,0.513140023,63.7984068,59.1763998,1,0.643017297,63.7984068,59.1763998,0.465192319
24120,2412,0.521939788,1,1.17159763,0.503234862,59.5513315,63.3563559,1,0.535419803,59.5513315,63.3563559,0.458384616
24130,2413,0.528445294,1,1.23076923,0.511968892,55.8864824,59.0647867,1,0.523255256,55.8864824,59.0647867,0.434112613
24140,2414,0.530742344,1,1.19526627,0.520248889,59.9305542,55.4266712,1,0.519111613,59.9305542,55.4266712,0.418438924
24150,2415,0.523834743,1,1.16568047,0.521647652,63.5346187,59.6825987,1,0.49100756,63.5346187,59.6825987,0.42899497
24160,2416,0.516041992,1,1.12426036,0.520369166,58.9857123,63.1240335,1,0.49882291,58.9857123,63.1240335,0.438771976
24170,2417,0.511743875,1,1.18343195,0.519420347,56.0042397,57.9947012,1,0.567846172,56.0042397,57.9947012,0.456376442
24180,2418,0.528819222,1,1.20118343,0.513123589,61.5186515,55.7376393,1,0.659035178,61.5186515,55.7376393,0.458341918
24190,2419,0.533929925,1,1.16568047,0.512749151,62.8932055,61.4735549,1,0.637334456,62.8932055,61.4735549,0.453716579
24200,2420,0.53402057,1,1.24260355,0.509814686,57.2501404,62.3609829,1,0.564777507,57.2501404,62.3609829,0.439416721
24210,2421,0.525323196,1,1.17751479,0.515834925,56.8394089,56.7894555,1,0.512118113,56.8394089,56.7894555,0.429742026
24220,2422,0.523978047,1,1.19526627,0.517444077,62.3218825,56.401485,1,0.516559581,62.3218825,56.401485,0.422783379
24230,2423,0.515162019,1,1.13609467,0.516858371,62.2499145,62.1525989,1,0.506067628,62.2499145,62.1525989,0.442428016
24240,2424,0.511934104,1,1.13609467,0.516279755,56.3754632,61.7007169,1,0.515749828,56.3754632,61.7007169,0.453215833
24250,2425,0.523944198,1,1.16568047,0.518666131,57.5353587,55.8815039,1,0.60649233,57.5353587,55.8815039,0.45643718
24260,2426,0.52876885,1,1.19526627,0.516170622,63.1225337,57.7598561,1,0.655861455,63.1225337,57.7598561,0.453420475
24270,2427,0.536200498,1,1.21301775,0.516280895,60.4089759,62.9057645,1,0.573112939,60.4089759,62.9057645,0.447503062
24280,2428,0.533318364,1,1.28994083,0.51724966,55.6263971,60.0087622,1,0.513821647,55.6263971,60.0087622,0.430120957
24290,2429,0.522982646,1,1.18934911,0.51084866,58.6405071,55.2297612,1,0.516030069,58.6405071,55.2297612,0.434623626
24300,2430,0.521724792,1,1.15976331,0.519923558,63.1313235,58.6247117,1,0.498937276,63.1313235,58.6247117,0.433051103
24310,2431,0.513328506,1,1.10650888,0.515582833,59.3608187,63.149017,1,0.508896065,59.3608187,63.149017,0.453037388
24320,2432,0.514334136,1,1.15976331,0.513502488,55.0793245,58.9190896,1,0.545725709,55.0793245,58.9190896,0.4629688
24330,2433,0.521358167,1,1.14792899,0.516380628,59.6931724,55.1627011,1,0.615535841,59.6931724,55.1627011,0.457663519
24340,2434,0.5279787,1,1.17751479,0.514405027,62.8952209,59.9482743,1,0.660713557,62.8952209,59.9482743,0.442924825
24350,2435,0.542585956,1,1.20710059,0.519737604,57.8874972,62.4779276,1,0.575173308,57.8874972,62.4779276,0.431568233
24360,2436,0.530728052,1,1.21893491,0.513692821,55.723649,57.3462061,1,0.515906785,55.723649,57.3462061,0.428405636
24370,2437,0.517167973,1,1.20710059,0.514351143,61.2917342,55.609156,1,0.511786345,61.2917342,55.609156,0.448672707
24380,2438,0.508867291,1,1.10650888,0.507969347,63.0074179,61.3737742,1,0.504732643,63.0074179,61.3737742,0.462655022
24390,2439,0.51239519,1,1.14201183,0.515069787,57.4625928,62.8709101,1,0.469907257,57.4625928,62.8709101,0.441799049
24400,2440,0.515562525,1,1.20118343,0.521797107,56.2842696,57.328357,1,0.521032403,56.2842696,57.328357,0.435878634
24410,2441,0.521352783,1,1.13609467,0.517112456,62.1222583,56.8850066,1,0.609588726,62.1222583,56.8850066,0.450369161
24420,2442,0.533636768,1,1.16568047,0.513295561,61.5432961,62.7459686,1,0.657827948,61.5432961,62.7459686,0.45303756
24430,2443,0.533288572,1,1.21893491,0.511606356,56.0631423,61.4786978,1,0.538611122,56.0631423,61.4786978,0.432674773
24440,2444,0.520351581,1,1.15976331,0.513004357,57.8534117,56.0583991,1,0.518865073,57.8534117,56.0583991,0.439100083
24450,2445,0.514518,1,1.18343195,0.515604524,63.3342598,58.1811656,1,0.505977196,63.3342598,58.1811656,0.452120799
24460,2446,0.510511584,1,1.13017751,0.51168975,61.0172582,63.600877,1,0.493837953,61.0172582,63.600877,0.453401141
24470,2447,0.506993172,1,1.1183432,0.511703024,55.7725858,61.0419128,1,0.476904622,55.7725858,61.0419128,0.448896647
24480,2448,0.519367018,1,1.15384615,0.522341637,58.73818,56.2083594,1,0.553499144,58.73818,56.2083594,0.436215483
24490,2449,0.519522567,1,1.13609467,0.518943663,63.3377156,59.5830572,1,0.625668596,63.3377156,59.5830572,0.438827872
24500,2450,0.540868618,1,1.20118343,0.518211168,59.1131953,63.4786238,1,0.574021614,59.1131953,63.4786238,0.442036778
24510,2451,0.525599672,1,1.20118343,0.512659183,55.6996912,58.8334224,1,0.521168203,55.6996912,58.8334224,0.443426056
24520,2452,0.520846612,1,1.20710059,0.514199767,60.4152453,55.6305533,1,0.514144873,60.4152453,55.6305533,0.438494066
24530,2453,0.514411083,1,1.15384615,0.510981128,63.5508766,60.5711176,1,0.501293209,63.5508766,60.5711176,0.450123977
24540,2454,0.511575154,1,1.0591716,0.514803414,58.5171328,63.4711589,1,0.4721959,58.5171328,63.4711589,0.446874856
24550,2455,0.515708281,1,1.14792899,0.522887065,55.8685271,58.4915695,1,0.504371984,55.8685271,58.4915695,0.433858589
24560,2456,0.523799747,1,1.15976331,0.522173884,61.4033214,56.5421715,1,0.621490399,61.4033214,56.5421715,0.451389046
24570,2457,0.528760578,1,1.17751479,0.508155394,62.3198605,62.4373639,1,0.638927026,62.3198605,62.4373639,0.458924243
24580,2458,0.527126334,1,1.23076923,0.513804224,56.4993382,62.3863817,1,0.519414206,56.4993382,62.3863817,0.447749663
24590,2459,0.531014756,1,1.23668639,0.510160216,56.4774956,56.8240453,1,0.528344074,56.4774956,56.8240453,0.427875331
24600,2460,0.530056996,1,1.21301775,0.515550419,61.9269558,56.9624681,1,0.516476342,61.9269558,56.9624681,0.419324461
24610,2461,0.521789052,1,1.17751479,0.520717691,61.6772426,62.5567066,1,0.48899244,61.6772426,62.5567066,0.430754542
24620,2462,0.515583494,1,1.13609467,0.517376143,55.9092064,61.9319274,1,0.505945976,55.9092064,61.9319274,0.446290369
24630,2463,0.514006789,1,1.20118343,0.51570216,57.1392178,56.1654678,1,0.537851299,57.1392178,56.1654678,0.453552605
24640,2464,0.530464183,1,1.17159763,0.519250621,62.7029884,58.1744732,1,0.630337654,62.7029884,58.1744732,0.45502875
24650,2465,0.529946922,1,1.14792899,0.510855668,60.0508403,63.4199094,1,0.667892934,60.0508403,63.4199094,0.452138186
24660,2466,0.540321344,1,1.18343195,0.512193473,55.3528167,60.3736662,1,0.616229202,55.3528167,60.3736662,0.430707568
24670,2467,0.525663552,1,1.19526627,0.516297654,58.998227,55.966699,1,0.505408256,58.998227,55.966699,0.439946049
24680,2468,0.519304489,1,1.19526627,0.512633107,63.3841575,59.5005603,1,0.513819771,63.3841575,59.5005603,0.433265857
24690,2469,0.521957804,1,1.16568047,0.519572489,59.7466771,63.6467343,1,0.499215861,59.7466771,63.6467343,0.424278176
24700,2470,0.51478957,1,1.1183432,0.522840652,55.6878921,59.6911852,1,0.483149049,55.6878921,59.6911852,0.435958466
24710,2471,0.52064076,1,1.18343195,0.519751697,60.2749526,56.0966645,1,0.58092146,60.2749526,56.0966645,0.448282078
24720,2472,0.533636587,1,1.15976331,0.516943346,63.1556252,61.3126763,1,0.666780436,63.1556252,61.3126763,0.458354749
24730,2473,0.533395081,1,1.20710059,0.51273624,57.5753496,63.3486265,1,0.569811258,57.5753496,63.3486265,0.456929352
24740,2474,0.533956866,1,1.24852071,0.507413452,55.9091822,57.9598086,1,0.56895252,55.9091822,57.9598086,0.43388619
24750,2475,0.528107554,1,1.24260355,0.517107741,61.3740455,56.758237,1,0.510887952,61.3740455,56.758237,0.430415413
24760,2476,0.518129489,1,1.18343195,0.51602811,62.4606078,62.4724487,1,0.502844264,62.4606078,62.4724487,0.447430749
24770,2477,0.513139054,1,1.15384615,0.516905337,56.5893936,63.2650004,1,0.496567522,56.5893936,63.2650004,0.455728139
24780,2478,0.510496413,1,1.12426036,0.516251862,56.0905241,57.4119118,1,0.511051012,56.0905241,57.4119118,0.451869997
24790,2479,0.525045113,1,1.17159763,0.520341594,61.9658479,57.7276452,1,0.604906008,61.9658479,57.7276452,0.452600102
24800,2480,0.530124173,1,1.17751479,0.513474052,60.896913,63.5098627,1,0.666723797,60.896913,63.5098627,0.452322483
24810,2481,0.534700992,1,1.23076923,0.514203081,55.4811337,61.7408397,1,0.572500794,55.4811337,61.7408397,0.438259787
24820,2482,0.530998095,1,1.21893491,0.521654315,57.6640476,56.594203,1,0.507714902,57.6640476,56.594203,0.430033592
24830,2483,0.52362424,1,1.15976331,0.51772751,62.9234044,58.8200806,1,0.50828297,62.9234044,58.8200806,0.439306642
24840,2484,0.517937151,1,1.16568047,0.516217206,60.4978262,64.0055191,1,0.50226162,60.4978262,64.0055191,0.440361616
24850,2485,0.514643052,1,1.10059172,0.517791509,55.3067084,61.1452589,1,0.508564614,55.3067084,61.1452589,0.45591959
24860,2486,0.517077747,1,1.14201183,0.514447772,58.624434,56.1519573,1,0.551206711,58.624434,56.1519573,0.461156023
24870,2487,0.519183749,1,1.18934911,0.514889991,63.1676612,59.9961696,1,0.611740052,63.1676612,59.9961696,0.457798191
24880,2488,0.538666795,1,1.16568047,0.517983211,58.8276095,63.8988177,1,0.661501441,58.8276095,63.8988177,0.448974578
24890,2489,0.539150907,1,1.21893491,0.515748518,55.5239137,59.4156276,1,0.573443362,55.5239137,59.4156276,0.428382122
24900,2490,0.525541646,1,1.20118343,0.516206332,60.4012218,56.515313,1,0.509802971,60.4012218,56.515313,0.436500061
24910,2491,0.515172325,1,1.17751479,0.51701157,63.1016815,61.6704809,1,0.503847167,63.1016815,61.6704809,0.447664808
24920,2492,0.510011895,1,1.1183432,0.50938978,57.8124246,64.3155316,1,0.501702609,57.8124246,64.3155316,0.454904451
24930,2493,0.51335748,1,1.0887574,0.513579654,55.6254175,58.8381629,1,0.504378446,55.6254175,58.8381629,0.453680328
24940,2494,0.512503305,1,1.15384615,0.516975089,61.1645896,56.8829256,1,0.516379374,61.1645896,56.8829256,0.451856007
24950,2495,0.508525547,1,1.12426036,0.515662177,62.5923991,62.4803089,1,0.57268833,62.5923991,62.4803089,0.444355387
24960,2496,0.540878937,1,1.21301775,0.521715182,56.8027542,62.62109,1,0.586046567,56.8027542,62.62109,0.445488948
24970,2497,0.529217221,1,1.22485207,0.509396084,57.0018303,56.965937,1,0.533266008,57.0018303,56.965937,0.435281224
24980,2498,0.524391053,1,1.20710059,0.517293002,62.6064413,57.6337266,1,0.509480422,62.6064413,57.6337266,0.434173414
24990,2499,0.524212572,1,1.18343195,0.516622988,62.0254719,63.090079,1,0.516431808,62.0254719,63.090079,0.422091908
25000,2500,0.517842858,1,1.10059172,0.52039458,56.3926358,62.164653,1,0.493713963,56.3926358,62.164653,0.43910382
25010,2501,0.512639547,1,1.12426036,0.516100261,57.6553846,56.3581899,1,0.513024371,57.6553846,56.3581899,0.457091061
25020,2502,0.520786217,1,1.15384615,0.519106843,63.1996363,58.3378669,1,0.579742878,63.1996363,58.3378669,0.452853204
25030,2503,0.531253307,1,1.18934911,0.514771015,60.432101,63.6102997,1,0.654651747,60.432101,63.6102997,0.458049632
25040,2504,0.536240917,1,1.21893491,0.517779172,55.8398398,60.0880481,1,0.569844976,55.8398398,60.0880481,0.445192067
25050,2505,0.526701491,1,1.26035503,0.510236869,59.5016097,55.7347093,1,0.515668053,59.5016097,55.7347093,0.437584262
25060,2506,0.525754267,1,1.18934911,0.517491589,63.5166103,59.5117632,1,0.512985996,63.5166103,59.5117632,0.42402946
25070,2507,0.52150062,1,1.15384615,0.518993821,59.4995722,63.550063,1,0.499928962,59.4995722,63.550063,0.438154145
25080,2508,0.513608977,1,1.1183432,0.517851142,55.5706409,59.23124,1,0.495968884,55.5706409,59.23124,0.449119676
25090,2509,0.512508028,1,1.17751479,0.517122907,60.4331027,55.8723807,1,0.566724515,60.4331027,55.8723807,0.454598274
25100,2510,0.522419877,1,1.18343195,0.511661713,63.0889023,61.3001763,1,0.654891619,63.0889023,61.3001763,0.464823163
25110,2511,0.533838654,1,1.14792899,0.510551888,57.5421739,63.06128,1,0.648795559,57.5421739,63.06128,0.447661127
25120,2512,0.538629441,1,1.18934911,0.511418528,56.2367122,57.6019534,1,0.601640203,56.2367122,57.6019534,0.431787783
25130,2513,0.529587391,1,1.21893491,0.518914637,61.7177671,56.6999335,1,0.504063744,61.7177671,56.6999335,0.427290915
25140,2514,0.520476016,1,1.18343195,0.515903009,62.606309,62.2865979,1,0.516330344,62.606309,62.2865979,0.435144846
25150,2515,0.517017786,1,1.13609467,0.519059878,56.904436,62.8312799,1,0.495897233,56.904436,62.8312799,0.440602297
25160,2516,0.517287267,1,1.1183432,0.515920453,56.8063187,56.8904261,1,0.533988672,56.8063187,56.8904261,0.45705108
25170,2517,0.512363049,1,1.18343195,0.511058464,62.8083457,57.296347,1,0.558884224,62.8083457,57.296347,0.462749057
25180,2518,0.512668145,1,1.17159763,0.515124479,62.0486803,62.8732387,1,0.571901501,62.0486803,62.8732387,0.432953341
25190,2519,0.545001967,1,1.22485207,0.520131216,56.5263159,61.0455374,1,0.620443418,56.5263159,61.0455374,0.447458311
25200,2520,0.530919576,1,1.24260355,0.511389025,58.8123498,55.8496835,1,0.533907487,58.8123498,55.8496835,0.436655172
25210,2521,0.528511982,1,1.22485207,0.512861985,63.6682002,58.4224772,1,0.51320753,63.6682002,58.4224772,0.422716988
25220,2522,0.522410311,1,1.19526627,0.521036058,60.7877731,63.2941677,1,0.497533366,60.7877731,63.2941677,0.435348115
25230,2523,0.521075613,1,1.15976331,0.518764994,55.9879966,60.5988174,1,0.492956212,55.9879966,60.5988174,0.423445769
25240,2524,0.516902703,1,1.14201183,0.520134875,59.2910521,55.7707687,1,0.515266954,59.2910521,55.7707687,0.449985072
25250,2525,0.518795074,1,1.15384615,0.517433332,63.835413,59.6368171,1,0.588726985,63.835413,59.6368171,0.458951384
25260,2526,0.530995761,1,1.16568047,0.516589849,59.3735377,63.5006998,1,0.659533306,59.3735377,63.5006998,0.45402813
25270,2527,0.532702798,1,1.20710059,0.510810087,56.2632504,58.5355626,1,0.556654854,56.2632504,58.5355626,0.450683067
25280,2528,0.524329175,1,1.21301775,0.514609294,61.5292379,56.0036936,1,0.509781823,61.5292379,56.0036936,0.449463747
25290,2529,0.519891002,1,1.21301775,0.513912756,63.8829583,61.2671193,1,0.515759859,63.8829583,61.2671193,0.443517742
25300,2530,0.518489793,1,1.17751479,0.514505839,58.6939486,63.5299618,1,0.502121191,58.6939486,63.5299618,0.435457169
25310,2531,0.522769852,1,1.1183432,0.523420436,56.7823209,58.2367549,1,0.498730984,56.7823209,58.2367549,0.432909236
25320,2532,0.508232654,1,1.13017751,0.51364745,62.5387109,56.4715243,1,0.508225913,62.5387109,56.4715243,0.463151441
25330,2533,0.517239015,1,1.20710059,0.516662264,63.5678986,62.2109617,1,0.58174885,63.5678986,62.2109617,0.448537191
25340,2534,0.540740779,1,1.17159763,0.518329628,57.7921736,62.2635175,1,0.653290422,57.7921736,62.2635175,0.444304936
25350,2535,0.537101775,1,1.20118343,0.512603659,58.2921046,56.597483,1,0.582734661,58.2921046,56.597483,0.43754207
25360,2536,0.527861471,1,1.20710059,0.517335565,63.8159014,57.6731756,1,0.5119013,63.8159014,57.6731756,0.432889326
25370,2537,0.519430915,1,1.18934911,0.514581203,62.6731585,63.2192413,1,0.511178823,62.6731585,63.2192413,0.435582357
25380,2538,0.516457658,1,1.14792899,0.517343746,57.1354247,61.8037169,1,0.489131003,57.1354247,61.8037169,0.439675815
25390,2539,0.514762403,1,1.07692308,0.516995773,58.8596449,56.2858509,1,0.4900576,58.8596449,56.2858509,0.444691104
25400,2540,0.514866575,1,1.15976331,0.521115139,64.2914251,58.2611461,1,0.514747961,64.2914251,58.2611461,0.444599599
25410,2541,0.522477711,1,1.17751479,0.515554221,61.4653796,63.4879589,1,0.616058554,61.4653796,63.4879589,0.457068779
25420,2542,0.536088541,1,1.20710059,0.516044566,57.0084186,59.6214233,1,0.578520919,57.0084186,59.6214233,0.453876133
25430,2543,0.524799559,1,1.23076923,0.505647928,61.0712616,55.4595233,1,0.545273061,61.0712616,55.4595233,0.447399485
25440,2544,0.523737175,1,1.18934911,0.512295352,64.7408623,59.8588773,1,0.513483708,64.7408623,59.8588773,0.440684548
25450,2545,0.515212165,1,1.14792899,0.511577567,60.1913473,63.5466224,1,0.496248181,60.1913473,63.5466224,0.450493161
25460,2546,0.524797583,1,1.15384615,0.52265962,56.8265528,59.4061863,1,0.495939303,56.8265528,59.4061863,0.410404998
25470,2547,0.516856858,1,1.17159763,0.522593981,61.4401015,56.0473195,1,0.498055419,61.4401015,56.0473195,0.438979575
25480,2548,0.519392494,1,1.18343195,0.517875933,64.3101528,61.2441973,1,0.584743719,64.3101528,61.2441973,0.456671344
25490,2549,0.536853103,1,1.18934911,0.517037252,58.7602444,63.1266939,1,0.663509891,58.7602444,63.1266939,0.450806493
25500,2550,0.532668647,1,1.15976331,0.510496171,57.4555114,57.5308016,1,0.657931754,57.4555114,57.5308016,0.441998819
25510,2551,0.53445211,1,1.23076923,0.514976506,63.0018657,56.8237482,1,0.522753811,63.0018657,56.8237482,0.430095426
25520,2552,0.527654817,1,1.20710059,0.513578422,63.5829873,62.3429648,1,0.520880564,63.5829873,62.3429648,0.426901965
25530,2553,0.515593888,1,1.13609467,0.514935138,57.8083352,62.4076236,1,0.511276685,57.8083352,62.4076236,0.444231851
25540,2554,0.507928596,1,1.10059172,0.51224672,57.8480755,56.4273533,1,0.482927501,57.8480755,56.4273533,0.460030948
25550,2555,0.513153414,1,1.13017751,0.51677411,63.5817875,56.7266327,1,0.489603174,63.5817875,56.7266327,0.441655177
25560,2556,0.527491741,1,1.18343195,0.52412647,62.5173529,62.4240652,1,0.58770995,62.5173529,62.4240652,0.445847099
25570,2557,0.5282356,1,1.18343195,0.512056223,56.8248714,60.5437009,1,0.669257292,56.8248714,60.5437009,0.461154434
25580,2558,0.532738086,1,1.23076923,0.515712699,59.5729228,55.4884955,1,0.542947484,59.5729228,55.4884955,0.442604509
25590,2559,0.527342088,1,1.22485207,0.515440158,64.4020185,58.5778647,1,0.519768634,64.4020185,58.5778647,0.4409804
25600,2560,0.526779589,1,1.21893491,0.515031619,61.4447811,63.2984885,1,0.512657966,61.4447811,63.2984885,0.428493589
25610,2561,0.525902333,1,1.19526627,0.520141338,56.9188587,60.374921,1,0.509936247,56.9188587,60.374921,0.414466365
25620,2562,0.515297288,1,1.13017751,0.519065797,60.5015372,55.7025324,1,0.501146411,60.5015372,55.7025324,0.452911692
25630,2563,0.515816619,1,1.17751479,0.515554121,64.8975753,59.6932915,1,0.54633586,64.8975753,59.6932915,0.456713952
25640,2564,0.521981105,1,1.18343195,0.517449326,60.5488584,63.5851953,1,0.596374527,60.5488584,63.5851953,0.448918843
25650,2565,0.541754784,1,1.16568047,0.518297202,57.3944392,58.6506722,1,0.648662663,57.3944392,58.6506722,0.450508445
25660,2566,0.532601587,1,1.21301775,0.51500921,62.5794003,56.1187179,1,0.544534517,62.5794003,56.1187179,0.443857583
25670,2567,0.528576986,1,1.22485207,0.518382388,64.7041062,61.3389698,1,0.515796143,64.7041062,61.3389698,0.433544662
25680,2568,0.517878998,1,1.17159763,0.514617399,59.23607,63.3018248,1,0.497536767,59.23607,63.3018248,0.446897392
25690,2569,0.51034869,1,1.1183432,0.512880737,57.4639009,57.6966134,1,0.504683617,57.4639009,57.6966134,0.452206809
25700,2570,0.508687578,1,1.08284024,0.513896653,63.0420553,56.06424,1,0.476590085,63.0420553,56.06424,0.447084243
25710,2571,0.519503632,1,1.15976331,0.520973306,64.0176862,61.7051406,1,0.550307735,64.0176862,61.7051406,0.440357679
25720,2572,0.531258715,1,1.15384615,0.516673995,58.0304993,61.9226634,1,0.656256096,58.0304993,61.9226634,0.460856697
25730,2573,0.538884592,1,1.23668639,0.516773252,58.8627164,56.116223,1,0.584198373,58.8627164,56.116223,0.451213586
25740,2574,0.525429625,1,1.21301775,0.505183046,64.6109752,57.3592244,1,0.539190656,64.6109752,57.3592244,0.452393576
25750,2575,0.531012349,1,1.20118343,0.517111397,63.0900413,62.5878187,1,0.518213539,63.0900413,62.5878187,0.418870263
25760,2576,0.521164531,1,1.16568047,0.518723522,57.5863162,60.9744571,1,0.500642052,57.5863162,60.9744571,0.441178663
25770,2577,0.52195597,1,1.11242604,0.519064237,59.3226927,55.5360137,1,0.496418807,59.3226927,55.5360137,0.439147036
25780,2578,0.515000129,1,1.10650888,0.517522528,64.8470304,57.7820708,1,0.512832472,64.8470304,57.7820708,0.458729143
25790,2579,0.514929938,1,1.17159763,0.519555009,62.2807998,63.0584648,1,0.54586217,62.2807998,63.0584648,0.45133512
25800,2580,0.532114048,1,1.18934911,0.520652397,57.3858782,59.876704,1,0.64852667,57.3858782,59.876704,0.449087569
25810,2581,0.53223047,1,1.13017751,0.509794725,61.2690045,55.4786923,1,0.642677945,61.2690045,55.4786923,0.451304331
25820,2582,0.53352653,1,1.27218935,0.522215296,64.8330596,59.8324223,1,0.518466371,64.8330596,59.8324223,0.432807357
25830,2583,0.518056482,1,1.18934911,0.5137264,60.3172623,63.5727041,1,0.502897355,60.3172623,63.5727041,0.451048306
25840,2584,0.517710551,1,1.13017751,0.512662312,56.9145163,58.9684908,1,0.507421032,56.9145163,58.9684908,0.440396947
25850,2585,0.506488333,1,1.14201183,0.512752104,61.8099557,55.6546165,1,0.481935047,61.8099557,55.6546165,0.454738951
25860,2586,0.51715244,1,1.14792899,0.518301068,64.7458029,60.446739,1,0.50838687,64.7458029,60.446739,0.432302469
25870,2587,0.509333907,1,1.14792899,0.517742522,59.4200998,63.0180449,1,0.548911877,59.4200998,63.0180449,0.454918726
25880,2588,0.536886975,1,1.15976331,0.519285898,57.7387977,57.5815809,1,0.659569885,57.7387977,57.5815809,0.437731637
25890,2589,0.539306084,1,1.22485207,0.516504573,63.3267146,56.54837,1,0.593539427,63.3267146,56.54837,0.437125769
25900,2590,0.527812249,1,1.21893491,0.517644191,63.7645584,62.2282151,1,0.516812102,63.7645584,62.2282151,0.4382074
25910,2591,0.512962859,1,1.15976331,0.508435599,57.8330507,62.3365158,1,0.517053453,57.8330507,62.3365158,0.456345872
25920,2592,0.51425845,1,1.14792899,0.512401851,57.9389986,56.5014531,1,0.485124137,57.9389986,56.5014531,0.448924955
25930,2593,0.511791969,1,1.1183432,0.514403012,63.5084565,56.4344921,1,0.449501522,63.5084565,56.4344921,0.4284508
25940,2594,0.509934533,1,1.13017751,0.521959572,63.4210564,61.7901406,1,0.477820168,63.4210564,61.7901406,0.412027812
25950,2595,0.512908416,1,1.17751479,0.520345905,57.8207035,61.2484834,1,0.544204354,57.8207035,61.2484834,0.432806612
25960,2596,0.524867662,1,1.15384615,0.515019791,59.3026284,55.6210503,1,0.648760379,59.3026284,55.6210503,0.447637483
25970,2597,0.538180887,1,1.23668639,0.520563082,64.4915866,58.2934297,1,0.535965104,64.4915866,58.2934297,0.448975821
25980,2598,0.520341342,1,1.19526627,0.50949237,61.4918182,63.2982183,1,0.505829528,61.4918182,63.2982183,0.448841504
25990,2599,0.525179849,1,1.21893491,0.51657743,56.8164495,60.3878499,1,0.512553492,56.8164495,60.3878499,0.423631219
26000,2600,0.507299974,1,1.15976331,0.512441266,60.2290654,55.5117085,1,0.499989991,60.2290654,55.5117085,0.457822883
26010,2601,0.514189298,1,1.12426036,0.516351272,64.7177887,59.1445561,1,0.502903385,64.7177887,59.1445561,0.444201425
26020,2602,0.516431242,1,1.17751479,0.515492516,60.4337972,63.3094356,1,0.573246822,60.4337972,63.3094356,0.459603664
26030,2603,0.530063599,1,1.15976331,0.514242981,57.1311664,58.3331922,1,0.663086143,57.1311664,58.3331922,0.459420582
26040,2604,0.536163133,1,1.15976331,0.514330443,62.0788507,55.6848375,1,0.651480101,62.0788507,55.6848375,0.431684215
26050,2605,0.531588829,1,1.19526627,0.513242347,64.1479408,60.9343965,1,0.522512013,64.1479408,60.9343965,0.434046626
26060,2606,0.522096121,1,1.20710059,0.516447599,58.7178089,62.7030317,1,0.515909561,58.7178089,62.7030317,0.439300164
26070,2607,0.517016372,1,1.14201183,0.51512664,57.0828518,57.0760984,1,0.496581872,57.0828518,57.0760984,0.450742077
26080,2608,0.513477429,1,1.13609467,0.516763785,62.7703365,55.7538446,1,0.491035048,62.7703365,55.7538446,0.449166463
26090,2609,0.519707932,1,1.17159763,0.518249362,63.6518622,61.5699936,1,0.537891903,63.6518622,61.5699936,0.452505685
26100,2610,0.518879044,1,1.17159763,0.514893834,57.688633,61.8289167,1,0.600437618,57.688633,61.8289167,0.459142132
26110,2611,0.528844883,1,1.13609467,0.514060441,58.0403384,56.0688427,1,0.653899254,58.0403384,56.0688427,0.4439078
26120,2612,0.536907363,1,1.24852071,0.518929606,63.5818139,57.4224719,1,0.544177685,63.5818139,57.4224719,0.438800564
26130,2613,0.529396181,1,1.23076923,0.515363878,62.0440432,62.8018537,1,0.523292893,62.0440432,62.8018537,0.430374051
26140,2614,0.524561805,1,1.17751479,0.518860663,56.7291951,60.9814037,1,0.509632216,56.7291951,60.9814037,0.432151962
26150,2615,0.516063198,1,1.13017751,0.514440087,58.6503096,55.4982364,1,0.498980332,58.6503096,55.4982364,0.446921118
26160,2616,0.518591393,1,1.13609467,0.518513597,63.8630716,57.6305096,1,0.480657901,63.8630716,57.6305096,0.433231129
26170,2617,0.518969171,1,1.18343195,0.522682654,61.2798262,62.8171062,1,0.522715164,61.2798262,62.8171062,0.445715572
26180,2618,0.533172867,1,1.20118343,0.523133274,56.3475646,59.5576742,1,0.635904209,56.3475646,59.5576742,0.45476505
26190,2619,0.536728115,1,1.20118343,0.515056395,60.3595473,55.1646219,1,0.646763182,60.3595473,55.1646219,0.457643265
26200,2620,0.531977251,1,1.18934911,0.508773807,64.3056471,59.4346624,1,0.590368186,64.3056471,59.4346624,0.447246339
26210,2621,0.533507431,1,1.24260355,0.517324584,59.8992603,62.8965515,1,0.527535953,59.8992603,62.8965515,0.43105018
26220,2622,0.528139359,1,1.16568047,0.517570922,56.5348839,58.5742224,1,0.515020536,56.5348839,58.5742224,0.421335982
26230,2623,0.517981975,1,1.13017751,0.51543894,61.2267951,55.3132289,1,0.499277873,61.2267951,55.3132289,0.439527112
26240,2624,0.511990486,1,1.10650888,0.515871472,64.3051934,60.4319864,1,0.49118393,64.3051934,60.4319864,0.459471103
26250,2625,0.507026444,1,1.15384615,0.515465478,59.001957,63.0675774,1,0.529244236,59.001957,63.0675774,0.455542181
26260,2626,0.52359581,1,1.17159763,0.516586423,57.4139237,57.3177086,1,0.649795205,57.4139237,57.3177086,0.458856575
26270,2627,0.52853468,1,1.18934911,0.509947995,63.2967261,56.7630827,1,0.582624,63.2967261,56.7630827,0.454529956
26280,2628,0.530198687,1,1.24260355,0.513424089,63.2803128,62.4592278,1,0.523490209,63.2803128,62.4592278,0.438166823
26290,2629,0.524161331,1,1.22485207,0.510982015,57.6375424,62.2810138,1,0.52007025,57.6375424,62.2810138,0.434275685
26300,2630,0.52213844,1,1.17751479,0.516649323,58.1135109,56.7520906,1,0.503120347,58.1135109,56.7520906,0.426874826
26310,2631,0.517428509,1,1.1183432,0.520136975,63.7829341,57.1613233,1,0.46954973,63.7829341,57.1613233,0.437244132
26320,2632,0.513165345,1,1.14201183,0.518470207,62.9903517,62.8419926,1,0.497576418,62.9903517,62.8419926,0.441207264
26330,2633,0.529522224,1,1.17751479,0.521661076,57.4176907,61.0703437,1,0.621977695,57.4176907,61.0703437,0.449807912
26340,2634,0.523508815,1,1.1183432,0.50744072,59.8494937,55.5909585,1,0.670008372,59.8494937,55.5909585,0.461136541
26350,2635,0.537993896,1,1.18343195,0.515618911,64.6742858,58.7140234,1,0.58604646,64.6742858,58.7140234,0.442104662
26360,2636,0.527577847,1,1.21893491,0.513236969,61.1570716,63.3216097,1,0.523365076,61.1570716,63.3216097,0.44589281
26370,2637,0.5336701,1,1.24260355,0.51223422,56.8568644,60.1301663,1,0.524846151,56.8568644,60.1301663,0.411930754
26380,2638,0.524467175,1,1.19526627,0.523501661,60.5349241,55.9401591,1,0.504751334,60.5349241,55.9401591,0.428871389
26390,2639,0.517942112,1,1.1183432,0.51794262,64.8616597,59.8399966,1,0.502814833,64.8616597,59.8399966,0.448068654
26400,2640,0.515954463,1,1.13609467,0.514175342,60.369288,63.7806223,1,0.531318783,60.369288,63.7806223,0.4596753
26410,2641,0.504027496,1,1.17159763,0.511980922,56.7185057,59.1656007,1,0.51754449,56.7185057,59.1656007,0.452649242
26420,2642,0.533062559,1,1.19526627,0.521131131,61.6119836,56.3001926,1,0.649993156,61.6119836,56.3001926,0.436206682
26430,2643,0.533856443,1,1.14792899,0.510926521,64.0578041,61.4274277,1,0.656281771,64.0578041,61.4274277,0.436978455
26440,2644,0.528788616,1,1.23076923,0.516807069,58.7136724,62.9912351,1,0.513218042,58.7136724,62.9912351,0.428325748
26450,2645,0.515936473,1,1.18934911,0.513787287,57.3680726,57.2547244,1,0.510261826,57.3680726,57.2547244,0.453247287
26460,2646,0.515567757,1,1.15384615,0.514559459,63.014659,56.14287,1,0.495837061,63.014659,56.14287,0.442693195
26470,2647,0.517091626,1,1.10650888,0.518400256,63.7665347,61.9147767,1,0.500084648,63.7665347,61.9147767,0.447744011
26480,2648,0.512772482,1,1.14201183,0.516052018,57.8692244,62.3850454,1,0.526161946,57.8692244,62.3850454,0.455079298
26490,2649,0.52786753,1,1.17751479,0.51857759,58.2131723,56.535864,1,0.628574916,58.2131723,56.535864,0.450714252
26500,2650,0.533940065,1,1.14201183,0.514283292,63.8343546,57.5416908,1,0.658411098,63.8343546,57.5416908,0.439266319
26510,2651,0.54101154,1,1.21301775,0.518217533,62.2309827,62.9101877,1,0.574284452,62.2309827,62.9101877,0.430985936
26520,2652,0.528195576,1,1.21893491,0.515779481,57.0128186,60.9862299,1,0.518916647,57.0128186,60.9862299,0.427811619
26530,2653,0.511731021,1,1.19526627,0.513663684,59.6270583,55.6446442,1,0.50817256,59.6270583,55.6446442,0.4574614
26540,2654,0.506797782,1,1.08284024,0.507841677,64.8893061,58.3815909,1,0.502221725,64.8893061,58.3815909,0.456265582
26550,2655,0.507046424,1,1.09467456,0.514245645,62.107199,63.5073304,1,0.46188864,62.107199,63.5073304,0.448622644
26560,2656,0.513149221,1,1.15384615,0.520888376,57.4220384,60.5032284,1,0.52308881,57.4220384,60.5032284,0.428119315
26570,2657,0.52624494,1,1.16568047,0.518844989,61.2068245,56.1062669,1,0.638720278,61.2068245,56.1062669,0.446272372
26580,2658,0.540940941,1,1.20710059,0.520609674,64.8790276,60.5680751,1,0.597310814,64.8790276,60.5680751,0.44451162
26590,2659,0.526249514,1,1.24852071,0.515408429,59.9827442,63.6885218,1,0.507099824,59.9827442,63.6885218,0.446622954
26600,2660,0.512994217,1,1.20710059,0.508715007,57.0030359,58.6033451,1,0.510118145,57.0030359,58.6033451,0.453374481
26610,2661,0.515333788,1,1.13609467,0.509884078,61.9699698,55.7902844,1,0.495941876,61.9699698,55.7902844,0.439093626
26620,2662,0.519662747,1,1.16568047,0.522198126,64.5788962,60.5614004,1,0.472156335,64.5788962,60.5614004,0.418294969
26630,2663,0.516347687,1,1.12426036,0.52220331,59.3852807,62.9965315,1,0.505068895,59.3852807,62.9965315,0.441242905
26640,2664,0.52990324,1,1.15976331,0.518335113,57.8332822,57.2221221,1,0.630755907,57.8332822,57.2221221,0.459949206
26650,2665,0.527250933,1,1.20118343,0.508444011,63.9691408,56.7049843,1,0.651406444,63.9691408,56.7049843,0.4736625
26660,2666,0.532423845,1,1.18343195,0.509538177,63.8783647,62.3642765,1,0.590743017,63.8783647,62.3642765,0.435386168
26670,2667,0.533024224,1,1.25443787,0.513994589,58.2929618,62.0610288,1,0.532373719,58.2929618,62.0610288,0.430279143
26680,2668,0.525504719,1,1.20118343,0.513861749,58.7894874,56.5687941,1,0.518979703,58.7894874,56.5687941,0.424202556
26690,2669,0.520090411,1,1.12426036,0.518968945,64.399806,57.452743,1,0.501029987,64.399806,57.452743,0.43688678
26700,2670,0.517403278,1,1.1183432,0.520053545,63.4667454,63.175893,1,0.49605011,63.4667454,63.175893,0.446054682
26710,2671,0.516026586,1,1.15976331,0.519095106,57.7000783,61.7196317,1,0.537469581,57.7000783,61.7196317,0.457515451
26720,2672,0.525406175,1,1.20118343,0.513891495,60.0029773,56.1737416,1,0.642180815,60.0029773,56.1737416,0.46192446
26730,2673,0.52395246,1,1.15384615,0.507365525,65.1773583,58.8077286,1,0.663629223,65.1773583,58.8077286,0.446631754
26740,2674,0.537412152,1,1.24852071,0.513939322,61.8490086,63.4037696,1,0.574866414,61.8490086,63.4037696,0.436510535
26750,2675,0.530835997,1,1.21893491,0.515787375,57.5715811,59.8443871,1,0.51419645,57.5715811,59.8443871,0.4280518
26760,2676,0.529511845,1,1.18934911,0.520382802,61.107658,55.7157261,1,0.52101187,61.107658,55.7157261,0.418150918
26770,2677,0.512951131,1,1.13609467,0.514805675,65.3468934,59.6940999,1,0.510981882,65.3468934,59.6940999,0.44720416
26780,2678,0.511148307,1,1.16568047,0.515575984,60.7923769,63.5251615,1,0.526929909,60.7923769,63.5251615,0.457809633
26790,2679,0.513210048,1,1.17159763,0.510977814,57.3079733,58.6540944,1,0.566895197,57.3079733,58.6540944,0.460693861
26800,2680,0.511434494,1,1.14201183,0.512071094,62.3449884,55.6624315,1,0.574828726,62.3449884,55.6624315,0.45065087
26810,2681,0.533785391,1,1.15384615,0.515503643,64.5441304,60.9825714,1,0.664348775,64.5441304,60.9825714,0.44282654
26820,2682,0.533914873,1,1.21893491,0.514613094,59.1384648,62.5026161,1,0.535757486,59.1384648,62.5026161,0.431947265
26830,2683,0.52780261,1,1.21893491,0.520703278,58.0775863,57.1265974,1,0.513376727,58.0775863,57.1265974,0.42151488
26840,2684,0.515237571,1,1.16568047,0.513942709,63.9092175,56.340514,1,0.518601552,63.9092175,56.340514,0.452644104
26850,2685,0.505405319,1,1.07100592,0.509684818,64.4646442,62.3202681,1,0.49376384,64.4646442,62.3202681,0.461961076
26860,2686,0.511841254,1,1.10059172,0.515640577,58.7495432,62.7219554,1,0.458843139,58.7495432,62.7219554,0.440707688
26870,2687,0.524087058,1,1.17159763,0.525327229,58.9381336,57.045285,1,0.557435384,58.9381336,57.045285,0.436907868
26880,2688,0.52792256,1,1.13017751,0.517487755,64.8174548,58.0191756,1,0.646670258,64.8174548,58.0191756,0.458418174
26890,2689,0.538805013,1,1.17751479,0.515074289,63.0834825,63.4829395,1,0.630978227,63.0834825,63.4829395,0.440946916
26900,2690,0.529455506,1,1.21893491,0.51800525,57.8873196,60.9367166,1,0.50526993,57.8873196,60.9367166,0.445113908
26910,2691,0.530118332,1,1.19526627,0.514462263,60.2071916,55.9228586,1,0.514393447,60.2071916,55.9228586,0.424964862
26920,2692,0.516148535,1,1.17751479,0.516681693,65.2194995,58.7532679,1,0.501283697,65.2194995,58.7532679,0.442788687
26930,2693,0.516498089,1,1.12426036,0.51811814,62.3115619,63.6893039,1,0.500973315,62.3115619,63.6893039,0.440686344
26940,2694,0.512207936,1,1.11242604,0.514878329,57.4407238,60.325304,1,0.513911851,57.4407238,60.325304,0.455353162
26950,2695,0.52531103,1,1.19526627,0.516960148,61.5231779,56.0662065,1,0.609993484,61.5231779,56.0662065,0.453822313
26960,2696,0.516380121,1,1.13609467,0.513604846,65.338132,60.3028979,1,0.632578147,65.338132,60.3028979,0.438552141
26970,2697,0.540461335,1,1.22485207,0.517291585,60.5592167,63.3725917,1,0.562319566,60.5592167,63.3725917,0.436913947
26980,2698,0.524813454,1,1.17159763,0.512263807,57.9229969,58.2815284,1,0.514077015,57.9229969,58.2815284,0.441008665
26990,2699,0.520930158,1,1.18934911,0.514844529,63.190915,55.9861174,1,0.524056542,63.190915,55.9861174,0.442022467
27000,2700,0.515461641,1,1.12426036,0.513104177,65.4008772,61.345792,1,0.502239855,65.4008772,61.345792,0.445955159
27010,2701,0.518387798,1,1.1183432,0.520067963,59.9953255,63.2405722,1,0.494074396,59.9953255,63.2405722,0.440616706
27020,2702,0.502922943,1,1.13017751,0.512932459,58.1023857,57.6565257,1,0.481454403,58.1023857,57.6565257,0.45355138
27030,2703,0.511262412,1,1.15384615,0.522129113,63.6267002,56.5196946,1,0.559453956,63.6267002,56.5196946,0.433851852
27040,2704,0.533855405,1,1.15384615,0.514117638,63.8573769,62.3597013,1,0.662299391,63.8573769,62.3597013,0.449581598
27050,2705,0.521973806,1,1.21893491,0.51120589,58.1222674,61.3831939,1,0.512425266,58.1222674,61.3831939,0.447511509
27060,2706,0.512715394,1,1.20118343,0.509370117,59.588816,55.7404725,1,0.509641218,59.588816,55.7404725,0.448475851
27070,2707,0.516183747,1,1.17751479,0.514679539,65.2057557,57.2238257,1,0.497728135,65.2057557,57.2238257,0.446885005
27080,2708,0.520389165,1,1.13609467,0.516726992,63.9480525,62.4964708,1,0.485186215,63.9480525,62.4964708,0.416967102
27090,2709,0.519440969,1,1.12426036,0.525772562,58.5301317,61.0001232,1,0.4721383,58.5301317,61.0001232,0.432366011
27100,2710,0.518690089,1,1.15384615,0.522675999,60.5237292,55.5839512,1,0.551446544,60.5237292,55.5839512,0.443955797
27110,2711,0.534586093,1,1.17751479,0.516010316,65.6475989,58.8006343,1,0.661572082,65.6475989,58.8006343,0.465375655
27120,2712,0.526926813,1,1.18343195,0.506084966,61.740943,63.3372096,1,0.588206685,61.740943,63.3372096,0.460527585
27130,2713,0.533445442,1,1.25443787,0.512134147,57.7286812,59.3538102,1,0.540000064,57.7286812,59.3538102,0.434909468
27140,2714,0.528514765,1,1.17751479,0.512586052,61.6777627,55.4446762,1,0.513086641,61.6777627,55.4446762,0.4274361
27150,2715,0.524265583,1,1.18343195,0.520202692,65.2997631,59.5643432,1,0.507837467,65.2997631,59.5643432,0.421960367
27160,2716,0.516253385,1,1.17751479,0.518457422,60.9071627,63.2160006,1,0.506192593,60.9071627,63.2160006,0.4394021
27170,2717,0.506323443,1,1.15384615,0.512516314,57.5515829,58.2295418,1,0.522145636,57.5515829,58.2295418,0.462337049
27180,2718,0.517457699,1,1.17751479,0.513599959,62.6846557,55.4184284,1,0.569214973,62.6846557,55.4184284,0.450185989
27190,2719,0.531885679,1,1.18343195,0.517739208,64.720367,61.0334028,1,0.658529438,64.720367,61.0334028,0.459431465
27200,2720,0.536790096,1,1.23076923,0.515493196,59.0593241,62.1342783,1,0.545376676,59.0593241,62.1342783,0.443622353
27210,2721,0.536224598,1,1.24852071,0.510293885,58.212833,56.6625895,1,0.545828054,58.212833,56.6625895,0.425906099
27220,2722,0.52489641,1,1.20710059,0.51787594,63.7776223,56.3117108,1,0.513285813,63.7776223,56.3117108,0.428910797
27230,2723,0.519089957,1,1.14792899,0.517956794,63.961636,62.086957,1,0.501380864,63.961636,62.086957,0.444475157
27240,2724,0.515435243,1,1.16568047,0.51677633,58.038337,61.9181803,1,0.508022224,58.038337,61.9181803,0.455823311
27250,2725,0.506580697,1,1.10650888,0.510746841,58.5603716,55.9132281,1,0.51430612,58.5603716,55.9132281,0.463661601
27260,2726,0.515312144,1,1.13017751,0.5154049,64.307797,57.0905337,1,0.583108429,64.307797,57.0905337,0.451289722
27270,2727,0.534808838,1,1.16568047,0.516426071,62.3071447,62.5697492,1,0.663352527,62.3071447,62.5697492,0.448695755
27280,2728,0.533914073,1,1.24852071,0.515203332,57.2967615,59.9157893,1,0.531749261,57.2967615,59.9157893,0.436143964
27290,2729,0.52490719,1,1.18343195,0.516023846,60.2682389,55.0919759,1,0.503499399,60.2682389,55.0919759,0.435814236
27300,2730,0.521616737,1,1.16568047,0.516108686,65.0459907,58.1359824,1,0.506267962,65.0459907,58.1359824,0.435773731
27310,2731,0.520607204,1,1.11242604,0.518855276,61.8456773,62.8915106,1,0.499784664,61.8456773,62.8915106,0.440931336
27320,2732,0.509515644,1,1.07100592,0.51227812,57.0253869,59.2322238,1,0.493857948,57.0253869,59.2322238,0.465531316
27330,2733,0.512742779,1,1.16568047,0.518314679,60.8344752,54.850047,1,0.515914109,60.8344752,54.850047,0.446635202
27340,2734,0.526791768,1,1.15976331,0.521979555,64.7407954,59.1177819,1,0.622962365,64.7407954,59.1177819,0.445044368
27350,2735,0.539309387,1,1.16568047,0.51774945,60.018461,62.4091701,1,0.656101493,60.018461,62.4091701,0.442783545
27360,2736,0.530165883,1,1.22485207,0.513303563,57.5024806,57.2415484,1,0.517337189,57.5024806,57.2415484,0.442120175
27370,2737,0.517743844,1,1.20118343,0.51191091,62.9785938,55.0722885,1,0.504129988,62.9785938,55.0722885,0.453086087
27380,2738,0.516724527,1,1.20118343,0.512017565,64.9407936,60.5839525,1,0.511058408,64.9407936,60.5839525,0.450040552
27390,2739,0.515828097,1,1.13017751,0.515269981,59.5240239,62.336452,1,0.491524076,59.5240239,62.336452,0.437939293
27400,2740,0.519837274,1,1.14201183,0.521551099,58.0996891,56.7666665,1,0.501971656,58.0996891,56.7666665,0.442232371
27410,2741,0.514137681,1,1.18934911,0.51645607,63.9715325,55.7911613,1,0.550972932,63.9715325,55.7911613,0.457871037
27420,2742,0.531055334,1,1.18343195,0.516148934,64.0302706,61.6629848,1,0.654589209,64.0302706,61.6629848,0.451701332
27430,2743,0.538683164,1,1.21893491,0.518316606,58.3842675,60.8054164,1,0.585326732,58.3842675,60.8054164,0.439289196
27440,2744,0.533343189,1,1.24852071,0.514304306,59.5827821,55.2703585,1,0.525062637,59.5827821,55.2703585,0.43564074
27450,2745,0.522237736,1,1.20710059,0.516288163,65.0501413,56.8858969,1,0.510364677,65.0501413,56.8858969,0.438542369
27460,2746,0.517496031,1,1.18343195,0.516080773,63.3237925,62.2890236,1,0.503395916,63.3237925,62.2890236,0.436324469
27470,2747,0.516236324,1,1.15976331,0.515108912,57.94868,60.1329923,1,0.498615156,57.94868,60.1329923,0.445492254
27480,2748,0.511420206,1,1.1183432,0.515651563,60.5289926,54.8557701,1,0.506098559,60.5289926,54.8557701,0.451867175
27490,2749,0.520630967,1,1.13609467,0.521024124,65.4604939,57.7541681,1,0.581367608,65.4604939,57.7541681,0.440013554
27500,2750,0.520490512,1,1.1183432,0.509781597,61.8355379,62.3482769,1,0.654888866,61.8355379,62.3482769,0.450155413
27510,2751,0.539309903,1,1.22485207,0.521473487,58.1923932,58.1291258,1,0.53824779,58.1923932,58.1291258,0.428798644
27520,2752,0.517313858,1,1.17159763,0.507680368,62.792006,54.5040708,1,0.511526312,62.792006,54.5040708,0.450492575
27530,2753,0.522783344,1,1.19526627,0.515096118,65.9796985,59.2311568,1,0.510049254,65.9796985,59.2311568,0.438574375
27540,2754,0.517543532,1,1.15384615,0.519059401,61.207858,62.5773437,1,0.481612859,61.207858,62.5773437,0.448319866
27550,2755,0.522225463,1,1.17159763,0.523033932,58.2626543,58.0357747,1,0.492836735,58.2626543,58.0357747,0.416381095
27560,2756,0.51649142,1,1.18934911,0.519322465,63.4623705,55.2462435,1,0.527011521,63.4623705,55.2462435,0.453901775
27570,2757,0.507163261,1,1.13017751,0.515905255,65.8354144,60.505896,1,0.531953858,65.8354144,60.505896,0.443862029
27580,2758,0.544935314,1,1.18343195,0.521959241,60.1963292,61.8703976,1,0.646413362,60.1963292,61.8703976,0.446294055
27590,2759,0.534490276,1,1.23076923,0.514348025,59.4340493,56.2658401,1,0.565972204,59.4340493,56.2658401,0.435089158
27600,2760,0.527400946,1,1.20710059,0.519265753,65.0956694,56.17743,1,0.505846753,65.0956694,56.17743,0.435562337
27610,2761,0.517239694,1,1.17159763,0.510706993,65.1298006,62.0387337,1,0.51546289,65.1298006,62.0387337,0.450877165
27620,2762,0.517541832,1,1.12426036,0.517494418,59.425224,61.8208284,1,0.492203637,59.425224,61.8208284,0.439133609
27630,2763,0.511021411,1,1.11242604,0.512091627,59.9867028,55.9307651,1,0.496203381,59.9867028,55.9307651,0.455135745
27640,2764,0.514782014,1,1.18934911,0.517368865,65.6931657,57.0256868,1,0.538504952,65.6931657,57.0256868,0.44696592
27650,2765,0.528670009,1,1.15384615,0.518500706,63.8639581,62.600833,1,0.632427597,63.8639581,62.600833,0.451350737
27660,2766,0.53593663,1,1.20118343,0.514516811,58.6395815,60.0434215,1,0.64476864,58.6395815,60.0434215,0.447441538
27670,2767,0.530054501,1,1.21893491,0.514153623,61.7906237,55.2974927,1,0.519564755,61.7906237,55.2974927,0.438211176
27680,2768,0.520998816,1,1.17751479,0.517085914,66.2523125,58.887173,1,0.508269793,66.2523125,58.887173,0.440497785
27690,2769,0.515827914,1,1.16568047,0.514551666,62.6999888,63.4207404,1,0.513859675,62.6999888,63.4207404,0.44304111
27700,2770,0.509447698,1,1.13017751,0.515961579,58.4551538,59.4493101,1,0.506239386,58.4551538,59.4493101,0.447153276
27710,2771,0.516100747,1,1.17751479,0.514986194,62.9962064,55.6083143,1,0.563642527,62.9962064,55.6083143,0.457510683
27720,2772,0.52974219,1,1.17751479,0.514930451,65.9496712,60.8891424,1,0.65801553,65.9496712,60.8891424,0.46543293
27730,2773,0.530938482,1,1.18934911,0.510663173,60.6429579,63.2186152,1,0.661700662,60.6429579,63.2186152,0.445806562
27740,2774,0.534013853,1,1.17751479,0.508049602,58.7832112,58.0063074,1,0.653015244,58.7832112,58.0063074,0.425703806
27750,2775,0.534686838,1,1.23076923,0.514241271,64.1262338,56.6205357,1,0.521109724,64.1262338,56.6205357,0.424600433
27760,2776,0.524584357,1,1.19526627,0.516851866,65.5155149,61.9565921,1,0.517171167,65.5155149,61.9565921,0.424149681
27770,2777,0.517643053,1,1.10650888,0.517543083,59.8825437,63.066086,1,0.488102941,59.8825437,63.066086,0.441630529
27780,2778,0.515328749,1,1.14201183,0.516367078,59.2561524,57.1742475,1,0.537981749,59.2561524,57.1742475,0.455772491
27790,2779,0.510021082,1,1.18343195,0.510621035,65.3560621,57.1322297,1,0.595050149,65.3560621,57.1322297,0.469234958
27800,2780,0.523731927,1,1.16568047,0.512067562,64.9640069,62.8127562,1,0.628392462,64.9640069,62.8127562,0.438003056
27810,2781,0.540307197,1,1.16568047,0.51869768,59.3494703,61.5239347,1,0.646913327,59.3494703,61.5239347,0.44312021
27820,2782,0.540092709,1,1.17159763,0.508813728,60.6892946,56.1658918,1,0.623422114,60.6892946,56.1658918,0.424847709
27830,2783,0.52396335,1,1.19526627,0.518895578,65.8699338,58.3256106,1,0.506744161,65.8699338,58.3256106,0.431753047
27840,2784,0.520887841,1,1.18343195,0.517463169,63.7942398,63.5604064,1,0.51152326,63.7942398,63.5604064,0.433177281
27850,2785,0.513924782,1,1.11242604,0.515258275,58.4833243,61.0968094,1,0.492470468,58.4833243,61.0968094,0.450345912
27860,2786,0.513307834,1,1.10650888,0.511255276,61.3771933,55.9745179,1,0.50779403,61.3771933,55.9745179,0.452555845
27870,2787,0.507575868,1,1.18343195,0.518649205,66.2584101,59.0918712,1,0.515943871,66.2584101,59.0918712,0.445517908
27880,2788,0.530662803,1,1.18934911,0.521245873,62.5946478,63.4716862,1,0.641279804,62.5946478,63.4716862,0.43924312
27890,2789,0.536873398,1,1.14792899,0.513443308,58.7713097,59.1293239,1,0.633500161,58.7713097,59.1293239,0.44505185
27900,2790,0.531723798,1,1.23076923,0.519356768,63.4230682,56.0070183,1,0.510725649,63.4230682,56.0070183,0.430959089
27910,2791,0.520949344,1,1.18934911,0.513357651,66.4639089,60.8558604,1,0.504595479,66.4639089,60.8558604,0.440266073
27920,2792,0.521017257,1,1.21893491,0.518730165,61.4111655,63.6457783,1,0.505168671,61.4111655,63.6457783,0.443985834
27930,2793,0.509919933,1,1.10059172,0.513695905,58.6543545,58.4683421,1,0.469280834,58.6543545,58.4683421,0.451203866
27940,2794,0.517972821,1,1.14201183,0.523472966,63.7924999,56.2657829,1,0.51789841,63.7924999,56.2657829,0.430025493
27950,2795,0.515849648,1,1.15976331,0.514701664,65.5303219,62.000175,1,0.597782861,65.5303219,62.000175,0.460918035
27960,2796,0.538369441,1,1.17751479,0.51823832,59.8267026,62.8114828,1,0.667697178,59.8267026,62.8114828,0.443156336
27970,2797,0.536729453,1,1.19526627,0.514045991,59.6287514,57.0087569,1,0.602907324,59.6287514,57.0087569,0.446623179
27980,2798,0.536821232,1,1.22485207,0.515579228,65.1504986,57.3090829,1,0.523006057,65.1504986,57.3090829,0.425377576
27990,2799,0.522091923,1,1.17751479,0.518080863,64.6757938,62.9620551,1,0.4970295,64.6757938,62.9620551,0.436374511
28000,2800,0.522889453,1,1.15976331,0.520528932,59.0779268,62.4625161,1,0.506406238,59.0779268,62.4625161,0.432316278
28010,2801,0.511924313,1,1.12426036,0.51601919,60.1206732,56.6202275,1,0.510981182,60.1206732,56.6202275,0.456508855
28020,2802,0.512710601,1,1.18934911,0.513436102,65.8908306,58.2741528,1,0.549468946,65.8908306,58.2741528,0.461731912
28030,2803,0.525342644,1,1.21893491,0.5155633,63.5384258,63.8424849,1,0.635083982,63.5384258,63.8424849,0.464987953
28040,2804,0.518457928,1,1.11242604,0.507879019,58.4185363,61.2460998,1,0.635042243,58.4185363,61.2460998,0.441584584
28050,2805,0.535493756,1,1.18343195,0.513824922,61.4327529,56.6348372,1,0.670960668,61.4327529,56.6348372,0.423770373
28060,2806,0.531070703,1,1.24260355,0.518474774,65.7381382,60.1977287,1,0.505542252,65.7381382,60.1977287,0.42987915
28070,2807,0.5194277,1,1.17751479,0.514225086,61.7911819,64.3739366,1,0.517664104,61.7911819,64.3739366,0.442017802
28080,2808,0.513390893,1,1.12426036,0.511903327,57.6787991,60.2841705,1,0.512138617,57.6787991,60.2841705,0.446139785
28090,2809,0.509247193,1,1.14201183,0.51557291,62.0317693,56.357259,1,0.491246893,62.0317693,56.357259,0.450962043
28100,2810,0.507671441,1,1.11242604,0.514236159,65.6874859,60.8386338,1,0.491395796,65.6874859,60.8386338,0.444872057
28110,2811,0.528804813,1,1.16568047,0.522197835,60.647888,63.6787147,1,0.615212579,60.647888,63.6787147,0.444982588
28120,2812,0.536528106,1,1.17159763,0.516657846,58.4628984,58.3014078,1,0.659924573,58.4628984,58.3014078,0.446482699
28130,2813,0.539663178,1,1.24852071,0.516891293,63.8692651,56.7256632,1,0.545436654,63.8692651,56.7256632,0.433178515
28140,2814,0.52586915,1,1.21893491,0.516151012,65.0621978,62.3085482,1,0.513950261,65.0621978,62.3085482,0.439147196
28150,2815,0.519719288,1,1.21301775,0.516048931,59.3241853,63.1752681,1,0.506858753,59.3241853,63.1752681,0.446392446
28160,2816,0.508725644,1,1.13017751,0.510369953,58.701936,57.0830411,1,0.508925462,58.701936,57.0830411,0.471070946
28170,2817,0.505471128,1,1.1183432,0.508396733,64.7394305,56.7088642,1,0.493979109,64.7394305,56.7088642,0.465313718
28180,2818,0.507112759,1,1.12426036,0.516346997,64.8688296,62.4206339,1,0.483134192,64.8688296,62.4206339,0.439479633
28190,2819,0.531434069,1,1.18343195,0.524416824,59.2086305,61.8052647,1,0.625086395,59.2086305,61.8052647,0.437965536
28200,2820,0.539887825,1,1.21301775,0.518754407,60.7609455,56.1841072,1,0.621879329,60.7609455,56.1841072,0.448581547
28210,2821,0.533320327,1,1.23668639,0.510830176,66.0966373,58.1581447,1,0.546262967,66.0966373,58.1581447,0.437626945
28220,2822,0.529325496,1,1.21893491,0.515212409,63.7657742,63.206558,1,0.516035744,63.7657742,63.206558,0.427732424
28230,2823,0.512607784,1,1.20118343,0.512852695,58.6264495,60.3554807,1,0.510709499,58.6264495,60.3554807,0.452091135
28240,2824,0.511517399,1,1.13017751,0.513101493,61.8504427,55.4020299,1,0.515768666,61.8504427,55.4020299,0.454633003
28250,2825,0.506271947,1,1.12426036,0.510354611,66.6469601,59.0141554,1,0.510406045,66.6469601,59.0141554,0.461884676
28260,2826,0.510307755,1,1.16568047,0.51399143,62.7991334,63.2720089,1,0.544190444,62.7991334,63.2720089,0.441454608
28270,2827,0.532923466,1,1.14201183,0.517911632,59.1725005,58.8524538,1,0.661932697,59.1725005,58.8524538,0.439774915
28280,2828,0.536232296,1,1.17751479,0.513504421,63.6113281,55.6880301,1,0.660934098,63.6113281,55.6880301,0.419331442
28290,2829,0.533287523,1,1.22485207,0.517888635,66.251206,60.4891074,1,0.519436074,66.251206,60.4891074,0.421460537
28300,2830,0.519991036,1,1.18343195,0.519460882,61.1296261,63.0060607,1,0.511577367,61.1296261,63.0060607,0.438971597
28310,2831,0.513934732,1,1.10650888,0.511326424,58.6610663,57.7176862,1,0.50833455,58.6610663,57.7176862,0.448934915
28320,2832,0.511977735,1,1.10059172,0.514401085,64.2384068,55.7045543,1,0.502722169,64.2384068,55.7045543,0.456118348
28330,2833,0.501662615,1,1.10059172,0.510210954,66.1783892,61.2655821,1,0.467920771,66.1783892,61.2655821,0.453053818
28340,2834,0.513742662,1,1.14792899,0.52339076,60.7437239,62.6271902,1,0.541510275,60.7437239,62.6271902,0.430972228
28350,2835,0.536968109,1,1.17751479,0.518200675,60.2708826,56.8340375,1,0.656474895,60.2708826,56.8340375,0.447109031
28360,2836,0.530567997,1,1.23076923,0.512234216,65.9370579,57.3126193,1,0.532754811,65.9370579,57.3126193,0.437411584
28370,2837,0.517900278,1,1.20710059,0.514991891,64.8674834,63.0635549,1,0.494282414,64.8674834,63.0635549,0.449965478
28380,2838,0.516396304,1,1.17751479,0.510284322,59.2249148,61.9956004,1,0.504489643,59.2249148,61.9956004,0.441749528
28390,2839,0.521008187,1,1.14792899,0.516488602,60.4711948,56.5667055,1,0.49639512,60.4711948,56.5667055,0.428469919
28400,2840,0.513106661,1,1.12426036,0.520464268,66.1010364,57.9421881,1,0.468751966,66.1010364,57.9421881,0.445802702
28410,2841,0.517641943,1,1.16568047,0.519919852,64.0547821,63.3746613,1,0.559778928,64.0547821,63.3746613,0.446544398
28420,2842,0.526105232,1,1.14201183,0.512564602,58.9273032,60.2353235,1,0.664165527,58.9273032,60.2353235,0.462476497
28430,2843,0.534457377,1,1.17159763,0.513116378,62.5589974,55.7484492,1,0.621200922,62.5589974,55.7484492,0.444035048
28440,2844,0.528132429,1,1.20118343,0.511523486,66.5817517,59.8318749,1,0.534766333,66.5817517,59.8318749,0.440930419
28450,2845,0.533314238,1,1.22485207,0.513936723,62.6109292,63.6172452,1,0.513382656,62.6109292,63.6172452,0.422001848
28460,2846,0.523129442,1,1.22485207,0.520009392,58.895734,59.458442,1,0.508005723,58.895734,59.458442,0.428968208
28470,2847,0.511694014,1,1.13017751,0.51392361,63.2900241,55.7385528,1,0.488500386,63.2900241,55.7385528,0.442874958
28480,2848,0.515746631,1,1.13609467,0.51792673,66.6574612,60.4088305,1,0.50713845,66.6574612,60.4088305,0.442900115
28490,2849,0.511688192,1,1.16568047,0.517020504,61.6932943,63.5116919,1,0.532185407,61.6932943,63.5116919,0.45031679
28500,2850,0.532414812,1,1.15384615,0.52054628,59.4863572,58.1794108,1,0.647681555,59.4863572,58.1794108,0.44391876
28510,2851,0.536434906,1,1.19526627,0.515165372,65.1391524,56.7257923,1,0.586132393,65.1391524,56.7257923,0.448977142
28520,2852,0.533592363,1,1.24260355,0.51559793,66.078525,62.2263448,1,0.519178287,66.078525,62.2263448,0.429245238
28530,2853,0.517897035,1,1.17159763,0.515179042,60.2496739,62.7536519,1,0.509006604,60.2496739,62.7536519,0.45020415
28540,2854,0.512804993,1,1.18934911,0.512877735,59.9275855,56.8270033,1,0.504451674,59.9275855,56.8270033,0.456568787
28550,2855,0.511516565,1,1.1183432,0.511989766,65.8766815,56.7559512,1,0.496700237,65.8766815,56.7559512,0.457655406
28560,2856,0.506809156,1,1.11242604,0.513624408,65.6386232,62.6122497,1,0.496708791,65.6386232,62.6122497,0.450856538
28570,2857,0.524846537,1,1.18343195,0.523117062,59.9975445,61.6901432,1,0.594904515,59.9975445,61.6901432,0.439688226
28580,2858,0.54018385,1,1.18343195,0.520207297,61.8301527,56.0727195,1,0.657782424,61.8301527,56.0727195,0.454522972
28590,2859,0.536195267,1,1.15384615,0.508696394,67.0388646,58.2980924,1,0.604018172,67.0388646,58.2980924,0.43570635
28600,2860,0.524595053,1,1.20118343,0.515777927,64.0945895,63.1454132,1,0.512714116,64.0945895,63.1454132,0.436264902
28610,2861,0.514730051,1,1.16568047,0.512667996,59.1897724,59.9867991,1,0.506249386,59.1897724,59.9867991,0.448759462
28620,2862,0.51416692,1,1.12426036,0.512995069,62.5706067,55.2080263,1,0.493598646,62.5706067,55.2080263,0.450290572
28630,2863,0.512819674,1,1.09467456,0.513222454,67.1933671,58.67668,1,0.472466613,67.1933671,58.67668,0.444569278
28640,2864,0.515931539,1,1.16568047,0.521779013,63.4811251,63.0013459,1,0.518104005,63.4811251,63.0013459,0.438417517
28650,2865,0.510815414,1,1.14792899,0.518403339,59.3052137,59.000538,1,0.557479548,59.3052137,59.000538,0.444856873
28660,2866,0.540562514,1,1.17751479,0.517288019,64.1750884,55.6926457,1,0.645025474,64.1750884,55.6926457,0.452853095
28670,2867,0.525620573,1,1.22485207,0.512463663,66.6765108,61.0007056,1,0.515091725,66.6765108,61.0007056,0.451379314
28680,2868,0.520674405,1,1.18343195,0.510038244,61.2789781,63.0793958,1,0.510252844,61.2789781,63.0793958,0.444920794
28690,2869,0.51940366,1,1.18343195,0.517773639,59.3967779,57.635076,1,0.508460568,59.3967779,57.635076,0.443114957
28700,2870,0.519507337,1,1.14792899,0.514686091,64.6726218,55.7405514,1,0.490464985,64.6726218,55.7405514,0.431206866
28710,2871,0.517471169,1,1.14792899,0.521393098,66.1059155,61.3334583,1,0.502082227,66.1059155,61.3334583,0.444126285
28720,2872,0.499465467,1,1.12426036,0.512665479,60.3363117,62.6037047,1,0.493673661,60.3363117,62.6037047,0.454444552
28730,2873,0.524181591,1,1.17159763,0.520013711,60.1235074,56.9306377,1,0.629275777,60.1235074,56.9306377,0.43669668
28740,2874,0.534351324,1,1.19526627,0.514066732,65.9491987,57.6346251,1,0.603474273,65.9491987,57.6346251,0.451390211
28750,2875,0.525331978,1,1.22485207,0.510669291,64.4247173,63.1570577,1,0.507676298,64.4247173,63.1570577,0.440691396
28760,2876,0.522643771,1,1.17159763,0.51234459,59.0951458,61.429872,1,0.513212385,59.0951458,61.429872,0.430958081
28770,2877,0.520981694,1,1.18934911,0.519360325,60.9961438,56.1232551,1,0.503153846,60.9961438,56.1232551,0.433603155
28780,2878,0.512664068,1,1.11242604,0.51719151,66.4928583,58.1903336,1,0.483463501,66.4928583,58.1903336,0.451733569
28790,2879,0.513457634,1,1.10650888,0.516654879,64.0932134,63.4724918,1,0.502041748,64.0932134,63.4724918,0.446283076
28800,2880,0.515154629,1,1.17751479,0.514175811,59.0817305,60.3180411,1,0.572522474,59.0817305,60.3180411,0.455508819
28810,2881,0.53212968,1,1.14201183,0.521765297,62.771608,55.909132,1,0.665099117,62.771608,55.909132,0.442248661
28820,2882,0.540783366,1,1.25443787,0.519877989,66.6593556,60.030561,1,0.569581554,66.6593556,60.030561,0.435827155
28830,2883,0.531735655,1,1.18343195,0.512536323,62.249391,63.5824943,1,0.525511934,62.249391,63.5824943,0.435577682
28840,2884,0.523892793,1,1.19526627,0.522041737,59.0919268,58.7739737,1,0.51687324,59.0919268,58.7739737,0.442501302
28850,2885,0.512228228,1,1.13017751,0.513993199,64.0504284,55.4264211,1,0.494307678,64.0504284,55.4264211,0.460208637
28860,2886,0.519581025,1,1.14792899,0.520570389,66.9146988,60.3008692,1,0.492851394,66.9146988,60.3008692,0.434899767
28870,2887,0.500488263,1,1.10650888,0.510794285,61.6584259,63.1304138,1,0.483097527,61.6584259,63.1304138,0.459191002
28880,2888,0.518678443,1,1.16568047,0.521218086,59.5883184,57.9928142,1,0.560666838,59.5883184,57.9928142,0.426075208
28890,2889,0.520859649,1,1.13017751,0.516261796,65.0941382,56.3194109,1,0.641895784,65.0941382,56.3194109,0.442654242
28900,2890,0.539675784,1,1.21893491,0.520374437,65.7521836,61.9246308,1,0.540229492,65.7521836,61.9246308,0.434131884
28910,2891,0.528118131,1,1.23668639,0.513317511,60.1186246,62.2219037,1,0.513451366,60.1186246,62.2219037,0.433953608
28920,2892,0.520721043,1,1.20710059,0.516349941,60.1304523,56.5362672,1,0.503858131,60.1304523,56.5362672,0.4373576
28930,2893,0.518724247,1,1.15384615,0.515391911,65.8106811,56.6453009,1,0.50965497,65.8106811,56.6453009,0.437021171
28940,2894,0.513735336,1,1.10059172,0.515387783,65.167214,62.5143302,1,0.504193706,65.167214,62.5143302,0.454169085
28950,2895,0.510497686,1,1.16568047,0.515125812,59.286682,61.4437766,1,0.534542821,59.286682,61.4437766,0.459783474
28960,2896,0.531221929,1,1.18343195,0.520617801,61.1370458,55.8877763,1,0.642621887,61.1370458,55.8877763,0.450463177
28970,2897,0.537840037,1,1.20118343,0.517152442,66.3348633,58.4289266,1,0.668541425,66.3348633,58.4289266,0.445056685
28980,2898,0.53586923,1,1.24852071,0.516923144,63.1019947,63.1883883,1,0.535982817,63.1019947,63.1883883,0.442584632
28990,2899,0.529863814,1,1.24852071,0.516235792,58.5528973,59.9849402,1,0.510532157,58.5528973,59.9849402,0.427988044
29000,2900,0.52316042,1,1.18343195,0.515488822,61.9018648,55.5808305,1,0.515222403,61.9018648,55.5808305,0.425599235
29010,2901,0.521293939,1,1.15384615,0.521754161,66.1255803,59.1951996,1,0.502558733,66.1255803,59.1951996,0.427621997
29020,2902,0.501005443,1,1.07100592,0.506486555,61.8153783,63.5254879,1,0.510426513,61.8153783,63.5254879,0.469981984
29030,2903,0.524381465,1,1.17159763,0.517531998,58.3154344,58.8415286,1,0.599087306,58.3154344,58.8415286,0.449780231
29040,2904,0.50480365,1,1.13017751,0.510588528,62.8708702,55.4339059,1,0.554149804,62.8708702,55.4339059,0.437609751
29050,2905,0.542645878,1,1.13609467,0.51845934,65.4661557,60.4144376,1,0.660678521,65.4661557,60.4144376,0.43201196
29060,2906,0.537656865,1,1.26035503,0.519826677,60.3306356,62.542643,1,0.528693757,60.3306356,62.542643,0.427617763
29070,2907,0.523495089,1,1.18343195,0.517435492,58.6675472,57.1577116,1,0.510574593,58.6675472,57.1577116,0.433530634
29080,2908,0.507961074,1,1.13609467,0.509666157,64.559459,55.7016134,1,0.514039638,64.559459,55.7016134,0.466859367
29090,2909,0.505501901,1,1.07692308,0.505620982,65.8713141,61.5826848,1,0.501362396,65.8713141,61.5826848,0.463508396
29100,2910,0.509270405,1,1.11242604,0.514174477,60.2450125,62.800871,1,0.463726999,60.2450125,62.800871,0.442820757
29110,2911,0.512145946,1,1.19526627,0.522626149,59.3745961,57.3025804,1,0.507868771,59.3745961,57.3025804,0.428212359
29120,2912,0.522871398,1,1.14201183,0.520084221,65.1202352,57.2601375,1,0.633490543,65.1202352,57.2601375,0.441984298
29130,2913,0.536171207,1,1.20118343,0.512425907,64.0988931,62.9911493,1,0.602780212,64.0988931,62.9911493,0.447792986
29140,2914,0.523375639,1,1.21301775,0.510038959,58.6800545,61.2097212,1,0.507660864,58.6800545,61.2097212,0.438780568
29150,2915,0.520950912,1,1.20710059,0.515653818,60.7590998,55.9344046,1,0.518940037,60.7590998,55.9344046,0.43617077
29160,2916,0.512571124,1,1.13017751,0.513108503,66.133083,58.3471133,1,0.504024839,66.133083,58.3471133,0.453134118
29170,2917,0.50693326,1,1.09467456,0.512628459,63.4394439,63.6626742,1,0.494720634,63.4394439,63.6626742,0.45839235
29180,2918,0.507615961,1,1.13609467,0.513954812,58.388882,60.7906514,1,0.502081652,58.388882,60.7906514,0.446926984
29190,2919,0.517748212,1,1.15384615,0.516253291,61.906812,56.1771574,1,0.584505311,61.906812,56.1771574,0.446287502
29200,2920,0.538669247,1,1.18343195,0.521868377,65.9041124,60.4016483,1,0.65349854,65.9041124,60.4016483,0.447377191
29210,2921,0.535868334,1,1.27218935,0.519252626,61.3557225,63.7660524,1,0.51071547,61.3557225,63.7660524,0.435190674
29220,2922,0.52142162,1,1.21893491,0.510675667,58.1769807,58.9054017,1,0.516515452,58.1769807,58.9054017,0.446752412
29230,2923,0.51483597,1,1.16568047,0.514496226,63.2319553,55.9947856,1,0.508575067,63.2319553,55.9947856,0.44869604
29240,2924,0.516918444,1,1.14201183,0.517107888,66.0005246,60.9594278,1,0.482797408,66.0005246,60.9594278,0.4372632
29250,2925,0.517734616,1,1.14792899,0.517614627,60.7799633,63.4767576,1,0.514697202,60.7799633,63.4767576,0.445830187
29260,2926,0.523720972,1,1.18343195,0.519685635,58.8714267,57.8634383,1,0.587682079,58.8714267,57.8634383,0.456069295
29270,2927,0.527243604,1,1.16568047,0.514133615,64.6460732,56.6476674,1,0.656605664,64.6460732,56.6476674,0.453941588
29280,2928,0.53514328,1,1.20118343,0.515561571,64.8957949,62.4626031,1,0.569878484,64.8957949,62.4626031,0.447715028
29290,2929,0.531560212,1,1.26035503,0.512912741,59.2739875,62.40649,1,0.53238199,59.2739875,62.40649,0.432468267
29300,2930,0.52680521,1,1.19526627,0.514576957,59.6668865,56.9490128,1,0.517532276,59.6668865,56.9490128,0.420892459
29310,2931,0.519620464,1,1.15976331,0.52178073,65.306186,57.6430488,1,0.496751203,65.306186,57.6430488,0.43706515
29320,2932,0.517155338,1,1.14201183,0.519910949,64.4535429,63.4355189,1,0.509534552,64.4535429,63.4355189,0.450375983
29330,2933,0.516002032,1,1.14201183,0.516149473,58.6057638,61.9489638,1,0.554166333,58.6057638,61.9489638,0.464136065
29340,2934,0.516579754,1,1.16568047,0.510123916,60.646021,56.3081448,1,0.602089026,60.646021,56.3081448,0.461419778
29350,2935,0.52532468,1,1.17159763,0.510044598,65.88704,58.9081991,1,0.660150413,65.88704,58.9081991,0.450039856
29360,2936,0.534570398,1,1.14792899,0.507134805,62.9391661,63.6692646,1,0.640224849,62.9391661,63.6692646,0.43075347
29370,2937,0.530822531,1,1.21301775,0.517196218,58.6825612,60.1501093,1,0.524589333,58.6825612,60.1501093,0.424843445
29380,2938,0.523718252,1,1.17751479,0.518841655,62.3113752,55.959331,1,0.514550789,62.3113752,55.959331,0.426426697
29390,2939,0.513867327,1,1.14201183,0.518049977,66.6003955,59.9528494,1,0.496487586,66.6003955,59.9528494,0.450797349
29400,2940,0.512865235,1,1.0887574,0.512895279,62.4878741,64.0564105,1,0.48790715,62.4878741,64.0564105,0.446896239
29410,2941,0.512652413,1,1.15976331,0.517961246,58.7222562,59.554387,1,0.524617449,58.7222562,59.554387,0.451480753
29420,2942,0.528632437,1,1.14792899,0.520349397,63.5760372,56.3578411,1,0.62831622,63.5760372,56.3578411,0.447062046
29430,2943,0.533792158,1,1.16568047,0.513772758,66.1899244,61.4588655,1,0.667895857,66.1899244,61.4588655,0.440903163
29440,2944,0.535724017,1,1.26035503,0.519880442,60.7043617,63.1991036,1,0.523608533,60.7043617,63.1991036,0.442690982
29450,2945,0.518185537,1,1.20118343,0.508824507,59.2979191,57.4773827,1,0.509772054,59.2979191,57.4773827,0.453234078
29460,2946,0.524140924,1,1.21301775,0.51656931,64.7218819,56.266564,1,0.518981849,64.7218819,56.266564,0.427497563
29470,2947,0.519799982,1,1.13017751,0.520564747,65.8405078,61.7654736,1,0.487548957,65.8405078,61.7654736,0.431656575
29480,2948,0.51983542,1,1.10650888,0.522183131,60.2671424,62.5610772,1,0.505190486,60.2671424,62.5610772,0.433066587
29490,2949,0.512855323,1,1.16568047,0.514512795,59.9680899,56.5574903,1,0.554502655,59.9680899,56.5574903,0.462386964
29500,2950,0.532917891,1,1.15384615,0.517578724,65.8044691,57.1004777,1,0.649812998,65.8044691,57.1004777,0.45089101
29510,2951,0.537220452,1,1.18343195,0.514393102,64.4430324,62.8141257,1,0.62893358,64.4430324,62.8141257,0.451816079
29520,2952,0.541640058,1,1.21301775,0.512808947,59.0899256,61.2666011,1,0.603740127,59.0899256,61.2666011,0.428638863
29530,2953,0.526330024,1,1.21893491,0.515202401,61.1894804,56.067429,1,0.514267405,61.1894804,56.067429,0.431315044
29540,2954,0.516723973,1,1.20118343,0.517246849,66.3687564,58.5706022,1,0.508601095,66.3687564,58.5706022,0.44249679
29550,2955,0.508590475,1,1.0887574,0.511753447,63.6284045,63.7759652,1,0.501780369,63.6284045,63.7759652,0.452509982
29560,2956,0.508504061,1,1.11242604,0.513596908,58.5368118,60.8600952,1,0.479443835,58.5368118,60.8600952,0.45133998
29570,2957,0.521139787,1,1.17159763,0.52037642,62.0037039,56.2162675,1,0.572068733,62.0037039,56.2162675,0.445785502
29580,2958,0.528041943,1,1.15976331,0.519507357,66.2106255,60.2099756,1,0.655794036,66.2106255,60.2099756,0.446206188
29590,2959,0.539539767,1,1.18343195,0.516344214,61.6646135,63.7927241,1,0.592435463,61.6646135,63.7927241,0.445239859
29600,2960,0.527275541,1,1.22485207,0.514270148,58.6697413,58.8970093,1,0.525328316,58.6697413,58.8970093,0.441469322
29610,2961,0.521765607,1,1.16568047,0.518376685,63.7646872,56.2588013,1,0.495273099,63.7646872,56.2588013,0.441344202
29620,2962,0.517034348,1,1.17159763,0.512071763,66.4679452,61.3877343,1,0.506975734,66.4679452,61.3877343,0.445978468
29630,2963,0.518037991,1,1.16568047,0.517248628,61.2146583,63.7844008,1,0.490122482,61.2146583,63.7844008,0.444166892
29640,2964,0.509705196,1,1.13017751,0.515134514,58.9169019,58.3024869,1,0.478519571,58.9169019,58.3024869,0.457230308
29650,2965,0.519299141,1,1.18934911,0.520530114,64.4177604,56.7478617,1,0.562301721,64.4177604,56.7478617,0.439716847
29660,2966,0.524407593,1,1.15976331,0.514354652,65.2553102,62.621608,1,0.652244282,65.2553102,62.621608,0.456396907
29670,2967,0.540525173,1,1.21893491,0.519271054,59.6318793,62.5131589,1,0.569884933,59.6318793,62.5131589,0.432652037
29680,2968,0.532936388,1,1.24260355,0.512609032,59.9198461,56.8582306,1,0.537614553,59.9198461,56.8582306,0.435558124
29690,2969,0.5215036,1,1.21301775,0.516509487,65.5910225,57.6663078,1,0.507532742,65.5910225,57.6663078,0.440650613
29700,2970,0.520365328,1,1.18934911,0.516023996,64.7942298,63.2172299,1,0.50922067,64.7942298,63.2172299,0.431370563
29710,2971,0.517586334,1,1.1183432,0.520635448,59.1688265,62.1921725,1,0.487977033,59.1688265,62.1921725,0.439848718
29720,2972,0.513794794,1,1.14792899,0.514204777,60.756249,56.4163947,1,0.534870227,60.756249,56.4163947,0.460765499
29730,2973,0.516879247,1,1.17159763,0.517978906,66.1923842,58.6891078,1,0.586628989,66.1923842,58.6891078,0.45323812
29740,2974,0.540000029,1,1.18343195,0.519043109,63.1506058,63.6939261,1,0.661272908,63.1506058,63.6939261,0.45051333
29750,2975,0.534251828,1,1.23076923,0.512650321,58.6010089,60.1131454,1,0.585977973,58.6010089,60.1131454,0.44536284
29760,2976,0.533626596,1,1.26035503,0.511361431,62.3915109,56.0153666,1,0.517944902,62.3915109,56.0153666,0.42939131
29770,2977,0.522990538,1,1.18343195,0.51959296,66.3008136,60.1636627,1,0.515096167,66.3008136,60.1636627,0.438468338
29780,2978,0.521093181,1,1.20710059,0.51660725,62.2077934,64.0270461,1,0.50259993,62.2077934,64.0270461,0.432951517
29790,2979,0.515397519,1,1.13017751,0.519989854,58.4775576,59.5919034,1,0.48648763,58.4775576,59.5919034,0.445789969
29800,2980,0.515322842,1,1.13017751,0.515938312,63.114874,56.1010119,1,0.514504772,63.114874,56.1010119,0.446492093
29810,2981,0.518569251,1,1.18343195,0.518371635,66.0327242,61.2284364,1,0.591916804,66.0327242,61.2284364,0.453809201
29820,2982,0.539921426,1,1.17751479,0.518291541,60.5162514,63.2819308,1,0.644129266,60.5162514,63.2819308,0.452790893
29830,2983,0.538212505,1,1.21893491,0.511663469,59.0033797,57.8911643,1,0.59537725,59.0033797,57.8911643,0.430694657
29840,2984,0.531497887,1,1.19526627,0.520192704,64.5683783,56.9565598,1,0.508452729,64.5683783,56.9565598,0.434071778
29850,2985,0.519153834,1,1.17751479,0.51363811,65.3672906,62.7608233,1,0.50925194,65.3672906,62.7608233,0.450691359
29860,2986,0.516414817,1,1.13609467,0.516535994,59.6305995,63.36322,1,0.493959559,59.6305995,63.36322,0.443710195
29870,2987,0.510366417,1,1.1183432,0.515101376,59.2080051,57.4847163,1,0.479702486,59.2080051,57.4847163,0.453359528
29880,2988,0.521318726,1,1.14792899,0.521166512,64.9703994,57.5852111,1,0.56021562,64.9703994,57.5852111,0.443328503
29890,2989,0.525202474,1,1.14792899,0.517361849,63.9883755,63.5666268,1,0.640647998,63.9883755,63.5666268,0.46626874
29900,2990,0.523533785,1,1.12426036,0.506989111,58.4833623,62.1310276,1,0.671246191,58.4833623,62.1310276,0.437624815
29910,2991,0.537137539,1,1.24852071,0.520575211,60.8139516,57.0153322,1,0.520594082,60.8139516,57.0153322,0.432428023
29920,2992,0.525608611,1,1.19526627,0.512573877,65.9606998,59.2974741,1,0.508341466,65.9606998,59.2974741,0.433078899
29930,2993,0.519325852,1,1.16568047,0.516901315,63.2184253,64.2407696,1,0.512594553,63.2184253,64.2407696,0.434845006
29940,2994,0.51519292,1,1.13609467,0.515887528,58.1797263,61.4101689,1,0.503829881,58.1797263,61.4101689,0.444564728
29950,2995,0.508257732,1,1.1183432,0.512941917,61.3169416,56.3525455,1,0.475809526,61.3169416,56.3525455,0.457816239
29960,2996,0.521427019,1,1.15976331,0.518581347,65.7953664,60.0132667,1,0.561727279,65.7953664,60.0132667,0.444939789
29970,2997,0.525839393,1,1.17159763,0.517329528,61.6034358,64.1219399,1,0.64536767,61.6034358,64.1219399,0.451516034
29980,2998,0.539143699,1,1.15976331,0.515571171,58.1003273,59.5612946,1,0.646108946,58.1003273,59.5612946,0.442366251
29990,2999,0.532732592,1,1.21893491,0.518298079,62.9531194,56.7429235,1,0.522698194,62.9531194,56.7429235,0.431680403
30000,3000,0.520599621,1,1.18343195,0.517944427,65.5534808,61.8284437,1,0.496415581,65.5534808,61.8284437,0.439367451
30010,3001,0.516715922,1,1.13609467,0.511590876,60.3232678,64.2711887,1,0.506156097,60.3232678,64.2711887,0.444040963
30020,3002,0.513349042,1,1.1183432,0.515719406,58.1771266,58.7399881,1,0.501890175,58.1771266,58.7399881,0.456382107
30030,3003,0.50777319,1,1.12426036,0.512558956,63.7362434,56.6578658,1,0.4804157,63.7362434,56.6578658,0.456634283
30040,3004,0.53309229,1,1.23076923,0.525948716,64.8733833,62.2356113,1,0.607873955,64.8733833,62.2356113,0.437883103
30050,3005,0.521583457,1,1.12426036,0.515493033,59.1581466,63.0982765,1,0.626348728,59.1581466,63.0982765,0.444613535
30060,3006,0.520004855,1,1.10650888,0.508258039,58.8670067,57.4834815,1,0.660619213,58.8670067,57.4834815,0.432487545
30070,3007,0.533375362,1,1.24260355,0.514465006,64.4125111,58.0218221,1,0.533462669,64.4125111,58.0218221,0.428582566
30080,3008,0.524081206,1,1.18934911,0.517605286,63.5694172,63.4276306,1,0.517187874,63.5694172,63.4276306,0.420858334
30090,3009,0.52120082,1,1.18343195,0.520763595,58.0080978,62.4028989,1,0.498577684,58.0080978,62.4028989,0.434995399
30100,3010,0.512303951,1,1.14201183,0.516225675,59.4179141,56.6788521,1,0.507175234,59.4179141,56.6788521,0.453469821
30110,3011,0.510073544,1,1.14792899,0.512328018,64.9854033,58.7386729,1,0.546931268,64.9854033,58.7386729,0.456639371
30120,3012,0.522505258,1,1.14201183,0.517853808,62.4177932,64.0106231,1,0.621256013,62.4177932,64.0106231,0.451074195
30130,3013,0.532028217,1,1.1183432,0.51579227,57.5555216,60.9110657,1,0.665613361,57.5555216,60.9110657,0.443553041
30140,3014,0.540107473,1,1.16568047,0.514813148,61.1527922,56.6461303,1,0.606532908,61.1527922,56.6461303,0.429186859
30150,3015,0.524388352,1,1.20710059,0.516421938,65.061768,60.7253097,1,0.515165787,65.061768,60.7253097,0.434596983
30160,3016,0.518121177,1,1.13609467,0.518725901,60.7353634,64.5721817,1,0.506396278,60.7353634,64.5721817,0.44533214
30170,3017,0.519188723,1,1.15976331,0.516802819,56.9895449,60.1456984,1,0.504303555,56.9895449,60.1456984,0.44605377
30180,3018,0.508873618,1,1.11242604,0.513123482,61.677045,56.4518964,1,0.467727846,61.677045,56.4518964,0.459075677
30190,3019,0.514529147,1,1.14792899,0.518442033,64.8871605,61.1041997,1,0.506671297,64.8871605,61.1041997,0.434794159
30200,3020,0.513864013,1,1.17159763,0.519566147,59.8582835,63.9533128,1,0.575635069,59.8582835,63.9533128,0.444606401
30210,3021,0.53913789,1,1.17159763,0.517107351,57.8464094,58.4500715,1,0.651515405,57.8464094,58.4500715,0.450727892
30220,3022,0.535729604,1,1.22485207,0.51317664,63.310913,57.1637656,1,0.564806814,63.310913,57.1637656,0.431835106
30230,3023,0.525022529,1,1.20710059,0.518607287,64.1057726,62.857454,1,0.498994214,64.1057726,62.857454,0.442223337
30240,3024,0.51681775,1,1.18934911,0.510727606,58.3477544,63.5713314,1,0.518147223,58.3477544,63.5713314,0.446315581
30250,3025,0.518839476,1,1.14201183,0.519240611,57.9659326,57.8467595,1,0.49603634,57.9659326,57.8467595,0.441330099
30260,3026,0.513587639,1,1.08284024,0.515010512,63.8750773,57.7362467,1,0.510465048,63.8750773,57.7362467,0.454629085
30270,3027,0.516925916,1,1.20118343,0.517950965,63.3800751,63.5626795,1,0.549204502,63.3800751,63.5626795,0.449801704
30280,3028,0.529938532,1,1.19526627,0.518186721,57.6706991,62.403443,1,0.637595308,57.6706991,62.403443,0.448144129
30290,3029,0.540638403,1,1.20118343,0.518831227,59.7341458,56.9186124,1,0.629622187,59.7341458,56.9186124,0.450779597
30300,3030,0.536931864,1,1.18934911,0.510452486,64.8429985,59.1979908,1,0.587748273,64.8429985,59.1979908,0.430329051
30310,3031,0.526235846,1,1.18934911,0.518968298,61.9203688,63.9631253,1,0.515003334,61.9203688,63.9631253,0.430001176
30320,3032,0.522471764,1,1.14201183,0.516618318,57.0186016,60.9253003,1,0.500577286,57.0186016,60.9253003,0.44359813
30330,3033,0.51998526,1,1.13017751,0.518272328,60.2199548,56.0947787,1,0.498085388,60.2199548,56.0947787,0.44577305
30340,3034,0.510027585,1,1.10059172,0.512243225,65.0734628,59.6613552,1,0.487074771,65.0734628,59.6613552,0.46331075
30350,3035,0.511849503,1,1.16568047,0.518557093,61.3522143,64.1185157,1,0.509375823,61.3522143,64.1185157,0.446644098
30360,3036,0.5187879,1,1.14201183,0.521677472,57.2603677,60.0936172,1,0.588135386,57.2603677,60.0936172,0.441507752
30370,3037,0.537765774,1,1.20710059,0.517185745,61.9526916,56.6952267,1,0.662246996,61.9526916,56.6952267,0.445669238
30380,3038,0.527931721,1,1.20118343,0.514362894,64.5112936,61.8502906,1,0.512679759,64.5112936,61.8502906,0.442699678
30390,3039,0.517309279,1,1.18343195,0.509421153,59.0589714,64.0721023,1,0.506615315,59.0589714,64.0721023,0.45289512
30400,3040,0.519824981,1,1.17159763,0.514413144,57.0624316,58.6690176,1,0.515694658,57.0624316,58.6690176,0.443089577
30410,3041,0.517017777,1,1.16568047,0.515792684,62.3725794,56.7321857,1,0.491596967,62.3725794,56.7321857,0.43479566
30420,3042,0.520160351,1,1.11242604,0.522873832,64.0145534,62.1676957,1,0.486622409,64.0145534,62.1676957,0.43677711
30430,3043,0.508123772,1,1.17159763,0.515667104,58.2276898,63.5609163,1,0.520927106,58.2276898,63.5609163,0.45786263
30440,3044,0.523582929,1,1.17751479,0.517382287,57.8739328,57.7612296,1,0.633334732,57.8739328,57.7612296,0.446958888
30450,3045,0.539147736,1,1.18343195,0.515643176,63.5774797,58.238637,1,0.620462026,63.5774797,58.238637,0.440268651
30460,3046,0.522034891,1,1.21301775,0.513263016,62.2093595,63.9165741,1,0.51445828,62.2093595,63.9165741,0.449264512
30470,3047,0.513560023,1,1.18934911,0.509776577,56.6288062,62.2314386,1,0.508571988,56.6288062,62.2314386,0.448417707
30480,3048,0.516233374,1,1.15976331,0.514764395,58.366518,56.7061863,1,0.491672129,58.366518,56.7061863,0.445543716
30490,3049,0.517908309,1,1.12426036,0.516925732,63.5759081,58.2565564,1,0.472704896,63.5759081,58.2565564,0.418092265
30500,3050,0.516378703,1,1.11242604,0.526060525,61.7615498,63.5433935,1,0.480088625,61.7615498,63.5433935,0.42996176
30510,3051,0.521046305,1,1.15384615,0.523340624,56.5325781,61.1184942,1,0.583095102,56.5325781,61.1184942,0.443375178
30520,3052,0.536942862,1,1.21893491,0.514737816,60.1698163,56.3082485,1,0.648436518,60.1698163,56.3082485,0.463891217
30530,3053,0.524541859,1,1.20118343,0.504774246,64.3462202,60.58623,1,0.544249018,64.3462202,60.58623,0.459891134
30540,3054,0.529851408,1,1.24852071,0.511342468,60.099679,64.3207923,1,0.526608485,60.099679,64.3207923,0.435007094
30550,3055,0.526105487,1,1.17751479,0.514499459,56.4815455,60.1312711,1,0.512574867,56.4815455,60.1312711,0.425816153
30560,3056,0.521650885,1,1.15384615,0.520457882,60.8128651,56.6744557,1,0.497063784,60.8128651,56.6744557,0.426280891
30570,3057,0.516532354,1,1.15976331,0.520588375,64.1763226,61.2912491,1,0.502623366,64.1763226,61.2912491,0.439389218
30580,3058,0.504700624,1,1.16568047,0.511305377,58.9338911,64.2914956,1,0.538976164,58.9338911,64.2914956,0.464634274
30590,3059,0.527276737,1,1.18343195,0.51622393,56.8596031,58.8180789,1,0.633329812,56.8596031,58.8180789,0.450252796
30600,3060,0.5370931,1,1.18343195,0.515248065,62.6940539,57.602668,1,0.639262908,62.6940539,57.602668,0.458438557
30610,3061,0.52522277,1,1.23668639,0.511363993,63.0382977,63.4158712,1,0.506772144,63.0382977,63.4158712,0.447952842
30620,3062,0.52722042,1,1.20710059,0.512059891,57.4566718,63.5726665,1,0.519242285,57.4566718,63.5726665,0.429525215
30630,3063,0.522656946,1,1.17751479,0.517171135,57.5248671,58.0324871,1,0.520066034,57.5248671,58.0324871,0.426199929
30640,3064,0.522205768,1,1.14792899,0.522889995,63.1693165,58.2897281,1,0.500184602,63.1693165,58.2897281,0.434639081
30650,3065,0.516519504,1,1.14792899,0.519421934,62.5542567,64.1923565,1,0.519554365,62.5542567,64.1923565,0.456506677
30660,3066,0.512965911,1,1.17751479,0.514290164,56.6901355,62.9088272,1,0.559188714,56.6901355,62.9088272,0.461765105
30670,3067,0.529405455,1,1.16568047,0.51543044,58.8672647,57.3768602,1,0.657344335,58.8672647,57.3768602,0.457304627
30680,3068,0.534887069,1,1.17159763,0.512557592,63.9154269,60.1672017,1,0.599299068,63.9154269,60.1672017,0.443693127
30690,3069,0.530083816,1,1.21893491,0.513645212,60.7366982,64.7651166,1,0.51558952,60.7366982,64.7651166,0.429979612
30700,3070,0.525780103,1,1.16568047,0.520288336,56.2069499,61.3227685,1,0.50570921,56.2069499,61.3227685,0.437640124
30710,3071,0.511549348,1,1.15384615,0.513083648,59.8392994,56.6073313,1,0.489816047,59.8392994,56.6073313,0.457865587
30720,3072,0.516531327,1,1.10650888,0.51685117,64.125415,60.2492221,1,0.496450616,64.125415,60.2492221,0.432648074
30730,3073,0.504320399,1,1.13609467,0.516585366,60.193436,64.6557522,1,0.483333075,60.193436,64.6557522,0.454289002
30740,3074,0.512856933,1,1.14792899,0.518207969,56.4517044,60.4325293,1,0.562511341,56.4517044,60.4325293,0.434027293
30750,3075,0.53913947,1,1.16568047,0.515848396,61.4968935,57.4774706,1,0.638443703,61.4968935,57.4774706,0.449761965
30760,3076,0.52884285,1,1.23668639,0.513743393,63.730822,62.7640203,1,0.531403538,63.730822,62.7640203,0.441474431
30770,3077,0.521474322,1,1.21301775,0.517075076,58.2301286,64.5496398,1,0.507608498,58.2301286,64.5496398,0.44486595
30780,3078,0.510714371,1,1.15976331,0.509228297,56.4617471,58.8317991,1,0.499756679,56.4617471,58.8317991,0.460388799
30790,3079,0.511082573,1,1.11242604,0.511217228,61.9998692,57.1487447,1,0.473717536,61.9998692,57.1487447,0.445247541
30800,3080,0.511276358,1,1.12426036,0.517332834,63.5006167,62.4726002,1,0.469422378,63.5006167,62.4726002,0.425487407
30810,3081,0.515591303,1,1.15976331,0.522028073,57.9987374,63.6560128,1,0.517455289,57.9987374,63.6560128,0.432900919
30820,3082,0.526067146,1,1.15976331,0.520342946,57.61793,57.9185075,1,0.62197405,57.61793,57.9185075,0.442317602
30830,3083,0.539783627,1,1.18343195,0.516125741,63.5022446,58.4916529,1,0.618814639,63.5022446,58.4916529,0.454781657
30840,3084,0.519361256,1,1.22485207,0.509485495,62.0124013,64.2565332,1,0.503831752,62.0124013,64.2565332,0.458021717
30850,3085,0.511232582,1,1.20710059,0.506541355,56.4307021,62.3281311,1,0.512876234,56.4307021,62.3281311,0.454263826
30860,3086,0.510345107,1,1.13609467,0.509938424,58.5126936,56.791149,1,0.499685276,58.5126936,56.791149,0.45503664
30870,3087,0.518571253,1,1.15384615,0.516395649,63.6274227,58.4471659,1,0.481040117,63.6274227,58.4471659,0.413548978
30880,3088,0.513208782,1,1.14201183,0.522121163,61.8498168,63.6362635,1,0.467855124,61.8498168,63.6362635,0.421932836
30890,3089,0.514548093,1,1.18934911,0.522992988,56.6519049,61.3747895,1,0.528487899,56.6519049,61.3747895,0.436042948
30900,3090,0.5337391,1,1.17159763,0.515794711,60.2732441,56.5625238,1,0.659349006,60.2732441,56.5625238,0.463278755
30910,3091,0.525781062,1,1.16568047,0.506410097,64.3244967,60.9661656,1,0.573891153,64.3244967,60.9661656,0.460284892
30920,3092,0.532008266,1,1.22485207,0.515637381,59.930193,64.4191219,1,0.532184254,59.930193,64.4191219,0.429894801
30930,3093,0.533550851,1,1.21893491,0.517772768,56.5402306,60.0648271,1,0.519083199,56.5402306,60.0648271,0.424485269
30940,3094,0.518276268,1,1.18343195,0.514114366,61.1040054,56.6888856,1,0.508971856,61.1040054,56.6888856,0.436669896
30950,3095,0.519069704,1,1.13017751,0.520492373,64.2438613,61.2142795,1,0.489858486,64.2438613,61.2142795,0.423691061
30960,3096,0.513142918,1,1.12426036,0.517610268,59.1868131,64.1965522,1,0.519446523,59.1868131,64.1965522,0.451609136
30970,3097,0.508591157,1,1.14792899,0.512132848,56.806286,58.7506222,1,0.559281058,56.806286,58.7506222,0.45719147
30980,3098,0.527942525,1,1.15384615,0.515108955,62.5190044,57.3816854,1,0.657417391,62.5190044,57.3816854,0.451880612
30990,3099,0.536137858,1,1.23668639,0.516991435,62.990578,63.0888199,1,0.552749779,62.990578,63.0888199,0.440506474
31000,3100,0.528287905,1,1.24852071,0.513976949,57.3099488,63.1348291,1,0.507854698,57.3099488,63.1348291,0.436985805
31010,3101,0.517243105,1,1.17159763,0.514168239,57.565303,57.332225,1,0.509531638,57.565303,57.332225,0.446786155
31020,3102,0.515891915,1,1.14201183,0.513123059,63.2630916,57.7820544,1,0.500558067,63.2630916,57.7820544,0.4396552
31030,3103,0.519913584,1,1.14201183,0.522262104,62.5518713,63.4220552,1,0.496587456,62.5518713,63.4220552,0.437282108
31040,3104,0.517507516,1,1.18343195,0.519393805,56.7170418,62.2731185,1,0.538874065,56.7170418,62.2731185,0.457451725
31050,3105,0.519838339,1,1.14792899,0.516591132,58.552513,56.6772864,1,0.60453103,58.552513,56.6772864,0.453012864
31060,3106,0.54246563,1,1.19526627,0.520138446,63.7226461,59.4274708,1,0.617432734,63.7226461,59.4274708,0.450468462
31070,3107,0.530405698,1,1.24260355,0.515630607,60.4788621,64.2295302,1,0.525253117,60.4788621,64.2295302,0.445768463
31080,3108,0.534041744,1,1.24260355,0.510966636,56.0107953,61.0970452,1,0.522759853,56.0107953,61.0970452,0.419749744
31090,3109,0.525078883,1,1.20118343,0.521848148,59.6447794,56.8480562,1,0.501920957,59.6447794,56.8480562,0.430080136
31100,3110,0.519253614,1,1.15384615,0.517068206,64.0512215,60.3553866,1,0.490757023,64.0512215,60.3553866,0.433221717
31110,3111,0.515328483,1,1.11242604,0.518658169,60.1111582,64.599305,1,0.493733931,60.1111582,64.599305,0.445456636
31120,3112,0.520487647,1,1.17159763,0.517917155,56.2779418,60.157887,1,0.568467825,56.2779418,60.157887,0.451294933
31130,3113,0.513072397,1,1.14792899,0.51150481,61.0490668,56.7159344,1,0.589498174,61.0490668,56.7159344,0.452544887
31140,3114,0.540021399,1,1.20710059,0.516408896,63.5195534,61.9750105,1,0.638821323,63.5195534,61.9750105,0.446956737
31150,3115,0.535392111,1,1.20118343,0.510528484,58.3673133,64.0766292,1,0.588868994,58.3673133,64.0766292,0.428029607
31160,3116,0.526821732,1,1.22485207,0.51890687,56.8665578,58.7083549,1,0.510939751,56.8665578,58.7083549,0.428777236
31170,3117,0.518252466,1,1.20118343,0.515897568,62.4963142,57.235076,1,0.509359778,62.4963142,57.235076,0.447641469
31180,3118,0.517692181,1,1.11242604,0.51653218,63.6787612,62.9016302,1,0.497403206,63.6787612,62.9016302,0.445277774
31190,3119,0.515074871,1,1.1183432,0.515327141,57.8139278,63.7261518,1,0.495179423,57.8139278,63.7261518,0.455577572
31200,3120,0.520140296,1,1.19526627,0.518645156,57.4813174,57.8675788,1,0.547442178,57.4813174,57.8675788,0.451385158
31210,3121,0.520680188,1,1.14201183,0.51540977,63.3811993,58.1800378,1,0.625574884,63.3811993,58.1800378,0.454473082
31220,3122,0.538412583,1,1.20710059,0.513946916,62.126442,63.8122294,1,0.626632244,62.126442,63.8122294,0.443866799
31230,3123,0.526285565,1,1.21893491,0.514195733,56.8071649,61.8699792,1,0.511527405,56.8071649,61.8699792,0.435598244
31240,3124,0.508605259,1,1.18343195,0.507487273,59.3426982,56.4552526,1,0.513964306,59.3426982,56.4552526,0.459921485
31250,3125,0.509228217,1,1.13017751,0.507821443,64.5432669,59.3015616,1,0.500586199,64.5432669,59.3015616,0.456040268
31260,3126,0.513923043,1,1.12426036,0.515653695,61.705012,64.2389063,1,0.469515516,61.705012,64.2389063,0.438077182
31270,3127,0.51129942,1,1.17159763,0.518946962,56.9394461,61.0024928,1,0.519594438,56.9394461,61.0024928,0.443126264
31280,3128,0.524987646,1,1.17751479,0.523259899,60.6582981,56.7012902,1,0.614164922,60.6582981,56.7012902,0.437381969
31290,3129,0.538528234,1,1.17751479,0.513725895,64.4310798,61.2402759,1,0.631989903,64.4310798,61.2402759,0.454017393
31300,3130,0.530651107,1,1.23668639,0.508861827,59.5188089,64.2492872,1,0.5375239,59.5188089,64.2492872,0.443123357
31310,3131,0.528373002,1,1.18343195,0.519120736,56.8953168,59.3124834,1,0.510062043,56.8953168,59.3124834,0.430045699
31320,3132,0.521175111,1,1.18934911,0.517037165,61.9481363,56.7129147,1,0.506814188,61.9481363,56.7129147,0.437101413
31330,3133,0.517970549,1,1.11242604,0.517277113,64.366447,61.9894802,1,0.493379077,64.366447,61.9894802,0.446487742
31340,3134,0.51280624,1,1.13609467,0.516633701,59.0041404,64.2794006,1,0.477229975,59.0041404,64.2794006,0.44852201
31350,3135,0.511702932,1,1.13609467,0.520967294,57.182684,58.8021371,1,0.525971863,57.182684,58.8021371,0.444014222
31360,3136,0.527496585,1,1.14792899,0.517173379,63.0282179,57.8475144,1,0.64976542,63.0282179,57.8475144,0.455613059
31370,3137,0.52426512,1,1.19526627,0.510227004,62.6899621,63.8812517,1,0.556989954,62.6899621,63.8812517,0.46486241
31380,3138,0.521707373,1,1.19526627,0.510306002,57.0277659,62.9547524,1,0.502798759,57.0277659,62.9547524,0.441345885
31390,3139,0.523807527,1,1.19526627,0.512201608,58.0381115,57.3626952,1,0.515905716,58.0381115,57.3626952,0.437122801
31400,3140,0.524424204,1,1.16568047,0.516846603,63.4347396,58.3182057,1,0.515983653,63.4347396,58.3182057,0.421581945
31410,3141,0.515530042,1,1.14201183,0.519162706,62.2234896,63.9013369,1,0.475184694,62.2234896,63.9013369,0.439462289
31420,3142,0.518690017,1,1.14201183,0.519344331,56.7313015,62.2064343,1,0.530905889,56.7313015,62.2064343,0.442135916
31430,3143,0.524228981,1,1.17751479,0.516121716,59.3226405,56.8589983,1,0.615832861,59.3226405,56.8589983,0.457094696
31440,3144,0.533334622,1,1.15384615,0.51682348,64.1849669,59.9159054,1,0.67160398,64.1849669,59.9159054,0.441801714
31450,3145,0.539505228,1,1.16568047,0.517098801,60.5538839,64.3336004,1,0.593833107,60.5538839,64.3336004,0.439881591
31460,3146,0.528585497,1,1.18343195,0.514752112,56.5643106,60.3514603,1,0.519071506,56.5643106,60.3514603,0.433604236
31470,3147,0.5199829,1,1.15384615,0.51211454,60.7524951,56.386382,1,0.506733947,60.7524951,56.386382,0.443645039
31480,3148,0.523685669,1,1.20710059,0.520411683,64.4555385,60.560485,1,0.499623699,64.4555385,60.560485,0.429225712
31490,3149,0.514008688,1,1.12426036,0.517298168,60.0679878,64.2747318,1,0.491331127,60.0679878,64.2747318,0.442198851
31500,3150,0.514302795,1,1.20710059,0.519910868,56.9165542,59.2914642,1,0.56537,56.9165542,59.2914642,0.45354938
31510,3151,0.522369851,1,1.17159763,0.511361073,62.3197579,56.7083877,1,0.641629251,62.3197579,56.7083877,0.460684429
31520,3152,0.533928673,1,1.15976331,0.512759033,64.0041303,62.323961,1,0.663755987,64.0041303,62.323961,0.450980353
31530,3153,0.53776916,1,1.20118343,0.510097561,58.4364987,63.4963463,1,0.608498345,58.4364987,63.4963463,0.437671412
31540,3154,0.530247336,1,1.21301775,0.518162054,57.801247,58.0319697,1,0.507166909,57.801247,58.0319697,0.423167513
31550,3155,0.524229495,1,1.20118343,0.516096551,63.282877,57.3714643,1,0.523338671,63.282877,57.3714643,0.424713864
31560,3156,0.516707805,1,1.15384615,0.517380684,63.4577001,63.1453098,1,0.504640979,63.4577001,63.1453098,0.444345506
31570,3157,0.507972949,1,1.10059172,0.513073683,57.4998249,63.0533284,1,0.496996849,57.4998249,63.0533284,0.458352706
31580,3158,0.521705545,1,1.20118343,0.519592137,58.2092276,57.2435672,1,0.564594103,58.2092276,57.2435672,0.450223991
31590,3159,0.529282805,1,1.16568047,0.518847749,63.9263144,58.6490851,1,0.633569314,63.9263144,58.6490851,0.452870936
31600,3160,0.540203875,1,1.18343195,0.517146749,61.7337495,64.0486034,1,0.633471873,61.7337495,64.0486034,0.448284951
31610,3161,0.534960638,1,1.21301775,0.514132141,56.7334072,61.500638,1,0.541959622,56.7334072,61.500638,0.431699204
31620,3162,0.528934053,1,1.23668639,0.513620299,59.5019376,56.6926008,1,0.51516649,59.5019376,56.6926008,0.426780864
31630,3163,0.524815485,1,1.18343195,0.519496955,64.1501004,59.6168006,1,0.512840907,64.1501004,59.6168006,0.422421598
31640,3164,0.503500633,1,1.1183432,0.509690189,60.5362278,64.5094858,1,0.507290426,60.5362278,64.5094858,0.467894971
31650,3165,0.51398912,1,1.13017751,0.512699491,56.1155999,60.6695812,1,0.527783246,56.1155999,60.6695812,0.450422669
31660,3166,0.500614565,1,1.15384615,0.512409746,59.8900758,56.2487573,1,0.473897797,59.8900758,56.2487573,0.447149765
31670,3167,0.522307159,1,1.15976331,0.520913741,63.6186847,60.3030637,1,0.59106015,63.6186847,60.3030637,0.423705297
31680,3168,0.53673244,1,1.17751479,0.518170578,59.0730135,63.6718805,1,0.667996523,59.0730135,63.6718805,0.435224584
31690,3169,0.534545298,1,1.24260355,0.517054194,56.4934709,58.7495466,1,0.511656682,56.4934709,58.7495466,0.427483422
31700,3170,0.513768291,1,1.20118343,0.512321309,61.8927333,56.4981301,1,0.505835781,61.8927333,56.4981301,0.449989549
31710,3171,0.506797892,1,1.14792899,0.506773706,64.0299573,62.157883,1,0.505832816,64.0299573,62.157883,0.465372089
31720,3172,0.512777434,1,1.12426036,0.510745929,58.6588985,64.1975913,1,0.485387445,58.6588985,64.1975913,0.441947556
31730,3173,0.513860395,1,1.07692308,0.519736505,56.8368856,58.8579869,1,0.472477635,56.8368856,58.8579869,0.433992785
31740,3174,0.509345521,1,1.17159763,0.521000018,62.3506933,57.3950733,1,0.518662599,62.3506933,57.3950733,0.438813568
31750,3175,0.528210516,1,1.17159763,0.517625808,62.8056466,63.2574188,1,0.657711436,62.8056466,63.2574188,0.452305585
31760,3176,0.530486247,1,1.17751479,0.508479597,56.9836946,62.6555584,1,0.580708682,56.9836946,62.6555584,0.450229143
31770,3177,0.525292778,1,1.23668639,0.515583216,58.2817041,57.1332825,1,0.51355053,58.2817041,57.1332825,0.436367196
31780,3178,0.513377797,1,1.17159763,0.509309758,63.9312402,58.7949413,1,0.515965951,63.9312402,58.7949413,0.452987243
31790,3179,0.507999352,1,1.15384615,0.509580498,61.9508773,64.4451451,1,0.499764306,61.9508773,64.4451451,0.460554336
31800,3180,0.510166724,1,1.10059172,0.511878008,56.5132204,62.5135641,1,0.467813929,56.5132204,62.5135641,0.443887603
31810,3181,0.507387669,1,1.10650888,0.516103161,58.7115144,57.3704465,1,0.486212075,58.7115144,57.3704465,0.430248006
31820,3182,0.519922833,1,1.20710059,0.524115606,63.6760052,60.1505593,1,0.579423266,63.6760052,60.1505593,0.437686199
31830,3183,0.539978429,1,1.15976331,0.51775804,60.0038868,64.7130294,1,0.655696063,60.0038868,64.7130294,0.450513095
31840,3184,0.526664063,1,1.21301775,0.508851513,56.0795357,60.2887793,1,0.517865615,56.0795357,60.2887793,0.45491738
31850,3185,0.514797895,1,1.19526627,0.50562776,60.7626639,56.7112187,1,0.505923559,60.7626639,56.7112187,0.453328448
31860,3186,0.522332997,1,1.18934911,0.51175879,64.0465904,61.1920315,1,0.512717041,64.0465904,61.1920315,0.427334226
31870,3187,0.519559751,1,1.13609467,0.519536112,59.3106132,64.427585,1,0.493112002,59.3106132,64.427585,0.441207908
31880,3188,0.521317483,1,1.15976331,0.520583967,56.2290766,59.6842119,1,0.486193789,56.2290766,59.6842119,0.435111741
31890,3189,0.508924182,1,1.12426036,0.516114487,61.4340585,56.8530142,1,0.497805478,61.4340585,56.8530142,0.455781514
31900,3190,0.524733534,1,1.12426036,0.520218136,63.3842036,62.3296224,1,0.620021328,63.3842036,62.3296224,0.447189145
31910,3191,0.528608326,1,1.12426036,0.511002478,57.7119406,63.6636163,1,0.670501609,57.7119406,63.6636163,0.448231947
31920,3192,0.533180805,1,1.23076923,0.518159866,57.3507666,57.9292339,1,0.526359763,57.3507666,57.9292339,0.441980403
31930,3193,0.526130049,1,1.22485207,0.511389949,62.9897687,57.7436653,1,0.513864044,62.9897687,57.7436653,0.434004199
31940,3194,0.521853668,1,1.17159763,0.517764484,62.8874661,63.3564174,1,0.500850173,62.8874661,63.3564174,0.431821873
31950,3195,0.5202205,1,1.17159763,0.517502711,57.2765819,63.1944381,1,0.493960535,57.2765819,63.1944381,0.431786294
31960,3196,0.512783822,1,1.13017751,0.516273554,57.9534697,57.3546192,1,0.495128466,57.9534697,57.3546192,0.452224359
31970,3197,0.514694846,1,1.15384615,0.517410382,63.6814788,58.5224183,1,0.551953713,63.6814788,58.5224183,0.44967998
31980,3198,0.530622615,1,1.19526627,0.519548679,61.7782325,64.0319559,1,0.649728791,61.7782325,64.0319559,0.448385342
31990,3199,0.538546503,1,1.17751479,0.515503152,56.6412099,61.4363834,1,0.651399074,56.6412099,61.4363834,0.442732226
32000,3200,0.535547099,1,1.25443787,0.515281334,59.8311776,56.6993865,1,0.544559846,59.8311776,56.6993865,0.439304411
32010,3201,0.532430781,1,1.23668639,0.517863054,64.3066104,59.8672737,1,0.520933802,64.3066104,59.8672737,0.421781288
32020,3202,0.518018521,1,1.15384615,0.513770391,60.838883,64.3934977,1,0.518112926,60.838883,64.3934977,0.438608863
32030,3203,0.515591031,1,1.18343195,0.519485311,56.6581475,60.4698937,1,0.521477209,56.6581475,60.4698937,0.441039774
32040,3204,0.504666963,1,1.12426036,0.507602711,61.2189177,56.3774164,1,0.556968203,61.2189177,56.3774164,0.471363347
32050,3205,0.512383654,1,1.14792899,0.508735213,64.6533743,61.2019105,1,0.569091897,64.6533743,61.2019105,0.455545942
32060,3206,0.502514536,1,1.12426036,0.513710194,60.026025,64.3633727,1,0.538658024,60.026025,64.3633727,0.431093322
32070,3207,0.536792164,1,1.14792899,0.514761305,57.5349182,59.3394424,1,0.662305547,57.5349182,59.3394424,0.431355975
32080,3208,0.536796618,1,1.23668639,0.513324624,62.6056504,57.3667647,1,0.551302874,62.6056504,57.3667647,0.418533526
32090,3209,0.52579561,1,1.19526627,0.520404661,64.0822607,62.6613277,1,0.509843802,64.0822607,62.6613277,0.422816532
32100,3210,0.51515744,1,1.15384615,0.514077605,58.4062143,64.1043253,1,0.512207709,58.4062143,64.1043253,0.450507572
32110,3211,0.510208698,1,1.10650888,0.511581831,57.2228893,58.262336,1,0.497505433,57.2228893,58.262336,0.458509914
32120,3212,0.510887823,1,1.0887574,0.513671848,63.0215464,57.2682044,1,0.488564828,63.0215464,57.2682044,0.452558285
32130,3213,0.522117096,1,1.22485207,0.521512026,63.4265946,63.0161096,1,0.561766378,63.4265946,63.0161096,0.443243012
32140,3214,0.518735486,1,1.11242604,0.514530804,57.618027,62.8266118,1,0.623790547,57.618027,62.8266118,0.447050607
32150,3215,0.537028762,1,1.20710059,0.513152793,58.8288179,57.1425678,1,0.618554665,58.8288179,57.1425678,0.447044009
32160,3216,0.526005314,1,1.21301775,0.513052115,64.1251679,58.9717394,1,0.510170852,64.1251679,58.9717394,0.431024599
32170,3217,0.509718563,1,1.19526627,0.508374542,61.6596531,64.3848871,1,0.518966311,61.6596531,64.3848871,0.457552856
32180,3218,0.504618697,1,1.13609467,0.505955679,56.299264,61.5350931,1,0.510009266,56.299264,61.5350931,0.466987688
32190,3219,0.507161802,1,1.07692308,0.510017733,59.0448661,56.3430441,1,0.454365517,59.0448661,56.3430441,0.45179264
32200,3220,0.506813969,1,1.09467456,0.517514602,63.7715159,58.9908223,1,0.474980677,63.7715159,58.9908223,0.416749519
32210,3221,0.505649233,1,1.17159763,0.524907829,60.9347218,63.6694758,1,0.50859948,60.9347218,63.6694758,0.42088382
32220,3222,0.527566838,1,1.15384615,0.516522105,56.6426985,60.0039618,1,0.658431473,56.6426985,60.0039618,0.434172388
32230,3223,0.531778071,1,1.26035503,0.514569541,61.151128,56.4833585,1,0.537864807,61.151128,56.4833585,0.440014685
32240,3224,0.522017875,1,1.21301775,0.512594605,64.2174471,61.3755466,1,0.502842752,64.2174471,61.3755466,0.444132138
32250,3225,0.519287415,1,1.18934911,0.513691806,59.3068282,64.3746598,1,0.498436996,59.3068282,64.3746598,0.442617671
32260,3226,0.518306835,1,1.15384615,0.513240475,56.4680415,59.4156142,1,0.501243882,56.4680415,59.4156142,0.43954551
32270,3227,0.509764839,1,1.10059172,0.513064863,61.686766,56.7115902,1,0.46557265,61.686766,56.7115902,0.452127324
32280,3228,0.511112235,1,1.14792899,0.523065648,63.996848,61.8070406,1,0.497013747,63.996848,61.8070406,0.430357593
32290,3229,0.517719453,1,1.17159763,0.51735775,58.3742625,63.5098334,1,0.610433787,58.3742625,63.5098334,0.451905704
32300,3230,0.527451583,1,1.21301775,0.511401066,58.0353701,57.4906143,1,0.600604163,58.0353701,57.4906143,0.463750129
32310,3231,0.518913036,1,1.22485207,0.509585746,63.8477643,58.0999447,1,0.500721673,63.8477643,58.0999447,0.449557375
32320,3232,0.5258923,1,1.23668639,0.513699541,63.1939787,63.6752123,1,0.50734749,63.1939787,63.6752123,0.431805377
32330,3233,0.528211225,1,1.21893491,0.513718596,57.7395351,63.232969,1,0.524517066,57.7395351,63.232969,0.420949438
32340,3234,0.523742966,1,1.15976331,0.522294405,58.4263409,57.7862243,1,0.479954786,58.4263409,57.7862243,0.422298095
32350,3235,0.519898459,1,1.14201183,0.522642997,63.9900331,58.5641087,1,0.487627992,63.9900331,58.5641087,0.432139129
32360,3236,0.521574535,1,1.18934911,0.517613532,62.278765,64.308269,1,0.578941298,62.278765,64.308269,0.461049843
32370,3237,0.527653068,1,1.19526627,0.510958718,56.8781154,61.6190039,1,0.664643452,56.8781154,61.6190039,0.464090141
32380,3238,0.535978008,1,1.17751479,0.511576068,59.9690646,56.7460513,1,0.650925769,59.9690646,56.7460513,0.443891034
32390,3239,0.535194663,1,1.26035503,0.509759626,64.5160325,60.0922415,1,0.571357782,64.5160325,60.0922415,0.434270836
32400,3240,0.528516015,1,1.17751479,0.516797062,60.8497666,64.2199077,1,0.514462125,60.8497666,64.2199077,0.424676235
32410,3241,0.523794669,1,1.20118343,0.518337144,56.7035131,60.5733043,1,0.520943203,56.7035131,60.5733043,0.424745901
32420,3242,0.511864292,1,1.15976331,0.517012379,60.8010346,56.4432647,1,0.499015913,60.8010346,56.4432647,0.44752382
32430,3243,0.513263551,1,1.12426036,0.517123202,64.4898512,60.9414454,1,0.520990974,64.4898512,60.9414454,0.447484732
32440,3244,0.525953283,1,1.16568047,0.517560412,59.2694627,63.9519304,1,0.628289199,59.2694627,63.9519304,0.463556333
32450,3245,0.531908657,1,1.18343195,0.513159965,57.1095158,58.3949493,1,0.657007074,57.1095158,58.3949493,0.458615162
32460,3246,0.531635811,1,1.23668639,0.511826429,62.7266399,56.9274688,1,0.554182448,62.7266399,56.9274688,0.446588528
32470,3247,0.537896052,1,1.23076923,0.507999264,63.9509406,62.3217914,1,0.568298532,63.9509406,62.3217914,0.425500942
32480,3248,0.532937674,1,1.23076923,0.518117677,58.5704785,63.2283349,1,0.510260173,58.5704785,63.2283349,0.419715269
32490,3249,0.520490966,1,1.15976331,0.516715052,57.6215117,57.7128233,1,0.498445049,57.6215117,57.7128233,0.430504087
32500,3250,0.514737019,1,1.1183432,0.517367469,63.4607338,57.2675391,1,0.500175019,63.4607338,57.2675391,0.450475045
32510,3251,0.519367666,1,1.15384615,0.516276829,63.2501365,63.2482725,1,0.579274165,63.2501365,63.2482725,0.460341542
32520,3252,0.516959518,1,1.14792899,0.508468889,57.2445083,62.2717174,1,0.639097649,57.2445083,62.2717174,0.468039026
32530,3253,0.536020513,1,1.12426036,0.512451402,58.7909557,56.8663296,1,0.661933114,58.7909557,56.8663296,0.432480916
32540,3254,0.541005868,1,1.18343195,0.516692304,63.9926681,58.8891643,1,0.586070956,63.9926681,58.8891643,0.42932224
32550,3255,0.537415005,1,1.22485207,0.512503723,61.9596876,63.9810211,1,0.529937934,61.9596876,63.9810211,0.421746266
32560,3256,0.517067827,1,1.16568047,0.516228601,56.8944353,61.1715158,1,0.505028129,56.8944353,61.1715158,0.445557302
32570,3257,0.514957741,1,1.13609467,0.515756369,59.7067048,56.0978824,1,0.509727369,59.7067048,56.0978824,0.446224235
32580,3258,0.511682606,1,1.09467456,0.513997389,64.7703375,59.2376232,1,0.499642206,64.7703375,59.2376232,0.458311467
32590,3259,0.518461588,1,1.14792899,0.514905882,61.2402709,63.9885424,1,0.539627047,61.2402709,63.9885424,0.45529497
32600,3260,0.522328334,1,1.17159763,0.520024161,56.9294084,60.0017489,1,0.607145379,56.9294084,60.0017489,0.451677071
32610,3261,0.53879153,1,1.15384615,0.518218531,61.2910956,56.2409392,1,0.664877264,61.2910956,56.2409392,0.443012843
32620,3262,0.531647705,1,1.23668639,0.516541492,64.2977047,61.1178215,1,0.534892158,64.2977047,61.1178215,0.440707336
32630,3263,0.519605205,1,1.19526627,0.514942246,59.1617703,63.8027109,1,0.496707821,59.1617703,63.8027109,0.445798622
32640,3264,0.522028455,1,1.21301775,0.51057578,56.4411583,58.8626323,1,0.520031771,56.4411583,58.8626323,0.433822331
32650,3265,0.524757849,1,1.20710059,0.522971259,61.5397287,56.4410186,1,0.497537518,61.5397287,56.4410186,0.43418722
32660,3266,0.50633482,1,1.11242604,0.515530337,64.0485361,61.7514276,1,0.460315734,64.0485361,61.7514276,0.451785144
32670,3267,0.513625281,1,1.16568047,0.523001296,58.8974996,63.6160688,1,0.520565834,58.8974996,63.6160688,0.421395699
32680,3268,0.521789096,1,1.15976331,0.517387304,57.6059759,57.8763487,1,0.624891906,57.6059759,57.8763487,0.452556312
32690,3269,0.539179592,1,1.15976331,0.516544469,63.3067233,57.5815775,1,0.655594533,63.3067233,57.5815775,0.439104865
32700,3270,0.535815337,1,1.21301775,0.512976807,63.0168167,63.3044381,1,0.581591566,63.0168167,63.3044381,0.440784531
32710,3271,0.529459403,1,1.21301775,0.519372612,57.5226388,62.5508638,1,0.512103362,57.5226388,62.5508638,0.426585902
32720,3272,0.518440817,1,1.16568047,0.516126481,58.3981839,56.8641826,1,0.506016269,58.3981839,56.8641826,0.442591362
32730,3273,0.514809976,1,1.14201183,0.51654691,64.0852955,58.0704001,1,0.493400329,64.0852955,58.0704001,0.44720168
32740,3274,0.509885419,1,1.1183432,0.511690059,62.2571149,63.7718236,1,0.525132618,62.2571149,63.7718236,0.460566118
32750,3275,0.509710344,1,1.15384615,0.515435168,56.8257485,61.6311979,1,0.541802108,56.8257485,61.6311979,0.449075445
32760,3276,0.534612102,1,1.18343195,0.519247885,59.7739077,56.5860454,1,0.651008535,59.7739077,56.5860454,0.449491539
32770,3277,0.537150219,1,1.21301775,0.517782058,64.19754,60.263931,1,0.568741304,64.19754,60.263931,0.442527469
32780,3278,0.526177202,1,1.18343195,0.510146252,60.2565562,64.3452909,1,0.52426055,60.2565562,64.3452909,0.436424774
32790,3279,0.520626424,1,1.17159763,0.516334036,56.4605452,60.1254381,1,0.508815979,56.4605452,60.1254381,0.436614579
32800,3280,0.520152638,1,1.16568047,0.518191875,60.8142365,56.3545643,1,0.500896964,60.8142365,56.3545643,0.443053664
32810,3281,0.511264199,1,1.09467456,0.516144721,64.5087669,60.8290987,1,0.46557315,64.5087669,60.8290987,0.446359454
32820,3282,0.522676082,1,1.19526627,0.52616883,59.8670535,63.9374213,1,0.540883608,59.8670535,63.9374213,0.429718317
32830,3283,0.510908041,1,1.15976331,0.510339904,56.9619601,58.6634009,1,0.60589009,56.9619601,58.6634009,0.463169288
32840,3284,0.538351228,1,1.17751479,0.516463221,62.5740943,56.8998289,1,0.641999536,62.5740943,56.8998289,0.452515887
32850,3285,0.538531171,1,1.20118343,0.510243549,63.9091543,62.3141582,1,0.618416065,63.9091543,62.3141582,0.428961502
32860,3286,0.535410163,1,1.20710059,0.521897704,58.4450597,63.0940623,1,0.50448519,58.4450597,63.0940623,0.424574831
32870,3287,0.52183424,1,1.19526627,0.516640046,57.6380932,57.3906608,1,0.508509964,57.6380932,57.3906608,0.443092841
32880,3288,0.517903454,1,1.18343195,0.518424338,63.426406,56.9537631,1,0.501259062,63.426406,56.9537631,0.446521365
32890,3289,0.507299004,1,1.10650888,0.510348314,63.4563232,63.0145132,1,0.524128089,63.4563232,63.0145132,0.46621723
32900,3290,0.504509663,1,1.16568047,0.507271238,57.4650048,62.6147256,1,0.539385527,57.4650048,62.6147256,0.461895546
32910,3291,0.523466633,1,1.17751479,0.517379475,58.4674385,57.0024678,1,0.625593862,58.4674385,57.0024678,0.438544601
32920,3292,0.540762575,1,1.17751479,0.517739302,63.8837852,58.8598946,1,0.635788697,63.8837852,58.8598946,0.440459986
32930,3293,0.535814077,1,1.21893491,0.510060532,61.7279368,63.9705348,1,0.566325122,61.7279368,63.9705348,0.426672314
32940,3294,0.52350217,1,1.20710059,0.517839197,56.9018978,61.0975632,1,0.511484709,56.9018978,61.0975632,0.432035351
32950,3295,0.512543928,1,1.15384615,0.512546705,59.9505524,56.0409484,1,0.505370686,59.9505524,56.0409484,0.454195738
32960,3296,0.509627833,1,1.1183432,0.509858355,64.8496442,59.5567686,1,0.504785095,64.8496442,59.5567686,0.463853763
32970,3297,0.50701897,1,1.10650888,0.511950754,61.1314207,64.2386609,1,0.485347241,61.1314207,64.2386609,0.459902881
32980,3298,0.515320456,1,1.18934911,0.518916193,56.8879561,60.3766833,1,0.552409161,56.8879561,60.3766833,0.441365977
32990,3299,0.529932186,1,1.18343195,0.52060172,61.2694717,56.6285209,1,0.652377499,61.2694717,56.6285209,0.443536086
33000,3300,0.533113499,1,1.21301775,0.511495119,64.221214,61.6777631,1,0.563329089,64.221214,61.6777631,0.449902212
33010,3301,0.523732054,1,1.19526627,0.512857655,58.9304437,63.9161146,1,0.509213409,58.9304437,63.9161146,0.441905952
33020,3302,0.525662961,1,1.20710059,0.517987941,56.8523872,58.7180138,1,0.521322427,56.8523872,58.7180138,0.430622024
33030,3303,0.521785018,1,1.17159763,0.522114983,62.1880419,56.8590381,1,0.504090226,62.1880419,56.8590381,0.434632414
33040,3304,0.514170049,1,1.11242604,0.518047292,63.8999773,62.5150047,1,0.50828037,63.8999773,62.5150047,0.454567095
33050,3305,0.514414843,1,1.17751479,0.514031019,58.0454086,63.7024042,1,0.558598041,58.0454086,63.7024042,0.459520539
33060,3306,0.521307253,1,1.1183432,0.515566769,57.6330615,57.8892549,1,0.605350378,57.6330615,57.8892549,0.448288891
33070,3307,0.537962574,1,1.14792899,0.517418677,63.4120659,58.1158717,1,0.664337965,63.4120659,58.1158717,0.444880462
33080,3308,0.528955576,1,1.23668639,0.515067314,62.2629867,63.8032149,1,0.514616812,62.2629867,63.8032149,0.446327928
33090,3309,0.517462451,1,1.21893491,0.511949853,56.7286511,62.1883331,1,0.509654303,56.7286511,62.1883331,0.443471475
33100,3310,0.511160453,1,1.14792899,0.51091115,58.6393754,56.5726087,1,0.507716654,58.6393754,56.5726087,0.45629864
33110,3311,0.514632097,1,1.11242604,0.512621583,64.0399312,58.4648685,1,0.47088478,64.0399312,58.4648685,0.440189907
33120,3312,0.514791723,1,1.08284024,0.521202923,62.042961,63.6002192,1,0.485222809,62.042961,63.6002192,0.423843481
33130,3313,0.509605588,1,1.14792899,0.523052723,56.8693687,61.4225382,1,0.510798536,56.8693687,61.4225382,0.431786928
33140,3314,0.528173038,1,1.16568047,0.518963306,60.0455821,56.5400563,1,0.651602022,60.0455821,56.5400563,0.448052729
33150,3315,0.534674813,1,1.17751479,0.513617722,64.1740004,60.6206379,1,0.56409497,64.1740004,60.6206379,0.446518314
33160,3316,0.527649455,1,1.24260355,0.514567455,59.9001141,64.2800185,1,0.518562254,59.9001141,64.2800185,0.432805424
33170,3317,0.517244689,1,1.17751479,0.509603328,56.3398165,59.6336925,1,0.507100198,56.3398165,59.6336925,0.450273184
33180,3318,0.515928515,1,1.13609467,0.512797562,61.1165588,56.3201875,1,0.494412768,61.1165588,56.3201875,0.44719098
33190,3319,0.517000082,1,1.10650888,0.521381404,64.2734557,61.123482,1,0.478474176,64.2734557,61.123482,0.442141352
33200,3320,0.508358989,1,1.15976331,0.51848718,59.3433683,64.1012917,1,0.511118216,59.3433683,64.1012917,0.443046956
33210,3321,0.525189461,1,1.18934911,0.518899732,57.424296,58.4676522,1,0.646622453,57.424296,58.4676522,0.45781015
33220,3322,0.530051883,1,1.18343195,0.509683142,63.2820444,57.5494432,1,0.602864983,63.2820444,57.5494432,0.456098216
33230,3323,0.535019572,1,1.21893491,0.512320606,63.6113857,63.1646747,1,0.549160079,63.6113857,63.1646747,0.432683177
33240,3324,0.533971278,1,1.23076923,0.512911648,58.0746653,63.4076702,1,0.520971803,58.0746653,63.4076702,0.426311547
33250,3325,0.525626382,1,1.18934911,0.519629978,58.1328916,57.9010949,1,0.501745312,58.1328916,57.9010949,0.423606401
33260,3326,0.518817699,1,1.16568047,0.5187082,63.8685719,58.0202077,1,0.494818649,63.8685719,58.0202077,0.441301309
33270,3327,0.513815728,1,1.14201183,0.517262867,63.2752749,63.8995428,1,0.511278002,63.2752749,63.8995428,0.454553439
33280,3328,0.523545518,1,1.19526627,0.515594405,57.4421468,62.5042488,1,0.596515404,57.4421468,62.5042488,0.461360408
33290,3329,0.521211826,1,1.19526627,0.508786607,59.5060446,56.88467,1,0.655164836,59.5060446,56.88467,0.460507441
33300,3330,0.537838651,1,1.19526627,0.513368399,64.5223181,59.4977145,1,0.637456183,64.5223181,59.4977145,0.435081449
33310,3331,0.528935017,1,1.22485207,0.51389086,61.2390209,64.1968063,1,0.526146292,61.2390209,64.1968063,0.440961195
33320,3332,0.53224911,1,1.25443787,0.512373508,56.7818929,61.1515225,1,0.524902876,56.7818929,61.1515225,0.415240311
33330,3333,0.524338843,1,1.17751479,0.522031174,60.2811934,56.8250107,1,0.514317578,60.2811934,56.8250107,0.428039483
33340,3334,0.512936946,1,1.12426036,0.517950358,64.7461838,60.6331568,1,0.501142875,64.7461838,60.6331568,0.451415373
33350,3335,0.519007356,1,1.15976331,0.516182641,60.4019648,64.6426479,1,0.539711775,60.4019648,64.6426479,0.454746548
33360,3336,0.515695403,1,1.15384615,0.513414052,56.8711438,59.7852107,1,0.58378537,56.8711438,59.7852107,0.461931839
33370,3337,0.521699306,1,1.13017751,0.514903806,61.8070451,56.8440619,1,0.634697427,61.8070451,56.8440619,0.441979659
33380,3338,0.536922898,1,1.18934911,0.513563547,64.033684,62.0868663,1,0.633228397,64.033684,62.0868663,0.438157239
33390,3339,0.529774789,1,1.20118343,0.515780371,58.6814107,63.6113416,1,0.508579033,58.6814107,63.6113416,0.428088182
33400,3340,0.525814784,1,1.18934911,0.520759775,57.206707,58.2871653,1,0.519289745,57.206707,58.2871653,0.424972014
33410,3341,0.520754831,1,1.14792899,0.519432547,62.7301386,56.9394306,1,0.498522557,62.7301386,56.9394306,0.437344632
33420,3342,0.517143719,1,1.07692308,0.518159398,63.7332908,62.6712823,1,0.515489786,63.7332908,62.6712823,0.447613249
33430,3343,0.50794416,1,1.16568047,0.512263663,57.6709212,63.1131281,1,0.543489232,57.6709212,63.1131281,0.467573064
33440,3344,0.530094759,1,1.16568047,0.516277789,57.9922879,57.297147,1,0.644684619,57.9922879,57.297147,0.448065616
33450,3345,0.537944916,1,1.18343195,0.515325943,63.741353,58.4812603,1,0.636225983,63.741353,58.4812603,0.451518638
33460,3346,0.540602019,1,1.17159763,0.51077554,62.4333264,63.8882781,1,0.629437492,62.4333264,63.8882781,0.427921736
33470,3347,0.530052984,1,1.24260355,0.514888868,57.1829122,62.0055546,1,0.517263047,57.1829122,62.0055546,0.429059081
33480,3348,0.518249334,1,1.18934911,0.5174829,59.4174131,56.7977838,1,0.507910161,59.4174131,56.7977838,0.435916167
33490,3349,0.512156819,1,1.11242604,0.513214709,64.7275771,59.3103353,1,0.509725437,64.7275771,59.3103353,0.451891201
33500,3350,0.507030097,1,1.12426036,0.51235969,61.9289282,64.6055,1,0.484392889,61.9289282,64.6055,0.460712113
33510,3351,0.517583836,1,1.16568047,0.516881485,57.1446299,61.4084337,1,0.548260308,57.1446299,61.4084337,0.442630274
33520,3352,0.528114016,1,1.15976331,0.522950879,60.8697335,56.9733628,1,0.638125031,60.8697335,56.9733628,0.445531731
33530,3353,0.541675445,1,1.19526627,0.51915431,64.795214,61.1877145,1,0.630409938,64.795214,61.1877145,0.443027219
33540,3354,0.530055414,1,1.21301775,0.513457006,60.1061726,64.4704545,1,0.526627898,60.1061726,64.4704545,0.440303089
33550,3355,0.51997012,1,1.20118343,0.519668278,57.191597,59.4614692,1,0.499682313,57.191597,59.4614692,0.445786884
33560,3356,0.515017598,1,1.13017751,0.510347074,62.1860724,56.4473634,1,0.507136978,62.1860724,56.4473634,0.448730085
33570,3357,0.51400708,1,1.12426036,0.514092964,64.8599501,61.6475568,1,0.495148158,64.8599501,61.6475568,0.449797023
33580,3358,0.506365794,1,1.09467456,0.512428258,59.4418936,64.1287968,1,0.485922897,59.4418936,64.1287968,0.458398863
33590,3359,0.524781357,1,1.17159763,0.521513115,57.7580207,58.6672387,1,0.590724738,57.7580207,58.6672387,0.439634357
33600,3360,0.520729923,1,1.14201183,0.511233765,63.5858543,57.5864678,1,0.654770134,63.5858543,57.5864678,0.45593853
33610,3361,0.540700137,1,1.22485207,0.519903491,63.6684556,63.1414888,1,0.560119991,63.6684556,63.1414888,0.427356543
33620,3362,0.526593084,1,1.23668639,0.514120786,58.0069511,62.9302335,1,0.512152458,58.0069511,62.9302335,0.435803431
33630,3363,0.521773671,1,1.17751479,0.51922758,58.5906931,57.3045073,1,0.510711492,58.5906931,57.3045073,0.435071575
33640,3364,0.509553632,1,1.12426036,0.508770857,64.5082017,58.2207033,1,0.515340143,64.5082017,58.2207033,0.460616534
33650,3365,0.505326189,1,1.10059172,0.512026365,63.3149256,64.0674106,1,0.479232364,63.3149256,64.0674106,0.45901808
33660,3366,0.507543981,1,1.11242604,0.515007941,57.7519975,62.6859503,1,0.497024587,57.7519975,62.6859503,0.440914871
33670,3367,0.52306221,1,1.16568047,0.518757042,59.9950601,57.3686151,1,0.60975184,59.9950601,57.3686151,0.443929356
33680,3368,0.527930359,1,1.16568047,0.510182033,65.0308912,60.1821316,1,0.678593253,65.0308912,60.1821316,0.443729956
33690,3369,0.533500272,1,1.20118343,0.509773579,61.6054703,64.6543889,1,0.541257426,61.6054703,64.6543889,0.433334356
33700,3370,0.522121933,1,1.17159763,0.514951494,57.4925969,60.739384,1,0.515541437,57.4925969,60.739384,0.436791632
33710,3371,0.52266589,1,1.16568047,0.52012893,61.4547115,56.7247623,1,0.512330826,61.4547115,56.7247623,0.433886656
33720,3372,0.508816129,1,1.13017751,0.515158687,65.6231052,60.8339451,1,0.489936174,65.6231052,60.8339451,0.450252326
33730,3373,0.513057435,1,1.13017751,0.519199037,61.2157094,64.421469,1,0.506601853,61.2157094,64.421469,0.43714692
33740,3374,0.527281281,1,1.16568047,0.51877998,58.2068579,59.2932,1,0.627086652,58.2068579,59.2932,0.457367892
33750,3375,0.534483201,1,1.17751479,0.514862258,63.6269266,57.0637912,1,0.663978541,63.6269266,57.0637912,0.450820474
33760,3376,0.533890328,1,1.23668639,0.513257544,65.1783128,62.7054103,1,0.539551329,65.1783128,62.7054103,0.450079969
33770,3377,0.533143511,1,1.24260355,0.507633399,59.659944,63.9648505,1,0.547903695,59.659944,63.9648505,0.435404887
33780,3378,0.528282704,1,1.20118343,0.5187681,58.8768501,58.4990061,1,0.508515163,58.8768501,58.4990061,0.424742808
33790,3379,0.52008866,1,1.15384615,0.517576201,64.6064658,57.7494471,1,0.501924908,64.6064658,57.7494471,0.444495159
33800,3380,0.512923244,1,1.12426036,0.515901755,64.9802038,63.6628546,1,0.501456236,64.9802038,63.6628546,0.455785095
33810,3381,0.510437202,1,1.14792899,0.514679937,59.0210471,63.5564428,1,0.547189764,59.0210471,63.5564428,0.458469751
33820,3382,0.518390775,1,1.17159763,0.514673984,59.9636933,57.6523915,1,0.629397064,59.9636933,57.6523915,0.459909969
33830,3383,0.536284034,1,1.22485207,0.515352588,65.4373101,59.4463695,1,0.649379581,65.4373101,59.4463695,0.44308519
33840,3384,0.533993067,1,1.23668639,0.517412214,63.1085263,64.626055,1,0.521591646,63.1085263,64.626055,0.436855193
33850,3385,0.519941155,1,1.19526627,0.513014136,57.9809853,61.9875003,1,0.505087394,57.9809853,61.9875003,0.443584425
33860,3386,0.521108002,1,1.16568047,0.517200147,60.6682946,57.0166176,1,0.511025654,60.6682946,57.0166176,0.434675325
33870,3387,0.511599488,1,1.0887574,0.513918544,65.825497,60.0602619,1,0.491112291,65.825497,60.0602619,0.46064341
33880,3388,0.515955109,1,1.09467456,0.516924911,62.688692,64.91809,1,0.493662969,62.688692,64.91809,0.444812568
33890,3389,0.517100152,1,1.15384615,0.520533054,58.0189391,61.3933101,1,0.54738942,58.0189391,61.3933101,0.450053677
33900,3390,0.534304622,1,1.18934911,0.522076276,62.1451821,57.2489606,1,0.655324661,62.1451821,57.2489606,0.44986201
33910,3391,0.539251128,1,1.21893491,0.518436849,65.4978008,61.9359388,1,0.563041015,65.4978008,61.9359388,0.443278646
33920,3392,0.518959114,1,1.21301775,0.508927386,60.3525261,64.8388338,1,0.494701471,60.3525261,64.8388338,0.454436716
33930,3393,0.522085535,1,1.21301775,0.508745393,57.6733076,59.7888765,1,0.5191495,57.6733076,59.7888765,0.439743607
33940,3394,0.524355466,1,1.15976331,0.520277857,62.6746762,57.3430189,1,0.495428782,62.6746762,57.3430189,0.428261293
33950,3395,0.51343782,1,1.13609467,0.518725731,65.1960766,62.5039631,1,0.466022213,65.1960766,62.5039631,0.441841261
33960,3396,0.518285764,1,1.15384615,0.522984282,60.1104701,64.5613577,1,0.512019916,60.1104701,64.5613577,0.422000493
33970,3397,0.515623277,1,1.15384615,0.51685096,58.6649753,58.7413689,1,0.60481939,58.6649753,58.7413689,0.46129304
33980,3398,0.541821897,1,1.15976331,0.518937316,64.4516092,58.2823163,1,0.656531874,64.4516092,58.2823163,0.446524121
33990,3399,0.532736468,1,1.22485207,0.513483044,64.261242,64.2083896,1,0.551062308,64.261242,64.2083896,0.456086936
34000,3400,0.536671604,1,1.24260355,0.512526321,58.7582146,63.7724968,1,0.53500673,58.7582146,63.7724968,0.424635684
34010,3401,0.521573086,1,1.18343195,0.517275915,59.4243398,58.1569818,1,0.501129026,59.4243398,58.1569818,0.434991205
34020,3402,0.525330247,1,1.20118343,0.517809743,64.8765708,58.779908,1,0.511127367,64.8765708,58.779908,0.422130834
34030,3403,0.513622126,1,1.1183432,0.516149395,63.7012361,64.4622501,1,0.500973434,63.7012361,64.4622501,0.446355547
34040,3404,0.512706891,1,1.13017751,0.518530148,58.0779184,62.8342327,1,0.519220349,58.0779184,62.8342327,0.450326265
34050,3405,0.527020097,1,1.18343195,0.519646576,60.3537099,57.3508198,1,0.612707747,60.3537099,57.3508198,0.456686316
34060,3406,0.51924319,1,1.14792899,0.51106982,65.4891602,60.0877689,1,0.640089195,65.4891602,60.0877689,0.447635072
34070,3407,0.543279766,1,1.18343195,0.519382426,61.9552312,64.5612368,1,0.588446164,61.9552312,64.5612368,0.438532847
34080,3408,0.527787334,1,1.21893491,0.519231082,57.842426,60.6393501,1,0.505223581,57.842426,60.6393501,0.437152986
34090,3409,0.525490251,1,1.19526627,0.517918378,61.5148296,56.6249214,1,0.516045476,61.5148296,56.6249214,0.418522238
34100,3410,0.519897816,1,1.17751479,0.518438125,65.4615965,60.77846,1,0.502536834,65.4615965,60.77846,0.440742055
34110,3411,0.505088794,1,1.0887574,0.512380998,60.7390161,64.5866388,1,0.50541571,60.7390161,64.5866388,0.466670138
34120,3412,0.512850534,1,1.16568047,0.516041685,57.6632274,59.5966107,1,0.554430894,57.6632274,59.5966107,0.450908721
34130,3413,0.531728367,1,1.15976331,0.516867525,63.1991079,57.3396505,1,0.664139912,63.1991079,57.3396505,0.459867764
34140,3414,0.533246927,1,1.19526627,0.513908498,64.4859444,63.0468861,1,0.57330249,64.4859444,63.0468861,0.450039361
34150,3415,0.527907572,1,1.21301775,0.514138309,58.8770906,63.8212341,1,0.518896112,58.8770906,63.8212341,0.435542614
34160,3416,0.525506318,1,1.21893491,0.516001178,58.3464581,58.2428866,1,0.514076048,58.3464581,58.2428866,0.431040653
34170,3417,0.523965518,1,1.17751479,0.520652637,63.9438875,57.8435589,1,0.500408579,63.9438875,57.8435589,0.431665816
34180,3418,0.515503818,1,1.13017751,0.51888183,64.1227367,63.6595759,1,0.487331484,64.1227367,63.6595759,0.447597404
34190,3419,0.51665485,1,1.16568047,0.517636978,58.2299245,63.2040338,1,0.539749482,58.2299245,63.2040338,0.454645673
34200,3420,0.535866347,1,1.17159763,0.520483672,59.597292,57.4104252,1,0.642855861,59.597292,57.4104252,0.457906183
34210,3421,0.526323867,1,1.18934911,0.507133535,65.2815689,59.474064,1,0.65033212,65.2815689,59.474064,0.465175473
34220,3422,0.538751442,1,1.22485207,0.514413665,62.8713671,64.4017946,1,0.586611322,62.8713671,64.4017946,0.421967789
34230,3423,0.529341062,1,1.18343195,0.518741181,57.9744077,61.5685852,1,0.505219492,57.9744077,61.5685852,0.435192182
34240,3424,0.529892506,1,1.22485207,0.518570229,60.5699827,56.745022,1,0.519566091,60.5699827,56.745022,0.421351526
34250,3425,0.51497468,1,1.16568047,0.517765811,65.4240179,59.7997416,1,0.502643018,65.4240179,59.7997416,0.441172249
34260,3426,0.515288858,1,1.16568047,0.516676603,61.90155,64.3987081,1,0.520690174,61.90155,64.3987081,0.445611561
34270,3427,0.521637211,1,1.19526627,0.516004027,57.7519275,60.0179059,1,0.615769032,57.7519275,60.0179059,0.464164292
34280,3428,0.526122181,1,1.16568047,0.511823051,62.3585728,56.420396,1,0.650821675,62.3585728,56.420396,0.449610343
34290,3429,0.526304242,1,1.15384615,0.510975296,65.5025927,61.1678125,1,0.659163477,65.5025927,61.1678125,0.438008032
34300,3430,0.536996472,1,1.21301775,0.511879916,60.4041727,63.6903225,1,0.563660921,60.4041727,63.6903225,0.437562799
34310,3431,0.529250122,1,1.22485207,0.51999466,58.3215629,58.5656968,1,0.514583063,58.3215629,58.5656968,0.425510842
34320,3432,0.525595297,1,1.17159763,0.518453868,63.546118,56.5153822,1,0.509451766,63.546118,56.5153822,0.431728095
34330,3433,0.512398333,1,1.14792899,0.51639858,65.3380243,62.2086703,1,0.509584498,65.3380243,62.2086703,0.459124833
34340,3434,0.501261034,1,1.10059172,0.507808447,59.4884547,63.8064064,1,0.490846597,59.4884547,63.8064064,0.466449677
34350,3435,0.518567931,1,1.19526627,0.516337392,58.613776,58.0768734,1,0.567916047,58.613776,58.0768734,0.445839486
34360,3436,0.528858625,1,1.18343195,0.516307181,64.464553,57.9451756,1,0.661778294,64.464553,57.9451756,0.450173766
34370,3437,0.534496652,1,1.12426036,0.511795973,64.0728203,63.4643138,1,0.663379937,64.0728203,63.4643138,0.425617138
34380,3438,0.532643425,1,1.21301775,0.519397973,58.5665691,62.2679553,1,0.508283446,58.5665691,62.2679553,0.433440048
34390,3439,0.519298184,1,1.15976331,0.516017289,60.0434802,56.6638658,1,0.50556019,60.0434802,56.6638658,0.445802813
34400,3440,0.518178812,1,1.1183432,0.51637907,65.6313883,58.2961198,1,0.498427794,65.6313883,58.2961198,0.447801794
34410,3441,0.512663009,1,1.10650888,0.517638351,63.9286796,63.9038096,1,0.469955627,63.9286796,63.9038096,0.450807306
34420,3442,0.516847665,1,1.11242604,0.520812502,58.5568015,62.0568216,1,0.502684165,58.5568015,62.0568216,0.436963964
34430,3443,0.52192987,1,1.19526627,0.521391775,61.1857532,56.8629846,1,0.594209576,61.1857532,56.8629846,0.447790953
34440,3444,0.539398068,1,1.19526627,0.518811508,65.9548529,60.2307929,1,0.661120466,65.9548529,60.2307929,0.449104601
34450,3445,0.53569381,1,1.17159763,0.511004292,62.191052,64.601721,1,0.63271633,62.191052,64.601721,0.443701549
34460,3446,0.537492287,1,1.21893491,0.517161631,58.4158576,60.5323276,1,0.520740987,58.4158576,60.5323276,0.426989293
34470,3447,0.519625358,1,1.15976331,0.518220163,62.8822021,56.9102129,1,0.504521538,62.8822021,56.9102129,0.442344136
34480,3448,0.518135136,1,1.12426036,0.517265203,66.4842678,61.2235055,1,0.501930102,66.4842678,61.2235055,0.432273269
34490,3449,0.519349917,1,1.1183432,0.518247467,61.8361127,64.6275908,1,0.493555423,61.8361127,64.6275908,0.443180696
34500,3450,0.509246012,1,1.1183432,0.514735754,58.5956834,59.5888765,1,0.498836479,58.5956834,59.5888765,0.460826531
34510,3451,0.520965998,1,1.17751479,0.519561341,64.0126573,57.2739234,1,0.615692696,64.0126573,57.2739234,0.453145576
34520,3452,0.530367915,1,1.18343195,0.51154132,65.5661222,63.005758,1,0.649542257,65.5661222,63.005758,0.456816748
34530,3453,0.528069925,1,1.20710059,0.514905658,59.8549313,63.6384209,1,0.525909859,59.8549313,63.6384209,0.442009696
34540,3454,0.519611667,1,1.21301775,0.513001921,59.6227957,57.8199349,1,0.514532325,59.6227957,57.8199349,0.447931909
34550,3455,0.515901526,1,1.13017751,0.511288561,65.3594278,57.7228187,1,0.50220959,65.3594278,57.7228187,0.441342619
34560,3456,0.515568597,1,1.11242604,0.516006849,65.435966,63.2587179,1,0.464678164,65.435966,63.2587179,0.425879096
34570,3457,0.518727744,1,1.1183432,0.524219986,60.0039536,63.2334955,1,0.482802257,60.0039536,63.2334955,0.41785161
34580,3458,0.515003463,1,1.15976331,0.521203096,60.5335928,57.4638552,1,0.541472428,60.5335928,57.4638552,0.445684543
34590,3459,0.529535053,1,1.17751479,0.518369844,66.2181709,58.9669007,1,0.653835675,66.2181709,58.9669007,0.452302292
34600,3460,0.540102131,1,1.20118343,0.518335982,63.799797,64.2383135,1,0.637369325,63.799797,64.2383135,0.446129477
34610,3461,0.534852563,1,1.23668639,0.515255762,58.8564597,61.4334299,1,0.537331844,58.8564597,61.4334299,0.437204382
34620,3462,0.526009264,1,1.17751479,0.511695653,61.8085663,56.7037783,1,0.521271255,61.8085663,56.7037783,0.428873148
34630,3463,0.519764055,1,1.17751479,0.519402048,66.3853301,60.1075462,1,0.516346235,66.3853301,60.1075462,0.438747567
34640,3464,0.506196048,1,1.11242604,0.512483895,62.6128791,64.7085092,1,0.509938404,62.6128791,64.7085092,0.457677741
34650,3465,0.51323785,1,1.14792899,0.513079647,58.4943479,60.3766102,1,0.53799553,58.4943479,60.3766102,0.459789302
34660,3466,0.526330756,1,1.20118343,0.51617069,63.4803168,56.9590596,1,0.642450813,63.4803168,56.9590596,0.464984171
34670,3467,0.524985168,1,1.13609467,0.510922989,66.2712371,61.9605776,1,0.662770275,66.2712371,61.9605776,0.440578007
34680,3468,0.53583199,1,1.18343195,0.511170298,61.0409151,64.0318321,1,0.622849358,61.0409151,64.0318321,0.432731538
34690,3469,0.529335174,1,1.21893491,0.515412503,59.4536303,58.6827701,1,0.510743592,59.4536303,58.6827701,0.429200007
34700,3470,0.521134299,1,1.17159763,0.516653182,64.9516275,57.2678179,1,0.513448458,64.9516275,57.2678179,0.436704058
34710,3471,0.515703172,1,1.13017751,0.517736457,66.10967,62.9877818,1,0.495953743,66.10967,62.9877818,0.448924083
34720,3472,0.515264569,1,1.13017751,0.515311095,60.2397009,63.7894974,1,0.529139916,60.2397009,63.7894974,0.455728068
34730,3473,0.51194693,1,1.17159763,0.512415005,59.9645458,57.7205856,1,0.578489919,59.9645458,57.7205856,0.467318931
34740,3474,0.522541702,1,1.19526627,0.515082489,65.6100922,57.7852745,1,0.608253644,65.6100922,57.7852745,0.434301307
34750,3475,0.541364326,1,1.15976331,0.518878084,64.5601812,63.4756157,1,0.653263848,64.5601812,63.4756157,0.445106837
34760,3476,0.540624024,1,1.20710059,0.511580778,59.1620386,62.2100997,1,0.598317823,59.1620386,62.2100997,0.426499957
34770,3477,0.52393781,1,1.22485207,0.518034044,61.1259025,56.8984958,1,0.507800152,61.1259025,56.8984958,0.43561762
34780,3478,0.517366663,1,1.19526627,0.513978686,66.4375494,58.9370853,1,0.511975885,66.4375494,58.9370853,0.437647289
34790,3479,0.514567877,1,1.14201183,0.515091795,63.8430299,64.2200405,1,0.504676785,63.8430299,64.2200405,0.452744072
34800,3480,0.507471839,1,1.14201183,0.5114946,58.6678578,61.1664396,1,0.518994243,58.6678578,61.1664396,0.46222311
34810,3481,0.522561919,1,1.20710059,0.517690537,62.1940201,56.5263735,1,0.59773995,62.1940201,56.5263735,0.448297463
34820,3482,0.520463633,1,1.14201183,0.508450339,66.4258607,60.603421,1,0.648220782,66.4258607,60.603421,0.45202236
34830,3483,0.541184737,1,1.18934911,0.516180942,61.8769813,63.981161,1,0.585134634,61.8769813,63.981161,0.435831731
34840,3484,0.527672968,1,1.20118343,0.518886086,58.8725803,59.1991724,1,0.517454324,58.8725803,59.1991724,0.434420245
34850,3485,0.523908094,1,1.18343195,0.51826364,63.6725765,56.3037823,1,0.494911484,63.6725765,56.3037823,0.431203407
34860,3486,0.52229577,1,1.15384615,0.52108614,66.3660717,61.2717216,1,0.511090947,66.3660717,61.2717216,0.434702766
34870,3487,0.510126957,1,1.13609467,0.51265039,60.930776,63.8510919,1,0.502770452,60.930776,63.8510919,0.462790552
34880,3488,0.506099342,1,1.15384615,0.510284964,58.8606162,58.1820221,1,0.534492223,58.8606162,58.1820221,0.464247907
34890,3489,0.528710392,1,1.15384615,0.519078194,64.5378598,57.0752778,1,0.642267541,64.5378598,57.0752778,0.444931866
34900,3490,0.524363905,1,1.14201183,0.509628789,65.2246716,62.7439217,1,0.665220985,65.2246716,62.7439217,0.439238413
34910,3491,0.53927024,1,1.21301775,0.519331928,59.6856985,62.6120532,1,0.535173285,59.6856985,62.6120532,0.426195587
34920,3492,0.526790753,1,1.24260355,0.51676667,60.0408491,57.0624443,1,0.514492594,60.0408491,57.0624443,0.427766256
34930,3493,0.519255804,1,1.20710059,0.517870923,65.7090499,57.7966905,1,0.510816041,65.7090499,57.7966905,0.4396584
34940,3494,0.507618459,1,1.1183432,0.50765945,64.5760067,63.7163454,1,0.504241489,64.5760067,63.7163454,0.463624146
34950,3495,0.508614407,1,1.10059172,0.512628167,58.8373691,62.4683926,1,0.470241695,58.8373691,62.4683926,0.451751021
34960,3496,0.502851362,1,1.13017751,0.515596264,60.2448345,56.9499052,1,0.484126386,60.2448345,56.9499052,0.438087977
34970,3497,0.52150365,1,1.13609467,0.520987285,65.4160164,59.0749067,1,0.606792013,65.4160164,59.0749067,0.430059537
34980,3498,0.53722308,1,1.18934911,0.51405269,62.4850338,64.0274679,1,0.651687697,62.4850338,64.0274679,0.442682259
34990,3499,0.535831851,1,1.21301775,0.510103197,58.0041658,60.7295895,1,0.54852239,58.0041658,60.7295895,0.427972924
35000,3500,0.525747631,1,1.18343195,0.521142583,61.8644566,56.5960947,1,0.516349759,61.8644566,56.5960947,0.435058481
35010,3501,0.521769396,1,1.16568047,0.517522782,66.1115862,60.3991095,1,0.512920463,66.1115862,60.3991095,0.438535963
35020,3502,0.515970794,1,1.14201183,0.52009011,62.0421787,64.5169398,1,0.487802158,62.0421787,64.5169398,0.445334814
35030,3503,0.51311245,1,1.09467456,0.514680122,58.0476788,60.376787,1,0.484433277,58.0476788,60.376787,0.442537691
35040,3504,0.519763598,1,1.16568047,0.522478666,62.6051389,56.8520596,1,0.546498718,62.6051389,56.8520596,0.443187391
35050,3505,0.535581901,1,1.17159763,0.520307538,65.5595359,61.9351732,1,0.657883077,65.5595359,61.9351732,0.452256045
35060,3506,0.538911316,1,1.19526627,0.514833357,60.2737777,64.2435772,1,0.636250727,60.2737777,64.2435772,0.443679937
35070,3507,0.537259061,1,1.23076923,0.516129371,58.5961382,58.7271843,1,0.539553476,58.5961382,58.7271843,0.443527175
35080,3508,0.523692789,1,1.18343195,0.512738432,64.1703324,57.338592,1,0.510235233,64.1703324,57.338592,0.441888296
35090,3509,0.523487622,1,1.15976331,0.519191688,65.3741284,62.7843554,1,0.508204761,65.3741284,62.7843554,0.429017485
35100,3510,0.517824334,1,1.15976331,0.516478485,59.6875495,63.7938985,1,0.497213361,59.6875495,63.7938985,0.444268938
35110,3511,0.512712314,1,1.14792899,0.516255453,59.0130612,57.9159511,1,0.491924661,59.0130612,57.9159511,0.455116865
35120,3512,0.517387304,1,1.16568047,0.517154029,64.8960385,57.7188828,1,0.560478702,64.8960385,57.7188828,0.452790548
35130,3513,0.52884114,1,1.16568047,0.517593054,64.2174443,63.6064284,1,0.650662629,64.2174443,63.6064284,0.455886442
35140,3514,0.532611964,1,1.17159763,0.511738235,58.6519546,62.4390362,1,0.664553614,58.6519546,62.4390362,0.437431176
35150,3515,0.536519149,1,1.25443787,0.521173055,60.7403777,57.2061761,1,0.532518841,60.7403777,57.2061761,0.43340086
35160,3516,0.531739149,1,1.24260355,0.517332206,65.9228739,59.2002909,1,0.514878896,65.9228739,59.2002909,0.427146581
35170,3517,0.522718073,1,1.21301775,0.521236191,63.6025987,64.3378829,1,0.510424913,63.6025987,64.3378829,0.433634212
35180,3518,0.515209875,1,1.14201183,0.516885883,58.4702016,61.8572358,1,0.489753134,58.4702016,61.8572358,0.438496022
35190,3519,0.519072598,1,1.11242604,0.51727099,61.6077174,56.960784,1,0.5312821,61.6077174,56.960784,0.447340905
35200,3520,0.510431267,1,1.17751479,0.515189852,66.3601399,60.5662685,1,0.555195462,66.3601399,60.5662685,0.458870739
35210,3521,0.536964289,1,1.17751479,0.517948363,62.0099829,64.6062836,1,0.665266122,62.0099829,64.6062836,0.456676887
35220,3522,0.532177792,1,1.18343195,0.511327297,58.7223372,59.8106174,1,0.600196628,58.7223372,59.8106174,0.44726009
35230,3523,0.533307082,1,1.24852071,0.518621394,63.6218478,57.0958811,1,0.507379381,63.6218478,57.0958811,0.430872219
35240,3524,0.524623244,1,1.22485207,0.515598382,66.3444767,62.0353415,1,0.522790745,66.3444767,62.0353415,0.43385555
35250,3525,0.520285831,1,1.14201183,0.520981404,61.1825125,64.3950646,1,0.495258482,61.1825125,64.3950646,0.436596355
35260,3526,0.510887794,1,1.12426036,0.516157075,58.8631621,58.9860189,1,0.483632192,58.8631621,58.9860189,0.45271804
35270,3527,0.51097264,1,1.15976331,0.516276635,64.3303533,57.0928857,1,0.511234592,64.3303533,57.0928857,0.445052576
35280,3528,0.525694364,1,1.16568047,0.519938012,65.4355492,62.8838004,1,0.621120124,65.4355492,62.8838004,0.453494984
35290,3529,0.530446685,1,1.14792899,0.509281887,59.5180952,63.026937,1,0.651524372,59.5180952,63.026937,0.45532192
35300,3530,0.52646724,1,1.20710059,0.51076965,60.3711611,57.3499247,1,0.531720686,60.3711611,57.3499247,0.441596016
35310,3531,0.516405116,1,1.19526627,0.514261658,66.0127694,58.6104635,1,0.512904995,66.0127694,58.6104635,0.444670629
35320,3532,0.514095494,1,1.15976331,0.511360309,64.630496,64.3270185,1,0.506387247,64.630496,64.3270185,0.452407636
35330,3533,0.511766026,1,1.1183432,0.512426762,59.0475511,62.8471614,1,0.472970905,59.0475511,62.8471614,0.44428821
35340,3534,0.518683835,1,1.13017751,0.521550457,60.7195496,57.5625731,1,0.496282077,60.7195496,57.5625731,0.426367984
35350,3535,0.512521974,1,1.16568047,0.520553261,66.1042697,59.649671,1,0.537559254,66.1042697,59.649671,0.444234526
35360,3536,0.535081064,1,1.17751479,0.520560975,63.1341991,64.6767303,1,0.658120505,63.1341991,64.6767303,0.449145437
35370,3537,0.533748127,1,1.18343195,0.511955534,58.6086796,60.958313,1,0.621084916,58.6086796,60.958313,0.450554906
35380,3538,0.534893703,1,1.24260355,0.516872083,62.6400848,57.0670326,1,0.52499514,62.6400848,57.0670326,0.431004685
35390,3539,0.524787617,1,1.17159763,0.521672273,66.4764688,61.2834148,1,0.511236443,66.4764688,61.2834148,0.438500141
35400,3540,0.524810238,1,1.19526627,0.521051514,62.2579719,64.9562356,1,0.504764861,62.2579719,64.9562356,0.430256072
35410,3541,0.504928673,1,1.0887574,0.512462391,58.5825522,60.1766271,1,0.485733413,58.5825522,60.1766271,0.463798104
35420,3542,0.511966488,1,1.14792899,0.513195057,63.497697,57.1035473,1,0.52932438,63.497697,57.1035473,0.44590489
35430,3543,0.511917152,1,1.16568047,0.513787008,66.2040516,62.3382722,1,0.570735323,66.2040516,62.3382722,0.453302804
35440,3544,0.54069782,1,1.17751479,0.520413671,60.6940329,64.1256571,1,0.661872268,60.6940329,64.1256571,0.445590165
35450,3545,0.537380215,1,1.17751479,0.509818857,59.4165685,58.6018333,1,0.626464583,59.4165685,58.6018333,0.4361243
35460,3546,0.529680115,1,1.19526627,0.518390812,64.9685753,57.9806818,1,0.508820804,64.9685753,57.9806818,0.429741966
35470,3547,0.518762721,1,1.20710059,0.512351733,65.4903802,63.6598517,1,0.521576503,65.4903802,63.6598517,0.438699328
35480,3548,0.517055988,1,1.15384615,0.517463785,59.7081843,63.7401905,1,0.501795403,59.7081843,63.7401905,0.444827231
35490,3549,0.50901704,1,1.07692308,0.510886452,59.8649011,57.6925349,1,0.494118952,59.8649011,57.6925349,0.465360449
35500,3550,0.509970047,1,1.15976331,0.515353342,65.7137724,58.136754,1,0.512159406,65.7137724,58.136754,0.451208931
35510,3551,0.515187315,1,1.15976331,0.520316045,64.7739359,63.7147228,1,0.554772481,64.7739359,63.7147228,0.435122428
35520,3552,0.541804767,1,1.20118343,0.521260678,59.3082933,61.7707293,1,0.652057725,59.3082933,61.7707293,0.446235795
35530,3553,0.536190326,1,1.23668639,0.512722623,61.7104118,56.6672167,1,0.563447254,61.7104118,56.6672167,0.433889897
35540,3554,0.522026179,1,1.20710059,0.515107761,66.5296373,59.6884955,1,0.518108906,66.5296373,59.6884955,0.437536543
35550,3555,0.520685839,1,1.17159763,0.515643565,63.2844357,64.4190758,1,0.510610292,63.2844357,64.4190758,0.441284589
35560,3556,0.51913973,1,1.15384615,0.519884768,58.7147284,61.1411556,1,0.497610466,58.7147284,61.1411556,0.432599037
35570,3557,0.511175228,1,1.15384615,0.516977307,62.43282,56.5777465,1,0.505315475,62.43282,56.5777465,0.452794789
35580,3558,0.519626656,1,1.18343195,0.517432278,66.4607702,60.9191315,1,0.595422951,66.4607702,60.9191315,0.455550953
35590,3559,0.531928898,1,1.17751479,0.513418013,61.4183166,64.1808291,1,0.662052685,61.4183166,64.1808291,0.461955
35600,3560,0.534508663,1,1.19526627,0.511266935,58.9406821,58.942392,1,0.605110127,58.9406821,58.942392,0.445755097
35610,3561,0.53366318,1,1.20710059,0.510010636,64.0952601,56.8482925,1,0.543320288,64.0952601,56.8482925,0.427978092
35620,3562,0.533500796,1,1.23076923,0.516001583,65.9588503,61.925153,1,0.515652393,65.9588503,61.925153,0.416007233
35630,3563,0.521924274,1,1.18934911,0.520214023,60.5356861,63.6907925,1,0.508948348,60.5356861,63.6907925,0.43871918
35640,3564,0.519037903,1,1.15384615,0.517565585,59.0009699,58.1602313,1,0.505784498,59.0009699,58.1602313,0.44150403
35650,3565,0.513860998,1,1.13609467,0.514934028,64.9239918,57.1643305,1,0.537987051,64.9239918,57.1643305,0.462012617
35660,3566,0.517012806,1,1.17751479,0.515216303,65.4967927,63.0403514,1,0.573396705,65.4967927,63.0403514,0.45414412
35670,3567,0.52246664,1,1.13609467,0.514813238,59.6875745,62.925705,1,0.638313831,59.6875745,62.925705,0.446949955
35680,3568,0.538576272,1,1.21893491,0.514512847,60.6773605,57.261328,1,0.583967633,60.6773605,57.261328,0.442323363
35690,3569,0.516273108,1,1.19526627,0.511531791,66.2433936,59.0623872,1,0.502084073,66.2433936,59.0623872,0.450013404
35700,3570,0.513384898,1,1.17751479,0.509104167,64.1412063,64.4680762,1,0.511240189,64.1412063,64.4680762,0.446158256
35710,3571,0.514546287,1,1.14201183,0.513564245,58.7745419,62.1727707,1,0.493408693,58.7745419,62.1727707,0.448993054
35720,3572,0.510765427,1,1.12426036,0.51460712,61.3115268,56.9547498,1,0.484431372,61.3115268,56.9547498,0.446313201
35730,3573,0.510982465,1,1.15976331,0.520944176,66.2836306,59.7342243,1,0.515898621,66.2836306,59.7342243,0.438173286
35740,3574,0.526048867,1,1.16568047,0.517989114,62.744063,64.3596853,1,0.635665117,62.744063,64.3596853,0.4480294
35750,3575,0.536927462,1,1.14792899,0.511262347,58.842454,59.9906523,1,0.613355352,58.842454,59.9906523,0.450581491
35760,3576,0.52966672,1,1.19526627,0.518166068,63.4846494,56.7499585,1,0.516556601,63.4846494,56.7499585,0.435496551
35770,3577,0.522948849,1,1.19526627,0.517900587,66.5121748,61.5588444,1,0.492697188,66.5121748,61.5588444,0.437118682
35780,3578,0.523216054,1,1.18343195,0.519085913,61.6481482,64.4255629,1,0.515149,61.6481482,64.4255629,0.434304379
35790,3579,0.510123122,1,1.13609467,0.512111797,58.7423523,59.217751,1,0.482459091,58.7423523,59.217751,0.458741226
35800,3580,0.507978602,1,1.08284024,0.518889806,63.8221166,56.7140371,1,0.478293134,63.8221166,56.7140371,0.435635889
35810,3581,0.511277349,1,1.18934911,0.52077981,65.9375,62.0006566,1,0.544444887,65.9375,62.0006566,0.438010516
35820,3582,0.538130323,1,1.18934911,0.519334247,60.0789346,62.882492,1,0.638295153,60.0789346,62.882492,0.455735457
35830,3583,0.52977937,1,1.23076923,0.509918889,60.0164691,57.1483743,1,0.545639595,60.0164691,57.1483743,0.441112153
35840,3584,0.524690096,1,1.20710059,0.515803309,65.7277125,57.5023104,1,0.507208693,65.7277125,57.5023104,0.440169225
35850,3585,0.5262485,1,1.20118343,0.514198816,65.4725353,63.0479256,1,0.514709003,65.4725353,63.0479256,0.427037151
35860,3586,0.52516471,1,1.17159763,0.525208574,59.9171106,62.5371378,1,0.495836291,59.9171106,62.5371378,0.429142865
35870,3587,0.517520621,1,1.1183432,0.52098321,60.5176617,56.78405,1,0.497762904,60.5176617,56.78405,0.444949842
35880,3588,0.518214528,1,1.14792899,0.518593877,66.3483331,58.2296423,1,0.559028209,66.3483331,58.2296423,0.462092398
35890,3589,0.517711383,1,1.20710059,0.507913548,64.1779258,63.937701,1,0.642524785,64.1779258,63.937701,0.469751301
35900,3590,0.527243668,1,1.14792899,0.508315953,59.0303339,61.2623649,1,0.661384684,59.0303339,61.2623649,0.446254134
35910,3591,0.537836831,1,1.20710059,0.510640146,61.9584452,56.5688386,1,0.636509971,61.9584452,56.5688386,0.425538472
35920,3592,0.53329796,1,1.21893491,0.5157342,66.2850872,59.9219648,1,0.52369272,66.2850872,59.9219648,0.421067158
35930,3593,0.523988729,1,1.18343195,0.518795617,62.7764909,64.1659671,1,0.52098066,62.7764909,64.1659671,0.423578751
35940,3594,0.51090832,1,1.15384615,0.517837901,58.4470959,60.2023862,1,0.504763853,58.4470959,60.2023862,0.451517073
35950,3595,0.511056016,1,1.0887574,0.51227225,62.6631313,56.1226097,1,0.506641483,62.6631313,56.1226097,0.451293543
35960,3596,0.514753467,1,1.19526627,0.515347894,66.3230362,60.8555089,1,0.552917057,66.3230362,60.8555089,0.460224015
35970,3597,0.532933035,1,1.20710059,0.517113167,61.0701381,63.6250426,1,0.661092444,61.0701381,63.6250426,0.456791323
35980,3598,0.530097571,1,1.14792899,0.509222313,58.7899778,58.4443772,1,0.674198239,58.7899778,58.4443772,0.435403812
35990,3599,0.540007962,1,1.22485207,0.514341116,64.167302,56.8153771,1,0.571632286,64.167302,56.8153771,0.432204042
36000,3600,0.527296296,1,1.18343195,0.515860858,65.4097782,62.274025,1,0.513283942,65.4097782,62.274025,0.430635859
36010,3601,0.518082721,1,1.13017751,0.516972993,59.6378782,63.2649932,1,0.505328898,59.6378782,63.2649932,0.450488543
36020,3602,0.507912404,1,1.12426036,0.510237848,58.8469619,57.2938504,1,0.503105043,58.8469619,57.2938504,0.463330461
36030,3603,0.503419032,1,1.10650888,0.511221729,64.7490879,56.8048105,1,0.502175392,64.7490879,56.8048105,0.455565522
36040,3604,0.50736912,1,1.17159763,0.515511471,64.8302291,62.5182103,1,0.530501147,64.8302291,62.5182103,0.439536615
36050,3605,0.54265244,1,1.20118343,0.523684037,59.1273669,61.5617148,1,0.656092687,59.1273669,61.5617148,0.444809113
36060,3606,0.53784835,1,1.20118343,0.515640488,60.7685073,56.1109071,1,0.572326101,60.7685073,56.1109071,0.437885224
36070,3607,0.532117478,1,1.24260355,0.514869879,66.0596431,58.0820256,1,0.521236681,66.0596431,58.0820256,0.434335691
36080,3608,0.512308135,1,1.21301775,0.511854333,63.4807604,63.4265369,1,0.512138925,63.4807604,63.4265369,0.456475028
36090,3609,0.511610105,1,1.13609467,0.510007499,58.3467703,60.6502843,1,0.501965939,58.3467703,60.6502843,0.448966156
36100,3610,0.514102467,1,1.1183432,0.515329196,61.465993,55.6712799,1,0.492514247,61.465993,55.6712799,0.451951948
36110,3611,0.512969676,1,1.18343195,0.516631589,66.1566453,59.2053597,1,0.541296157,66.1566453,59.2053597,0.451767985
36120,3612,0.526375912,1,1.17159763,0.521072524,62.171238,63.3216521,1,0.632111483,62.171238,63.3216521,0.440731869
36130,3613,0.536789448,1,1.17751479,0.512223872,58.6366782,58.6627187,1,0.625568026,58.6366782,58.6627187,0.449843983
36140,3614,0.531038541,1,1.20118343,0.512389201,63.6086089,55.8978028,1,0.518921316,63.6086089,55.8978028,0.437616287
36150,3615,0.52397238,1,1.18934911,0.518486877,66.1403956,60.9758378,1,0.518794262,66.1403956,60.9758378,0.436475827
36160,3616,0.519700643,1,1.15384615,0.517899729,60.963023,63.3591507,1,0.50592107,60.963023,63.3591507,0.438430277
36170,3617,0.521105825,1,1.1183432,0.520473446,58.7848729,58.0526879,1,0.498466939,58.7848729,58.0526879,0.44123875
36180,3618,0.508292418,1,1.1183432,0.513748858,64.4314103,55.9734165,1,0.490239385,64.4314103,55.9734165,0.462861912
36190,3619,0.504943188,1,1.11242604,0.517577768,65.9598124,61.4380994,1,0.504883986,65.9598124,61.4380994,0.436492011
36200,3620,0.516462684,1,1.13017751,0.516899797,60.3410079,62.3473295,1,0.613052761,60.3410079,62.3473295,0.437838045
36210,3621,0.536653501,1,1.24852071,0.518596487,60.6072993,56.6466744,1,0.537152085,60.6072993,56.6466744,0.438990099
36220,3622,0.527485137,1,1.23076923,0.51297758,66.2332833,57.3665626,1,0.520181935,66.2332833,57.3665626,0.43629651
36230,3623,0.517503942,1,1.17751479,0.515382685,65.1862027,63.0877556,1,0.506084548,65.1862027,63.0877556,0.447401618
36240,3624,0.519676867,1,1.17159763,0.514843891,59.5766348,61.9572082,1,0.502622438,59.5766348,61.9572082,0.440181439
36250,3625,0.515725388,1,1.10650888,0.520600471,60.9708517,56.3297123,1,0.48477065,60.9708517,56.3297123,0.445971786
36260,3626,0.517131108,1,1.14792899,0.520860514,66.5927999,58.0082937,1,0.521944707,66.5927999,58.0082937,0.451322431
36270,3627,0.524716081,1,1.17751479,0.51948641,64.2089908,63.4054428,1,0.604119304,64.2089908,63.4054428,0.453857658
36280,3628,0.534778343,1,1.20118343,0.512853108,59.1913037,60.1217346,1,0.651827231,59.1913037,60.1217346,0.461281489
36290,3629,0.529487486,1,1.23076923,0.508869207,62.9369227,55.6908785,1,0.559447656,62.9369227,55.6908785,0.446300681
36300,3630,0.529563496,1,1.23668639,0.511945372,66.9164416,59.5448089,1,0.516759544,66.9164416,59.5448089,0.426138225
36310,3631,0.520222212,1,1.15384615,0.516541452,62.6271959,63.4179686,1,0.510804737,62.6271959,63.4179686,0.444552795
36320,3632,0.51954304,1,1.17751479,0.517250218,58.9189395,59.1130167,1,0.504479841,58.9189395,59.1130167,0.437067801
36330,3633,0.510990177,1,1.13609467,0.517767726,63.4962328,55.4472237,1,0.478126151,63.4962328,55.4472237,0.451097623
36340,3634,0.516522449,1,1.15384615,0.516926632,66.7697899,60.1667711,1,0.525212912,66.7697899,60.1667711,0.441824503
36350,3635,0.527336499,1,1.17159763,0.521679378,61.505304,62.7525957,1,0.624658458,61.505304,62.7525957,0.451174017
36360,3636,0.538026675,1,1.15976331,0.515362896,59.6787339,57.1905917,1,0.628656783,59.6787339,57.1905917,0.450326947
36370,3637,0.534439704,1,1.22485207,0.51685019,65.2688946,56.0245323,1,0.531590366,65.2688946,56.0245323,0.439267759
36380,3638,0.527046685,1,1.21893491,0.516109418,66.158713,61.7429526,1,0.49879508,66.158713,61.7429526,0.44517205
36390,3639,0.518481986,1,1.16568047,0.511051392,60.4552757,62.5253797,1,0.513412536,60.4552757,62.5253797,0.442835067
36400,3640,0.519769417,1,1.14792899,0.518732073,59.9496677,56.8710998,1,0.491098465,59.9496677,56.8710998,0.436680055
36410,3641,0.518142198,1,1.11242604,0.51852927,65.7410121,56.6732254,1,0.516537595,65.7410121,56.6732254,0.445747991
36420,3642,0.515116955,1,1.18934911,0.516787943,65.4836244,62.5632536,1,0.539179857,65.4836244,62.5632536,0.453511488
36430,3643,0.527149131,1,1.17751479,0.518082456,59.7158627,61.5830978,1,0.632433722,59.7158627,61.5830978,0.45003472
36440,3644,0.537881246,1,1.15976331,0.517331011,61.5952762,56.0179366,1,0.639988924,61.5952762,56.0179366,0.45184182
36450,3645,0.538033725,1,1.20710059,0.511383704,66.7207434,58.2235959,1,0.592370125,66.7207434,58.2235959,0.42922351
36460,3646,0.528722089,1,1.18934911,0.520308878,63.9194161,63.0527369,1,0.510885029,63.9194161,63.0527369,0.429448782
36470,3647,0.52275109,1,1.18934911,0.516002214,59.0031223,60.2652555,1,0.508418975,59.0031223,60.2652555,0.434734482
36480,3648,0.515896181,1,1.16568047,0.518672768,62.1400844,55.3682304,1,0.494563834,62.1400844,55.3682304,0.447355058
36490,3649,0.515739498,1,1.11242604,0.517148279,66.8343692,58.7144541,1,0.506400227,66.8343692,58.7144541,0.443450177
36500,3650,0.513763941,1,1.19526627,0.515699238,63.0466622,63.2576683,1,0.529626196,63.0466622,63.2576683,0.455001911
36510,3651,0.51954693,1,1.14201183,0.516959476,59.010814,59.0251388,1,0.6115501,59.010814,59.0251388,0.44986768
36520,3652,0.536635789,1,1.18343195,0.51846841,63.5581807,55.6539429,1,0.667574662,63.5581807,55.6539429,0.435438334
36530,3653,0.529770683,1,1.22485207,0.513527495,66.2405462,60.734063,1,0.528021936,66.2405462,60.734063,0.441907548
36540,3654,0.520281177,1,1.20118343,0.51372515,60.9054343,62.9809882,1,0.510213426,60.9054343,62.9809882,0.445304839
36550,3655,0.520163429,1,1.15976331,0.516097702,58.8206801,57.6470976,1,0.519853016,58.8206801,57.6470976,0.440525434
36560,3656,0.515860794,1,1.10650888,0.517409616,64.3031632,55.8342745,1,0.500659879,64.3031632,55.8342745,0.444186295
36570,3657,0.513496421,1,1.1183432,0.516828318,65.9179253,61.506582,1,0.506218671,65.9179253,61.506582,0.453667038
36580,3658,0.511817624,1,1.17159763,0.515547231,60.2100043,62.7220178,1,0.535585131,60.2100043,62.7220178,0.44891484
36590,3659,0.529010807,1,1.13609467,0.521523118,59.8382453,56.9397449,1,0.638567798,59.8382453,56.9397449,0.445708564
36600,3660,0.537082175,1,1.15976331,0.511901784,65.6308942,57.3382705,1,0.62046487,65.6308942,57.3382705,0.446641668
36610,3661,0.518693019,1,1.18343195,0.511247191,64.2296313,63.0218366,1,0.51318412,64.2296313,63.0218366,0.450288936
36620,3662,0.51135666,1,1.18343195,0.508749706,58.6079389,61.2840811,1,0.512677665,58.6079389,61.2840811,0.452626913
36630,3663,0.517925536,1,1.15976331,0.516278263,60.3250736,55.8339357,1,0.489427729,60.3250736,55.8339357,0.439557585
36640,3664,0.516878758,1,1.11242604,0.517574,65.5714001,57.4081378,1,0.479054356,65.5714001,57.4081378,0.421339463
36650,3665,0.515416798,1,1.13609467,0.524087,63.623974,62.716284,1,0.495358818,63.623974,62.716284,0.434931023
36660,3666,0.529436913,1,1.15976331,0.524079602,58.4635362,59.9993759,1,0.619381289,58.4635362,59.9993759,0.448611977
36670,3667,0.537518422,1,1.22485207,0.513924929,62.2065914,55.2705188,1,0.634929142,62.2065914,55.2705188,0.463920467
36680,3668,0.522972502,1,1.18934911,0.504352121,66.3602713,59.5658487,1,0.536909174,66.3602713,59.5658487,0.45963013
36690,3669,0.529347181,1,1.23076923,0.511201703,62.1039449,63.2863032,1,0.527856167,62.1039449,63.2863032,0.434857633
36700,3670,0.528883462,1,1.18343195,0.517182655,58.4771559,59.1977637,1,0.512735404,58.4771559,59.1977637,0.420409452
36710,3671,0.525261428,1,1.17159763,0.522178879,62.5954301,55.6575045,1,0.500562487,62.5954301,55.6575045,0.417754049
36720,3672,0.516088373,1,1.15384615,0.518421564,66.03659,60.2324953,1,0.507501943,66.03659,60.2324953,0.440361086
36730,3673,0.509696443,1,1.15384615,0.513443507,60.6871558,63.1330349,1,0.568731135,60.6871558,63.1330349,0.468091782
36740,3674,0.523134815,1,1.15384615,0.510080189,58.4693237,57.6969251,1,0.636714866,58.4693237,57.6969251,0.451624741
36750,3675,0.524937484,1,1.13609467,0.511402898,63.9341414,55.8928285,1,0.657787842,63.9341414,55.8928285,0.442685438
36760,3676,0.543935473,1,1.17751479,0.517619938,65.0751438,61.3624882,1,0.615378523,65.0751438,61.3624882,0.429800171
36770,3677,0.532078859,1,1.23668639,0.521087215,59.4913675,62.0223317,1,0.510487194,59.4913675,62.0223317,0.432509889
36780,3678,0.524042025,1,1.15384615,0.518107662,59.0130325,56.3005907,1,0.509045376,59.0130325,56.3005907,0.44166927
36790,3679,0.514659343,1,1.15384615,0.51521898,65.0033652,56.1582038,1,0.509738437,65.0033652,56.1582038,0.460924972
36800,3680,0.509326724,1,1.12426036,0.509405877,64.8365476,62.2769471,1,0.505302165,64.8365476,62.2769471,0.470847451
36810,3681,0.505384555,1,1.1183432,0.509934271,58.8210797,61.8078062,1,0.498201542,58.8210797,61.8078062,0.46413339
36820,3682,0.498740139,1,1.17159763,0.515321032,59.3691,56.2082131,1,0.497909682,59.3691,56.2082131,0.432795846
36830,3683,0.52212348,1,1.15976331,0.520077264,64.6957173,57.4691287,1,0.622048686,64.6957173,57.4691287,0.421063461
36840,3684,0.537314916,1,1.18343195,0.512975278,62.7868957,62.7005245,1,0.653938855,62.7868957,62.7005245,0.428366257
36850,3685,0.528663928,1,1.21893491,0.516225871,57.9604404,59.8734559,1,0.503163888,57.9604404,59.8734559,0.430267479
36860,3686,0.516280689,1,1.15976331,0.511827217,61.0699236,54.9958355,1,0.505186344,61.0699236,54.9958355,0.444959057
36870,3687,0.515690087,1,1.13609467,0.51368005,65.9081396,58.3707749,1,0.506754945,65.9081396,58.3707749,0.453771504
36880,3688,0.507099808,1,1.11242604,0.507395878,62.3073396,63.2519482,1,0.481444411,62.3073396,63.2519482,0.466585314
36890,3689,0.510832993,1,1.13609467,0.517824685,57.8497484,59.6174389,1,0.490876468,57.8497484,59.6174389,0.44242324
36900,3690,0.50620991,1,1.18343195,0.521078891,61.6151986,55.3621684,1,0.519565205,61.6151986,55.3621684,0.437082467
36910,3691,0.529179822,1,1.18343195,0.516146635,65.1822763,59.8801091,1,0.660681957,65.1822763,59.8801091,0.442797931
36920,3692,0.533514604,1,1.21893491,0.518014877,60.0628752,62.5402364,1,0.528480157,60.0628752,62.5402364,0.443790454
36930,3693,0.522139998,1,1.20118343,0.510191349,57.7831976,57.1795422,1,0.515038061,57.7831976,57.1795422,0.448099026
36940,3694,0.521854992,1,1.21893491,0.516381462,63.1637048,55.2426044,1,0.515374424,63.1637048,55.2426044,0.439886923
36950,3695,0.519481228,1,1.17159763,0.513899341,65.1712563,60.5782297,1,0.497547353,65.1712563,60.5782297,0.438523339
36960,3696,0.518027232,1,1.13609467,0.521483217,59.8121604,62.1745798,1,0.484987101,59.8121604,62.1745798,0.430138564
36970,3697,0.505026083,1,1.14201183,0.515545419,58.3700236,56.4491115,1,0.493074944,58.3700236,56.4491115,0.454176842
36980,3698,0.519295931,1,1.17751479,0.518598642,64.0367091,55.8245258,1,0.593004015,64.0367091,55.8245258,0.438538671
36990,3699,0.537910366,1,1.17751479,0.517361502,63.6390337,61.6648891,1,0.644212202,63.6390337,61.6648891,0.450298975
37000,3700,0.534858077,1,1.21301775,0.511025673,58.1094742,60.6319524,1,0.555582897,58.1094742,60.6319524,0.432708454
37010,3701,0.525868265,1,1.19526627,0.512485298,59.5989668,55.2133674,1,0.517450257,59.5989668,55.2133674,0.432275198
37020,3702,0.517553633,1,1.17751479,0.51767876,65.0512154,57.0469926,1,0.504357031,65.0512154,57.0469926,0.442486227
37030,3703,0.513842472,1,1.17159763,0.514622406,63.0206677,62.5314513,1,0.504863948,63.0206677,62.5314513,0.449867898
37040,3704,0.503579616,1,1.10650888,0.509752909,57.5102886,60.1285192,1,0.485177537,57.5102886,60.1285192,0.462424542
37050,3705,0.511509639,1,1.16568047,0.514181866,60.435009,55.1172873,1,0.538365974,60.435009,55.1172873,0.446329103
37060,3706,0.534709302,1,1.14792899,0.524138698,64.9507028,58.7400427,1,0.665241724,64.9507028,58.7400427,0.445329787
37070,3707,0.54058428,1,1.24852071,0.518910247,60.8509245,62.7416684,1,0.575857891,60.8509245,62.7416684,0.440690627
37080,3708,0.530119397,1,1.23668639,0.509602064,57.2107493,58.3031122,1,0.51362146,57.2107493,58.3031122,0.441565641
37090,3709,0.522349812,1,1.20710059,0.520921195,61.8995147,55.0700091,1,0.51174218,61.8995147,55.0700091,0.438106987
37100,3710,0.516410175,1,1.17159763,0.517254356,65.2529879,59.8122541,1,0.497604044,65.2529879,59.8122541,0.446781191
37110,3711,0.516874576,1,1.13017751,0.517551574,60.6412777,62.8480043,1,0.479781061,60.6412777,62.8480043,0.424707699
37120,3712,0.509244571,1,1.13609467,0.518043692,57.7695568,57.7496873,1,0.499860962,57.7695568,57.7496873,0.450112528
37130,3713,0.525052896,1,1.13609467,0.518568728,63.0906866,55.5697109,1,0.603221464,63.0906866,55.5697109,0.442335917
37140,3714,0.530032939,1,1.16568047,0.515508779,64.584594,61.1852273,1,0.666327682,64.584594,61.1852273,0.446987176
37150,3715,0.536983232,1,1.24852071,0.518844171,58.8833039,61.8761554,1,0.538441327,58.8833039,61.8761554,0.441769502
37160,3716,0.530344674,1,1.23076923,0.512501712,58.405621,56.3045469,1,0.524577562,58.405621,56.3045469,0.430157546
37170,3717,0.524497552,1,1.17159763,0.520115163,64.0420144,56.2801132,1,0.506937214,64.0420144,56.2801132,0.433572798
37180,3718,0.517092174,1,1.12426036,0.515663647,63.993552,62.1702972,1,0.502010851,63.993552,62.1702972,0.453106413
37190,3719,0.514843713,1,1.14201183,0.515321037,58.1955969,61.9164403,1,0.49456136,58.1955969,61.9164403,0.446423836
37200,3720,0.511495953,1,1.15976331,0.514954619,58.900144,56.0255631,1,0.516640421,58.900144,56.0255631,0.4563738
37210,3721,0.53283938,1,1.18343195,0.520530185,64.5307693,57.5526436,1,0.61987643,64.5307693,57.5526436,0.4487716
37220,3722,0.52547428,1,1.16568047,0.508832073,62.4145395,63.1331408,1,0.669124135,62.4145395,63.1331408,0.459098529
37230,3723,0.540056951,1,1.20710059,0.51456917,57.5857804,60.4390748,1,0.58304844,57.5857804,60.4390748,0.425342927
37240,3724,0.527845707,1,1.19526627,0.518319776,60.6894173,55.7836502,1,0.517101284,60.6894173,55.7836502,0.430395031
37250,3725,0.522896882,1,1.19526627,0.516159071,65.3838571,58.867507,1,0.516369081,65.3838571,58.867507,0.432058086
37260,3726,0.515888908,1,1.17159763,0.519496534,61.9259925,63.3690311,1,0.507138223,61.9259925,63.3690311,0.436639583
37270,3727,0.509222732,1,1.14792899,0.511438507,57.4990793,59.2279541,1,0.543550789,57.4990793,59.2279541,0.466296492
37280,3728,0.516184151,1,1.18343195,0.510952552,62.1847289,55.4597793,1,0.597620969,62.1847289,55.4597793,0.462527488
37290,3729,0.522000948,1,1.15976331,0.512713223,65.3389112,60.3249855,1,0.63309321,65.3389112,60.3249855,0.44601521
37300,3730,0.536444337,1,1.14792899,0.512281947,60.1840656,62.7856293,1,0.641935798,60.1840656,62.7856293,0.439386349
37310,3731,0.534824616,1,1.23668639,0.518290135,58.2791873,57.636896,1,0.513899107,58.2791873,57.636896,0.422293093
37320,3732,0.529909355,1,1.21301775,0.522496067,63.4119794,55.8569643,1,0.520872983,63.4119794,55.8569643,0.417896334
37330,3733,0.514520179,1,1.10650888,0.515296274,64.9865297,61.4811246,1,0.515525013,64.9865297,61.4811246,0.449262294
37340,3734,0.504714629,1,1.09467456,0.507919161,59.0528121,62.8162292,1,0.493522602,59.0528121,62.8162292,0.467851112
37350,3735,0.509296574,1,1.0887574,0.512618546,57.8539049,57.1082207,1,0.480207691,57.8539049,57.1082207,0.448658352
37360,3736,0.515747237,1,1.17159763,0.519793488,63.589459,56.4951019,1,0.550259835,63.589459,56.4951019,0.443710119
37370,3737,0.527170379,1,1.14792899,0.515523929,63.2905566,62.3578531,1,0.663161566,63.2905566,62.3578531,0.451566595
37380,3738,0.536889075,1,1.16568047,0.510389708,57.7535781,61.2467856,1,0.616389908,57.7535781,61.2467856,0.434411804
37390,3739,0.53482163,1,1.25443787,0.520887356,59.3768239,55.9860729,1,0.5095349,59.3768239,55.9860729,0.42349647
37400,3740,0.527640345,1,1.21893491,0.51444538,64.7165618,57.4773027,1,0.516049055,64.7165618,57.4773027,0.426465922
37410,3741,0.52557983,1,1.14792899,0.522014417,62.8413127,62.723886,1,0.50348463,62.8413127,62.723886,0.428587857
37420,3742,0.513348295,1,1.1183432,0.51769092,57.2669841,60.7021256,1,0.487194929,57.2669841,60.7021256,0.456126304
37430,3743,0.517063325,1,1.12426036,0.519535451,59.7889771,55.3841739,1,0.533158973,59.7889771,55.3841739,0.452743503
37440,3744,0.522835046,1,1.18343195,0.515413639,64.8399359,58.7080811,1,0.624858194,64.8399359,58.7080811,0.465117814
37450,3745,0.535302426,1,1.18934911,0.518155653,60.8191597,63.0527457,1,0.652896251,60.8191597,63.0527457,0.455360909
37460,3746,0.530117834,1,1.24260355,0.514374311,56.9726244,58.6568945,1,0.532315203,56.9726244,58.6568945,0.449321259
37470,3747,0.529880664,1,1.26627219,0.508830054,61.3657231,55.1274934,1,0.514864921,61.3657231,55.1274934,0.433480403
37480,3748,0.531980497,1,1.18934911,0.520899331,64.5785721,59.4928933,1,0.5130189,64.5785721,59.4928933,0.416942344
37490,3749,0.515115251,1,1.14201183,0.514782067,59.7319448,62.7523607,1,0.497942689,59.7319448,62.7523607,0.449285586
37500,3750,0.506204675,1,1.0887574,0.511646172,56.6969391,57.5205072,1,0.490083162,56.6969391,57.5205072,0.465264135
37510,3751,0.50814828,1,1.15384615,0.515019937,61.98078,54.9579151,1,0.522766322,61.98078,54.9579151,0.451728121
37520,3752,0.518605247,1,1.16568047,0.516843186,63.7088298,60.6083992,1,0.624826184,63.7088298,60.6083992,0.454524437
37530,3753,0.531819062,1,1.15976331,0.511827103,57.9061694,61.3084694,1,0.623210388,57.9061694,61.3084694,0.449595257
37540,3754,0.527851276,1,1.23668639,0.515122107,58.032324,55.5680855,1,0.521973194,58.032324,55.5680855,0.441674612
37550,3755,0.516534709,1,1.19526627,0.509827914,63.8702932,56.024241,1,0.510584873,63.8702932,56.024241,0.450443322
37560,3756,0.517915369,1,1.17159763,0.514211645,63.1972123,61.7317337,1,0.500333177,63.1972123,61.7317337,0.442080281
37570,3757,0.514041054,1,1.0887574,0.515204285,57.5275296,60.8721366,1,0.487799085,57.5275296,60.8721366,0.441113499
37580,3758,0.514278311,1,1.14792899,0.520369965,58.6299343,55.2632179,1,0.49979511,58.6299343,55.2632179,0.439709864
37590,3759,0.522563606,1,1.14201183,0.521752719,64.1898479,57.084419,1,0.593858972,64.1898479,57.084419,0.450045449
37600,3760,0.536428619,1,1.18343195,0.518190417,61.3840171,62.2408684,1,0.663737591,61.3840171,62.2408684,0.45156963
37610,3761,0.533745313,1,1.28402367,0.516631133,56.8182924,58.7724629,1,0.529460257,56.8182924,58.7724629,0.441056274
37620,3762,0.521435242,1,1.23076923,0.511774177,60.5377116,54.2964872,1,0.505006254,60.5377116,54.2964872,0.447666124
37630,3763,0.527996624,1,1.19526627,0.517312322,64.6103836,57.9946898,1,0.521663032,64.6103836,57.9946898,0.423170332
37640,3764,0.517443191,1,1.13609467,0.518255493,60.5135035,62.1535586,1,0.498128978,60.5135035,62.1535586,0.449066203
37650,3765,0.51296931,1,1.15384615,0.519751272,56.484246,58.1286235,1,0.479209318,56.484246,58.1286235,0.438090386
37660,3766,0.5081237,1,1.1183432,0.517704484,60.7392732,54.3568368,1,0.502380162,60.7392732,54.3568368,0.43739162
37670,3767,0.521040417,1,1.17751479,0.519677517,63.8114259,59.2344205,1,0.605787153,63.8114259,59.2344205,0.443419636
37680,3768,0.538688248,1,1.16568047,0.516836055,58.4075254,61.4545308,1,0.640083845,58.4075254,61.4545308,0.449398217
37690,3769,0.537199375,1,1.21893491,0.514152896,56.7498493,56.0866338,1,0.549945525,56.7498493,56.0866338,0.432155789
37700,3770,0.525987062,1,1.22485207,0.515707291,62.3290056,54.8585569,1,0.513210425,62.3290056,54.8585569,0.439439915
37710,3771,0.518714896,1,1.20118343,0.514802359,63.3000855,60.6571727,1,0.510745229,63.3000855,60.6571727,0.452258901
37720,3772,0.509728486,1,1.12426036,0.511111209,57.2881134,61.3696686,1,0.507620281,57.2881134,61.3696686,0.465695756
37730,3773,0.506954906,1,1.11242604,0.509180375,56.816505,55.3622053,1,0.497107649,56.816505,55.3622053,0.463534332
37740,3774,0.508923882,1,1.13609467,0.516321338,62.6052942,55.253742,1,0.512827505,62.6052942,55.253742,0.445369638
37750,3775,0.532032633,1,1.17751479,0.522453443,61.9758763,60.9922433,1,0.633671009,61.9758763,60.9922433,0.444070489
37760,3776,0.534919639,1,1.20710059,0.512957228,56.2623555,59.480023,1,0.616306807,56.2623555,59.480023,0.454635107
37770,3777,0.532924609,1,1.26627219,0.514210922,58.3229101,54.226893,1,0.526398648,58.3229101,54.226893,0.434062001
37780,3778,0.524699601,1,1.21893491,0.518840835,63.490928,56.6273375,1,0.517906706,63.490928,56.6273375,0.438330232
37790,3779,0.515690347,1,1.15384615,0.509496595,60.893239,61.9133834,1,0.500387442,60.893239,61.9133834,0.45306497
37800,3780,0.517462335,1,1.12426036,0.518831271,55.8864106,59.0433747,1,0.488411823,55.8864106,59.0433747,0.443928671
37810,3781,0.514490808,1,1.12426036,0.519526018,58.7807323,54.0306343,1,0.487982361,58.7807323,54.0306343,0.44525549
37820,3782,0.51534591,1,1.15976331,0.521397571,63.5421289,57.335023,1,0.546157219,63.5421289,57.335023,0.445821377
37830,3783,0.533016419,1,1.18934911,0.515038679,59.214468,61.5270435,1,0.659979463,59.214468,61.5270435,0.463468305
37840,3784,0.526233174,1,1.17159763,0.508582508,55.9091535,56.5606779,1,0.569757144,55.9091535,56.5606779,0.458902028
37850,3785,0.533423398,1,1.26627219,0.512995062,60.716014,53.7162414,1,0.526179475,60.716014,53.7162414,0.429646386
37860,3786,0.530728549,1,1.20118343,0.522137118,63.2814596,58.5207568,1,0.502867853,63.2814596,58.5207568,0.418965192
37870,3787,0.519721187,1,1.14792899,0.521010926,58.1803466,61.105088,1,0.495618185,58.1803466,61.105088,0.439877077
37880,3788,0.512105814,1,1.10059172,0.513062117,55.7655981,55.6906969,1,0.503711989,55.7655981,55.6906969,0.456035409
37890,3789,0.511813315,1,1.0887574,0.511944381,61.3847209,53.700953,1,0.510175079,61.3847209,53.700953,0.458539112
37900,3790,0.517884492,1,1.17751479,0.518567101,62.8624704,59.4060462,1,0.557863238,62.8624704,59.4060462,0.453336301
37910,3791,0.513354229,1,1.12426036,0.512967464,57.1685767,60.4304732,1,0.604749549,57.1685767,60.4304732,0.445024272
37920,3792,0.538462477,1,1.24260355,0.519970824,57.4030137,54.6424957,1,0.557538921,57.4030137,54.6424957,0.445594102
37930,3793,0.524084429,1,1.20118343,0.510623919,63.0550295,55.235775,1,0.511850605,63.0550295,55.235775,0.437159081
37940,3794,0.52120171,1,1.19526627,0.517760624,62.1205097,60.8504534,1,0.505934312,62.1205097,60.8504534,0.437839915
37950,3795,0.520836776,1,1.14201183,0.516242901,56.6017286,59.9164965,1,0.502988922,56.6017286,59.9164965,0.430557777
37960,3796,0.51663013,1,1.11242604,0.521321888,57.8595667,54.2946576,1,0.483976936,57.8595667,54.2946576,0.443141217
37970,3797,0.515505645,1,1.15976331,0.520027661,63.5269791,55.8888854,1,0.525491854,63.5269791,55.8888854,0.452874617
37980,3798,0.523109757,1,1.15976331,0.51853678,61.0894054,61.2637109,1,0.61827698,61.0894054,61.2637109,0.453979869
37990,3799,0.54160878,1,1.19526627,0.520462613,56.2730372,57.8963498,1,0.602247553,56.2730372,57.8963498,0.452059877
38000,3800,0.531519666,1,1.21893491,0.511866267,59.9700967,53.4218298,1,0.556434972,59.9700967,53.4218298,0.446482493
38010,3801,0.525532707,1,1.22485207,0.512821586,64.0278776,57.4588441,1,0.515329472,64.0278776,57.4588441,0.440300258
38020,3802,0.521887483,1,1.16568047,0.517875875,59.9666613,61.4055633,1,0.509539601,59.9666613,61.4055633,0.435618788
38030,3803,0.521155968,1,1.15384615,0.516588029,56.1139058,57.3728462,1,0.494623744,56.1139058,57.3728462,0.429024847
38040,3804,0.512123534,1,1.07692308,0.517513769,60.649415,53.6150228,1,0.479555545,60.649415,53.6150228,0.453076798
38050,3805,0.516197399,1,1.17751479,0.518199229,63.8948108,58.3702058,1,0.546472334,63.8948108,58.3702058,0.442854907
38060,3806,0.511681918,1,1.16568047,0.513662076,58.7937949,61.2060595,1,0.593228762,58.7937949,61.2060595,0.448946364
38070,3807,0.540628614,1,1.13609467,0.516577381,56.7964015,55.8382193,1,0.658438914,56.7964015,55.8382193,0.440570424
38080,3808,0.535358988,1,1.24852071,0.515835459,62.3084401,54.5583837,1,0.540505658,62.3084401,54.5583837,0.435282329
38090,3809,0.526270993,1,1.23668639,0.517484372,63.2852101,60.093609,1,0.514078396,63.2852101,60.093609,0.432365169
38100,3810,0.51744663,1,1.18343195,0.514848198,57.4725166,60.8375994,1,0.503515506,57.4725166,60.8375994,0.450777945
38110,3811,0.508963408,1,1.11242604,0.510779215,56.8626128,54.8693389,1,0.497133716,56.8626128,54.8693389,0.461487917
38120,3812,0.512819731,1,1.13017751,0.514622775,62.6933119,54.5748324,1,0.501602211,62.6933119,54.5748324,0.449087082
38130,3813,0.511109914,1,1.15384615,0.517391474,62.623607,60.3724104,1,0.509401888,62.623607,60.3724104,0.445999774
38140,3814,0.526348144,1,1.20710059,0.521165999,56.8983748,59.5335484,1,0.629210475,56.8983748,59.5335484,0.445104691
38150,3815,0.539185936,1,1.24852071,0.520450854,58.8555052,54.0278764,1,0.579253656,58.8555052,54.0278764,0.449475588
38160,3816,0.530205279,1,1.24852071,0.512634359,64.0763543,56.4135143,1,0.521185447,64.0763543,56.4135143,0.441544715
38170,3817,0.525807404,1,1.23668639,0.515783452,61.3899801,61.419867,1,0.51403398,61.3899801,61.419867,0.43704341
38180,3818,0.521521117,1,1.20118343,0.516099735,56.566008,58.6712926,1,0.507686588,56.566008,58.6712926,0.427081525
38190,3819,0.520606683,1,1.13609467,0.516897686,59.5947138,53.9832078,1,0.497866378,59.5947138,53.9832078,0.429332757
38200,3820,0.515813378,1,1.17159763,0.519082202,64.3398847,57.6331098,1,0.524297586,64.3398847,57.6331098,0.460501609
38210,3821,0.514981833,1,1.13017751,0.513840519,60.1724682,61.9284262,1,0.597990413,60.1724682,61.9284262,0.460364558
38220,3822,0.52743613,1,1.16568047,0.5166908,56.6092459,57.4660031,1,0.653558395,56.6092459,57.4660031,0.439268983
38230,3823,0.534973442,1,1.23076923,0.514778232,61.6518392,54.6378542,1,0.540425179,61.6518392,54.6378542,0.444733636
38240,3824,0.52354441,1,1.18934911,0.512243436,63.973989,59.907711,1,0.511235745,63.973989,59.907711,0.442984571
38250,3825,0.52162557,1,1.20710059,0.516084573,58.6084526,61.9671937,1,0.521827619,58.6084526,61.9671937,0.44209326
38260,3826,0.517499484,1,1.15976331,0.516914784,56.7087717,56.5400578,1,0.502604213,56.7087717,56.5400578,0.442308307
38270,3827,0.519318848,1,1.0887574,0.519982743,62.2711319,54.9367136,1,0.494634895,62.2711319,54.9367136,0.445294689
38280,3828,0.506442009,1,1.15384615,0.514037737,63.5809695,60.8037411,1,0.518547454,63.5809695,60.8037411,0.462420226
38290,3829,0.516025411,1,1.15976331,0.516528783,57.9118342,61.4213846,1,0.589608196,57.9118342,61.4213846,0.43866782
38300,3830,0.5412727,1,1.15976331,0.518890199,58.1820581,55.61867,1,0.64803115,58.1820581,55.61867,0.446846397
38310,3831,0.522576536,1,1.22485207,0.51272139,63.9075874,56.8595641,1,0.512017662,63.9075874,56.8595641,0.450650437
38320,3832,0.515294006,1,1.21301775,0.510491852,62.2453267,62.4022393,1,0.508883328,62.2453267,62.4022393,0.445120545
38330,3833,0.51116863,1,1.16568047,0.511559497,56.5908386,60.6409158,1,0.493128746,56.5908386,60.6409158,0.455573605
38340,3834,0.520865384,1,1.14792899,0.515441827,58.1247386,55.4755216,1,0.484312835,58.1247386,55.4755216,0.414487254
38350,3835,0.514927845,1,1.13017751,0.524570818,63.526423,57.1854708,1,0.463352244,63.526423,57.1854708,0.43583641
38360,3836,0.513389266,1,1.15976331,0.522795948,61.4108099,62.4557189,1,0.537385149,61.4108099,62.4557189,0.436848141
38370,3837,0.535303071,1,1.17159763,0.517387431,56.4792224,59.0737956,1,0.66135377,56.4792224,59.0737956,0.45998431
38380,3838,0.528205185,1,1.18934911,0.509195406,60.681366,54.8042202,1,0.552856027,60.681366,54.8042202,0.460815362
38390,3839,0.532869701,1,1.21893491,0.506243208,64.5953245,58.8416536,1,0.574094897,64.5953245,58.8416536,0.432550852
38400,3840,0.537372389,1,1.23668639,0.511198541,60.6170112,62.5565565,1,0.538048417,60.6170112,62.5565565,0.418701014
38410,3841,0.523463074,1,1.17159763,0.518531322,57.0635766,58.2829963,1,0.512031247,57.0635766,58.2829963,0.427530501
38420,3842,0.516340893,1,1.14201183,0.515669785,61.4320958,54.7128618,1,0.49284675,61.4320958,54.7128618,0.433984025
38430,3843,0.522188754,1,1.14201183,0.519162494,64.7578957,59.3497718,1,0.520406974,64.7578957,59.3497718,0.438946291
38440,3844,0.509250085,1,1.15384615,0.513325937,59.6399213,62.5606455,1,0.525185613,59.6399213,62.5606455,0.464753996
38450,3845,0.520642297,1,1.18934911,0.518763339,57.2244941,57.302868,1,0.60267146,57.2244941,57.302868,0.445081687
38460,3846,0.540769075,1,1.20118343,0.519195566,62.8261055,55.7942462,1,0.593605822,62.8261055,55.7942462,0.446246604
38470,3847,0.533438358,1,1.27218935,0.51422153,63.8604997,61.3299536,1,0.533770676,63.8604997,61.3299536,0.433193914
38480,3848,0.52375012,1,1.18934911,0.517527827,58.1671118,61.9012016,1,0.500732767,58.1671118,61.9012016,0.440151868
38490,3849,0.516141037,1,1.16568047,0.511838549,57.7739111,55.993617,1,0.511814875,57.7739111,55.993617,0.455435046
38500,3850,0.513887593,1,1.12426036,0.516255571,63.5974805,55.825381,1,0.486370912,63.5974805,55.825381,0.448153763
38510,3851,0.509817444,1,1.1183432,0.515972834,63.6021296,61.6260488,1,0.480307463,63.6021296,61.6260488,0.446205362
38520,3852,0.529690954,1,1.18934911,0.524905316,57.9126397,60.8815447,1,0.58930054,57.9126397,60.8815447,0.441384196
38530,3853,0.531126995,1,1.14792899,0.515607345,59.4696129,55.0335723,1,0.664415743,59.4696129,55.0335723,0.465514582
38540,3854,0.537323111,1,1.14201183,0.51144312,64.7559604,57.1362852,1,0.629456,64.7559604,57.1362852,0.437629918
38550,3855,0.526298909,1,1.20118343,0.517326698,61.90724,62.1546076,1,0.498452721,61.90724,62.1546076,0.443885263
38560,3856,0.520948049,1,1.18934911,0.510436583,56.9913805,59.4327542,1,0.509590331,56.9913805,59.4327542,0.432237607
38570,3857,0.518207384,1,1.17159763,0.519415548,60.0988785,54.6496701,1,0.499943568,60.0988785,54.6496701,0.438761281
38580,3858,0.515333482,1,1.09467456,0.516610196,64.8745078,57.7646476,1,0.492433043,64.8745078,57.7646476,0.438594579
38590,3859,0.511048089,1,1.14201183,0.516688299,61.3417216,62.4295901,1,0.498366184,61.3417216,62.4295901,0.45012994
38600,3860,0.526094374,1,1.13609467,0.520098692,57.276171,58.2039623,1,0.620382783,57.276171,58.2039623,0.451064696
38610,3861,0.528806565,1,1.18934911,0.514228449,61.8683405,54.7193677,1,0.668098997,61.8683405,54.7193677,0.44342948
38620,3862,0.533656112,1,1.21301775,0.517452614,64.5603617,59.799345,1,0.525393749,64.5603617,59.799345,0.442245131
38630,3863,0.520535919,1,1.17159763,0.511013569,59.2128531,62.1111583,1,0.50721929,59.2128531,62.1111583,0.448140988
38640,3864,0.521330991,1,1.20710059,0.517251489,57.2207005,56.7682081,1,0.513304416,57.2207005,56.7682081,0.438635521
38650,3865,0.518607655,1,1.15976331,0.515141338,62.5104602,54.7586386,1,0.496937978,62.5104602,54.7586386,0.435278105
38660,3866,0.516631615,1,1.09467456,0.519804974,64.1255896,60.3353765,1,0.490770214,64.1255896,60.3353765,0.446608847
38670,3867,0.505243611,1,1.14792899,0.514962414,58.3592747,61.6774311,1,0.509382543,58.3592747,61.6774311,0.455417732
38680,3868,0.522079424,1,1.15976331,0.518827586,57.964512,55.928353,1,0.623208276,57.964512,55.928353,0.443278116
38690,3869,0.534848308,1,1.18934911,0.512672998,63.8045306,56.4969508,1,0.604033312,63.8045306,56.4969508,0.451356413
38700,3870,0.517982803,1,1.20118343,0.507543287,62.2743914,62.2033184,1,0.51334186,62.2743914,62.2033184,0.454458244
38710,3871,0.514661954,1,1.18934911,0.508679347,56.7945089,60.3393694,1,0.508803328,56.7945089,60.3393694,0.445247212
38720,3872,0.519978261,1,1.18343195,0.516291303,58.6789181,55.0451772,1,0.504093915,58.6789181,55.0451772,0.432273943
38730,3873,0.510698029,1,1.12426036,0.516037476,64.0589443,57.2259943,1,0.480814284,64.0589443,57.2259943,0.44655582
38740,3874,0.521230409,1,1.18934911,0.523160161,61.4932248,62.3282934,1,0.539048081,61.4932248,62.3282934,0.439313427
38750,3875,0.520819,1,1.17159763,0.511632737,56.4864356,58.907881,1,0.62606624,56.4864356,58.907881,0.466430228
38760,3876,0.527868836,1,1.12426036,0.507161503,60.573433,54.7243497,1,0.664010288,60.573433,54.7243497,0.449888099
38770,3877,0.538191456,1,1.25443787,0.521573579,64.0431838,59.1079522,1,0.546489044,64.0431838,59.1079522,0.430048449
38780,3878,0.526550383,1,1.17159763,0.515114557,59.5046355,62.4530104,1,0.500414697,59.5046355,62.4530104,0.433697701
38790,3879,0.522757203,1,1.19526627,0.518166115,56.4619788,57.5806511,1,0.509012973,56.4619788,57.5806511,0.441873661
38800,3880,0.514815986,1,1.1183432,0.514440989,61.4237301,54.5191504,1,0.487777047,61.4237301,54.5191504,0.448480421
38810,3881,0.51196877,1,1.0887574,0.519864764,64.2671085,59.4678823,1,0.47298525,64.2671085,59.4678823,0.439033016
38820,3882,0.516179367,1,1.18343195,0.521089116,59.0448859,61.823759,1,0.555134406,59.0448859,61.823759,0.440694477
38830,3883,0.52505976,1,1.14201183,0.5142667,57.7509865,55.8595567,1,0.664727804,57.7509865,55.8595567,0.469456976
38840,3884,0.530597003,1,1.21301775,0.509879357,63.5510562,55.5376338,1,0.569004444,63.5510562,55.5376338,0.446845905
38850,3885,0.526447699,1,1.25443787,0.512894998,63.2353394,61.3356422,1,0.50957858,63.2353394,61.3356422,0.446661379
38860,3886,0.521597312,1,1.18343195,0.509976725,57.595274,60.9246597,1,0.515256684,57.595274,60.9246597,0.435001493
38870,3887,0.521306625,1,1.13017751,0.517066735,58.2516728,55.3348649,1,0.489666702,58.2516728,55.3348649,0.432938665
38880,3888,0.514286147,1,1.14792899,0.515555759,63.8911836,56.1150127,1,0.474933347,63.8911836,56.1150127,0.437939723
38890,3889,0.511607919,1,1.13609467,0.515946927,62.5083715,61.7488197,1,0.517677901,62.5083715,61.7488197,0.446233082
38900,3890,0.526434898,1,1.18934911,0.522404419,57.093476,59.6649566,1,0.618426152,57.093476,59.6649566,0.446310171
38910,3891,0.536290736,1,1.15976331,0.517919529,59.9255855,54.5375802,1,0.652761325,59.9255855,54.5375802,0.450580379
38920,3892,0.539112628,1,1.21893491,0.517135115,64.5048976,57.9368456,1,0.574833044,64.5048976,57.9368456,0.438698353
38930,3893,0.524777531,1,1.20710059,0.5139252,60.6204042,62.28027,1,0.50695484,60.6204042,62.28027,0.448235363
38940,3894,0.526391881,1,1.21893491,0.518151235,56.4581909,58.6674373,1,0.510448055,56.4581909,58.6674373,0.423961171
38950,3895,0.520618135,1,1.18343195,0.517271286,60.1283324,54.5432569,1,0.497930128,60.1283324,54.5432569,0.424673926
38960,3896,0.519609662,1,1.13017751,0.521781573,63.9834396,58.4750218,1,0.495336384,63.9834396,58.4750218,0.423570531
38970,3897,0.511854176,1,1.16568047,0.514637309,59.4119504,62.2694101,1,0.541139381,59.4119504,62.2694101,0.457002691
38980,3898,0.534146111,1,1.19526627,0.519351863,56.5170631,57.0326153,1,0.65441149,56.5170631,57.0326153,0.460282858
38990,3899,0.533176908,1,1.18934911,0.511800132,61.807936,54.7159721,1,0.658617927,61.807936,54.7159721,0.44429434
39000,3900,0.541055374,1,1.20118343,0.515179136,63.4888948,60.1422942,1,0.573222673,63.4888948,60.1422942,0.436978559
39010,3901,0.526356085,1,1.17159763,0.516036257,57.9713052,61.532005,1,0.515937703,57.9713052,61.532005,0.43768549
39020,3902,0.522684501,1,1.17751479,0.517736552,56.8139148,56.0088219,1,0.50118559,56.8139148,56.0088219,0.434088205
39030,3903,0.516184298,1,1.17751479,0.515268478,62.565555,55.0360698,1,0.514382542,62.565555,55.0360698,0.448716855
39040,3904,0.503471028,1,1.0887574,0.5094186,63.3358689,61.0375837,1,0.481632827,63.3358689,61.0375837,0.465442162
39050,3905,0.512969464,1,1.16568047,0.516513088,57.6424424,61.4824931,1,0.513021474,57.6424424,61.4824931,0.439291044
39060,3906,0.531305317,1,1.20118343,0.52176722,58.1344368,55.6743791,1,0.636956056,58.1344368,55.6743791,0.448378053
39070,3907,0.52234978,1,1.13017751,0.508571554,63.7432544,56.6118689,1,0.666642178,63.7432544,56.6118689,0.437432814
39080,3908,0.536749084,1,1.26035503,0.515114887,61.8086975,61.8981108,1,0.526272594,61.8086975,61.8981108,0.433008355
39090,3909,0.519350993,1,1.20118343,0.5163816,56.6252776,59.5344308,1,0.518505094,56.6252776,59.5344308,0.438224128
39100,3910,0.511980828,1,1.11242604,0.508749283,59.3877071,54.3352198,1,0.510212743,59.3877071,54.3352198,0.452885633
39110,3911,0.509250482,1,1.13017751,0.510472506,64.5047505,57.466122,1,0.487035716,64.5047505,57.466122,0.461453079
39120,3912,0.509322529,1,1.13017751,0.516157366,61.3308732,62.2645951,1,0.476790398,61.3308732,62.2645951,0.442550714
39130,3913,0.513687878,1,1.20710059,0.522030556,56.9062856,58.7441121,1,0.554553097,56.9062856,58.7441121,0.434943893
39140,3914,0.536298298,1,1.17159763,0.519017048,61.1151131,54.8495283,1,0.669077167,61.1151131,54.8495283,0.441098768
39150,3915,0.533631834,1,1.23668639,0.516643016,64.2894563,59.7128672,1,0.543580873,64.2894563,59.7128672,0.44674046
39160,3916,0.52656282,1,1.20118343,0.511105608,59.3181909,62.4343733,1,0.505145738,59.3181909,62.4343733,0.435958275
39170,3917,0.52188951,1,1.15976331,0.517455138,56.8739645,57.3156544,1,0.500730504,56.8739645,57.3156544,0.43633442
39180,3918,0.515486003,1,1.13609467,0.515067252,62.1323327,54.8665885,1,0.490821378,62.1323327,54.8665885,0.446209279
39190,3919,0.515257169,1,1.10650888,0.516211316,64.1915293,60.32107,1,0.507862343,64.1915293,60.32107,0.448479739
39200,3920,0.513331304,1,1.15384615,0.51374051,58.4621209,61.9513739,1,0.526564619,58.4621209,61.9513739,0.458218901
39210,3921,0.521435059,1,1.13017751,0.520150051,57.4700798,56.1965594,1,0.594496372,57.4700798,56.1965594,0.449207288
39220,3922,0.530952173,1,1.13017751,0.510901751,63.3409294,55.9880987,1,0.662215142,63.3409294,55.9880987,0.451888417
39230,3923,0.526744779,1,1.24852071,0.514463612,62.4354106,61.6551723,1,0.515134972,62.4354106,61.6551723,0.441458628
39240,3924,0.515374226,1,1.20710059,0.512409534,56.7750882,60.4200116,1,0.510631862,56.7750882,60.4200116,0.445655369
39250,3925,0.515860061,1,1.18934911,0.515783798,58.1159618,54.7369143,1,0.500554102,58.1159618,54.7369143,0.44916449
39260,3926,0.517658352,1,1.14792899,0.5150141,63.6131951,56.0752884,1,0.485455013,63.6131951,56.0752884,0.43521619
39270,3927,0.521008126,1,1.10650888,0.524871676,61.9229319,61.556838,1,0.496151553,61.9229319,61.556838,0.441248731
39280,3928,0.52011116,1,1.15384615,0.521351869,56.4261836,59.4034212,1,0.573815166,56.4261836,59.4034212,0.454116259
39290,3929,0.533913778,1,1.17159763,0.514875795,59.6470385,54.3061823,1,0.659981999,59.6470385,54.3061823,0.463813316
39300,3930,0.526457578,1,1.19526627,0.505565029,64.1856092,58.2175355,1,0.580695476,64.1856092,58.2175355,0.460879713
39310,3931,0.52691947,1,1.24852071,0.505247815,60.2030119,62.2631745,1,0.537408803,60.2030119,62.2631745,0.436691948
39320,3932,0.530840188,1,1.19526627,0.517698408,56.4754459,58.3243838,1,0.512351541,56.4754459,58.3243838,0.417153072
39330,3933,0.52419597,1,1.18934911,0.520528534,60.5157411,54.5478475,1,0.504623692,60.5157411,54.5478475,0.425421559
39340,3934,0.515916294,1,1.1183432,0.518755899,64.1650657,58.8901936,1,0.49991782,64.1650657,58.8901936,0.436320953
39350,3935,0.511424262,1,1.17751479,0.518083812,59.1587731,62.1221941,1,0.561979438,59.1587731,62.1221941,0.458378881
39360,3936,0.524759446,1,1.17159763,0.511476479,56.5008566,56.780079,1,0.640478742,56.5008566,56.780079,0.458984689
39370,3937,0.529203996,1,1.13017751,0.511306452,62.0113738,54.7330328,1,0.664414693,62.0113738,54.7330328,0.452188615
39380,3938,0.531098685,1,1.1183432,0.510012197,63.6800461,60.0660173,1,0.666917652,63.6800461,60.0660173,0.429842341
39390,3939,0.538785292,1,1.26035503,0.5187107,58.3015984,61.1948808,1,0.518512385,58.3015984,61.1948808,0.42274135
39400,3940,0.525716459,1,1.20118343,0.510772639,57.3304228,55.7752439,1,0.520162676,57.3304228,55.7752439,0.42353574
39410,3941,0.520181688,1,1.15976331,0.518966991,62.9595186,55.2787128,1,0.511785012,62.9595186,55.2787128,0.434688649
39420,3942,0.511771457,1,1.10650888,0.514876256,63.257444,61.1886336,1,0.499552682,63.257444,61.1886336,0.455186569
39430,3943,0.514237274,1,1.15976331,0.51479332,57.3032425,61.0382336,1,0.529260454,57.3032425,61.0382336,0.458161588
39440,3944,0.516675908,1,1.17159763,0.51765206,57.812954,55.2775488,1,0.546927836,57.812954,55.2775488,0.44486083
39450,3945,0.540811161,1,1.16568047,0.522050177,63.4973804,56.8119581,1,0.665543197,63.4973804,56.8119581,0.452913741
39460,3946,0.535553617,1,1.15384615,0.509960972,61.6979843,62.212693,1,0.644439256,61.6979843,62.212693,0.437892774
39470,3947,0.535219992,1,1.24852071,0.511101188,56.66883,59.8646946,1,0.532246288,56.66883,59.8646946,0.426943794
39480,3948,0.527579404,1,1.16568047,0.518210534,59.1836215,55.0383272,1,0.514764688,59.1836215,55.0383272,0.418634004
39490,3949,0.513615642,1,1.15976331,0.515683223,64.1572224,58.0851175,1,0.507116533,64.1572224,58.0851175,0.448664272
39500,3950,0.508902562,1,1.1183432,0.511558811,60.710642,63.0605197,1,0.520578141,60.710642,63.0605197,0.465581919
39510,3951,0.512001332,1,1.13017751,0.510721116,55.9620693,59.3561053,1,0.538902831,55.9620693,59.3561053,0.463276398
39520,3952,0.51623194,1,1.16568047,0.516852313,59.8695302,54.9969985,1,0.570909494,59.8695302,54.9969985,0.450312594
39530,3953,0.529648138,1,1.14201183,0.519548168,63.7512377,59.2376048,1,0.649243733,63.7512377,59.2376048,0.442226718
39540,3954,0.542169444,1,1.19526627,0.515446013,59.1149275,62.4308358,1,0.606864442,59.1149275,62.4308358,0.433044109
39550,3955,0.521711045,1,1.21893491,0.513378105,56.544175,57.3433013,1,0.510868004,56.544175,57.3433013,0.438473518
39560,3956,0.510890542,1,1.18343195,0.510735641,61.9792866,54.9338518,1,0.508053753,61.9792866,54.9338518,0.457326196
39570,3957,0.513192607,1,1.1183432,0.510187948,64.3083398,60.2654007,1,0.499699991,64.3083398,60.2654007,0.447543612
39580,3958,0.517688402,1,1.07692308,0.517721801,58.9946435,62.2730854,1,0.486407814,58.9946435,62.2730854,0.436948573
39590,3959,0.504279222,1,1.11242604,0.514611451,57.0445028,56.7211306,1,0.473132826,57.0445028,56.7211306,0.45265326
39600,3960,0.510856559,1,1.15384615,0.522640963,62.4986973,55.4394774,1,0.548495842,62.4986973,55.4394774,0.430981219
39610,3961,0.531897485,1,1.15384615,0.514634847,62.8755545,61.2999126,1,0.665812525,62.8755545,61.2999126,0.451733817
39620,3962,0.521966353,1,1.23076923,0.510614715,57.0731747,60.4120741,1,0.514722709,57.0731747,60.4120741,0.451531708
39630,3963,0.513120292,1,1.20118343,0.508829054,58.4800487,54.7666537,1,0.507750725,58.4800487,54.7666537,0.447544694
39640,3964,0.51940798,1,1.18343195,0.514379419,64.0249514,56.1660591,1,0.502031473,64.0249514,56.1660591,0.439905055
39650,3965,0.520084225,1,1.15384615,0.516139241,62.8448597,61.4967316,1,0.489957138,62.8448597,61.4967316,0.419979467
39660,3966,0.51828446,1,1.13017751,0.524329055,57.4802839,60.0944519,1,0.470453452,57.4802839,60.0944519,0.426524841
39670,3967,0.52239796,1,1.15976331,0.52382661,59.3234563,54.6579224,1,0.546009834,59.3234563,54.6579224,0.441575563
39680,3968,0.531650582,1,1.18934911,0.515122498,64.6213086,57.6517773,1,0.653404593,64.6213086,57.6517773,0.468097032
39690,3969,0.529296419,1,1.17159763,0.508174706,60.8495909,62.2850231,1,0.611841727,60.8495909,62.2850231,0.459565154
39700,3970,0.533309994,1,1.25443787,0.511713095,56.7096217,58.383351,1,0.545590285,56.7096217,58.383351,0.437599625
39710,3971,0.527414977,1,1.16568047,0.511363128,60.6536301,54.4152373,1,0.512359665,60.6536301,54.4152373,0.430364702
39720,3972,0.523678579,1,1.18343195,0.518699157,64.3315287,58.5278199,1,0.507096724,64.3315287,58.5278199,0.424405427
39730,3973,0.518073936,1,1.17159763,0.519242835,60.0507099,62.2054332,1,0.504926873,60.0507099,62.2054332,0.434123277
39740,3974,0.507579344,1,1.14201183,0.515074566,56.5652884,57.3680333,1,0.51300819,56.5652884,57.3680333,0.458635746
39750,3975,0.518071409,1,1.17751479,0.51456378,61.6331486,54.4061473,1,0.564967891,61.6331486,54.4061473,0.451532406
39760,3976,0.533761454,1,1.18343195,0.517865938,63.6765202,60.07925,1,0.662414148,63.6765202,60.07925,0.463836979
39770,3977,0.533922151,1,1.21893491,0.513516432,57.9597775,61.1764129,1,0.547146278,57.9597775,61.1764129,0.447774992
39780,3978,0.535716313,1,1.27218935,0.511826705,57.1309777,55.7064399,1,0.542855245,57.1309777,55.7064399,0.425569679
39790,3979,0.526363431,1,1.21301775,0.516824993,62.6973914,55.2594703,1,0.509429405,62.6973914,55.2594703,0.429563856
39800,3980,0.52377524,1,1.16568047,0.519894212,62.9650953,60.9127803,1,0.503312398,62.9650953,60.9127803,0.435357295
39810,3981,0.516093889,1,1.15384615,0.518030175,57.0289595,60.8555695,1,0.505793595,57.0289595,60.8555695,0.456647041
39820,3982,0.506876741,1,1.12426036,0.510868949,57.5250628,54.8038622,1,0.516632508,57.5250628,54.8038622,0.46707753
39830,3983,0.50968036,1,1.15976331,0.512755399,63.3304658,55.8991581,1,0.575170402,63.3304658,55.8991581,0.454447948
39840,3984,0.530401395,1,1.13609467,0.51480343,61.5663579,61.3056506,1,0.669919177,61.5663579,61.3056506,0.437463354
39850,3985,0.534274465,1,1.23668639,0.51913921,56.4521529,58.651559,1,0.52512567,56.4521529,58.651559,0.443221766
39860,3986,0.525918253,1,1.18343195,0.514655987,59.3816693,53.7975223,1,0.50199543,59.3816693,53.7975223,0.436118831
39870,3987,0.530243685,1,1.23076923,0.518009465,64.0823798,56.4824654,1,0.517894425,64.0823798,56.4824654,0.41642035
39880,3988,0.511464761,1,1.18343195,0.516239023,60.829369,61.3885512,1,0.48958631,60.829369,61.3885512,0.452813411
39890,3989,0.516970668,1,1.15384615,0.520104579,56.2532161,58.1221302,1,0.495258381,56.2532161,58.1221302,0.432487517
39900,3990,0.516143679,1,1.21301775,0.518200152,60.0941618,53.7077774,1,0.543687348,60.0941618,53.7077774,0.450110929
39910,3991,0.531704961,1,1.15976331,0.517820339,63.7798274,58.3257174,1,0.658874752,63.7798274,58.3257174,0.454494328
39920,3992,0.536321028,1,1.17751479,0.514724312,58.9745891,61.3703432,1,0.651919803,58.9745891,61.3703432,0.437583882
39930,3993,0.528745164,1,1.19526627,0.514874604,56.6319701,56.1155675,1,0.51985733,56.6319701,56.1155675,0.44256201
39940,3994,0.519497484,1,1.21301775,0.512349134,62.0807368,54.0070398,1,0.507349166,62.0807368,54.0070398,0.449424007
39950,3995,0.521878323,1,1.20118343,0.515485472,64.0120492,59.3706923,1,0.514217858,64.0120492,59.3706923,0.438520478
39960,3996,0.51768667,1,1.13017751,0.51842581,58.5177775,61.0701687,1,0.49273857,58.5177775,61.0701687,0.442392908
39970,3997,0.518398349,1,1.12426036,0.519356913,57.0942597,55.3990271,1,0.514238697,57.0942597,55.3990271,0.44977476
39980,3998,0.515228819,1,1.15976331,0.516540134,62.9496019,54.4505754,1,0.562222771,62.9496019,54.4505754,0.456281558
39990,3999,0.527300103,1,1.17159763,0.518130488,63.0210694,60.2646133,1,0.647917623,63.0210694,60.2646133,0.447267472
40000,4000,0.538897474,1,1.17159763,0.512377451,57.3314762,59.6155328,1,0.611524047,57.3314762,59.6155328,0.440499826
40010,4001,0.517994819,1,1.17159763,0.512133247,58.9130638,53.9942626,1,0.511723911,58.9130638,53.9942626,0.449194534
40020,4002,0.512727344,1,1.18343195,0.509179784,64.4639216,55.8404335,1,0.512879955,64.4639216,55.8404335,0.449985996
40030,4003,0.514156362,1,1.14792899,0.514646973,62.5964579,61.3663253,1,0.48652782,62.5964579,61.3663253,0.448685788
40040,4004,0.517233381,1,1.12426036,0.517740732,57.4263457,59.7929329,1,0.469987189,57.4263457,59.7929329,0.415709446
40050,4005,0.514815678,1,1.13017751,0.526419667,59.2570331,54.5211323,1,0.476206781,59.2570331,54.5211323,0.429278314
40060,4006,0.515489326,1,1.17159763,0.520966666,64.4433443,56.948151,1,0.564344996,64.4433443,56.948151,0.440469384
40070,4007,0.53664779,1,1.20118343,0.514400023,60.7476199,61.6663886,1,0.645175977,60.7476199,61.6663886,0.461026285
40080,4008,0.523924595,1,1.18934911,0.505542015,56.7200999,57.2907696,1,0.532468923,56.7200999,57.2907696,0.457462508
40090,4009,0.525205204,1,1.21301775,0.509790541,61.0629243,53.6067466,1,0.521322266,61.0629243,53.6067466,0.438071004
40100,4010,0.523090355,1,1.17159763,0.512098589,64.599401,57.937135,1,0.512308522,64.599401,57.937135,0.430074517
40110,4011,0.520898616,1,1.14201183,0.519850519,60.2039292,61.3317768,1,0.490560269,60.2039292,61.3317768,0.427208952
40120,4012,0.517478395,1,1.15976331,0.519879296,56.9220805,56.7907948,1,0.497488167,56.9220805,56.7907948,0.430982423
40130,4013,0.508853856,1,1.16568047,0.515671502,62.125716,53.855729,1,0.537276798,62.125716,53.855729,0.459562653
40140,4014,0.53065496,1,1.18934911,0.517073612,64.2886543,59.2975328,1,0.635199171,64.2886543,59.2975328,0.450453619
40150,4015,0.53348085,1,1.14792899,0.51199415,58.4604722,60.6289753,1,0.650604276,58.4604722,60.6289753,0.45987164
40160,4016,0.529956264,1,1.24260355,0.514034808,58.0895088,54.8796869,1,0.511672216,58.0895088,54.8796869,0.443172606
40170,4017,0.531074912,1,1.23668639,0.511039222,63.6236906,54.5276583,1,0.520729573,63.6236906,54.5276583,0.426566668
40180,4018,0.525388573,1,1.20710059,0.52109203,63.6737371,60.050317,1,0.512025473,63.6737371,60.050317,0.424837342
40190,4019,0.518103473,1,1.14792899,0.517669883,57.849566,59.9143014,1,0.503565443,57.849566,59.9143014,0.448135316
40200,4020,0.515264902,1,1.12426036,0.518115479,58.4669544,54.0220076,1,0.523854234,58.4669544,54.0220076,0.455734632
40210,4021,0.512602178,1,1.14201183,0.51242445,64.3662738,55.2013497,1,0.557141942,64.3662738,55.2013497,0.462772815
40220,4022,0.525198957,1,1.14201183,0.511986948,62.3245231,60.814524,1,0.647234348,62.3245231,60.814524,0.459459881
40230,4023,0.53077664,1,1.17159763,0.507919364,57.232086,58.3624521,1,0.652087228,57.232086,58.3624521,0.434772414
40240,4024,0.533125979,1,1.26627219,0.520051638,60.358393,53.8202484,1,0.518282214,60.358393,53.8202484,0.42416231
40250,4025,0.516995849,1,1.18343195,0.513216986,64.9861757,57.2690114,1,0.515886074,64.9861757,57.2690114,0.443962376
40260,4026,0.514983229,1,1.14201183,0.515845042,61.1843407,61.8071852,1,0.504995145,61.1843407,61.8071852,0.455401315
40270,4027,0.513427106,1,1.1183432,0.513708019,56.6844588,58.1368577,1,0.475208188,56.6844588,58.1368577,0.446685631
40280,4028,0.515971006,1,1.13017751,0.520572438,60.4778368,53.9668951,1,0.495273956,60.4778368,53.9668951,0.433632686
40290,4029,0.515543805,1,1.18934911,0.519549032,64.5461416,58.1919072,1,0.541618891,64.5461416,58.1919072,0.451177496
40300,4030,0.536839693,1,1.18343195,0.518391314,59.562955,61.4041867,1,0.661005552,59.562955,61.4041867,0.456062963
40310,4031,0.534933445,1,1.18343195,0.512478026,57.1118494,56.1451582,1,0.603335417,57.1118494,56.1451582,0.446321587
40320,4032,0.531843687,1,1.24260355,0.512442135,62.4362124,54.183253,1,0.524644121,62.4362124,54.183253,0.436486194
40330,4033,0.528770241,1,1.21301775,0.52057472,64.1338934,59.3606026,1,0.519170347,64.1338934,59.3606026,0.419121861
40340,4034,0.521925493,1,1.16568047,0.517665548,58.6975954,60.9567528,1,0.508775186,58.6975954,60.9567528,0.435829013
40350,4035,0.511308916,1,1.14792899,0.514042601,57.3383477,55.1445241,1,0.489316562,57.3383477,55.1445241,0.459157681
40360,4036,0.51075527,1,1.10650888,0.513214418,63.0533586,53.9895632,1,0.486592195,63.0533586,53.9895632,0.448503651
40370,4037,0.525653208,1,1.18934911,0.522210685,63.4083216,59.8083663,1,0.586006781,63.4083216,59.8083663,0.448432302
40380,4038,0.507132076,1,1.1183432,0.510310957,57.6361471,59.8657276,1,0.600193738,57.6361471,59.8657276,0.444035343
40390,4039,0.53817012,1,1.18343195,0.513652521,58.6646363,54.2692984,1,0.651982169,58.6646363,54.2692984,0.437703862
40400,4040,0.527543433,1,1.21893491,0.513865688,64.0455262,55.9305553,1,0.515325577,64.0455262,55.9305553,0.433192023
40410,4041,0.515434142,1,1.19526627,0.511846388,61.8650833,61.2832928,1,0.516179305,61.8650833,61.2832928,0.444600277
40420,4042,0.507684963,1,1.13609467,0.509377278,56.4073701,58.7137242,1,0.50541421,56.4073701,58.7137242,0.464027367
40430,4043,0.510907842,1,1.12426036,0.511419236,59.0433605,53.4815753,1,0.469614695,59.0433605,53.4815753,0.4506657
40440,4044,0.509012019,1,1.11242604,0.516674291,63.9422711,56.2831848,1,0.481827685,63.9422711,56.2831848,0.434110262
40450,4045,0.521628449,1,1.15976331,0.524870917,60.7094672,60.874174,1,0.587393556,60.7094672,60.874174,0.431922926
40460,4046,0.542969098,1,1.17751479,0.521519437,56.4799647,56.9816682,1,0.661333483,56.4799647,56.9816682,0.442159121
40470,4047,0.527073618,1,1.25443787,0.510318062,61.1517288,53.402509,1,0.527177936,61.1517288,53.402509,0.452708876
40480,4048,0.514107717,1,1.17159763,0.509781634,64.2203363,58.5026803,1,0.497594185,64.2203363,58.5026803,0.457857754
40490,4049,0.517791834,1,1.15976331,0.51034809,59.3380791,61.5775568,1,0.501941398,59.3380791,61.5775568,0.443835499
40500,4050,0.518996202,1,1.15384615,0.513280826,56.4280666,56.7967851,1,0.494571574,56.4280666,56.7967851,0.43052157
40510,4051,0.515681309,1,1.1183432,0.522870406,61.4012266,54.103983,1,0.47590177,61.4012266,54.103983,0.435030458
40520,4052,0.504790799,1,1.12426036,0.515464642,63.819922,59.3667666,1,0.502798466,63.819922,59.3667666,0.44553656
40530,4053,0.531604878,1,1.19526627,0.521672518,58.3326124,60.9050037,1,0.631763273,58.3326124,60.9050037,0.438372057
40540,4054,0.532650289,1,1.16568047,0.514535514,57.3243438,55.2576593,1,0.667055178,57.3243438,55.2576593,0.441280444
40550,4055,0.540998362,1,1.21893491,0.517238421,62.9008048,55.0834467,1,0.553047411,62.9008048,55.0834467,0.429167814
40560,4056,0.522295266,1,1.19526627,0.516537035,62.7564846,60.8075082,1,0.496406656,62.7564846,60.8075082,0.440452352
40570,4057,0.522674282,1,1.17159763,0.518085476,57.0942996,60.5328328,1,0.515174737,57.0942996,60.5328328,0.436064875
40580,4058,0.512393921,1,1.14201183,0.515940552,57.6947778,54.6330065,1,0.499324285,57.6947778,54.6330065,0.456177351
40590,4059,0.514145242,1,1.10650888,0.515572696,63.5722141,55.5193678,1,0.511750105,63.5722141,55.5193678,0.45722273
40600,4060,0.515044027,1,1.17751479,0.514598168,62.1509921,61.3700689,1,0.549757877,62.1509921,61.3700689,0.463141924
40610,4061,0.51903688,1,1.15976331,0.514206563,56.6662921,59.3829154,1,0.612453456,56.6662921,59.3829154,0.448737297
40620,4062,0.545262397,1,1.18343195,0.521903875,59.5000002,54.3244717,1,0.609953221,59.5000002,54.3244717,0.446006303
40630,4063,0.533505018,1,1.23668639,0.51659403,64.3007346,57.5209101,1,0.532742772,64.3007346,57.5209101,0.443655268
40640,4064,0.534496463,1,1.23668639,0.512780735,61.172394,61.9844541,1,0.519344264,61.172394,61.9844541,0.419281861
40650,4065,0.523141058,1,1.17159763,0.52105063,56.8839001,58.3022143,1,0.4990658,56.8839001,58.3022143,0.434803024
40660,4066,0.519422493,1,1.14792899,0.517550635,60.4827617,53.924231,1,0.49535069,60.4827617,53.924231,0.435947874
40670,4067,0.51548139,1,1.1183432,0.517240561,64.7782092,57.9287333,1,0.499579558,64.7782092,57.9287333,0.451735039
40680,4068,0.514314881,1,1.15384615,0.514442749,60.2690455,61.7967888,1,0.551393537,60.2690455,61.7967888,0.456993064
40690,4069,0.516735127,1,1.12426036,0.514779613,56.9500058,57.0205571,1,0.599057158,56.9500058,57.0205571,0.447401527
40700,4070,0.540765131,1,1.18343195,0.518175279,62.1073492,54.4380487,1,0.645071329,62.1073492,54.4380487,0.443677083
40710,4071,0.53770145,1,1.22485207,0.514852031,64.1955661,59.5661092,1,0.562407147,64.1955661,59.5661092,0.425918112
40720,4072,0.524338817,1,1.21301775,0.516200343,58.7203749,61.0457586,1,0.509793933,58.7203749,61.0457586,0.436277159
40730,4073,0.51363059,1,1.19526627,0.513647923,57.3798479,55.2620679,1,0.507359973,57.3798479,55.2620679,0.456693096
40740,4074,0.515545173,1,1.09467456,0.513849932,63.1184132,54.2339732,1,0.495332416,63.1184132,54.2339732,0.448456329
40750,4075,0.513617623,1,1.13609467,0.515879718,63.7747441,60.131699,1,0.49578914,63.7747441,60.131699,0.456471806
40760,4076,0.524424971,1,1.18343195,0.520743627,57.9208686,60.2092273,1,0.584696528,57.9208686,60.2092273,0.4503376
40770,4077,0.52475094,1,1.14201183,0.513033434,58.5094745,54.3164005,1,0.647216823,58.5094745,54.3164005,0.455550026
40780,4078,0.534802323,1,1.14792899,0.510928196,63.9869723,55.5843113,1,0.651633919,63.9869723,55.5843113,0.432486821
40790,4079,0.536641013,1,1.24852071,0.516761183,62.2339099,60.8137101,1,0.529849373,62.2339099,60.8137101,0.424262951
40800,4080,0.515090285,1,1.17159763,0.513454184,56.9443373,58.5053768,1,0.508730514,56.9443373,58.5053768,0.443946663
40810,4081,0.513925673,1,1.14792899,0.514236566,59.5119045,53.2184602,1,0.511305374,59.5119045,53.2184602,0.452108073
40820,4082,0.50922889,1,1.10059172,0.510639773,64.907011,55.898538,1,0.494170014,64.907011,55.898538,0.46339365
40830,4083,0.511838906,1,1.10650888,0.516161419,62.0880566,61.0402935,1,0.485196405,62.0880566,61.0402935,0.451061557
40840,4084,0.517290248,1,1.17159763,0.524895811,57.2851571,57.919651,1,0.555581251,57.2851571,57.919651,0.440590335
40850,4085,0.529416505,1,1.15384615,0.518466325,61.041777,53.59329,1,0.663343717,61.041777,53.59329,0.440747034
40860,4086,0.532568976,1,1.26035503,0.514965492,64.613093,58.1238804,1,0.533373037,64.613093,58.1238804,0.443763807
40870,4087,0.518536954,1,1.19526627,0.508278975,59.7031852,61.3063639,1,0.516424519,59.7031852,61.3063639,0.450084775
40880,4088,0.520614573,1,1.17159763,0.515391074,56.7700333,56.4101144,1,0.51164249,56.7700333,56.4101144,0.43904576
40890,4089,0.518541339,1,1.18343195,0.515387192,61.6351304,53.4647544,1,0.499470767,61.6351304,53.4647544,0.437477409
40900,4090,0.511555192,1,1.08284024,0.514970234,64.3043631,58.589419,1,0.472904229,64.3043631,58.589419,0.444472896
40910,4091,0.516486627,1,1.18343195,0.522670855,58.9474622,60.7718338,1,0.540501182,58.9474622,60.7718338,0.444954096
40920,4092,0.517661779,1,1.12426036,0.511689651,57.4310279,55.0017772,1,0.625425991,57.4310279,55.0017772,0.45892288
40930,4093,0.536449891,1,1.18343195,0.515361697,63.2291491,54.6674741,1,0.608510792,63.2291491,54.6674741,0.44675005
40940,4094,0.522110402,1,1.21893491,0.511531301,62.7781432,60.5198913,1,0.524384725,62.7781432,60.5198913,0.451520727
40950,4095,0.513203742,1,1.20118343,0.50975617,56.9581571,59.6176647,1,0.498888194,56.9581571,59.6176647,0.453038731
40960,4096,0.515199411,1,1.17159763,0.509721993,57.8216292,53.8518931,1,0.499649017,57.8216292,53.8518931,0.448466852
40970,4097,0.517130727,1,1.16568047,0.517134287,63.2595669,54.7948407,1,0.476778843,63.2595669,54.7948407,0.424545117
40980,4098,0.5146626,1,1.13609467,0.524182606,62.224026,60.2612096,1,0.467379019,62.224026,60.2612096,0.427968457
40990,4099,0.514913319,1,1.18343195,0.521345979,56.7181234,58.7081104,1,0.539417052,56.7181234,58.7081104,0.440058367
41000,4100,0.534512395,1,1.18934911,0.515360232,59.5788247,53.3966041,1,0.653251054,59.5788247,53.3966041,0.464068142
41010,4101,0.526833398,1,1.24852071,0.512145926,64.2135757,57.0869498,1,0.527853675,64.2135757,57.0869498,0.455729914
41020,4102,0.522881756,1,1.24260355,0.508320657,60.4779882,61.4151354,1,0.51330633,60.4779882,61.4151354,0.439794228
41030,4103,0.528954163,1,1.19526627,0.51697056,56.5090717,57.6991025,1,0.511295259,56.5090717,57.6991025,0.418232395
41040,4104,0.524526022,1,1.16568047,0.521439044,60.3005102,53.704755,1,0.50693714,60.3005102,53.704755,0.423634719
41050,4105,0.517135461,1,1.17159763,0.5230105,64.2548575,57.7476358,1,0.501391256,64.2548575,57.7476358,0.435018523
41060,4106,0.509520104,1,1.15976331,0.514359156,59.4100587,61.3211104,1,0.566610312,59.4100587,61.3211104,0.463085846
41070,4107,0.528247259,1,1.17751479,0.513325979,56.7825431,55.9030202,1,0.660311202,56.7825431,55.9030202,0.463199187
41080,4108,0.529066723,1,1.17159763,0.507832792,62.2427667,53.9060742,1,0.666979219,62.2427667,53.9060742,0.44722573
41090,4109,0.531307861,1,1.13609467,0.50895336,63.8317928,59.2737817,1,0.663824117,63.8317928,59.2737817,0.430613218
41100,4110,0.537035135,1,1.25443787,0.518933768,58.4772456,60.3280354,1,0.500520838,58.4772456,60.3280354,0.419795856
41110,4111,0.523963615,1,1.17159763,0.516969276,57.4129398,54.8796156,1,0.520097055,57.4129398,54.8796156,0.427030653
41120,4112,0.521852425,1,1.15384615,0.521308444,63.0613096,54.200009,1,0.506623413,63.0613096,54.200009,0.437623673
41130,4113,0.513106971,1,1.10650888,0.512029717,63.3987272,60.2454465,1,0.5188397,63.3987272,60.2454465,0.465757413
41140,4114,0.506667511,1,1.15384615,0.507974085,57.3644958,60.2984277,1,0.508699834,57.3644958,60.2984277,0.464189534
41150,4115,0.507311227,1,1.14792899,0.517649726,57.4534766,54.6642809,1,0.495630032,57.4534766,54.6642809,0.433449949
41160,4116,0.505480643,1,1.10059172,0.515380408,63.044617,55.2510046,1,0.579759153,63.044617,55.2510046,0.432449309
41170,4117,0.533930164,1,1.16568047,0.513534379,61.5584513,60.5371106,1,0.664531559,61.5584513,60.5371106,0.422388287
41180,4118,0.532954039,1,1.23668639,0.513473523,56.4992372,58.4984507,1,0.525539204,56.4992372,58.4984507,0.419578407
41190,4119,0.520653449,1,1.19526627,0.51608195,59.0558196,53.3768402,1,0.505089104,59.0558196,53.3768402,0.440326721
41200,4120,0.519454406,1,1.16568047,0.517374378,64.1821956,55.9207744,1,0.498074887,64.1821956,55.9207744,0.440221382
41210,4121,0.517894428,1,1.1183432,0.516727751,61.5450525,60.9787173,1,0.493638816,61.5450525,60.9787173,0.438780649
41220,4122,0.505693504,1,1.12426036,0.515523285,56.3601898,58.0960814,1,0.473599653,56.3601898,58.0960814,0.456332115
41230,4123,0.51400178,1,1.16568047,0.519613148,59.617308,53.4167676,1,0.538298246,59.617308,53.4167676,0.438561367
41240,4124,0.529049303,1,1.13609467,0.515089776,63.8321278,57.5316421,1,0.652366464,63.8321278,57.5316421,0.453108257
41250,4125,0.538867945,1,1.19526627,0.520580453,59.1567881,60.933306,1,0.577692053,59.1567881,60.933306,0.444759885
41260,4126,0.524857782,1,1.26035503,0.517040631,56.1517011,55.959888,1,0.506160481,56.1517011,55.959888,0.446984866
41270,4127,0.51847672,1,1.21301775,0.508502265,61.1476787,53.0374065,1,0.515728513,61.1476787,53.0374065,0.445229086
41280,4128,0.51837879,1,1.17159763,0.51382731,63.8560893,57.9600131,1,0.491168052,63.8560893,57.9600131,0.43219232
41290,4129,0.522189558,1,1.1183432,0.522274438,58.8387584,60.4437686,1,0.492584525,58.8387584,60.4437686,0.430650056
41300,4130,0.514999475,1,1.16568047,0.516930284,56.5710615,54.9373115,1,0.533509401,56.5710615,54.9373115,0.458086571
41310,4131,0.510441513,1,1.16568047,0.513985986,62.1960879,53.1737458,1,0.559325882,62.1960879,53.1737458,0.453461937
41320,4132,0.53599807,1,1.18343195,0.51758612,62.8775225,59.052188,1,0.652887746,62.8775225,59.052188,0.455215898
41330,4133,0.53271517,1,1.20710059,0.508936384,57.184567,59.1006139,1,0.584537785,57.184567,59.1006139,0.437935498
41340,4134,0.524016356,1,1.21301775,0.516706448,57.7725325,53.4601654,1,0.510522053,57.7725325,53.4601654,0.436231595
41350,4135,0.51835229,1,1.17159763,0.51239173,63.4003752,54.1329045,1,0.509621194,63.4003752,54.1329045,0.435992999
41360,4136,0.514741976,1,1.13609467,0.516964767,62.5185173,59.8243509,1,0.482740603,62.5185173,59.8243509,0.443027745
41370,4137,0.516933499,1,1.12426036,0.518966266,56.9509841,58.7110709,1,0.497286356,56.9509841,58.7110709,0.436749817
41380,4138,0.516329995,1,1.19526627,0.516413986,58.811894,53.1126882,1,0.563265903,58.811894,53.1126882,0.453812742
41390,4139,0.529151972,1,1.19526627,0.518013134,64.0562815,55.7427854,1,0.660322709,64.0562815,55.7427854,0.451303254
41400,4140,0.535404539,1,1.18343195,0.515762493,60.7533498,60.4716514,1,0.598806232,60.7533498,60.4716514,0.443703694
41410,4141,0.538140332,1,1.24260355,0.515528228,56.4690208,56.9100535,1,0.541536075,56.4690208,56.9100535,0.428568931
41420,4142,0.522288975,1,1.18343195,0.514390311,60.418456,52.7389992,1,0.506709567,60.418456,52.7389992,0.441860858
41430,4143,0.525171548,1,1.19526627,0.519489964,64.4727242,56.4517324,1,0.512862474,64.4727242,56.4517324,0.422877423
41440,4144,0.512486853,1,1.16568047,0.514476129,60.4760384,60.5934705,1,0.48171934,60.4760384,60.5934705,0.44274221
41450,4145,0.519949909,1,1.15976331,0.52396299,56.9859301,56.2208898,1,0.526858173,56.9859301,56.2208898,0.430359127
41460,4146,0.519879146,1,1.18343195,0.515109149,62.1258597,53.0657571,1,0.629903186,62.1258597,53.0657571,0.463928041
41470,4147,0.535728326,1,1.15976331,0.512619706,64.3669958,58.5714184,1,0.653042407,64.3669958,58.5714184,0.457255756
41480,4148,0.539334084,1,1.18343195,0.514172615,59.0011899,60.3556446,1,0.623046136,59.0011899,60.3556446,0.434974914
41490,4149,0.537144368,1,1.23668639,0.517484817,57.6500883,54.8675455,1,0.525627719,57.6500883,54.8675455,0.434766532
41500,4150,0.528289472,1,1.20710059,0.520836582,63.1276101,53.6763983,1,0.509471678,63.1276101,53.6763983,0.431195372
41510,4151,0.521414272,1,1.17751479,0.518087361,64.1286211,59.3348257,1,0.501955741,64.1286211,59.3348257,0.442022145
41520,4152,0.507698685,1,1.10650888,0.511029955,58.1509997,60.0372215,1,0.504868097,58.1509997,60.0372215,0.462980552
41530,4153,0.503488797,1,1.12426036,0.51118866,57.8077192,54.103884,1,0.507034955,57.8077192,54.103884,0.457173824
41540,4154,0.513213408,1,1.13017751,0.517011157,63.4882798,54.3320958,1,0.563525143,63.4882798,54.3320958,0.437318686
41550,4155,0.539491177,1,1.17751479,0.520766121,62.3841551,59.980999,1,0.656918617,62.3841551,59.980999,0.442753618
41560,4156,0.538556119,1,1.18343195,0.516269726,57.0755546,58.1805648,1,0.565952782,57.0755546,58.1805648,0.431200348
41570,4157,0.528848971,1,1.21893491,0.516775335,59.2296255,52.9691855,1,0.511951525,59.2296255,52.9691855,0.433770422
41580,4158,0.510052093,1,1.20710059,0.511414844,64.5837377,55.6562787,1,0.514584182,64.5837377,55.6562787,0.460813449
41590,4159,0.507908335,1,1.09467456,0.507829552,61.5873018,60.7646166,1,0.507301771,61.5873018,60.7646166,0.455562234
41600,4160,0.505834538,1,1.1183432,0.510257292,56.5317505,57.5525795,1,0.475313219,56.5317505,57.5525795,0.4607415
41610,4161,0.513665153,1,1.16568047,0.519365579,59.9493945,53.0114734,1,0.53141576,59.9493945,53.0114734,0.437190706
41620,4162,0.51935918,1,1.14792899,0.520625394,64.1177217,56.858598,1,0.617664328,64.1177217,56.858598,0.436333019
41630,4163,0.5420386,1,1.20118343,0.517934062,59.657423,60.3483692,1,0.618570821,59.657423,60.3483692,0.435637104
41640,4164,0.528981322,1,1.19526627,0.512817386,56.7619297,55.4470403,1,0.516025854,56.7619297,55.4470403,0.437900493
41650,4165,0.522796875,1,1.18934911,0.518272587,61.8555165,52.8465564,1,0.512300991,61.8555165,52.8465564,0.439924302
41660,4166,0.51939714,1,1.14792899,0.516340102,64.4295076,57.9348492,1,0.496905984,64.4295076,57.9348492,0.438637976
41670,4167,0.521364385,1,1.14201183,0.520472963,59.2892661,60.2469834,1,0.486788852,59.2892661,60.2469834,0.433562697
41680,4168,0.511369729,1,1.14792899,0.516744539,57.0718362,54.7541932,1,0.491607791,57.0718362,54.7541932,0.45565311
41690,4169,0.512671018,1,1.15384615,0.518384515,62.7182761,53.2997907,1,0.564032748,62.7182761,53.2997907,0.448518735
41700,4170,0.530548186,1,1.14792899,0.515491665,63.3810617,59.0239669,1,0.657053577,63.3810617,59.0239669,0.443263033
41710,4171,0.532847133,1,1.23076923,0.516236645,57.5407764,58.59431,1,0.537572337,57.5407764,58.59431,0.4504668
41720,4172,0.522198023,1,1.20118343,0.511617938,58.3889761,52.9480843,1,0.508117784,58.3889761,52.9480843,0.439198478
41730,4173,0.522764702,1,1.18343195,0.517959807,63.9729935,53.9484665,1,0.509300125,63.9729935,53.9484665,0.436378417
41740,4174,0.521605868,1,1.15976331,0.516501903,63.0285724,59.4270166,1,0.497547546,63.0285724,59.4270166,0.427642794
41750,4175,0.520657644,1,1.12426036,0.525566478,57.5449445,58.2142747,1,0.474319601,57.5449445,58.2142747,0.432010014
41760,4176,0.520670261,1,1.17159763,0.522083041,59.1927001,52.60521,1,0.541254212,59.1927001,52.60521,0.449698812
41770,4177,0.528309081,1,1.17751479,0.515096434,64.6454822,55.3051617,1,0.638741116,64.6454822,55.3051617,0.468047509
41780,4178,0.527245599,1,1.23076923,0.505571593,61.1790908,60.2642097,1,0.647701858,61.1790908,60.2642097,0.465419754
41790,4179,0.534311739,1,1.23668639,0.51196189,56.8973284,56.5817244,1,0.567053917,56.8973284,56.5817244,0.434422604
41800,4180,0.53605721,1,1.23076923,0.515912623,60.4737438,52.4579433,1,0.521700105,60.4737438,52.4579433,0.419892335
41810,4181,0.528921313,1,1.21301775,0.519070351,64.4247325,56.2038982,1,0.513675544,64.4247325,56.2038982,0.418807057
41820,4182,0.518611542,1,1.18343195,0.519417203,60.4235461,60.1187536,1,0.506421989,60.4235461,60.1187536,0.430601519
41830,4183,0.509764892,1,1.15976331,0.518622815,56.7144833,55.4922508,1,0.528455483,56.7144833,55.4922508,0.456132933
41840,4184,0.515203399,1,1.18343195,0.509214355,61.7139905,52.1866241,1,0.594253037,61.7139905,52.1866241,0.461039732
41850,4185,0.519755418,1,1.17159763,0.511329536,64.4549053,57.4011553,1,0.625663371,64.4549053,57.4011553,0.453154296
41860,4186,0.531509581,1,1.14792899,0.51396046,59.1834428,59.588998,1,0.661441496,59.1834428,59.588998,0.439034528
41870,4187,0.538693376,1,1.24852071,0.519850517,57.6840708,54.1404156,1,0.531609536,57.6840708,54.1404156,0.434701597
41880,4188,0.531824163,1,1.24260355,0.51631441,63.0386815,52.871864,1,0.516398368,63.0386815,52.871864,0.423294202
41890,4189,0.520589677,1,1.17751479,0.517104673,63.8283782,58.5725335,1,0.512717661,63.8283782,58.5725335,0.442700523
41900,4190,0.507379151,1,1.1183432,0.511136486,57.7896707,59.1696293,1,0.4998171,57.7896707,59.1696293,0.466781196
41910,4191,0.514209622,1,1.1183432,0.514920778,57.6546003,53.308082,1,0.52176663,57.6546003,53.308082,0.451007948
41920,4192,0.508438884,1,1.17159763,0.515393679,63.548372,53.526855,1,0.517600486,63.548372,53.526855,0.453679281
41930,4193,0.532835441,1,1.19526627,0.520660752,62.4030913,59.2264073,1,0.660016546,62.4030913,59.2264073,0.447190859
41940,4194,0.535656315,1,1.24260355,0.518134128,56.9786006,57.1059614,1,0.543859435,56.9786006,57.1059614,0.448015945
41950,4195,0.526756356,1,1.22485207,0.511126556,59.449017,51.8904934,1,0.515641069,59.449017,51.8904934,0.443920568
41960,4196,0.523419011,1,1.23668639,0.517345622,64.383012,54.7185325,1,0.51861288,64.383012,54.7185325,0.437462507
41970,4197,0.511450263,1,1.15976331,0.511362244,61.3382677,59.7050712,1,0.498638158,61.3382677,59.7050712,0.449431178
41980,4198,0.518246952,1,1.13609467,0.517382711,56.8142061,56.3079863,1,0.495095111,56.8142061,56.3079863,0.435192396
41990,4199,0.519174032,1,1.21301775,0.519980979,60.7076541,51.8891806,1,0.550112261,60.7076541,51.8891806,0.45302913
42000,4200,0.52061381,1,1.15384615,0.517512194,64.731474,56.1380363,1,0.60222575,64.731474,56.1380363,0.450140683
42010,4201,0.539185633,1,1.19526627,0.516837746,59.8065953,59.381722,1,0.642071352,59.8065953,59.381722,0.453623989
42020,4202,0.526415866,1,1.21301775,0.511556918,57.3379722,54.0818719,1,0.517307473,57.3379722,54.0818719,0.449737013
42030,4203,0.519002522,1,1.20118343,0.512666249,62.8052284,52.0411931,1,0.505336011,62.8052284,52.0411931,0.44889912
42040,4204,0.517448604,1,1.18343195,0.515223183,64.7048753,57.5576744,1,0.506195047,64.7048753,57.5576744,0.448800003
42050,4205,0.517464755,1,1.15384615,0.515804276,59.3662003,59.4216277,1,0.483135383,59.3662003,59.4216277,0.434977875
42060,4206,0.519611577,1,1.13609467,0.521736912,57.9088055,53.8767975,1,0.503565058,57.9088055,53.8767975,0.441012425
42070,4207,0.506845985,1,1.13017751,0.514311491,63.7582994,52.7616852,1,0.522472307,63.7582994,52.7616852,0.458064195
42080,4208,0.523011295,1,1.18934911,0.517719425,64.017475,58.562024,1,0.629441343,64.017475,58.562024,0.446625099
42090,4209,0.543499052,1,1.22485207,0.5209107,58.4141676,57.8913678,1,0.594779001,58.4141676,57.8913678,0.434099995
42100,4210,0.533040339,1,1.24852071,0.514518491,59.5221169,52.3199266,1,0.524449023,59.5221169,52.3199266,0.436964436
42110,4211,0.521010445,1,1.20710059,0.515797606,65.0312192,53.8989357,1,0.509468707,65.0312192,53.8989357,0.440840228
42120,4212,0.516911571,1,1.18343195,0.514778878,63.2976411,59.350439,1,0.510618472,63.2976411,59.350439,0.440038873
42130,4213,0.512826327,1,1.1183432,0.514247387,57.8241418,57.222667,1,0.495525744,57.8241418,57.222667,0.451733078
42140,4214,0.511520468,1,1.14792899,0.513390832,60.3246924,51.9373442,1,0.501221325,60.3246924,51.9373442,0.449769109
42150,4215,0.515017084,1,1.15976331,0.52108235,65.2755732,54.644448,1,0.550533869,65.2755732,54.644448,0.434050904
42160,4216,0.527730521,1,1.1183432,0.515848903,61.8537106,59.2875551,1,0.656842472,61.8537106,59.2875551,0.443677389
42170,4217,0.541214436,1,1.21301775,0.520631221,57.9709027,55.2300371,1,0.561147464,57.9709027,55.2300371,0.432001324
42180,4218,0.524736017,1,1.21893491,0.511715466,62.3060599,51.5201995,1,0.513853261,62.3060599,51.5201995,0.438909915
42190,4219,0.51740612,1,1.19526627,0.512153035,65.6286687,56.3190414,1,0.507651315,65.6286687,56.3190414,0.448987111
42200,4220,0.510285951,1,1.0887574,0.508535125,60.6613246,59.6248255,1,0.492099867,60.6613246,59.6248255,0.458984707
42210,4221,0.516015597,1,1.13609467,0.521278567,57.6317489,54.8376487,1,0.469493809,57.6317489,54.8376487,0.435790722
42220,4222,0.512405611,1,1.14792899,0.521552655,62.5536209,52.0445153,1,0.525922008,62.5536209,52.0445153,0.435322219
42230,4223,0.525877169,1,1.14792899,0.517940824,64.4042788,57.6787066,1,0.655002628,64.4042788,57.6787066,0.456180742
42240,4224,0.532841136,1,1.17159763,0.510557555,58.6523301,58.6594269,1,0.623071749,58.6523301,58.6594269,0.448842864
42250,4225,0.531422289,1,1.23076923,0.514376748,58.4023133,52.9461452,1,0.527386447,58.4023133,52.9461452,0.439903808
42260,4226,0.527135597,1,1.18934911,0.513099844,64.040424,52.8715998,1,0.511371008,64.040424,52.8715998,0.433738727
42270,4227,0.521650051,1,1.18343195,0.518292897,63.9695963,58.4756931,1,0.496810825,63.9695963,58.4756931,0.431118528
42280,4228,0.521861486,1,1.16568047,0.519086226,58.3932529,58.2532103,1,0.491477643,58.3932529,58.2532103,0.429290761
42290,4229,0.512490011,1,1.13017751,0.515453511,59.2685472,52.3735596,1,0.515884649,59.2685472,52.3735596,0.457265039
42300,4230,0.511066649,1,1.15976331,0.514740682,64.9821853,53.7098446,1,0.564919588,64.9821853,53.7098446,0.45137081
42310,4231,0.531012737,1,1.20710059,0.519583494,62.9188096,59.0925911,1,0.655404109,62.9188096,59.0925911,0.443436549
42320,4232,0.5426619,1,1.20118343,0.518331309,57.8796227,56.2475205,1,0.606773609,57.8796227,56.2475205,0.445143628
42330,4233,0.528592426,1,1.23076923,0.514862827,61.1123625,51.5488383,1,0.517222325,61.1123625,51.5488383,0.438719369
42340,4234,0.526047994,1,1.21301775,0.517243641,65.4836305,54.9495863,1,0.517951999,65.4836305,54.9495863,0.426025192
42350,4235,0.518883755,1,1.17159763,0.517042868,61.8114536,59.3825803,1,0.503044256,61.8114536,59.3825803,0.442801194
42360,4236,0.519454463,1,1.19526627,0.521543501,57.6788627,55.6059662,1,0.509520151,57.6788627,55.6059662,0.430639554
42370,4237,0.506147381,1,1.14201183,0.510846819,62.24874,51.5588482,1,0.551677527,62.24874,51.5588482,0.469564457
42380,4238,0.522683799,1,1.17159763,0.51285307,65.4854194,56.5273736,1,0.620547751,65.4854194,56.5273736,0.45613723
42390,4239,0.514822184,1,1.12426036,0.510579502,60.5706469,59.3902214,1,0.614842296,60.5706469,59.3902214,0.437521843
42400,4240,0.541123345,1,1.20118343,0.514380272,58.4543906,54.1959095,1,0.631202982,58.4543906,54.1959095,0.431451493
42410,4241,0.533523311,1,1.20710059,0.520208756,63.6936274,52.5089799,1,0.511192377,63.6936274,52.5089799,0.42339382
42420,4242,0.526852755,1,1.18934911,0.519376044,65.1965265,57.83657,1,0.504661784,65.1965265,57.83657,0.425808818
42430,4243,0.511730337,1,1.13017751,0.512427266,59.3771107,59.1083009,1,0.51660206,59.3771107,59.1083009,0.458211728
42440,4244,0.503746806,1,1.06508876,0.507202989,58.293063,53.1401014,1,0.489746886,58.293063,53.1401014,0.466604025
42450,4245,0.509913622,1,1.10650888,0.515409439,63.9714393,52.2426052,1,0.481492823,63.9714393,52.2426052,0.442220438
42460,4246,0.515574602,1,1.18343195,0.5217488,64.3163725,57.8797413,1,0.552294294,64.3163725,57.8797413,0.434436879
42470,4247,0.530637478,1,1.20118343,0.516779017,58.5679592,57.3703623,1,0.668596547,58.5679592,57.3703623,0.443918282
42480,4248,0.532689704,1,1.22485207,0.511994824,60.0770752,51.8434112,1,0.541323487,60.0770752,51.8434112,0.440713652
42490,4249,0.519589345,1,1.18934911,0.511624414,65.4066491,53.908982,1,0.507553349,65.4066491,53.908982,0.439680765
42500,4250,0.524252173,1,1.16568047,0.517071775,63.271645,59.0548876,1,0.517076224,63.271645,59.0548876,0.428556038
42510,4251,0.515063921,1,1.1183432,0.515293695,57.9677347,56.5946939,1,0.493961208,57.9677347,56.5946939,0.449746921
42520,4252,0.508904599,1,1.07100592,0.515839307,60.6892766,51.3373981,1,0.485997345,60.6892766,51.3373981,0.455381684
42530,4253,0.516210784,1,1.15384615,0.518505761,65.6163926,54.438062,1,0.544864683,65.6163926,54.438062,0.447812496
42540,4254,0.525245351,1,1.15976331,0.515609922,61.7375157,58.9219078,1,0.637276656,61.7375157,58.9219078,0.456060825
42550,4255,0.539611375,1,1.21301775,0.520126608,58.0062949,54.4897218,1,0.625211698,58.0062949,54.4897218,0.445664727
42560,4256,0.531601052,1,1.24260355,0.51835272,62.7079872,51.2713012,1,0.500989224,62.7079872,51.2713012,0.438287023
42570,4257,0.524170688,1,1.23668639,0.511475316,65.8131058,56.0593066,1,0.516874849,65.8131058,56.0593066,0.438979165
42580,4258,0.521472356,1,1.18343195,0.520032845,60.9019377,58.8702945,1,0.505216046,60.9019377,58.8702945,0.435286921
42590,4259,0.51636267,1,1.12426036,0.519319857,58.1448346,53.820778,1,0.488376142,58.1448346,53.820778,0.442553335
42600,4260,0.51589335,1,1.18343195,0.516770277,63.4826032,51.3981477,1,0.522095021,63.4826032,51.3981477,0.450909082
42610,4261,0.526110759,1,1.19526627,0.52228845,65.2672969,56.9881292,1,0.596557645,65.2672969,56.9881292,0.451381999
42620,4262,0.524219266,1,1.15976331,0.513836505,59.6095817,58.3397168,1,0.638442799,59.6095817,58.3397168,0.447455204
42630,4263,0.542333068,1,1.22485207,0.521101529,59.2695277,52.5936814,1,0.555455465,59.2695277,52.5936814,0.442776065
42640,4264,0.532171584,1,1.20710059,0.514875916,64.8867231,52.505781,1,0.519405576,64.8867231,52.505781,0.432144849
42650,4265,0.524841184,1,1.16568047,0.519837719,64.4730157,58.1106018,1,0.504221939,64.4730157,58.1106018,0.432312961
42660,4266,0.518494383,1,1.13609467,0.519222387,58.6768483,57.6370423,1,0.502389078,58.6768483,57.6370423,0.447344666
42670,4267,0.517708328,1,1.14792899,0.517308743,59.4050243,51.8217637,1,0.503227698,59.4050243,51.8217637,0.450822427
42680,4268,0.511597326,1,1.10059172,0.514802737,65.2707149,52.997605,1,0.513757106,65.2707149,52.997605,0.460183449
42690,4269,0.523513871,1,1.16568047,0.515968807,63.4173356,58.6188852,1,0.606530283,63.4173356,58.6188852,0.455302786
42700,4270,0.52564531,1,1.14792899,0.510599378,58.1134359,56.1875262,1,0.658094488,58.1134359,56.1875262,0.448817369
42710,4271,0.534408427,1,1.17159763,0.5077989,60.8408936,51.4130964,1,0.658801285,60.8408936,51.4130964,0.422966462
42720,4272,0.530786237,1,1.20710059,0.517449927,65.2058626,54.7413424,1,0.525866043,65.2058626,54.7413424,0.422238163
42730,4273,0.518386823,1,1.17159763,0.515962376,61.5971754,59.1264624,1,0.514798127,61.5971754,59.1264624,0.436851979
42740,4274,0.513498713,1,1.12426036,0.516851036,57.2205841,55.2139292,1,0.50691817,57.2205841,55.2139292,0.451574944
42750,4275,0.513179258,1,1.08284024,0.51304221,61.2000109,50.9218819,1,0.487211062,61.2000109,50.9218819,0.450230105
42760,4276,0.510902634,1,1.14792899,0.516361181,65.2263451,55.2567621,1,0.514562938,65.2263451,55.2567621,0.455099659
42770,4277,0.520325995,1,1.16568047,0.519130317,60.5886,58.7539121,1,0.600548496,60.5886,58.7539121,0.446808123
42780,4278,0.530298542,1,1.17159763,0.515305782,57.7079436,53.8566857,1,0.659255559,57.7079436,53.8566857,0.437049061
42790,4279,0.537056833,1,1.24260355,0.518206637,63.0693349,51.8161244,1,0.534480458,63.0693349,51.8161244,0.441275773
42800,4280,0.520149154,1,1.21301775,0.510755188,64.7165172,57.4200081,1,0.506846366,64.7165172,57.4200081,0.449304012
42810,4281,0.525137234,1,1.16568047,0.516430404,59.3717778,58.890322,1,0.523691205,59.3717778,58.890322,0.426406914
42820,4282,0.5207012,1,1.13609467,0.521272764,58.1442569,53.3567159,1,0.500790024,58.1442569,53.3567159,0.436009369
42830,4283,0.515973985,1,1.11242604,0.517495148,63.9035366,52.3401293,1,0.504146676,63.9035366,52.3401293,0.449870135
42840,4284,0.516678251,1,1.14201183,0.516280961,64.4135086,58.2530303,1,0.543133113,64.4135086,58.2530303,0.456527083
42850,4285,0.525815925,1,1.22485207,0.518409146,58.5980599,58.1818778,1,0.617588298,58.5980599,58.1818778,0.447375693
42860,4286,0.533854783,1,1.15976331,0.514193782,59.4676005,52.4395735,1,0.66524974,59.4676005,52.4395735,0.446751327
42870,4287,0.535355587,1,1.24852071,0.515258689,64.8597778,54.0178674,1,0.526015933,64.8597778,54.0178674,0.432185775
42880,4288,0.514714569,1,1.23076923,0.51217896,62.7045272,59.4734231,1,0.508722242,62.7045272,59.4734231,0.451219211
42890,4289,0.510530344,1,1.15976331,0.509607067,57.3735275,56.9780593,1,0.514096837,57.3735275,56.9780593,0.452778395
42900,4290,0.504526514,1,1.1183432,0.507512397,60.1428448,51.5947124,1,0.483503525,60.1428448,51.5947124,0.465683578
42910,4291,0.511837969,1,1.1183432,0.514955155,65.068055,54.4424744,1,0.494010137,65.068055,54.4424744,0.437633789
42920,4292,0.50876375,1,1.18343195,0.521148487,61.9973962,59.206853,1,0.518844366,61.9973962,59.206853,0.436013739
42930,4293,0.526691502,1,1.14792899,0.518699998,57.7042509,55.4513248,1,0.647270709,57.7042509,55.4513248,0.438765672
42940,4294,0.538532634,1,1.18343195,0.513193713,62.1487341,51.8519232,1,0.581944065,62.1487341,51.8519232,0.439937616
42950,4295,0.530247801,1,1.18934911,0.520202776,65.2052181,56.5738323,1,0.512532276,65.2052181,56.5738323,0.432677915
42960,4296,0.521779622,1,1.17751479,0.517466126,60.3079838,59.5107953,1,0.48988536,60.3079838,59.5107953,0.43926145
42970,4297,0.523662738,1,1.20118343,0.519581764,57.6070407,54.5609667,1,0.515888191,57.6070407,54.5609667,0.433752691
42980,4298,0.508555125,1,1.13017751,0.511762259,62.9639891,51.779189,1,0.480317506,62.9639891,51.779189,0.464319722
42990,4299,0.504575952,1,1.10059172,0.516413246,65.4048097,56.8757761,1,0.462379087,65.4048097,56.8757761,0.434685528
43000,4300,0.50624944,1,1.17159763,0.52195594,60.278144,58.9020273,1,0.511634007,60.278144,58.9020273,0.424043614
43010,4301,0.536537718,1,1.20118343,0.519452768,59.1108202,53.3286119,1,0.663706185,59.1108202,53.3286119,0.438026799
43020,4302,0.534353819,1,1.21893491,0.513547541,64.8728779,53.1430998,1,0.560806837,64.8728779,53.1430998,0.443464868
43030,4303,0.52040379,1,1.19526627,0.514769688,64.4426471,58.9790903,1,0.503447212,64.4426471,58.9790903,0.450140573
43040,4304,0.518565964,1,1.18343195,0.513765208,58.5930818,58.44782,1,0.508377823,58.5930818,58.44782,0.451818561
43050,4305,0.520888109,1,1.18934911,0.514719613,59.0716395,52.8186733,1,0.502640572,59.0716395,52.8186733,0.434573245
43060,4306,0.518606447,1,1.13609467,0.52118125,64.6557333,53.409508,1,0.465142221,64.6557333,53.409508,0.431943383
43070,4307,0.515042369,1,1.15384615,0.519515203,63.6663405,59.0436413,1,0.511606635,63.6663405,59.0436413,0.440026597
43080,4308,0.523427354,1,1.21301775,0.521354995,58.1600787,57.2458124,1,0.603865558,58.1600787,57.2458124,0.445563985
43090,4309,0.537363667,1,1.18343195,0.516151467,60.7942132,52.0073676,1,0.661547181,60.7942132,52.0073676,0.451034105
43100,4310,0.529183449,1,1.23668639,0.511324404,65.5493115,55.3051757,1,0.547652177,65.5493115,55.3051757,0.445134767
43110,4311,0.525170316,1,1.23076923,0.514214579,61.8705929,59.6741485,1,0.517955219,61.8705929,59.6741485,0.439343875
43120,4312,0.524595422,1,1.18934911,0.518019834,57.6681774,55.8901241,1,0.511880934,57.6681774,55.8901241,0.435000758
43130,4313,0.518685176,1,1.17751479,0.517721099,61.3238676,51.619159,1,0.503764551,61.3238676,51.619159,0.432450107
43140,4314,0.516102935,1,1.15384615,0.520939649,65.2361323,55.7528135,1,0.515092633,65.2361323,55.7528135,0.437805954
43150,4315,0.511325371,1,1.17751479,0.51231337,60.3466451,59.3481968,1,0.588322967,60.3466451,59.3481968,0.466853159
43160,4316,0.526773966,1,1.14201183,0.511649536,57.6449908,54.1071884,1,0.654410352,57.6449908,54.1071884,0.453566444
43170,4317,0.532583581,1,1.15976331,0.512868502,62.909783,51.9470042,1,0.663460935,62.909783,51.9470042,0.437748628
43180,4318,0.538753883,1,1.25443787,0.517595087,64.4030153,57.3533107,1,0.515677758,64.4030153,57.3533107,0.431441049
43190,4319,0.525813612,1,1.17159763,0.515426943,58.9288275,58.6395701,1,0.514609644,58.9288275,58.6395701,0.432559429
43200,4320,0.520551346,1,1.15384615,0.518750954,57.8787179,53.0569937,1,0.4993513,57.8787179,53.0569937,0.436960248
43210,4321,0.515952311,1,1.15976331,0.514727722,63.6950114,52.3195659,1,0.514352865,63.6950114,52.3195659,0.450988856
43220,4322,0.50786772,1,1.15384615,0.511031859,64.0172792,58.3749013,1,0.508168999,64.0172792,58.3749013,0.466454226
43230,4323,0.513826517,1,1.15976331,0.512546874,58.1775396,58.3096997,1,0.556874777,58.1775396,58.3096997,0.449238739
43240,4324,0.53278093,1,1.19526627,0.518658014,59.2097007,52.5127077,1,0.654637935,59.2097007,52.5127077,0.452935674
43250,4325,0.524225781,1,1.13609467,0.507363358,64.6496741,53.809884,1,0.672659207,64.6496741,53.809884,0.430191766
43260,4326,0.53541515,1,1.25443787,0.517366513,62.4429578,58.8670325,1,0.513509813,62.4429578,58.8670325,0.424433824
43270,4327,0.522000021,1,1.17159763,0.517302604,57.317233,56.4768137,1,0.51853727,57.317233,56.4768137,0.435048801
43280,4328,0.517515146,1,1.16568047,0.514194916,60.1325014,51.3430981,1,0.503257289,60.1325014,51.3430981,0.450382951
43290,4329,0.514183369,1,1.13017751,0.514636542,65.1792012,54.365917,1,0.479721356,65.1792012,54.365917,0.452518352
43300,4330,0.514263716,1,1.13017751,0.5186121,62.1575803,59.2114318,1,0.484324025,62.1575803,59.2114318,0.439265164
43310,4331,0.511086263,1,1.15976331,0.522122178,57.4770262,55.856382,1,0.52849303,57.4770262,55.856382,0.442985738
43320,4332,0.533650017,1,1.20710059,0.516086745,61.8325543,51.8081978,1,0.662799912,61.8325543,51.8081978,0.457407281
43330,4333,0.533042821,1,1.20118343,0.512633746,64.9764144,56.7008964,1,0.55107636,64.9764144,56.7008964,0.44736147
43340,4334,0.533305338,1,1.24260355,0.514486714,60.1437851,59.5012808,1,0.519615516,60.1437851,59.5012808,0.42964454
43350,4335,0.530697013,1,1.20710059,0.51954356,57.6029926,54.6312045,1,0.518104807,57.6029926,54.6312045,0.422540005
43360,4336,0.516595181,1,1.16568047,0.522414772,62.9208896,52.1811295,1,0.496999691,62.9208896,52.1811295,0.45039691
43370,4337,0.513145053,1,1.09467456,0.512105441,65.2816238,57.5700907,1,0.502929167,65.2816238,57.5700907,0.452566441
43380,4338,0.51903265,1,1.17751479,0.518068357,59.5784502,59.0966054,1,0.564164759,59.5784502,59.0966054,0.454148766
43390,4339,0.512857178,1,1.13609467,0.512094124,58.3918586,53.3022074,1,0.591825986,58.3918586,53.3022074,0.454972834
43400,4340,0.540422578,1,1.22485207,0.517531229,64.2838602,53.3231382,1,0.625955537,64.2838602,53.3231382,0.453233747
43410,4341,0.524291572,1,1.23076923,0.510614857,63.5946541,59.0557605,1,0.514034225,63.5946541,59.0557605,0.44414643
43420,4342,0.518836241,1,1.20118343,0.515020796,57.9758987,57.947825,1,0.503152454,57.9758987,57.947825,0.440534467
43430,4343,0.519445962,1,1.14792899,0.51425229,59.2132354,52.4263168,1,0.501727892,59.2132354,52.4263168,0.435265374
43440,4344,0.517598813,1,1.15384615,0.520438199,64.7397403,53.8527065,1,0.479658503,64.7397403,53.8527065,0.439047144
43450,4345,0.516342639,1,1.13017751,0.520280328,63.1141042,59.3970127,1,0.499940985,63.1141042,59.3970127,0.44443984
43460,4346,0.521571699,1,1.21301775,0.520455495,57.7397787,56.9386661,1,0.595488535,57.7397787,56.9386661,0.454607207
43470,4347,0.536106524,1,1.19526627,0.51557685,61.0748236,52.0315397,1,0.657267389,61.0748236,52.0315397,0.456397092
43480,4348,0.532788789,1,1.15384615,0.50766349,65.5682579,55.5703306,1,0.635062861,65.5682579,55.5703306,0.439970368
43490,4349,0.54215181,1,1.24260355,0.516959438,61.7624881,59.559898,1,0.549227617,61.7624881,59.559898,0.424128286
43500,4350,0.521038249,1,1.19526627,0.515207333,57.8772927,55.3387521,1,0.510481749,57.8772927,55.3387521,0.441305327
43510,4351,0.522712452,1,1.16568047,0.519368509,61.8707099,51.5734259,1,0.510078243,61.8707099,51.5734259,0.422202331
43520,4352,0.516676168,1,1.1183432,0.515781731,65.6767739,55.9322451,1,0.491153548,65.6767739,55.9322451,0.445127647
43530,4353,0.513889146,1,1.14792899,0.518401183,60.822713,59.3582543,1,0.510399513,60.822713,59.3582543,0.457025673
43540,4354,0.520212262,1,1.18934911,0.5163516,58.175275,53.9781354,1,0.624028364,58.175275,53.9781354,0.461247389
43550,4355,0.531230719,1,1.17159763,0.512346158,63.8023284,52.1725366,1,0.657577314,63.8023284,52.1725366,0.454588165
43560,4356,0.52828902,1,1.21893491,0.512235467,64.7739086,57.8835411,1,0.535039806,64.7739086,57.8835411,0.445619974
43570,4357,0.526817765,1,1.18934911,0.513502064,59.1896318,58.4410913,1,0.510160864,59.1896318,58.4410913,0.431695498
43580,4358,0.522994147,1,1.15384615,0.517977864,58.6578423,52.8889409,1,0.505863929,58.6578423,52.8889409,0.42904307
43590,4359,0.520064172,1,1.13609467,0.518143329,64.1354799,52.2943686,1,0.485039098,64.1354799,52.2943686,0.423831709
43600,4360,0.519370994,1,1.10650888,0.523090001,64.3685205,57.8898867,1,0.500349705,64.3685205,57.8898867,0.430797605
43610,4361,0.515121031,1,1.20118343,0.517239027,58.4600447,57.6870006,1,0.539446518,58.4600447,57.6870006,0.45476601
43620,4362,0.534190986,1,1.22485207,0.52007362,59.6408328,51.8836474,1,0.654050895,59.6408328,51.8836474,0.455558494
43630,4363,0.536741935,1,1.18343195,0.515278262,65.1745679,53.9719321,1,0.644782167,65.1745679,53.9719321,0.454973549
43640,4364,0.535998906,1,1.17751479,0.510039145,62.7818281,59.038889,1,0.577558765,62.7818281,59.038889,0.431038761
43650,4365,0.529224281,1,1.20710059,0.514462271,57.9399775,56.3331868,1,0.514686174,57.9399775,56.3331868,0.426658566
43660,4366,0.518279204,1,1.19526627,0.517710081,61.0239504,51.5340323,1,0.513071464,61.0239504,51.5340323,0.438817483
43670,4367,0.513290288,1,1.13017751,0.511832879,65.8196391,54.9536362,1,0.511382569,65.8196391,54.9536362,0.453078366
43680,4368,0.505097743,1,1.10650888,0.508986341,61.894624,59.6150364,1,0.497936569,61.894624,59.6150364,0.468753828
43690,4369,0.512195415,1,1.16568047,0.517086181,57.8263844,55.4448809,1,0.550602398,57.8263844,55.4448809,0.448143911
43700,4370,0.526230208,1,1.14792899,0.5160696,62.492623,51.969705,1,0.656925667,62.492623,51.969705,0.447548415
43710,4371,0.53988523,1,1.23076923,0.518739542,65.077935,56.9489578,1,0.569228048,65.077935,56.9489578,0.431570664
43720,4372,0.522043918,1,1.20118343,0.513374649,59.7170695,59.0972968,1,0.513806877,59.7170695,59.0972968,0.444254842
43730,4373,0.521783634,1,1.18343195,0.514715853,57.8907261,53.7709651,1,0.514620804,57.8907261,53.7709651,0.433134571
43740,4374,0.520980181,1,1.17159763,0.519805118,63.2462256,52.011965,1,0.501710735,63.2462256,52.011965,0.433613248
43750,4375,0.51566771,1,1.13017751,0.518303586,64.8416484,57.603962,1,0.497096646,64.8416484,57.603962,0.44731814
43760,4376,0.517145534,1,1.17751479,0.516609025,59.0143939,58.6968114,1,0.547955612,59.0143939,58.6968114,0.45606508
43770,4377,0.523135218,1,1.17751479,0.515336154,58.63786,52.7912535,1,0.61216145,58.63786,52.7912535,0.455196114
43780,4378,0.534994457,1,1.15976331,0.517358307,64.4500075,53.2182085,1,0.669407703,64.4500075,53.2182085,0.448292947
43790,4379,0.538345637,1,1.22485207,0.512509266,63.3964451,58.7980123,1,0.572894538,63.3964451,58.7980123,0.436799846
43800,4380,0.516995006,1,1.18343195,0.514238293,57.8898056,56.9100891,1,0.508296408,57.8898056,56.9100891,0.447790977
43810,4381,0.512565171,1,1.18934911,0.509959577,59.951204,51.4543565,1,0.510695393,59.951204,51.4543565,0.448629613
43820,4382,0.512960726,1,1.14201183,0.514642369,65.3829694,53.616555,1,0.481940203,65.3829694,53.616555,0.449715082
43830,4383,0.515199768,1,1.10650888,0.516864048,63.1775841,58.7427595,1,0.481875974,63.1775841,58.7427595,0.429267275
43840,4384,0.515435024,1,1.15976331,0.523552879,58.113648,56.0391559,1,0.542544721,58.113648,56.0391559,0.441574115
43850,4385,0.537712161,1,1.16568047,0.523338741,61.6215302,51.3414866,1,0.662687488,61.6215302,51.3414866,0.450990586
43860,4386,0.536817194,1,1.21893491,0.513248109,65.6946426,55.5447796,1,0.565969435,65.6946426,55.5447796,0.450232788
43870,4387,0.520537706,1,1.23076923,0.50833276,61.0049607,59.1754054,1,0.51763513,61.0049607,59.1754054,0.456216501
43880,4388,0.51895966,1,1.19526627,0.505649228,57.5128376,54.6159846,1,0.51863545,57.5128376,54.6159846,0.441777218
43890,4389,0.522623857,1,1.17751479,0.514853833,62.0865504,51.4408554,1,0.500674147,62.0865504,51.4408554,0.428291603
43900,4390,0.518094477,1,1.10650888,0.522171444,65.2492737,56.0411678,1,0.476477378,65.2492737,56.0411678,0.429432625
43910,4391,0.512734778,1,1.15384615,0.517701903,60.3021087,58.9445178,1,0.519670906,60.3021087,58.9445178,0.441245428
43920,4392,0.514867852,1,1.18934911,0.512334734,58.2639077,53.2296442,1,0.612478737,58.2639077,53.2296442,0.466727522
43930,4393,0.536272865,1,1.17159763,0.513659422,63.9853979,52.0524787,1,0.656286588,63.9853979,52.0524787,0.449333285
43940,4394,0.535321981,1,1.22485207,0.511993242,64.5798953,57.8715506,1,0.595274422,64.5798953,57.8715506,0.44995085
43950,4395,0.53236666,1,1.25443787,0.512672604,58.9473669,58.0162716,1,0.524435183,58.9473669,58.0162716,0.433414408
43960,4396,0.524512849,1,1.20118343,0.517281007,59.0237863,52.4425298,1,0.504639048,59.0237863,52.4425298,0.428789669
43970,4397,0.519895814,1,1.17751479,0.517573595,64.6705089,52.6637048,1,0.502410271,64.6705089,52.6637048,0.434696345
43980,4398,0.509439987,1,1.09467456,0.512958831,63.7541985,58.5585616,1,0.511893787,63.7541985,58.5585616,0.458896029
43990,4399,0.505142411,1,1.12426036,0.512869564,57.9689582,57.3989503,1,0.50843084,57.9689582,57.3989503,0.453870301
44000,4400,0.523879748,1,1.15384615,0.520929874,59.7291195,51.9229819,1,0.608098146,59.7291195,51.9229819,0.442454137
44010,4401,0.545003963,1,1.18934911,0.522997951,64.8940358,54.7840758,1,0.618255891,64.8940358,54.7840758,0.454186438
44020,4402,0.527557028,1,1.25443787,0.509642957,61.6687958,59.6247585,1,0.530742226,61.6687958,59.6247585,0.447440998
44030,4403,0.523520997,1,1.18343195,0.515410172,57.3586148,55.913616,1,0.513914327,57.3586148,55.913616,0.437517465
44040,4404,0.517522746,1,1.17159763,0.517794028,61.2327539,51.5669797,1,0.503123914,61.2327539,51.5669797,0.447889197
44050,4405,0.523582285,1,1.18934911,0.521993458,65.384409,55.0926623,1,0.490786608,65.384409,55.0926623,0.418977893
44060,4406,0.506771227,1,1.13017751,0.515317451,61.1727498,59.1710861,1,0.506671209,61.1727498,59.1710861,0.450979308
44070,4407,0.52052462,1,1.18934911,0.5176547,57.7663586,54.3576231,1,0.609058975,57.7663586,54.3576231,0.453604415
44080,4408,0.535689932,1,1.18934911,0.514552797,63.1880798,51.7791616,1,0.649547076,63.1880798,51.7791616,0.461817378
44090,4409,0.532656714,1,1.20118343,0.510772067,65.0634077,57.245554,1,0.596312629,65.0634077,57.245554,0.444548179
44100,4410,0.534138404,1,1.24260355,0.513353836,59.621033,58.624308,1,0.519409743,59.621033,58.624308,0.431869513
44110,4411,0.526154484,1,1.19526627,0.520496524,58.3576244,53.2534787,1,0.512407812,58.3576244,53.2534787,0.424417522
44120,4412,0.5242538,1,1.18934911,0.523269738,63.6822387,52.0138394,1,0.50501855,63.6822387,52.0138394,0.420539409
44130,4413,0.518771581,1,1.1183432,0.518390899,64.5876926,57.7186532,1,0.516222972,64.5876926,57.7186532,0.444324818
44140,4414,0.508656405,1,1.18934911,0.509557904,58.483723,58.0887499,1,0.538168431,58.483723,58.0887499,0.4703984
44150,4415,0.519462533,1,1.14792899,0.514262458,58.6504822,52.2583502,1,0.587406786,58.6504822,52.2583502,0.44867569
44160,4416,0.53769743,1,1.20710059,0.515926184,64.5064906,53.4445866,1,0.647468334,64.5064906,53.4445866,0.459611301
44170,4417,0.536756135,1,1.21893491,0.510666238,62.9408168,58.8675728,1,0.608170498,62.9408168,58.8675728,0.434190491
44180,4418,0.532432394,1,1.25443787,0.518086953,57.8165226,56.7909758,1,0.515356601,57.8165226,56.7909758,0.425313298
44190,4419,0.514664511,1,1.18343195,0.512660335,60.3349261,51.4959825,1,0.51506117,60.3349261,51.4959825,0.451029789
44200,4420,0.512017874,1,1.1183432,0.512531027,65.431762,54.438224,1,0.501642314,65.431762,54.438224,0.45270078
44210,4421,0.511227121,1,1.11242604,0.515260247,62.1367254,59.3182924,1,0.51108403,62.1367254,59.3182924,0.452947832
44220,4422,0.508365792,1,1.17751479,0.514498722,57.497259,55.7611038,1,0.535343567,57.497259,55.7611038,0.449708908
44230,4423,0.532150631,1,1.18934911,0.516352525,61.8494601,51.8217805,1,0.65949819,61.8494601,51.8217805,0.451558263
44240,4424,0.535918968,1,1.17751479,0.512338375,65.0592747,56.6184713,1,0.587137481,65.0592747,56.6184713,0.443967802
44250,4425,0.538080829,1,1.27810651,0.515860293,60.3911627,59.4026701,1,0.529639614,60.3911627,59.4026701,0.418103867
44260,4426,0.53224198,1,1.19526627,0.520992603,57.7930089,54.6290295,1,0.516092105,57.7930089,54.6290295,0.418068587
44270,4427,0.516644305,1,1.14201183,0.519292643,63.0376422,52.1033641,1,0.496602981,63.0376422,52.1033641,0.447776655
44280,4428,0.514913575,1,1.1183432,0.513997184,65.2804191,57.5630529,1,0.51472822,65.2804191,57.5630529,0.454030273
44290,4429,0.509181954,1,1.14792899,0.511420535,59.461643,59.2610387,1,0.552371853,59.461643,59.2610387,0.466266238
44300,4430,0.510532369,1,1.13017751,0.509504318,58.3015506,53.4324051,1,0.589956389,58.3015506,53.4324051,0.457150834
44310,4431,0.538478866,1,1.18343195,0.517809417,64.1017082,53.3248793,1,0.651927941,64.1017082,53.3248793,0.446242633
44320,4432,0.534114285,1,1.23076923,0.513227495,63.641951,58.961575,1,0.53897961,63.641951,58.961575,0.435031894
44330,4433,0.525903823,1,1.20710059,0.517453213,58.0589243,58.0796937,1,0.505937979,58.0589243,58.0796937,0.434788273
44340,4434,0.518459604,1,1.14792899,0.513621672,59.1881227,52.5016537,1,0.510301122,59.1881227,52.5016537,0.437783679
44350,4435,0.51560815,1,1.15976331,0.519364634,64.8183102,53.966014,1,0.488586118,64.8183102,53.966014,0.447500378
44360,4436,0.510901401,1,1.10650888,0.515011211,63.2221213,59.6604929,1,0.494278127,63.2221213,59.6604929,0.454919906
44370,4437,0.520962207,1,1.15976331,0.521474761,57.8927649,57.3579515,1,0.573808219,57.8927649,57.3579515,0.4465763
44380,4438,0.536774426,1,1.20710059,0.517970075,60.9640598,52.275682,1,0.665088343,60.9640598,52.275682,0.456785237
44390,4439,0.525774998,1,1.11242604,0.504853444,65.5992577,55.6638896,1,0.663930364,65.5992577,55.6638896,0.441655106
44400,4440,0.540090731,1,1.24260355,0.519264571,61.67784,59.6637744,1,0.527206709,61.67784,59.6637744,0.430883195
44410,4441,0.523987065,1,1.18343195,0.518751405,57.8400838,55.5340237,1,0.50804459,57.8400838,55.5340237,0.433666176
44420,4442,0.525629239,1,1.20118343,0.519708746,61.6807845,51.7694738,1,0.516045987,61.6807845,51.7694738,0.413691831
44430,4443,0.516667283,1,1.16568047,0.517109734,65.4670196,56.1362877,1,0.497127235,65.4670196,56.1362877,0.444590363
44440,4444,0.510509111,1,1.12426036,0.512736132,60.5820319,59.6451844,1,0.510368305,60.5820319,59.6451844,0.462661838
44450,4445,0.513860218,1,1.18343195,0.518175094,57.7497901,54.5226402,1,0.550290021,57.7497901,54.5226402,0.450259967
44460,4446,0.533786665,1,1.15384615,0.517112212,63.2847424,52.5143083,1,0.666135254,63.2847424,52.5143083,0.452926669
44470,4447,0.535404115,1,1.18934911,0.513759976,64.4503165,58.1559118,1,0.575249138,64.4503165,58.1559118,0.443134703
44480,4448,0.526066115,1,1.20118343,0.516256797,58.8202817,58.8119953,1,0.512273434,58.8202817,58.8119953,0.436010269
44490,4449,0.520423695,1,1.20710059,0.514508656,58.3679188,53.1269596,1,0.513713486,58.3679188,53.1269596,0.438692676
44500,4450,0.521376847,1,1.17159763,0.518847501,64.0515446,52.9064603,1,0.497834608,64.0515446,52.9064603,0.437530881
44510,4451,0.514785699,1,1.10650888,0.517516665,64.0671455,58.7966916,1,0.487701931,64.0671455,58.7966916,0.453096309
44520,4452,0.515239915,1,1.17159763,0.517970017,58.227392,58.2615363,1,0.533309908,58.227392,58.2615363,0.451094085
44530,4453,0.537862352,1,1.14792899,0.522442353,59.7038361,52.5409006,1,0.652330017,59.7038361,52.5409006,0.454468678
44540,4454,0.533826088,1,1.20118343,0.513318459,65.2759568,54.784433,1,0.622061482,65.2759568,54.784433,0.46206359
44550,4455,0.534466702,1,1.21301775,0.51221938,62.6785729,59.7806291,1,0.549872408,62.6785729,59.7806291,0.433155332
44560,4456,0.525267221,1,1.18934911,0.518277439,57.873784,56.698343,1,0.504238603,57.873784,56.698343,0.439112094
44570,4457,0.529049083,1,1.20710059,0.513451082,60.5235718,51.9944191,1,0.517548559,60.5235718,51.9944191,0.415301101
44580,4458,0.518298946,1,1.14792899,0.520342994,65.1931047,55.1285861,1,0.488117099,65.1931047,55.1285861,0.432602829
44590,4459,0.515021749,1,1.13609467,0.52011862,62.0284605,59.7690277,1,0.488001341,62.0284605,59.7690277,0.43206311
44600,4460,0.51579219,1,1.16568047,0.517045012,57.5883501,55.9703616,1,0.537559838,57.5883501,55.9703616,0.449486519
44610,4461,0.532415842,1,1.18934911,0.517579897,62.2729797,52.2757814,1,0.659069924,62.2729797,52.2757814,0.458939334
44620,4462,0.522903957,1,1.14792899,0.509285391,65.5466207,56.8540957,1,0.660482651,65.5466207,56.8540957,0.432945651
44630,4463,0.537449585,1,1.23668639,0.513282428,60.4432491,59.4336129,1,0.55047471,60.4432491,59.4336129,0.439864896
44640,4464,0.522557447,1,1.18934911,0.513884975,58.2654598,54.1623884,1,0.505274877,58.2654598,54.1623884,0.438721742
44650,4465,0.520634777,1,1.18343195,0.516153248,63.685546,52.1590438,1,0.500115945,63.685546,52.1590438,0.444497749
44660,4466,0.517171576,1,1.17159763,0.515734202,65.6389865,57.5951963,1,0.487142912,65.6389865,57.5951963,0.444344363
44670,4467,0.522112489,1,1.15976331,0.521452596,60.0615881,59.1132829,1,0.521636535,60.0615881,59.1132829,0.444639073
44680,4468,0.516737673,1,1.18934911,0.515004735,59.1522737,53.1344504,1,0.584534685,59.1522737,53.1344504,0.465198888
44690,4469,0.524727579,1,1.1183432,0.512618423,65.0617078,53.0007622,1,0.650482904,65.0617078,53.0007622,0.45468816
44700,4470,0.536282353,1,1.20710059,0.51448116,64.2768789,58.8075053,1,0.590564569,64.2768789,58.8075053,0.450733933
44710,4471,0.523744079,1,1.19526627,0.50620598,58.648374,57.5085422,1,0.522968317,58.648374,57.5085422,0.444342297
44720,4472,0.527391615,1,1.23076923,0.51889614,60.314089,52.3273182,1,0.513361241,60.314089,52.3273182,0.418645948
44730,4473,0.521685864,1,1.16568047,0.519782242,65.751249,54.0149538,1,0.497021294,65.751249,54.0149538,0.437926956
44740,4474,0.516946258,1,1.13017751,0.521153012,63.9445038,59.4823342,1,0.476006833,63.9445038,59.4823342,0.442936519
44750,4475,0.514407974,1,1.12426036,0.521088039,58.58205,57.3251946,1,0.506052284,58.58205,57.3251946,0.444620453
44760,4476,0.521630172,1,1.19526627,0.515720844,61.6830485,52.1892674,1,0.6174022,61.6830485,52.1892674,0.461499612
44770,4477,0.532786259,1,1.18934911,0.517792984,66.1150046,56.1147478,1,0.656559064,66.1150046,56.1147478,0.455418602
44780,4478,0.531997561,1,1.24260355,0.515844209,61.774038,59.9866037,1,0.534594013,61.774038,59.9866037,0.447446793
44790,4479,0.527699867,1,1.26627219,0.507938432,58.1579311,55.5884646,1,0.50677867,58.1579311,55.5884646,0.437987984
44800,4480,0.532009028,1,1.18934911,0.519099276,62.5238448,52.3328494,1,0.513591972,62.5238448,52.3328494,0.418932373
44810,4481,0.514097471,1,1.14201183,0.516501717,65.8190585,57.1740034,1,0.494960397,65.8190585,57.1740034,0.450477753
44820,4482,0.507756707,1,1.10650888,0.512212253,60.756267,60.2997602,1,0.489303143,60.756267,60.2997602,0.457690454
44830,4483,0.514542844,1,1.15384615,0.517123161,58.1755031,55.0614415,1,0.548859873,58.1755031,55.0614415,0.449196032
44840,4484,0.515624543,1,1.17751479,0.512993242,63.8529327,53.1278647,1,0.627088481,63.8529327,53.1278647,0.461358471
44850,4485,0.542687789,1,1.17159763,0.518159708,64.8195544,58.6400493,1,0.659699281,64.8195544,58.6400493,0.430484361
44860,4486,0.535437822,1,1.24260355,0.51344913,59.1305709,59.0340863,1,0.541770029,59.1305709,59.0340863,0.438662562
44870,4487,0.531442622,1,1.22485207,0.516545465,59.0450718,53.4907132,1,0.508070736,59.0450718,53.4907132,0.426464035
44880,4488,0.526292232,1,1.18934911,0.517762549,64.5888822,53.4267502,1,0.52150248,64.5888822,53.4267502,0.426475337
44890,4489,0.516523033,1,1.14792899,0.517965907,64.2393319,59.1732883,1,0.507034152,64.2393319,59.1732883,0.442858426
44900,4490,0.512666908,1,1.10059172,0.516387881,58.3807259,58.6145742,1,0.495753224,58.3807259,58.6145742,0.452706693
44910,4491,0.518726149,1,1.15976331,0.51808198,59.629435,52.8490889,1,0.559598027,59.629435,52.8490889,0.453781582
44920,4492,0.523388344,1,1.15384615,0.516489546,65.1359453,54.8343519,1,0.644619027,65.1359453,54.8343519,0.4502657
44930,4493,0.544377202,1,1.17751479,0.519240033,62.4307388,59.8978276,1,0.628782464,62.4307388,59.8978276,0.441600961
44940,4494,0.532574151,1,1.24852071,0.517116745,57.5923515,56.7598259,1,0.518632719,57.5923515,56.7598259,0.443607091
44950,4495,0.532834946,1,1.19526627,0.515330809,60.7374118,52.2705037,1,0.521566495,60.7374118,52.2705037,0.421643852
44960,4496,0.522938054,1,1.15384615,0.519068303,65.1413717,55.9705623,1,0.499921828,65.1413717,55.9705623,0.442460148
44970,4497,0.517415454,1,1.17751479,0.520189568,61.547284,60.3487571,1,0.487436791,61.547284,60.3487571,0.435727346
44980,4498,0.508035421,1,1.07692308,0.517184794,57.2605972,56.58781,1,0.481709386,57.2605972,56.58781,0.438666667
44990,4499,0.515541657,1,1.18343195,0.52025148,61.5802705,52.8345615,1,0.560119518,61.5802705,52.8345615,0.440188582
45000,4500,0.535706641,1,1.17751479,0.518368909,64.6608146,57.8552108,1,0.662833495,64.6608146,57.8552108,0.453106775
45010,4501,0.536425781,1,1.18343195,0.513225274,59.4025626,60.2240507,1,0.621342516,59.4025626,60.2240507,0.443630902
45020,4502,0.530338472,1,1.23076923,0.516907693,57.7306195,54.7320564,1,0.511702575,57.7306195,54.7320564,0.441604087
45030,4503,0.518384407,1,1.21301775,0.509451718,63.4363317,53.2580527,1,0.506532075,63.4363317,53.2580527,0.453310237
45040,4504,0.520405051,1,1.17159763,0.516690317,64.6843847,58.8016049,1,0.511516842,64.6843847,58.8016049,0.437100504
45050,4505,0.516566919,1,1.1183432,0.518436957,59.0284843,59.8587129,1,0.482143027,59.0284843,59.8587129,0.442603159
45060,4506,0.519671645,1,1.11242604,0.520117324,58.4564477,54.0671451,1,0.52798528,58.4564477,54.0671451,0.447673038
45070,4507,0.521113146,1,1.17751479,0.517126172,64.4707332,54.1472702,1,0.610887934,64.4707332,54.1472702,0.462678404
45080,4508,0.533977326,1,1.17159763,0.515232642,63.7253722,59.8246879,1,0.663046592,63.7253722,59.8246879,0.440472015
45090,4509,0.539712546,1,1.21893491,0.519283176,58.1942789,58.1783869,1,0.574775518,58.1942789,58.1783869,0.443915477
45100,4510,0.533882249,1,1.23668639,0.51380119,59.978291,52.9022669,1,0.5235008,59.978291,52.9022669,0.428428681
45110,4511,0.515546598,1,1.20710059,0.513072178,65.2838819,55.3567981,1,0.508498689,65.2838819,55.3567981,0.44968114
45120,4512,0.511654253,1,1.15384615,0.5117344,62.5859368,60.6031328,1,0.510389281,62.5859368,60.6031328,0.453800101
45130,4513,0.508703115,1,1.1183432,0.512300445,57.4118604,57.6973713,1,0.474667764,57.4118604,57.6973713,0.456475543
45140,4514,0.508487998,1,1.14201183,0.51543179,60.5952848,52.9684255,1,0.502522635,60.5952848,52.9684255,0.438509575
45150,4515,0.52777681,1,1.12426036,0.523437034,64.8550049,56.6881156,1,0.623485878,64.8550049,56.6881156,0.435015544
45160,4516,0.54220562,1,1.17751479,0.519681341,60.732575,60.508861,1,0.660225447,60.732575,60.508861,0.432363286
45170,4517,0.528677949,1,1.23668639,0.511674734,57.4974048,55.7454817,1,0.524703016,57.4974048,55.7454817,0.442933391
45180,4518,0.514629862,1,1.19526627,0.513498545,62.7150567,52.9631664,1,0.49308232,62.7150567,52.9631664,0.454856566
45190,4519,0.513305278,1,1.16568047,0.507566981,65.5566696,58.0845052,1,0.503075898,65.5566696,58.0845052,0.450528119
45200,4520,0.517023063,1,1.13017751,0.516011991,60.4085664,60.5635503,1,0.495412435,60.4085664,60.5635503,0.439530618
45210,4521,0.504571841,1,1.10650888,0.513761481,57.9362974,55.187543,1,0.4683643,57.9362974,55.187543,0.455171259
45220,4522,0.507195873,1,1.15384615,0.519315518,63.269916,53.3873707,1,0.520462022,63.269916,53.3873707,0.433016848
45230,4523,0.525009423,1,1.13017751,0.517021256,64.2672549,59.1079116,1,0.649830374,64.2672549,59.1079116,0.446679223
45240,4524,0.53345378,1,1.21301775,0.513535498,58.460377,59.0256953,1,0.569630617,58.460377,59.0256953,0.446727685
45250,4525,0.518762329,1,1.18343195,0.511941157,59.4074833,53.2969212,1,0.516363803,59.4074833,53.2969212,0.446656636
45260,4526,0.50923208,1,1.19526627,0.508436114,65.2822127,54.575628,1,0.507412753,65.2822127,54.575628,0.462483243
45270,4527,0.513560952,1,1.14792899,0.509894094,64.1169028,60.259704,1,0.490690507,64.1169028,60.259704,0.44633065
45280,4528,0.515714006,1,1.11242604,0.517955618,58.7351506,58.991253,1,0.472439831,58.7351506,58.991253,0.425324275
45290,4529,0.509482782,1,1.14792899,0.521170878,60.2199295,53.5278917,1,0.482994393,60.2199295,53.5278917,0.435502063
45300,4530,0.522881856,1,1.19526627,0.522541094,65.4767248,55.7207234,1,0.594777998,65.4767248,55.7207234,0.438140287
45310,4531,0.53521026,1,1.18343195,0.511882539,62.1727716,60.7313005,1,0.647077104,62.1727716,60.7313005,0.461679402
45320,4532,0.527551059,1,1.25443787,0.512841724,57.892135,56.7762659,1,0.512946411,57.892135,56.7762659,0.448311417
45330,4533,0.520362633,1,1.20118343,0.510563505,61.8790241,52.6920836,1,0.517737267,61.8790241,52.6920836,0.439040306
45340,4534,0.523924443,1,1.17159763,0.51579271,65.6991421,56.6336777,1,0.510798372,65.6991421,56.6336777,0.42223318
45350,4535,0.522021488,1,1.14201183,0.521172898,61.5733969,60.3823947,1,0.491638119,61.5733969,60.3823947,0.428804941
45360,4536,0.515920591,1,1.15384615,0.521761874,57.9549385,56.0103509,1,0.506119462,57.9549385,56.0103509,0.436554613
45370,4537,0.508909266,1,1.16568047,0.511048729,63.0887238,52.7668432,1,0.57229018,63.0887238,52.7668432,0.467120687
45380,4538,0.537697021,1,1.18343195,0.517207121,65.22462,58.323995,1,0.658319277,65.22462,58.323995,0.457960419
45390,4539,0.525454179,1,1.16568047,0.506063442,59.8689403,60.2053433,1,0.670574723,59.8689403,60.2053433,0.436654687
45400,4540,0.541379573,1,1.17751479,0.51370423,58.6198009,54.8424467,1,0.601894716,58.6198009,54.8424467,0.4235732
45410,4541,0.526731072,1,1.19526627,0.51852731,64.1239562,53.9137093,1,0.517418535,64.1239562,53.9137093,0.429381544
45420,4542,0.522664854,1,1.18343195,0.516282324,64.9464749,59.5110512,1,0.508930935,64.9464749,59.5110512,0.435188686
45430,4543,0.518428568,1,1.15976331,0.518302621,59.1821968,60.0223106,1,0.508424904,59.1821968,60.0223106,0.445146657
45440,4544,0.508699619,1,1.07692308,0.512722659,58.9429086,53.9915548,1,0.494693373,58.9429086,53.9915548,0.464269321
45450,4545,0.508387303,1,1.17751479,0.51441579,64.87056,54.2564414,1,0.53947307,64.87056,54.2564414,0.45642822
45460,4546,0.524703845,1,1.14792899,0.518610031,63.9071752,59.9196447,1,0.629438828,63.9071752,59.9196447,0.441889308
45470,4547,0.540767088,1,1.20710059,0.519135805,58.3617506,57.9622482,1,0.601690386,58.3617506,57.9622482,0.452364824
45480,4548,0.530878582,1,1.27218935,0.50944808,60.768546,52.7825152,1,0.532832403,60.768546,52.7825152,0.439353331
45490,4549,0.523291965,1,1.19526627,0.512628014,65.6172671,55.5396454,1,0.511586974,65.6172671,55.5396454,0.429061612
45500,4550,0.525295181,1,1.20118343,0.520127828,62.7683936,60.270824,1,0.504973902,62.7683936,60.270824,0.42482249
45510,4551,0.51928417,1,1.13609467,0.517949735,58.0052953,57.351308,1,0.494024135,58.0052953,57.351308,0.429742452
45520,4552,0.51454568,1,1.14201183,0.518055118,61.4761088,52.5349427,1,0.508811215,61.4761088,52.5349427,0.456666083
45530,4553,0.52110253,1,1.17159763,0.516033974,65.8034106,56.6648942,1,0.607174267,65.8034106,56.6648942,0.460139161
45540,4554,0.519763235,1,1.17751479,0.513274907,61.4564397,60.4579494,1,0.628992837,61.4564397,60.4579494,0.443782982
45550,4555,0.537490169,1,1.19526627,0.514505004,58.4726359,55.4501664,1,0.570196472,58.4726359,55.4501664,0.448409262
45560,4556,0.523959827,1,1.18934911,0.513693563,63.7531809,53.0582638,1,0.509751398,63.7531809,53.0582638,0.44592404
45570,4557,0.520645775,1,1.19526627,0.515538319,65.9071027,58.4172636,1,0.514709691,65.9071027,58.4172636,0.444281603
45580,4558,0.518978497,1,1.14792899,0.515735328,60.6176777,60.479003,1,0.500021694,60.6176777,60.479003,0.436695408
45590,4559,0.522721359,1,1.10059172,0.521928564,58.9076223,55.0649188,1,0.504297718,58.9076223,55.0649188,0.436748321
45600,4560,0.508981476,1,1.13017751,0.514370298,64.73858,53.5356237,1,0.509062656,64.73858,53.5356237,0.463705242
45610,4561,0.522616451,1,1.21301775,0.520242667,65.6551462,59.2194213,1,0.578396302,65.6551462,59.2194213,0.44286352
45620,4562,0.540988013,1,1.17159763,0.519596501,59.7557082,59.0630421,1,0.644341342,59.7557082,59.0630421,0.453962325
45630,4563,0.536060742,1,1.18934911,0.510383757,60.3684902,53.3940993,1,0.604117729,60.3684902,53.3940993,0.438612757
45640,4564,0.527991298,1,1.20710059,0.516627613,65.8783487,54.6817587,1,0.513800171,65.8783487,54.6817587,0.435255535
45650,4565,0.51667735,1,1.18343195,0.513373853,64.4773518,60.266394,1,0.51485065,64.4773518,60.266394,0.442898896
45660,4566,0.519406697,1,1.16568047,0.518228619,59.0689531,58.6496917,1,0.496202458,59.0689531,58.6496917,0.434220402
45670,4567,0.512858215,1,1.10059172,0.515017599,61.0418623,53.1423559,1,0.487465816,61.0418623,53.1423559,0.450004065
45680,4568,0.514867844,1,1.16568047,0.520745317,66.3768566,55.3107047,1,0.516257152,66.3768566,55.3107047,0.44298544
45690,4569,0.522474718,1,1.15976331,0.516073868,63.3673264,60.4314251,1,0.619101737,63.3673264,60.4314251,0.456893606
45700,4570,0.539536208,1,1.21893491,0.518046661,59.0645123,56.5476309,1,0.577416112,59.0645123,56.5476309,0.445875684
45710,4571,0.528280833,1,1.21893491,0.507155352,63.1249639,52.4600851,1,0.55122846,63.1249639,52.4600851,0.443195085
45720,4572,0.525198514,1,1.19526627,0.514243928,66.7324229,56.9024757,1,0.515059837,66.7324229,56.9024757,0.440202985
45730,4573,0.519446724,1,1.16568047,0.515295166,62.2987503,60.5104178,1,0.498872935,62.2987503,60.5104178,0.43970606
45740,4574,0.525284977,1,1.18343195,0.523851756,58.9781867,56.3258655,1,0.495615795,58.9781867,56.3258655,0.410920607
45750,4575,0.514871594,1,1.14201183,0.518980289,63.8447018,53.0272983,1,0.505575712,63.8447018,53.0272983,0.452236488
45760,4576,0.519668529,1,1.17751479,0.516672768,66.6260331,58.2343796,1,0.569202516,66.6260331,58.2343796,0.454103578
45770,4577,0.532471246,1,1.17751479,0.518147606,60.9681004,60.1897239,1,0.660994166,60.9681004,60.1897239,0.460483241
45780,4578,0.530429407,1,1.13609467,0.508890311,59.6287937,54.564678,1,0.662308999,59.6287937,54.564678,0.444791578
45790,4579,0.536865141,1,1.21893491,0.51317486,65.1617986,53.8392151,1,0.55538209,65.1617986,53.8392151,0.429258612
45800,4580,0.532901104,1,1.25443787,0.512351342,65.7893007,59.2643007,1,0.527347252,65.7893007,59.2643007,0.420096579
45810,4581,0.520388555,1,1.15384615,0.517064618,60.1380083,59.401327,1,0.523235829,60.1380083,59.401327,0.434842565
45820,4582,0.51415931,1,1.15976331,0.517199262,60.057415,53.5521597,1,0.492470743,60.057415,53.5521597,0.449978654
45830,4583,0.51623515,1,1.12426036,0.51579244,65.8601856,53.9471592,1,0.523291482,65.8601856,53.9471592,0.447399927
45840,4584,0.51296729,1,1.18343195,0.513094244,64.7825279,59.8288215,1,0.563825508,64.7825279,59.8288215,0.459967177
45850,4585,0.529786435,1,1.15384615,0.517513294,59.2627514,58.1646513,1,0.638724946,59.2627514,58.1646513,0.44347602
45860,4586,0.53741636,1,1.17159763,0.515017157,61.7049744,52.8263306,1,0.615795514,61.7049744,52.8263306,0.451572675
45870,4587,0.535783394,1,1.21301775,0.512851821,66.4720507,55.535425,1,0.553560386,66.4720507,55.535425,0.42177568
45880,4588,0.52875425,1,1.20710059,0.519144436,63.4320105,60.0840638,1,0.51130011,63.4320105,60.0840638,0.42084699
45890,4589,0.519899294,1,1.17751479,0.519703337,58.7783945,56.7826482,1,0.508954466,58.7783945,56.7826482,0.4389032
45900,4590,0.507573197,1,1.12426036,0.511567066,62.4561632,52.0710936,1,0.506831758,62.4561632,52.0710936,0.459770522
45910,4591,0.510690129,1,1.12426036,0.510617602,66.7233922,56.3450793,1,0.538315198,66.7233922,56.3450793,0.464580971
45920,4592,0.518601125,1,1.15384615,0.512440656,61.9556159,59.9853564,1,0.609023619,61.9556159,59.9853564,0.46143145
45930,4593,0.52732774,1,1.15384615,0.512333556,58.9752726,54.9499779,1,0.664356337,58.9752726,54.9499779,0.450098496
45940,4594,0.536259262,1,1.21301775,0.518370417,64.1971538,52.8027068,1,0.547347304,64.1971538,52.8027068,0.434317916
45950,4595,0.528420481,1,1.22485207,0.510756395,66.0713648,58.0889312,1,0.517265571,66.0713648,58.0889312,0.43143379
45960,4596,0.526050705,1,1.18934911,0.518555697,60.6944608,59.6303891,1,0.52254684,60.6944608,59.6303891,0.430268863
45970,4597,0.516604156,1,1.13609467,0.517345347,59.1922084,53.9399036,1,0.483466744,59.1922084,53.9399036,0.452726051
45980,4598,0.517052553,1,1.11242604,0.518895427,64.7875695,52.7427516,1,0.489730133,64.7875695,52.7427516,0.440153547
45990,4599,0.522131728,1,1.18934911,0.519747918,65.4599376,58.639877,1,0.553665675,65.4599376,58.639877,0.456564007
46000,4600,0.522893764,1,1.16568047,0.513230891,59.469548,58.505757,1,0.631050971,59.469548,58.505757,0.460914677
46010,4601,0.533486573,1,1.13609467,0.512732762,60.2756958,52.7216852,1,0.66432587,60.2756958,52.7216852,0.449229192
46020,4602,0.534633995,1,1.24260355,0.514078841,65.8006184,54.3398129,1,0.543863789,65.8006184,54.3398129,0.442846544
46030,4603,0.531438952,1,1.24852071,0.51240359,64.1532957,59.6538221,1,0.522786596,64.1532957,59.6538221,0.427960387
46040,4604,0.525269645,1,1.20118343,0.521213027,58.9437886,57.6893312,1,0.504362445,58.9437886,57.6893312,0.428277057
46050,4605,0.514026869,1,1.14792899,0.515091396,60.9793937,52.3120629,1,0.492021064,60.9793937,52.3120629,0.442282294
46060,4606,0.516364982,1,1.15384615,0.521707024,66.1745627,54.7662162,1,0.490092228,66.1745627,54.7662162,0.441974119
46070,4607,0.51789053,1,1.17751479,0.516213029,63.234965,59.8840491,1,0.54803894,63.234965,59.8840491,0.453998985
46080,4608,0.521819759,1,1.18343195,0.519264581,58.5230689,56.5015618,1,0.602618949,58.5230689,56.5015618,0.446174974
46090,4609,0.535757697,1,1.16568047,0.51136475,62.7718671,52.3083636,1,0.633717047,62.7718671,52.3083636,0.459194034
46100,4610,0.527583444,1,1.22485207,0.511542352,66.1480478,57.0019938,1,0.528641965,66.1480478,57.0019938,0.44475085
46110,4611,0.525996397,1,1.21301775,0.513208458,61.5694615,60.212496,1,0.510575847,61.5694615,60.212496,0.430156
46120,4612,0.521519372,1,1.15976331,0.51530224,58.4884744,55.4616621,1,0.506949634,58.4884744,55.4616621,0.435570121
46130,4613,0.513218335,1,1.10059172,0.513288586,63.5064931,52.4941794,1,0.481673005,63.5064931,52.4941794,0.448445477
46140,4614,0.516276109,1,1.13017751,0.52179106,66.0626114,57.6717728,1,0.505929613,66.0626114,57.6717728,0.444168086
46150,4615,0.512338575,1,1.15384615,0.514617566,60.5251654,59.8387855,1,0.571526,60.5251654,59.8387855,0.457412666
46160,4616,0.531012551,1,1.18343195,0.515585345,59.5716695,53.9153094,1,0.664304413,59.5716695,53.9153094,0.461517459
46170,4617,0.52972903,1,1.23076923,0.50980957,65.3843223,53.8469215,1,0.555689531,65.3843223,53.8469215,0.447158079
46180,4618,0.530130032,1,1.21893491,0.514825848,64.9868994,59.4478608,1,0.522381625,64.9868994,59.4478608,0.431924726
46190,4619,0.517355984,1,1.18343195,0.511603593,59.2123755,58.7969168,1,0.504899469,59.2123755,58.7969168,0.447007502
46200,4620,0.520408793,1,1.16568047,0.516729472,60.0305727,53.2142023,1,0.492955763,60.0305727,53.2142023,0.434027155
46210,4621,0.511402102,1,1.1183432,0.51403145,65.7821939,54.4373628,1,0.49456808,65.7821939,54.4373628,0.452326459
46220,4622,0.507645417,1,1.11242604,0.5155388,64.4118093,60.0116985,1,0.493700885,64.4118093,60.0116985,0.441562403
46230,4623,0.517038655,1,1.15384615,0.522807857,59.1511068,58.1045311,1,0.577132175,59.1511068,58.1045311,0.430441354
46240,4624,0.541461119,1,1.17751479,0.519425001,62.0278488,53.0904381,1,0.632951161,62.0278488,53.0904381,0.444671099
46250,4625,0.527974037,1,1.20710059,0.512345576,66.5730049,56.5648153,1,0.522206657,66.5730049,56.5648153,0.44007625
46260,4626,0.517000079,1,1.18343195,0.513456757,62.5826688,60.87409,1,0.509579673,62.5826688,60.87409,0.45177252
46270,4627,0.513050057,1,1.15384615,0.511236708,58.3771847,56.700618,1,0.509547952,58.3771847,56.700618,0.455758452
46280,4628,0.516309847,1,1.13609467,0.515869606,62.4487775,52.7383433,1,0.490595174,62.4487775,52.7383433,0.437025238
46290,4629,0.508680545,1,1.14792899,0.5146219,66.2156223,57.242725,1,0.510465955,66.2156223,57.242725,0.451680454
46300,4630,0.517113142,1,1.18343195,0.516438336,61.2473807,60.4360359,1,0.588810546,61.2473807,60.4360359,0.454306537
46310,4631,0.527634158,1,1.16568047,0.513628328,58.7987455,55.1185249,1,0.663517142,58.7987455,55.1185249,0.450323605
46320,4632,0.536410539,1,1.20118343,0.515597762,64.4365681,53.6577041,1,0.559362298,64.4365681,53.6577041,0.448000427
46330,4633,0.528956942,1,1.24260355,0.514769549,65.5102759,59.205184,1,0.51654033,65.5102759,59.205184,0.434648615
46340,4634,0.52597379,1,1.19526627,0.520787153,60.0302144,60.1358207,1,0.508720293,60.0302144,60.1358207,0.42757856
46350,4635,0.514035569,1,1.16568047,0.512786398,59.2669888,54.2922598,1,0.510792274,59.2669888,54.2922598,0.453322496
46360,4636,0.507111509,1,1.08284024,0.511107874,65.2383628,53.8351066,1,0.47569944,65.2383628,53.8351066,0.460680585
46370,4637,0.512007045,1,1.12426036,0.518389768,65.4563648,59.5518001,1,0.499353156,65.4563648,59.5518001,0.440065287
46380,4638,0.519193692,1,1.17751479,0.521653571,59.7041445,59.0697858,1,0.575957193,59.7041445,59.0697858,0.444029265
46390,4639,0.517660759,1,1.13017751,0.511043166,60.7875543,53.4349998,1,0.647211067,60.7875543,53.4349998,0.441384255
46400,4640,0.539986265,1,1.24260355,0.519120812,65.9395787,55.5776275,1,0.532335347,65.9395787,55.5776275,0.429215664
46410,4641,0.517712326,1,1.17159763,0.510733501,63.3993871,60.7739823,1,0.503687666,63.3993871,60.7739823,0.444923212
46420,4642,0.521965241,1,1.15384615,0.516897171,58.4384563,57.9862577,1,0.50523968,58.4384563,57.9862577,0.437733825
46430,4643,0.514880783,1,1.11242604,0.511392744,61.3284217,52.8807123,1,0.488552292,61.3284217,52.8807123,0.451286749
46440,4644,0.516574286,1,1.13017751,0.520340152,66.1343898,55.9454342,1,0.485187836,66.1343898,55.9454342,0.43846052
46450,4645,0.509986272,1,1.14792899,0.520126194,62.8227578,60.7346973,1,0.519146037,62.8227578,60.7346973,0.447900743
46460,4646,0.528064104,1,1.15976331,0.519475887,58.6189329,56.6610551,1,0.632742045,58.6189329,56.6610551,0.450290533
46470,4647,0.533316846,1,1.19526627,0.512267997,63.5414071,53.2371008,1,0.582459064,63.5414071,53.2371008,0.461244873
46480,4648,0.527879341,1,1.27218935,0.510555357,66.2658829,58.3501844,1,0.55257587,66.2658829,58.3501844,0.44566546
46490,4649,0.524908871,1,1.22485207,0.517707045,61.1066073,60.673897,1,0.505847068,61.1066073,60.673897,0.435263402
46500,4650,0.52267195,1,1.18934911,0.513112377,58.6907648,55.57362,1,0.514755434,58.6907648,55.57362,0.434115578
46510,4651,0.521663685,1,1.13017751,0.522492772,63.9239297,53.5724089,1,0.491047458,63.9239297,53.5724089,0.430981134
46520,4652,0.506726681,1,1.10059172,0.51527591,65.9080113,59.1885005,1,0.481260105,65.9080113,59.1885005,0.458174051
46530,4653,0.517223558,1,1.16568047,0.519555013,60.2755394,60.3600806,1,0.566198955,60.2755394,60.3600806,0.442540675
46540,4654,0.531346988,1,1.15384615,0.515212348,60.0833181,54.3911294,1,0.669127063,60.0833181,54.3911294,0.459388112
46550,4655,0.542203808,1,1.17159763,0.51582955,65.5794579,54.8887795,1,0.62070356,65.5794579,54.8887795,0.424509527
46560,4656,0.534212582,1,1.22485207,0.513231568,64.673834,60.4939549,1,0.536078198,64.673834,60.4939549,0.436758807
46570,4657,0.526542695,1,1.15976331,0.519861768,59.278398,59.2404736,1,0.516182554,59.278398,59.2404736,0.426086811
46580,4658,0.519133509,1,1.18934911,0.517508416,60.6437908,53.6723628,1,0.513078073,60.6437908,53.6723628,0.441005813
46590,4659,0.509840829,1,1.11242604,0.514019438,66.3536653,55.4379216,1,0.499654945,66.3536653,55.4379216,0.459739212
46600,4660,0.507336281,1,1.13609467,0.509480437,64.0776045,60.9228731,1,0.518609503,64.0776045,60.9228731,0.456803568
46610,4661,0.524268737,1,1.18343195,0.52258417,59.0139609,58.1515282,1,0.602216071,59.0139609,58.1515282,0.444032355
46620,4662,0.531039914,1,1.14201183,0.516615648,62.1265275,53.3860387,1,0.657333689,62.1265275,53.3860387,0.437840053
46630,4663,0.537705306,1,1.18343195,0.515371417,66.3326139,57.1985804,1,0.594129038,66.3326139,57.1985804,0.436680842
46640,4664,0.530146774,1,1.21301775,0.518401357,62.1424138,60.8924566,1,0.517937047,62.1424138,60.8924566,0.429686124
46650,4665,0.520367102,1,1.17159763,0.520567153,58.4465836,56.4059952,1,0.504772167,58.4465836,56.4059952,0.44713087
46660,4666,0.514616864,1,1.17751479,0.515735159,63.0308836,52.7944838,1,0.507378461,63.0308836,52.7944838,0.44892258
46670,4667,0.504835718,1,1.09467456,0.511466797,66.5209487,57.6073598,1,0.480646051,66.5209487,57.6073598,0.457316135
46680,4668,0.515741597,1,1.17159763,0.516542094,61.6355054,60.6371951,1,0.512574513,61.6355054,60.6371951,0.44220707
46690,4669,0.524770813,1,1.17751479,0.524055668,59.340474,55.275904,1,0.599967622,59.340474,55.275904,0.448604749
46700,4670,0.53655924,1,1.17159763,0.515519647,64.9478463,53.6932724,1,0.654717063,64.9478463,53.6932724,0.448187326
46710,4671,0.534963487,1,1.23668639,0.517958376,65.6735288,59.3189868,1,0.531259728,65.6735288,59.3189868,0.43633274
46720,4672,0.521359428,1,1.18343195,0.516035363,59.8419105,59.7060202,1,0.509200325,59.8419105,59.7060202,0.449572888
46730,4673,0.523862915,1,1.20118343,0.513285515,59.5223154,54.1143961,1,0.517437466,59.5223154,54.1143961,0.430826932
46740,4674,0.523855371,1,1.16568047,0.520663061,65.0245193,53.8430241,1,0.496023798,65.0245193,53.8430241,0.423760921
46750,4675,0.515976483,1,1.10650888,0.519879351,64.9791766,59.6176625,1,0.485962566,64.9791766,59.6176625,0.444216651
46760,4676,0.520743986,1,1.21301775,0.518759017,59.095528,58.8288585,1,0.563643496,59.095528,58.8288585,0.456637652
46770,4677,0.534533122,1,1.19526627,0.520213624,60.8727325,53.1322799,1,0.659399806,60.8727325,53.1322799,0.459028196
46780,4678,0.53162865,1,1.21301775,0.510097813,66.2908068,55.5589197,1,0.617987771,66.2908068,55.5589197,0.4566673
46790,4679,0.536627599,1,1.23076923,0.515009774,63.5143128,60.3555664,1,0.552142427,63.5143128,60.3555664,0.426328334
46800,4680,0.531551179,1,1.23076923,0.516644186,58.7985914,57.488717,1,0.514740097,58.7985914,57.488717,0.424520993
46810,4681,0.527516482,1,1.19526627,0.519147262,61.6888439,52.8581759,1,0.513872999,61.6888439,52.8581759,0.419886361
46820,4682,0.505048901,1,1.12426036,0.511640748,66.5169341,56.4491351,1,0.50060129,66.5169341,56.4491351,0.46285353
46830,4683,0.515648797,1,1.14792899,0.514767119,62.6487972,60.8076104,1,0.532617178,62.6487972,60.8076104,0.448262852
46840,4684,0.507021639,1,1.15384615,0.511160422,58.4062858,56.6525242,1,0.530273907,58.4062858,56.6525242,0.456793842
46850,4685,0.525680686,1,1.1183432,0.517361038,62.9902177,53.2015776,1,0.630707627,62.9902177,53.2015776,0.441363299
46860,4686,0.538880716,1,1.18934911,0.516119922,65.8206772,58.1939635,1,0.63212386,65.8206772,58.1939635,0.44145683
46870,4687,0.534557251,1,1.24260355,0.519942178,60.7532529,60.4311395,1,0.507802843,60.7532529,60.4311395,0.426099311
46880,4688,0.517252435,1,1.16568047,0.51183453,58.7416196,55.0038533,1,0.510645779,58.7416196,55.0038533,0.445238473
46890,4689,0.507207782,1,1.16568047,0.511089908,64.5294556,53.211923,1,0.503467546,64.5294556,53.211923,0.4660679
46900,4690,0.515013441,1,1.10059172,0.511192791,66.3476836,58.6190862,1,0.478927223,66.3476836,58.6190862,0.438821486
46910,4691,0.51844714,1,1.13609467,0.523890858,60.9335482,60.0098975,1,0.495314082,60.9335482,60.0098975,0.429993934
46920,4692,0.506976672,1,1.16568047,0.515713762,59.8344761,54.2414444,1,0.531510756,59.8344761,54.2414444,0.451709511
46930,4693,0.525597857,1,1.15976331,0.514916768,65.6600323,54.2296614,1,0.651978478,65.6600323,54.2296614,0.448120627
46940,4694,0.540731555,1,1.23076923,0.520624619,64.8021751,59.7188194,1,0.559804008,64.8021751,59.7188194,0.427368271
46950,4695,0.532444159,1,1.24260355,0.515565184,59.301689,58.5621664,1,0.516785523,59.301689,58.5621664,0.432367873
46960,4696,0.51982903,1,1.15384615,0.516138904,60.8631727,53.0882709,1,0.514174859,60.8631727,53.0882709,0.43786574
46970,4697,0.515875724,1,1.18343195,0.516738148,66.4017605,55.0054443,1,0.510999828,66.4017605,55.0054443,0.450847388
46980,4698,0.504422207,1,1.06508876,0.507505388,64.1279802,60.6374885,1,0.499471679,64.1279802,60.6374885,0.467208749
46990,4699,0.505532415,1,1.12426036,0.511289005,58.9516539,57.9876487,1,0.504257082,58.9516539,57.9876487,0.447319466
47000,4700,0.528650492,1,1.18343195,0.525716434,62.0273231,53.2277545,1,0.614470201,62.0273231,53.2277545,0.435932885
47010,4701,0.532771766,1,1.14792899,0.514746861,66.4692274,56.8175132,1,0.669887443,66.4692274,56.8175132,0.439316851
47020,4702,0.539873544,1,1.24260355,0.522237582,62.2266766,60.4850676,1,0.533876371,62.2266766,60.4850676,0.431388238
47030,4703,0.521256465,1,1.21301775,0.520219383,58.7787043,55.876955,1,0.516560633,58.7787043,55.876955,0.442713621
47040,4704,0.509991834,1,1.14201183,0.507659369,63.5653561,52.3991149,1,0.508750408,63.5653561,52.3991149,0.455131212
47050,4705,0.512391906,1,1.08284024,0.512280966,66.5614896,57.4928898,1,0.497221691,66.5614896,57.4928898,0.454584523
47060,4706,0.510889805,1,1.09467456,0.515611456,61.5213152,60.4784793,1,0.474133065,61.5213152,60.4784793,0.450621544
47070,4707,0.515543844,1,1.17159763,0.524590139,59.0945552,55.3584073,1,0.547031305,59.0945552,55.3584073,0.435851211
47080,4708,0.529802751,1,1.15976331,0.514691923,64.8560904,53.8402582,1,0.665379158,64.8560904,53.8402582,0.458322539
47090,4709,0.53211338,1,1.21301775,0.512392811,65.4120238,59.5572899,1,0.571075123,65.4120238,59.5572899,0.441846001
47100,4710,0.526801628,1,1.20118343,0.515703356,59.7062039,59.6420473,1,0.518261315,59.7062039,59.6420473,0.438957648
47110,4711,0.523917343,1,1.18343195,0.511688591,59.6490783,54.0238412,1,0.51709319,59.6490783,54.0238412,0.432192038
47120,4712,0.523038103,1,1.15976331,0.520354227,65.3195246,54.2254279,1,0.495061982,65.3195246,54.2254279,0.436463724
47130,4713,0.514399603,1,1.1183432,0.516661379,65.0228524,60.1051716,1,0.491678379,65.0228524,60.1051716,0.452863344
47140,4714,0.516394723,1,1.18343195,0.519690498,59.2877975,59.2066468,1,0.52976246,59.2877975,59.2066468,0.446539626
47150,4715,0.533332149,1,1.17751479,0.520368744,61.0708132,53.548838,1,0.641066176,61.0708132,53.548838,0.456316255
47160,4716,0.530864543,1,1.14792899,0.511497338,66.4179015,55.9325836,1,0.67263145,66.4179015,55.9325836,0.450335811
47170,4717,0.534009272,1,1.19526627,0.513643405,63.3451937,60.835381,1,0.559563059,63.3451937,60.835381,0.445084635
47180,4718,0.525288349,1,1.23076923,0.513674571,58.7373175,57.4636584,1,0.51529284,58.7373175,57.4636584,0.439210132
47190,4719,0.520656808,1,1.17159763,0.512221887,62.0912142,53.0139492,1,0.514798213,62.0912142,53.0139492,0.428624711
47200,4720,0.516218742,1,1.14792899,0.520884598,66.4529548,56.7858196,1,0.490696542,66.4529548,56.7858196,0.44357202
47210,4721,0.51321961,1,1.09467456,0.514705557,62.664491,61.0903386,1,0.490230392,62.664491,61.0903386,0.441094268
47220,4722,0.514156579,1,1.16568047,0.521170969,58.6612599,56.8549651,1,0.527798644,58.6612599,56.8549651,0.448298873
47230,4723,0.532739602,1,1.17751479,0.517991115,63.5240758,53.4640247,1,0.647404022,63.5240758,53.4640247,0.456027713
47240,4724,0.531722505,1,1.18343195,0.513451212,66.0077204,58.8240762,1,0.592985374,66.0077204,58.8240762,0.454423642
47250,4725,0.530575525,1,1.23668639,0.514541668,60.5512488,60.6160042,1,0.509828053,60.5512488,60.6160042,0.441782887
47260,4726,0.532311323,1,1.23668639,0.513366953,58.6696258,55.3695225,1,0.515595644,58.6696258,55.3695225,0.42874576
47270,4727,0.525805958,1,1.20118343,0.515494831,63.9289918,53.7513672,1,0.506039819,63.9289918,53.7513672,0.423282165
47280,4728,0.519015574,1,1.17751479,0.51805899,65.367176,59.2981518,1,0.500306547,65.367176,59.2981518,0.440784624
47290,4729,0.506377278,1,1.09467456,0.514992177,59.6069096,60.6609822,1,0.47087347,59.6069096,60.6609822,0.455329883
47300,4730,0.518509354,1,1.16568047,0.521004644,59.0417542,55.0102903,1,0.56748024,59.0417542,55.0102903,0.4368372
47310,4731,0.528386334,1,1.16568047,0.517955832,64.8908809,55.0165222,1,0.645960814,64.8908809,55.0165222,0.449933074
47320,4732,0.542870852,1,1.19526627,0.519283283,63.9710661,60.6582723,1,0.638007719,63.9710661,60.6582723,0.439710794
47330,4733,0.533841165,1,1.21893491,0.513451329,58.3667922,59.3193529,1,0.54736,58.3667922,59.3193529,0.443230415
47340,4734,0.525214409,1,1.22485207,0.518343751,60.1477235,53.9606242,1,0.504695988,60.1477235,53.9606242,0.434378359
47350,4735,0.522506509,1,1.16568047,0.514667398,65.4889885,55.6551674,1,0.516934013,65.4889885,55.6551674,0.431047907
47360,4736,0.517374045,1,1.12426036,0.517348008,63.4544887,61.0479994,1,0.486228114,63.4544887,61.0479994,0.44337214
47370,4737,0.513017501,1,1.09467456,0.517076303,58.1125313,58.7296888,1,0.487243358,58.1125313,58.7296888,0.447947807
47380,4738,0.515931165,1,1.17751479,0.521207006,60.8350302,53.5889955,1,0.546162039,60.8350302,53.5889955,0.447469725
47390,4739,0.530751016,1,1.15976331,0.512046803,65.563357,57.4021805,1,0.659326335,65.563357,57.4021805,0.467255963
47400,4740,0.529494786,1,1.14792899,0.508278357,61.1337005,61.311171,1,0.613937323,61.1337005,61.311171,0.454445914
47410,4741,0.531640258,1,1.20710059,0.51715903,57.7667736,56.8045789,1,0.523819346,57.7667736,56.8045789,0.432726115
47420,4742,0.526784621,1,1.20710059,0.515304519,62.3169584,53.5586343,1,0.506145134,62.3169584,53.5586343,0.429946592
47430,4743,0.524281933,1,1.19526627,0.517594055,65.401458,58.1784448,1,0.512427395,65.401458,58.1784448,0.427299119
47440,4744,0.513699801,1,1.13017751,0.515541595,60.4629647,61.279567,1,0.486605631,60.4629647,61.279567,0.448572187
47450,4745,0.512024737,1,1.10650888,0.519633308,57.727167,56.2253588,1,0.50217565,57.727167,56.2253588,0.442087637
47460,4746,0.510692771,1,1.17751479,0.516303857,63.0757725,53.8870164,1,0.545067561,63.0757725,53.8870164,0.449031996
47470,4747,0.535564458,1,1.17751479,0.519428871,64.1588107,59.7632851,1,0.662466191,64.1588107,59.7632851,0.459633934
47480,4748,0.528677105,1,1.22485207,0.509922944,58.349369,60.0464031,1,0.552319311,58.349369,60.0464031,0.447410493
47490,4749,0.528732236,1,1.25443787,0.516477124,58.5204662,54.4047959,1,0.517517271,58.5204662,54.4047959,0.434169313
47500,4750,0.526796888,1,1.20118343,0.515399386,64.0782561,54.5576237,1,0.515782097,64.0782561,54.5576237,0.427683905
47510,4751,0.526345698,1,1.16568047,0.524042787,63.6859733,60.1262083,1,0.49670665,63.6859733,60.1262083,0.429414221
47520,4752,0.519135869,1,1.14201183,0.520383746,57.8846975,59.5793806,1,0.495249399,57.8846975,59.5793806,0.448230061
47530,4753,0.517162516,1,1.15976331,0.51731851,59.1610311,53.7134629,1,0.550199841,59.1610311,53.7134629,0.461782098
47540,4754,0.519912865,1,1.18934911,0.510135327,64.9117071,55.7821249,1,0.644789744,64.9117071,55.7821249,0.47011038
47550,4755,0.529278043,1,1.15976331,0.509235054,62.3403394,60.9609887,1,0.66035683,62.3403394,60.9609887,0.444776137
47560,4756,0.540917186,1,1.20118343,0.51445472,57.6204105,58.0765133,1,0.610448152,57.6204105,58.0765133,0.425503021
47570,4757,0.535565443,1,1.24260355,0.515637892,60.7627757,53.6036224,1,0.532509245,60.7627757,53.6036224,0.420490073
47580,4758,0.522845428,1,1.15976331,0.5188143,65.0813606,56.9787577,1,0.51420405,65.0813606,56.9787577,0.421617861
47590,4759,0.515331888,1,1.17159763,0.520326167,61.2513303,61.3310202,1,0.511094922,61.2513303,61.3310202,0.445963627
47600,4760,0.507192437,1,1.10059172,0.507089948,56.9157449,57.1060681,1,0.533265884,56.9157449,57.1060681,0.465670746
47610,4761,0.509377324,1,1.14792899,0.509336227,61.4648099,53.1821332,1,0.538154203,61.4648099,53.1821332,0.462123073
47620,4762,0.512342589,1,1.15976331,0.51636854,65.0236312,57.6192048,1,0.5463319,65.0236312,57.6192048,0.437534869
47630,4763,0.541909684,1,1.16568047,0.521744481,60.0643717,60.52562,1,0.663225972,60.0643717,60.52562,0.442167228
47640,4764,0.540456056,1,1.20118343,0.513563117,57.6532299,55.5285064,1,0.613038757,57.6532299,55.5285064,0.42680004
47650,4765,0.527894632,1,1.21893491,0.515446285,63.031748,53.7824677,1,0.511553231,63.031748,53.7824677,0.434986962
47660,4766,0.513987438,1,1.20118343,0.513383551,64.5353644,59.5097624,1,0.50897874,64.5353644,59.5097624,0.455490932
47670,4767,0.512680462,1,1.09467456,0.511128395,58.773393,60.8005355,1,0.498858879,58.773393,60.8005355,0.454213734
47680,4768,0.507897963,1,1.08284024,0.513743071,57.7072454,55.0320671,1,0.47240001,57.7072454,55.0320671,0.451243507
47690,4769,0.520760214,1,1.15976331,0.521773113,63.3834241,54.455797,1,0.543177455,63.3834241,54.455797,0.438873572
47700,4770,0.535872964,1,1.21301775,0.519146512,63.0424306,60.3987507,1,0.664145838,63.0424306,60.3987507,0.457902185
47710,4771,0.533855406,1,1.18343195,0.51050905,57.3129175,59.4476393,1,0.666137113,57.3129175,59.4476393,0.446763072
47720,4772,0.53672927,1,1.23076923,0.512341326,58.9219728,54.016186,1,0.547738349,58.9219728,54.016186,0.435752383
47730,4773,0.513902933,1,1.21893491,0.51169933,64.34391,56.2758862,1,0.507080285,64.34391,56.2758862,0.45184466
47740,4774,0.513856481,1,1.17751479,0.51167821,61.9231008,61.4844687,1,0.506382546,61.9231008,61.4844687,0.441820122
47750,4775,0.516695849,1,1.13017751,0.516289205,56.8429587,58.7541993,1,0.49534531,56.8429587,58.7541993,0.443641566
47760,4776,0.508863476,1,1.13609467,0.513976577,60.0824892,53.7097169,1,0.521491164,60.0824892,53.7097169,0.461162411
47770,4777,0.530111445,1,1.18343195,0.521772513,64.5042792,57.5493961,1,0.632297937,64.5042792,57.5493961,0.450478794
47780,4778,0.522603317,1,1.14792899,0.506780557,60.285581,61.6142442,1,0.655805249,60.285581,61.6142442,0.450643228
47790,4779,0.537610247,1,1.19526627,0.51273727,57.1061325,56.8218864,1,0.564291632,57.1061325,56.8218864,0.442395213
47800,4780,0.526954464,1,1.24852071,0.518357493,62.108029,54.0369107,1,0.514830512,62.108029,54.0369107,0.440380807
47810,4781,0.524765117,1,1.18343195,0.513356701,64.9143139,58.818851,1,0.513008538,64.9143139,58.818851,0.426504908
47820,4782,0.523771501,1,1.15976331,0.52231169,59.887556,61.3198472,1,0.500570866,59.887556,61.3198472,0.431889183
47830,4783,0.512498752,1,1.12426036,0.514123498,57.4960581,55.8861725,1,0.510754523,57.4960581,55.8861725,0.456667134
47840,4784,0.513188336,1,1.17159763,0.51257802,63.3066193,54.138955,1,0.55635448,63.3066193,54.138955,0.466736051
47850,4785,0.516264326,1,1.1183432,0.510883022,64.3957985,60.0012222,1,0.610785001,64.3957985,60.0012222,0.458660823
47860,4786,0.53172999,1,1.16568047,0.512397606,58.5156632,60.0220531,1,0.652682718,58.5156632,60.0220531,0.452320941
47870,4787,0.529615375,1,1.21893491,0.511443774,59.2032871,54.4799165,1,0.53141553,59.2032871,54.4799165,0.42958701
47880,4788,0.520980881,1,1.17159763,0.518161584,64.7599993,55.599318,1,0.507973094,64.7599993,55.599318,0.436026371
47890,4789,0.513958923,1,1.14792899,0.511512872,63.4948265,61.3009859,1,0.511172401,63.4948265,61.3009859,0.44925763
47900,4790,0.506696755,1,1.12426036,0.510148097,57.7480033,59.6221988,1,0.493186068,57.7480033,59.6221988,0.460539317
47910,4791,0.508643717,1,1.09467456,0.512975641,59.7190525,54.1849355,1,0.494857914,59.7190525,54.1849355,0.444884584
47920,4792,0.524080195,1,1.17751479,0.524082651,64.886126,56.6449899,1,0.58825952,64.886126,56.6449899,0.440215902
47930,4793,0.535886314,1,1.13017751,0.518089421,61.7518377,61.5434944,1,0.66514435,61.7518377,61.5434944,0.447340003
47940,4794,0.538305097,1,1.18934911,0.516434295,57.48301,57.741394,1,0.558046722,57.48301,57.741394,0.43973404
47950,4795,0.527562816,1,1.23076923,0.52148983,61.7632819,53.9209288,1,0.51643267,61.7632819,53.9209288,0.441331243
47960,4796,0.514623607,1,1.19526627,0.512042439,65.7897579,58.2655884,1,0.506060965,65.7897579,58.2655884,0.455658542
47970,4797,0.521920769,1,1.18343195,0.516362419,61.3341987,61.8210839,1,0.500007916,61.3341987,61.8210839,0.438485534
47980,4798,0.509026133,1,1.09467456,0.514334882,57.6950322,57.0856109,1,0.465002518,57.6950322,57.0856109,0.459406851
47990,4799,0.50659846,1,1.11242604,0.521147517,62.1309624,53.8533326,1,0.479260994,62.1309624,53.8533326,0.42220259
48000,4800,0.5039526,1,1.14201183,0.517983607,64.9142527,58.7972818,1,0.562328297,64.9142527,58.7972818,0.43642807
48010,4801,0.537143993,1,1.17159763,0.51628456,59.441624,60.5469041,1,0.652596592,59.441624,60.5469041,0.441962021
48020,4802,0.527775665,1,1.25443787,0.515865463,58.5652692,54.896042,1,0.518365499,58.5652692,54.896042,0.439877874
48030,4803,0.522577428,1,1.19526627,0.516177485,64.247199,54.3238475,1,0.511996101,64.247199,54.3238475,0.439282181
48040,4804,0.51946139,1,1.16568047,0.516039555,64.743314,60.0379621,1,0.504447689,64.743314,60.0379621,0.441200864
48050,4805,0.523277145,1,1.15384615,0.519187775,59.2163146,60.4585032,1,0.49586201,59.2163146,60.4585032,0.426382732
48060,4806,0.516626201,1,1.12426036,0.523470551,59.0117129,54.8157277,1,0.471941756,59.0117129,54.8157277,0.43434489
48070,4807,0.515370169,1,1.17751479,0.520395816,64.84395,55.266008,1,0.564887392,64.84395,55.266008,0.449968715
48080,4808,0.535915147,1,1.16568047,0.520196653,63.1259896,60.9288574,1,0.661159694,63.1259896,60.9288574,0.455208199
48090,4809,0.531351193,1,1.21301775,0.511962647,57.819777,58.4693555,1,0.565806848,57.819777,58.4693555,0.449885211
48100,4810,0.531814895,1,1.21893491,0.51243398,60.5294642,53.6246063,1,0.52962831,60.5294642,53.6246063,0.427002761
48110,4811,0.527919791,1,1.21893491,0.515649132,65.3160358,56.47016,1,0.515384149,65.3160358,56.47016,0.428347887
48120,4812,0.526073937,1,1.18934911,0.521266896,62.5128261,61.0701588,1,0.509707152,62.5128261,61.0701588,0.414371796
48130,4813,0.515611298,1,1.15384615,0.51895652,57.7493957,57.5906088,1,0.509206835,57.7493957,57.5906088,0.453764901
48140,4814,0.514502107,1,1.13609467,0.512281917,61.6715737,53.0081407,1,0.550951981,61.6715737,53.0081407,0.463983868
48150,4815,0.522510422,1,1.18343195,0.517477483,65.7926522,57.1802584,1,0.586651093,65.7926522,57.1802584,0.451098951
48160,4816,0.537316495,1,1.18343195,0.518506655,61.1550759,60.7449214,1,0.663083336,61.1550759,60.7449214,0.449943693
48170,4817,0.53972853,1,1.20710059,0.520310562,58.2958197,55.7722641,1,0.556906191,58.2958197,55.7722641,0.441237278
48180,4818,0.528596815,1,1.24260355,0.518941146,63.4336578,53.3498531,1,0.504997942,63.4336578,53.3498531,0.436943772
48190,4819,0.516871919,1,1.16568047,0.512333009,65.70074,58.7846806,1,0.493852296,65.70074,58.7846806,0.452978383
48200,4820,0.5137264,1,1.15976331,0.511760734,60.2878615,60.9432857,1,0.489547165,60.2878615,60.9432857,0.448263113
48210,4821,0.512678941,1,1.1183432,0.515267175,58.384242,55.658037,1,0.470275634,58.384242,55.658037,0.432124387
48220,4822,0.517021568,1,1.15384615,0.521108363,63.9270648,54.1059898,1,0.52154065,63.9270648,54.1059898,0.44277056
48230,4823,0.524813411,1,1.15384615,0.520781466,64.736083,59.8454397,1,0.606099291,64.736083,59.8454397,0.445860613
48240,4824,0.534627207,1,1.15384615,0.515105324,58.7788857,59.7567656,1,0.655356584,58.7788857,59.7567656,0.458296706
48250,4825,0.528359196,1,1.21893491,0.514927119,59.7917588,54.0096741,1,0.518195401,59.7917588,54.0096741,0.448897218
48260,4826,0.524089827,1,1.24260355,0.512445752,65.3310504,55.2587529,1,0.517525696,65.3310504,55.2587529,0.436798121
48270,4827,0.517549754,1,1.15976331,0.514092348,63.7148163,60.8625301,1,0.50028288,63.7148163,60.8625301,0.448630607
48280,4828,0.514620278,1,1.13017751,0.516043135,58.2510913,59.2382297,1,0.482762888,58.2510913,59.2382297,0.438465879
48290,4829,0.513413323,1,1.13017751,0.519754983,59.977159,53.8025696,1,0.470233655,59.977159,53.8025696,0.438702436
48300,4830,0.516071069,1,1.20710059,0.517823978,65.2541491,56.2573102,1,0.550785206,65.2541491,56.2573102,0.447692149
48310,4831,0.528408931,1,1.14792899,0.512661719,61.7680797,61.1072457,1,0.659472785,61.7680797,61.1072457,0.45944753
48320,4832,0.535769128,1,1.15976331,0.515606432,57.5987767,57.1653474,1,0.62809774,57.5987767,57.1653474,0.441364541
48330,4833,0.531247939,1,1.22485207,0.520458111,61.9658466,53.5872611,1,0.52723015,61.9658466,53.5872611,0.434285106
48340,4834,0.523431387,1,1.17751479,0.51590171,65.4909784,58.0871436,1,0.513003997,65.4909784,58.0871436,0.439711426
48350,4835,0.515882577,1,1.11242604,0.512315992,60.8013463,61.5546565,1,0.499023375,60.8013463,61.5546565,0.448642232
48360,4836,0.51814414,1,1.13609467,0.521302311,57.5904751,56.8752839,1,0.483222737,57.5904751,56.8752839,0.436542503
48370,4837,0.511084664,1,1.14792899,0.517860237,62.4967225,53.800008,1,0.51212605,62.4967225,53.800008,0.445414408
48380,4838,0.524605498,1,1.15976331,0.519758129,64.5275713,59.449729,1,0.646500402,64.5275713,59.449729,0.461818466
48390,4839,0.527410508,1,1.15976331,0.506757618,58.7427218,60.6196186,1,0.64344475,58.7427218,60.6196186,0.453996885
48400,4840,0.5365717,1,1.22485207,0.514551322,58.3143669,55.0079456,1,0.548293778,58.3143669,55.0079456,0.432922922
48410,4841,0.535942746,1,1.24852071,0.512593554,63.8388853,54.6052694,1,0.523605077,63.8388853,54.6052694,0.42609033
48420,4842,0.527026636,1,1.17751479,0.520289405,63.9129821,60.0748156,1,0.506952707,63.9129821,60.0748156,0.420772927
48430,4843,0.519012593,1,1.15976331,0.51772107,58.1704929,60.0403342,1,0.496742671,58.1704929,60.0403342,0.441737898
48440,4844,0.514111087,1,1.14201183,0.517425802,58.6074566,54.178698,1,0.498509434,58.6074566,54.178698,0.452146203
48450,4845,0.520337279,1,1.15976331,0.515495413,64.4760291,55.2955906,1,0.570689453,64.4760291,55.2955906,0.459531483
48460,4846,0.51403375,1,1.20118343,0.509362275,62.7949314,61.04494,1,0.616541998,62.7949314,61.04494,0.460775698
48470,4847,0.537973137,1,1.18934911,0.516528586,57.6100552,58.7210106,1,0.666341746,57.6100552,58.7210106,0.437066532
48480,4848,0.531061824,1,1.22485207,0.514434092,60.7246592,53.8549013,1,0.528844694,60.7246592,53.8549013,0.444424891
48490,4849,0.53822297,1,1.25443787,0.511459951,65.2653986,56.6996174,1,0.529136583,65.2653986,56.6996174,0.412172225
48500,4850,0.524451398,1,1.20118343,0.518775841,61.9697541,61.167913,1,0.516216524,61.9697541,61.167913,0.427092399
48510,4851,0.515593043,1,1.17751479,0.518191514,57.54789,57.577642,1,0.502350625,57.54789,57.577642,0.438143801
48520,4852,0.51546192,1,1.11242604,0.517042192,61.7326857,53.4262616,1,0.545102517,61.7326857,53.4262616,0.453431848
48530,4853,0.510616327,1,1.16568047,0.508944278,65.5298933,58.1924048,1,0.570601109,65.5298933,58.1924048,0.468757054
48540,4854,0.51965518,1,1.15976331,0.514998866,60.5527232,61.2056392,1,0.627153935,60.5527232,61.2056392,0.447556183
48550,4855,0.537830609,1,1.22485207,0.513114544,58.3062234,55.9158389,1,0.624842366,58.3062234,55.9158389,0.442081868
48560,4856,0.533117934,1,1.23076923,0.514545491,63.5337091,54.2342899,1,0.521357129,63.5337091,54.2342899,0.422406563
48570,4857,0.524213757,1,1.17159763,0.518829882,64.9937254,59.5590294,1,0.517922604,64.9937254,59.5590294,0.424713603
48580,4858,0.520667931,1,1.17751479,0.517826286,59.4902071,60.8449579,1,0.510168391,59.4902071,60.8449579,0.434750329
48590,4859,0.51117873,1,1.1183432,0.514372945,58.3687748,54.9901315,1,0.490072405,58.3687748,54.9901315,0.458558347
48600,4860,0.511832533,1,1.10650888,0.513711721,64.1317872,54.1003594,1,0.486381775,64.1317872,54.1003594,0.448561185
48610,4861,0.528661405,1,1.17751479,0.523054434,64.2281828,59.9308414,1,0.597383913,64.2281828,59.9308414,0.448559908
48620,4862,0.51147956,1,1.12426036,0.511094765,58.4900767,59.7762828,1,0.608972698,58.4900767,59.7762828,0.441552863
48630,4863,0.537374357,1,1.15976331,0.512889645,59.6407746,54.2176803,1,0.650213042,59.6407746,54.2176803,0.436650556
48640,4864,0.530139645,1,1.21893491,0.51354357,64.9189368,55.9140097,1,0.521100803,64.9189368,55.9140097,0.426465653
48650,4865,0.514725376,1,1.18343195,0.514707012,62.5843375,61.2256179,1,0.505614133,62.5843375,61.2256179,0.446309894
48660,4866,0.510285966,1,1.1183432,0.508855381,57.2354373,58.7494689,1,0.506140692,57.2354373,58.7494689,0.453402956
48670,4867,0.50816931,1,1.08284024,0.512736557,59.7937205,53.4152725,1,0.459713022,59.7937205,53.4152725,0.455073068
48680,4868,0.512879387,1,1.10650888,0.519613395,64.6658763,55.8657817,1,0.485135772,64.6658763,55.8657817,0.419515763
48690,4869,0.515794578,1,1.16568047,0.526017047,61.799452,60.7112809,1,0.547132113,61.799452,60.7112809,0.433065655
48700,4870,0.538051486,1,1.17159763,0.519335224,57.3648453,56.9526166,1,0.668750154,57.3648453,56.9526166,0.44716923
48710,4871,0.531064361,1,1.24852071,0.513832193,61.9076531,53.2695022,1,0.531751032,61.9076531,53.2695022,0.449868058
48720,4872,0.513104786,1,1.18934911,0.50550844,65.2352168,58.2315823,1,0.509011161,65.2352168,58.2315823,0.459578649
48730,4873,0.51673016,1,1.18934911,0.508643696,60.4067628,61.3551728,1,0.512780716,60.4067628,61.3551728,0.442363111
48740,4874,0.521718692,1,1.17751479,0.516711042,57.4081046,56.6834852,1,0.491702444,57.4081046,56.6834852,0.427020888
48750,4875,0.516331287,1,1.09467456,0.52246051,62.1396427,53.7741621,1,0.469773429,62.1396427,53.7741621,0.427263296
48760,4876,0.515222173,1,1.15384615,0.517933204,64.671745,58.9270132,1,0.534284895,64.671745,58.9270132,0.441644427
48770,4877,0.518130748,1,1.12426036,0.51107949,58.8017131,60.5616699,1,0.637179841,58.8017131,60.5616699,0.468722149
48780,4878,0.536604403,1,1.18343195,0.513724614,58.0524623,54.8573731,1,0.637359228,58.0524623,54.8573731,0.442560991
48790,4879,0.537590182,1,1.18343195,0.512829657,63.7679974,54.4664737,1,0.609050354,63.7679974,54.4664737,0.440683602
48800,4880,0.534324499,1,1.23076923,0.517403329,63.7332812,60.0387707,1,0.513252634,63.7332812,60.0387707,0.428646544
48810,4881,0.524748142,1,1.15976331,0.51986308,58.0929178,59.8185275,1,0.503817623,58.0929178,59.8185275,0.43420475
48820,4882,0.520979852,1,1.15384615,0.520973877,58.4842587,54.0407375,1,0.505825863,58.4842587,54.0407375,0.445463688
48830,4883,0.508341992,1,1.1183432,0.514516428,64.4526711,54.8744444,1,0.506479173,64.4526711,54.8744444,0.463566147
48840,4884,0.512855222,1,1.17751479,0.514313064,63.1135872,60.731479,1,0.550897699,63.1135872,60.731479,0.46216624
48850,4885,0.522083316,1,1.14792899,0.515644545,57.5298241,58.8523556,1,0.599250292,57.5298241,58.8523556,0.453190627
48860,4886,0.508471388,1,1.12426036,0.511196459,59.5565833,53.6468828,1,0.588535545,59.5565833,53.6468828,0.429701286
48870,4887,0.543183074,1,1.23668639,0.519387686,64.3531457,56.6295458,1,0.586023323,64.3531457,56.6295458,0.434484584
48880,4888,0.527310865,1,1.22485207,0.515501224,61.0012614,61.1467343,1,0.511274293,61.0012614,61.1467343,0.432688858
48890,4889,0.520729615,1,1.21301775,0.514224936,56.6203579,57.6185982,1,0.516644437,56.6203579,57.6185982,0.432688444
48900,4890,0.511830131,1,1.13017751,0.512705335,60.4973232,53.2267538,1,0.498559993,60.4973232,53.2267538,0.45063504
48910,4891,0.516283654,1,1.11242604,0.521165681,64.422427,57.3754795,1,0.495271766,64.422427,57.3754795,0.439326839
48920,4892,0.520385203,1,1.18343195,0.518307739,59.7245593,60.9739751,1,0.58138971,59.7245593,60.9739751,0.455207417
48930,4893,0.528231558,1,1.14792899,0.515897544,56.7889449,55.8629212,1,0.653704145,56.7889449,55.8629212,0.453394193
48940,4894,0.53704681,1,1.18934911,0.515341887,62.3126021,53.7714138,1,0.598021474,62.3126021,53.7714138,0.454336062
48950,4895,0.535673526,1,1.22485207,0.508568733,63.9735432,59.1377063,1,0.570636133,63.9735432,59.1377063,0.432112065
48960,4896,0.530462205,1,1.23076923,0.516909058,58.5455181,60.4229094,1,0.513672106,58.5455181,60.4229094,0.42908464
48970,4897,0.517868706,1,1.14792899,0.516906626,57.4553962,54.7363749,1,0.504871854,57.4553962,54.7363749,0.445390858
48980,4898,0.514149213,1,1.15384615,0.517362879,63.2658283,53.8976733,1,0.493750527,63.2658283,53.8976733,0.451588529
48990,4899,0.512507512,1,1.13017751,0.513938866,63.6928337,59.8369599,1,0.533865442,63.6928337,59.8369599,0.458047433
49000,4900,0.515849718,1,1.16568047,0.514856311,57.6809573,59.5425699,1,0.600379528,57.6809573,59.5425699,0.46300615
49010,4901,0.507172154,1,1.10059172,0.510954209,58.1970346,53.973928,1,0.583104094,58.1970346,53.973928,0.430192667
49020,4902,0.54248902,1,1.18934911,0.518929269,63.5722786,55.5708038,1,0.622035069,63.5722786,55.5708038,0.431340694
49030,4903,0.532843827,1,1.25443787,0.513023503,61.7637616,60.7969379,1,0.526623113,61.7637616,60.7969379,0.42540069
49040,4904,0.526473786,1,1.21301775,0.521064758,56.6977153,58.6406001,1,0.516666865,56.6977153,58.6406001,0.423528555
49050,4905,0.516899689,1,1.15384615,0.515800327,59.098939,53.4049929,1,0.507178895,59.098939,53.4049929,0.443075975
49060,4906,0.510252248,1,1.1183432,0.51068335,64.3033436,56.3537444,1,0.49885603,64.3033436,56.3537444,0.460132231
49070,4907,0.508476154,1,1.13609467,0.512047176,60.9650579,61.3134544,1,0.519520268,60.9650579,61.3134544,0.459887264
49080,4908,0.519887482,1,1.17751479,0.519783502,56.4555946,57.7026851,1,0.581872381,56.4555946,57.7026851,0.444379191
49090,4909,0.511908458,1,1.14201183,0.508570604,60.4613582,53.5362922,1,0.618905238,60.4613582,53.5362922,0.444592572
49100,4910,0.539192274,1,1.18343195,0.515015165,63.7249995,58.2276018,1,0.586679045,63.7249995,58.2276018,0.439605391
49110,4911,0.525435216,1,1.20118343,0.514831461,58.7598958,61.0568178,1,0.519321547,58.7598958,61.0568178,0.439585051
49120,4912,0.52254275,1,1.16568047,0.515595496,56.1603444,56.0356525,1,0.51121487,56.1603444,56.0356525,0.434937041
49130,4913,0.517974553,1,1.13017751,0.515416907,61.3193219,53.4858789,1,0.501640292,61.3193219,53.4858789,0.442668048
49140,4914,0.515548874,1,1.14201183,0.51780192,63.5475989,58.8636285,1,0.503877374,63.5475989,58.8636285,0.447778266
49150,4915,0.505193202,1,1.13017751,0.512461175,57.9168005,60.8997752,1,0.505425921,57.9168005,60.8997752,0.460587381
49160,4916,0.526284147,1,1.16568047,0.518536815,56.8534121,55.1512975,1,0.619929104,56.8534121,55.1512975,0.449692805
49170,4917,0.529243111,1,1.14792899,0.509534148,62.8217727,54.9954337,1,0.655338834,62.8217727,54.9954337,0.45926119
49180,4918,0.53660388,1,1.24260355,0.515558462,62.2456428,60.4404241,1,0.535183099,62.2456428,60.4404241,0.421183496
49190,4919,0.522459465,1,1.20710059,0.516548829,56.6212653,59.443942,1,0.510287638,56.6212653,59.443942,0.439382294
49200,4920,0.518399188,1,1.14792899,0.518170879,57.7061956,53.7434818,1,0.504805805,57.7061956,53.7434818,0.44636812
49210,4921,0.518972709,1,1.12426036,0.52049992,63.3196534,54.9501124,1,0.491754493,63.3196534,54.9501124,0.441667537
49220,4922,0.511858426,1,1.10059172,0.516356423,61.6435483,60.6978314,1,0.510540464,61.6435483,60.6978314,0.460547667
49230,4923,0.522648461,1,1.18343195,0.520336768,56.1859578,58.3658193,1,0.594597522,56.1859578,58.3658193,0.456534252
49240,4924,0.531648798,1,1.17751479,0.515510163,59.2574231,53.2107995,1,0.665440368,59.2574231,53.2107995,0.461590561
49250,4925,0.533029697,1,1.15384615,0.507510572,63.878086,56.6502385,1,0.648924574,63.878086,56.6502385,0.443094726
49260,4926,0.539650081,1,1.18934911,0.514887524,60.2455232,60.8001197,1,0.573330938,60.2455232,60.8001197,0.424243332
49270,4927,0.531399403,1,1.23076923,0.518481966,56.2712056,57.0194645,1,0.516061844,56.2712056,57.0194645,0.421946416
49280,4928,0.518478743,1,1.20118343,0.517098003,60.5629754,53.0125905,1,0.502240821,60.5629754,53.0125905,0.451652638
49290,4929,0.509347457,1,1.1183432,0.512625056,64.4877187,57.4958671,1,0.485549561,64.4877187,57.4958671,0.458343934
49300,4930,0.517169882,1,1.12426036,0.516567114,59.9859427,60.9852509,1,0.514890431,59.9859427,60.9852509,0.438136095
49310,4931,0.500815522,1,1.14201183,0.512974415,56.5414956,56.1825238,1,0.500374202,56.5414956,56.1825238,0.454630378
49320,4932,0.535340968,1,1.18343195,0.52439881,61.6111489,53.7051872,1,0.654282146,61.6111489,53.7051872,0.434043736
49330,4933,0.538351258,1,1.16568047,0.516094498,63.4538386,59.140419,1,0.60788307,63.4538386,59.140419,0.441469106
49340,4934,0.532904552,1,1.21301775,0.515818089,57.9906656,60.4042948,1,0.51866909,57.9906656,60.4042948,0.431343311
49350,4935,0.524630723,1,1.20710059,0.519517958,57.0308133,54.8102162,1,0.502976858,57.0308133,54.8102162,0.43660221
49360,4936,0.516002177,1,1.15976331,0.513712946,62.8082441,53.9557209,1,0.508502444,62.8082441,53.9557209,0.449252294
49370,4937,0.511971202,1,1.1183432,0.515160393,63.2502688,59.8944249,1,0.504318494,63.2502688,59.8944249,0.458087033
49380,4938,0.502556256,1,1.10650888,0.510496055,57.2956388,60.2855225,1,0.484647074,57.2956388,60.2855225,0.459035359
49390,4939,0.510589517,1,1.17159763,0.518648222,57.5143018,54.7026818,1,0.519759322,57.5143018,54.7026818,0.429778553
49400,4940,0.527826672,1,1.13609467,0.519121867,63.1250568,55.6350079,1,0.651376397,63.1250568,55.6350079,0.437514524
49410,4941,0.541990407,1,1.23076923,0.516909986,61.3497528,60.9262564,1,0.586338584,61.3497528,60.9262564,0.429317715
49420,4942,0.526548681,1,1.20118343,0.515964439,56.1598979,58.5715452,1,0.509076956,56.1598979,58.5715452,0.438389052
49430,4943,0.511731158,1,1.17751479,0.511489666,59.0153721,53.3119732,1,0.508206839,59.0153721,53.3119732,0.460362798
49440,4944,0.508019567,1,1.1183432,0.505531602,64.1860132,56.3895526,1,0.497000765,64.1860132,56.3895526,0.462863641
49450,4945,0.512045875,1,1.1183432,0.515528332,61.102985,61.2604501,1,0.477025264,61.102985,61.2604501,0.443431387
49460,4946,0.503087588,1,1.13609467,0.520518102,56.3316812,58.2179659,1,0.46856934,56.3316812,58.2179659,0.435292533
49470,4947,0.51332391,1,1.19526627,0.519099353,59.8887149,53.9477173,1,0.573748509,59.8887149,53.9477173,0.427511805
49480,4948,0.546048855,1,1.21301775,0.522443514,63.5619461,58.2901723,1,0.65612915,63.5619461,58.2901723,0.437512757
49490,4949,0.532733708,1,1.25443787,0.511423517,58.6751255,61.4120079,1,0.555087228,58.6751255,61.4120079,0.446066792
49500,4950,0.522553829,1,1.21301775,0.513921625,56.1252748,56.2315891,1,0.502445433,56.1252748,56.2315891,0.444149855
49510,4951,0.519221561,1,1.17751479,0.511019913,61.3623911,53.7406653,1,0.517638503,61.3623911,53.7406653,0.446101376
49520,4952,0.519792782,1,1.10650888,0.520382219,63.5950908,58.8974286,1,0.485655029,63.5950908,58.8974286,0.432258114
49530,4953,0.511141233,1,1.11242604,0.517473968,58.2959311,61.1341102,1,0.465240975,58.2959311,61.1341102,0.4424504
49540,4954,0.518899789,1,1.16568047,0.522684074,56.7315051,55.7370568,1,0.547446717,56.7315051,55.7370568,0.43224756
49550,4955,0.52335991,1,1.13609467,0.513773912,62.7544776,54.9655658,1,0.650779738,62.7544776,54.9655658,0.467090929
49560,4956,0.53924974,1,1.20118343,0.516037203,62.5504931,60.7358893,1,0.610906254,62.5504931,60.7358893,0.444148298
49570,4957,0.527792735,1,1.26627219,0.511883217,56.7103056,59.9760492,1,0.524483992,56.7103056,59.9760492,0.453031514
49580,4958,0.53018999,1,1.23668639,0.517710132,57.7039096,54.5250947,1,0.508735844,57.7039096,54.5250947,0.42621323
49590,4959,0.524633081,1,1.19526627,0.519562108,63.2322292,55.4205334,1,0.515157923,63.2322292,55.4205334,0.430797579
49600,4960,0.51875614,1,1.17159763,0.519379741,62.1712976,60.99518,1,0.476353389,62.1712976,60.99518,0.436515661
49610,4961,0.517933898,1,1.14792899,0.516675175,56.5990674,59.1691973,1,0.536603582,56.5990674,59.1691973,0.451060306
49620,4962,0.513457732,1,1.19526627,0.510758227,59.223832,53.73992,1,0.594315697,59.223832,53.73992,0.463881497
49630,4963,0.524373747,1,1.15384615,0.513477589,64.1770094,56.6137045,1,0.632092681,64.1770094,56.6137045,0.440498669
49640,4964,0.539530339,1,1.14792899,0.518757966,60.739328,61.2100532,1,0.661477654,60.739328,61.2100532,0.441514841
49650,4965,0.536216205,1,1.23076923,0.515506561,56.6485707,57.3962514,1,0.543269136,56.6485707,57.3962514,0.430215161
49660,4966,0.517752315,1,1.1183432,0.512110059,60.891448,53.5347725,1,0.51325213,60.891448,53.5347725,0.441306741
49670,4967,0.51406572,1,1.14792899,0.514342463,64.5883454,58.0270178,1,0.499673061,64.5883454,58.0270178,0.447526518
49680,4968,0.519709718,1,1.13609467,0.518443696,60.0974801,61.551504,1,0.489699439,60.0974801,61.551504,0.439134934
49690,4969,0.508073918,1,1.12426036,0.517134508,56.6862419,56.7250246,1,0.497219936,56.6862419,56.7250246,0.454637183
49700,4970,0.520641869,1,1.17751479,0.518309618,62.0405705,54.2349526,1,0.617495102,62.0405705,54.2349526,0.454232516
49710,4971,0.526645458,1,1.15976331,0.508670483,63.6410994,60.0516884,1,0.648565318,63.6410994,60.0516884,0.464070669
49720,4972,0.531766399,1,1.23076923,0.512680773,57.950961,60.8353651,1,0.543607253,57.950961,60.8353651,0.44183469
49730,4973,0.536527944,1,1.26035503,0.510572445,57.2027212,55.3351208,1,0.552256115,57.2027212,55.3351208,0.426992717
49740,4974,0.532519052,1,1.23668639,0.521561788,62.6862922,54.965117,1,0.501712515,62.6862922,54.965117,0.422772295
49750,4975,0.52240023,1,1.18343195,0.519953229,63.1104733,60.6364097,1,0.494107222,63.1104733,60.6364097,0.437471831
49760,4976,0.518181203,1,1.1183432,0.518098702,57.2134233,60.5883293,1,0.513693589,57.2134233,60.5883293,0.453634309
49770,4977,0.509430924,1,1.14792899,0.509937357,57.7324841,54.491977,1,0.537506688,57.7324841,54.491977,0.470646888
49780,4978,0.511381769,1,1.15384615,0.510686813,63.5075678,55.3751817,1,0.558016622,63.5075678,55.3751817,0.449402243
49790,4979,0.518022702,1,1.09467456,0.515223521,62.1556904,60.8809044,1,0.617047728,62.1556904,60.8809044,0.436097238
49800,4980,0.537871253,1,1.15976331,0.5123194,56.9896558,58.7747842,1,0.635533405,56.9896558,58.7747842,0.429142915
49810,4981,0.528570016,1,1.21893491,0.515152975,59.6235315,53.9406337,1,0.512153981,59.6235315,53.9406337,0.423470529
49820,4982,0.516632003,1,1.20118343,0.517464622,64.4279987,57.1329806,1,0.516555845,64.4279987,57.1329806,0.443720046
49830,4983,0.504806475,1,1.1183432,0.505792333,61.0092629,62.0471965,1,0.506942061,61.0092629,62.0471965,0.460494158
49840,4984,0.506526318,1,1.08284024,0.511241655,56.3059093,58.4471019,1,0.483602311,56.3059093,58.4471019,0.455617251
49850,4985,0.509136359,1,1.13017751,0.51650868,59.9433696,54.0815266,1,0.495183434,59.9433696,54.0815266,0.437105626
49860,4986,0.52932728,1,1.18343195,0.523483935,63.8240851,58.3127174,1,0.613281755,63.8240851,58.3127174,0.441641161
49870,4987,0.539461413,1,1.15976331,0.518454286,59.001696,61.672252,1,0.654437823,59.001696,61.672252,0.45209512
49880,4988,0.532484715,1,1.21301775,0.518149405,56.4585649,56.4462156,1,0.519726729,56.4585649,56.4462156,0.447074461
49890,4989,0.518394869,1,1.19526627,0.509814328,61.9089264,54.203195,1,0.507098036,61.9089264,54.203195,0.453373825
49900,4990,0.51597918,1,1.15384615,0.512528885,63.8721584,59.7686349,1,0.50305143,63.8721584,59.7686349,0.453966097
49910,4991,0.517956984,1,1.14792899,0.513465551,58.5635076,61.7870095,1,0.490009375,58.5635076,61.7870095,0.436877093
49920,4992,0.520405108,1,1.15384615,0.520693361,56.6467486,56.7696082,1,0.482670928,56.6467486,56.7696082,0.413158425
49930,4993,0.510656745,1,1.14792899,0.518959371,62.1323447,54.959878,1,0.472946709,62.1323447,54.959878,0.444339072
49940,4994,0.514979275,1,1.18343195,0.520349016,63.169353,60.6022038,1,0.563712627,63.169353,60.6022038,0.441294669
49950,4995,0.532203892,1,1.15976331,0.514070993,57.2455268,60.4433931,1,0.667328457,57.2455268,60.4433931,0.455842658
49960,4996,0.530769906,1,1.23076923,0.512285331,58.2396155,54.8047329,1,0.530712391,58.2396155,54.8047329,0.440432153
49970,4997,0.530876609,1,1.23668639,0.518971227,63.6817194,56.0668306,1,0.516368758,63.6817194,56.0668306,0.429733547
49980,4998,0.521546519,1,1.16568047,0.511014128,62.3935684,61.6145624,1,0.518985088,62.3935684,61.6145624,0.438101484
49990,4999,0.516907187,1,1.15384615,0.517938807,56.8456585,60.0109465,1,0.490721456,56.8456585,60.0109465,0.444232516
50000,5000,0.519314508,1,1.13609467,0.519512615,58.5037217,54.6505186,1,0.490994983,58.5037217,54.6505186,0.431615656
