source,condition,intervention,phase,strength,dmass,outcome,run_id,file
Lane 4 ref,T10 R13,I001,0,0.0,0.000000,RECOVERED,L4-001-I001-s0.000000-t1000-N128-ref,research/experiments/L4-001-disturbance-battery/results/coarse.csv
Lane 4 ref,T10 R13,I001,1,0.0,0.000000,RECOVERED,L4-001-I001-s0.000000-t1001-N128-ref,research/experiments/L4-001-disturbance-battery/results/coarse.csv
Lane 4 ref,T10 R13,I001,2,0.0,0.000000,RECOVERED,L4-001-I001-s0.000000-t1002-N128-ref,research/experiments/L4-001-disturbance-battery/results/coarse.csv
Lane 4 ref,T10 R13,I001,3,0.0,0.000000,RECOVERED,L4-001-I001-s0.000000-t1003-N128-ref,research/experiments/L4-001-disturbance-battery/results/coarse.csv
Lane 4 ref,T10 R13,I001,4,0.0,0.000000,RECOVERED,L4-001-I001-s0.000000-t1004-N128-ref,research/experiments/L4-001-disturbance-battery/results/coarse.csv
Lane 4 ref,T10 R13,I001,0,0.05,-0.050000,RECOVERED,L4-001-I001-s0.050000-t1000-N128-ref,research/experiments/L4-001-disturbance-battery/results/coarse.csv
Lane 4 ref,T10 R13,I001,1,0.05,-0.050000,RECOVERED,L4-001-I001-s0.050000-t1001-N128-ref,research/experiments/L4-001-disturbance-battery/results/coarse.csv
Lane 4 ref,T10 R13,I001,2,0.05,-0.050000,RECOVERED,L4-001-I001-s0.050000-t1002-N128-ref,research/experiments/L4-001-disturbance-battery/results/coarse.csv
Lane 4 ref,T10 R13,I001,3,0.05,-0.050000,RECOVERED,L4-001-I001-s0.050000-t1003-N128-ref,research/experiments/L4-001-disturbance-battery/results/coarse.csv
Lane 4 ref,T10 R13,I001,4,0.05,-0.050000,RECOVERED,L4-001-I001-s0.050000-t1004-N128-ref,research/experiments/L4-001-disturbance-battery/results/coarse.csv
Lane 4 ref,T10 R13,I001,0,0.1,-0.100000,RECOVERED,L4-001-I001-s0.100000-t1000-N128-ref,research/experiments/L4-001-disturbance-battery/results/coarse.csv
Lane 4 ref,T10 R13,I001,1,0.1,-0.100000,RECOVERED,L4-001-I001-s0.100000-t1001-N128-ref,research/experiments/L4-001-disturbance-battery/results/coarse.csv
Lane 4 ref,T10 R13,I001,2,0.1,-0.100000,RECOVERED,L4-001-I001-s0.100000-t1002-N128-ref,research/experiments/L4-001-disturbance-battery/results/coarse.csv
Lane 4 ref,T10 R13,I001,3,0.1,-0.100000,RECOVERED,L4-001-I001-s0.100000-t1003-N128-ref,research/experiments/L4-001-disturbance-battery/results/coarse.csv
Lane 4 ref,T10 R13,I001,4,0.1,-0.100000,RECOVERED,L4-001-I001-s0.100000-t1004-N128-ref,research/experiments/L4-001-disturbance-battery/results/coarse.csv
Lane 4 ref,T10 R13,I001,0,0.15,-0.150000,DIED,L4-001-I001-s0.150000-t1000-N128-ref,research/experiments/L4-001-disturbance-battery/results/coarse.csv
Lane 4 ref,T10 R13,I001,1,0.15,-0.150000,DIED,L4-001-I001-s0.150000-t1001-N128-ref,research/experiments/L4-001-disturbance-battery/results/coarse.csv
Lane 4 ref,T10 R13,I001,2,0.15,-0.150000,DIED,L4-001-I001-s0.150000-t1002-N128-ref,research/experiments/L4-001-disturbance-battery/results/coarse.csv
Lane 4 ref,T10 R13,I001,3,0.15,-0.150000,DIED,L4-001-I001-s0.150000-t1003-N128-ref,research/experiments/L4-001-disturbance-battery/results/coarse.csv
Lane 4 ref,T10 R13,I001,4,0.15,-0.150000,DIED,L4-001-I001-s0.150000-t1004-N128-ref,research/experiments/L4-001-disturbance-battery/results/coarse.csv
Lane 4 ref,T10 R13,I001,0,0.2,-0.200000,DIED,L4-001-I001-s0.200000-t1000-N128-ref,research/experiments/L4-001-disturbance-battery/results/coarse.csv
Lane 4 ref,T10 R13,I001,1,0.2,-0.200000,DIED,L4-001-I001-s0.200000-t1001-N128-ref,research/experiments/L4-001-disturbance-battery/results/coarse.csv
Lane 4 ref,T10 R13,I001,2,0.2,-0.200000,DIED,L4-001-I001-s0.200000-t1002-N128-ref,research/experiments/L4-001-disturbance-battery/results/coarse.csv
Lane 4 ref,T10 R13,I001,3,0.2,-0.200000,DIED,L4-001-I001-s0.200000-t1003-N128-ref,research/experiments/L4-001-disturbance-battery/results/coarse.csv
Lane 4 ref,T10 R13,I001,4,0.2,-0.200000,DIED,L4-001-I001-s0.200000-t1004-N128-ref,research/experiments/L4-001-disturbance-battery/results/coarse.csv
Lane 4 ref,T10 R13,I001,0,0.25,-0.250000,DIED,L4-001-I001-s0.250000-t1000-N128-ref,research/experiments/L4-001-disturbance-battery/results/coarse.csv
Lane 4 ref,T10 R13,I001,1,0.25,-0.250000,DIED,L4-001-I001-s0.250000-t1001-N128-ref,research/experiments/L4-001-disturbance-battery/results/coarse.csv
Lane 4 ref,T10 R13,I001,2,0.25,-0.250000,DIED,L4-001-I001-s0.250000-t1002-N128-ref,research/experiments/L4-001-disturbance-battery/results/coarse.csv
Lane 4 ref,T10 R13,I001,3,0.25,-0.250000,DIED,L4-001-I001-s0.250000-t1003-N128-ref,research/experiments/L4-001-disturbance-battery/results/coarse.csv
Lane 4 ref,T10 R13,I001,4,0.25,-0.250000,DIED,L4-001-I001-s0.250000-t1004-N128-ref,research/experiments/L4-001-disturbance-battery/results/coarse.csv
Lane 4 ref,T10 R13,I001,0,0.3,-0.300000,DIED,L4-001-I001-s0.300000-t1000-N128-ref,research/experiments/L4-001-disturbance-battery/results/coarse.csv
Lane 4 ref,T10 R13,I001,1,0.3,-0.300000,DIED,L4-001-I001-s0.300000-t1001-N128-ref,research/experiments/L4-001-disturbance-battery/results/coarse.csv
Lane 4 ref,T10 R13,I001,2,0.3,-0.300000,DIED,L4-001-I001-s0.300000-t1002-N128-ref,research/experiments/L4-001-disturbance-battery/results/coarse.csv
Lane 4 ref,T10 R13,I001,3,0.3,-0.300000,DIED,L4-001-I001-s0.300000-t1003-N128-ref,research/experiments/L4-001-disturbance-battery/results/coarse.csv
Lane 4 ref,T10 R13,I001,4,0.3,-0.300000,DIED,L4-001-I001-s0.300000-t1004-N128-ref,research/experiments/L4-001-disturbance-battery/results/coarse.csv
Lane 4 ref,T10 R13,I001,0,0.35,-0.350000,DIED,L4-001-I001-s0.350000-t1000-N128-ref,research/experiments/L4-001-disturbance-battery/results/coarse.csv
Lane 4 ref,T10 R13,I001,1,0.35,-0.350000,DIED,L4-001-I001-s0.350000-t1001-N128-ref,research/experiments/L4-001-disturbance-battery/results/coarse.csv
Lane 4 ref,T10 R13,I001,2,0.35,-0.350000,DIED,L4-001-I001-s0.350000-t1002-N128-ref,research/experiments/L4-001-disturbance-battery/results/coarse.csv
Lane 4 ref,T10 R13,I001,3,0.35,-0.350000,DIED,L4-001-I001-s0.350000-t1003-N128-ref,research/experiments/L4-001-disturbance-battery/results/coarse.csv
Lane 4 ref,T10 R13,I001,4,0.35,-0.350000,DIED,L4-001-I001-s0.350000-t1004-N128-ref,research/experiments/L4-001-disturbance-battery/results/coarse.csv
Lane 4 ref,T10 R13,I001,0,0.4,-0.400000,DIED,L4-001-I001-s0.400000-t1000-N128-ref,research/experiments/L4-001-disturbance-battery/results/coarse.csv
Lane 4 ref,T10 R13,I001,1,0.4,-0.400000,DIED,L4-001-I001-s0.400000-t1001-N128-ref,research/experiments/L4-001-disturbance-battery/results/coarse.csv
Lane 4 ref,T10 R13,I001,2,0.4,-0.400000,DIED,L4-001-I001-s0.400000-t1002-N128-ref,research/experiments/L4-001-disturbance-battery/results/coarse.csv
Lane 4 ref,T10 R13,I001,3,0.4,-0.400000,DIED,L4-001-I001-s0.400000-t1003-N128-ref,research/experiments/L4-001-disturbance-battery/results/coarse.csv
Lane 4 ref,T10 R13,I001,4,0.4,-0.400000,DIED,L4-001-I001-s0.400000-t1004-N128-ref,research/experiments/L4-001-disturbance-battery/results/coarse.csv
Lane 4 ref,T10 R13,I001,0,0.45,-0.450000,DIED,L4-001-I001-s0.450000-t1000-N128-ref,research/experiments/L4-001-disturbance-battery/results/coarse.csv
Lane 4 ref,T10 R13,I001,1,0.45,-0.450000,DIED,L4-001-I001-s0.450000-t1001-N128-ref,research/experiments/L4-001-disturbance-battery/results/coarse.csv
Lane 4 ref,T10 R13,I001,2,0.45,-0.450000,DIED,L4-001-I001-s0.450000-t1002-N128-ref,research/experiments/L4-001-disturbance-battery/results/coarse.csv
Lane 4 ref,T10 R13,I001,3,0.45,-0.450000,DIED,L4-001-I001-s0.450000-t1003-N128-ref,research/experiments/L4-001-disturbance-battery/results/coarse.csv
Lane 4 ref,T10 R13,I001,4,0.45,-0.450000,DIED,L4-001-I001-s0.450000-t1004-N128-ref,research/experiments/L4-001-disturbance-battery/results/coarse.csv
Lane 4 ref,T10 R13,I001,0,0.5,-0.500000,DIED,L4-001-I001-s0.500000-t1000-N128-ref,research/experiments/L4-001-disturbance-battery/results/coarse.csv
Lane 4 ref,T10 R13,I001,1,0.5,-0.500000,DIED,L4-001-I001-s0.500000-t1001-N128-ref,research/experiments/L4-001-disturbance-battery/results/coarse.csv
Lane 4 ref,T10 R13,I001,2,0.5,-0.500000,DIED,L4-001-I001-s0.500000-t1002-N128-ref,research/experiments/L4-001-disturbance-battery/results/coarse.csv
Lane 4 ref,T10 R13,I001,3,0.5,-0.500000,DIED,L4-001-I001-s0.500000-t1003-N128-ref,research/experiments/L4-001-disturbance-battery/results/coarse.csv
Lane 4 ref,T10 R13,I001,4,0.5,-0.500000,DIED,L4-001-I001-s0.500000-t1004-N128-ref,research/experiments/L4-001-disturbance-battery/results/coarse.csv
Lane 4 ref,T10 R13,I001,0,0.55,-0.550000,DIED,L4-001-I001-s0.550000-t1000-N128-ref,research/experiments/L4-001-disturbance-battery/results/coarse.csv
Lane 4 ref,T10 R13,I001,1,0.55,-0.550000,DIED,L4-001-I001-s0.550000-t1001-N128-ref,research/experiments/L4-001-disturbance-battery/results/coarse.csv
Lane 4 ref,T10 R13,I001,2,0.55,-0.550000,DIED,L4-001-I001-s0.550000-t1002-N128-ref,research/experiments/L4-001-disturbance-battery/results/coarse.csv
Lane 4 ref,T10 R13,I001,3,0.55,-0.550000,DIED,L4-001-I001-s0.550000-t1003-N128-ref,research/experiments/L4-001-disturbance-battery/results/coarse.csv
Lane 4 ref,T10 R13,I001,4,0.55,-0.550000,DIED,L4-001-I001-s0.550000-t1004-N128-ref,research/experiments/L4-001-disturbance-battery/results/coarse.csv
Lane 4 ref,T10 R13,I001,0,0.6,-0.600000,DIED,L4-001-I001-s0.600000-t1000-N128-ref,research/experiments/L4-001-disturbance-battery/results/coarse.csv
Lane 4 ref,T10 R13,I001,1,0.6,-0.600000,DIED,L4-001-I001-s0.600000-t1001-N128-ref,research/experiments/L4-001-disturbance-battery/results/coarse.csv
Lane 4 ref,T10 R13,I001,2,0.6,-0.600000,DIED,L4-001-I001-s0.600000-t1002-N128-ref,research/experiments/L4-001-disturbance-battery/results/coarse.csv
Lane 4 ref,T10 R13,I001,3,0.6,-0.600000,DIED,L4-001-I001-s0.600000-t1003-N128-ref,research/experiments/L4-001-disturbance-battery/results/coarse.csv
Lane 4 ref,T10 R13,I001,4,0.6,-0.600000,DIED,L4-001-I001-s0.600000-t1004-N128-ref,research/experiments/L4-001-disturbance-battery/results/coarse.csv
Lane 4 ref,T10 R13,I001,0,0.65,-0.650000,DIED,L4-001-I001-s0.650000-t1000-N128-ref,research/experiments/L4-001-disturbance-battery/results/coarse.csv
Lane 4 ref,T10 R13,I001,1,0.65,-0.650000,DIED,L4-001-I001-s0.650000-t1001-N128-ref,research/experiments/L4-001-disturbance-battery/results/coarse.csv
Lane 4 ref,T10 R13,I001,2,0.65,-0.650000,DIED,L4-001-I001-s0.650000-t1002-N128-ref,research/experiments/L4-001-disturbance-battery/results/coarse.csv
Lane 4 ref,T10 R13,I001,3,0.65,-0.650000,DIED,L4-001-I001-s0.650000-t1003-N128-ref,research/experiments/L4-001-disturbance-battery/results/coarse.csv
Lane 4 ref,T10 R13,I001,4,0.65,-0.650000,DIED,L4-001-I001-s0.650000-t1004-N128-ref,research/experiments/L4-001-disturbance-battery/results/coarse.csv
Lane 4 ref,T10 R13,I001,0,0.7,-0.700000,DIED,L4-001-I001-s0.700000-t1000-N128-ref,research/experiments/L4-001-disturbance-battery/results/coarse.csv
Lane 4 ref,T10 R13,I001,1,0.7,-0.700000,DIED,L4-001-I001-s0.700000-t1001-N128-ref,research/experiments/L4-001-disturbance-battery/results/coarse.csv
Lane 4 ref,T10 R13,I001,2,0.7,-0.700000,DIED,L4-001-I001-s0.700000-t1002-N128-ref,research/experiments/L4-001-disturbance-battery/results/coarse.csv
Lane 4 ref,T10 R13,I001,3,0.7,-0.700000,DIED,L4-001-I001-s0.700000-t1003-N128-ref,research/experiments/L4-001-disturbance-battery/results/coarse.csv
Lane 4 ref,T10 R13,I001,4,0.7,-0.700000,DIED,L4-001-I001-s0.700000-t1004-N128-ref,research/experiments/L4-001-disturbance-battery/results/coarse.csv
Lane 4 ref,T10 R13,I001,0,0.75,-0.750000,DIED,L4-001-I001-s0.750000-t1000-N128-ref,research/experiments/L4-001-disturbance-battery/results/coarse.csv
Lane 4 ref,T10 R13,I001,1,0.75,-0.750000,DIED,L4-001-I001-s0.750000-t1001-N128-ref,research/experiments/L4-001-disturbance-battery/results/coarse.csv
Lane 4 ref,T10 R13,I001,2,0.75,-0.750000,DIED,L4-001-I001-s0.750000-t1002-N128-ref,research/experiments/L4-001-disturbance-battery/results/coarse.csv
Lane 4 ref,T10 R13,I001,3,0.75,-0.750000,DIED,L4-001-I001-s0.750000-t1003-N128-ref,research/experiments/L4-001-disturbance-battery/results/coarse.csv
Lane 4 ref,T10 R13,I001,4,0.75,-0.750000,DIED,L4-001-I001-s0.750000-t1004-N128-ref,research/experiments/L4-001-disturbance-battery/results/coarse.csv
Lane 4 ref,T10 R13,I001,0,0.8,-0.800000,DIED,L4-001-I001-s0.800000-t1000-N128-ref,research/experiments/L4-001-disturbance-battery/results/coarse.csv
Lane 4 ref,T10 R13,I001,1,0.8,-0.800000,DIED,L4-001-I001-s0.800000-t1001-N128-ref,research/experiments/L4-001-disturbance-battery/results/coarse.csv
Lane 4 ref,T10 R13,I001,2,0.8,-0.800000,DIED,L4-001-I001-s0.800000-t1002-N128-ref,research/experiments/L4-001-disturbance-battery/results/coarse.csv
Lane 4 ref,T10 R13,I001,3,0.8,-0.800000,DIED,L4-001-I001-s0.800000-t1003-N128-ref,research/experiments/L4-001-disturbance-battery/results/coarse.csv
Lane 4 ref,T10 R13,I001,4,0.8,-0.800000,DIED,L4-001-I001-s0.800000-t1004-N128-ref,research/experiments/L4-001-disturbance-battery/results/coarse.csv
Lane 4 ref,T10 R13,I001,0,0.85,-0.850000,DIED,L4-001-I001-s0.850000-t1000-N128-ref,research/experiments/L4-001-disturbance-battery/results/coarse.csv
Lane 4 ref,T10 R13,I001,1,0.85,-0.850000,DIED,L4-001-I001-s0.850000-t1001-N128-ref,research/experiments/L4-001-disturbance-battery/results/coarse.csv
Lane 4 ref,T10 R13,I001,2,0.85,-0.850000,DIED,L4-001-I001-s0.850000-t1002-N128-ref,research/experiments/L4-001-disturbance-battery/results/coarse.csv
Lane 4 ref,T10 R13,I001,3,0.85,-0.850000,DIED,L4-001-I001-s0.850000-t1003-N128-ref,research/experiments/L4-001-disturbance-battery/results/coarse.csv
Lane 4 ref,T10 R13,I001,4,0.85,-0.850000,DIED,L4-001-I001-s0.850000-t1004-N128-ref,research/experiments/L4-001-disturbance-battery/results/coarse.csv
Lane 4 ref,T10 R13,I001,0,0.9,-0.900000,DIED,L4-001-I001-s0.900000-t1000-N128-ref,research/experiments/L4-001-disturbance-battery/results/coarse.csv
Lane 4 ref,T10 R13,I001,1,0.9,-0.900000,DIED,L4-001-I001-s0.900000-t1001-N128-ref,research/experiments/L4-001-disturbance-battery/results/coarse.csv
Lane 4 ref,T10 R13,I001,2,0.9,-0.900000,DIED,L4-001-I001-s0.900000-t1002-N128-ref,research/experiments/L4-001-disturbance-battery/results/coarse.csv
Lane 4 ref,T10 R13,I001,3,0.9,-0.900000,DIED,L4-001-I001-s0.900000-t1003-N128-ref,research/experiments/L4-001-disturbance-battery/results/coarse.csv
Lane 4 ref,T10 R13,I001,4,0.9,-0.900000,DIED,L4-001-I001-s0.900000-t1004-N128-ref,research/experiments/L4-001-disturbance-battery/results/coarse.csv
Lane 4 ref,T10 R13,I001,0,0.95,-0.950000,DIED,L4-001-I001-s0.950000-t1000-N128-ref,research/experiments/L4-001-disturbance-battery/results/coarse.csv
Lane 4 ref,T10 R13,I001,1,0.95,-0.950000,DIED,L4-001-I001-s0.950000-t1001-N128-ref,research/experiments/L4-001-disturbance-battery/results/coarse.csv
Lane 4 ref,T10 R13,I001,2,0.95,-0.950000,DIED,L4-001-I001-s0.950000-t1002-N128-ref,research/experiments/L4-001-disturbance-battery/results/coarse.csv
Lane 4 ref,T10 R13,I001,3,0.95,-0.950000,DIED,L4-001-I001-s0.950000-t1003-N128-ref,research/experiments/L4-001-disturbance-battery/results/coarse.csv
Lane 4 ref,T10 R13,I001,4,0.95,-0.950000,DIED,L4-001-I001-s0.950000-t1004-N128-ref,research/experiments/L4-001-disturbance-battery/results/coarse.csv
Lane 4 ref,T10 R13,I002,0,0.0,0.000000,RECOVERED,L4-001-I002-s0.000000-t1000-N128-ref,research/experiments/L4-001-disturbance-battery/results/coarse.csv
Lane 4 ref,T10 R13,I002,1,0.0,0.000000,RECOVERED,L4-001-I002-s0.000000-t1001-N128-ref,research/experiments/L4-001-disturbance-battery/results/coarse.csv
Lane 4 ref,T10 R13,I002,2,0.0,0.000000,RECOVERED,L4-001-I002-s0.000000-t1002-N128-ref,research/experiments/L4-001-disturbance-battery/results/coarse.csv
Lane 4 ref,T10 R13,I002,3,0.0,0.000000,RECOVERED,L4-001-I002-s0.000000-t1003-N128-ref,research/experiments/L4-001-disturbance-battery/results/coarse.csv
Lane 4 ref,T10 R13,I002,4,0.0,0.000000,RECOVERED,L4-001-I002-s0.000000-t1004-N128-ref,research/experiments/L4-001-disturbance-battery/results/coarse.csv
Lane 4 ref,T10 R13,I002,0,0.05,-0.013542,RECOVERED,L4-001-I002-s0.050000-t1000-N128-ref,research/experiments/L4-001-disturbance-battery/results/coarse.csv
Lane 4 ref,T10 R13,I002,1,0.05,-0.013589,RECOVERED,L4-001-I002-s0.050000-t1001-N128-ref,research/experiments/L4-001-disturbance-battery/results/coarse.csv
Lane 4 ref,T10 R13,I002,2,0.05,-0.012823,RECOVERED,L4-001-I002-s0.050000-t1002-N128-ref,research/experiments/L4-001-disturbance-battery/results/coarse.csv
Lane 4 ref,T10 R13,I002,3,0.05,-0.013416,RECOVERED,L4-001-I002-s0.050000-t1003-N128-ref,research/experiments/L4-001-disturbance-battery/results/coarse.csv
Lane 4 ref,T10 R13,I002,4,0.05,-0.026854,RECOVERED,L4-001-I002-s0.050000-t1004-N128-ref,research/experiments/L4-001-disturbance-battery/results/coarse.csv
Lane 4 ref,T10 R13,I002,0,0.1,-0.053250,DIED,L4-001-I002-s0.100000-t1000-N128-ref,research/experiments/L4-001-disturbance-battery/results/coarse.csv
Lane 4 ref,T10 R13,I002,1,0.1,-0.077569,DIED,L4-001-I002-s0.100000-t1001-N128-ref,research/experiments/L4-001-disturbance-battery/results/coarse.csv
Lane 4 ref,T10 R13,I002,2,0.1,-0.080067,DIED,L4-001-I002-s0.100000-t1002-N128-ref,research/experiments/L4-001-disturbance-battery/results/coarse.csv
Lane 4 ref,T10 R13,I002,3,0.1,-0.077465,DIED,L4-001-I002-s0.100000-t1003-N128-ref,research/experiments/L4-001-disturbance-battery/results/coarse.csv
Lane 4 ref,T10 R13,I002,4,0.1,-0.066385,DIED,L4-001-I002-s0.100000-t1004-N128-ref,research/experiments/L4-001-disturbance-battery/results/coarse.csv
Lane 4 ref,T10 R13,I002,0,0.15,-0.153736,DIED,L4-001-I002-s0.150000-t1000-N128-ref,research/experiments/L4-001-disturbance-battery/results/coarse.csv
Lane 4 ref,T10 R13,I002,1,0.15,-0.153142,DIED,L4-001-I002-s0.150000-t1001-N128-ref,research/experiments/L4-001-disturbance-battery/results/coarse.csv
Lane 4 ref,T10 R13,I002,2,0.15,-0.138794,DIED,L4-001-I002-s0.150000-t1002-N128-ref,research/experiments/L4-001-disturbance-battery/results/coarse.csv
Lane 4 ref,T10 R13,I002,3,0.15,-0.151048,DIED,L4-001-I002-s0.150000-t1003-N128-ref,research/experiments/L4-001-disturbance-battery/results/coarse.csv
Lane 4 ref,T10 R13,I002,4,0.15,-0.165004,DIED,L4-001-I002-s0.150000-t1004-N128-ref,research/experiments/L4-001-disturbance-battery/results/coarse.csv
Lane 4 ref,T10 R13,I002,0,0.2,-0.262333,DIED,L4-001-I002-s0.200000-t1000-N128-ref,research/experiments/L4-001-disturbance-battery/results/coarse.csv
Lane 4 ref,T10 R13,I002,1,0.2,-0.267928,DIED,L4-001-I002-s0.200000-t1001-N128-ref,research/experiments/L4-001-disturbance-battery/results/coarse.csv
Lane 4 ref,T10 R13,I002,2,0.2,-0.271222,DIED,L4-001-I002-s0.200000-t1002-N128-ref,research/experiments/L4-001-disturbance-battery/results/coarse.csv
Lane 4 ref,T10 R13,I002,3,0.2,-0.264600,DIED,L4-001-I002-s0.200000-t1003-N128-ref,research/experiments/L4-001-disturbance-battery/results/coarse.csv
Lane 4 ref,T10 R13,I002,4,0.2,-0.255347,DIED,L4-001-I002-s0.200000-t1004-N128-ref,research/experiments/L4-001-disturbance-battery/results/coarse.csv
Lane 4 ref,T10 R13,I002,0,0.25,-0.353954,DIED,L4-001-I002-s0.250000-t1000-N128-ref,research/experiments/L4-001-disturbance-battery/results/coarse.csv
Lane 4 ref,T10 R13,I002,1,0.25,-0.361567,DIED,L4-001-I002-s0.250000-t1001-N128-ref,research/experiments/L4-001-disturbance-battery/results/coarse.csv
Lane 4 ref,T10 R13,I002,2,0.25,-0.345626,DIED,L4-001-I002-s0.250000-t1002-N128-ref,research/experiments/L4-001-disturbance-battery/results/coarse.csv
Lane 4 ref,T10 R13,I002,3,0.25,-0.345087,DIED,L4-001-I002-s0.250000-t1003-N128-ref,research/experiments/L4-001-disturbance-battery/results/coarse.csv
Lane 4 ref,T10 R13,I002,4,0.25,-0.372323,DIED,L4-001-I002-s0.250000-t1004-N128-ref,research/experiments/L4-001-disturbance-battery/results/coarse.csv
Lane 4 ref,T10 R13,I002,0,0.3,-0.451338,DIED,L4-001-I002-s0.300000-t1000-N128-ref,research/experiments/L4-001-disturbance-battery/results/coarse.csv
Lane 4 ref,T10 R13,I002,1,0.3,-0.426540,DIED,L4-001-I002-s0.300000-t1001-N128-ref,research/experiments/L4-001-disturbance-battery/results/coarse.csv
Lane 4 ref,T10 R13,I002,2,0.3,-0.441387,DIED,L4-001-I002-s0.300000-t1002-N128-ref,research/experiments/L4-001-disturbance-battery/results/coarse.csv
Lane 4 ref,T10 R13,I002,3,0.3,-0.428527,DIED,L4-001-I002-s0.300000-t1003-N128-ref,research/experiments/L4-001-disturbance-battery/results/coarse.csv
Lane 4 ref,T10 R13,I002,4,0.3,-0.437191,DIED,L4-001-I002-s0.300000-t1004-N128-ref,research/experiments/L4-001-disturbance-battery/results/coarse.csv
Lane 4 ref,T10 R13,I002,0,0.35,-0.505771,DIED,L4-001-I002-s0.350000-t1000-N128-ref,research/experiments/L4-001-disturbance-battery/results/coarse.csv
Lane 4 ref,T10 R13,I002,1,0.35,-0.506995,DIED,L4-001-I002-s0.350000-t1001-N128-ref,research/experiments/L4-001-disturbance-battery/results/coarse.csv
Lane 4 ref,T10 R13,I002,2,0.35,-0.506042,DIED,L4-001-I002-s0.350000-t1002-N128-ref,research/experiments/L4-001-disturbance-battery/results/coarse.csv
Lane 4 ref,T10 R13,I002,3,0.35,-0.497911,DIED,L4-001-I002-s0.350000-t1003-N128-ref,research/experiments/L4-001-disturbance-battery/results/coarse.csv
Lane 4 ref,T10 R13,I002,4,0.35,-0.511142,DIED,L4-001-I002-s0.350000-t1004-N128-ref,research/experiments/L4-001-disturbance-battery/results/coarse.csv
Lane 4 ref,T10 R13,I002,0,0.4,-0.557853,DIED,L4-001-I002-s0.400000-t1000-N128-ref,research/experiments/L4-001-disturbance-battery/results/coarse.csv
Lane 4 ref,T10 R13,I002,1,0.4,-0.563343,DIED,L4-001-I002-s0.400000-t1001-N128-ref,research/experiments/L4-001-disturbance-battery/results/coarse.csv
Lane 4 ref,T10 R13,I002,2,0.4,-0.543005,DIED,L4-001-I002-s0.400000-t1002-N128-ref,research/experiments/L4-001-disturbance-battery/results/coarse.csv
Lane 4 ref,T10 R13,I002,3,0.4,-0.555113,DIED,L4-001-I002-s0.400000-t1003-N128-ref,research/experiments/L4-001-disturbance-battery/results/coarse.csv
Lane 4 ref,T10 R13,I002,4,0.4,-0.556096,DIED,L4-001-I002-s0.400000-t1004-N128-ref,research/experiments/L4-001-disturbance-battery/results/coarse.csv
Lane 4 ref,T10 R13,I002,0,0.45,-0.611403,DIED,L4-001-I002-s0.450000-t1000-N128-ref,research/experiments/L4-001-disturbance-battery/results/coarse.csv
Lane 4 ref,T10 R13,I002,1,0.45,-0.596847,DIED,L4-001-I002-s0.450000-t1001-N128-ref,research/experiments/L4-001-disturbance-battery/results/coarse.csv
Lane 4 ref,T10 R13,I002,2,0.45,-0.603759,DIED,L4-001-I002-s0.450000-t1002-N128-ref,research/experiments/L4-001-disturbance-battery/results/coarse.csv
Lane 4 ref,T10 R13,I002,3,0.45,-0.603603,DIED,L4-001-I002-s0.450000-t1003-N128-ref,research/experiments/L4-001-disturbance-battery/results/coarse.csv
Lane 4 ref,T10 R13,I002,4,0.45,-0.604045,DIED,L4-001-I002-s0.450000-t1004-N128-ref,research/experiments/L4-001-disturbance-battery/results/coarse.csv
Lane 4 ref,T10 R13,I002,0,0.5,-0.643134,DIED,L4-001-I002-s0.500000-t1000-N128-ref,research/experiments/L4-001-disturbance-battery/results/coarse.csv
Lane 4 ref,T10 R13,I002,1,0.5,-0.647626,DIED,L4-001-I002-s0.500000-t1001-N128-ref,research/experiments/L4-001-disturbance-battery/results/coarse.csv
Lane 4 ref,T10 R13,I002,2,0.5,-0.650507,DIED,L4-001-I002-s0.500000-t1002-N128-ref,research/experiments/L4-001-disturbance-battery/results/coarse.csv
Lane 4 ref,T10 R13,I002,3,0.5,-0.647073,DIED,L4-001-I002-s0.500000-t1003-N128-ref,research/experiments/L4-001-disturbance-battery/results/coarse.csv
Lane 4 ref,T10 R13,I002,4,0.5,-0.653453,DIED,L4-001-I002-s0.500000-t1004-N128-ref,research/experiments/L4-001-disturbance-battery/results/coarse.csv
Lane 4 ref,T10 R13,I002,0,0.55,-0.705369,DIED,L4-001-I002-s0.550000-t1000-N128-ref,research/experiments/L4-001-disturbance-battery/results/coarse.csv
Lane 4 ref,T10 R13,I002,1,0.55,-0.700451,DIED,L4-001-I002-s0.550000-t1001-N128-ref,research/experiments/L4-001-disturbance-battery/results/coarse.csv
Lane 4 ref,T10 R13,I002,2,0.55,-0.695472,DIED,L4-001-I002-s0.550000-t1002-N128-ref,research/experiments/L4-001-disturbance-battery/results/coarse.csv
Lane 4 ref,T10 R13,I002,3,0.55,-0.704586,DIED,L4-001-I002-s0.550000-t1003-N128-ref,research/experiments/L4-001-disturbance-battery/results/coarse.csv
Lane 4 ref,T10 R13,I002,4,0.55,-0.689300,DIED,L4-001-I002-s0.550000-t1004-N128-ref,research/experiments/L4-001-disturbance-battery/results/coarse.csv
Lane 4 ref,T10 R13,I002,0,0.6,-0.764583,DIED,L4-001-I002-s0.600000-t1000-N128-ref,research/experiments/L4-001-disturbance-battery/results/coarse.csv
Lane 4 ref,T10 R13,I002,1,0.6,-0.765458,DIED,L4-001-I002-s0.600000-t1001-N128-ref,research/experiments/L4-001-disturbance-battery/results/coarse.csv
Lane 4 ref,T10 R13,I002,2,0.6,-0.766833,DIED,L4-001-I002-s0.600000-t1002-N128-ref,research/experiments/L4-001-disturbance-battery/results/coarse.csv
Lane 4 ref,T10 R13,I002,3,0.6,-0.766598,DIED,L4-001-I002-s0.600000-t1003-N128-ref,research/experiments/L4-001-disturbance-battery/results/coarse.csv
Lane 4 ref,T10 R13,I002,4,0.6,-0.766345,DIED,L4-001-I002-s0.600000-t1004-N128-ref,research/experiments/L4-001-disturbance-battery/results/coarse.csv
Lane 4 ref,T10 R13,I002,0,0.65,-0.864785,DIED,L4-001-I002-s0.650000-t1000-N128-ref,research/experiments/L4-001-disturbance-battery/results/coarse.csv
Lane 4 ref,T10 R13,I002,1,0.65,-0.868941,DIED,L4-001-I002-s0.650000-t1001-N128-ref,research/experiments/L4-001-disturbance-battery/results/coarse.csv
Lane 4 ref,T10 R13,I002,2,0.65,-0.873714,DIED,L4-001-I002-s0.650000-t1002-N128-ref,research/experiments/L4-001-disturbance-battery/results/coarse.csv
Lane 4 ref,T10 R13,I002,3,0.65,-0.871766,DIED,L4-001-I002-s0.650000-t1003-N128-ref,research/experiments/L4-001-disturbance-battery/results/coarse.csv
Lane 4 ref,T10 R13,I002,4,0.65,-0.867492,DIED,L4-001-I002-s0.650000-t1004-N128-ref,research/experiments/L4-001-disturbance-battery/results/coarse.csv
Lane 4 ref,T10 R13,I002,0,0.7,-0.936307,DIED,L4-001-I002-s0.700000-t1000-N128-ref,research/experiments/L4-001-disturbance-battery/results/coarse.csv
Lane 4 ref,T10 R13,I002,1,0.7,-0.944962,DIED,L4-001-I002-s0.700000-t1001-N128-ref,research/experiments/L4-001-disturbance-battery/results/coarse.csv
Lane 4 ref,T10 R13,I002,2,0.7,-0.950069,DIED,L4-001-I002-s0.700000-t1002-N128-ref,research/experiments/L4-001-disturbance-battery/results/coarse.csv
Lane 4 ref,T10 R13,I002,3,0.7,-0.928484,DIED,L4-001-I002-s0.700000-t1003-N128-ref,research/experiments/L4-001-disturbance-battery/results/coarse.csv
Lane 4 ref,T10 R13,I002,4,0.7,-0.942582,DIED,L4-001-I002-s0.700000-t1004-N128-ref,research/experiments/L4-001-disturbance-battery/results/coarse.csv
Lane 4 ref,T10 R13,I002,0,0.75,-0.973782,DIED,L4-001-I002-s0.750000-t1000-N128-ref,research/experiments/L4-001-disturbance-battery/results/coarse.csv
Lane 4 ref,T10 R13,I002,1,0.75,-0.976643,DIED,L4-001-I002-s0.750000-t1001-N128-ref,research/experiments/L4-001-disturbance-battery/results/coarse.csv
Lane 4 ref,T10 R13,I002,2,0.75,-0.975727,DIED,L4-001-I002-s0.750000-t1002-N128-ref,research/experiments/L4-001-disturbance-battery/results/coarse.csv
Lane 4 ref,T10 R13,I002,3,0.75,-0.982221,DIED,L4-001-I002-s0.750000-t1003-N128-ref,research/experiments/L4-001-disturbance-battery/results/coarse.csv
Lane 4 ref,T10 R13,I002,4,0.75,-0.977794,DIED,L4-001-I002-s0.750000-t1004-N128-ref,research/experiments/L4-001-disturbance-battery/results/coarse.csv
Lane 4 ref,T10 R13,I002,0,0.8,-0.990515,DIED,L4-001-I002-s0.800000-t1000-N128-ref,research/experiments/L4-001-disturbance-battery/results/coarse.csv
Lane 4 ref,T10 R13,I002,1,0.8,-0.992965,DIED,L4-001-I002-s0.800000-t1001-N128-ref,research/experiments/L4-001-disturbance-battery/results/coarse.csv
Lane 4 ref,T10 R13,I002,2,0.8,-0.991696,DIED,L4-001-I002-s0.800000-t1002-N128-ref,research/experiments/L4-001-disturbance-battery/results/coarse.csv
Lane 4 ref,T10 R13,I002,3,0.8,-0.987428,DIED,L4-001-I002-s0.800000-t1003-N128-ref,research/experiments/L4-001-disturbance-battery/results/coarse.csv
Lane 4 ref,T10 R13,I002,4,0.8,-0.991758,DIED,L4-001-I002-s0.800000-t1004-N128-ref,research/experiments/L4-001-disturbance-battery/results/coarse.csv
Lane 4 ref,T10 R13,I002,0,0.85,-0.995998,DIED,L4-001-I002-s0.850000-t1000-N128-ref,research/experiments/L4-001-disturbance-battery/results/coarse.csv
Lane 4 ref,T10 R13,I002,1,0.85,-0.998615,DIED,L4-001-I002-s0.850000-t1001-N128-ref,research/experiments/L4-001-disturbance-battery/results/coarse.csv
Lane 4 ref,T10 R13,I002,2,0.85,-0.998921,DIED,L4-001-I002-s0.850000-t1002-N128-ref,research/experiments/L4-001-disturbance-battery/results/coarse.csv
Lane 4 ref,T10 R13,I002,3,0.85,-0.999605,DIED,L4-001-I002-s0.850000-t1003-N128-ref,research/experiments/L4-001-disturbance-battery/results/coarse.csv
Lane 4 ref,T10 R13,I002,4,0.85,-0.997126,DIED,L4-001-I002-s0.850000-t1004-N128-ref,research/experiments/L4-001-disturbance-battery/results/coarse.csv
Lane 4 ref,T10 R13,I002,0,0.9,-1.000000,DIED,L4-001-I002-s0.900000-t1000-N128-ref,research/experiments/L4-001-disturbance-battery/results/coarse.csv
Lane 4 ref,T10 R13,I002,1,0.9,-0.998979,DIED,L4-001-I002-s0.900000-t1001-N128-ref,research/experiments/L4-001-disturbance-battery/results/coarse.csv
Lane 4 ref,T10 R13,I002,2,0.9,-1.000000,DIED,L4-001-I002-s0.900000-t1002-N128-ref,research/experiments/L4-001-disturbance-battery/results/coarse.csv
Lane 4 ref,T10 R13,I002,3,0.9,-1.000000,DIED,L4-001-I002-s0.900000-t1003-N128-ref,research/experiments/L4-001-disturbance-battery/results/coarse.csv
Lane 4 ref,T10 R13,I002,4,0.9,-1.000000,DIED,L4-001-I002-s0.900000-t1004-N128-ref,research/experiments/L4-001-disturbance-battery/results/coarse.csv
Lane 4 ref,T10 R13,I002,0,0.95,-1.000000,DIED,L4-001-I002-s0.950000-t1000-N128-ref,research/experiments/L4-001-disturbance-battery/results/coarse.csv
Lane 4 ref,T10 R13,I002,1,0.95,-1.000000,DIED,L4-001-I002-s0.950000-t1001-N128-ref,research/experiments/L4-001-disturbance-battery/results/coarse.csv
Lane 4 ref,T10 R13,I002,2,0.95,-1.000000,DIED,L4-001-I002-s0.950000-t1002-N128-ref,research/experiments/L4-001-disturbance-battery/results/coarse.csv
Lane 4 ref,T10 R13,I002,3,0.95,-1.000000,DIED,L4-001-I002-s0.950000-t1003-N128-ref,research/experiments/L4-001-disturbance-battery/results/coarse.csv
Lane 4 ref,T10 R13,I002,4,0.95,-1.000000,DIED,L4-001-I002-s0.950000-t1004-N128-ref,research/experiments/L4-001-disturbance-battery/results/coarse.csv
Lane 4 ref,T10 R13,I002,0,1.0,-1.000000,DIED,L4-001-I002-s1.000000-t1000-N128-ref,research/experiments/L4-001-disturbance-battery/results/coarse.csv
Lane 4 ref,T10 R13,I002,1,1.0,-1.000000,DIED,L4-001-I002-s1.000000-t1001-N128-ref,research/experiments/L4-001-disturbance-battery/results/coarse.csv
Lane 4 ref,T10 R13,I002,2,1.0,-1.000000,DIED,L4-001-I002-s1.000000-t1002-N128-ref,research/experiments/L4-001-disturbance-battery/results/coarse.csv
Lane 4 ref,T10 R13,I002,3,1.0,-1.000000,DIED,L4-001-I002-s1.000000-t1003-N128-ref,research/experiments/L4-001-disturbance-battery/results/coarse.csv
Lane 4 ref,T10 R13,I002,4,1.0,-1.000000,DIED,L4-001-I002-s1.000000-t1004-N128-ref,research/experiments/L4-001-disturbance-battery/results/coarse.csv
Lane 4 ref,T10 R13,I003,0,0.0,0.000000,RECOVERED,L4-001-I003-s0.000000-t1000-N128-ref,research/experiments/L4-001-disturbance-battery/results/coarse.csv
Lane 4 ref,T10 R13,I003,1,0.0,0.000000,RECOVERED,L4-001-I003-s0.000000-t1001-N128-ref,research/experiments/L4-001-disturbance-battery/results/coarse.csv
Lane 4 ref,T10 R13,I003,2,0.0,0.000000,RECOVERED,L4-001-I003-s0.000000-t1002-N128-ref,research/experiments/L4-001-disturbance-battery/results/coarse.csv
Lane 4 ref,T10 R13,I003,3,0.0,0.000000,RECOVERED,L4-001-I003-s0.000000-t1003-N128-ref,research/experiments/L4-001-disturbance-battery/results/coarse.csv
Lane 4 ref,T10 R13,I003,4,0.0,0.000000,RECOVERED,L4-001-I003-s0.000000-t1004-N128-ref,research/experiments/L4-001-disturbance-battery/results/coarse.csv
Lane 4 ref,T10 R13,I003,0,0.05,0.044933,RECOVERED,L4-001-I003-s0.050000-t1000-N128-ref,research/experiments/L4-001-disturbance-battery/results/coarse.csv
Lane 4 ref,T10 R13,I003,1,0.05,0.045089,RECOVERED,L4-001-I003-s0.050000-t1001-N128-ref,research/experiments/L4-001-disturbance-battery/results/coarse.csv
Lane 4 ref,T10 R13,I003,2,0.05,0.045113,RECOVERED,L4-001-I003-s0.050000-t1002-N128-ref,research/experiments/L4-001-disturbance-battery/results/coarse.csv
Lane 4 ref,T10 R13,I003,3,0.05,0.045009,RECOVERED,L4-001-I003-s0.050000-t1003-N128-ref,research/experiments/L4-001-disturbance-battery/results/coarse.csv
Lane 4 ref,T10 R13,I003,4,0.05,0.044915,RECOVERED,L4-001-I003-s0.050000-t1004-N128-ref,research/experiments/L4-001-disturbance-battery/results/coarse.csv
Lane 4 ref,T10 R13,I003,0,0.1,0.089865,RECOVERED,L4-001-I003-s0.100000-t1000-N128-ref,research/experiments/L4-001-disturbance-battery/results/coarse.csv
Lane 4 ref,T10 R13,I003,1,0.1,0.090178,RECOVERED,L4-001-I003-s0.100000-t1001-N128-ref,research/experiments/L4-001-disturbance-battery/results/coarse.csv
Lane 4 ref,T10 R13,I003,2,0.1,0.090227,RECOVERED,L4-001-I003-s0.100000-t1002-N128-ref,research/experiments/L4-001-disturbance-battery/results/coarse.csv
Lane 4 ref,T10 R13,I003,3,0.1,0.090018,RECOVERED,L4-001-I003-s0.100000-t1003-N128-ref,research/experiments/L4-001-disturbance-battery/results/coarse.csv
Lane 4 ref,T10 R13,I003,4,0.1,0.089829,RECOVERED,L4-001-I003-s0.100000-t1004-N128-ref,research/experiments/L4-001-disturbance-battery/results/coarse.csv
Lane 4 ref,T10 R13,I003,0,0.15,0.134798,RECOVERED,L4-001-I003-s0.150000-t1000-N128-ref,research/experiments/L4-001-disturbance-battery/results/coarse.csv
Lane 4 ref,T10 R13,I003,1,0.15,0.135268,RECOVERED,L4-001-I003-s0.150000-t1001-N128-ref,research/experiments/L4-001-disturbance-battery/results/coarse.csv
Lane 4 ref,T10 R13,I003,2,0.15,0.135340,RECOVERED,L4-001-I003-s0.150000-t1002-N128-ref,research/experiments/L4-001-disturbance-battery/results/coarse.csv
Lane 4 ref,T10 R13,I003,3,0.15,0.135026,RECOVERED,L4-001-I003-s0.150000-t1003-N128-ref,research/experiments/L4-001-disturbance-battery/results/coarse.csv
Lane 4 ref,T10 R13,I003,4,0.15,0.134744,RECOVERED,L4-001-I003-s0.150000-t1004-N128-ref,research/experiments/L4-001-disturbance-battery/results/coarse.csv
Lane 4 ref,T10 R13,I003,0,0.2,0.179731,RECOVERED,L4-001-I003-s0.200000-t1000-N128-ref,research/experiments/L4-001-disturbance-battery/results/coarse.csv
Lane 4 ref,T10 R13,I003,1,0.2,0.180357,RECOVERED,L4-001-I003-s0.200000-t1001-N128-ref,research/experiments/L4-001-disturbance-battery/results/coarse.csv
Lane 4 ref,T10 R13,I003,2,0.2,0.180454,RECOVERED,L4-001-I003-s0.200000-t1002-N128-ref,research/experiments/L4-001-disturbance-battery/results/coarse.csv
Lane 4 ref,T10 R13,I003,3,0.2,0.180035,RECOVERED,L4-001-I003-s0.200000-t1003-N128-ref,research/experiments/L4-001-disturbance-battery/results/coarse.csv
Lane 4 ref,T10 R13,I003,4,0.2,0.179659,RECOVERED,L4-001-I003-s0.200000-t1004-N128-ref,research/experiments/L4-001-disturbance-battery/results/coarse.csv
Lane 4 ref,T10 R13,I003,0,0.25,0.224663,RECOVERED,L4-001-I003-s0.250000-t1000-N128-ref,research/experiments/L4-001-disturbance-battery/results/coarse.csv
Lane 4 ref,T10 R13,I003,1,0.25,0.225446,RECOVERED,L4-001-I003-s0.250000-t1001-N128-ref,research/experiments/L4-001-disturbance-battery/results/coarse.csv
Lane 4 ref,T10 R13,I003,2,0.25,0.225567,RECOVERED,L4-001-I003-s0.250000-t1002-N128-ref,research/experiments/L4-001-disturbance-battery/results/coarse.csv
Lane 4 ref,T10 R13,I003,3,0.25,0.225044,RECOVERED,L4-001-I003-s0.250000-t1003-N128-ref,research/experiments/L4-001-disturbance-battery/results/coarse.csv
Lane 4 ref,T10 R13,I003,4,0.25,0.224573,RECOVERED,L4-001-I003-s0.250000-t1004-N128-ref,research/experiments/L4-001-disturbance-battery/results/coarse.csv
Lane 4 ref,T10 R13,I003,0,0.3,0.269596,RECOVERED,L4-001-I003-s0.300000-t1000-N128-ref,research/experiments/L4-001-disturbance-battery/results/coarse.csv
Lane 4 ref,T10 R13,I003,1,0.3,0.270535,RECOVERED,L4-001-I003-s0.300000-t1001-N128-ref,research/experiments/L4-001-disturbance-battery/results/coarse.csv
Lane 4 ref,T10 R13,I003,2,0.3,0.270680,RECOVERED,L4-001-I003-s0.300000-t1002-N128-ref,research/experiments/L4-001-disturbance-battery/results/coarse.csv
Lane 4 ref,T10 R13,I003,3,0.3,0.270053,RECOVERED,L4-001-I003-s0.300000-t1003-N128-ref,research/experiments/L4-001-disturbance-battery/results/coarse.csv
Lane 4 ref,T10 R13,I003,4,0.3,0.269488,RECOVERED,L4-001-I003-s0.300000-t1004-N128-ref,research/experiments/L4-001-disturbance-battery/results/coarse.csv
Lane 4 ref,T10 R13,I003,0,0.35,0.314529,DIED,L4-001-I003-s0.350000-t1000-N128-ref,research/experiments/L4-001-disturbance-battery/results/coarse.csv
Lane 4 ref,T10 R13,I003,1,0.35,0.315624,DIED,L4-001-I003-s0.350000-t1001-N128-ref,research/experiments/L4-001-disturbance-battery/results/coarse.csv
Lane 4 ref,T10 R13,I003,2,0.35,0.315794,DIED,L4-001-I003-s0.350000-t1002-N128-ref,research/experiments/L4-001-disturbance-battery/results/coarse.csv
Lane 4 ref,T10 R13,I003,3,0.35,0.315062,DIED,L4-001-I003-s0.350000-t1003-N128-ref,research/experiments/L4-001-disturbance-battery/results/coarse.csv
Lane 4 ref,T10 R13,I003,4,0.35,0.314403,DIED,L4-001-I003-s0.350000-t1004-N128-ref,research/experiments/L4-001-disturbance-battery/results/coarse.csv
Lane 4 ref,T10 R13,I003,0,0.4,0.359461,DIED,L4-001-I003-s0.400000-t1000-N128-ref,research/experiments/L4-001-disturbance-battery/results/coarse.csv
Lane 4 ref,T10 R13,I003,1,0.4,0.360713,DIED,L4-001-I003-s0.400000-t1001-N128-ref,research/experiments/L4-001-disturbance-battery/results/coarse.csv
Lane 4 ref,T10 R13,I003,2,0.4,0.360907,DIED,L4-001-I003-s0.400000-t1002-N128-ref,research/experiments/L4-001-disturbance-battery/results/coarse.csv
Lane 4 ref,T10 R13,I003,3,0.4,0.360070,DIED,L4-001-I003-s0.400000-t1003-N128-ref,research/experiments/L4-001-disturbance-battery/results/coarse.csv
Lane 4 ref,T10 R13,I003,4,0.4,0.359317,DIED,L4-001-I003-s0.400000-t1004-N128-ref,research/experiments/L4-001-disturbance-battery/results/coarse.csv
Lane 4 ref,T10 R13,I003,0,0.45,0.404394,DIED,L4-001-I003-s0.450000-t1000-N128-ref,research/experiments/L4-001-disturbance-battery/results/coarse.csv
Lane 4 ref,T10 R13,I003,1,0.45,0.405803,DIED,L4-001-I003-s0.450000-t1001-N128-ref,research/experiments/L4-001-disturbance-battery/results/coarse.csv
Lane 4 ref,T10 R13,I003,2,0.45,0.406021,DIED,L4-001-I003-s0.450000-t1002-N128-ref,research/experiments/L4-001-disturbance-battery/results/coarse.csv
Lane 4 ref,T10 R13,I003,3,0.45,0.405079,DIED,L4-001-I003-s0.450000-t1003-N128-ref,research/experiments/L4-001-disturbance-battery/results/coarse.csv
Lane 4 ref,T10 R13,I003,4,0.45,0.404232,DIED,L4-001-I003-s0.450000-t1004-N128-ref,research/experiments/L4-001-disturbance-battery/results/coarse.csv
Lane 4 ref,T10 R13,I003,0,0.5,0.449327,DIED,L4-001-I003-s0.500000-t1000-N128-ref,research/experiments/L4-001-disturbance-battery/results/coarse.csv
Lane 4 ref,T10 R13,I003,1,0.5,0.450892,DIED,L4-001-I003-s0.500000-t1001-N128-ref,research/experiments/L4-001-disturbance-battery/results/coarse.csv
Lane 4 ref,T10 R13,I003,2,0.5,0.451134,DIED,L4-001-I003-s0.500000-t1002-N128-ref,research/experiments/L4-001-disturbance-battery/results/coarse.csv
Lane 4 ref,T10 R13,I003,3,0.5,0.450088,DIED,L4-001-I003-s0.500000-t1003-N128-ref,research/experiments/L4-001-disturbance-battery/results/coarse.csv
Lane 4 ref,T10 R13,I003,4,0.5,0.449147,DIED,L4-001-I003-s0.500000-t1004-N128-ref,research/experiments/L4-001-disturbance-battery/results/coarse.csv
Lane 4 ref,T10 R13,I003,0,0.55,0.494259,DIED,L4-001-I003-s0.550000-t1000-N128-ref,research/experiments/L4-001-disturbance-battery/results/coarse.csv
Lane 4 ref,T10 R13,I003,1,0.55,0.495981,DIED,L4-001-I003-s0.550000-t1001-N128-ref,research/experiments/L4-001-disturbance-battery/results/coarse.csv
Lane 4 ref,T10 R13,I003,2,0.55,0.496247,DIED,L4-001-I003-s0.550000-t1002-N128-ref,research/experiments/L4-001-disturbance-battery/results/coarse.csv
Lane 4 ref,T10 R13,I003,3,0.55,0.495097,DIED,L4-001-I003-s0.550000-t1003-N128-ref,research/experiments/L4-001-disturbance-battery/results/coarse.csv
Lane 4 ref,T10 R13,I003,4,0.55,0.494061,DIED,L4-001-I003-s0.550000-t1004-N128-ref,research/experiments/L4-001-disturbance-battery/results/coarse.csv
Lane 4 ref,T10 R13,I003,0,0.6,0.539192,DIED,L4-001-I003-s0.600000-t1000-N128-ref,research/experiments/L4-001-disturbance-battery/results/coarse.csv
Lane 4 ref,T10 R13,I003,1,0.6,0.541070,DIED,L4-001-I003-s0.600000-t1001-N128-ref,research/experiments/L4-001-disturbance-battery/results/coarse.csv
Lane 4 ref,T10 R13,I003,2,0.6,0.541361,DIED,L4-001-I003-s0.600000-t1002-N128-ref,research/experiments/L4-001-disturbance-battery/results/coarse.csv
Lane 4 ref,T10 R13,I003,3,0.6,0.540105,DIED,L4-001-I003-s0.600000-t1003-N128-ref,research/experiments/L4-001-disturbance-battery/results/coarse.csv
Lane 4 ref,T10 R13,I003,4,0.6,0.538976,DIED,L4-001-I003-s0.600000-t1004-N128-ref,research/experiments/L4-001-disturbance-battery/results/coarse.csv
Lane 4 ref,T10 R13,I003,0,0.65,0.584124,DIED,L4-001-I003-s0.650000-t1000-N128-ref,research/experiments/L4-001-disturbance-battery/results/coarse.csv
Lane 4 ref,T10 R13,I003,1,0.65,0.586159,DIED,L4-001-I003-s0.650000-t1001-N128-ref,research/experiments/L4-001-disturbance-battery/results/coarse.csv
Lane 4 ref,T10 R13,I003,2,0.65,0.586474,DIED,L4-001-I003-s0.650000-t1002-N128-ref,research/experiments/L4-001-disturbance-battery/results/coarse.csv
Lane 4 ref,T10 R13,I003,3,0.65,0.585114,DIED,L4-001-I003-s0.650000-t1003-N128-ref,research/experiments/L4-001-disturbance-battery/results/coarse.csv
Lane 4 ref,T10 R13,I003,4,0.65,0.583891,DIED,L4-001-I003-s0.650000-t1004-N128-ref,research/experiments/L4-001-disturbance-battery/results/coarse.csv
Lane 4 ref,T10 R13,I003,0,0.7,0.629057,DIED,L4-001-I003-s0.700000-t1000-N128-ref,research/experiments/L4-001-disturbance-battery/results/coarse.csv
Lane 4 ref,T10 R13,I003,1,0.7,0.631248,DIED,L4-001-I003-s0.700000-t1001-N128-ref,research/experiments/L4-001-disturbance-battery/results/coarse.csv
Lane 4 ref,T10 R13,I003,2,0.7,0.631587,DIED,L4-001-I003-s0.700000-t1002-N128-ref,research/experiments/L4-001-disturbance-battery/results/coarse.csv
Lane 4 ref,T10 R13,I003,3,0.7,0.630123,DIED,L4-001-I003-s0.700000-t1003-N128-ref,research/experiments/L4-001-disturbance-battery/results/coarse.csv
Lane 4 ref,T10 R13,I003,4,0.7,0.628805,DIED,L4-001-I003-s0.700000-t1004-N128-ref,research/experiments/L4-001-disturbance-battery/results/coarse.csv
Lane 4 ref,T10 R13,I003,0,0.75,0.673990,DIED,L4-001-I003-s0.750000-t1000-N128-ref,research/experiments/L4-001-disturbance-battery/results/coarse.csv
Lane 4 ref,T10 R13,I003,1,0.75,0.676338,DIED,L4-001-I003-s0.750000-t1001-N128-ref,research/experiments/L4-001-disturbance-battery/results/coarse.csv
Lane 4 ref,T10 R13,I003,2,0.75,0.676701,DIED,L4-001-I003-s0.750000-t1002-N128-ref,research/experiments/L4-001-disturbance-battery/results/coarse.csv
Lane 4 ref,T10 R13,I003,3,0.75,0.675132,DIED,L4-001-I003-s0.750000-t1003-N128-ref,research/experiments/L4-001-disturbance-battery/results/coarse.csv
Lane 4 ref,T10 R13,I003,4,0.75,0.673720,DIED,L4-001-I003-s0.750000-t1004-N128-ref,research/experiments/L4-001-disturbance-battery/results/coarse.csv
Lane 4 ref,T10 R13,I003,0,0.8,0.718922,DIED,L4-001-I003-s0.800000-t1000-N128-ref,research/experiments/L4-001-disturbance-battery/results/coarse.csv
Lane 4 ref,T10 R13,I003,1,0.8,0.721427,DIED,L4-001-I003-s0.800000-t1001-N128-ref,research/experiments/L4-001-disturbance-battery/results/coarse.csv
Lane 4 ref,T10 R13,I003,2,0.8,0.721814,DIED,L4-001-I003-s0.800000-t1002-N128-ref,research/experiments/L4-001-disturbance-battery/results/coarse.csv
Lane 4 ref,T10 R13,I003,3,0.8,0.720141,DIED,L4-001-I003-s0.800000-t1003-N128-ref,research/experiments/L4-001-disturbance-battery/results/coarse.csv
Lane 4 ref,T10 R13,I003,4,0.8,0.718635,DIED,L4-001-I003-s0.800000-t1004-N128-ref,research/experiments/L4-001-disturbance-battery/results/coarse.csv
Lane 4 ref,T10 R13,I003,0,0.85,0.763855,DIED,L4-001-I003-s0.850000-t1000-N128-ref,research/experiments/L4-001-disturbance-battery/results/coarse.csv
Lane 4 ref,T10 R13,I003,1,0.85,0.766516,DIED,L4-001-I003-s0.850000-t1001-N128-ref,research/experiments/L4-001-disturbance-battery/results/coarse.csv
Lane 4 ref,T10 R13,I003,2,0.85,0.766928,DIED,L4-001-I003-s0.850000-t1002-N128-ref,research/experiments/L4-001-disturbance-battery/results/coarse.csv
Lane 4 ref,T10 R13,I003,3,0.85,0.765149,DIED,L4-001-I003-s0.850000-t1003-N128-ref,research/experiments/L4-001-disturbance-battery/results/coarse.csv
Lane 4 ref,T10 R13,I003,4,0.85,0.763549,DIED,L4-001-I003-s0.850000-t1004-N128-ref,research/experiments/L4-001-disturbance-battery/results/coarse.csv
Lane 4 ref,T10 R13,I003,0,0.9,0.808788,DIED,L4-001-I003-s0.900000-t1000-N128-ref,research/experiments/L4-001-disturbance-battery/results/coarse.csv
Lane 4 ref,T10 R13,I003,1,0.9,0.811605,DIED,L4-001-I003-s0.900000-t1001-N128-ref,research/experiments/L4-001-disturbance-battery/results/coarse.csv
Lane 4 ref,T10 R13,I003,2,0.9,0.812041,DIED,L4-001-I003-s0.900000-t1002-N128-ref,research/experiments/L4-001-disturbance-battery/results/coarse.csv
Lane 4 ref,T10 R13,I003,3,0.9,0.810158,DIED,L4-001-I003-s0.900000-t1003-N128-ref,research/experiments/L4-001-disturbance-battery/results/coarse.csv
Lane 4 ref,T10 R13,I003,4,0.9,0.808464,DIED,L4-001-I003-s0.900000-t1004-N128-ref,research/experiments/L4-001-disturbance-battery/results/coarse.csv
Lane 4 ref,T10 R13,I003,0,0.95,0.853720,DIED,L4-001-I003-s0.950000-t1000-N128-ref,research/experiments/L4-001-disturbance-battery/results/coarse.csv
Lane 4 ref,T10 R13,I003,1,0.95,0.856694,DIED,L4-001-I003-s0.950000-t1001-N128-ref,research/experiments/L4-001-disturbance-battery/results/coarse.csv
Lane 4 ref,T10 R13,I003,2,0.95,0.857154,DIED,L4-001-I003-s0.950000-t1002-N128-ref,research/experiments/L4-001-disturbance-battery/results/coarse.csv
Lane 4 ref,T10 R13,I003,3,0.95,0.855167,DIED,L4-001-I003-s0.950000-t1003-N128-ref,research/experiments/L4-001-disturbance-battery/results/coarse.csv
Lane 4 ref,T10 R13,I003,4,0.95,0.853379,DIED,L4-001-I003-s0.950000-t1004-N128-ref,research/experiments/L4-001-disturbance-battery/results/coarse.csv
Lane 4 ref,T10 R13,I003,0,1.0,0.898653,DIED,L4-001-I003-s1.000000-t1000-N128-ref,research/experiments/L4-001-disturbance-battery/results/coarse.csv
Lane 4 ref,T10 R13,I003,1,1.0,0.901783,DIED,L4-001-I003-s1.000000-t1001-N128-ref,research/experiments/L4-001-disturbance-battery/results/coarse.csv
Lane 4 ref,T10 R13,I003,2,1.0,0.902268,DIED,L4-001-I003-s1.000000-t1002-N128-ref,research/experiments/L4-001-disturbance-battery/results/coarse.csv
Lane 4 ref,T10 R13,I003,3,1.0,0.900176,DIED,L4-001-I003-s1.000000-t1003-N128-ref,research/experiments/L4-001-disturbance-battery/results/coarse.csv
Lane 4 ref,T10 R13,I003,4,1.0,0.898293,DIED,L4-001-I003-s1.000000-t1004-N128-ref,research/experiments/L4-001-disturbance-battery/results/coarse.csv
Lane 4 ref,T10 R13,I004,0,0.0,0.000000,RECOVERED,L4-001-I004-s0.000000-t1000-N128-ref,research/experiments/L4-001-disturbance-battery/results/coarse.csv
Lane 4 ref,T10 R13,I004,1,0.0,0.000000,RECOVERED,L4-001-I004-s0.000000-t1001-N128-ref,research/experiments/L4-001-disturbance-battery/results/coarse.csv
Lane 4 ref,T10 R13,I004,2,0.0,0.000000,RECOVERED,L4-001-I004-s0.000000-t1002-N128-ref,research/experiments/L4-001-disturbance-battery/results/coarse.csv
Lane 4 ref,T10 R13,I004,3,0.0,0.000000,RECOVERED,L4-001-I004-s0.000000-t1003-N128-ref,research/experiments/L4-001-disturbance-battery/results/coarse.csv
Lane 4 ref,T10 R13,I004,4,0.0,0.000000,RECOVERED,L4-001-I004-s0.000000-t1004-N128-ref,research/experiments/L4-001-disturbance-battery/results/coarse.csv
Lane 4 ref,T10 R13,I004,0,0.05,-0.054972,RECOVERED,L4-001-I004-s0.050000-t1000-N128-ref,research/experiments/L4-001-disturbance-battery/results/coarse.csv
Lane 4 ref,T10 R13,I004,1,0.05,-0.051281,RECOVERED,L4-001-I004-s0.050000-t1001-N128-ref,research/experiments/L4-001-disturbance-battery/results/coarse.csv
Lane 4 ref,T10 R13,I004,2,0.05,-0.050669,RECOVERED,L4-001-I004-s0.050000-t1002-N128-ref,research/experiments/L4-001-disturbance-battery/results/coarse.csv
Lane 4 ref,T10 R13,I004,3,0.05,-0.052955,RECOVERED,L4-001-I004-s0.050000-t1003-N128-ref,research/experiments/L4-001-disturbance-battery/results/coarse.csv
Lane 4 ref,T10 R13,I004,4,0.05,-0.050971,RECOVERED,L4-001-I004-s0.050000-t1004-N128-ref,research/experiments/L4-001-disturbance-battery/results/coarse.csv
Lane 4 ref,T10 R13,I004,0,0.1,-0.102327,DIED,L4-001-I004-s0.100000-t1000-N128-ref,research/experiments/L4-001-disturbance-battery/results/coarse.csv
Lane 4 ref,T10 R13,I004,1,0.1,-0.100215,DIED,L4-001-I004-s0.100000-t1001-N128-ref,research/experiments/L4-001-disturbance-battery/results/coarse.csv
Lane 4 ref,T10 R13,I004,2,0.1,-0.102544,DIED,L4-001-I004-s0.100000-t1002-N128-ref,research/experiments/L4-001-disturbance-battery/results/coarse.csv
Lane 4 ref,T10 R13,I004,3,0.1,-0.100136,DIED,L4-001-I004-s0.100000-t1003-N128-ref,research/experiments/L4-001-disturbance-battery/results/coarse.csv
Lane 4 ref,T10 R13,I004,4,0.1,-0.102846,DIED,L4-001-I004-s0.100000-t1004-N128-ref,research/experiments/L4-001-disturbance-battery/results/coarse.csv
Lane 4 ref,T10 R13,I004,0,0.15,-0.150635,DIED,L4-001-I004-s0.150000-t1000-N128-ref,research/experiments/L4-001-disturbance-battery/results/coarse.csv
Lane 4 ref,T10 R13,I004,1,0.15,-0.150445,DIED,L4-001-I004-s0.150000-t1001-N128-ref,research/experiments/L4-001-disturbance-battery/results/coarse.csv
Lane 4 ref,T10 R13,I004,2,0.15,-0.150482,DIED,L4-001-I004-s0.150000-t1002-N128-ref,research/experiments/L4-001-disturbance-battery/results/coarse.csv
Lane 4 ref,T10 R13,I004,3,0.15,-0.156789,DIED,L4-001-I004-s0.150000-t1003-N128-ref,research/experiments/L4-001-disturbance-battery/results/coarse.csv
Lane 4 ref,T10 R13,I004,4,0.15,-0.153071,DIED,L4-001-I004-s0.150000-t1004-N128-ref,research/experiments/L4-001-disturbance-battery/results/coarse.csv
Lane 4 ref,T10 R13,I004,0,0.2,-0.200110,DIED,L4-001-I004-s0.200000-t1000-N128-ref,research/experiments/L4-001-disturbance-battery/results/coarse.csv
Lane 4 ref,T10 R13,I004,1,0.2,-0.207734,DIED,L4-001-I004-s0.200000-t1001-N128-ref,research/experiments/L4-001-disturbance-battery/results/coarse.csv
Lane 4 ref,T10 R13,I004,2,0.2,-0.209164,DIED,L4-001-I004-s0.200000-t1002-N128-ref,research/experiments/L4-001-disturbance-battery/results/coarse.csv
Lane 4 ref,T10 R13,I004,3,0.2,-0.205881,DIED,L4-001-I004-s0.200000-t1003-N128-ref,research/experiments/L4-001-disturbance-battery/results/coarse.csv
Lane 4 ref,T10 R13,I004,4,0.2,-0.213178,DIED,L4-001-I004-s0.200000-t1004-N128-ref,research/experiments/L4-001-disturbance-battery/results/coarse.csv
Lane 4 ref,T10 R13,I004,0,0.25,-0.258331,DIED,L4-001-I004-s0.250000-t1000-N128-ref,research/experiments/L4-001-disturbance-battery/results/coarse.csv
Lane 4 ref,T10 R13,I004,1,0.25,-0.257612,DIED,L4-001-I004-s0.250000-t1001-N128-ref,research/experiments/L4-001-disturbance-battery/results/coarse.csv
Lane 4 ref,T10 R13,I004,2,0.25,-0.259058,DIED,L4-001-I004-s0.250000-t1002-N128-ref,research/experiments/L4-001-disturbance-battery/results/coarse.csv
Lane 4 ref,T10 R13,I004,3,0.25,-0.250234,DIED,L4-001-I004-s0.250000-t1003-N128-ref,research/experiments/L4-001-disturbance-battery/results/coarse.csv
Lane 4 ref,T10 R13,I004,4,0.25,-0.262139,DIED,L4-001-I004-s0.250000-t1004-N128-ref,research/experiments/L4-001-disturbance-battery/results/coarse.csv
Lane 4 ref,T10 R13,I004,0,0.3,-0.305940,DIED,L4-001-I004-s0.300000-t1000-N128-ref,research/experiments/L4-001-disturbance-battery/results/coarse.csv
Lane 4 ref,T10 R13,I004,1,0.3,-0.310642,DIED,L4-001-I004-s0.300000-t1001-N128-ref,research/experiments/L4-001-disturbance-battery/results/coarse.csv
Lane 4 ref,T10 R13,I004,2,0.3,-0.311795,DIED,L4-001-I004-s0.300000-t1002-N128-ref,research/experiments/L4-001-disturbance-battery/results/coarse.csv
Lane 4 ref,T10 R13,I004,3,0.3,-0.311519,DIED,L4-001-I004-s0.300000-t1003-N128-ref,research/experiments/L4-001-disturbance-battery/results/coarse.csv
Lane 4 ref,T10 R13,I004,4,0.3,-0.300921,DIED,L4-001-I004-s0.300000-t1004-N128-ref,research/experiments/L4-001-disturbance-battery/results/coarse.csv
Lane 4 ref,T10 R13,I004,0,0.35,-0.350337,DIED,L4-001-I004-s0.350000-t1000-N128-ref,research/experiments/L4-001-disturbance-battery/results/coarse.csv
Lane 4 ref,T10 R13,I004,1,0.35,-0.352177,DIED,L4-001-I004-s0.350000-t1001-N128-ref,research/experiments/L4-001-disturbance-battery/results/coarse.csv
Lane 4 ref,T10 R13,I004,2,0.35,-0.353173,DIED,L4-001-I004-s0.350000-t1002-N128-ref,research/experiments/L4-001-disturbance-battery/results/coarse.csv
Lane 4 ref,T10 R13,I004,3,0.35,-0.362762,DIED,L4-001-I004-s0.350000-t1003-N128-ref,research/experiments/L4-001-disturbance-battery/results/coarse.csv
Lane 4 ref,T10 R13,I004,4,0.35,-0.354355,DIED,L4-001-I004-s0.350000-t1004-N128-ref,research/experiments/L4-001-disturbance-battery/results/coarse.csv
Lane 4 ref,T10 R13,I004,0,0.4,-0.401617,DIED,L4-001-I004-s0.400000-t1000-N128-ref,research/experiments/L4-001-disturbance-battery/results/coarse.csv
Lane 4 ref,T10 R13,I004,1,0.4,-0.400365,DIED,L4-001-I004-s0.400000-t1001-N128-ref,research/experiments/L4-001-disturbance-battery/results/coarse.csv
Lane 4 ref,T10 R13,I004,2,0.4,-0.408043,DIED,L4-001-I004-s0.400000-t1002-N128-ref,research/experiments/L4-001-disturbance-battery/results/coarse.csv
Lane 4 ref,T10 R13,I004,3,0.4,-0.404222,DIED,L4-001-I004-s0.400000-t1003-N128-ref,research/experiments/L4-001-disturbance-battery/results/coarse.csv
Lane 4 ref,T10 R13,I004,4,0.4,-0.409200,DIED,L4-001-I004-s0.400000-t1004-N128-ref,research/experiments/L4-001-disturbance-battery/results/coarse.csv
Lane 4 ref,T10 R13,I004,0,0.45,-0.453701,DIED,L4-001-I004-s0.450000-t1000-N128-ref,research/experiments/L4-001-disturbance-battery/results/coarse.csv
Lane 4 ref,T10 R13,I004,1,0.45,-0.452788,DIED,L4-001-I004-s0.450000-t1001-N128-ref,research/experiments/L4-001-disturbance-battery/results/coarse.csv
Lane 4 ref,T10 R13,I004,2,0.45,-0.450991,DIED,L4-001-I004-s0.450000-t1002-N128-ref,research/experiments/L4-001-disturbance-battery/results/coarse.csv
Lane 4 ref,T10 R13,I004,3,0.45,-0.451957,DIED,L4-001-I004-s0.450000-t1003-N128-ref,research/experiments/L4-001-disturbance-battery/results/coarse.csv
Lane 4 ref,T10 R13,I004,4,0.45,-0.450717,DIED,L4-001-I004-s0.450000-t1004-N128-ref,research/experiments/L4-001-disturbance-battery/results/coarse.csv
Lane 4 ref,T10 R13,I004,0,0.5,-0.503384,DIED,L4-001-I004-s0.500000-t1000-N128-ref,research/experiments/L4-001-disturbance-battery/results/coarse.csv
Lane 4 ref,T10 R13,I004,1,0.5,-0.502027,DIED,L4-001-I004-s0.500000-t1001-N128-ref,research/experiments/L4-001-disturbance-battery/results/coarse.csv
Lane 4 ref,T10 R13,I004,2,0.5,-0.502498,DIED,L4-001-I004-s0.500000-t1002-N128-ref,research/experiments/L4-001-disturbance-battery/results/coarse.csv
Lane 4 ref,T10 R13,I004,3,0.5,-0.505284,DIED,L4-001-I004-s0.500000-t1003-N128-ref,research/experiments/L4-001-disturbance-battery/results/coarse.csv
Lane 4 ref,T10 R13,I004,4,0.5,-0.500423,DIED,L4-001-I004-s0.500000-t1004-N128-ref,research/experiments/L4-001-disturbance-battery/results/coarse.csv
Lane 4 ref,T10 R13,I004,0,0.55,-0.555135,DIED,L4-001-I004-s0.550000-t1000-N128-ref,research/experiments/L4-001-disturbance-battery/results/coarse.csv
Lane 4 ref,T10 R13,I004,1,0.55,-0.554340,DIED,L4-001-I004-s0.550000-t1001-N128-ref,research/experiments/L4-001-disturbance-battery/results/coarse.csv
Lane 4 ref,T10 R13,I004,2,0.55,-0.554295,DIED,L4-001-I004-s0.550000-t1002-N128-ref,research/experiments/L4-001-disturbance-battery/results/coarse.csv
Lane 4 ref,T10 R13,I004,3,0.55,-0.558862,DIED,L4-001-I004-s0.550000-t1003-N128-ref,research/experiments/L4-001-disturbance-battery/results/coarse.csv
Lane 4 ref,T10 R13,I004,4,0.55,-0.551996,DIED,L4-001-I004-s0.550000-t1004-N128-ref,research/experiments/L4-001-disturbance-battery/results/coarse.csv
Lane 4 ref,T10 R13,I004,0,0.6,-0.606562,DIED,L4-001-I004-s0.600000-t1000-N128-ref,research/experiments/L4-001-disturbance-battery/results/coarse.csv
Lane 4 ref,T10 R13,I004,1,0.6,-0.609137,DIED,L4-001-I004-s0.600000-t1001-N128-ref,research/experiments/L4-001-disturbance-battery/results/coarse.csv
Lane 4 ref,T10 R13,I004,2,0.6,-0.606367,DIED,L4-001-I004-s0.600000-t1002-N128-ref,research/experiments/L4-001-disturbance-battery/results/coarse.csv
Lane 4 ref,T10 R13,I004,3,0.6,-0.601667,DIED,L4-001-I004-s0.600000-t1003-N128-ref,research/experiments/L4-001-disturbance-battery/results/coarse.csv
Lane 4 ref,T10 R13,I004,4,0.6,-0.606039,DIED,L4-001-I004-s0.600000-t1004-N128-ref,research/experiments/L4-001-disturbance-battery/results/coarse.csv
Lane 4 ref,T10 R13,I004,0,0.65,-0.657841,DIED,L4-001-I004-s0.650000-t1000-N128-ref,research/experiments/L4-001-disturbance-battery/results/coarse.csv
Lane 4 ref,T10 R13,I004,1,0.65,-0.650694,DIED,L4-001-I004-s0.650000-t1001-N128-ref,research/experiments/L4-001-disturbance-battery/results/coarse.csv
Lane 4 ref,T10 R13,I004,2,0.65,-0.650298,DIED,L4-001-I004-s0.650000-t1002-N128-ref,research/experiments/L4-001-disturbance-battery/results/coarse.csv
Lane 4 ref,T10 R13,I004,3,0.65,-0.651174,DIED,L4-001-I004-s0.650000-t1003-N128-ref,research/experiments/L4-001-disturbance-battery/results/coarse.csv
Lane 4 ref,T10 R13,I004,4,0.65,-0.654314,DIED,L4-001-I004-s0.650000-t1004-N128-ref,research/experiments/L4-001-disturbance-battery/results/coarse.csv
Lane 4 ref,T10 R13,I004,0,0.7,-0.708692,DIED,L4-001-I004-s0.700000-t1000-N128-ref,research/experiments/L4-001-disturbance-battery/results/coarse.csv
Lane 4 ref,T10 R13,I004,1,0.7,-0.706268,DIED,L4-001-I004-s0.700000-t1001-N128-ref,research/experiments/L4-001-disturbance-battery/results/coarse.csv
Lane 4 ref,T10 R13,I004,2,0.7,-0.706852,DIED,L4-001-I004-s0.700000-t1002-N128-ref,research/experiments/L4-001-disturbance-battery/results/coarse.csv
Lane 4 ref,T10 R13,I004,3,0.7,-0.712470,DIED,L4-001-I004-s0.700000-t1003-N128-ref,research/experiments/L4-001-disturbance-battery/results/coarse.csv
Lane 4 ref,T10 R13,I004,4,0.7,-0.710114,DIED,L4-001-I004-s0.700000-t1004-N128-ref,research/experiments/L4-001-disturbance-battery/results/coarse.csv
Lane 4 ref,T10 R13,I004,0,0.75,-0.754435,DIED,L4-001-I004-s0.750000-t1000-N128-ref,research/experiments/L4-001-disturbance-battery/results/coarse.csv
Lane 4 ref,T10 R13,I004,1,0.75,-0.760152,DIED,L4-001-I004-s0.750000-t1001-N128-ref,research/experiments/L4-001-disturbance-battery/results/coarse.csv
Lane 4 ref,T10 R13,I004,2,0.75,-0.760331,DIED,L4-001-I004-s0.750000-t1002-N128-ref,research/experiments/L4-001-disturbance-battery/results/coarse.csv
Lane 4 ref,T10 R13,I004,3,0.75,-0.758764,DIED,L4-001-I004-s0.750000-t1003-N128-ref,research/experiments/L4-001-disturbance-battery/results/coarse.csv
Lane 4 ref,T10 R13,I004,4,0.75,-0.762598,DIED,L4-001-I004-s0.750000-t1004-N128-ref,research/experiments/L4-001-disturbance-battery/results/coarse.csv
Lane 4 ref,T10 R13,I004,0,0.8,-0.810336,DIED,L4-001-I004-s0.800000-t1000-N128-ref,research/experiments/L4-001-disturbance-battery/results/coarse.csv
Lane 4 ref,T10 R13,I004,1,0.8,-0.809286,DIED,L4-001-I004-s0.800000-t1001-N128-ref,research/experiments/L4-001-disturbance-battery/results/coarse.csv
Lane 4 ref,T10 R13,I004,2,0.8,-0.808735,DIED,L4-001-I004-s0.800000-t1002-N128-ref,research/experiments/L4-001-disturbance-battery/results/coarse.csv
Lane 4 ref,T10 R13,I004,3,0.8,-0.802613,DIED,L4-001-I004-s0.800000-t1003-N128-ref,research/experiments/L4-001-disturbance-battery/results/coarse.csv
Lane 4 ref,T10 R13,I004,4,0.8,-0.808275,DIED,L4-001-I004-s0.800000-t1004-N128-ref,research/experiments/L4-001-disturbance-battery/results/coarse.csv
Lane 4 ref,T10 R13,I004,0,0.85,-0.858180,DIED,L4-001-I004-s0.850000-t1000-N128-ref,research/experiments/L4-001-disturbance-battery/results/coarse.csv
Lane 4 ref,T10 R13,I004,1,0.85,-0.856995,DIED,L4-001-I004-s0.850000-t1001-N128-ref,research/experiments/L4-001-disturbance-battery/results/coarse.csv
Lane 4 ref,T10 R13,I004,2,0.85,-0.856152,DIED,L4-001-I004-s0.850000-t1002-N128-ref,research/experiments/L4-001-disturbance-battery/results/coarse.csv
Lane 4 ref,T10 R13,I004,3,0.85,-0.851585,DIED,L4-001-I004-s0.850000-t1003-N128-ref,research/experiments/L4-001-disturbance-battery/results/coarse.csv
Lane 4 ref,T10 R13,I004,4,0.85,-0.855869,DIED,L4-001-I004-s0.850000-t1004-N128-ref,research/experiments/L4-001-disturbance-battery/results/coarse.csv
Lane 4 ref,T10 R13,I004,0,0.9,-0.900847,DIED,L4-001-I004-s0.900000-t1000-N128-ref,research/experiments/L4-001-disturbance-battery/results/coarse.csv
Lane 4 ref,T10 R13,I004,1,0.9,-0.901400,DIED,L4-001-I004-s0.900000-t1001-N128-ref,research/experiments/L4-001-disturbance-battery/results/coarse.csv
Lane 4 ref,T10 R13,I004,2,0.9,-0.900245,DIED,L4-001-I004-s0.900000-t1002-N128-ref,research/experiments/L4-001-disturbance-battery/results/coarse.csv
Lane 4 ref,T10 R13,I004,3,0.9,-0.900223,DIED,L4-001-I004-s0.900000-t1003-N128-ref,research/experiments/L4-001-disturbance-battery/results/coarse.csv
Lane 4 ref,T10 R13,I004,4,0.9,-0.900870,DIED,L4-001-I004-s0.900000-t1004-N128-ref,research/experiments/L4-001-disturbance-battery/results/coarse.csv
Lane 4 ref,T10 R13,I004,0,0.95,-0.950222,DIED,L4-001-I004-s0.950000-t1000-N128-ref,research/experiments/L4-001-disturbance-battery/results/coarse.csv
Lane 4 ref,T10 R13,I004,1,0.95,-0.950034,DIED,L4-001-I004-s0.950000-t1001-N128-ref,research/experiments/L4-001-disturbance-battery/results/coarse.csv
Lane 4 ref,T10 R13,I004,2,0.95,-0.951097,DIED,L4-001-I004-s0.950000-t1002-N128-ref,research/experiments/L4-001-disturbance-battery/results/coarse.csv
Lane 4 ref,T10 R13,I004,3,0.95,-0.956231,DIED,L4-001-I004-s0.950000-t1003-N128-ref,research/experiments/L4-001-disturbance-battery/results/coarse.csv
Lane 4 ref,T10 R13,I004,4,0.95,-0.959240,DIED,L4-001-I004-s0.950000-t1004-N128-ref,research/experiments/L4-001-disturbance-battery/results/coarse.csv
Lane 4 ref,T10 R13,I001,0,0.125,-0.125000,DIED,L4-001-I001-s0.125000-t1000-N128-ref,research/experiments/L4-001-disturbance-battery/results/bisect.csv
Lane 4 ref,T10 R13,I001,0,0.1125,-0.112500,DIED,L4-001-I001-s0.112500-t1000-N128-ref,research/experiments/L4-001-disturbance-battery/results/bisect.csv
Lane 4 ref,T10 R13,I001,0,0.10625,-0.106250,DIED,L4-001-I001-s0.106250-t1000-N128-ref,research/experiments/L4-001-disturbance-battery/results/bisect.csv
Lane 4 ref,T10 R13,I001,0,0.103125,-0.103125,DIED,L4-001-I001-s0.103125-t1000-N128-ref,research/experiments/L4-001-disturbance-battery/results/bisect.csv
Lane 4 ref,T10 R13,I001,1,0.125,-0.125000,DIED,L4-001-I001-s0.125000-t1001-N128-ref,research/experiments/L4-001-disturbance-battery/results/bisect.csv
Lane 4 ref,T10 R13,I001,1,0.1125,-0.112500,DIED,L4-001-I001-s0.112500-t1001-N128-ref,research/experiments/L4-001-disturbance-battery/results/bisect.csv
Lane 4 ref,T10 R13,I001,1,0.10625,-0.106250,DIED,L4-001-I001-s0.106250-t1001-N128-ref,research/experiments/L4-001-disturbance-battery/results/bisect.csv
Lane 4 ref,T10 R13,I001,1,0.103125,-0.103125,DIED,L4-001-I001-s0.103125-t1001-N128-ref,research/experiments/L4-001-disturbance-battery/results/bisect.csv
Lane 4 ref,T10 R13,I001,2,0.125,-0.125000,DIED,L4-001-I001-s0.125000-t1002-N128-ref,research/experiments/L4-001-disturbance-battery/results/bisect.csv
Lane 4 ref,T10 R13,I001,2,0.1125,-0.112500,DIED,L4-001-I001-s0.112500-t1002-N128-ref,research/experiments/L4-001-disturbance-battery/results/bisect.csv
Lane 4 ref,T10 R13,I001,2,0.10625,-0.106250,DIED,L4-001-I001-s0.106250-t1002-N128-ref,research/experiments/L4-001-disturbance-battery/results/bisect.csv
Lane 4 ref,T10 R13,I001,2,0.103125,-0.103125,DIED,L4-001-I001-s0.103125-t1002-N128-ref,research/experiments/L4-001-disturbance-battery/results/bisect.csv
Lane 4 ref,T10 R13,I001,3,0.125,-0.125000,DIED,L4-001-I001-s0.125000-t1003-N128-ref,research/experiments/L4-001-disturbance-battery/results/bisect.csv
Lane 4 ref,T10 R13,I001,3,0.1125,-0.112500,DIED,L4-001-I001-s0.112500-t1003-N128-ref,research/experiments/L4-001-disturbance-battery/results/bisect.csv
Lane 4 ref,T10 R13,I001,3,0.10625,-0.106250,DIED,L4-001-I001-s0.106250-t1003-N128-ref,research/experiments/L4-001-disturbance-battery/results/bisect.csv
Lane 4 ref,T10 R13,I001,3,0.103125,-0.103125,DIED,L4-001-I001-s0.103125-t1003-N128-ref,research/experiments/L4-001-disturbance-battery/results/bisect.csv
Lane 4 ref,T10 R13,I001,4,0.125,-0.125000,DIED,L4-001-I001-s0.125000-t1004-N128-ref,research/experiments/L4-001-disturbance-battery/results/bisect.csv
Lane 4 ref,T10 R13,I001,4,0.1125,-0.112500,DIED,L4-001-I001-s0.112500-t1004-N128-ref,research/experiments/L4-001-disturbance-battery/results/bisect.csv
Lane 4 ref,T10 R13,I001,4,0.10625,-0.106250,DIED,L4-001-I001-s0.106250-t1004-N128-ref,research/experiments/L4-001-disturbance-battery/results/bisect.csv
Lane 4 ref,T10 R13,I001,4,0.103125,-0.103125,DIED,L4-001-I001-s0.103125-t1004-N128-ref,research/experiments/L4-001-disturbance-battery/results/bisect.csv
Lane 4 ref,T10 R13,I002,0,0.075,-0.053250,DIED,L4-001-I002-s0.075000-t1000-N128-ref,research/experiments/L4-001-disturbance-battery/results/bisect.csv
Lane 4 ref,T10 R13,I002,0,0.0625,-0.053250,DIED,L4-001-I002-s0.062500-t1000-N128-ref,research/experiments/L4-001-disturbance-battery/results/bisect.csv
Lane 4 ref,T10 R13,I002,0,0.05625,-0.026993,RECOVERED,L4-001-I002-s0.056250-t1000-N128-ref,research/experiments/L4-001-disturbance-battery/results/bisect.csv
Lane 4 ref,T10 R13,I002,0,0.059375,-0.039708,RECOVERED,L4-001-I002-s0.059375-t1000-N128-ref,research/experiments/L4-001-disturbance-battery/results/bisect.csv
Lane 4 ref,T10 R13,I002,1,0.075,-0.038654,RECOVERED,L4-001-I002-s0.075000-t1001-N128-ref,research/experiments/L4-001-disturbance-battery/results/bisect.csv
Lane 4 ref,T10 R13,I002,1,0.0875,-0.052243,DIED,L4-001-I002-s0.087500-t1001-N128-ref,research/experiments/L4-001-disturbance-battery/results/bisect.csv
Lane 4 ref,T10 R13,I002,1,0.08125,-0.038654,RECOVERED,L4-001-I002-s0.081250-t1001-N128-ref,research/experiments/L4-001-disturbance-battery/results/bisect.csv
Lane 4 ref,T10 R13,I002,1,0.084375,-0.038654,RECOVERED,L4-001-I002-s0.084375-t1001-N128-ref,research/experiments/L4-001-disturbance-battery/results/bisect.csv
Lane 4 ref,T10 R13,I002,2,0.075,-0.026420,RECOVERED,L4-001-I002-s0.075000-t1002-N128-ref,research/experiments/L4-001-disturbance-battery/results/bisect.csv
Lane 4 ref,T10 R13,I002,2,0.0875,-0.053614,DIED,L4-001-I002-s0.087500-t1002-N128-ref,research/experiments/L4-001-disturbance-battery/results/bisect.csv
Lane 4 ref,T10 R13,I002,2,0.08125,-0.040017,RECOVERED,L4-001-I002-s0.081250-t1002-N128-ref,research/experiments/L4-001-disturbance-battery/results/bisect.csv
Lane 4 ref,T10 R13,I002,2,0.084375,-0.040017,RECOVERED,L4-001-I002-s0.084375-t1002-N128-ref,research/experiments/L4-001-disturbance-battery/results/bisect.csv
Lane 4 ref,T10 R13,I002,3,0.075,-0.039739,RECOVERED,L4-001-I002-s0.075000-t1003-N128-ref,research/experiments/L4-001-disturbance-battery/results/bisect.csv
Lane 4 ref,T10 R13,I002,3,0.0875,-0.051763,DIED,L4-001-I002-s0.087500-t1003-N128-ref,research/experiments/L4-001-disturbance-battery/results/bisect.csv
Lane 4 ref,T10 R13,I002,3,0.08125,-0.039739,RECOVERED,L4-001-I002-s0.081250-t1003-N128-ref,research/experiments/L4-001-disturbance-battery/results/bisect.csv
Lane 4 ref,T10 R13,I002,3,0.084375,-0.039739,RECOVERED,L4-001-I002-s0.084375-t1003-N128-ref,research/experiments/L4-001-disturbance-battery/results/bisect.csv
Lane 4 ref,T10 R13,I002,4,0.075,-0.039693,RECOVERED,L4-001-I002-s0.075000-t1004-N128-ref,research/experiments/L4-001-disturbance-battery/results/bisect.csv
Lane 4 ref,T10 R13,I002,4,0.0875,-0.053022,DIED,L4-001-I002-s0.087500-t1004-N128-ref,research/experiments/L4-001-disturbance-battery/results/bisect.csv
Lane 4 ref,T10 R13,I002,4,0.08125,-0.053022,DIED,L4-001-I002-s0.081250-t1004-N128-ref,research/experiments/L4-001-disturbance-battery/results/bisect.csv
Lane 4 ref,T10 R13,I002,4,0.078125,-0.039693,RECOVERED,L4-001-I002-s0.078125-t1004-N128-ref,research/experiments/L4-001-disturbance-battery/results/bisect.csv
Lane 4 ref,T10 R13,I003,0,0.325,0.292062,DIED,L4-001-I003-s0.325000-t1000-N128-ref,research/experiments/L4-001-disturbance-battery/results/bisect.csv
Lane 4 ref,T10 R13,I003,0,0.3125,0.280829,DIED,L4-001-I003-s0.312500-t1000-N128-ref,research/experiments/L4-001-disturbance-battery/results/bisect.csv
Lane 4 ref,T10 R13,I003,0,0.30625,0.275212,RECOVERED,L4-001-I003-s0.306250-t1000-N128-ref,research/experiments/L4-001-disturbance-battery/results/bisect.csv
Lane 4 ref,T10 R13,I003,0,0.309375,0.278021,DIED,L4-001-I003-s0.309375-t1000-N128-ref,research/experiments/L4-001-disturbance-battery/results/bisect.csv
Lane 4 ref,T10 R13,I003,1,0.325,0.293080,DIED,L4-001-I003-s0.325000-t1001-N128-ref,research/experiments/L4-001-disturbance-battery/results/bisect.csv
Lane 4 ref,T10 R13,I003,1,0.3125,0.281807,RECOVERED,L4-001-I003-s0.312500-t1001-N128-ref,research/experiments/L4-001-disturbance-battery/results/bisect.csv
Lane 4 ref,T10 R13,I003,1,0.31875,0.287443,DIED,L4-001-I003-s0.318750-t1001-N128-ref,research/experiments/L4-001-disturbance-battery/results/bisect.csv
Lane 4 ref,T10 R13,I003,1,0.315625,0.284625,RECOVERED,L4-001-I003-s0.315625-t1001-N128-ref,research/experiments/L4-001-disturbance-battery/results/bisect.csv
Lane 4 ref,T10 R13,I003,2,0.325,0.293237,DIED,L4-001-I003-s0.325000-t1002-N128-ref,research/experiments/L4-001-disturbance-battery/results/bisect.csv
Lane 4 ref,T10 R13,I003,2,0.3125,0.281959,DIED,L4-001-I003-s0.312500-t1002-N128-ref,research/experiments/L4-001-disturbance-battery/results/bisect.csv
Lane 4 ref,T10 R13,I003,2,0.30625,0.276320,RECOVERED,L4-001-I003-s0.306250-t1002-N128-ref,research/experiments/L4-001-disturbance-battery/results/bisect.csv
Lane 4 ref,T10 R13,I003,2,0.309375,0.279139,RECOVERED,L4-001-I003-s0.309375-t1002-N128-ref,research/experiments/L4-001-disturbance-battery/results/bisect.csv
Lane 4 ref,T10 R13,I003,3,0.325,0.292557,DIED,L4-001-I003-s0.325000-t1003-N128-ref,research/experiments/L4-001-disturbance-battery/results/bisect.csv
Lane 4 ref,T10 R13,I003,3,0.3125,0.281305,RECOVERED,L4-001-I003-s0.312500-t1003-N128-ref,research/experiments/L4-001-disturbance-battery/results/bisect.csv
Lane 4 ref,T10 R13,I003,3,0.31875,0.286931,DIED,L4-001-I003-s0.318750-t1003-N128-ref,research/experiments/L4-001-disturbance-battery/results/bisect.csv
Lane 4 ref,T10 R13,I003,3,0.315625,0.284118,RECOVERED,L4-001-I003-s0.315625-t1003-N128-ref,research/experiments/L4-001-disturbance-battery/results/bisect.csv
Lane 4 ref,T10 R13,I003,4,0.325,0.291945,DIED,L4-001-I003-s0.325000-t1004-N128-ref,research/experiments/L4-001-disturbance-battery/results/bisect.csv
Lane 4 ref,T10 R13,I003,4,0.3125,0.280717,DIED,L4-001-I003-s0.312500-t1004-N128-ref,research/experiments/L4-001-disturbance-battery/results/bisect.csv
Lane 4 ref,T10 R13,I003,4,0.30625,0.275102,RECOVERED,L4-001-I003-s0.306250-t1004-N128-ref,research/experiments/L4-001-disturbance-battery/results/bisect.csv
Lane 4 ref,T10 R13,I003,4,0.309375,0.277910,RECOVERED,L4-001-I003-s0.309375-t1004-N128-ref,research/experiments/L4-001-disturbance-battery/results/bisect.csv
Lane 4 ref,T10 R13,I004,0,0.075,-0.075476,RECOVERED,L4-001-I004-s0.075000-t1000-N128-ref,research/experiments/L4-001-disturbance-battery/results/bisect.csv
Lane 4 ref,T10 R13,I004,0,0.0875,-0.090486,DIED,L4-001-I004-s0.087500-t1000-N128-ref,research/experiments/L4-001-disturbance-battery/results/bisect.csv
Lane 4 ref,T10 R13,I004,0,0.08125,-0.081602,RECOVERED,L4-001-I004-s0.081250-t1000-N128-ref,research/experiments/L4-001-disturbance-battery/results/bisect.csv
Lane 4 ref,T10 R13,I004,0,0.084375,-0.085850,DIED,L4-001-I004-s0.084375-t1000-N128-ref,research/experiments/L4-001-disturbance-battery/results/bisect.csv
Lane 4 ref,T10 R13,I004,1,0.075,-0.077208,RECOVERED,L4-001-I004-s0.075000-t1001-N128-ref,research/experiments/L4-001-disturbance-battery/results/bisect.csv
Lane 4 ref,T10 R13,I004,1,0.0875,-0.089551,DIED,L4-001-I004-s0.087500-t1001-N128-ref,research/experiments/L4-001-disturbance-battery/results/bisect.csv
Lane 4 ref,T10 R13,I004,1,0.08125,-0.083039,DIED,L4-001-I004-s0.081250-t1001-N128-ref,research/experiments/L4-001-disturbance-battery/results/bisect.csv
Lane 4 ref,T10 R13,I004,1,0.078125,-0.078301,RECOVERED,L4-001-I004-s0.078125-t1001-N128-ref,research/experiments/L4-001-disturbance-battery/results/bisect.csv
Lane 4 ref,T10 R13,I004,2,0.075,-0.075861,RECOVERED,L4-001-I004-s0.075000-t1002-N128-ref,research/experiments/L4-001-disturbance-battery/results/bisect.csv
Lane 4 ref,T10 R13,I004,2,0.0875,-0.088153,DIED,L4-001-I004-s0.087500-t1002-N128-ref,research/experiments/L4-001-disturbance-battery/results/bisect.csv
Lane 4 ref,T10 R13,I004,2,0.08125,-0.082358,RECOVERED,L4-001-I004-s0.081250-t1002-N128-ref,research/experiments/L4-001-disturbance-battery/results/bisect.csv
Lane 4 ref,T10 R13,I004,2,0.084375,-0.084780,DIED,L4-001-I004-s0.084375-t1002-N128-ref,research/experiments/L4-001-disturbance-battery/results/bisect.csv
Lane 4 ref,T10 R13,I004,3,0.075,-0.076225,RECOVERED,L4-001-I004-s0.075000-t1003-N128-ref,research/experiments/L4-001-disturbance-battery/results/bisect.csv
Lane 4 ref,T10 R13,I004,3,0.0875,-0.087703,RECOVERED,L4-001-I004-s0.087500-t1003-N128-ref,research/experiments/L4-001-disturbance-battery/results/bisect.csv
Lane 4 ref,T10 R13,I004,3,0.09375,-0.095564,DIED,L4-001-I004-s0.093750-t1003-N128-ref,research/experiments/L4-001-disturbance-battery/results/bisect.csv
Lane 4 ref,T10 R13,I004,3,0.090625,-0.091490,DIED,L4-001-I004-s0.090625-t1003-N128-ref,research/experiments/L4-001-disturbance-battery/results/bisect.csv
Lane 4 ref,T10 R13,I004,4,0.075,-0.076368,RECOVERED,L4-001-I004-s0.075000-t1004-N128-ref,research/experiments/L4-001-disturbance-battery/results/bisect.csv
Lane 4 ref,T10 R13,I004,4,0.0875,-0.089197,DIED,L4-001-I004-s0.087500-t1004-N128-ref,research/experiments/L4-001-disturbance-battery/results/bisect.csv
Lane 4 ref,T10 R13,I004,4,0.08125,-0.081524,RECOVERED,L4-001-I004-s0.081250-t1004-N128-ref,research/experiments/L4-001-disturbance-battery/results/bisect.csv
Lane 4 ref,T10 R13,I004,4,0.084375,-0.085823,DIED,L4-001-I004-s0.084375-t1004-N128-ref,research/experiments/L4-001-disturbance-battery/results/bisect.csv
Lane 3 alm_check,T10 R13,I001,0,0.0,0.000000,RECOVERED,I001-p0-s0.000000,research/traces/lane3/disturb-T10-R13.csv
Lane 3 alm_check,T10 R13,I001,0,0.05,-0.050000,RECOVERED,I001-p0-s0.050000,research/traces/lane3/disturb-T10-R13.csv
Lane 3 alm_check,T10 R13,I001,0,0.1,-0.100000,RECOVERED,I001-p0-s0.100000,research/traces/lane3/disturb-T10-R13.csv
Lane 3 alm_check,T10 R13,I001,0,0.15,-0.150000,DIED,I001-p0-s0.150000,research/traces/lane3/disturb-T10-R13.csv
Lane 3 alm_check,T10 R13,I001,0,0.2,-0.200000,DIED,I001-p0-s0.200000,research/traces/lane3/disturb-T10-R13.csv
Lane 3 alm_check,T10 R13,I001,0,0.25,-0.250000,DIED,I001-p0-s0.250000,research/traces/lane3/disturb-T10-R13.csv
Lane 3 alm_check,T10 R13,I001,0,0.3,-0.300000,DIED,I001-p0-s0.300000,research/traces/lane3/disturb-T10-R13.csv
Lane 3 alm_check,T10 R13,I001,0,0.35,-0.350000,DIED,I001-p0-s0.350000,research/traces/lane3/disturb-T10-R13.csv
Lane 3 alm_check,T10 R13,I001,0,0.4,-0.400000,DIED,I001-p0-s0.400000,research/traces/lane3/disturb-T10-R13.csv
Lane 3 alm_check,T10 R13,I001,0,0.45,-0.450000,DIED,I001-p0-s0.450000,research/traces/lane3/disturb-T10-R13.csv
Lane 3 alm_check,T10 R13,I001,0,0.5,-0.500000,DIED,I001-p0-s0.500000,research/traces/lane3/disturb-T10-R13.csv
Lane 3 alm_check,T10 R13,I001,0,0.55,-0.550000,DIED,I001-p0-s0.550000,research/traces/lane3/disturb-T10-R13.csv
Lane 3 alm_check,T10 R13,I001,0,0.6,-0.600000,DIED,I001-p0-s0.600000,research/traces/lane3/disturb-T10-R13.csv
Lane 3 alm_check,T10 R13,I001,0,0.65,-0.650000,DIED,I001-p0-s0.650000,research/traces/lane3/disturb-T10-R13.csv
Lane 3 alm_check,T10 R13,I001,0,0.7,-0.700000,DIED,I001-p0-s0.700000,research/traces/lane3/disturb-T10-R13.csv
Lane 3 alm_check,T10 R13,I001,0,0.75,-0.750000,DIED,I001-p0-s0.750000,research/traces/lane3/disturb-T10-R13.csv
Lane 3 alm_check,T10 R13,I001,0,0.8,-0.800000,DIED,I001-p0-s0.800000,research/traces/lane3/disturb-T10-R13.csv
Lane 3 alm_check,T10 R13,I001,0,0.85,-0.850000,DIED,I001-p0-s0.850000,research/traces/lane3/disturb-T10-R13.csv
Lane 3 alm_check,T10 R13,I001,0,0.9,-0.900000,DIED,I001-p0-s0.900000,research/traces/lane3/disturb-T10-R13.csv
Lane 3 alm_check,T10 R13,I001,0,0.95,-0.950000,DIED,I001-p0-s0.950000,research/traces/lane3/disturb-T10-R13.csv
Lane 3 alm_check,T10 R13,I001,1,0.0,0.000000,RECOVERED,I001-p1-s0.000000,research/traces/lane3/disturb-T10-R13.csv
Lane 3 alm_check,T10 R13,I001,1,0.05,-0.050000,RECOVERED,I001-p1-s0.050000,research/traces/lane3/disturb-T10-R13.csv
Lane 3 alm_check,T10 R13,I001,1,0.1,-0.100000,RECOVERED,I001-p1-s0.100000,research/traces/lane3/disturb-T10-R13.csv
Lane 3 alm_check,T10 R13,I001,1,0.15,-0.150000,DIED,I001-p1-s0.150000,research/traces/lane3/disturb-T10-R13.csv
Lane 3 alm_check,T10 R13,I001,1,0.2,-0.200000,DIED,I001-p1-s0.200000,research/traces/lane3/disturb-T10-R13.csv
Lane 3 alm_check,T10 R13,I001,1,0.25,-0.250000,DIED,I001-p1-s0.250000,research/traces/lane3/disturb-T10-R13.csv
Lane 3 alm_check,T10 R13,I001,1,0.3,-0.300000,DIED,I001-p1-s0.300000,research/traces/lane3/disturb-T10-R13.csv
Lane 3 alm_check,T10 R13,I001,1,0.35,-0.350000,DIED,I001-p1-s0.350000,research/traces/lane3/disturb-T10-R13.csv
Lane 3 alm_check,T10 R13,I001,1,0.4,-0.400000,DIED,I001-p1-s0.400000,research/traces/lane3/disturb-T10-R13.csv
Lane 3 alm_check,T10 R13,I001,1,0.45,-0.450000,DIED,I001-p1-s0.450000,research/traces/lane3/disturb-T10-R13.csv
Lane 3 alm_check,T10 R13,I001,1,0.5,-0.500000,DIED,I001-p1-s0.500000,research/traces/lane3/disturb-T10-R13.csv
Lane 3 alm_check,T10 R13,I001,1,0.55,-0.550000,DIED,I001-p1-s0.550000,research/traces/lane3/disturb-T10-R13.csv
Lane 3 alm_check,T10 R13,I001,1,0.6,-0.600000,DIED,I001-p1-s0.600000,research/traces/lane3/disturb-T10-R13.csv
Lane 3 alm_check,T10 R13,I001,1,0.65,-0.650000,DIED,I001-p1-s0.650000,research/traces/lane3/disturb-T10-R13.csv
Lane 3 alm_check,T10 R13,I001,1,0.7,-0.700000,DIED,I001-p1-s0.700000,research/traces/lane3/disturb-T10-R13.csv
Lane 3 alm_check,T10 R13,I001,1,0.75,-0.750000,DIED,I001-p1-s0.750000,research/traces/lane3/disturb-T10-R13.csv
Lane 3 alm_check,T10 R13,I001,1,0.8,-0.800000,DIED,I001-p1-s0.800000,research/traces/lane3/disturb-T10-R13.csv
Lane 3 alm_check,T10 R13,I001,1,0.85,-0.850000,DIED,I001-p1-s0.850000,research/traces/lane3/disturb-T10-R13.csv
Lane 3 alm_check,T10 R13,I001,1,0.9,-0.900000,DIED,I001-p1-s0.900000,research/traces/lane3/disturb-T10-R13.csv
Lane 3 alm_check,T10 R13,I001,1,0.95,-0.950000,DIED,I001-p1-s0.950000,research/traces/lane3/disturb-T10-R13.csv
Lane 3 alm_check,T10 R13,I001,2,0.0,0.000000,RECOVERED,I001-p2-s0.000000,research/traces/lane3/disturb-T10-R13.csv
Lane 3 alm_check,T10 R13,I001,2,0.05,-0.050000,RECOVERED,I001-p2-s0.050000,research/traces/lane3/disturb-T10-R13.csv
Lane 3 alm_check,T10 R13,I001,2,0.1,-0.100000,RECOVERED,I001-p2-s0.100000,research/traces/lane3/disturb-T10-R13.csv
Lane 3 alm_check,T10 R13,I001,2,0.15,-0.150000,DIED,I001-p2-s0.150000,research/traces/lane3/disturb-T10-R13.csv
Lane 3 alm_check,T10 R13,I001,2,0.2,-0.200000,DIED,I001-p2-s0.200000,research/traces/lane3/disturb-T10-R13.csv
Lane 3 alm_check,T10 R13,I001,2,0.25,-0.250000,DIED,I001-p2-s0.250000,research/traces/lane3/disturb-T10-R13.csv
Lane 3 alm_check,T10 R13,I001,2,0.3,-0.300000,DIED,I001-p2-s0.300000,research/traces/lane3/disturb-T10-R13.csv
Lane 3 alm_check,T10 R13,I001,2,0.35,-0.350000,DIED,I001-p2-s0.350000,research/traces/lane3/disturb-T10-R13.csv
Lane 3 alm_check,T10 R13,I001,2,0.4,-0.400000,DIED,I001-p2-s0.400000,research/traces/lane3/disturb-T10-R13.csv
Lane 3 alm_check,T10 R13,I001,2,0.45,-0.450000,DIED,I001-p2-s0.450000,research/traces/lane3/disturb-T10-R13.csv
Lane 3 alm_check,T10 R13,I001,2,0.5,-0.500000,DIED,I001-p2-s0.500000,research/traces/lane3/disturb-T10-R13.csv
Lane 3 alm_check,T10 R13,I001,2,0.55,-0.550000,DIED,I001-p2-s0.550000,research/traces/lane3/disturb-T10-R13.csv
Lane 3 alm_check,T10 R13,I001,2,0.6,-0.600000,DIED,I001-p2-s0.600000,research/traces/lane3/disturb-T10-R13.csv
Lane 3 alm_check,T10 R13,I001,2,0.65,-0.650000,DIED,I001-p2-s0.650000,research/traces/lane3/disturb-T10-R13.csv
Lane 3 alm_check,T10 R13,I001,2,0.7,-0.700000,DIED,I001-p2-s0.700000,research/traces/lane3/disturb-T10-R13.csv
Lane 3 alm_check,T10 R13,I001,2,0.75,-0.750000,DIED,I001-p2-s0.750000,research/traces/lane3/disturb-T10-R13.csv
Lane 3 alm_check,T10 R13,I001,2,0.8,-0.800000,DIED,I001-p2-s0.800000,research/traces/lane3/disturb-T10-R13.csv
Lane 3 alm_check,T10 R13,I001,2,0.85,-0.850000,DIED,I001-p2-s0.850000,research/traces/lane3/disturb-T10-R13.csv
Lane 3 alm_check,T10 R13,I001,2,0.9,-0.900000,DIED,I001-p2-s0.900000,research/traces/lane3/disturb-T10-R13.csv
Lane 3 alm_check,T10 R13,I001,2,0.95,-0.950000,DIED,I001-p2-s0.950000,research/traces/lane3/disturb-T10-R13.csv
Lane 3 alm_check,T10 R13,I001,3,0.0,0.000000,RECOVERED,I001-p3-s0.000000,research/traces/lane3/disturb-T10-R13.csv
Lane 3 alm_check,T10 R13,I001,3,0.05,-0.050000,RECOVERED,I001-p3-s0.050000,research/traces/lane3/disturb-T10-R13.csv
Lane 3 alm_check,T10 R13,I001,3,0.1,-0.100000,RECOVERED,I001-p3-s0.100000,research/traces/lane3/disturb-T10-R13.csv
Lane 3 alm_check,T10 R13,I001,3,0.15,-0.150000,DIED,I001-p3-s0.150000,research/traces/lane3/disturb-T10-R13.csv
Lane 3 alm_check,T10 R13,I001,3,0.2,-0.200000,DIED,I001-p3-s0.200000,research/traces/lane3/disturb-T10-R13.csv
Lane 3 alm_check,T10 R13,I001,3,0.25,-0.250000,DIED,I001-p3-s0.250000,research/traces/lane3/disturb-T10-R13.csv
Lane 3 alm_check,T10 R13,I001,3,0.3,-0.300000,DIED,I001-p3-s0.300000,research/traces/lane3/disturb-T10-R13.csv
Lane 3 alm_check,T10 R13,I001,3,0.35,-0.350000,DIED,I001-p3-s0.350000,research/traces/lane3/disturb-T10-R13.csv
Lane 3 alm_check,T10 R13,I001,3,0.4,-0.400000,DIED,I001-p3-s0.400000,research/traces/lane3/disturb-T10-R13.csv
Lane 3 alm_check,T10 R13,I001,3,0.45,-0.450000,DIED,I001-p3-s0.450000,research/traces/lane3/disturb-T10-R13.csv
Lane 3 alm_check,T10 R13,I001,3,0.5,-0.500000,DIED,I001-p3-s0.500000,research/traces/lane3/disturb-T10-R13.csv
Lane 3 alm_check,T10 R13,I001,3,0.55,-0.550000,DIED,I001-p3-s0.550000,research/traces/lane3/disturb-T10-R13.csv
Lane 3 alm_check,T10 R13,I001,3,0.6,-0.600000,DIED,I001-p3-s0.600000,research/traces/lane3/disturb-T10-R13.csv
Lane 3 alm_check,T10 R13,I001,3,0.65,-0.650000,DIED,I001-p3-s0.650000,research/traces/lane3/disturb-T10-R13.csv
Lane 3 alm_check,T10 R13,I001,3,0.7,-0.700000,DIED,I001-p3-s0.700000,research/traces/lane3/disturb-T10-R13.csv
Lane 3 alm_check,T10 R13,I001,3,0.75,-0.750000,DIED,I001-p3-s0.750000,research/traces/lane3/disturb-T10-R13.csv
Lane 3 alm_check,T10 R13,I001,3,0.8,-0.800000,DIED,I001-p3-s0.800000,research/traces/lane3/disturb-T10-R13.csv
Lane 3 alm_check,T10 R13,I001,3,0.85,-0.850000,DIED,I001-p3-s0.850000,research/traces/lane3/disturb-T10-R13.csv
Lane 3 alm_check,T10 R13,I001,3,0.9,-0.900000,DIED,I001-p3-s0.900000,research/traces/lane3/disturb-T10-R13.csv
Lane 3 alm_check,T10 R13,I001,3,0.95,-0.950000,DIED,I001-p3-s0.950000,research/traces/lane3/disturb-T10-R13.csv
Lane 3 alm_check,T10 R13,I001,4,0.0,0.000000,RECOVERED,I001-p4-s0.000000,research/traces/lane3/disturb-T10-R13.csv
Lane 3 alm_check,T10 R13,I001,4,0.05,-0.050000,RECOVERED,I001-p4-s0.050000,research/traces/lane3/disturb-T10-R13.csv
Lane 3 alm_check,T10 R13,I001,4,0.1,-0.100000,RECOVERED,I001-p4-s0.100000,research/traces/lane3/disturb-T10-R13.csv
Lane 3 alm_check,T10 R13,I001,4,0.15,-0.150000,DIED,I001-p4-s0.150000,research/traces/lane3/disturb-T10-R13.csv
Lane 3 alm_check,T10 R13,I001,4,0.2,-0.200000,DIED,I001-p4-s0.200000,research/traces/lane3/disturb-T10-R13.csv
Lane 3 alm_check,T10 R13,I001,4,0.25,-0.250000,DIED,I001-p4-s0.250000,research/traces/lane3/disturb-T10-R13.csv
Lane 3 alm_check,T10 R13,I001,4,0.3,-0.300000,DIED,I001-p4-s0.300000,research/traces/lane3/disturb-T10-R13.csv
Lane 3 alm_check,T10 R13,I001,4,0.35,-0.350000,DIED,I001-p4-s0.350000,research/traces/lane3/disturb-T10-R13.csv
Lane 3 alm_check,T10 R13,I001,4,0.4,-0.400000,DIED,I001-p4-s0.400000,research/traces/lane3/disturb-T10-R13.csv
Lane 3 alm_check,T10 R13,I001,4,0.45,-0.450000,DIED,I001-p4-s0.450000,research/traces/lane3/disturb-T10-R13.csv
Lane 3 alm_check,T10 R13,I001,4,0.5,-0.500000,DIED,I001-p4-s0.500000,research/traces/lane3/disturb-T10-R13.csv
Lane 3 alm_check,T10 R13,I001,4,0.55,-0.550000,DIED,I001-p4-s0.550000,research/traces/lane3/disturb-T10-R13.csv
Lane 3 alm_check,T10 R13,I001,4,0.6,-0.600000,DIED,I001-p4-s0.600000,research/traces/lane3/disturb-T10-R13.csv
Lane 3 alm_check,T10 R13,I001,4,0.65,-0.650000,DIED,I001-p4-s0.650000,research/traces/lane3/disturb-T10-R13.csv
Lane 3 alm_check,T10 R13,I001,4,0.7,-0.700000,DIED,I001-p4-s0.700000,research/traces/lane3/disturb-T10-R13.csv
Lane 3 alm_check,T10 R13,I001,4,0.75,-0.750000,DIED,I001-p4-s0.750000,research/traces/lane3/disturb-T10-R13.csv
Lane 3 alm_check,T10 R13,I001,4,0.8,-0.800000,DIED,I001-p4-s0.800000,research/traces/lane3/disturb-T10-R13.csv
Lane 3 alm_check,T10 R13,I001,4,0.85,-0.850000,DIED,I001-p4-s0.850000,research/traces/lane3/disturb-T10-R13.csv
Lane 3 alm_check,T10 R13,I001,4,0.9,-0.900000,DIED,I001-p4-s0.900000,research/traces/lane3/disturb-T10-R13.csv
Lane 3 alm_check,T10 R13,I001,4,0.95,-0.950000,DIED,I001-p4-s0.950000,research/traces/lane3/disturb-T10-R13.csv
Lane 3 alm_check,T10 R13,I002,0,0.0,0.000000,RECOVERED,I002-p0-s0.000000,research/traces/lane3/disturb-T10-R13.csv
Lane 3 alm_check,T10 R13,I002,0,0.05,-0.013542,RECOVERED,I002-p0-s0.050000,research/traces/lane3/disturb-T10-R13.csv
Lane 3 alm_check,T10 R13,I002,0,0.1,-0.053250,DIED,I002-p0-s0.100000,research/traces/lane3/disturb-T10-R13.csv
Lane 3 alm_check,T10 R13,I002,0,0.15,-0.153736,DIED,I002-p0-s0.150000,research/traces/lane3/disturb-T10-R13.csv
Lane 3 alm_check,T10 R13,I002,0,0.2,-0.262333,DIED,I002-p0-s0.200000,research/traces/lane3/disturb-T10-R13.csv
Lane 3 alm_check,T10 R13,I002,0,0.25,-0.353954,DIED,I002-p0-s0.250000,research/traces/lane3/disturb-T10-R13.csv
Lane 3 alm_check,T10 R13,I002,0,0.3,-0.451338,DIED,I002-p0-s0.300000,research/traces/lane3/disturb-T10-R13.csv
Lane 3 alm_check,T10 R13,I002,0,0.35,-0.505771,DIED,I002-p0-s0.350000,research/traces/lane3/disturb-T10-R13.csv
Lane 3 alm_check,T10 R13,I002,0,0.4,-0.557853,DIED,I002-p0-s0.400000,research/traces/lane3/disturb-T10-R13.csv
Lane 3 alm_check,T10 R13,I002,0,0.45,-0.611403,DIED,I002-p0-s0.450000,research/traces/lane3/disturb-T10-R13.csv
Lane 3 alm_check,T10 R13,I002,0,0.5,-0.643134,DIED,I002-p0-s0.500000,research/traces/lane3/disturb-T10-R13.csv
Lane 3 alm_check,T10 R13,I002,0,0.55,-0.705369,DIED,I002-p0-s0.550000,research/traces/lane3/disturb-T10-R13.csv
Lane 3 alm_check,T10 R13,I002,0,0.6,-0.764583,DIED,I002-p0-s0.600000,research/traces/lane3/disturb-T10-R13.csv
Lane 3 alm_check,T10 R13,I002,0,0.65,-0.864785,DIED,I002-p0-s0.650000,research/traces/lane3/disturb-T10-R13.csv
Lane 3 alm_check,T10 R13,I002,0,0.7,-0.936307,DIED,I002-p0-s0.700000,research/traces/lane3/disturb-T10-R13.csv
Lane 3 alm_check,T10 R13,I002,0,0.75,-0.973782,DIED,I002-p0-s0.750000,research/traces/lane3/disturb-T10-R13.csv
Lane 3 alm_check,T10 R13,I002,0,0.8,-0.990515,DIED,I002-p0-s0.800000,research/traces/lane3/disturb-T10-R13.csv
Lane 3 alm_check,T10 R13,I002,0,0.85,-0.995998,DIED,I002-p0-s0.850000,research/traces/lane3/disturb-T10-R13.csv
Lane 3 alm_check,T10 R13,I002,0,0.9,-1.000000,DIED,I002-p0-s0.900000,research/traces/lane3/disturb-T10-R13.csv
Lane 3 alm_check,T10 R13,I002,0,0.95,-1.000000,DIED,I002-p0-s0.950000,research/traces/lane3/disturb-T10-R13.csv
Lane 3 alm_check,T10 R13,I002,0,1.0,-1.000000,DIED,I002-p0-s1.000000,research/traces/lane3/disturb-T10-R13.csv
Lane 3 alm_check,T10 R13,I002,1,0.0,0.000000,RECOVERED,I002-p1-s0.000000,research/traces/lane3/disturb-T10-R13.csv
Lane 3 alm_check,T10 R13,I002,1,0.05,-0.013589,RECOVERED,I002-p1-s0.050000,research/traces/lane3/disturb-T10-R13.csv
Lane 3 alm_check,T10 R13,I002,1,0.1,-0.077569,DIED,I002-p1-s0.100000,research/traces/lane3/disturb-T10-R13.csv
Lane 3 alm_check,T10 R13,I002,1,0.15,-0.153142,DIED,I002-p1-s0.150000,research/traces/lane3/disturb-T10-R13.csv
Lane 3 alm_check,T10 R13,I002,1,0.2,-0.267928,DIED,I002-p1-s0.200000,research/traces/lane3/disturb-T10-R13.csv
Lane 3 alm_check,T10 R13,I002,1,0.25,-0.361567,DIED,I002-p1-s0.250000,research/traces/lane3/disturb-T10-R13.csv
Lane 3 alm_check,T10 R13,I002,1,0.3,-0.426540,DIED,I002-p1-s0.300000,research/traces/lane3/disturb-T10-R13.csv
Lane 3 alm_check,T10 R13,I002,1,0.35,-0.506995,DIED,I002-p1-s0.350000,research/traces/lane3/disturb-T10-R13.csv
Lane 3 alm_check,T10 R13,I002,1,0.4,-0.563343,DIED,I002-p1-s0.400000,research/traces/lane3/disturb-T10-R13.csv
Lane 3 alm_check,T10 R13,I002,1,0.45,-0.596847,DIED,I002-p1-s0.450000,research/traces/lane3/disturb-T10-R13.csv
Lane 3 alm_check,T10 R13,I002,1,0.5,-0.647626,DIED,I002-p1-s0.500000,research/traces/lane3/disturb-T10-R13.csv
Lane 3 alm_check,T10 R13,I002,1,0.55,-0.700451,DIED,I002-p1-s0.550000,research/traces/lane3/disturb-T10-R13.csv
Lane 3 alm_check,T10 R13,I002,1,0.6,-0.765458,DIED,I002-p1-s0.600000,research/traces/lane3/disturb-T10-R13.csv
Lane 3 alm_check,T10 R13,I002,1,0.65,-0.868941,DIED,I002-p1-s0.650000,research/traces/lane3/disturb-T10-R13.csv
Lane 3 alm_check,T10 R13,I002,1,0.7,-0.944962,DIED,I002-p1-s0.700000,research/traces/lane3/disturb-T10-R13.csv
Lane 3 alm_check,T10 R13,I002,1,0.75,-0.976643,DIED,I002-p1-s0.750000,research/traces/lane3/disturb-T10-R13.csv
Lane 3 alm_check,T10 R13,I002,1,0.8,-0.992965,DIED,I002-p1-s0.800000,research/traces/lane3/disturb-T10-R13.csv
Lane 3 alm_check,T10 R13,I002,1,0.85,-0.998615,DIED,I002-p1-s0.850000,research/traces/lane3/disturb-T10-R13.csv
Lane 3 alm_check,T10 R13,I002,1,0.9,-0.998979,DIED,I002-p1-s0.900000,research/traces/lane3/disturb-T10-R13.csv
Lane 3 alm_check,T10 R13,I002,1,0.95,-1.000000,DIED,I002-p1-s0.950000,research/traces/lane3/disturb-T10-R13.csv
Lane 3 alm_check,T10 R13,I002,1,1.0,-1.000000,DIED,I002-p1-s1.000000,research/traces/lane3/disturb-T10-R13.csv
Lane 3 alm_check,T10 R13,I002,2,0.0,0.000000,RECOVERED,I002-p2-s0.000000,research/traces/lane3/disturb-T10-R13.csv
Lane 3 alm_check,T10 R13,I002,2,0.05,-0.012823,RECOVERED,I002-p2-s0.050000,research/traces/lane3/disturb-T10-R13.csv
Lane 3 alm_check,T10 R13,I002,2,0.1,-0.080067,DIED,I002-p2-s0.100000,research/traces/lane3/disturb-T10-R13.csv
Lane 3 alm_check,T10 R13,I002,2,0.15,-0.138794,DIED,I002-p2-s0.150000,research/traces/lane3/disturb-T10-R13.csv
Lane 3 alm_check,T10 R13,I002,2,0.2,-0.271222,DIED,I002-p2-s0.200000,research/traces/lane3/disturb-T10-R13.csv
Lane 3 alm_check,T10 R13,I002,2,0.25,-0.345626,DIED,I002-p2-s0.250000,research/traces/lane3/disturb-T10-R13.csv
Lane 3 alm_check,T10 R13,I002,2,0.3,-0.441387,DIED,I002-p2-s0.300000,research/traces/lane3/disturb-T10-R13.csv
Lane 3 alm_check,T10 R13,I002,2,0.35,-0.506042,DIED,I002-p2-s0.350000,research/traces/lane3/disturb-T10-R13.csv
Lane 3 alm_check,T10 R13,I002,2,0.4,-0.543005,DIED,I002-p2-s0.400000,research/traces/lane3/disturb-T10-R13.csv
Lane 3 alm_check,T10 R13,I002,2,0.45,-0.603759,DIED,I002-p2-s0.450000,research/traces/lane3/disturb-T10-R13.csv
Lane 3 alm_check,T10 R13,I002,2,0.5,-0.650507,DIED,I002-p2-s0.500000,research/traces/lane3/disturb-T10-R13.csv
Lane 3 alm_check,T10 R13,I002,2,0.55,-0.695472,DIED,I002-p2-s0.550000,research/traces/lane3/disturb-T10-R13.csv
Lane 3 alm_check,T10 R13,I002,2,0.6,-0.766833,DIED,I002-p2-s0.600000,research/traces/lane3/disturb-T10-R13.csv
Lane 3 alm_check,T10 R13,I002,2,0.65,-0.873714,DIED,I002-p2-s0.650000,research/traces/lane3/disturb-T10-R13.csv
Lane 3 alm_check,T10 R13,I002,2,0.7,-0.950069,DIED,I002-p2-s0.700000,research/traces/lane3/disturb-T10-R13.csv
Lane 3 alm_check,T10 R13,I002,2,0.75,-0.975727,DIED,I002-p2-s0.750000,research/traces/lane3/disturb-T10-R13.csv
Lane 3 alm_check,T10 R13,I002,2,0.8,-0.991696,DIED,I002-p2-s0.800000,research/traces/lane3/disturb-T10-R13.csv
Lane 3 alm_check,T10 R13,I002,2,0.85,-0.998921,DIED,I002-p2-s0.850000,research/traces/lane3/disturb-T10-R13.csv
Lane 3 alm_check,T10 R13,I002,2,0.9,-1.000000,DIED,I002-p2-s0.900000,research/traces/lane3/disturb-T10-R13.csv
Lane 3 alm_check,T10 R13,I002,2,0.95,-1.000000,DIED,I002-p2-s0.950000,research/traces/lane3/disturb-T10-R13.csv
Lane 3 alm_check,T10 R13,I002,2,1.0,-1.000000,DIED,I002-p2-s1.000000,research/traces/lane3/disturb-T10-R13.csv
Lane 3 alm_check,T10 R13,I002,3,0.0,0.000000,RECOVERED,I002-p3-s0.000000,research/traces/lane3/disturb-T10-R13.csv
Lane 3 alm_check,T10 R13,I002,3,0.05,-0.013416,RECOVERED,I002-p3-s0.050000,research/traces/lane3/disturb-T10-R13.csv
Lane 3 alm_check,T10 R13,I002,3,0.1,-0.077465,DIED,I002-p3-s0.100000,research/traces/lane3/disturb-T10-R13.csv
Lane 3 alm_check,T10 R13,I002,3,0.15,-0.151048,DIED,I002-p3-s0.150000,research/traces/lane3/disturb-T10-R13.csv
Lane 3 alm_check,T10 R13,I002,3,0.2,-0.264600,DIED,I002-p3-s0.200000,research/traces/lane3/disturb-T10-R13.csv
Lane 3 alm_check,T10 R13,I002,3,0.25,-0.345087,DIED,I002-p3-s0.250000,research/traces/lane3/disturb-T10-R13.csv
Lane 3 alm_check,T10 R13,I002,3,0.3,-0.428527,DIED,I002-p3-s0.300000,research/traces/lane3/disturb-T10-R13.csv
Lane 3 alm_check,T10 R13,I002,3,0.35,-0.497911,DIED,I002-p3-s0.350000,research/traces/lane3/disturb-T10-R13.csv
Lane 3 alm_check,T10 R13,I002,3,0.4,-0.555113,DIED,I002-p3-s0.400000,research/traces/lane3/disturb-T10-R13.csv
Lane 3 alm_check,T10 R13,I002,3,0.45,-0.603603,DIED,I002-p3-s0.450000,research/traces/lane3/disturb-T10-R13.csv
Lane 3 alm_check,T10 R13,I002,3,0.5,-0.647073,DIED,I002-p3-s0.500000,research/traces/lane3/disturb-T10-R13.csv
Lane 3 alm_check,T10 R13,I002,3,0.55,-0.704586,DIED,I002-p3-s0.550000,research/traces/lane3/disturb-T10-R13.csv
Lane 3 alm_check,T10 R13,I002,3,0.6,-0.766598,DIED,I002-p3-s0.600000,research/traces/lane3/disturb-T10-R13.csv
Lane 3 alm_check,T10 R13,I002,3,0.65,-0.871766,DIED,I002-p3-s0.650000,research/traces/lane3/disturb-T10-R13.csv
Lane 3 alm_check,T10 R13,I002,3,0.7,-0.928484,DIED,I002-p3-s0.700000,research/traces/lane3/disturb-T10-R13.csv
Lane 3 alm_check,T10 R13,I002,3,0.75,-0.982221,DIED,I002-p3-s0.750000,research/traces/lane3/disturb-T10-R13.csv
Lane 3 alm_check,T10 R13,I002,3,0.8,-0.987428,DIED,I002-p3-s0.800000,research/traces/lane3/disturb-T10-R13.csv
Lane 3 alm_check,T10 R13,I002,3,0.85,-0.999605,DIED,I002-p3-s0.850000,research/traces/lane3/disturb-T10-R13.csv
Lane 3 alm_check,T10 R13,I002,3,0.9,-1.000000,DIED,I002-p3-s0.900000,research/traces/lane3/disturb-T10-R13.csv
Lane 3 alm_check,T10 R13,I002,3,0.95,-1.000000,DIED,I002-p3-s0.950000,research/traces/lane3/disturb-T10-R13.csv
Lane 3 alm_check,T10 R13,I002,3,1.0,-1.000000,DIED,I002-p3-s1.000000,research/traces/lane3/disturb-T10-R13.csv
Lane 3 alm_check,T10 R13,I002,4,0.0,0.000000,RECOVERED,I002-p4-s0.000000,research/traces/lane3/disturb-T10-R13.csv
Lane 3 alm_check,T10 R13,I002,4,0.05,-0.026854,RECOVERED,I002-p4-s0.050000,research/traces/lane3/disturb-T10-R13.csv
Lane 3 alm_check,T10 R13,I002,4,0.1,-0.066385,DIED,I002-p4-s0.100000,research/traces/lane3/disturb-T10-R13.csv
Lane 3 alm_check,T10 R13,I002,4,0.15,-0.165004,DIED,I002-p4-s0.150000,research/traces/lane3/disturb-T10-R13.csv
Lane 3 alm_check,T10 R13,I002,4,0.2,-0.255347,DIED,I002-p4-s0.200000,research/traces/lane3/disturb-T10-R13.csv
Lane 3 alm_check,T10 R13,I002,4,0.25,-0.372323,DIED,I002-p4-s0.250000,research/traces/lane3/disturb-T10-R13.csv
Lane 3 alm_check,T10 R13,I002,4,0.3,-0.437191,DIED,I002-p4-s0.300000,research/traces/lane3/disturb-T10-R13.csv
Lane 3 alm_check,T10 R13,I002,4,0.35,-0.511142,DIED,I002-p4-s0.350000,research/traces/lane3/disturb-T10-R13.csv
Lane 3 alm_check,T10 R13,I002,4,0.4,-0.556096,DIED,I002-p4-s0.400000,research/traces/lane3/disturb-T10-R13.csv
Lane 3 alm_check,T10 R13,I002,4,0.45,-0.604045,DIED,I002-p4-s0.450000,research/traces/lane3/disturb-T10-R13.csv
Lane 3 alm_check,T10 R13,I002,4,0.5,-0.653453,DIED,I002-p4-s0.500000,research/traces/lane3/disturb-T10-R13.csv
Lane 3 alm_check,T10 R13,I002,4,0.55,-0.689300,DIED,I002-p4-s0.550000,research/traces/lane3/disturb-T10-R13.csv
Lane 3 alm_check,T10 R13,I002,4,0.6,-0.766345,DIED,I002-p4-s0.600000,research/traces/lane3/disturb-T10-R13.csv
Lane 3 alm_check,T10 R13,I002,4,0.65,-0.867492,DIED,I002-p4-s0.650000,research/traces/lane3/disturb-T10-R13.csv
Lane 3 alm_check,T10 R13,I002,4,0.7,-0.942582,DIED,I002-p4-s0.700000,research/traces/lane3/disturb-T10-R13.csv
Lane 3 alm_check,T10 R13,I002,4,0.75,-0.977794,DIED,I002-p4-s0.750000,research/traces/lane3/disturb-T10-R13.csv
Lane 3 alm_check,T10 R13,I002,4,0.8,-0.991758,DIED,I002-p4-s0.800000,research/traces/lane3/disturb-T10-R13.csv
Lane 3 alm_check,T10 R13,I002,4,0.85,-0.997126,DIED,I002-p4-s0.850000,research/traces/lane3/disturb-T10-R13.csv
Lane 3 alm_check,T10 R13,I002,4,0.9,-1.000000,DIED,I002-p4-s0.900000,research/traces/lane3/disturb-T10-R13.csv
Lane 3 alm_check,T10 R13,I002,4,0.95,-1.000000,DIED,I002-p4-s0.950000,research/traces/lane3/disturb-T10-R13.csv
Lane 3 alm_check,T10 R13,I002,4,1.0,-1.000000,DIED,I002-p4-s1.000000,research/traces/lane3/disturb-T10-R13.csv
Lane 3 alm_check,T10 R13,I003,0,0.0,0.000000,RECOVERED,I003-p0-s0.000000,research/traces/lane3/disturb-T10-R13.csv
Lane 3 alm_check,T10 R13,I003,0,0.05,0.044933,RECOVERED,I003-p0-s0.050000,research/traces/lane3/disturb-T10-R13.csv
Lane 3 alm_check,T10 R13,I003,0,0.1,0.089865,RECOVERED,I003-p0-s0.100000,research/traces/lane3/disturb-T10-R13.csv
Lane 3 alm_check,T10 R13,I003,0,0.15,0.134798,RECOVERED,I003-p0-s0.150000,research/traces/lane3/disturb-T10-R13.csv
Lane 3 alm_check,T10 R13,I003,0,0.2,0.179731,RECOVERED,I003-p0-s0.200000,research/traces/lane3/disturb-T10-R13.csv
Lane 3 alm_check,T10 R13,I003,0,0.25,0.224663,RECOVERED,I003-p0-s0.250000,research/traces/lane3/disturb-T10-R13.csv
Lane 3 alm_check,T10 R13,I003,0,0.3,0.269596,RECOVERED,I003-p0-s0.300000,research/traces/lane3/disturb-T10-R13.csv
Lane 3 alm_check,T10 R13,I003,0,0.35,0.314529,DIED,I003-p0-s0.350000,research/traces/lane3/disturb-T10-R13.csv
Lane 3 alm_check,T10 R13,I003,0,0.4,0.359461,DIED,I003-p0-s0.400000,research/traces/lane3/disturb-T10-R13.csv
Lane 3 alm_check,T10 R13,I003,0,0.45,0.404394,DIED,I003-p0-s0.450000,research/traces/lane3/disturb-T10-R13.csv
Lane 3 alm_check,T10 R13,I003,0,0.5,0.449327,DIED,I003-p0-s0.500000,research/traces/lane3/disturb-T10-R13.csv
Lane 3 alm_check,T10 R13,I003,0,0.55,0.494259,DIED,I003-p0-s0.550000,research/traces/lane3/disturb-T10-R13.csv
Lane 3 alm_check,T10 R13,I003,0,0.6,0.539192,DIED,I003-p0-s0.600000,research/traces/lane3/disturb-T10-R13.csv
Lane 3 alm_check,T10 R13,I003,0,0.65,0.584124,DIED,I003-p0-s0.650000,research/traces/lane3/disturb-T10-R13.csv
Lane 3 alm_check,T10 R13,I003,0,0.7,0.629057,DIED,I003-p0-s0.700000,research/traces/lane3/disturb-T10-R13.csv
Lane 3 alm_check,T10 R13,I003,0,0.75,0.673990,DIED,I003-p0-s0.750000,research/traces/lane3/disturb-T10-R13.csv
Lane 3 alm_check,T10 R13,I003,0,0.8,0.718922,DIED,I003-p0-s0.800000,research/traces/lane3/disturb-T10-R13.csv
Lane 3 alm_check,T10 R13,I003,0,0.85,0.763855,DIED,I003-p0-s0.850000,research/traces/lane3/disturb-T10-R13.csv
Lane 3 alm_check,T10 R13,I003,0,0.9,0.808788,DIED,I003-p0-s0.900000,research/traces/lane3/disturb-T10-R13.csv
Lane 3 alm_check,T10 R13,I003,0,0.95,0.853720,DIED,I003-p0-s0.950000,research/traces/lane3/disturb-T10-R13.csv
Lane 3 alm_check,T10 R13,I003,0,1.0,0.898653,DIED,I003-p0-s1.000000,research/traces/lane3/disturb-T10-R13.csv
Lane 3 alm_check,T10 R13,I003,1,0.0,0.000000,RECOVERED,I003-p1-s0.000000,research/traces/lane3/disturb-T10-R13.csv
Lane 3 alm_check,T10 R13,I003,1,0.05,0.045089,RECOVERED,I003-p1-s0.050000,research/traces/lane3/disturb-T10-R13.csv
Lane 3 alm_check,T10 R13,I003,1,0.1,0.090178,RECOVERED,I003-p1-s0.100000,research/traces/lane3/disturb-T10-R13.csv
Lane 3 alm_check,T10 R13,I003,1,0.15,0.135268,RECOVERED,I003-p1-s0.150000,research/traces/lane3/disturb-T10-R13.csv
Lane 3 alm_check,T10 R13,I003,1,0.2,0.180357,RECOVERED,I003-p1-s0.200000,research/traces/lane3/disturb-T10-R13.csv
Lane 3 alm_check,T10 R13,I003,1,0.25,0.225446,RECOVERED,I003-p1-s0.250000,research/traces/lane3/disturb-T10-R13.csv
Lane 3 alm_check,T10 R13,I003,1,0.3,0.270535,RECOVERED,I003-p1-s0.300000,research/traces/lane3/disturb-T10-R13.csv
Lane 3 alm_check,T10 R13,I003,1,0.35,0.315624,DIED,I003-p1-s0.350000,research/traces/lane3/disturb-T10-R13.csv
Lane 3 alm_check,T10 R13,I003,1,0.4,0.360713,DIED,I003-p1-s0.400000,research/traces/lane3/disturb-T10-R13.csv
Lane 3 alm_check,T10 R13,I003,1,0.45,0.405803,DIED,I003-p1-s0.450000,research/traces/lane3/disturb-T10-R13.csv
Lane 3 alm_check,T10 R13,I003,1,0.5,0.450892,DIED,I003-p1-s0.500000,research/traces/lane3/disturb-T10-R13.csv
Lane 3 alm_check,T10 R13,I003,1,0.55,0.495981,DIED,I003-p1-s0.550000,research/traces/lane3/disturb-T10-R13.csv
Lane 3 alm_check,T10 R13,I003,1,0.6,0.541070,DIED,I003-p1-s0.600000,research/traces/lane3/disturb-T10-R13.csv
Lane 3 alm_check,T10 R13,I003,1,0.65,0.586159,DIED,I003-p1-s0.650000,research/traces/lane3/disturb-T10-R13.csv
Lane 3 alm_check,T10 R13,I003,1,0.7,0.631248,DIED,I003-p1-s0.700000,research/traces/lane3/disturb-T10-R13.csv
Lane 3 alm_check,T10 R13,I003,1,0.75,0.676338,DIED,I003-p1-s0.750000,research/traces/lane3/disturb-T10-R13.csv
Lane 3 alm_check,T10 R13,I003,1,0.8,0.721427,DIED,I003-p1-s0.800000,research/traces/lane3/disturb-T10-R13.csv
Lane 3 alm_check,T10 R13,I003,1,0.85,0.766516,DIED,I003-p1-s0.850000,research/traces/lane3/disturb-T10-R13.csv
Lane 3 alm_check,T10 R13,I003,1,0.9,0.811605,DIED,I003-p1-s0.900000,research/traces/lane3/disturb-T10-R13.csv
Lane 3 alm_check,T10 R13,I003,1,0.95,0.856694,DIED,I003-p1-s0.950000,research/traces/lane3/disturb-T10-R13.csv
Lane 3 alm_check,T10 R13,I003,1,1.0,0.901784,DIED,I003-p1-s1.000000,research/traces/lane3/disturb-T10-R13.csv
Lane 3 alm_check,T10 R13,I003,2,0.0,0.000000,RECOVERED,I003-p2-s0.000000,research/traces/lane3/disturb-T10-R13.csv
Lane 3 alm_check,T10 R13,I003,2,0.05,0.045113,RECOVERED,I003-p2-s0.050000,research/traces/lane3/disturb-T10-R13.csv
Lane 3 alm_check,T10 R13,I003,2,0.1,0.090227,RECOVERED,I003-p2-s0.100000,research/traces/lane3/disturb-T10-R13.csv
Lane 3 alm_check,T10 R13,I003,2,0.15,0.135340,RECOVERED,I003-p2-s0.150000,research/traces/lane3/disturb-T10-R13.csv
Lane 3 alm_check,T10 R13,I003,2,0.2,0.180454,RECOVERED,I003-p2-s0.200000,research/traces/lane3/disturb-T10-R13.csv
Lane 3 alm_check,T10 R13,I003,2,0.25,0.225567,RECOVERED,I003-p2-s0.250000,research/traces/lane3/disturb-T10-R13.csv
Lane 3 alm_check,T10 R13,I003,2,0.3,0.270680,RECOVERED,I003-p2-s0.300000,research/traces/lane3/disturb-T10-R13.csv
Lane 3 alm_check,T10 R13,I003,2,0.35,0.315794,DIED,I003-p2-s0.350000,research/traces/lane3/disturb-T10-R13.csv
Lane 3 alm_check,T10 R13,I003,2,0.4,0.360907,DIED,I003-p2-s0.400000,research/traces/lane3/disturb-T10-R13.csv
Lane 3 alm_check,T10 R13,I003,2,0.45,0.406021,DIED,I003-p2-s0.450000,research/traces/lane3/disturb-T10-R13.csv
Lane 3 alm_check,T10 R13,I003,2,0.5,0.451134,DIED,I003-p2-s0.500000,research/traces/lane3/disturb-T10-R13.csv
Lane 3 alm_check,T10 R13,I003,2,0.55,0.496247,DIED,I003-p2-s0.550000,research/traces/lane3/disturb-T10-R13.csv
Lane 3 alm_check,T10 R13,I003,2,0.6,0.541361,DIED,I003-p2-s0.600000,research/traces/lane3/disturb-T10-R13.csv
Lane 3 alm_check,T10 R13,I003,2,0.65,0.586474,DIED,I003-p2-s0.650000,research/traces/lane3/disturb-T10-R13.csv
Lane 3 alm_check,T10 R13,I003,2,0.7,0.631587,DIED,I003-p2-s0.700000,research/traces/lane3/disturb-T10-R13.csv
Lane 3 alm_check,T10 R13,I003,2,0.75,0.676701,DIED,I003-p2-s0.750000,research/traces/lane3/disturb-T10-R13.csv
Lane 3 alm_check,T10 R13,I003,2,0.8,0.721814,DIED,I003-p2-s0.800000,research/traces/lane3/disturb-T10-R13.csv
Lane 3 alm_check,T10 R13,I003,2,0.85,0.766928,DIED,I003-p2-s0.850000,research/traces/lane3/disturb-T10-R13.csv
Lane 3 alm_check,T10 R13,I003,2,0.9,0.812041,DIED,I003-p2-s0.900000,research/traces/lane3/disturb-T10-R13.csv
Lane 3 alm_check,T10 R13,I003,2,0.95,0.857154,DIED,I003-p2-s0.950000,research/traces/lane3/disturb-T10-R13.csv
Lane 3 alm_check,T10 R13,I003,2,1.0,0.902268,DIED,I003-p2-s1.000000,research/traces/lane3/disturb-T10-R13.csv
Lane 3 alm_check,T10 R13,I003,3,0.0,0.000000,RECOVERED,I003-p3-s0.000000,research/traces/lane3/disturb-T10-R13.csv
Lane 3 alm_check,T10 R13,I003,3,0.05,0.045009,RECOVERED,I003-p3-s0.050000,research/traces/lane3/disturb-T10-R13.csv
Lane 3 alm_check,T10 R13,I003,3,0.1,0.090018,RECOVERED,I003-p3-s0.100000,research/traces/lane3/disturb-T10-R13.csv
Lane 3 alm_check,T10 R13,I003,3,0.15,0.135026,RECOVERED,I003-p3-s0.150000,research/traces/lane3/disturb-T10-R13.csv
Lane 3 alm_check,T10 R13,I003,3,0.2,0.180035,RECOVERED,I003-p3-s0.200000,research/traces/lane3/disturb-T10-R13.csv
Lane 3 alm_check,T10 R13,I003,3,0.25,0.225044,RECOVERED,I003-p3-s0.250000,research/traces/lane3/disturb-T10-R13.csv
Lane 3 alm_check,T10 R13,I003,3,0.3,0.270053,RECOVERED,I003-p3-s0.300000,research/traces/lane3/disturb-T10-R13.csv
Lane 3 alm_check,T10 R13,I003,3,0.35,0.315062,DIED,I003-p3-s0.350000,research/traces/lane3/disturb-T10-R13.csv
Lane 3 alm_check,T10 R13,I003,3,0.4,0.360070,DIED,I003-p3-s0.400000,research/traces/lane3/disturb-T10-R13.csv
Lane 3 alm_check,T10 R13,I003,3,0.45,0.405079,DIED,I003-p3-s0.450000,research/traces/lane3/disturb-T10-R13.csv
Lane 3 alm_check,T10 R13,I003,3,0.5,0.450088,DIED,I003-p3-s0.500000,research/traces/lane3/disturb-T10-R13.csv
Lane 3 alm_check,T10 R13,I003,3,0.55,0.495097,DIED,I003-p3-s0.550000,research/traces/lane3/disturb-T10-R13.csv
Lane 3 alm_check,T10 R13,I003,3,0.6,0.540106,DIED,I003-p3-s0.600000,research/traces/lane3/disturb-T10-R13.csv
Lane 3 alm_check,T10 R13,I003,3,0.65,0.585114,DIED,I003-p3-s0.650000,research/traces/lane3/disturb-T10-R13.csv
Lane 3 alm_check,T10 R13,I003,3,0.7,0.630123,DIED,I003-p3-s0.700000,research/traces/lane3/disturb-T10-R13.csv
Lane 3 alm_check,T10 R13,I003,3,0.75,0.675132,DIED,I003-p3-s0.750000,research/traces/lane3/disturb-T10-R13.csv
Lane 3 alm_check,T10 R13,I003,3,0.8,0.720141,DIED,I003-p3-s0.800000,research/traces/lane3/disturb-T10-R13.csv
Lane 3 alm_check,T10 R13,I003,3,0.85,0.765149,DIED,I003-p3-s0.850000,research/traces/lane3/disturb-T10-R13.csv
Lane 3 alm_check,T10 R13,I003,3,0.9,0.810158,DIED,I003-p3-s0.900000,research/traces/lane3/disturb-T10-R13.csv
Lane 3 alm_check,T10 R13,I003,3,0.95,0.855167,DIED,I003-p3-s0.950000,research/traces/lane3/disturb-T10-R13.csv
Lane 3 alm_check,T10 R13,I003,3,1.0,0.900176,DIED,I003-p3-s1.000000,research/traces/lane3/disturb-T10-R13.csv
Lane 3 alm_check,T10 R13,I003,4,0.0,0.000000,RECOVERED,I003-p4-s0.000000,research/traces/lane3/disturb-T10-R13.csv
Lane 3 alm_check,T10 R13,I003,4,0.05,0.044915,RECOVERED,I003-p4-s0.050000,research/traces/lane3/disturb-T10-R13.csv
Lane 3 alm_check,T10 R13,I003,4,0.1,0.089829,RECOVERED,I003-p4-s0.100000,research/traces/lane3/disturb-T10-R13.csv
Lane 3 alm_check,T10 R13,I003,4,0.15,0.134744,RECOVERED,I003-p4-s0.150000,research/traces/lane3/disturb-T10-R13.csv
Lane 3 alm_check,T10 R13,I003,4,0.2,0.179659,RECOVERED,I003-p4-s0.200000,research/traces/lane3/disturb-T10-R13.csv
Lane 3 alm_check,T10 R13,I003,4,0.25,0.224573,RECOVERED,I003-p4-s0.250000,research/traces/lane3/disturb-T10-R13.csv
Lane 3 alm_check,T10 R13,I003,4,0.3,0.269488,RECOVERED,I003-p4-s0.300000,research/traces/lane3/disturb-T10-R13.csv
Lane 3 alm_check,T10 R13,I003,4,0.35,0.314403,DIED,I003-p4-s0.350000,research/traces/lane3/disturb-T10-R13.csv
Lane 3 alm_check,T10 R13,I003,4,0.4,0.359317,DIED,I003-p4-s0.400000,research/traces/lane3/disturb-T10-R13.csv
Lane 3 alm_check,T10 R13,I003,4,0.45,0.404232,DIED,I003-p4-s0.450000,research/traces/lane3/disturb-T10-R13.csv
Lane 3 alm_check,T10 R13,I003,4,0.5,0.449147,DIED,I003-p4-s0.500000,research/traces/lane3/disturb-T10-R13.csv
Lane 3 alm_check,T10 R13,I003,4,0.55,0.494061,DIED,I003-p4-s0.550000,research/traces/lane3/disturb-T10-R13.csv
Lane 3 alm_check,T10 R13,I003,4,0.6,0.538976,DIED,I003-p4-s0.600000,research/traces/lane3/disturb-T10-R13.csv
Lane 3 alm_check,T10 R13,I003,4,0.65,0.583891,DIED,I003-p4-s0.650000,research/traces/lane3/disturb-T10-R13.csv
Lane 3 alm_check,T10 R13,I003,4,0.7,0.628805,DIED,I003-p4-s0.700000,research/traces/lane3/disturb-T10-R13.csv
Lane 3 alm_check,T10 R13,I003,4,0.75,0.673720,DIED,I003-p4-s0.750000,research/traces/lane3/disturb-T10-R13.csv
Lane 3 alm_check,T10 R13,I003,4,0.8,0.718635,DIED,I003-p4-s0.800000,research/traces/lane3/disturb-T10-R13.csv
Lane 3 alm_check,T10 R13,I003,4,0.85,0.763549,DIED,I003-p4-s0.850000,research/traces/lane3/disturb-T10-R13.csv
Lane 3 alm_check,T10 R13,I003,4,0.9,0.808464,DIED,I003-p4-s0.900000,research/traces/lane3/disturb-T10-R13.csv
Lane 3 alm_check,T10 R13,I003,4,0.95,0.853379,DIED,I003-p4-s0.950000,research/traces/lane3/disturb-T10-R13.csv
Lane 3 alm_check,T10 R13,I003,4,1.0,0.898293,DIED,I003-p4-s1.000000,research/traces/lane3/disturb-T10-R13.csv
Lane 3 alm_check,T10 R13,I004,0,0.0,0.000000,RECOVERED,I004-p0-s0.000000,research/traces/lane3/disturb-T10-R13.csv
Lane 3 alm_check,T10 R13,I004,0,0.05,-0.054972,RECOVERED,I004-p0-s0.050000,research/traces/lane3/disturb-T10-R13.csv
Lane 3 alm_check,T10 R13,I004,0,0.1,-0.102327,DIED,I004-p0-s0.100000,research/traces/lane3/disturb-T10-R13.csv
Lane 3 alm_check,T10 R13,I004,0,0.15,-0.150635,DIED,I004-p0-s0.150000,research/traces/lane3/disturb-T10-R13.csv
Lane 3 alm_check,T10 R13,I004,0,0.2,-0.200110,DIED,I004-p0-s0.200000,research/traces/lane3/disturb-T10-R13.csv
Lane 3 alm_check,T10 R13,I004,0,0.25,-0.258331,DIED,I004-p0-s0.250000,research/traces/lane3/disturb-T10-R13.csv
Lane 3 alm_check,T10 R13,I004,0,0.3,-0.305939,DIED,I004-p0-s0.300000,research/traces/lane3/disturb-T10-R13.csv
Lane 3 alm_check,T10 R13,I004,0,0.35,-0.350336,DIED,I004-p0-s0.350000,research/traces/lane3/disturb-T10-R13.csv
Lane 3 alm_check,T10 R13,I004,0,0.4,-0.401616,DIED,I004-p0-s0.400000,research/traces/lane3/disturb-T10-R13.csv
Lane 3 alm_check,T10 R13,I004,0,0.45,-0.453701,DIED,I004-p0-s0.450000,research/traces/lane3/disturb-T10-R13.csv
Lane 3 alm_check,T10 R13,I004,0,0.5,-0.503383,DIED,I004-p0-s0.500000,research/traces/lane3/disturb-T10-R13.csv
Lane 3 alm_check,T10 R13,I004,0,0.55,-0.555135,DIED,I004-p0-s0.550000,research/traces/lane3/disturb-T10-R13.csv
Lane 3 alm_check,T10 R13,I004,0,0.6,-0.606561,DIED,I004-p0-s0.600000,research/traces/lane3/disturb-T10-R13.csv
Lane 3 alm_check,T10 R13,I004,0,0.65,-0.657840,DIED,I004-p0-s0.650000,research/traces/lane3/disturb-T10-R13.csv
Lane 3 alm_check,T10 R13,I004,0,0.7,-0.708692,DIED,I004-p0-s0.700000,research/traces/lane3/disturb-T10-R13.csv
Lane 3 alm_check,T10 R13,I004,0,0.75,-0.754434,DIED,I004-p0-s0.750000,research/traces/lane3/disturb-T10-R13.csv
Lane 3 alm_check,T10 R13,I004,0,0.8,-0.810335,DIED,I004-p0-s0.800000,research/traces/lane3/disturb-T10-R13.csv
Lane 3 alm_check,T10 R13,I004,0,0.85,-0.858180,DIED,I004-p0-s0.850000,research/traces/lane3/disturb-T10-R13.csv
Lane 3 alm_check,T10 R13,I004,0,0.9,-0.900847,DIED,I004-p0-s0.900000,research/traces/lane3/disturb-T10-R13.csv
Lane 3 alm_check,T10 R13,I004,0,0.95,-0.950222,DIED,I004-p0-s0.950000,research/traces/lane3/disturb-T10-R13.csv
Lane 3 alm_check,T10 R13,I004,1,0.0,0.000000,RECOVERED,I004-p1-s0.000000,research/traces/lane3/disturb-T10-R13.csv
Lane 3 alm_check,T10 R13,I004,1,0.05,-0.051281,RECOVERED,I004-p1-s0.050000,research/traces/lane3/disturb-T10-R13.csv
Lane 3 alm_check,T10 R13,I004,1,0.1,-0.100215,DIED,I004-p1-s0.100000,research/traces/lane3/disturb-T10-R13.csv
Lane 3 alm_check,T10 R13,I004,1,0.15,-0.150445,DIED,I004-p1-s0.150000,research/traces/lane3/disturb-T10-R13.csv
Lane 3 alm_check,T10 R13,I004,1,0.2,-0.207734,DIED,I004-p1-s0.200000,research/traces/lane3/disturb-T10-R13.csv
Lane 3 alm_check,T10 R13,I004,1,0.25,-0.257612,DIED,I004-p1-s0.250000,research/traces/lane3/disturb-T10-R13.csv
Lane 3 alm_check,T10 R13,I004,1,0.3,-0.310642,DIED,I004-p1-s0.300000,research/traces/lane3/disturb-T10-R13.csv
Lane 3 alm_check,T10 R13,I004,1,0.35,-0.352177,DIED,I004-p1-s0.350000,research/traces/lane3/disturb-T10-R13.csv
Lane 3 alm_check,T10 R13,I004,1,0.4,-0.400365,DIED,I004-p1-s0.400000,research/traces/lane3/disturb-T10-R13.csv
Lane 3 alm_check,T10 R13,I004,1,0.45,-0.452787,DIED,I004-p1-s0.450000,research/traces/lane3/disturb-T10-R13.csv
Lane 3 alm_check,T10 R13,I004,1,0.5,-0.502027,DIED,I004-p1-s0.500000,research/traces/lane3/disturb-T10-R13.csv
Lane 3 alm_check,T10 R13,I004,1,0.55,-0.554340,DIED,I004-p1-s0.550000,research/traces/lane3/disturb-T10-R13.csv
Lane 3 alm_check,T10 R13,I004,1,0.6,-0.609137,DIED,I004-p1-s0.600000,research/traces/lane3/disturb-T10-R13.csv
Lane 3 alm_check,T10 R13,I004,1,0.65,-0.650694,DIED,I004-p1-s0.650000,research/traces/lane3/disturb-T10-R13.csv
Lane 3 alm_check,T10 R13,I004,1,0.7,-0.706268,DIED,I004-p1-s0.700000,research/traces/lane3/disturb-T10-R13.csv
Lane 3 alm_check,T10 R13,I004,1,0.75,-0.760151,DIED,I004-p1-s0.750000,research/traces/lane3/disturb-T10-R13.csv
Lane 3 alm_check,T10 R13,I004,1,0.8,-0.809286,DIED,I004-p1-s0.800000,research/traces/lane3/disturb-T10-R13.csv
Lane 3 alm_check,T10 R13,I004,1,0.85,-0.856995,DIED,I004-p1-s0.850000,research/traces/lane3/disturb-T10-R13.csv
Lane 3 alm_check,T10 R13,I004,1,0.9,-0.901400,DIED,I004-p1-s0.900000,research/traces/lane3/disturb-T10-R13.csv
Lane 3 alm_check,T10 R13,I004,1,0.95,-0.950034,DIED,I004-p1-s0.950000,research/traces/lane3/disturb-T10-R13.csv
Lane 3 alm_check,T10 R13,I004,2,0.0,0.000000,RECOVERED,I004-p2-s0.000000,research/traces/lane3/disturb-T10-R13.csv
Lane 3 alm_check,T10 R13,I004,2,0.05,-0.050669,RECOVERED,I004-p2-s0.050000,research/traces/lane3/disturb-T10-R13.csv
Lane 3 alm_check,T10 R13,I004,2,0.1,-0.102544,DIED,I004-p2-s0.100000,research/traces/lane3/disturb-T10-R13.csv
Lane 3 alm_check,T10 R13,I004,2,0.15,-0.150482,DIED,I004-p2-s0.150000,research/traces/lane3/disturb-T10-R13.csv
Lane 3 alm_check,T10 R13,I004,2,0.2,-0.209164,DIED,I004-p2-s0.200000,research/traces/lane3/disturb-T10-R13.csv
Lane 3 alm_check,T10 R13,I004,2,0.25,-0.259058,DIED,I004-p2-s0.250000,research/traces/lane3/disturb-T10-R13.csv
Lane 3 alm_check,T10 R13,I004,2,0.3,-0.311795,DIED,I004-p2-s0.300000,research/traces/lane3/disturb-T10-R13.csv
Lane 3 alm_check,T10 R13,I004,2,0.35,-0.353173,DIED,I004-p2-s0.350000,research/traces/lane3/disturb-T10-R13.csv
Lane 3 alm_check,T10 R13,I004,2,0.4,-0.408043,DIED,I004-p2-s0.400000,research/traces/lane3/disturb-T10-R13.csv
Lane 3 alm_check,T10 R13,I004,2,0.45,-0.450990,DIED,I004-p2-s0.450000,research/traces/lane3/disturb-T10-R13.csv
Lane 3 alm_check,T10 R13,I004,2,0.5,-0.502498,DIED,I004-p2-s0.500000,research/traces/lane3/disturb-T10-R13.csv
Lane 3 alm_check,T10 R13,I004,2,0.55,-0.554294,DIED,I004-p2-s0.550000,research/traces/lane3/disturb-T10-R13.csv
Lane 3 alm_check,T10 R13,I004,2,0.6,-0.606367,DIED,I004-p2-s0.600000,research/traces/lane3/disturb-T10-R13.csv
Lane 3 alm_check,T10 R13,I004,2,0.65,-0.650298,DIED,I004-p2-s0.650000,research/traces/lane3/disturb-T10-R13.csv
Lane 3 alm_check,T10 R13,I004,2,0.7,-0.706852,DIED,I004-p2-s0.700000,research/traces/lane3/disturb-T10-R13.csv
Lane 3 alm_check,T10 R13,I004,2,0.75,-0.760330,DIED,I004-p2-s0.750000,research/traces/lane3/disturb-T10-R13.csv
Lane 3 alm_check,T10 R13,I004,2,0.8,-0.808735,DIED,I004-p2-s0.800000,research/traces/lane3/disturb-T10-R13.csv
Lane 3 alm_check,T10 R13,I004,2,0.85,-0.856152,DIED,I004-p2-s0.850000,research/traces/lane3/disturb-T10-R13.csv
Lane 3 alm_check,T10 R13,I004,2,0.9,-0.900245,DIED,I004-p2-s0.900000,research/traces/lane3/disturb-T10-R13.csv
Lane 3 alm_check,T10 R13,I004,2,0.95,-0.951097,DIED,I004-p2-s0.950000,research/traces/lane3/disturb-T10-R13.csv
Lane 3 alm_check,T10 R13,I004,3,0.0,0.000000,RECOVERED,I004-p3-s0.000000,research/traces/lane3/disturb-T10-R13.csv
Lane 3 alm_check,T10 R13,I004,3,0.05,-0.052955,RECOVERED,I004-p3-s0.050000,research/traces/lane3/disturb-T10-R13.csv
Lane 3 alm_check,T10 R13,I004,3,0.1,-0.100136,DIED,I004-p3-s0.100000,research/traces/lane3/disturb-T10-R13.csv
Lane 3 alm_check,T10 R13,I004,3,0.15,-0.156789,DIED,I004-p3-s0.150000,research/traces/lane3/disturb-T10-R13.csv
Lane 3 alm_check,T10 R13,I004,3,0.2,-0.205881,DIED,I004-p3-s0.200000,research/traces/lane3/disturb-T10-R13.csv
Lane 3 alm_check,T10 R13,I004,3,0.25,-0.250234,DIED,I004-p3-s0.250000,research/traces/lane3/disturb-T10-R13.csv
Lane 3 alm_check,T10 R13,I004,3,0.3,-0.311519,DIED,I004-p3-s0.300000,research/traces/lane3/disturb-T10-R13.csv
Lane 3 alm_check,T10 R13,I004,3,0.35,-0.362762,DIED,I004-p3-s0.350000,research/traces/lane3/disturb-T10-R13.csv
Lane 3 alm_check,T10 R13,I004,3,0.4,-0.404222,DIED,I004-p3-s0.400000,research/traces/lane3/disturb-T10-R13.csv
Lane 3 alm_check,T10 R13,I004,3,0.45,-0.451957,DIED,I004-p3-s0.450000,research/traces/lane3/disturb-T10-R13.csv
Lane 3 alm_check,T10 R13,I004,3,0.5,-0.505284,DIED,I004-p3-s0.500000,research/traces/lane3/disturb-T10-R13.csv
Lane 3 alm_check,T10 R13,I004,3,0.55,-0.558862,DIED,I004-p3-s0.550000,research/traces/lane3/disturb-T10-R13.csv
Lane 3 alm_check,T10 R13,I004,3,0.6,-0.601667,DIED,I004-p3-s0.600000,research/traces/lane3/disturb-T10-R13.csv
Lane 3 alm_check,T10 R13,I004,3,0.65,-0.651174,DIED,I004-p3-s0.650000,research/traces/lane3/disturb-T10-R13.csv
Lane 3 alm_check,T10 R13,I004,3,0.7,-0.712470,DIED,I004-p3-s0.700000,research/traces/lane3/disturb-T10-R13.csv
Lane 3 alm_check,T10 R13,I004,3,0.75,-0.758763,DIED,I004-p3-s0.750000,research/traces/lane3/disturb-T10-R13.csv
Lane 3 alm_check,T10 R13,I004,3,0.8,-0.802613,DIED,I004-p3-s0.800000,research/traces/lane3/disturb-T10-R13.csv
Lane 3 alm_check,T10 R13,I004,3,0.85,-0.851585,DIED,I004-p3-s0.850000,research/traces/lane3/disturb-T10-R13.csv
Lane 3 alm_check,T10 R13,I004,3,0.9,-0.900223,DIED,I004-p3-s0.900000,research/traces/lane3/disturb-T10-R13.csv
Lane 3 alm_check,T10 R13,I004,3,0.95,-0.956230,DIED,I004-p3-s0.950000,research/traces/lane3/disturb-T10-R13.csv
Lane 3 alm_check,T10 R13,I004,4,0.0,0.000000,RECOVERED,I004-p4-s0.000000,research/traces/lane3/disturb-T10-R13.csv
Lane 3 alm_check,T10 R13,I004,4,0.05,-0.050971,RECOVERED,I004-p4-s0.050000,research/traces/lane3/disturb-T10-R13.csv
Lane 3 alm_check,T10 R13,I004,4,0.1,-0.102846,DIED,I004-p4-s0.100000,research/traces/lane3/disturb-T10-R13.csv
Lane 3 alm_check,T10 R13,I004,4,0.15,-0.153071,DIED,I004-p4-s0.150000,research/traces/lane3/disturb-T10-R13.csv
Lane 3 alm_check,T10 R13,I004,4,0.2,-0.213178,DIED,I004-p4-s0.200000,research/traces/lane3/disturb-T10-R13.csv
Lane 3 alm_check,T10 R13,I004,4,0.25,-0.262139,DIED,I004-p4-s0.250000,research/traces/lane3/disturb-T10-R13.csv
Lane 3 alm_check,T10 R13,I004,4,0.3,-0.300921,DIED,I004-p4-s0.300000,research/traces/lane3/disturb-T10-R13.csv
Lane 3 alm_check,T10 R13,I004,4,0.35,-0.354355,DIED,I004-p4-s0.350000,research/traces/lane3/disturb-T10-R13.csv
Lane 3 alm_check,T10 R13,I004,4,0.4,-0.409199,DIED,I004-p4-s0.400000,research/traces/lane3/disturb-T10-R13.csv
Lane 3 alm_check,T10 R13,I004,4,0.45,-0.450716,DIED,I004-p4-s0.450000,research/traces/lane3/disturb-T10-R13.csv
Lane 3 alm_check,T10 R13,I004,4,0.5,-0.500422,DIED,I004-p4-s0.500000,research/traces/lane3/disturb-T10-R13.csv
Lane 3 alm_check,T10 R13,I004,4,0.55,-0.551996,DIED,I004-p4-s0.550000,research/traces/lane3/disturb-T10-R13.csv
Lane 3 alm_check,T10 R13,I004,4,0.6,-0.606039,DIED,I004-p4-s0.600000,research/traces/lane3/disturb-T10-R13.csv
Lane 3 alm_check,T10 R13,I004,4,0.65,-0.654313,DIED,I004-p4-s0.650000,research/traces/lane3/disturb-T10-R13.csv
Lane 3 alm_check,T10 R13,I004,4,0.7,-0.710114,DIED,I004-p4-s0.700000,research/traces/lane3/disturb-T10-R13.csv
Lane 3 alm_check,T10 R13,I004,4,0.75,-0.762597,DIED,I004-p4-s0.750000,research/traces/lane3/disturb-T10-R13.csv
Lane 3 alm_check,T10 R13,I004,4,0.8,-0.808275,DIED,I004-p4-s0.800000,research/traces/lane3/disturb-T10-R13.csv
Lane 3 alm_check,T10 R13,I004,4,0.85,-0.855869,DIED,I004-p4-s0.850000,research/traces/lane3/disturb-T10-R13.csv
Lane 3 alm_check,T10 R13,I004,4,0.9,-0.900870,DIED,I004-p4-s0.900000,research/traces/lane3/disturb-T10-R13.csv
Lane 3 alm_check,T10 R13,I004,4,0.95,-0.959240,DIED,I004-p4-s0.950000,research/traces/lane3/disturb-T10-R13.csv
Lane 3 alm_check,T10 R13,I001,0,0.125,-0.125000,DIED,I001-p0-s0.125000,research/traces/lane3/disturb-T10-R13.csv
Lane 3 alm_check,T10 R13,I001,1,0.125,-0.125000,DIED,I001-p1-s0.125000,research/traces/lane3/disturb-T10-R13.csv
Lane 3 alm_check,T10 R13,I001,2,0.125,-0.125000,DIED,I001-p2-s0.125000,research/traces/lane3/disturb-T10-R13.csv
Lane 3 alm_check,T10 R13,I001,3,0.125,-0.125000,DIED,I001-p3-s0.125000,research/traces/lane3/disturb-T10-R13.csv
Lane 3 alm_check,T10 R13,I001,4,0.125,-0.125000,DIED,I001-p4-s0.125000,research/traces/lane3/disturb-T10-R13.csv
Lane 3 alm_check,T10 R13,I002,0,0.075,-0.053250,DIED,I002-p0-s0.075000,research/traces/lane3/disturb-T10-R13.csv
Lane 3 alm_check,T10 R13,I002,1,0.075,-0.038654,RECOVERED,I002-p1-s0.075000,research/traces/lane3/disturb-T10-R13.csv
Lane 3 alm_check,T10 R13,I002,2,0.075,-0.026420,RECOVERED,I002-p2-s0.075000,research/traces/lane3/disturb-T10-R13.csv
Lane 3 alm_check,T10 R13,I002,3,0.075,-0.039739,RECOVERED,I002-p3-s0.075000,research/traces/lane3/disturb-T10-R13.csv
Lane 3 alm_check,T10 R13,I002,4,0.075,-0.039693,RECOVERED,I002-p4-s0.075000,research/traces/lane3/disturb-T10-R13.csv
Lane 3 alm_check,T10 R13,I003,0,0.325,0.292062,DIED,I003-p0-s0.325000,research/traces/lane3/disturb-T10-R13.csv
Lane 3 alm_check,T10 R13,I003,1,0.325,0.293080,DIED,I003-p1-s0.325000,research/traces/lane3/disturb-T10-R13.csv
Lane 3 alm_check,T10 R13,I003,2,0.325,0.293237,DIED,I003-p2-s0.325000,research/traces/lane3/disturb-T10-R13.csv
Lane 3 alm_check,T10 R13,I003,3,0.325,0.292557,DIED,I003-p3-s0.325000,research/traces/lane3/disturb-T10-R13.csv
Lane 3 alm_check,T10 R13,I003,4,0.325,0.291945,DIED,I003-p4-s0.325000,research/traces/lane3/disturb-T10-R13.csv
Lane 3 alm_check,T10 R13,I004,0,0.075,-0.075476,RECOVERED,I004-p0-s0.075000,research/traces/lane3/disturb-T10-R13.csv
Lane 3 alm_check,T10 R13,I004,1,0.075,-0.077208,RECOVERED,I004-p1-s0.075000,research/traces/lane3/disturb-T10-R13.csv
Lane 3 alm_check,T10 R13,I004,2,0.075,-0.075861,RECOVERED,I004-p2-s0.075000,research/traces/lane3/disturb-T10-R13.csv
Lane 3 alm_check,T10 R13,I004,3,0.075,-0.076225,RECOVERED,I004-p3-s0.075000,research/traces/lane3/disturb-T10-R13.csv
Lane 3 alm_check,T10 R13,I004,4,0.075,-0.076368,RECOVERED,I004-p4-s0.075000,research/traces/lane3/disturb-T10-R13.csv
Lane 3 alm_check,T10 R13,I001,0,0.1125,-0.112500,DIED,I001-p0-s0.112500,research/traces/lane3/disturb-T10-R13.csv
Lane 3 alm_check,T10 R13,I001,1,0.1125,-0.112500,DIED,I001-p1-s0.112500,research/traces/lane3/disturb-T10-R13.csv
Lane 3 alm_check,T10 R13,I001,2,0.1125,-0.112500,DIED,I001-p2-s0.112500,research/traces/lane3/disturb-T10-R13.csv
Lane 3 alm_check,T10 R13,I001,3,0.1125,-0.112500,DIED,I001-p3-s0.112500,research/traces/lane3/disturb-T10-R13.csv
Lane 3 alm_check,T10 R13,I001,4,0.1125,-0.112500,DIED,I001-p4-s0.112500,research/traces/lane3/disturb-T10-R13.csv
Lane 3 alm_check,T10 R13,I002,0,0.0625,-0.053250,DIED,I002-p0-s0.062500,research/traces/lane3/disturb-T10-R13.csv
Lane 3 alm_check,T10 R13,I002,1,0.0875,-0.052243,DIED,I002-p1-s0.087500,research/traces/lane3/disturb-T10-R13.csv
Lane 3 alm_check,T10 R13,I002,2,0.0875,-0.053614,DIED,I002-p2-s0.087500,research/traces/lane3/disturb-T10-R13.csv
Lane 3 alm_check,T10 R13,I002,3,0.0875,-0.051763,DIED,I002-p3-s0.087500,research/traces/lane3/disturb-T10-R13.csv
Lane 3 alm_check,T10 R13,I002,4,0.0875,-0.053022,DIED,I002-p4-s0.087500,research/traces/lane3/disturb-T10-R13.csv
Lane 3 alm_check,T10 R13,I003,0,0.3125,0.280829,DIED,I003-p0-s0.312500,research/traces/lane3/disturb-T10-R13.csv
Lane 3 alm_check,T10 R13,I003,1,0.3125,0.281807,RECOVERED,I003-p1-s0.312500,research/traces/lane3/disturb-T10-R13.csv
Lane 3 alm_check,T10 R13,I003,2,0.3125,0.281959,DIED,I003-p2-s0.312500,research/traces/lane3/disturb-T10-R13.csv
Lane 3 alm_check,T10 R13,I003,3,0.3125,0.281305,RECOVERED,I003-p3-s0.312500,research/traces/lane3/disturb-T10-R13.csv
Lane 3 alm_check,T10 R13,I003,4,0.3125,0.280717,DIED,I003-p4-s0.312500,research/traces/lane3/disturb-T10-R13.csv
Lane 3 alm_check,T10 R13,I004,0,0.0875,-0.090486,DIED,I004-p0-s0.087500,research/traces/lane3/disturb-T10-R13.csv
Lane 3 alm_check,T10 R13,I004,1,0.0875,-0.089551,DIED,I004-p1-s0.087500,research/traces/lane3/disturb-T10-R13.csv
Lane 3 alm_check,T10 R13,I004,2,0.0875,-0.088153,DIED,I004-p2-s0.087500,research/traces/lane3/disturb-T10-R13.csv
Lane 3 alm_check,T10 R13,I004,3,0.0875,-0.087703,RECOVERED,I004-p3-s0.087500,research/traces/lane3/disturb-T10-R13.csv
Lane 3 alm_check,T10 R13,I004,4,0.0875,-0.089197,DIED,I004-p4-s0.087500,research/traces/lane3/disturb-T10-R13.csv
Lane 3 alm_check,T10 R13,I001,0,0.10625,-0.106250,DIED,I001-p0-s0.106250,research/traces/lane3/disturb-T10-R13.csv
Lane 3 alm_check,T10 R13,I001,1,0.10625,-0.106250,DIED,I001-p1-s0.106250,research/traces/lane3/disturb-T10-R13.csv
Lane 3 alm_check,T10 R13,I001,2,0.10625,-0.106250,DIED,I001-p2-s0.106250,research/traces/lane3/disturb-T10-R13.csv
Lane 3 alm_check,T10 R13,I001,3,0.10625,-0.106250,DIED,I001-p3-s0.106250,research/traces/lane3/disturb-T10-R13.csv
Lane 3 alm_check,T10 R13,I001,4,0.10625,-0.106250,DIED,I001-p4-s0.106250,research/traces/lane3/disturb-T10-R13.csv
Lane 3 alm_check,T10 R13,I002,0,0.05625,-0.026993,RECOVERED,I002-p0-s0.056250,research/traces/lane3/disturb-T10-R13.csv
Lane 3 alm_check,T10 R13,I002,1,0.08125,-0.038654,RECOVERED,I002-p1-s0.081250,research/traces/lane3/disturb-T10-R13.csv
Lane 3 alm_check,T10 R13,I002,2,0.08125,-0.040017,RECOVERED,I002-p2-s0.081250,research/traces/lane3/disturb-T10-R13.csv
Lane 3 alm_check,T10 R13,I002,3,0.08125,-0.039739,RECOVERED,I002-p3-s0.081250,research/traces/lane3/disturb-T10-R13.csv
Lane 3 alm_check,T10 R13,I002,4,0.08125,-0.053022,DIED,I002-p4-s0.081250,research/traces/lane3/disturb-T10-R13.csv
Lane 3 alm_check,T10 R13,I003,0,0.30625,0.275212,RECOVERED,I003-p0-s0.306250,research/traces/lane3/disturb-T10-R13.csv
Lane 3 alm_check,T10 R13,I003,1,0.31875,0.287444,DIED,I003-p1-s0.318750,research/traces/lane3/disturb-T10-R13.csv
Lane 3 alm_check,T10 R13,I003,2,0.30625,0.276320,RECOVERED,I003-p2-s0.306250,research/traces/lane3/disturb-T10-R13.csv
Lane 3 alm_check,T10 R13,I003,3,0.31875,0.286931,DIED,I003-p3-s0.318750,research/traces/lane3/disturb-T10-R13.csv
Lane 3 alm_check,T10 R13,I003,4,0.30625,0.275102,RECOVERED,I003-p4-s0.306250,research/traces/lane3/disturb-T10-R13.csv
Lane 3 alm_check,T10 R13,I004,0,0.08125,-0.081602,RECOVERED,I004-p0-s0.081250,research/traces/lane3/disturb-T10-R13.csv
Lane 3 alm_check,T10 R13,I004,1,0.08125,-0.083039,DIED,I004-p1-s0.081250,research/traces/lane3/disturb-T10-R13.csv
Lane 3 alm_check,T10 R13,I004,2,0.08125,-0.082358,RECOVERED,I004-p2-s0.081250,research/traces/lane3/disturb-T10-R13.csv
Lane 3 alm_check,T10 R13,I004,3,0.09375,-0.095564,DIED,I004-p3-s0.093750,research/traces/lane3/disturb-T10-R13.csv
Lane 3 alm_check,T10 R13,I004,4,0.08125,-0.081524,RECOVERED,I004-p4-s0.081250,research/traces/lane3/disturb-T10-R13.csv
Lane 3 alm_check,T10 R13,I001,0,0.103125,-0.103125,DIED,I001-p0-s0.103125,research/traces/lane3/disturb-T10-R13.csv
Lane 3 alm_check,T10 R13,I001,1,0.103125,-0.103125,DIED,I001-p1-s0.103125,research/traces/lane3/disturb-T10-R13.csv
Lane 3 alm_check,T10 R13,I001,2,0.103125,-0.103125,DIED,I001-p2-s0.103125,research/traces/lane3/disturb-T10-R13.csv
Lane 3 alm_check,T10 R13,I001,3,0.103125,-0.103125,DIED,I001-p3-s0.103125,research/traces/lane3/disturb-T10-R13.csv
Lane 3 alm_check,T10 R13,I001,4,0.103125,-0.103125,DIED,I001-p4-s0.103125,research/traces/lane3/disturb-T10-R13.csv
Lane 3 alm_check,T10 R13,I002,0,0.059375,-0.039708,RECOVERED,I002-p0-s0.059375,research/traces/lane3/disturb-T10-R13.csv
Lane 3 alm_check,T10 R13,I002,1,0.084375,-0.038654,RECOVERED,I002-p1-s0.084375,research/traces/lane3/disturb-T10-R13.csv
Lane 3 alm_check,T10 R13,I002,2,0.084375,-0.040017,RECOVERED,I002-p2-s0.084375,research/traces/lane3/disturb-T10-R13.csv
Lane 3 alm_check,T10 R13,I002,3,0.084375,-0.039739,RECOVERED,I002-p3-s0.084375,research/traces/lane3/disturb-T10-R13.csv
Lane 3 alm_check,T10 R13,I002,4,0.078125,-0.039693,RECOVERED,I002-p4-s0.078125,research/traces/lane3/disturb-T10-R13.csv
Lane 3 alm_check,T10 R13,I003,0,0.309375,0.278021,DIED,I003-p0-s0.309375,research/traces/lane3/disturb-T10-R13.csv
Lane 3 alm_check,T10 R13,I003,1,0.315625,0.284625,RECOVERED,I003-p1-s0.315625,research/traces/lane3/disturb-T10-R13.csv
Lane 3 alm_check,T10 R13,I003,2,0.309375,0.279139,RECOVERED,I003-p2-s0.309375,research/traces/lane3/disturb-T10-R13.csv
Lane 3 alm_check,T10 R13,I003,3,0.315625,0.284118,RECOVERED,I003-p3-s0.315625,research/traces/lane3/disturb-T10-R13.csv
Lane 3 alm_check,T10 R13,I003,4,0.309375,0.277910,RECOVERED,I003-p4-s0.309375,research/traces/lane3/disturb-T10-R13.csv
Lane 3 alm_check,T10 R13,I004,0,0.084375,-0.085850,DIED,I004-p0-s0.084375,research/traces/lane3/disturb-T10-R13.csv
Lane 3 alm_check,T10 R13,I004,1,0.078125,-0.078301,RECOVERED,I004-p1-s0.078125,research/traces/lane3/disturb-T10-R13.csv
Lane 3 alm_check,T10 R13,I004,2,0.084375,-0.084780,DIED,I004-p2-s0.084375,research/traces/lane3/disturb-T10-R13.csv
Lane 3 alm_check,T10 R13,I004,3,0.090625,-0.091490,DIED,I004-p3-s0.090625,research/traces/lane3/disturb-T10-R13.csv
Lane 3 alm_check,T10 R13,I004,4,0.084375,-0.085822,DIED,I004-p4-s0.084375,research/traces/lane3/disturb-T10-R13.csv
Lane 3 alm_check,T10 R13,I001,0,0.101562,-0.101562,DIED,I001-p0-s0.101562,research/traces/lane3/disturb-T10-R13.csv
Lane 3 alm_check,T10 R13,I001,1,0.101562,-0.101563,RECOVERED,I001-p1-s0.101562,research/traces/lane3/disturb-T10-R13.csv
Lane 3 alm_check,T10 R13,I001,2,0.101562,-0.101563,RECOVERED,I001-p2-s0.101562,research/traces/lane3/disturb-T10-R13.csv
Lane 3 alm_check,T10 R13,I001,3,0.101562,-0.101562,DIED,I001-p3-s0.101562,research/traces/lane3/disturb-T10-R13.csv
Lane 3 alm_check,T10 R13,I001,4,0.101562,-0.101563,DIED,I001-p4-s0.101562,research/traces/lane3/disturb-T10-R13.csv
Lane 3 alm_check,T10 R13,I002,0,0.0609375,-0.053250,DIED,I002-p0-s0.060937,research/traces/lane3/disturb-T10-R13.csv
Lane 3 alm_check,T10 R13,I002,1,0.0859375,-0.038654,RECOVERED,I002-p1-s0.085938,research/traces/lane3/disturb-T10-R13.csv
Lane 3 alm_check,T10 R13,I002,2,0.0859375,-0.053614,DIED,I002-p2-s0.085938,research/traces/lane3/disturb-T10-R13.csv
Lane 3 alm_check,T10 R13,I002,3,0.0859375,-0.039739,RECOVERED,I002-p3-s0.085938,research/traces/lane3/disturb-T10-R13.csv
Lane 3 alm_check,T10 R13,I002,4,0.0796875,-0.053022,DIED,I002-p4-s0.079687,research/traces/lane3/disturb-T10-R13.csv
Lane 3 alm_check,T10 R13,I003,0,0.307813,0.276617,RECOVERED,I003-p0-s0.307813,research/traces/lane3/disturb-T10-R13.csv
Lane 3 alm_check,T10 R13,I003,1,0.317187,0.286034,DIED,I003-p1-s0.317187,research/traces/lane3/disturb-T10-R13.csv
Lane 3 alm_check,T10 R13,I003,2,0.310937,0.280549,RECOVERED,I003-p2-s0.310937,research/traces/lane3/disturb-T10-R13.csv
Lane 3 alm_check,T10 R13,I003,3,0.317187,0.285525,DIED,I003-p3-s0.317187,research/traces/lane3/disturb-T10-R13.csv
Lane 3 alm_check,T10 R13,I003,4,0.310937,0.279313,DIED,I003-p4-s0.310937,research/traces/lane3/disturb-T10-R13.csv
Lane 3 alm_check,T10 R13,I004,0,0.0828125,-0.084016,DIED,I004-p0-s0.082812,research/traces/lane3/disturb-T10-R13.csv
Lane 3 alm_check,T10 R13,I004,1,0.0796875,-0.080289,DIED,I004-p1-s0.079687,research/traces/lane3/disturb-T10-R13.csv
Lane 3 alm_check,T10 R13,I004,2,0.0828125,-0.084780,DIED,I004-p2-s0.082812,research/traces/lane3/disturb-T10-R13.csv
Lane 3 alm_check,T10 R13,I004,3,0.0890625,-0.091490,DIED,I004-p3-s0.089063,research/traces/lane3/disturb-T10-R13.csv
Lane 3 alm_check,T10 R13,I004,4,0.0828125,-0.082854,DIED,I004-p4-s0.082812,research/traces/lane3/disturb-T10-R13.csv
Lane 3 alm_check,T10 R13,I001,0,0.100781,-0.100781,RECOVERED,I001-p0-s0.100781,research/traces/lane3/disturb-T10-R13.csv
Lane 3 alm_check,T10 R13,I001,1,0.102344,-0.102344,DIED,I001-p1-s0.102344,research/traces/lane3/disturb-T10-R13.csv
Lane 3 alm_check,T10 R13,I001,2,0.102344,-0.102344,RECOVERED,I001-p2-s0.102344,research/traces/lane3/disturb-T10-R13.csv
Lane 3 alm_check,T10 R13,I001,3,0.100781,-0.100781,DIED,I001-p3-s0.100781,research/traces/lane3/disturb-T10-R13.csv
Lane 3 alm_check,T10 R13,I001,4,0.100781,-0.100781,RECOVERED,I001-p4-s0.100781,research/traces/lane3/disturb-T10-R13.csv
Lane 3 alm_check,T10 R13,I002,0,0.0601562,-0.053250,DIED,I002-p0-s0.060156,research/traces/lane3/disturb-T10-R13.csv
Lane 3 alm_check,T10 R13,I002,1,0.0867188,-0.038654,RECOVERED,I002-p1-s0.086719,research/traces/lane3/disturb-T10-R13.csv
Lane 3 alm_check,T10 R13,I002,2,0.0851563,-0.053614,DIED,I002-p2-s0.085156,research/traces/lane3/disturb-T10-R13.csv
Lane 3 alm_check,T10 R13,I002,3,0.0867188,-0.051763,DIED,I002-p3-s0.086719,research/traces/lane3/disturb-T10-R13.csv
Lane 3 alm_check,T10 R13,I002,4,0.0789063,-0.053022,DIED,I002-p4-s0.078906,research/traces/lane3/disturb-T10-R13.csv
Lane 3 alm_check,T10 R13,I003,0,0.308594,0.277319,RECOVERED,I003-p0-s0.308594,research/traces/lane3/disturb-T10-R13.csv
Lane 3 alm_check,T10 R13,I003,1,0.316406,0.285330,RECOVERED,I003-p1-s0.316406,research/traces/lane3/disturb-T10-R13.csv
Lane 3 alm_check,T10 R13,I003,2,0.311719,0.281254,RECOVERED,I003-p2-s0.311719,research/traces/lane3/disturb-T10-R13.csv
Lane 3 alm_check,T10 R13,I003,3,0.316406,0.284821,DIED,I003-p3-s0.316406,research/traces/lane3/disturb-T10-R13.csv
Lane 3 alm_check,T10 R13,I003,4,0.310156,0.278611,RECOVERED,I003-p4-s0.310156,research/traces/lane3/disturb-T10-R13.csv
Lane 3 alm_check,T10 R13,I004,0,0.0820313,-0.084016,DIED,I004-p0-s0.082031,research/traces/lane3/disturb-T10-R13.csv
Lane 3 alm_check,T10 R13,I004,1,0.0789063,-0.079140,RECOVERED,I004-p1-s0.078906,research/traces/lane3/disturb-T10-R13.csv
Lane 3 alm_check,T10 R13,I004,2,0.0820313,-0.082358,RECOVERED,I004-p2-s0.082031,research/traces/lane3/disturb-T10-R13.csv
Lane 3 alm_check,T10 R13,I004,3,0.0882813,-0.088285,RECOVERED,I004-p3-s0.088281,research/traces/lane3/disturb-T10-R13.csv
Lane 3 alm_check,T10 R13,I004,4,0.0820313,-0.082854,DIED,I004-p4-s0.082031,research/traces/lane3/disturb-T10-R13.csv
Lane 3 alm_check,T10 R26,I001,0,0.0,0.000000,RECOVERED,I001-p0-s0.000000,research/traces/lane3/disturb-T10-R26.csv
Lane 3 alm_check,T10 R26,I001,0,0.05,-0.050000,RECOVERED,I001-p0-s0.050000,research/traces/lane3/disturb-T10-R26.csv
Lane 3 alm_check,T10 R26,I001,0,0.1,-0.100000,DIED,I001-p0-s0.100000,research/traces/lane3/disturb-T10-R26.csv
Lane 3 alm_check,T10 R26,I001,0,0.15,-0.150000,DIED,I001-p0-s0.150000,research/traces/lane3/disturb-T10-R26.csv
Lane 3 alm_check,T10 R26,I001,0,0.2,-0.200000,DIED,I001-p0-s0.200000,research/traces/lane3/disturb-T10-R26.csv
Lane 3 alm_check,T10 R26,I001,0,0.25,-0.250000,DIED,I001-p0-s0.250000,research/traces/lane3/disturb-T10-R26.csv
Lane 3 alm_check,T10 R26,I001,0,0.3,-0.300000,DIED,I001-p0-s0.300000,research/traces/lane3/disturb-T10-R26.csv
Lane 3 alm_check,T10 R26,I001,0,0.35,-0.350000,DIED,I001-p0-s0.350000,research/traces/lane3/disturb-T10-R26.csv
Lane 3 alm_check,T10 R26,I001,0,0.4,-0.400000,DIED,I001-p0-s0.400000,research/traces/lane3/disturb-T10-R26.csv
Lane 3 alm_check,T10 R26,I001,0,0.45,-0.450000,DIED,I001-p0-s0.450000,research/traces/lane3/disturb-T10-R26.csv
Lane 3 alm_check,T10 R26,I001,0,0.5,-0.500000,DIED,I001-p0-s0.500000,research/traces/lane3/disturb-T10-R26.csv
Lane 3 alm_check,T10 R26,I001,0,0.55,-0.550000,DIED,I001-p0-s0.550000,research/traces/lane3/disturb-T10-R26.csv
Lane 3 alm_check,T10 R26,I001,0,0.6,-0.600000,DIED,I001-p0-s0.600000,research/traces/lane3/disturb-T10-R26.csv
Lane 3 alm_check,T10 R26,I001,0,0.65,-0.650000,DIED,I001-p0-s0.650000,research/traces/lane3/disturb-T10-R26.csv
Lane 3 alm_check,T10 R26,I001,0,0.7,-0.700000,DIED,I001-p0-s0.700000,research/traces/lane3/disturb-T10-R26.csv
Lane 3 alm_check,T10 R26,I001,0,0.75,-0.750000,DIED,I001-p0-s0.750000,research/traces/lane3/disturb-T10-R26.csv
Lane 3 alm_check,T10 R26,I001,0,0.8,-0.800000,DIED,I001-p0-s0.800000,research/traces/lane3/disturb-T10-R26.csv
Lane 3 alm_check,T10 R26,I001,0,0.85,-0.850000,DIED,I001-p0-s0.850000,research/traces/lane3/disturb-T10-R26.csv
Lane 3 alm_check,T10 R26,I001,0,0.9,-0.900000,DIED,I001-p0-s0.900000,research/traces/lane3/disturb-T10-R26.csv
Lane 3 alm_check,T10 R26,I001,0,0.95,-0.950000,DIED,I001-p0-s0.950000,research/traces/lane3/disturb-T10-R26.csv
Lane 3 alm_check,T10 R26,I001,1,0.0,0.000000,RECOVERED,I001-p1-s0.000000,research/traces/lane3/disturb-T10-R26.csv
Lane 3 alm_check,T10 R26,I001,1,0.05,-0.050000,RECOVERED,I001-p1-s0.050000,research/traces/lane3/disturb-T10-R26.csv
Lane 3 alm_check,T10 R26,I001,1,0.1,-0.100000,DIED,I001-p1-s0.100000,research/traces/lane3/disturb-T10-R26.csv
Lane 3 alm_check,T10 R26,I001,1,0.15,-0.150000,DIED,I001-p1-s0.150000,research/traces/lane3/disturb-T10-R26.csv
Lane 3 alm_check,T10 R26,I001,1,0.2,-0.200000,DIED,I001-p1-s0.200000,research/traces/lane3/disturb-T10-R26.csv
Lane 3 alm_check,T10 R26,I001,1,0.25,-0.250000,DIED,I001-p1-s0.250000,research/traces/lane3/disturb-T10-R26.csv
Lane 3 alm_check,T10 R26,I001,1,0.3,-0.300000,DIED,I001-p1-s0.300000,research/traces/lane3/disturb-T10-R26.csv
Lane 3 alm_check,T10 R26,I001,1,0.35,-0.350000,DIED,I001-p1-s0.350000,research/traces/lane3/disturb-T10-R26.csv
Lane 3 alm_check,T10 R26,I001,1,0.4,-0.400000,DIED,I001-p1-s0.400000,research/traces/lane3/disturb-T10-R26.csv
Lane 3 alm_check,T10 R26,I001,1,0.45,-0.450000,DIED,I001-p1-s0.450000,research/traces/lane3/disturb-T10-R26.csv
Lane 3 alm_check,T10 R26,I001,1,0.5,-0.500000,DIED,I001-p1-s0.500000,research/traces/lane3/disturb-T10-R26.csv
Lane 3 alm_check,T10 R26,I001,1,0.55,-0.550000,DIED,I001-p1-s0.550000,research/traces/lane3/disturb-T10-R26.csv
Lane 3 alm_check,T10 R26,I001,1,0.6,-0.600000,DIED,I001-p1-s0.600000,research/traces/lane3/disturb-T10-R26.csv
Lane 3 alm_check,T10 R26,I001,1,0.65,-0.650000,DIED,I001-p1-s0.650000,research/traces/lane3/disturb-T10-R26.csv
Lane 3 alm_check,T10 R26,I001,1,0.7,-0.700000,DIED,I001-p1-s0.700000,research/traces/lane3/disturb-T10-R26.csv
Lane 3 alm_check,T10 R26,I001,1,0.75,-0.750000,DIED,I001-p1-s0.750000,research/traces/lane3/disturb-T10-R26.csv
Lane 3 alm_check,T10 R26,I001,1,0.8,-0.800000,DIED,I001-p1-s0.800000,research/traces/lane3/disturb-T10-R26.csv
Lane 3 alm_check,T10 R26,I001,1,0.85,-0.850000,DIED,I001-p1-s0.850000,research/traces/lane3/disturb-T10-R26.csv
Lane 3 alm_check,T10 R26,I001,1,0.9,-0.900000,DIED,I001-p1-s0.900000,research/traces/lane3/disturb-T10-R26.csv
Lane 3 alm_check,T10 R26,I001,1,0.95,-0.950000,DIED,I001-p1-s0.950000,research/traces/lane3/disturb-T10-R26.csv
Lane 3 alm_check,T10 R26,I001,2,0.0,0.000000,RECOVERED,I001-p2-s0.000000,research/traces/lane3/disturb-T10-R26.csv
Lane 3 alm_check,T10 R26,I001,2,0.05,-0.050000,RECOVERED,I001-p2-s0.050000,research/traces/lane3/disturb-T10-R26.csv
Lane 3 alm_check,T10 R26,I001,2,0.1,-0.100000,DIED,I001-p2-s0.100000,research/traces/lane3/disturb-T10-R26.csv
Lane 3 alm_check,T10 R26,I001,2,0.15,-0.150000,DIED,I001-p2-s0.150000,research/traces/lane3/disturb-T10-R26.csv
Lane 3 alm_check,T10 R26,I001,2,0.2,-0.200000,DIED,I001-p2-s0.200000,research/traces/lane3/disturb-T10-R26.csv
Lane 3 alm_check,T10 R26,I001,2,0.25,-0.250000,DIED,I001-p2-s0.250000,research/traces/lane3/disturb-T10-R26.csv
Lane 3 alm_check,T10 R26,I001,2,0.3,-0.300000,DIED,I001-p2-s0.300000,research/traces/lane3/disturb-T10-R26.csv
Lane 3 alm_check,T10 R26,I001,2,0.35,-0.350000,DIED,I001-p2-s0.350000,research/traces/lane3/disturb-T10-R26.csv
Lane 3 alm_check,T10 R26,I001,2,0.4,-0.400000,DIED,I001-p2-s0.400000,research/traces/lane3/disturb-T10-R26.csv
Lane 3 alm_check,T10 R26,I001,2,0.45,-0.450000,DIED,I001-p2-s0.450000,research/traces/lane3/disturb-T10-R26.csv
Lane 3 alm_check,T10 R26,I001,2,0.5,-0.500000,DIED,I001-p2-s0.500000,research/traces/lane3/disturb-T10-R26.csv
Lane 3 alm_check,T10 R26,I001,2,0.55,-0.550000,DIED,I001-p2-s0.550000,research/traces/lane3/disturb-T10-R26.csv
Lane 3 alm_check,T10 R26,I001,2,0.6,-0.600000,DIED,I001-p2-s0.600000,research/traces/lane3/disturb-T10-R26.csv
Lane 3 alm_check,T10 R26,I001,2,0.65,-0.650000,DIED,I001-p2-s0.650000,research/traces/lane3/disturb-T10-R26.csv
Lane 3 alm_check,T10 R26,I001,2,0.7,-0.700000,DIED,I001-p2-s0.700000,research/traces/lane3/disturb-T10-R26.csv
Lane 3 alm_check,T10 R26,I001,2,0.75,-0.750000,DIED,I001-p2-s0.750000,research/traces/lane3/disturb-T10-R26.csv
Lane 3 alm_check,T10 R26,I001,2,0.8,-0.800000,DIED,I001-p2-s0.800000,research/traces/lane3/disturb-T10-R26.csv
Lane 3 alm_check,T10 R26,I001,2,0.85,-0.850000,DIED,I001-p2-s0.850000,research/traces/lane3/disturb-T10-R26.csv
Lane 3 alm_check,T10 R26,I001,2,0.9,-0.900000,DIED,I001-p2-s0.900000,research/traces/lane3/disturb-T10-R26.csv
Lane 3 alm_check,T10 R26,I001,2,0.95,-0.950000,DIED,I001-p2-s0.950000,research/traces/lane3/disturb-T10-R26.csv
Lane 3 alm_check,T10 R26,I001,3,0.0,0.000000,RECOVERED,I001-p3-s0.000000,research/traces/lane3/disturb-T10-R26.csv
Lane 3 alm_check,T10 R26,I001,3,0.05,-0.050000,RECOVERED,I001-p3-s0.050000,research/traces/lane3/disturb-T10-R26.csv
Lane 3 alm_check,T10 R26,I001,3,0.1,-0.100000,DIED,I001-p3-s0.100000,research/traces/lane3/disturb-T10-R26.csv
Lane 3 alm_check,T10 R26,I001,3,0.15,-0.150000,DIED,I001-p3-s0.150000,research/traces/lane3/disturb-T10-R26.csv
Lane 3 alm_check,T10 R26,I001,3,0.2,-0.200000,DIED,I001-p3-s0.200000,research/traces/lane3/disturb-T10-R26.csv
Lane 3 alm_check,T10 R26,I001,3,0.25,-0.250000,DIED,I001-p3-s0.250000,research/traces/lane3/disturb-T10-R26.csv
Lane 3 alm_check,T10 R26,I001,3,0.3,-0.300000,DIED,I001-p3-s0.300000,research/traces/lane3/disturb-T10-R26.csv
Lane 3 alm_check,T10 R26,I001,3,0.35,-0.350000,DIED,I001-p3-s0.350000,research/traces/lane3/disturb-T10-R26.csv
Lane 3 alm_check,T10 R26,I001,3,0.4,-0.400000,DIED,I001-p3-s0.400000,research/traces/lane3/disturb-T10-R26.csv
Lane 3 alm_check,T10 R26,I001,3,0.45,-0.450000,DIED,I001-p3-s0.450000,research/traces/lane3/disturb-T10-R26.csv
Lane 3 alm_check,T10 R26,I001,3,0.5,-0.500000,DIED,I001-p3-s0.500000,research/traces/lane3/disturb-T10-R26.csv
Lane 3 alm_check,T10 R26,I001,3,0.55,-0.550000,DIED,I001-p3-s0.550000,research/traces/lane3/disturb-T10-R26.csv
Lane 3 alm_check,T10 R26,I001,3,0.6,-0.600000,DIED,I001-p3-s0.600000,research/traces/lane3/disturb-T10-R26.csv
Lane 3 alm_check,T10 R26,I001,3,0.65,-0.650000,DIED,I001-p3-s0.650000,research/traces/lane3/disturb-T10-R26.csv
Lane 3 alm_check,T10 R26,I001,3,0.7,-0.700000,DIED,I001-p3-s0.700000,research/traces/lane3/disturb-T10-R26.csv
Lane 3 alm_check,T10 R26,I001,3,0.75,-0.750000,DIED,I001-p3-s0.750000,research/traces/lane3/disturb-T10-R26.csv
Lane 3 alm_check,T10 R26,I001,3,0.8,-0.800000,DIED,I001-p3-s0.800000,research/traces/lane3/disturb-T10-R26.csv
Lane 3 alm_check,T10 R26,I001,3,0.85,-0.850000,DIED,I001-p3-s0.850000,research/traces/lane3/disturb-T10-R26.csv
Lane 3 alm_check,T10 R26,I001,3,0.9,-0.900000,DIED,I001-p3-s0.900000,research/traces/lane3/disturb-T10-R26.csv
Lane 3 alm_check,T10 R26,I001,3,0.95,-0.950000,DIED,I001-p3-s0.950000,research/traces/lane3/disturb-T10-R26.csv
Lane 3 alm_check,T10 R26,I001,4,0.0,0.000000,RECOVERED,I001-p4-s0.000000,research/traces/lane3/disturb-T10-R26.csv
Lane 3 alm_check,T10 R26,I001,4,0.05,-0.050000,RECOVERED,I001-p4-s0.050000,research/traces/lane3/disturb-T10-R26.csv
Lane 3 alm_check,T10 R26,I001,4,0.1,-0.100000,DIED,I001-p4-s0.100000,research/traces/lane3/disturb-T10-R26.csv
Lane 3 alm_check,T10 R26,I001,4,0.15,-0.150000,DIED,I001-p4-s0.150000,research/traces/lane3/disturb-T10-R26.csv
Lane 3 alm_check,T10 R26,I001,4,0.2,-0.200000,DIED,I001-p4-s0.200000,research/traces/lane3/disturb-T10-R26.csv
Lane 3 alm_check,T10 R26,I001,4,0.25,-0.250000,DIED,I001-p4-s0.250000,research/traces/lane3/disturb-T10-R26.csv
Lane 3 alm_check,T10 R26,I001,4,0.3,-0.300000,DIED,I001-p4-s0.300000,research/traces/lane3/disturb-T10-R26.csv
Lane 3 alm_check,T10 R26,I001,4,0.35,-0.350000,DIED,I001-p4-s0.350000,research/traces/lane3/disturb-T10-R26.csv
Lane 3 alm_check,T10 R26,I001,4,0.4,-0.400000,DIED,I001-p4-s0.400000,research/traces/lane3/disturb-T10-R26.csv
Lane 3 alm_check,T10 R26,I001,4,0.45,-0.450000,DIED,I001-p4-s0.450000,research/traces/lane3/disturb-T10-R26.csv
Lane 3 alm_check,T10 R26,I001,4,0.5,-0.500000,DIED,I001-p4-s0.500000,research/traces/lane3/disturb-T10-R26.csv
Lane 3 alm_check,T10 R26,I001,4,0.55,-0.550000,DIED,I001-p4-s0.550000,research/traces/lane3/disturb-T10-R26.csv
Lane 3 alm_check,T10 R26,I001,4,0.6,-0.600000,DIED,I001-p4-s0.600000,research/traces/lane3/disturb-T10-R26.csv
Lane 3 alm_check,T10 R26,I001,4,0.65,-0.650000,DIED,I001-p4-s0.650000,research/traces/lane3/disturb-T10-R26.csv
Lane 3 alm_check,T10 R26,I001,4,0.7,-0.700000,DIED,I001-p4-s0.700000,research/traces/lane3/disturb-T10-R26.csv
Lane 3 alm_check,T10 R26,I001,4,0.75,-0.750000,DIED,I001-p4-s0.750000,research/traces/lane3/disturb-T10-R26.csv
Lane 3 alm_check,T10 R26,I001,4,0.8,-0.800000,DIED,I001-p4-s0.800000,research/traces/lane3/disturb-T10-R26.csv
Lane 3 alm_check,T10 R26,I001,4,0.85,-0.850000,DIED,I001-p4-s0.850000,research/traces/lane3/disturb-T10-R26.csv
Lane 3 alm_check,T10 R26,I001,4,0.9,-0.900000,DIED,I001-p4-s0.900000,research/traces/lane3/disturb-T10-R26.csv
Lane 3 alm_check,T10 R26,I001,4,0.95,-0.950000,DIED,I001-p4-s0.950000,research/traces/lane3/disturb-T10-R26.csv
Lane 3 alm_check,T10 R26,I002,0,0.0,0.000000,RECOVERED,I002-p0-s0.000000,research/traces/lane3/disturb-T10-R26.csv
Lane 3 alm_check,T10 R26,I002,0,0.05,-0.020073,RECOVERED,I002-p0-s0.050000,research/traces/lane3/disturb-T10-R26.csv
Lane 3 alm_check,T10 R26,I002,0,0.1,-0.069073,DIED,I002-p0-s0.100000,research/traces/lane3/disturb-T10-R26.csv
Lane 3 alm_check,T10 R26,I002,0,0.15,-0.147275,DIED,I002-p0-s0.150000,research/traces/lane3/disturb-T10-R26.csv
Lane 3 alm_check,T10 R26,I002,0,0.2,-0.264924,DIED,I002-p0-s0.200000,research/traces/lane3/disturb-T10-R26.csv
Lane 3 alm_check,T10 R26,I002,0,0.25,-0.361569,DIED,I002-p0-s0.250000,research/traces/lane3/disturb-T10-R26.csv
Lane 3 alm_check,T10 R26,I002,0,0.3,-0.434618,DIED,I002-p0-s0.300000,research/traces/lane3/disturb-T10-R26.csv
Lane 3 alm_check,T10 R26,I002,0,0.35,-0.501074,DIED,I002-p0-s0.350000,research/traces/lane3/disturb-T10-R26.csv
Lane 3 alm_check,T10 R26,I002,0,0.4,-0.556796,DIED,I002-p0-s0.400000,research/traces/lane3/disturb-T10-R26.csv
Lane 3 alm_check,T10 R26,I002,0,0.45,-0.603477,DIED,I002-p0-s0.450000,research/traces/lane3/disturb-T10-R26.csv
Lane 3 alm_check,T10 R26,I002,0,0.5,-0.647191,DIED,I002-p0-s0.500000,research/traces/lane3/disturb-T10-R26.csv
Lane 3 alm_check,T10 R26,I002,0,0.55,-0.699805,DIED,I002-p0-s0.550000,research/traces/lane3/disturb-T10-R26.csv
Lane 3 alm_check,T10 R26,I002,0,0.6,-0.764626,DIED,I002-p0-s0.600000,research/traces/lane3/disturb-T10-R26.csv
Lane 3 alm_check,T10 R26,I002,0,0.65,-0.863998,DIED,I002-p0-s0.650000,research/traces/lane3/disturb-T10-R26.csv
Lane 3 alm_check,T10 R26,I002,0,0.7,-0.941087,DIED,I002-p0-s0.700000,research/traces/lane3/disturb-T10-R26.csv
Lane 3 alm_check,T10 R26,I002,0,0.75,-0.976340,DIED,I002-p0-s0.750000,research/traces/lane3/disturb-T10-R26.csv
Lane 3 alm_check,T10 R26,I002,0,0.8,-0.990299,DIED,I002-p0-s0.800000,research/traces/lane3/disturb-T10-R26.csv
Lane 3 alm_check,T10 R26,I002,0,0.85,-0.997957,DIED,I002-p0-s0.850000,research/traces/lane3/disturb-T10-R26.csv
Lane 3 alm_check,T10 R26,I002,0,0.9,-0.999842,DIED,I002-p0-s0.900000,research/traces/lane3/disturb-T10-R26.csv
Lane 3 alm_check,T10 R26,I002,0,0.95,-1.000000,DIED,I002-p0-s0.950000,research/traces/lane3/disturb-T10-R26.csv
Lane 3 alm_check,T10 R26,I002,0,1.0,-1.000000,DIED,I002-p0-s1.000000,research/traces/lane3/disturb-T10-R26.csv
Lane 3 alm_check,T10 R26,I002,1,0.0,0.000000,RECOVERED,I002-p1-s0.000000,research/traces/lane3/disturb-T10-R26.csv
Lane 3 alm_check,T10 R26,I002,1,0.05,-0.019999,RECOVERED,I002-p1-s0.050000,research/traces/lane3/disturb-T10-R26.csv
Lane 3 alm_check,T10 R26,I002,1,0.1,-0.072158,DIED,I002-p1-s0.100000,research/traces/lane3/disturb-T10-R26.csv
Lane 3 alm_check,T10 R26,I002,1,0.15,-0.147845,DIED,I002-p1-s0.150000,research/traces/lane3/disturb-T10-R26.csv
Lane 3 alm_check,T10 R26,I002,1,0.2,-0.254988,DIED,I002-p1-s0.200000,research/traces/lane3/disturb-T10-R26.csv
Lane 3 alm_check,T10 R26,I002,1,0.25,-0.358968,DIED,I002-p1-s0.250000,research/traces/lane3/disturb-T10-R26.csv
Lane 3 alm_check,T10 R26,I002,1,0.3,-0.433614,DIED,I002-p1-s0.300000,research/traces/lane3/disturb-T10-R26.csv
Lane 3 alm_check,T10 R26,I002,1,0.35,-0.503187,DIED,I002-p1-s0.350000,research/traces/lane3/disturb-T10-R26.csv
Lane 3 alm_check,T10 R26,I002,1,0.4,-0.559467,DIED,I002-p1-s0.400000,research/traces/lane3/disturb-T10-R26.csv
Lane 3 alm_check,T10 R26,I002,1,0.45,-0.600893,DIED,I002-p1-s0.450000,research/traces/lane3/disturb-T10-R26.csv
Lane 3 alm_check,T10 R26,I002,1,0.5,-0.646554,DIED,I002-p1-s0.500000,research/traces/lane3/disturb-T10-R26.csv
Lane 3 alm_check,T10 R26,I002,1,0.55,-0.698900,DIED,I002-p1-s0.550000,research/traces/lane3/disturb-T10-R26.csv
Lane 3 alm_check,T10 R26,I002,1,0.6,-0.764950,DIED,I002-p1-s0.600000,research/traces/lane3/disturb-T10-R26.csv
Lane 3 alm_check,T10 R26,I002,1,0.65,-0.873174,DIED,I002-p1-s0.650000,research/traces/lane3/disturb-T10-R26.csv
Lane 3 alm_check,T10 R26,I002,1,0.7,-0.943585,DIED,I002-p1-s0.700000,research/traces/lane3/disturb-T10-R26.csv
Lane 3 alm_check,T10 R26,I002,1,0.75,-0.977221,DIED,I002-p1-s0.750000,research/traces/lane3/disturb-T10-R26.csv
Lane 3 alm_check,T10 R26,I002,1,0.8,-0.992205,DIED,I002-p1-s0.800000,research/traces/lane3/disturb-T10-R26.csv
Lane 3 alm_check,T10 R26,I002,1,0.85,-0.997427,DIED,I002-p1-s0.850000,research/traces/lane3/disturb-T10-R26.csv
Lane 3 alm_check,T10 R26,I002,1,0.9,-0.999417,DIED,I002-p1-s0.900000,research/traces/lane3/disturb-T10-R26.csv
Lane 3 alm_check,T10 R26,I002,1,0.95,-1.000000,DIED,I002-p1-s0.950000,research/traces/lane3/disturb-T10-R26.csv
Lane 3 alm_check,T10 R26,I002,1,1.0,-1.000000,DIED,I002-p1-s1.000000,research/traces/lane3/disturb-T10-R26.csv
Lane 3 alm_check,T10 R26,I002,2,0.0,0.000000,RECOVERED,I002-p2-s0.000000,research/traces/lane3/disturb-T10-R26.csv
Lane 3 alm_check,T10 R26,I002,2,0.05,-0.020134,RECOVERED,I002-p2-s0.050000,research/traces/lane3/disturb-T10-R26.csv
Lane 3 alm_check,T10 R26,I002,2,0.1,-0.069186,DIED,I002-p2-s0.100000,research/traces/lane3/disturb-T10-R26.csv
Lane 3 alm_check,T10 R26,I002,2,0.15,-0.149986,DIED,I002-p2-s0.150000,research/traces/lane3/disturb-T10-R26.csv
Lane 3 alm_check,T10 R26,I002,2,0.2,-0.262637,DIED,I002-p2-s0.200000,research/traces/lane3/disturb-T10-R26.csv
Lane 3 alm_check,T10 R26,I002,2,0.25,-0.364960,DIED,I002-p2-s0.250000,research/traces/lane3/disturb-T10-R26.csv
Lane 3 alm_check,T10 R26,I002,2,0.3,-0.433276,DIED,I002-p2-s0.300000,research/traces/lane3/disturb-T10-R26.csv
Lane 3 alm_check,T10 R26,I002,2,0.35,-0.501335,DIED,I002-p2-s0.350000,research/traces/lane3/disturb-T10-R26.csv
Lane 3 alm_check,T10 R26,I002,2,0.4,-0.557801,DIED,I002-p2-s0.400000,research/traces/lane3/disturb-T10-R26.csv
Lane 3 alm_check,T10 R26,I002,2,0.45,-0.602528,DIED,I002-p2-s0.450000,research/traces/lane3/disturb-T10-R26.csv
Lane 3 alm_check,T10 R26,I002,2,0.5,-0.650507,DIED,I002-p2-s0.500000,research/traces/lane3/disturb-T10-R26.csv
Lane 3 alm_check,T10 R26,I002,2,0.55,-0.699412,DIED,I002-p2-s0.550000,research/traces/lane3/disturb-T10-R26.csv
Lane 3 alm_check,T10 R26,I002,2,0.6,-0.768562,DIED,I002-p2-s0.600000,research/traces/lane3/disturb-T10-R26.csv
Lane 3 alm_check,T10 R26,I002,2,0.65,-0.870082,DIED,I002-p2-s0.650000,research/traces/lane3/disturb-T10-R26.csv
Lane 3 alm_check,T10 R26,I002,2,0.7,-0.945264,DIED,I002-p2-s0.700000,research/traces/lane3/disturb-T10-R26.csv
Lane 3 alm_check,T10 R26,I002,2,0.75,-0.977359,DIED,I002-p2-s0.750000,research/traces/lane3/disturb-T10-R26.csv
Lane 3 alm_check,T10 R26,I002,2,0.8,-0.989918,DIED,I002-p2-s0.800000,research/traces/lane3/disturb-T10-R26.csv
Lane 3 alm_check,T10 R26,I002,2,0.85,-0.997173,DIED,I002-p2-s0.850000,research/traces/lane3/disturb-T10-R26.csv
Lane 3 alm_check,T10 R26,I002,2,0.9,-0.999667,DIED,I002-p2-s0.900000,research/traces/lane3/disturb-T10-R26.csv
Lane 3 alm_check,T10 R26,I002,2,0.95,-1.000000,DIED,I002-p2-s0.950000,research/traces/lane3/disturb-T10-R26.csv
Lane 3 alm_check,T10 R26,I002,2,1.0,-1.000000,DIED,I002-p2-s1.000000,research/traces/lane3/disturb-T10-R26.csv
Lane 3 alm_check,T10 R26,I002,3,0.0,0.000000,RECOVERED,I002-p3-s0.000000,research/traces/lane3/disturb-T10-R26.csv
Lane 3 alm_check,T10 R26,I002,3,0.05,-0.013298,RECOVERED,I002-p3-s0.050000,research/traces/lane3/disturb-T10-R26.csv
Lane 3 alm_check,T10 R26,I002,3,0.1,-0.065903,DIED,I002-p3-s0.100000,research/traces/lane3/disturb-T10-R26.csv
Lane 3 alm_check,T10 R26,I002,3,0.15,-0.156749,DIED,I002-p3-s0.150000,research/traces/lane3/disturb-T10-R26.csv
Lane 3 alm_check,T10 R26,I002,3,0.2,-0.257465,DIED,I002-p3-s0.200000,research/traces/lane3/disturb-T10-R26.csv
Lane 3 alm_check,T10 R26,I002,3,0.25,-0.356186,DIED,I002-p3-s0.250000,research/traces/lane3/disturb-T10-R26.csv
Lane 3 alm_check,T10 R26,I002,3,0.3,-0.439730,DIED,I002-p3-s0.300000,research/traces/lane3/disturb-T10-R26.csv
Lane 3 alm_check,T10 R26,I002,3,0.35,-0.506060,DIED,I002-p3-s0.350000,research/traces/lane3/disturb-T10-R26.csv
Lane 3 alm_check,T10 R26,I002,3,0.4,-0.558567,DIED,I002-p3-s0.400000,research/traces/lane3/disturb-T10-R26.csv
Lane 3 alm_check,T10 R26,I002,3,0.45,-0.604083,DIED,I002-p3-s0.450000,research/traces/lane3/disturb-T10-R26.csv
Lane 3 alm_check,T10 R26,I002,3,0.5,-0.651849,DIED,I002-p3-s0.500000,research/traces/lane3/disturb-T10-R26.csv
Lane 3 alm_check,T10 R26,I002,3,0.55,-0.694530,DIED,I002-p3-s0.550000,research/traces/lane3/disturb-T10-R26.csv
Lane 3 alm_check,T10 R26,I002,3,0.6,-0.764034,DIED,I002-p3-s0.600000,research/traces/lane3/disturb-T10-R26.csv
Lane 3 alm_check,T10 R26,I002,3,0.65,-0.868140,DIED,I002-p3-s0.650000,research/traces/lane3/disturb-T10-R26.csv
Lane 3 alm_check,T10 R26,I002,3,0.7,-0.939820,DIED,I002-p3-s0.700000,research/traces/lane3/disturb-T10-R26.csv
Lane 3 alm_check,T10 R26,I002,3,0.75,-0.976108,DIED,I002-p3-s0.750000,research/traces/lane3/disturb-T10-R26.csv
Lane 3 alm_check,T10 R26,I002,3,0.8,-0.993135,DIED,I002-p3-s0.800000,research/traces/lane3/disturb-T10-R26.csv
Lane 3 alm_check,T10 R26,I002,3,0.85,-0.997922,DIED,I002-p3-s0.850000,research/traces/lane3/disturb-T10-R26.csv
Lane 3 alm_check,T10 R26,I002,3,0.9,-0.999648,DIED,I002-p3-s0.900000,research/traces/lane3/disturb-T10-R26.csv
Lane 3 alm_check,T10 R26,I002,3,0.95,-1.000000,DIED,I002-p3-s0.950000,research/traces/lane3/disturb-T10-R26.csv
Lane 3 alm_check,T10 R26,I002,3,1.0,-1.000000,DIED,I002-p3-s1.000000,research/traces/lane3/disturb-T10-R26.csv
Lane 3 alm_check,T10 R26,I002,4,0.0,0.000000,RECOVERED,I002-p4-s0.000000,research/traces/lane3/disturb-T10-R26.csv
Lane 3 alm_check,T10 R26,I002,4,0.05,-0.016832,RECOVERED,I002-p4-s0.050000,research/traces/lane3/disturb-T10-R26.csv
Lane 3 alm_check,T10 R26,I002,4,0.1,-0.065818,DIED,I002-p4-s0.100000,research/traces/lane3/disturb-T10-R26.csv
Lane 3 alm_check,T10 R26,I002,4,0.15,-0.153100,DIED,I002-p4-s0.150000,research/traces/lane3/disturb-T10-R26.csv
Lane 3 alm_check,T10 R26,I002,4,0.2,-0.255904,DIED,I002-p4-s0.200000,research/traces/lane3/disturb-T10-R26.csv
Lane 3 alm_check,T10 R26,I002,4,0.25,-0.353976,DIED,I002-p4-s0.250000,research/traces/lane3/disturb-T10-R26.csv
Lane 3 alm_check,T10 R26,I002,4,0.3,-0.440842,DIED,I002-p4-s0.300000,research/traces/lane3/disturb-T10-R26.csv
Lane 3 alm_check,T10 R26,I002,4,0.35,-0.504070,DIED,I002-p4-s0.350000,research/traces/lane3/disturb-T10-R26.csv
Lane 3 alm_check,T10 R26,I002,4,0.4,-0.551828,DIED,I002-p4-s0.400000,research/traces/lane3/disturb-T10-R26.csv
Lane 3 alm_check,T10 R26,I002,4,0.45,-0.603288,DIED,I002-p4-s0.450000,research/traces/lane3/disturb-T10-R26.csv
Lane 3 alm_check,T10 R26,I002,4,0.5,-0.648408,DIED,I002-p4-s0.500000,research/traces/lane3/disturb-T10-R26.csv
Lane 3 alm_check,T10 R26,I002,4,0.55,-0.695834,DIED,I002-p4-s0.550000,research/traces/lane3/disturb-T10-R26.csv
Lane 3 alm_check,T10 R26,I002,4,0.6,-0.766103,DIED,I002-p4-s0.600000,research/traces/lane3/disturb-T10-R26.csv
Lane 3 alm_check,T10 R26,I002,4,0.65,-0.872969,DIED,I002-p4-s0.650000,research/traces/lane3/disturb-T10-R26.csv
Lane 3 alm_check,T10 R26,I002,4,0.7,-0.944611,DIED,I002-p4-s0.700000,research/traces/lane3/disturb-T10-R26.csv
Lane 3 alm_check,T10 R26,I002,4,0.75,-0.978417,DIED,I002-p4-s0.750000,research/traces/lane3/disturb-T10-R26.csv
Lane 3 alm_check,T10 R26,I002,4,0.8,-0.991005,DIED,I002-p4-s0.800000,research/traces/lane3/disturb-T10-R26.csv
Lane 3 alm_check,T10 R26,I002,4,0.85,-0.997358,DIED,I002-p4-s0.850000,research/traces/lane3/disturb-T10-R26.csv
Lane 3 alm_check,T10 R26,I002,4,0.9,-0.999740,DIED,I002-p4-s0.900000,research/traces/lane3/disturb-T10-R26.csv
Lane 3 alm_check,T10 R26,I002,4,0.95,-1.000000,DIED,I002-p4-s0.950000,research/traces/lane3/disturb-T10-R26.csv
Lane 3 alm_check,T10 R26,I002,4,1.0,-1.000000,DIED,I002-p4-s1.000000,research/traces/lane3/disturb-T10-R26.csv
Lane 3 alm_check,T10 R26,I003,0,0.0,0.000000,RECOVERED,I003-p0-s0.000000,research/traces/lane3/disturb-T10-R26.csv
Lane 3 alm_check,T10 R26,I003,0,0.05,0.045017,RECOVERED,I003-p0-s0.050000,research/traces/lane3/disturb-T10-R26.csv
Lane 3 alm_check,T10 R26,I003,0,0.1,0.090033,RECOVERED,I003-p0-s0.100000,research/traces/lane3/disturb-T10-R26.csv
Lane 3 alm_check,T10 R26,I003,0,0.15,0.135050,RECOVERED,I003-p0-s0.150000,research/traces/lane3/disturb-T10-R26.csv
Lane 3 alm_check,T10 R26,I003,0,0.2,0.180067,RECOVERED,I003-p0-s0.200000,research/traces/lane3/disturb-T10-R26.csv
Lane 3 alm_check,T10 R26,I003,0,0.25,0.225083,RECOVERED,I003-p0-s0.250000,research/traces/lane3/disturb-T10-R26.csv
Lane 3 alm_check,T10 R26,I003,0,0.3,0.270100,RECOVERED,I003-p0-s0.300000,research/traces/lane3/disturb-T10-R26.csv
Lane 3 alm_check,T10 R26,I003,0,0.35,0.315116,DIED,I003-p0-s0.350000,research/traces/lane3/disturb-T10-R26.csv
Lane 3 alm_check,T10 R26,I003,0,0.4,0.360133,DIED,I003-p0-s0.400000,research/traces/lane3/disturb-T10-R26.csv
Lane 3 alm_check,T10 R26,I003,0,0.45,0.405150,DIED,I003-p0-s0.450000,research/traces/lane3/disturb-T10-R26.csv
Lane 3 alm_check,T10 R26,I003,0,0.5,0.450166,DIED,I003-p0-s0.500000,research/traces/lane3/disturb-T10-R26.csv
Lane 3 alm_check,T10 R26,I003,0,0.55,0.495183,DIED,I003-p0-s0.550000,research/traces/lane3/disturb-T10-R26.csv
Lane 3 alm_check,T10 R26,I003,0,0.6,0.540200,DIED,I003-p0-s0.600000,research/traces/lane3/disturb-T10-R26.csv
Lane 3 alm_check,T10 R26,I003,0,0.65,0.585216,DIED,I003-p0-s0.650000,research/traces/lane3/disturb-T10-R26.csv
Lane 3 alm_check,T10 R26,I003,0,0.7,0.630233,DIED,I003-p0-s0.700000,research/traces/lane3/disturb-T10-R26.csv
Lane 3 alm_check,T10 R26,I003,0,0.75,0.675250,DIED,I003-p0-s0.750000,research/traces/lane3/disturb-T10-R26.csv
Lane 3 alm_check,T10 R26,I003,0,0.8,0.720266,DIED,I003-p0-s0.800000,research/traces/lane3/disturb-T10-R26.csv
Lane 3 alm_check,T10 R26,I003,0,0.85,0.765283,DIED,I003-p0-s0.850000,research/traces/lane3/disturb-T10-R26.csv
Lane 3 alm_check,T10 R26,I003,0,0.9,0.810299,DIED,I003-p0-s0.900000,research/traces/lane3/disturb-T10-R26.csv
Lane 3 alm_check,T10 R26,I003,0,0.95,0.855316,DIED,I003-p0-s0.950000,research/traces/lane3/disturb-T10-R26.csv
Lane 3 alm_check,T10 R26,I003,0,1.0,0.900333,DIED,I003-p0-s1.000000,research/traces/lane3/disturb-T10-R26.csv
Lane 3 alm_check,T10 R26,I003,1,0.0,0.000000,RECOVERED,I003-p1-s0.000000,research/traces/lane3/disturb-T10-R26.csv
Lane 3 alm_check,T10 R26,I003,1,0.05,0.045067,RECOVERED,I003-p1-s0.050000,research/traces/lane3/disturb-T10-R26.csv
Lane 3 alm_check,T10 R26,I003,1,0.1,0.090133,RECOVERED,I003-p1-s0.100000,research/traces/lane3/disturb-T10-R26.csv
Lane 3 alm_check,T10 R26,I003,1,0.15,0.135200,RECOVERED,I003-p1-s0.150000,research/traces/lane3/disturb-T10-R26.csv
Lane 3 alm_check,T10 R26,I003,1,0.2,0.180266,RECOVERED,I003-p1-s0.200000,research/traces/lane3/disturb-T10-R26.csv
Lane 3 alm_check,T10 R26,I003,1,0.25,0.225333,RECOVERED,I003-p1-s0.250000,research/traces/lane3/disturb-T10-R26.csv
Lane 3 alm_check,T10 R26,I003,1,0.3,0.270399,RECOVERED,I003-p1-s0.300000,research/traces/lane3/disturb-T10-R26.csv
Lane 3 alm_check,T10 R26,I003,1,0.35,0.315466,DIED,I003-p1-s0.350000,research/traces/lane3/disturb-T10-R26.csv
Lane 3 alm_check,T10 R26,I003,1,0.4,0.360532,DIED,I003-p1-s0.400000,research/traces/lane3/disturb-T10-R26.csv
Lane 3 alm_check,T10 R26,I003,1,0.45,0.405599,DIED,I003-p1-s0.450000,research/traces/lane3/disturb-T10-R26.csv
Lane 3 alm_check,T10 R26,I003,1,0.5,0.450665,DIED,I003-p1-s0.500000,research/traces/lane3/disturb-T10-R26.csv
Lane 3 alm_check,T10 R26,I003,1,0.55,0.495732,DIED,I003-p1-s0.550000,research/traces/lane3/disturb-T10-R26.csv
Lane 3 alm_check,T10 R26,I003,1,0.6,0.540798,DIED,I003-p1-s0.600000,research/traces/lane3/disturb-T10-R26.csv
Lane 3 alm_check,T10 R26,I003,1,0.65,0.585865,DIED,I003-p1-s0.650000,research/traces/lane3/disturb-T10-R26.csv
Lane 3 alm_check,T10 R26,I003,1,0.7,0.630931,DIED,I003-p1-s0.700000,research/traces/lane3/disturb-T10-R26.csv
Lane 3 alm_check,T10 R26,I003,1,0.75,0.675998,DIED,I003-p1-s0.750000,research/traces/lane3/disturb-T10-R26.csv
Lane 3 alm_check,T10 R26,I003,1,0.8,0.721064,DIED,I003-p1-s0.800000,research/traces/lane3/disturb-T10-R26.csv
Lane 3 alm_check,T10 R26,I003,1,0.85,0.766131,DIED,I003-p1-s0.850000,research/traces/lane3/disturb-T10-R26.csv
Lane 3 alm_check,T10 R26,I003,1,0.9,0.811197,DIED,I003-p1-s0.900000,research/traces/lane3/disturb-T10-R26.csv
Lane 3 alm_check,T10 R26,I003,1,0.95,0.856263,DIED,I003-p1-s0.950000,research/traces/lane3/disturb-T10-R26.csv
Lane 3 alm_check,T10 R26,I003,1,1.0,0.901330,DIED,I003-p1-s1.000000,research/traces/lane3/disturb-T10-R26.csv
Lane 3 alm_check,T10 R26,I003,2,0.0,0.000000,RECOVERED,I003-p2-s0.000000,research/traces/lane3/disturb-T10-R26.csv
Lane 3 alm_check,T10 R26,I003,2,0.05,0.045026,RECOVERED,I003-p2-s0.050000,research/traces/lane3/disturb-T10-R26.csv
Lane 3 alm_check,T10 R26,I003,2,0.1,0.090051,RECOVERED,I003-p2-s0.100000,research/traces/lane3/disturb-T10-R26.csv
Lane 3 alm_check,T10 R26,I003,2,0.15,0.135077,RECOVERED,I003-p2-s0.150000,research/traces/lane3/disturb-T10-R26.csv
Lane 3 alm_check,T10 R26,I003,2,0.2,0.180103,RECOVERED,I003-p2-s0.200000,research/traces/lane3/disturb-T10-R26.csv
Lane 3 alm_check,T10 R26,I003,2,0.25,0.225129,RECOVERED,I003-p2-s0.250000,research/traces/lane3/disturb-T10-R26.csv
Lane 3 alm_check,T10 R26,I003,2,0.3,0.270154,RECOVERED,I003-p2-s0.300000,research/traces/lane3/disturb-T10-R26.csv
Lane 3 alm_check,T10 R26,I003,2,0.35,0.315180,DIED,I003-p2-s0.350000,research/traces/lane3/disturb-T10-R26.csv
Lane 3 alm_check,T10 R26,I003,2,0.4,0.360206,DIED,I003-p2-s0.400000,research/traces/lane3/disturb-T10-R26.csv
Lane 3 alm_check,T10 R26,I003,2,0.45,0.405232,DIED,I003-p2-s0.450000,research/traces/lane3/disturb-T10-R26.csv
Lane 3 alm_check,T10 R26,I003,2,0.5,0.450257,DIED,I003-p2-s0.500000,research/traces/lane3/disturb-T10-R26.csv
Lane 3 alm_check,T10 R26,I003,2,0.55,0.495283,DIED,I003-p2-s0.550000,research/traces/lane3/disturb-T10-R26.csv
Lane 3 alm_check,T10 R26,I003,2,0.6,0.540309,DIED,I003-p2-s0.600000,research/traces/lane3/disturb-T10-R26.csv
Lane 3 alm_check,T10 R26,I003,2,0.65,0.585334,DIED,I003-p2-s0.650000,research/traces/lane3/disturb-T10-R26.csv
Lane 3 alm_check,T10 R26,I003,2,0.7,0.630360,DIED,I003-p2-s0.700000,research/traces/lane3/disturb-T10-R26.csv
Lane 3 alm_check,T10 R26,I003,2,0.75,0.675386,DIED,I003-p2-s0.750000,research/traces/lane3/disturb-T10-R26.csv
Lane 3 alm_check,T10 R26,I003,2,0.8,0.720412,DIED,I003-p2-s0.800000,research/traces/lane3/disturb-T10-R26.csv
Lane 3 alm_check,T10 R26,I003,2,0.85,0.765437,DIED,I003-p2-s0.850000,research/traces/lane3/disturb-T10-R26.csv
Lane 3 alm_check,T10 R26,I003,2,0.9,0.810463,DIED,I003-p2-s0.900000,research/traces/lane3/disturb-T10-R26.csv
Lane 3 alm_check,T10 R26,I003,2,0.95,0.855489,DIED,I003-p2-s0.950000,research/traces/lane3/disturb-T10-R26.csv
Lane 3 alm_check,T10 R26,I003,2,1.0,0.900514,DIED,I003-p2-s1.000000,research/traces/lane3/disturb-T10-R26.csv
Lane 3 alm_check,T10 R26,I003,3,0.0,0.000000,RECOVERED,I003-p3-s0.000000,research/traces/lane3/disturb-T10-R26.csv
Lane 3 alm_check,T10 R26,I003,3,0.05,0.045055,RECOVERED,I003-p3-s0.050000,research/traces/lane3/disturb-T10-R26.csv
Lane 3 alm_check,T10 R26,I003,3,0.1,0.090110,RECOVERED,I003-p3-s0.100000,research/traces/lane3/disturb-T10-R26.csv
Lane 3 alm_check,T10 R26,I003,3,0.15,0.135166,RECOVERED,I003-p3-s0.150000,research/traces/lane3/disturb-T10-R26.csv
Lane 3 alm_check,T10 R26,I003,3,0.2,0.180221,RECOVERED,I003-p3-s0.200000,research/traces/lane3/disturb-T10-R26.csv
Lane 3 alm_check,T10 R26,I003,3,0.25,0.225276,RECOVERED,I003-p3-s0.250000,research/traces/lane3/disturb-T10-R26.csv
Lane 3 alm_check,T10 R26,I003,3,0.3,0.270332,RECOVERED,I003-p3-s0.300000,research/traces/lane3/disturb-T10-R26.csv
Lane 3 alm_check,T10 R26,I003,3,0.35,0.315387,DIED,I003-p3-s0.350000,research/traces/lane3/disturb-T10-R26.csv
Lane 3 alm_check,T10 R26,I003,3,0.4,0.360442,DIED,I003-p3-s0.400000,research/traces/lane3/disturb-T10-R26.csv
Lane 3 alm_check,T10 R26,I003,3,0.45,0.405497,DIED,I003-p3-s0.450000,research/traces/lane3/disturb-T10-R26.csv
Lane 3 alm_check,T10 R26,I003,3,0.5,0.450553,DIED,I003-p3-s0.500000,research/traces/lane3/disturb-T10-R26.csv
Lane 3 alm_check,T10 R26,I003,3,0.55,0.495608,DIED,I003-p3-s0.550000,research/traces/lane3/disturb-T10-R26.csv
Lane 3 alm_check,T10 R26,I003,3,0.6,0.540663,DIED,I003-p3-s0.600000,research/traces/lane3/disturb-T10-R26.csv
Lane 3 alm_check,T10 R26,I003,3,0.65,0.585718,DIED,I003-p3-s0.650000,research/traces/lane3/disturb-T10-R26.csv
Lane 3 alm_check,T10 R26,I003,3,0.7,0.630774,DIED,I003-p3-s0.700000,research/traces/lane3/disturb-T10-R26.csv
Lane 3 alm_check,T10 R26,I003,3,0.75,0.675829,DIED,I003-p3-s0.750000,research/traces/lane3/disturb-T10-R26.csv
Lane 3 alm_check,T10 R26,I003,3,0.8,0.720884,DIED,I003-p3-s0.800000,research/traces/lane3/disturb-T10-R26.csv
Lane 3 alm_check,T10 R26,I003,3,0.85,0.765939,DIED,I003-p3-s0.850000,research/traces/lane3/disturb-T10-R26.csv
Lane 3 alm_check,T10 R26,I003,3,0.9,0.810995,DIED,I003-p3-s0.900000,research/traces/lane3/disturb-T10-R26.csv
Lane 3 alm_check,T10 R26,I003,3,0.95,0.856050,DIED,I003-p3-s0.950000,research/traces/lane3/disturb-T10-R26.csv
Lane 3 alm_check,T10 R26,I003,3,1.0,0.901105,DIED,I003-p3-s1.000000,research/traces/lane3/disturb-T10-R26.csv
Lane 3 alm_check,T10 R26,I003,4,0.0,0.000000,RECOVERED,I003-p4-s0.000000,research/traces/lane3/disturb-T10-R26.csv
Lane 3 alm_check,T10 R26,I003,4,0.05,0.045035,RECOVERED,I003-p4-s0.050000,research/traces/lane3/disturb-T10-R26.csv
Lane 3 alm_check,T10 R26,I003,4,0.1,0.090070,RECOVERED,I003-p4-s0.100000,research/traces/lane3/disturb-T10-R26.csv
Lane 3 alm_check,T10 R26,I003,4,0.15,0.135105,RECOVERED,I003-p4-s0.150000,research/traces/lane3/disturb-T10-R26.csv
Lane 3 alm_check,T10 R26,I003,4,0.2,0.180140,RECOVERED,I003-p4-s0.200000,research/traces/lane3/disturb-T10-R26.csv
Lane 3 alm_check,T10 R26,I003,4,0.25,0.225175,RECOVERED,I003-p4-s0.250000,research/traces/lane3/disturb-T10-R26.csv
Lane 3 alm_check,T10 R26,I003,4,0.3,0.270210,RECOVERED,I003-p4-s0.300000,research/traces/lane3/disturb-T10-R26.csv
Lane 3 alm_check,T10 R26,I003,4,0.35,0.315244,DIED,I003-p4-s0.350000,research/traces/lane3/disturb-T10-R26.csv
Lane 3 alm_check,T10 R26,I003,4,0.4,0.360279,DIED,I003-p4-s0.400000,research/traces/lane3/disturb-T10-R26.csv
Lane 3 alm_check,T10 R26,I003,4,0.45,0.405314,DIED,I003-p4-s0.450000,research/traces/lane3/disturb-T10-R26.csv
Lane 3 alm_check,T10 R26,I003,4,0.5,0.450349,DIED,I003-p4-s0.500000,research/traces/lane3/disturb-T10-R26.csv
Lane 3 alm_check,T10 R26,I003,4,0.55,0.495384,DIED,I003-p4-s0.550000,research/traces/lane3/disturb-T10-R26.csv
Lane 3 alm_check,T10 R26,I003,4,0.6,0.540419,DIED,I003-p4-s0.600000,research/traces/lane3/disturb-T10-R26.csv
Lane 3 alm_check,T10 R26,I003,4,0.65,0.585454,DIED,I003-p4-s0.650000,research/traces/lane3/disturb-T10-R26.csv
Lane 3 alm_check,T10 R26,I003,4,0.7,0.630489,DIED,I003-p4-s0.700000,research/traces/lane3/disturb-T10-R26.csv
Lane 3 alm_check,T10 R26,I003,4,0.75,0.675524,DIED,I003-p4-s0.750000,research/traces/lane3/disturb-T10-R26.csv
Lane 3 alm_check,T10 R26,I003,4,0.8,0.720559,DIED,I003-p4-s0.800000,research/traces/lane3/disturb-T10-R26.csv
Lane 3 alm_check,T10 R26,I003,4,0.85,0.765594,DIED,I003-p4-s0.850000,research/traces/lane3/disturb-T10-R26.csv
Lane 3 alm_check,T10 R26,I003,4,0.9,0.810629,DIED,I003-p4-s0.900000,research/traces/lane3/disturb-T10-R26.csv
Lane 3 alm_check,T10 R26,I003,4,0.95,0.855663,DIED,I003-p4-s0.950000,research/traces/lane3/disturb-T10-R26.csv
Lane 3 alm_check,T10 R26,I003,4,1.0,0.900698,DIED,I003-p4-s1.000000,research/traces/lane3/disturb-T10-R26.csv
Lane 3 alm_check,T10 R26,I004,0,0.0,0.000000,RECOVERED,I004-p0-s0.000000,research/traces/lane3/disturb-T10-R26.csv
Lane 3 alm_check,T10 R26,I004,0,0.05,-0.050694,RECOVERED,I004-p0-s0.050000,research/traces/lane3/disturb-T10-R26.csv
Lane 3 alm_check,T10 R26,I004,0,0.1,-0.100234,DIED,I004-p0-s0.100000,research/traces/lane3/disturb-T10-R26.csv
Lane 3 alm_check,T10 R26,I004,0,0.15,-0.150433,DIED,I004-p0-s0.150000,research/traces/lane3/disturb-T10-R26.csv
Lane 3 alm_check,T10 R26,I004,0,0.2,-0.201817,DIED,I004-p0-s0.200000,research/traces/lane3/disturb-T10-R26.csv
Lane 3 alm_check,T10 R26,I004,0,0.25,-0.250835,DIED,I004-p0-s0.250000,research/traces/lane3/disturb-T10-R26.csv
Lane 3 alm_check,T10 R26,I004,0,0.3,-0.303257,DIED,I004-p0-s0.300000,research/traces/lane3/disturb-T10-R26.csv
Lane 3 alm_check,T10 R26,I004,0,0.35,-0.351713,DIED,I004-p0-s0.350000,research/traces/lane3/disturb-T10-R26.csv
Lane 3 alm_check,T10 R26,I004,0,0.4,-0.400812,DIED,I004-p0-s0.400000,research/traces/lane3/disturb-T10-R26.csv
Lane 3 alm_check,T10 R26,I004,0,0.45,-0.451100,DIED,I004-p0-s0.450000,research/traces/lane3/disturb-T10-R26.csv
Lane 3 alm_check,T10 R26,I004,0,0.5,-0.501176,DIED,I004-p0-s0.500000,research/traces/lane3/disturb-T10-R26.csv
Lane 3 alm_check,T10 R26,I004,0,0.55,-0.550180,DIED,I004-p0-s0.550000,research/traces/lane3/disturb-T10-R26.csv
Lane 3 alm_check,T10 R26,I004,0,0.6,-0.600347,DIED,I004-p0-s0.600000,research/traces/lane3/disturb-T10-R26.csv
Lane 3 alm_check,T10 R26,I004,0,0.65,-0.652337,DIED,I004-p0-s0.650000,research/traces/lane3/disturb-T10-R26.csv
Lane 3 alm_check,T10 R26,I004,0,0.7,-0.701356,DIED,I004-p0-s0.700000,research/traces/lane3/disturb-T10-R26.csv
Lane 3 alm_check,T10 R26,I004,0,0.75,-0.750093,DIED,I004-p0-s0.750000,research/traces/lane3/disturb-T10-R26.csv
Lane 3 alm_check,T10 R26,I004,0,0.8,-0.800917,DIED,I004-p0-s0.800000,research/traces/lane3/disturb-T10-R26.csv
Lane 3 alm_check,T10 R26,I004,0,0.85,-0.850220,DIED,I004-p0-s0.850000,research/traces/lane3/disturb-T10-R26.csv
Lane 3 alm_check,T10 R26,I004,0,0.9,-0.900429,DIED,I004-p0-s0.900000,research/traces/lane3/disturb-T10-R26.csv
Lane 3 alm_check,T10 R26,I004,0,0.95,-0.951028,DIED,I004-p0-s0.950000,research/traces/lane3/disturb-T10-R26.csv
Lane 3 alm_check,T10 R26,I004,1,0.0,0.000000,RECOVERED,I004-p1-s0.000000,research/traces/lane3/disturb-T10-R26.csv
Lane 3 alm_check,T10 R26,I004,1,0.05,-0.050878,RECOVERED,I004-p1-s0.050000,research/traces/lane3/disturb-T10-R26.csv
Lane 3 alm_check,T10 R26,I004,1,0.1,-0.100246,DIED,I004-p1-s0.100000,research/traces/lane3/disturb-T10-R26.csv
Lane 3 alm_check,T10 R26,I004,1,0.15,-0.152139,DIED,I004-p1-s0.150000,research/traces/lane3/disturb-T10-R26.csv
Lane 3 alm_check,T10 R26,I004,1,0.2,-0.201453,DIED,I004-p1-s0.200000,research/traces/lane3/disturb-T10-R26.csv
Lane 3 alm_check,T10 R26,I004,1,0.25,-0.250373,DIED,I004-p1-s0.250000,research/traces/lane3/disturb-T10-R26.csv
Lane 3 alm_check,T10 R26,I004,1,0.3,-0.303086,DIED,I004-p1-s0.300000,research/traces/lane3/disturb-T10-R26.csv
Lane 3 alm_check,T10 R26,I004,1,0.35,-0.351441,DIED,I004-p1-s0.350000,research/traces/lane3/disturb-T10-R26.csv
Lane 3 alm_check,T10 R26,I004,1,0.4,-0.400845,DIED,I004-p1-s0.400000,research/traces/lane3/disturb-T10-R26.csv
Lane 3 alm_check,T10 R26,I004,1,0.45,-0.451085,DIED,I004-p1-s0.450000,research/traces/lane3/disturb-T10-R26.csv
Lane 3 alm_check,T10 R26,I004,1,0.5,-0.500938,DIED,I004-p1-s0.500000,research/traces/lane3/disturb-T10-R26.csv
Lane 3 alm_check,T10 R26,I004,1,0.55,-0.550493,DIED,I004-p1-s0.550000,research/traces/lane3/disturb-T10-R26.csv
Lane 3 alm_check,T10 R26,I004,1,0.6,-0.600336,DIED,I004-p1-s0.600000,research/traces/lane3/disturb-T10-R26.csv
Lane 3 alm_check,T10 R26,I004,1,0.65,-0.650010,DIED,I004-p1-s0.650000,research/traces/lane3/disturb-T10-R26.csv
Lane 3 alm_check,T10 R26,I004,1,0.7,-0.701231,DIED,I004-p1-s0.700000,research/traces/lane3/disturb-T10-R26.csv
Lane 3 alm_check,T10 R26,I004,1,0.75,-0.750061,DIED,I004-p1-s0.750000,research/traces/lane3/disturb-T10-R26.csv
Lane 3 alm_check,T10 R26,I004,1,0.8,-0.801409,DIED,I004-p1-s0.800000,research/traces/lane3/disturb-T10-R26.csv
Lane 3 alm_check,T10 R26,I004,1,0.85,-0.850444,DIED,I004-p1-s0.850000,research/traces/lane3/disturb-T10-R26.csv
Lane 3 alm_check,T10 R26,I004,1,0.9,-0.900032,DIED,I004-p1-s0.900000,research/traces/lane3/disturb-T10-R26.csv
Lane 3 alm_check,T10 R26,I004,1,0.95,-0.951239,DIED,I004-p1-s0.950000,research/traces/lane3/disturb-T10-R26.csv
Lane 3 alm_check,T10 R26,I004,2,0.0,0.000000,RECOVERED,I004-p2-s0.000000,research/traces/lane3/disturb-T10-R26.csv
Lane 3 alm_check,T10 R26,I004,2,0.05,-0.050756,RECOVERED,I004-p2-s0.050000,research/traces/lane3/disturb-T10-R26.csv
Lane 3 alm_check,T10 R26,I004,2,0.1,-0.100103,DIED,I004-p2-s0.100000,research/traces/lane3/disturb-T10-R26.csv
Lane 3 alm_check,T10 R26,I004,2,0.15,-0.152048,DIED,I004-p2-s0.150000,research/traces/lane3/disturb-T10-R26.csv
Lane 3 alm_check,T10 R26,I004,2,0.2,-0.201380,DIED,I004-p2-s0.200000,research/traces/lane3/disturb-T10-R26.csv
Lane 3 alm_check,T10 R26,I004,2,0.25,-0.253343,DIED,I004-p2-s0.250000,research/traces/lane3/disturb-T10-R26.csv
Lane 3 alm_check,T10 R26,I004,2,0.3,-0.302813,DIED,I004-p2-s0.300000,research/traces/lane3/disturb-T10-R26.csv
Lane 3 alm_check,T10 R26,I004,2,0.35,-0.351060,DIED,I004-p2-s0.350000,research/traces/lane3/disturb-T10-R26.csv
Lane 3 alm_check,T10 R26,I004,2,0.4,-0.401033,DIED,I004-p2-s0.400000,research/traces/lane3/disturb-T10-R26.csv
Lane 3 alm_check,T10 R26,I004,2,0.45,-0.450819,DIED,I004-p2-s0.450000,research/traces/lane3/disturb-T10-R26.csv
Lane 3 alm_check,T10 R26,I004,2,0.5,-0.500714,DIED,I004-p2-s0.500000,research/traces/lane3/disturb-T10-R26.csv
Lane 3 alm_check,T10 R26,I004,2,0.55,-0.550272,DIED,I004-p2-s0.550000,research/traces/lane3/disturb-T10-R26.csv
Lane 3 alm_check,T10 R26,I004,2,0.6,-0.600656,DIED,I004-p2-s0.600000,research/traces/lane3/disturb-T10-R26.csv
Lane 3 alm_check,T10 R26,I004,2,0.65,-0.652221,DIED,I004-p2-s0.650000,research/traces/lane3/disturb-T10-R26.csv
Lane 3 alm_check,T10 R26,I004,2,0.7,-0.700429,DIED,I004-p2-s0.700000,research/traces/lane3/disturb-T10-R26.csv
Lane 3 alm_check,T10 R26,I004,2,0.75,-0.752873,DIED,I004-p2-s0.750000,research/traces/lane3/disturb-T10-R26.csv
Lane 3 alm_check,T10 R26,I004,2,0.8,-0.801022,DIED,I004-p2-s0.800000,research/traces/lane3/disturb-T10-R26.csv
Lane 3 alm_check,T10 R26,I004,2,0.85,-0.851659,DIED,I004-p2-s0.850000,research/traces/lane3/disturb-T10-R26.csv
Lane 3 alm_check,T10 R26,I004,2,0.9,-0.900755,DIED,I004-p2-s0.900000,research/traces/lane3/disturb-T10-R26.csv
Lane 3 alm_check,T10 R26,I004,2,0.95,-0.951282,DIED,I004-p2-s0.950000,research/traces/lane3/disturb-T10-R26.csv
Lane 3 alm_check,T10 R26,I004,3,0.0,0.000000,RECOVERED,I004-p3-s0.000000,research/traces/lane3/disturb-T10-R26.csv
Lane 3 alm_check,T10 R26,I004,3,0.05,-0.050427,RECOVERED,I004-p3-s0.050000,research/traces/lane3/disturb-T10-R26.csv
Lane 3 alm_check,T10 R26,I004,3,0.1,-0.100844,DIED,I004-p3-s0.100000,research/traces/lane3/disturb-T10-R26.csv
Lane 3 alm_check,T10 R26,I004,3,0.15,-0.151851,DIED,I004-p3-s0.150000,research/traces/lane3/disturb-T10-R26.csv
Lane 3 alm_check,T10 R26,I004,3,0.2,-0.200713,DIED,I004-p3-s0.200000,research/traces/lane3/disturb-T10-R26.csv
Lane 3 alm_check,T10 R26,I004,3,0.25,-0.252746,DIED,I004-p3-s0.250000,research/traces/lane3/disturb-T10-R26.csv
Lane 3 alm_check,T10 R26,I004,3,0.3,-0.302217,DIED,I004-p3-s0.300000,research/traces/lane3/disturb-T10-R26.csv
Lane 3 alm_check,T10 R26,I004,3,0.35,-0.350412,DIED,I004-p3-s0.350000,research/traces/lane3/disturb-T10-R26.csv
Lane 3 alm_check,T10 R26,I004,3,0.4,-0.400680,DIED,I004-p3-s0.400000,research/traces/lane3/disturb-T10-R26.csv
Lane 3 alm_check,T10 R26,I004,3,0.45,-0.450186,DIED,I004-p3-s0.450000,research/traces/lane3/disturb-T10-R26.csv
Lane 3 alm_check,T10 R26,I004,3,0.5,-0.500107,DIED,I004-p3-s0.500000,research/traces/lane3/disturb-T10-R26.csv
Lane 3 alm_check,T10 R26,I004,3,0.55,-0.552227,DIED,I004-p3-s0.550000,research/traces/lane3/disturb-T10-R26.csv
Lane 3 alm_check,T10 R26,I004,3,0.6,-0.600773,DIED,I004-p3-s0.600000,research/traces/lane3/disturb-T10-R26.csv
Lane 3 alm_check,T10 R26,I004,3,0.65,-0.651844,DIED,I004-p3-s0.650000,research/traces/lane3/disturb-T10-R26.csv
Lane 3 alm_check,T10 R26,I004,3,0.7,-0.700023,DIED,I004-p3-s0.700000,research/traces/lane3/disturb-T10-R26.csv
Lane 3 alm_check,T10 R26,I004,3,0.75,-0.752492,DIED,I004-p3-s0.750000,research/traces/lane3/disturb-T10-R26.csv
Lane 3 alm_check,T10 R26,I004,3,0.8,-0.800672,DIED,I004-p3-s0.800000,research/traces/lane3/disturb-T10-R26.csv
Lane 3 alm_check,T10 R26,I004,3,0.85,-0.851656,DIED,I004-p3-s0.850000,research/traces/lane3/disturb-T10-R26.csv
Lane 3 alm_check,T10 R26,I004,3,0.9,-0.900527,DIED,I004-p3-s0.900000,research/traces/lane3/disturb-T10-R26.csv
Lane 3 alm_check,T10 R26,I004,3,0.95,-0.950835,DIED,I004-p3-s0.950000,research/traces/lane3/disturb-T10-R26.csv
Lane 3 alm_check,T10 R26,I004,4,0.0,0.000000,RECOVERED,I004-p4-s0.000000,research/traces/lane3/disturb-T10-R26.csv
Lane 3 alm_check,T10 R26,I004,4,0.05,-0.051203,RECOVERED,I004-p4-s0.050000,research/traces/lane3/disturb-T10-R26.csv
Lane 3 alm_check,T10 R26,I004,4,0.1,-0.100518,DIED,I004-p4-s0.100000,research/traces/lane3/disturb-T10-R26.csv
Lane 3 alm_check,T10 R26,I004,4,0.15,-0.151154,DIED,I004-p4-s0.150000,research/traces/lane3/disturb-T10-R26.csv
Lane 3 alm_check,T10 R26,I004,4,0.2,-0.200274,DIED,I004-p4-s0.200000,research/traces/lane3/disturb-T10-R26.csv
Lane 3 alm_check,T10 R26,I004,4,0.25,-0.252104,DIED,I004-p4-s0.250000,research/traces/lane3/disturb-T10-R26.csv
Lane 3 alm_check,T10 R26,I004,4,0.3,-0.301271,DIED,I004-p4-s0.300000,research/traces/lane3/disturb-T10-R26.csv
Lane 3 alm_check,T10 R26,I004,4,0.35,-0.352929,DIED,I004-p4-s0.350000,research/traces/lane3/disturb-T10-R26.csv
Lane 3 alm_check,T10 R26,I004,4,0.4,-0.400317,DIED,I004-p4-s0.400000,research/traces/lane3/disturb-T10-R26.csv
Lane 3 alm_check,T10 R26,I004,4,0.45,-0.452329,DIED,I004-p4-s0.450000,research/traces/lane3/disturb-T10-R26.csv
Lane 3 alm_check,T10 R26,I004,4,0.5,-0.502502,DIED,I004-p4-s0.500000,research/traces/lane3/disturb-T10-R26.csv
Lane 3 alm_check,T10 R26,I004,4,0.55,-0.551474,DIED,I004-p4-s0.550000,research/traces/lane3/disturb-T10-R26.csv
Lane 3 alm_check,T10 R26,I004,4,0.6,-0.600404,DIED,I004-p4-s0.600000,research/traces/lane3/disturb-T10-R26.csv
Lane 3 alm_check,T10 R26,I004,4,0.65,-0.651227,DIED,I004-p4-s0.650000,research/traces/lane3/disturb-T10-R26.csv
Lane 3 alm_check,T10 R26,I004,4,0.7,-0.702704,DIED,I004-p4-s0.700000,research/traces/lane3/disturb-T10-R26.csv
Lane 3 alm_check,T10 R26,I004,4,0.75,-0.751519,DIED,I004-p4-s0.750000,research/traces/lane3/disturb-T10-R26.csv
Lane 3 alm_check,T10 R26,I004,4,0.8,-0.802051,DIED,I004-p4-s0.800000,research/traces/lane3/disturb-T10-R26.csv
Lane 3 alm_check,T10 R26,I004,4,0.85,-0.851118,DIED,I004-p4-s0.850000,research/traces/lane3/disturb-T10-R26.csv
Lane 3 alm_check,T10 R26,I004,4,0.9,-0.900075,DIED,I004-p4-s0.900000,research/traces/lane3/disturb-T10-R26.csv
Lane 3 alm_check,T10 R26,I004,4,0.95,-0.950221,DIED,I004-p4-s0.950000,research/traces/lane3/disturb-T10-R26.csv
Lane 3 alm_check,T10 R26,I001,0,0.075,-0.075000,RECOVERED,I001-p0-s0.075000,research/traces/lane3/disturb-T10-R26.csv
Lane 3 alm_check,T10 R26,I001,1,0.075,-0.075000,RECOVERED,I001-p1-s0.075000,research/traces/lane3/disturb-T10-R26.csv
Lane 3 alm_check,T10 R26,I001,2,0.075,-0.075000,RECOVERED,I001-p2-s0.075000,research/traces/lane3/disturb-T10-R26.csv
Lane 3 alm_check,T10 R26,I001,3,0.075,-0.075000,RECOVERED,I001-p3-s0.075000,research/traces/lane3/disturb-T10-R26.csv
Lane 3 alm_check,T10 R26,I001,4,0.075,-0.075000,RECOVERED,I001-p4-s0.075000,research/traces/lane3/disturb-T10-R26.csv
Lane 3 alm_check,T10 R26,I002,0,0.075,-0.033236,RECOVERED,I002-p0-s0.075000,research/traces/lane3/disturb-T10-R26.csv
Lane 3 alm_check,T10 R26,I002,1,0.075,-0.040175,RECOVERED,I002-p1-s0.075000,research/traces/lane3/disturb-T10-R26.csv
Lane 3 alm_check,T10 R26,I002,2,0.075,-0.036499,RECOVERED,I002-p2-s0.075000,research/traces/lane3/disturb-T10-R26.csv
Lane 3 alm_check,T10 R26,I002,3,0.075,-0.043041,RECOVERED,I002-p3-s0.075000,research/traces/lane3/disturb-T10-R26.csv
Lane 3 alm_check,T10 R26,I002,4,0.075,-0.046385,RECOVERED,I002-p4-s0.075000,research/traces/lane3/disturb-T10-R26.csv
Lane 3 alm_check,T10 R26,I003,0,0.325,0.292608,DIED,I003-p0-s0.325000,research/traces/lane3/disturb-T10-R26.csv
Lane 3 alm_check,T10 R26,I003,1,0.325,0.292932,DIED,I003-p1-s0.325000,research/traces/lane3/disturb-T10-R26.csv
Lane 3 alm_check,T10 R26,I003,2,0.325,0.292667,DIED,I003-p2-s0.325000,research/traces/lane3/disturb-T10-R26.csv
Lane 3 alm_check,T10 R26,I003,3,0.325,0.292859,DIED,I003-p3-s0.325000,research/traces/lane3/disturb-T10-R26.csv
Lane 3 alm_check,T10 R26,I003,4,0.325,0.292727,DIED,I003-p4-s0.325000,research/traces/lane3/disturb-T10-R26.csv
Lane 3 alm_check,T10 R26,I004,0,0.075,-0.075228,RECOVERED,I004-p0-s0.075000,research/traces/lane3/disturb-T10-R26.csv
Lane 3 alm_check,T10 R26,I004,1,0.075,-0.075246,RECOVERED,I004-p1-s0.075000,research/traces/lane3/disturb-T10-R26.csv
Lane 3 alm_check,T10 R26,I004,2,0.075,-0.075452,RECOVERED,I004-p2-s0.075000,research/traces/lane3/disturb-T10-R26.csv
Lane 3 alm_check,T10 R26,I004,3,0.075,-0.075329,RECOVERED,I004-p3-s0.075000,research/traces/lane3/disturb-T10-R26.csv
Lane 3 alm_check,T10 R26,I004,4,0.075,-0.075416,RECOVERED,I004-p4-s0.075000,research/traces/lane3/disturb-T10-R26.csv
Lane 3 alm_check,T10 R26,I001,0,0.0875,-0.087500,RECOVERED,I001-p0-s0.087500,research/traces/lane3/disturb-T10-R26.csv
Lane 3 alm_check,T10 R26,I001,1,0.0875,-0.087500,RECOVERED,I001-p1-s0.087500,research/traces/lane3/disturb-T10-R26.csv
Lane 3 alm_check,T10 R26,I001,2,0.0875,-0.087500,RECOVERED,I001-p2-s0.087500,research/traces/lane3/disturb-T10-R26.csv
Lane 3 alm_check,T10 R26,I001,3,0.0875,-0.087500,RECOVERED,I001-p3-s0.087500,research/traces/lane3/disturb-T10-R26.csv
Lane 3 alm_check,T10 R26,I001,4,0.0875,-0.087500,RECOVERED,I001-p4-s0.087500,research/traces/lane3/disturb-T10-R26.csv
Lane 3 alm_check,T10 R26,I002,0,0.0875,-0.059561,DIED,I002-p0-s0.087500,research/traces/lane3/disturb-T10-R26.csv
Lane 3 alm_check,T10 R26,I002,1,0.0875,-0.052716,DIED,I002-p1-s0.087500,research/traces/lane3/disturb-T10-R26.csv
Lane 3 alm_check,T10 R26,I002,2,0.0875,-0.055999,DIED,I002-p2-s0.087500,research/traces/lane3/disturb-T10-R26.csv
Lane 3 alm_check,T10 R26,I002,3,0.0875,-0.049830,RECOVERED,I002-p3-s0.087500,research/traces/lane3/disturb-T10-R26.csv
Lane 3 alm_check,T10 R26,I002,4,0.0875,-0.053172,DIED,I002-p4-s0.087500,research/traces/lane3/disturb-T10-R26.csv
Lane 3 alm_check,T10 R26,I003,0,0.3125,0.281354,DIED,I003-p0-s0.312500,research/traces/lane3/disturb-T10-R26.csv
Lane 3 alm_check,T10 R26,I003,1,0.3125,0.281666,DIED,I003-p1-s0.312500,research/traces/lane3/disturb-T10-R26.csv
Lane 3 alm_check,T10 R26,I003,2,0.3125,0.281411,DIED,I003-p2-s0.312500,research/traces/lane3/disturb-T10-R26.csv
Lane 3 alm_check,T10 R26,I003,3,0.3125,0.281595,DIED,I003-p3-s0.312500,research/traces/lane3/disturb-T10-R26.csv
Lane 3 alm_check,T10 R26,I003,4,0.3125,0.281468,DIED,I003-p4-s0.312500,research/traces/lane3/disturb-T10-R26.csv
Lane 3 alm_check,T10 R26,I004,0,0.0875,-0.087984,DIED,I004-p0-s0.087500,research/traces/lane3/disturb-T10-R26.csv
Lane 3 alm_check,T10 R26,I004,1,0.0875,-0.088078,DIED,I004-p1-s0.087500,research/traces/lane3/disturb-T10-R26.csv
Lane 3 alm_check,T10 R26,I004,2,0.0875,-0.087911,DIED,I004-p2-s0.087500,research/traces/lane3/disturb-T10-R26.csv
Lane 3 alm_check,T10 R26,I004,3,0.0875,-0.087835,DIED,I004-p3-s0.087500,research/traces/lane3/disturb-T10-R26.csv
Lane 3 alm_check,T10 R26,I004,4,0.0875,-0.087671,DIED,I004-p4-s0.087500,research/traces/lane3/disturb-T10-R26.csv
Lane 3 alm_check,T10 R26,I001,0,0.09375,-0.093750,RECOVERED,I001-p0-s0.093750,research/traces/lane3/disturb-T10-R26.csv
Lane 3 alm_check,T10 R26,I001,1,0.09375,-0.093750,RECOVERED,I001-p1-s0.093750,research/traces/lane3/disturb-T10-R26.csv
Lane 3 alm_check,T10 R26,I001,2,0.09375,-0.093750,RECOVERED,I001-p2-s0.093750,research/traces/lane3/disturb-T10-R26.csv
Lane 3 alm_check,T10 R26,I001,3,0.09375,-0.093750,RECOVERED,I001-p3-s0.093750,research/traces/lane3/disturb-T10-R26.csv
Lane 3 alm_check,T10 R26,I001,4,0.09375,-0.093750,RECOVERED,I001-p4-s0.093750,research/traces/lane3/disturb-T10-R26.csv
Lane 3 alm_check,T10 R26,I002,0,0.08125,-0.043237,RECOVERED,I002-p0-s0.081250,research/traces/lane3/disturb-T10-R26.csv
Lane 3 alm_check,T10 R26,I002,1,0.08125,-0.052716,DIED,I002-p1-s0.081250,research/traces/lane3/disturb-T10-R26.csv
Lane 3 alm_check,T10 R26,I002,2,0.08125,-0.043284,RECOVERED,I002-p2-s0.081250,research/traces/lane3/disturb-T10-R26.csv
Lane 3 alm_check,T10 R26,I002,3,0.09375,-0.065903,DIED,I002-p3-s0.093750,research/traces/lane3/disturb-T10-R26.csv
Lane 3 alm_check,T10 R26,I002,4,0.08125,-0.046385,RECOVERED,I002-p4-s0.081250,research/traces/lane3/disturb-T10-R26.csv
Lane 3 alm_check,T10 R26,I003,0,0.30625,0.275727,RECOVERED,I003-p0-s0.306250,research/traces/lane3/disturb-T10-R26.csv
Lane 3 alm_check,T10 R26,I003,1,0.30625,0.276032,RECOVERED,I003-p1-s0.306250,research/traces/lane3/disturb-T10-R26.csv
Lane 3 alm_check,T10 R26,I003,2,0.30625,0.275783,RECOVERED,I003-p2-s0.306250,research/traces/lane3/disturb-T10-R26.csv
Lane 3 alm_check,T10 R26,I003,3,0.30625,0.275963,RECOVERED,I003-p3-s0.306250,research/traces/lane3/disturb-T10-R26.csv
Lane 3 alm_check,T10 R26,I003,4,0.30625,0.275839,RECOVERED,I003-p4-s0.306250,research/traces/lane3/disturb-T10-R26.csv
Lane 3 alm_check,T10 R26,I004,0,0.08125,-0.081534,RECOVERED,I004-p0-s0.081250,research/traces/lane3/disturb-T10-R26.csv
Lane 3 alm_check,T10 R26,I004,1,0.08125,-0.081425,DIED,I004-p1-s0.081250,research/traces/lane3/disturb-T10-R26.csv
Lane 3 alm_check,T10 R26,I004,2,0.08125,-0.081759,RECOVERED,I004-p2-s0.081250,research/traces/lane3/disturb-T10-R26.csv
Lane 3 alm_check,T10 R26,I004,3,0.08125,-0.081640,DIED,I004-p3-s0.081250,research/traces/lane3/disturb-T10-R26.csv
Lane 3 alm_check,T10 R26,I004,4,0.08125,-0.081440,DIED,I004-p4-s0.081250,research/traces/lane3/disturb-T10-R26.csv
Lane 3 alm_check,T10 R26,I001,0,0.096875,-0.096875,RECOVERED,I001-p0-s0.096875,research/traces/lane3/disturb-T10-R26.csv
Lane 3 alm_check,T10 R26,I001,1,0.096875,-0.096875,RECOVERED,I001-p1-s0.096875,research/traces/lane3/disturb-T10-R26.csv
Lane 3 alm_check,T10 R26,I001,2,0.096875,-0.096875,RECOVERED,I001-p2-s0.096875,research/traces/lane3/disturb-T10-R26.csv
Lane 3 alm_check,T10 R26,I001,3,0.096875,-0.096875,RECOVERED,I001-p3-s0.096875,research/traces/lane3/disturb-T10-R26.csv
Lane 3 alm_check,T10 R26,I001,4,0.096875,-0.096875,RECOVERED,I001-p4-s0.096875,research/traces/lane3/disturb-T10-R26.csv
Lane 3 alm_check,T10 R26,I002,0,0.084375,-0.052778,DIED,I002-p0-s0.084375,research/traces/lane3/disturb-T10-R26.csv
Lane 3 alm_check,T10 R26,I002,1,0.078125,-0.043382,RECOVERED,I002-p1-s0.078125,research/traces/lane3/disturb-T10-R26.csv
Lane 3 alm_check,T10 R26,I002,2,0.084375,-0.052759,DIED,I002-p2-s0.084375,research/traces/lane3/disturb-T10-R26.csv
Lane 3 alm_check,T10 R26,I002,3,0.090625,-0.056130,DIED,I002-p3-s0.090625,research/traces/lane3/disturb-T10-R26.csv
Lane 3 alm_check,T10 R26,I002,4,0.084375,-0.046385,RECOVERED,I002-p4-s0.084375,research/traces/lane3/disturb-T10-R26.csv
Lane 3 alm_check,T10 R26,I003,0,0.309375,0.278540,DIED,I003-p0-s0.309375,research/traces/lane3/disturb-T10-R26.csv
Lane 3 alm_check,T10 R26,I003,1,0.309375,0.278849,RECOVERED,I003-p1-s0.309375,research/traces/lane3/disturb-T10-R26.csv
Lane 3 alm_check,T10 R26,I003,2,0.309375,0.278597,DIED,I003-p2-s0.309375,research/traces/lane3/disturb-T10-R26.csv
Lane 3 alm_check,T10 R26,I003,3,0.309375,0.278779,DIED,I003-p3-s0.309375,research/traces/lane3/disturb-T10-R26.csv
Lane 3 alm_check,T10 R26,I003,4,0.309375,0.278654,DIED,I003-p4-s0.309375,research/traces/lane3/disturb-T10-R26.csv
Lane 3 alm_check,T10 R26,I004,0,0.084375,-0.084606,DIED,I004-p0-s0.084375,research/traces/lane3/disturb-T10-R26.csv
Lane 3 alm_check,T10 R26,I004,1,0.078125,-0.078125,RECOVERED,I004-p1-s0.078125,research/traces/lane3/disturb-T10-R26.csv
Lane 3 alm_check,T10 R26,I004,2,0.084375,-0.084635,DIED,I004-p2-s0.084375,research/traces/lane3/disturb-T10-R26.csv
Lane 3 alm_check,T10 R26,I004,3,0.078125,-0.078163,RECOVERED,I004-p3-s0.078125,research/traces/lane3/disturb-T10-R26.csv
Lane 3 alm_check,T10 R26,I004,4,0.078125,-0.078207,RECOVERED,I004-p4-s0.078125,research/traces/lane3/disturb-T10-R26.csv
Lane 3 alm_check,T10 R26,I001,0,0.0984375,-0.098437,RECOVERED,I001-p0-s0.098437,research/traces/lane3/disturb-T10-R26.csv
Lane 3 alm_check,T10 R26,I001,1,0.0984375,-0.098437,RECOVERED,I001-p1-s0.098437,research/traces/lane3/disturb-T10-R26.csv
Lane 3 alm_check,T10 R26,I001,2,0.0984375,-0.098437,RECOVERED,I001-p2-s0.098437,research/traces/lane3/disturb-T10-R26.csv
Lane 3 alm_check,T10 R26,I001,3,0.0984375,-0.098437,RECOVERED,I001-p3-s0.098437,research/traces/lane3/disturb-T10-R26.csv
Lane 3 alm_check,T10 R26,I001,4,0.0984375,-0.098437,RECOVERED,I001-p4-s0.098437,research/traces/lane3/disturb-T10-R26.csv
Lane 3 alm_check,T10 R26,I002,0,0.0828125,-0.052778,DIED,I002-p0-s0.082812,research/traces/lane3/disturb-T10-R26.csv
Lane 3 alm_check,T10 R26,I002,1,0.0796875,-0.049455,RECOVERED,I002-p1-s0.079687,research/traces/lane3/disturb-T10-R26.csv
Lane 3 alm_check,T10 R26,I002,2,0.0828125,-0.049538,RECOVERED,I002-p2-s0.082812,research/traces/lane3/disturb-T10-R26.csv
Lane 3 alm_check,T10 R26,I002,3,0.0890625,-0.049830,RECOVERED,I002-p3-s0.089063,research/traces/lane3/disturb-T10-R26.csv
Lane 3 alm_check,T10 R26,I002,4,0.0859375,-0.046385,RECOVERED,I002-p4-s0.085938,research/traces/lane3/disturb-T10-R26.csv
Lane 3 alm_check,T10 R26,I003,0,0.307813,0.277134,RECOVERED,I003-p0-s0.307813,research/traces/lane3/disturb-T10-R26.csv
Lane 3 alm_check,T10 R26,I003,1,0.310937,0.280257,DIED,I003-p1-s0.310937,research/traces/lane3/disturb-T10-R26.csv
Lane 3 alm_check,T10 R26,I003,2,0.307813,0.277190,DIED,I003-p2-s0.307813,research/traces/lane3/disturb-T10-R26.csv
Lane 3 alm_check,T10 R26,I003,3,0.307813,0.277371,RECOVERED,I003-p3-s0.307813,research/traces/lane3/disturb-T10-R26.csv
Lane 3 alm_check,T10 R26,I003,4,0.307813,0.277246,RECOVERED,I003-p4-s0.307813,research/traces/lane3/disturb-T10-R26.csv
Lane 3 alm_check,T10 R26,I004,0,0.0828125,-0.083231,DIED,I004-p0-s0.082812,research/traces/lane3/disturb-T10-R26.csv
Lane 3 alm_check,T10 R26,I004,1,0.0796875,-0.079758,RECOVERED,I004-p1-s0.079687,research/traces/lane3/disturb-T10-R26.csv
Lane 3 alm_check,T10 R26,I004,2,0.0828125,-0.082872,DIED,I004-p2-s0.082812,research/traces/lane3/disturb-T10-R26.csv
Lane 3 alm_check,T10 R26,I004,3,0.0796875,-0.080216,RECOVERED,I004-p3-s0.079687,research/traces/lane3/disturb-T10-R26.csv
Lane 3 alm_check,T10 R26,I004,4,0.0796875,-0.079914,RECOVERED,I004-p4-s0.079687,research/traces/lane3/disturb-T10-R26.csv
Lane 3 alm_check,T10 R26,I001,0,0.0992188,-0.099219,RECOVERED,I001-p0-s0.099219,research/traces/lane3/disturb-T10-R26.csv
Lane 3 alm_check,T10 R26,I001,1,0.0992188,-0.099219,DIED,I001-p1-s0.099219,research/traces/lane3/disturb-T10-R26.csv
Lane 3 alm_check,T10 R26,I001,2,0.0992188,-0.099219,RECOVERED,I001-p2-s0.099219,research/traces/lane3/disturb-T10-R26.csv
Lane 3 alm_check,T10 R26,I001,3,0.0992188,-0.099219,DIED,I001-p3-s0.099219,research/traces/lane3/disturb-T10-R26.csv
Lane 3 alm_check,T10 R26,I001,4,0.0992188,-0.099219,DIED,I001-p4-s0.099219,research/traces/lane3/disturb-T10-R26.csv
Lane 3 alm_check,T10 R26,I002,0,0.0820313,-0.046539,RECOVERED,I002-p0-s0.082031,research/traces/lane3/disturb-T10-R26.csv
Lane 3 alm_check,T10 R26,I002,1,0.0804688,-0.049455,RECOVERED,I002-p1-s0.080469,research/traces/lane3/disturb-T10-R26.csv
Lane 3 alm_check,T10 R26,I002,2,0.0835938,-0.049538,RECOVERED,I002-p2-s0.083594,research/traces/lane3/disturb-T10-R26.csv
Lane 3 alm_check,T10 R26,I002,3,0.0898438,-0.049830,RECOVERED,I002-p3-s0.089844,research/traces/lane3/disturb-T10-R26.csv
Lane 3 alm_check,T10 R26,I002,4,0.0867188,-0.046385,RECOVERED,I002-p4-s0.086719,research/traces/lane3/disturb-T10-R26.csv
Lane 3 alm_check,T10 R26,I003,0,0.308594,0.277837,RECOVERED,I003-p0-s0.308594,research/traces/lane3/disturb-T10-R26.csv
Lane 3 alm_check,T10 R26,I003,1,0.310156,0.279553,DIED,I003-p1-s0.310156,research/traces/lane3/disturb-T10-R26.csv
Lane 3 alm_check,T10 R26,I003,2,0.307031,0.276486,RECOVERED,I003-p2-s0.307031,research/traces/lane3/disturb-T10-R26.csv
Lane 3 alm_check,T10 R26,I003,3,0.308594,0.278075,RECOVERED,I003-p3-s0.308594,research/traces/lane3/disturb-T10-R26.csv
Lane 3 alm_check,T10 R26,I003,4,0.308594,0.277950,DIED,I003-p4-s0.308594,research/traces/lane3/disturb-T10-R26.csv
Lane 3 alm_check,T10 R26,I004,0,0.0820313,-0.082504,DIED,I004-p0-s0.082031,research/traces/lane3/disturb-T10-R26.csv
Lane 3 alm_check,T10 R26,I004,1,0.0804688,-0.081044,DIED,I004-p1-s0.080469,research/traces/lane3/disturb-T10-R26.csv
Lane 3 alm_check,T10 R26,I004,2,0.0820313,-0.082533,DIED,I004-p2-s0.082031,research/traces/lane3/disturb-T10-R26.csv
Lane 3 alm_check,T10 R26,I004,3,0.0804688,-0.080641,RECOVERED,I004-p3-s0.080469,research/traces/lane3/disturb-T10-R26.csv
Lane 3 alm_check,T10 R26,I004,4,0.0804688,-0.080481,RECOVERED,I004-p4-s0.080469,research/traces/lane3/disturb-T10-R26.csv
Lane 4 ref,T10 R26,I001,0,0.0,0.000000,RECOVERED,L4-001-I001-s0.000000-t1000-N256-ref-R26,research/experiments/L4-001-disturbance-battery/results/R26/coarse.csv
Lane 4 ref,T10 R26,I001,0,0.05,-0.050000,RECOVERED,L4-001-I001-s0.050000-t1000-N256-ref-R26,research/experiments/L4-001-disturbance-battery/results/R26/coarse.csv
Lane 4 ref,T10 R26,I001,0,0.1,-0.100000,DIED,L4-001-I001-s0.100000-t1000-N256-ref-R26,research/experiments/L4-001-disturbance-battery/results/R26/coarse.csv
Lane 4 ref,T10 R26,I001,0,0.15,-0.150000,DIED,L4-001-I001-s0.150000-t1000-N256-ref-R26,research/experiments/L4-001-disturbance-battery/results/R26/coarse.csv
Lane 4 ref,T10 R26,I001,0,0.2,-0.200000,DIED,L4-001-I001-s0.200000-t1000-N256-ref-R26,research/experiments/L4-001-disturbance-battery/results/R26/coarse.csv
Lane 4 ref,T10 R26,I001,0,0.25,-0.250000,DIED,L4-001-I001-s0.250000-t1000-N256-ref-R26,research/experiments/L4-001-disturbance-battery/results/R26/coarse.csv
Lane 4 ref,T10 R26,I001,0,0.3,-0.300000,DIED,L4-001-I001-s0.300000-t1000-N256-ref-R26,research/experiments/L4-001-disturbance-battery/results/R26/coarse.csv
Lane 4 ref,T10 R26,I001,0,0.35,-0.350000,DIED,L4-001-I001-s0.350000-t1000-N256-ref-R26,research/experiments/L4-001-disturbance-battery/results/R26/coarse.csv
Lane 4 ref,T10 R26,I001,0,0.4,-0.400000,DIED,L4-001-I001-s0.400000-t1000-N256-ref-R26,research/experiments/L4-001-disturbance-battery/results/R26/coarse.csv
Lane 4 ref,T10 R26,I001,0,0.45,-0.450000,DIED,L4-001-I001-s0.450000-t1000-N256-ref-R26,research/experiments/L4-001-disturbance-battery/results/R26/coarse.csv
Lane 4 ref,T10 R26,I001,0,0.5,-0.500000,DIED,L4-001-I001-s0.500000-t1000-N256-ref-R26,research/experiments/L4-001-disturbance-battery/results/R26/coarse.csv
Lane 4 ref,T10 R26,I001,0,0.55,-0.550000,DIED,L4-001-I001-s0.550000-t1000-N256-ref-R26,research/experiments/L4-001-disturbance-battery/results/R26/coarse.csv
Lane 4 ref,T10 R26,I001,0,0.6,-0.600000,DIED,L4-001-I001-s0.600000-t1000-N256-ref-R26,research/experiments/L4-001-disturbance-battery/results/R26/coarse.csv
Lane 4 ref,T10 R26,I001,0,0.65,-0.650000,DIED,L4-001-I001-s0.650000-t1000-N256-ref-R26,research/experiments/L4-001-disturbance-battery/results/R26/coarse.csv
Lane 4 ref,T10 R26,I001,0,0.7,-0.700000,DIED,L4-001-I001-s0.700000-t1000-N256-ref-R26,research/experiments/L4-001-disturbance-battery/results/R26/coarse.csv
Lane 4 ref,T10 R26,I001,0,0.75,-0.750000,DIED,L4-001-I001-s0.750000-t1000-N256-ref-R26,research/experiments/L4-001-disturbance-battery/results/R26/coarse.csv
Lane 4 ref,T10 R26,I001,0,0.8,-0.800000,DIED,L4-001-I001-s0.800000-t1000-N256-ref-R26,research/experiments/L4-001-disturbance-battery/results/R26/coarse.csv
Lane 4 ref,T10 R26,I001,0,0.85,-0.850000,DIED,L4-001-I001-s0.850000-t1000-N256-ref-R26,research/experiments/L4-001-disturbance-battery/results/R26/coarse.csv
Lane 4 ref,T10 R26,I001,0,0.9,-0.900000,DIED,L4-001-I001-s0.900000-t1000-N256-ref-R26,research/experiments/L4-001-disturbance-battery/results/R26/coarse.csv
Lane 4 ref,T10 R26,I001,0,0.95,-0.950000,DIED,L4-001-I001-s0.950000-t1000-N256-ref-R26,research/experiments/L4-001-disturbance-battery/results/R26/coarse.csv
Lane 4 ref,T10 R26,I002,0,0.0,0.000000,RECOVERED,L4-001-I002-s0.000000-t1000-N256-ref-R26,research/experiments/L4-001-disturbance-battery/results/R26/coarse.csv
Lane 4 ref,T10 R26,I002,0,0.05,-0.020073,RECOVERED,L4-001-I002-s0.050000-t1000-N256-ref-R26,research/experiments/L4-001-disturbance-battery/results/R26/coarse.csv
Lane 4 ref,T10 R26,I002,0,0.1,-0.069073,DIED,L4-001-I002-s0.100000-t1000-N256-ref-R26,research/experiments/L4-001-disturbance-battery/results/R26/coarse.csv
Lane 4 ref,T10 R26,I002,0,0.15,-0.147275,DIED,L4-001-I002-s0.150000-t1000-N256-ref-R26,research/experiments/L4-001-disturbance-battery/results/R26/coarse.csv
Lane 4 ref,T10 R26,I002,0,0.2,-0.264924,DIED,L4-001-I002-s0.200000-t1000-N256-ref-R26,research/experiments/L4-001-disturbance-battery/results/R26/coarse.csv
Lane 4 ref,T10 R26,I002,0,0.25,-0.361569,DIED,L4-001-I002-s0.250000-t1000-N256-ref-R26,research/experiments/L4-001-disturbance-battery/results/R26/coarse.csv
Lane 4 ref,T10 R26,I002,0,0.3,-0.434618,DIED,L4-001-I002-s0.300000-t1000-N256-ref-R26,research/experiments/L4-001-disturbance-battery/results/R26/coarse.csv
Lane 4 ref,T10 R26,I002,0,0.35,-0.501074,DIED,L4-001-I002-s0.350000-t1000-N256-ref-R26,research/experiments/L4-001-disturbance-battery/results/R26/coarse.csv
Lane 4 ref,T10 R26,I002,0,0.4,-0.556796,DIED,L4-001-I002-s0.400000-t1000-N256-ref-R26,research/experiments/L4-001-disturbance-battery/results/R26/coarse.csv
Lane 4 ref,T10 R26,I002,0,0.45,-0.603477,DIED,L4-001-I002-s0.450000-t1000-N256-ref-R26,research/experiments/L4-001-disturbance-battery/results/R26/coarse.csv
Lane 4 ref,T10 R26,I002,0,0.5,-0.647191,DIED,L4-001-I002-s0.500000-t1000-N256-ref-R26,research/experiments/L4-001-disturbance-battery/results/R26/coarse.csv
Lane 4 ref,T10 R26,I002,0,0.55,-0.699805,DIED,L4-001-I002-s0.550000-t1000-N256-ref-R26,research/experiments/L4-001-disturbance-battery/results/R26/coarse.csv
Lane 4 ref,T10 R26,I002,0,0.6,-0.764626,DIED,L4-001-I002-s0.600000-t1000-N256-ref-R26,research/experiments/L4-001-disturbance-battery/results/R26/coarse.csv
Lane 4 ref,T10 R26,I002,0,0.65,-0.863998,DIED,L4-001-I002-s0.650000-t1000-N256-ref-R26,research/experiments/L4-001-disturbance-battery/results/R26/coarse.csv
Lane 4 ref,T10 R26,I002,0,0.7,-0.941087,DIED,L4-001-I002-s0.700000-t1000-N256-ref-R26,research/experiments/L4-001-disturbance-battery/results/R26/coarse.csv
Lane 4 ref,T10 R26,I002,0,0.75,-0.976340,DIED,L4-001-I002-s0.750000-t1000-N256-ref-R26,research/experiments/L4-001-disturbance-battery/results/R26/coarse.csv
Lane 4 ref,T10 R26,I002,0,0.8,-0.990299,DIED,L4-001-I002-s0.800000-t1000-N256-ref-R26,research/experiments/L4-001-disturbance-battery/results/R26/coarse.csv
Lane 4 ref,T10 R26,I002,0,0.85,-0.997957,DIED,L4-001-I002-s0.850000-t1000-N256-ref-R26,research/experiments/L4-001-disturbance-battery/results/R26/coarse.csv
Lane 4 ref,T10 R26,I002,0,0.9,-0.999842,DIED,L4-001-I002-s0.900000-t1000-N256-ref-R26,research/experiments/L4-001-disturbance-battery/results/R26/coarse.csv
Lane 4 ref,T10 R26,I002,0,0.95,-1.000000,DIED,L4-001-I002-s0.950000-t1000-N256-ref-R26,research/experiments/L4-001-disturbance-battery/results/R26/coarse.csv
Lane 4 ref,T10 R26,I002,0,1.0,-1.000000,DIED,L4-001-I002-s1.000000-t1000-N256-ref-R26,research/experiments/L4-001-disturbance-battery/results/R26/coarse.csv
Lane 4 ref,T10 R26,I003,0,0.0,0.000000,RECOVERED,L4-001-I003-s0.000000-t1000-N256-ref-R26,research/experiments/L4-001-disturbance-battery/results/R26/coarse.csv
Lane 4 ref,T10 R26,I003,0,0.05,0.045017,RECOVERED,L4-001-I003-s0.050000-t1000-N256-ref-R26,research/experiments/L4-001-disturbance-battery/results/R26/coarse.csv
Lane 4 ref,T10 R26,I003,0,0.1,0.090033,RECOVERED,L4-001-I003-s0.100000-t1000-N256-ref-R26,research/experiments/L4-001-disturbance-battery/results/R26/coarse.csv
Lane 4 ref,T10 R26,I003,0,0.15,0.135050,RECOVERED,L4-001-I003-s0.150000-t1000-N256-ref-R26,research/experiments/L4-001-disturbance-battery/results/R26/coarse.csv
Lane 4 ref,T10 R26,I003,0,0.2,0.180067,RECOVERED,L4-001-I003-s0.200000-t1000-N256-ref-R26,research/experiments/L4-001-disturbance-battery/results/R26/coarse.csv
Lane 4 ref,T10 R26,I003,0,0.25,0.225083,RECOVERED,L4-001-I003-s0.250000-t1000-N256-ref-R26,research/experiments/L4-001-disturbance-battery/results/R26/coarse.csv
Lane 4 ref,T10 R26,I003,0,0.3,0.270100,RECOVERED,L4-001-I003-s0.300000-t1000-N256-ref-R26,research/experiments/L4-001-disturbance-battery/results/R26/coarse.csv
Lane 4 ref,T10 R26,I003,0,0.35,0.315116,DIED,L4-001-I003-s0.350000-t1000-N256-ref-R26,research/experiments/L4-001-disturbance-battery/results/R26/coarse.csv
Lane 4 ref,T10 R26,I003,0,0.4,0.360133,DIED,L4-001-I003-s0.400000-t1000-N256-ref-R26,research/experiments/L4-001-disturbance-battery/results/R26/coarse.csv
Lane 4 ref,T10 R26,I003,0,0.45,0.405150,DIED,L4-001-I003-s0.450000-t1000-N256-ref-R26,research/experiments/L4-001-disturbance-battery/results/R26/coarse.csv
Lane 4 ref,T10 R26,I003,0,0.5,0.450166,DIED,L4-001-I003-s0.500000-t1000-N256-ref-R26,research/experiments/L4-001-disturbance-battery/results/R26/coarse.csv
Lane 4 ref,T10 R26,I003,0,0.55,0.495183,DIED,L4-001-I003-s0.550000-t1000-N256-ref-R26,research/experiments/L4-001-disturbance-battery/results/R26/coarse.csv
Lane 4 ref,T10 R26,I003,0,0.6,0.540200,DIED,L4-001-I003-s0.600000-t1000-N256-ref-R26,research/experiments/L4-001-disturbance-battery/results/R26/coarse.csv
Lane 4 ref,T10 R26,I003,0,0.65,0.585216,DIED,L4-001-I003-s0.650000-t1000-N256-ref-R26,research/experiments/L4-001-disturbance-battery/results/R26/coarse.csv
Lane 4 ref,T10 R26,I003,0,0.7,0.630233,DIED,L4-001-I003-s0.700000-t1000-N256-ref-R26,research/experiments/L4-001-disturbance-battery/results/R26/coarse.csv
Lane 4 ref,T10 R26,I003,0,0.75,0.675250,DIED,L4-001-I003-s0.750000-t1000-N256-ref-R26,research/experiments/L4-001-disturbance-battery/results/R26/coarse.csv
Lane 4 ref,T10 R26,I003,0,0.8,0.720266,DIED,L4-001-I003-s0.800000-t1000-N256-ref-R26,research/experiments/L4-001-disturbance-battery/results/R26/coarse.csv
Lane 4 ref,T10 R26,I003,0,0.85,0.765283,DIED,L4-001-I003-s0.850000-t1000-N256-ref-R26,research/experiments/L4-001-disturbance-battery/results/R26/coarse.csv
Lane 4 ref,T10 R26,I003,0,0.9,0.810299,DIED,L4-001-I003-s0.900000-t1000-N256-ref-R26,research/experiments/L4-001-disturbance-battery/results/R26/coarse.csv
Lane 4 ref,T10 R26,I003,0,0.95,0.855316,DIED,L4-001-I003-s0.950000-t1000-N256-ref-R26,research/experiments/L4-001-disturbance-battery/results/R26/coarse.csv
Lane 4 ref,T10 R26,I003,0,1.0,0.900333,DIED,L4-001-I003-s1.000000-t1000-N256-ref-R26,research/experiments/L4-001-disturbance-battery/results/R26/coarse.csv
Lane 4 ref,T10 R26,I004,0,0.0,0.000000,RECOVERED,L4-001-I004-s0.000000-t1000-N256-ref-R26,research/experiments/L4-001-disturbance-battery/results/R26/coarse.csv
Lane 4 ref,T10 R26,I004,0,0.05,-0.050694,RECOVERED,L4-001-I004-s0.050000-t1000-N256-ref-R26,research/experiments/L4-001-disturbance-battery/results/R26/coarse.csv
Lane 4 ref,T10 R26,I004,0,0.1,-0.100234,DIED,L4-001-I004-s0.100000-t1000-N256-ref-R26,research/experiments/L4-001-disturbance-battery/results/R26/coarse.csv
Lane 4 ref,T10 R26,I004,0,0.15,-0.150433,DIED,L4-001-I004-s0.150000-t1000-N256-ref-R26,research/experiments/L4-001-disturbance-battery/results/R26/coarse.csv
Lane 4 ref,T10 R26,I004,0,0.2,-0.201817,DIED,L4-001-I004-s0.200000-t1000-N256-ref-R26,research/experiments/L4-001-disturbance-battery/results/R26/coarse.csv
Lane 4 ref,T10 R26,I004,0,0.25,-0.250835,DIED,L4-001-I004-s0.250000-t1000-N256-ref-R26,research/experiments/L4-001-disturbance-battery/results/R26/coarse.csv
Lane 4 ref,T10 R26,I004,0,0.3,-0.303257,DIED,L4-001-I004-s0.300000-t1000-N256-ref-R26,research/experiments/L4-001-disturbance-battery/results/R26/coarse.csv
Lane 4 ref,T10 R26,I004,0,0.35,-0.351713,DIED,L4-001-I004-s0.350000-t1000-N256-ref-R26,research/experiments/L4-001-disturbance-battery/results/R26/coarse.csv
Lane 4 ref,T10 R26,I004,0,0.4,-0.400812,DIED,L4-001-I004-s0.400000-t1000-N256-ref-R26,research/experiments/L4-001-disturbance-battery/results/R26/coarse.csv
Lane 4 ref,T10 R26,I004,0,0.45,-0.451100,DIED,L4-001-I004-s0.450000-t1000-N256-ref-R26,research/experiments/L4-001-disturbance-battery/results/R26/coarse.csv
Lane 4 ref,T10 R26,I004,0,0.5,-0.501176,DIED,L4-001-I004-s0.500000-t1000-N256-ref-R26,research/experiments/L4-001-disturbance-battery/results/R26/coarse.csv
Lane 4 ref,T10 R26,I004,0,0.55,-0.550180,DIED,L4-001-I004-s0.550000-t1000-N256-ref-R26,research/experiments/L4-001-disturbance-battery/results/R26/coarse.csv
Lane 4 ref,T10 R26,I004,0,0.6,-0.600347,DIED,L4-001-I004-s0.600000-t1000-N256-ref-R26,research/experiments/L4-001-disturbance-battery/results/R26/coarse.csv
Lane 4 ref,T10 R26,I004,0,0.65,-0.652337,DIED,L4-001-I004-s0.650000-t1000-N256-ref-R26,research/experiments/L4-001-disturbance-battery/results/R26/coarse.csv
Lane 4 ref,T10 R26,I004,0,0.7,-0.701356,DIED,L4-001-I004-s0.700000-t1000-N256-ref-R26,research/experiments/L4-001-disturbance-battery/results/R26/coarse.csv
Lane 4 ref,T10 R26,I004,0,0.75,-0.750093,DIED,L4-001-I004-s0.750000-t1000-N256-ref-R26,research/experiments/L4-001-disturbance-battery/results/R26/coarse.csv
Lane 4 ref,T10 R26,I004,0,0.8,-0.800917,DIED,L4-001-I004-s0.800000-t1000-N256-ref-R26,research/experiments/L4-001-disturbance-battery/results/R26/coarse.csv
Lane 4 ref,T10 R26,I004,0,0.85,-0.850220,DIED,L4-001-I004-s0.850000-t1000-N256-ref-R26,research/experiments/L4-001-disturbance-battery/results/R26/coarse.csv
Lane 4 ref,T10 R26,I004,0,0.9,-0.900429,DIED,L4-001-I004-s0.900000-t1000-N256-ref-R26,research/experiments/L4-001-disturbance-battery/results/R26/coarse.csv
Lane 4 ref,T10 R26,I004,0,0.95,-0.951028,DIED,L4-001-I004-s0.950000-t1000-N256-ref-R26,research/experiments/L4-001-disturbance-battery/results/R26/coarse.csv
Lane 4 ref,T10 R26,I001,0,0.075,-0.075000,RECOVERED,L4-001-I001-s0.075000-t1000-N256-ref-R26,research/experiments/L4-001-disturbance-battery/results/R26/bisect.csv
Lane 4 ref,T10 R26,I001,0,0.0875,-0.087500,RECOVERED,L4-001-I001-s0.087500-t1000-N256-ref-R26,research/experiments/L4-001-disturbance-battery/results/R26/bisect.csv
Lane 4 ref,T10 R26,I001,0,0.09375,-0.093750,RECOVERED,L4-001-I001-s0.093750-t1000-N256-ref-R26,research/experiments/L4-001-disturbance-battery/results/R26/bisect.csv
Lane 4 ref,T10 R26,I001,0,0.096875,-0.096875,RECOVERED,L4-001-I001-s0.096875-t1000-N256-ref-R26,research/experiments/L4-001-disturbance-battery/results/R26/bisect.csv
Lane 4 ref,T10 R26,I002,0,0.075,-0.033236,RECOVERED,L4-001-I002-s0.075000-t1000-N256-ref-R26,research/experiments/L4-001-disturbance-battery/results/R26/bisect.csv
Lane 4 ref,T10 R26,I002,0,0.0875,-0.059561,DIED,L4-001-I002-s0.087500-t1000-N256-ref-R26,research/experiments/L4-001-disturbance-battery/results/R26/bisect.csv
Lane 4 ref,T10 R26,I002,0,0.08125,-0.043237,RECOVERED,L4-001-I002-s0.081250-t1000-N256-ref-R26,research/experiments/L4-001-disturbance-battery/results/R26/bisect.csv
Lane 4 ref,T10 R26,I002,0,0.084375,-0.052778,DIED,L4-001-I002-s0.084375-t1000-N256-ref-R26,research/experiments/L4-001-disturbance-battery/results/R26/bisect.csv
Lane 4 ref,T10 R26,I003,0,0.325,0.292608,DIED,L4-001-I003-s0.325000-t1000-N256-ref-R26,research/experiments/L4-001-disturbance-battery/results/R26/bisect.csv
Lane 4 ref,T10 R26,I003,0,0.3125,0.281354,DIED,L4-001-I003-s0.312500-t1000-N256-ref-R26,research/experiments/L4-001-disturbance-battery/results/R26/bisect.csv
Lane 4 ref,T10 R26,I003,0,0.30625,0.275727,RECOVERED,L4-001-I003-s0.306250-t1000-N256-ref-R26,research/experiments/L4-001-disturbance-battery/results/R26/bisect.csv
Lane 4 ref,T10 R26,I003,0,0.309375,0.278540,DIED,L4-001-I003-s0.309375-t1000-N256-ref-R26,research/experiments/L4-001-disturbance-battery/results/R26/bisect.csv
Lane 4 ref,T10 R26,I004,0,0.075,-0.075228,RECOVERED,L4-001-I004-s0.075000-t1000-N256-ref-R26,research/experiments/L4-001-disturbance-battery/results/R26/bisect.csv
Lane 4 ref,T10 R26,I004,0,0.0875,-0.087984,DIED,L4-001-I004-s0.087500-t1000-N256-ref-R26,research/experiments/L4-001-disturbance-battery/results/R26/bisect.csv
Lane 4 ref,T10 R26,I004,0,0.08125,-0.081534,RECOVERED,L4-001-I004-s0.081250-t1000-N256-ref-R26,research/experiments/L4-001-disturbance-battery/results/R26/bisect.csv
Lane 4 ref,T10 R26,I004,0,0.084375,-0.084606,DIED,L4-001-I004-s0.084375-t1000-N256-ref-R26,research/experiments/L4-001-disturbance-battery/results/R26/bisect.csv
Lane 4 ref,T20 R13,I001,0,0.0,0.000000,RECOVERED,L4-001-I001-s0.000000-t2000-N128-ref-T20,research/experiments/L4-001-disturbance-battery/results/T20/coarse.csv
Lane 4 ref,T20 R13,I001,0,0.05,-0.050000,RECOVERED,L4-001-I001-s0.050000-t2000-N128-ref-T20,research/experiments/L4-001-disturbance-battery/results/T20/coarse.csv
Lane 4 ref,T20 R13,I001,0,0.1,-0.100000,RECOVERED,L4-001-I001-s0.100000-t2000-N128-ref-T20,research/experiments/L4-001-disturbance-battery/results/T20/coarse.csv
Lane 4 ref,T20 R13,I001,0,0.15,-0.150000,DIED,L4-001-I001-s0.150000-t2000-N128-ref-T20,research/experiments/L4-001-disturbance-battery/results/T20/coarse.csv
Lane 4 ref,T20 R13,I001,0,0.2,-0.200000,DIED,L4-001-I001-s0.200000-t2000-N128-ref-T20,research/experiments/L4-001-disturbance-battery/results/T20/coarse.csv
Lane 4 ref,T20 R13,I001,0,0.25,-0.250000,DIED,L4-001-I001-s0.250000-t2000-N128-ref-T20,research/experiments/L4-001-disturbance-battery/results/T20/coarse.csv
Lane 4 ref,T20 R13,I001,0,0.3,-0.300000,DIED,L4-001-I001-s0.300000-t2000-N128-ref-T20,research/experiments/L4-001-disturbance-battery/results/T20/coarse.csv
Lane 4 ref,T20 R13,I001,0,0.35,-0.350000,DIED,L4-001-I001-s0.350000-t2000-N128-ref-T20,research/experiments/L4-001-disturbance-battery/results/T20/coarse.csv
Lane 4 ref,T20 R13,I001,0,0.4,-0.400000,DIED,L4-001-I001-s0.400000-t2000-N128-ref-T20,research/experiments/L4-001-disturbance-battery/results/T20/coarse.csv
Lane 4 ref,T20 R13,I001,0,0.45,-0.450000,DIED,L4-001-I001-s0.450000-t2000-N128-ref-T20,research/experiments/L4-001-disturbance-battery/results/T20/coarse.csv
Lane 4 ref,T20 R13,I001,0,0.5,-0.500000,DIED,L4-001-I001-s0.500000-t2000-N128-ref-T20,research/experiments/L4-001-disturbance-battery/results/T20/coarse.csv
Lane 4 ref,T20 R13,I001,0,0.55,-0.550000,DIED,L4-001-I001-s0.550000-t2000-N128-ref-T20,research/experiments/L4-001-disturbance-battery/results/T20/coarse.csv
Lane 4 ref,T20 R13,I001,0,0.6,-0.600000,DIED,L4-001-I001-s0.600000-t2000-N128-ref-T20,research/experiments/L4-001-disturbance-battery/results/T20/coarse.csv
Lane 4 ref,T20 R13,I001,0,0.65,-0.650000,DIED,L4-001-I001-s0.650000-t2000-N128-ref-T20,research/experiments/L4-001-disturbance-battery/results/T20/coarse.csv
Lane 4 ref,T20 R13,I001,0,0.7,-0.700000,DIED,L4-001-I001-s0.700000-t2000-N128-ref-T20,research/experiments/L4-001-disturbance-battery/results/T20/coarse.csv
Lane 4 ref,T20 R13,I001,0,0.75,-0.750000,DIED,L4-001-I001-s0.750000-t2000-N128-ref-T20,research/experiments/L4-001-disturbance-battery/results/T20/coarse.csv
Lane 4 ref,T20 R13,I001,0,0.8,-0.800000,DIED,L4-001-I001-s0.800000-t2000-N128-ref-T20,research/experiments/L4-001-disturbance-battery/results/T20/coarse.csv
Lane 4 ref,T20 R13,I001,0,0.85,-0.850000,DIED,L4-001-I001-s0.850000-t2000-N128-ref-T20,research/experiments/L4-001-disturbance-battery/results/T20/coarse.csv
Lane 4 ref,T20 R13,I001,0,0.9,-0.900000,DIED,L4-001-I001-s0.900000-t2000-N128-ref-T20,research/experiments/L4-001-disturbance-battery/results/T20/coarse.csv
Lane 4 ref,T20 R13,I001,0,0.95,-0.950000,DIED,L4-001-I001-s0.950000-t2000-N128-ref-T20,research/experiments/L4-001-disturbance-battery/results/T20/coarse.csv
Lane 4 ref,T20 R13,I002,0,0.0,0.000000,RECOVERED,L4-001-I002-s0.000000-t2000-N128-ref-T20,research/experiments/L4-001-disturbance-battery/results/T20/coarse.csv
Lane 4 ref,T20 R13,I002,0,0.05,-0.012780,RECOVERED,L4-001-I002-s0.050000-t2000-N128-ref-T20,research/experiments/L4-001-disturbance-battery/results/T20/coarse.csv
Lane 4 ref,T20 R13,I002,0,0.1,-0.089436,DIED,L4-001-I002-s0.100000-t2000-N128-ref-T20,research/experiments/L4-001-disturbance-battery/results/T20/coarse.csv
Lane 4 ref,T20 R13,I002,0,0.15,-0.124776,DIED,L4-001-I002-s0.150000-t2000-N128-ref-T20,research/experiments/L4-001-disturbance-battery/results/T20/coarse.csv
Lane 4 ref,T20 R13,I002,0,0.2,-0.252573,DIED,L4-001-I002-s0.200000-t2000-N128-ref-T20,research/experiments/L4-001-disturbance-battery/results/T20/coarse.csv
Lane 4 ref,T20 R13,I002,0,0.25,-0.345406,DIED,L4-001-I002-s0.250000-t2000-N128-ref-T20,research/experiments/L4-001-disturbance-battery/results/T20/coarse.csv
Lane 4 ref,T20 R13,I002,0,0.3,-0.436972,DIED,L4-001-I002-s0.300000-t2000-N128-ref-T20,research/experiments/L4-001-disturbance-battery/results/T20/coarse.csv
Lane 4 ref,T20 R13,I002,0,0.35,-0.499517,DIED,L4-001-I002-s0.350000-t2000-N128-ref-T20,research/experiments/L4-001-disturbance-battery/results/T20/coarse.csv
Lane 4 ref,T20 R13,I002,0,0.4,-0.546088,DIED,L4-001-I002-s0.400000-t2000-N128-ref-T20,research/experiments/L4-001-disturbance-battery/results/T20/coarse.csv
Lane 4 ref,T20 R13,I002,0,0.45,-0.598982,DIED,L4-001-I002-s0.450000-t2000-N128-ref-T20,research/experiments/L4-001-disturbance-battery/results/T20/coarse.csv
Lane 4 ref,T20 R13,I002,0,0.5,-0.637918,DIED,L4-001-I002-s0.500000-t2000-N128-ref-T20,research/experiments/L4-001-disturbance-battery/results/T20/coarse.csv
Lane 4 ref,T20 R13,I002,0,0.55,-0.697713,DIED,L4-001-I002-s0.550000-t2000-N128-ref-T20,research/experiments/L4-001-disturbance-battery/results/T20/coarse.csv
Lane 4 ref,T20 R13,I002,0,0.6,-0.766582,DIED,L4-001-I002-s0.600000-t2000-N128-ref-T20,research/experiments/L4-001-disturbance-battery/results/T20/coarse.csv
Lane 4 ref,T20 R13,I002,0,0.65,-0.896871,DIED,L4-001-I002-s0.650000-t2000-N128-ref-T20,research/experiments/L4-001-disturbance-battery/results/T20/coarse.csv
Lane 4 ref,T20 R13,I002,0,0.7,-0.948513,DIED,L4-001-I002-s0.700000-t2000-N128-ref-T20,research/experiments/L4-001-disturbance-battery/results/T20/coarse.csv
Lane 4 ref,T20 R13,I002,0,0.75,-0.979238,DIED,L4-001-I002-s0.750000-t2000-N128-ref-T20,research/experiments/L4-001-disturbance-battery/results/T20/coarse.csv
Lane 4 ref,T20 R13,I002,0,0.8,-0.991578,DIED,L4-001-I002-s0.800000-t2000-N128-ref-T20,research/experiments/L4-001-disturbance-battery/results/T20/coarse.csv
Lane 4 ref,T20 R13,I002,0,0.85,-0.997328,DIED,L4-001-I002-s0.850000-t2000-N128-ref-T20,research/experiments/L4-001-disturbance-battery/results/T20/coarse.csv
Lane 4 ref,T20 R13,I002,0,0.9,-0.999908,DIED,L4-001-I002-s0.900000-t2000-N128-ref-T20,research/experiments/L4-001-disturbance-battery/results/T20/coarse.csv
Lane 4 ref,T20 R13,I002,0,0.95,-0.999908,DIED,L4-001-I002-s0.950000-t2000-N128-ref-T20,research/experiments/L4-001-disturbance-battery/results/T20/coarse.csv
Lane 4 ref,T20 R13,I002,0,1.0,-1.000000,DIED,L4-001-I002-s1.000000-t2000-N128-ref-T20,research/experiments/L4-001-disturbance-battery/results/T20/coarse.csv
Lane 4 ref,T20 R13,I003,0,0.0,0.000000,RECOVERED,L4-001-I003-s0.000000-t2000-N128-ref-T20,research/experiments/L4-001-disturbance-battery/results/T20/coarse.csv
Lane 4 ref,T20 R13,I003,0,0.05,0.045430,RECOVERED,L4-001-I003-s0.050000-t2000-N128-ref-T20,research/experiments/L4-001-disturbance-battery/results/T20/coarse.csv
Lane 4 ref,T20 R13,I003,0,0.1,0.090859,RECOVERED,L4-001-I003-s0.100000-t2000-N128-ref-T20,research/experiments/L4-001-disturbance-battery/results/T20/coarse.csv
Lane 4 ref,T20 R13,I003,0,0.15,0.136289,RECOVERED,L4-001-I003-s0.150000-t2000-N128-ref-T20,research/experiments/L4-001-disturbance-battery/results/T20/coarse.csv
Lane 4 ref,T20 R13,I003,0,0.2,0.181719,RECOVERED,L4-001-I003-s0.200000-t2000-N128-ref-T20,research/experiments/L4-001-disturbance-battery/results/T20/coarse.csv
Lane 4 ref,T20 R13,I003,0,0.25,0.227148,RECOVERED,L4-001-I003-s0.250000-t2000-N128-ref-T20,research/experiments/L4-001-disturbance-battery/results/T20/coarse.csv
Lane 4 ref,T20 R13,I003,0,0.3,0.272578,RECOVERED,L4-001-I003-s0.300000-t2000-N128-ref-T20,research/experiments/L4-001-disturbance-battery/results/T20/coarse.csv
Lane 4 ref,T20 R13,I003,0,0.35,0.318008,DIED,L4-001-I003-s0.350000-t2000-N128-ref-T20,research/experiments/L4-001-disturbance-battery/results/T20/coarse.csv
Lane 4 ref,T20 R13,I003,0,0.4,0.363437,DIED,L4-001-I003-s0.400000-t2000-N128-ref-T20,research/experiments/L4-001-disturbance-battery/results/T20/coarse.csv
Lane 4 ref,T20 R13,I003,0,0.45,0.408867,DIED,L4-001-I003-s0.450000-t2000-N128-ref-T20,research/experiments/L4-001-disturbance-battery/results/T20/coarse.csv
Lane 4 ref,T20 R13,I003,0,0.5,0.454296,DIED,L4-001-I003-s0.500000-t2000-N128-ref-T20,research/experiments/L4-001-disturbance-battery/results/T20/coarse.csv
Lane 4 ref,T20 R13,I003,0,0.55,0.499726,DIED,L4-001-I003-s0.550000-t2000-N128-ref-T20,research/experiments/L4-001-disturbance-battery/results/T20/coarse.csv
Lane 4 ref,T20 R13,I003,0,0.6,0.545156,DIED,L4-001-I003-s0.600000-t2000-N128-ref-T20,research/experiments/L4-001-disturbance-battery/results/T20/coarse.csv
Lane 4 ref,T20 R13,I003,0,0.65,0.590585,DIED,L4-001-I003-s0.650000-t2000-N128-ref-T20,research/experiments/L4-001-disturbance-battery/results/T20/coarse.csv
Lane 4 ref,T20 R13,I003,0,0.7,0.636015,DIED,L4-001-I003-s0.700000-t2000-N128-ref-T20,research/experiments/L4-001-disturbance-battery/results/T20/coarse.csv
Lane 4 ref,T20 R13,I003,0,0.75,0.681445,DIED,L4-001-I003-s0.750000-t2000-N128-ref-T20,research/experiments/L4-001-disturbance-battery/results/T20/coarse.csv
Lane 4 ref,T20 R13,I003,0,0.8,0.726874,DIED,L4-001-I003-s0.800000-t2000-N128-ref-T20,research/experiments/L4-001-disturbance-battery/results/T20/coarse.csv
Lane 4 ref,T20 R13,I003,0,0.85,0.772304,DIED,L4-001-I003-s0.850000-t2000-N128-ref-T20,research/experiments/L4-001-disturbance-battery/results/T20/coarse.csv
Lane 4 ref,T20 R13,I003,0,0.9,0.817734,DIED,L4-001-I003-s0.900000-t2000-N128-ref-T20,research/experiments/L4-001-disturbance-battery/results/T20/coarse.csv
Lane 4 ref,T20 R13,I003,0,0.95,0.863163,DIED,L4-001-I003-s0.950000-t2000-N128-ref-T20,research/experiments/L4-001-disturbance-battery/results/T20/coarse.csv
Lane 4 ref,T20 R13,I003,0,1.0,0.908593,DIED,L4-001-I003-s1.000000-t2000-N128-ref-T20,research/experiments/L4-001-disturbance-battery/results/T20/coarse.csv
Lane 4 ref,T20 R13,I004,0,0.0,0.000000,RECOVERED,L4-001-I004-s0.000000-t2000-N128-ref-T20,research/experiments/L4-001-disturbance-battery/results/T20/coarse.csv
Lane 4 ref,T20 R13,I004,0,0.05,-0.053786,RECOVERED,L4-001-I004-s0.050000-t2000-N128-ref-T20,research/experiments/L4-001-disturbance-battery/results/T20/coarse.csv
Lane 4 ref,T20 R13,I004,0,0.1,-0.100124,DIED,L4-001-I004-s0.100000-t2000-N128-ref-T20,research/experiments/L4-001-disturbance-battery/results/T20/coarse.csv
Lane 4 ref,T20 R13,I004,0,0.15,-0.157561,DIED,L4-001-I004-s0.150000-t2000-N128-ref-T20,research/experiments/L4-001-disturbance-battery/results/T20/coarse.csv
Lane 4 ref,T20 R13,I004,0,0.2,-0.200742,DIED,L4-001-I004-s0.200000-t2000-N128-ref-T20,research/experiments/L4-001-disturbance-battery/results/T20/coarse.csv
Lane 4 ref,T20 R13,I004,0,0.25,-0.257204,DIED,L4-001-I004-s0.250000-t2000-N128-ref-T20,research/experiments/L4-001-disturbance-battery/results/T20/coarse.csv
Lane 4 ref,T20 R13,I004,0,0.3,-0.304663,DIED,L4-001-I004-s0.300000-t2000-N128-ref-T20,research/experiments/L4-001-disturbance-battery/results/T20/coarse.csv
Lane 4 ref,T20 R13,I004,0,0.35,-0.354160,DIED,L4-001-I004-s0.350000-t2000-N128-ref-T20,research/experiments/L4-001-disturbance-battery/results/T20/coarse.csv
Lane 4 ref,T20 R13,I004,0,0.4,-0.405838,DIED,L4-001-I004-s0.400000-t2000-N128-ref-T20,research/experiments/L4-001-disturbance-battery/results/T20/coarse.csv
Lane 4 ref,T20 R13,I004,0,0.45,-0.456230,DIED,L4-001-I004-s0.450000-t2000-N128-ref-T20,research/experiments/L4-001-disturbance-battery/results/T20/coarse.csv
Lane 4 ref,T20 R13,I004,0,0.5,-0.502833,DIED,L4-001-I004-s0.500000-t2000-N128-ref-T20,research/experiments/L4-001-disturbance-battery/results/T20/coarse.csv
Lane 4 ref,T20 R13,I004,0,0.55,-0.559792,DIED,L4-001-I004-s0.550000-t2000-N128-ref-T20,research/experiments/L4-001-disturbance-battery/results/T20/coarse.csv
Lane 4 ref,T20 R13,I004,0,0.6,-0.610577,DIED,L4-001-I004-s0.600000-t2000-N128-ref-T20,research/experiments/L4-001-disturbance-battery/results/T20/coarse.csv
Lane 4 ref,T20 R13,I004,0,0.65,-0.660804,DIED,L4-001-I004-s0.650000-t2000-N128-ref-T20,research/experiments/L4-001-disturbance-battery/results/T20/coarse.csv
Lane 4 ref,T20 R13,I004,0,0.7,-0.700649,DIED,L4-001-I004-s0.700000-t2000-N128-ref-T20,research/experiments/L4-001-disturbance-battery/results/T20/coarse.csv
Lane 4 ref,T20 R13,I004,0,0.75,-0.751084,DIED,L4-001-I004-s0.750000-t2000-N128-ref-T20,research/experiments/L4-001-disturbance-battery/results/T20/coarse.csv
Lane 4 ref,T20 R13,I004,0,0.8,-0.801108,DIED,L4-001-I004-s0.800000-t2000-N128-ref-T20,research/experiments/L4-001-disturbance-battery/results/T20/coarse.csv
Lane 4 ref,T20 R13,I004,0,0.85,-0.856267,DIED,L4-001-I004-s0.850000-t2000-N128-ref-T20,research/experiments/L4-001-disturbance-battery/results/T20/coarse.csv
Lane 4 ref,T20 R13,I004,0,0.9,-0.902368,DIED,L4-001-I004-s0.900000-t2000-N128-ref-T20,research/experiments/L4-001-disturbance-battery/results/T20/coarse.csv
Lane 4 ref,T20 R13,I004,0,0.95,-0.953683,DIED,L4-001-I004-s0.950000-t2000-N128-ref-T20,research/experiments/L4-001-disturbance-battery/results/T20/coarse.csv
Lane 4 ref,T20 R13,I001,0,0.125,-0.125000,DIED,L4-001-I001-s0.125000-t2000-N128-ref-T20,research/experiments/L4-001-disturbance-battery/results/T20/bisect.csv
Lane 4 ref,T20 R13,I001,0,0.1125,-0.112500,DIED,L4-001-I001-s0.112500-t2000-N128-ref-T20,research/experiments/L4-001-disturbance-battery/results/T20/bisect.csv
Lane 4 ref,T20 R13,I001,0,0.10625,-0.106250,DIED,L4-001-I001-s0.106250-t2000-N128-ref-T20,research/experiments/L4-001-disturbance-battery/results/T20/bisect.csv
Lane 4 ref,T20 R13,I001,0,0.103125,-0.103125,RECOVERED,L4-001-I001-s0.103125-t2000-N128-ref-T20,research/experiments/L4-001-disturbance-battery/results/T20/bisect.csv
Lane 4 ref,T20 R13,I002,0,0.075,-0.038636,RECOVERED,L4-001-I002-s0.075000-t2000-N128-ref-T20,research/experiments/L4-001-disturbance-battery/results/T20/bisect.csv
Lane 4 ref,T20 R13,I002,0,0.0875,-0.052101,DIED,L4-001-I002-s0.087500-t2000-N128-ref-T20,research/experiments/L4-001-disturbance-battery/results/T20/bisect.csv
Lane 4 ref,T20 R13,I002,0,0.08125,-0.038636,RECOVERED,L4-001-I002-s0.081250-t2000-N128-ref-T20,research/experiments/L4-001-disturbance-battery/results/T20/bisect.csv
Lane 4 ref,T20 R13,I002,0,0.084375,-0.052101,DIED,L4-001-I002-s0.084375-t2000-N128-ref-T20,research/experiments/L4-001-disturbance-battery/results/T20/bisect.csv
Lane 4 ref,T20 R13,I003,0,0.325,0.295293,RECOVERED,L4-001-I003-s0.325000-t2000-N128-ref-T20,research/experiments/L4-001-disturbance-battery/results/T20/bisect.csv
Lane 4 ref,T20 R13,I003,0,0.3375,0.306650,RECOVERED,L4-001-I003-s0.337500-t2000-N128-ref-T20,research/experiments/L4-001-disturbance-battery/results/T20/bisect.csv
Lane 4 ref,T20 R13,I003,0,0.34375,0.312329,DIED,L4-001-I003-s0.343750-t2000-N128-ref-T20,research/experiments/L4-001-disturbance-battery/results/T20/bisect.csv
Lane 4 ref,T20 R13,I003,0,0.340625,0.309489,RECOVERED,L4-001-I003-s0.340625-t2000-N128-ref-T20,research/experiments/L4-001-disturbance-battery/results/T20/bisect.csv
Lane 4 ref,T20 R13,I004,0,0.075,-0.076816,RECOVERED,L4-001-I004-s0.075000-t2000-N128-ref-T20,research/experiments/L4-001-disturbance-battery/results/T20/bisect.csv
Lane 4 ref,T20 R13,I004,0,0.0875,-0.087838,RECOVERED,L4-001-I004-s0.087500-t2000-N128-ref-T20,research/experiments/L4-001-disturbance-battery/results/T20/bisect.csv
Lane 4 ref,T20 R13,I004,0,0.09375,-0.093934,DIED,L4-001-I004-s0.093750-t2000-N128-ref-T20,research/experiments/L4-001-disturbance-battery/results/T20/bisect.csv
Lane 4 ref,T20 R13,I004,0,0.090625,-0.092563,RECOVERED,L4-001-I004-s0.090625-t2000-N128-ref-T20,research/experiments/L4-001-disturbance-battery/results/T20/bisect.csv
Lane 3 alm_check,T40 R13,I001,0,0.0,0.000000,RECOVERED,I001-p0-s0.000000,research/traces/lane3/disturb-T40-R13.csv
Lane 3 alm_check,T40 R13,I001,0,0.05,-0.050000,RECOVERED,I001-p0-s0.050000,research/traces/lane3/disturb-T40-R13.csv
Lane 3 alm_check,T40 R13,I001,0,0.1,-0.100000,RECOVERED,I001-p0-s0.100000,research/traces/lane3/disturb-T40-R13.csv
Lane 3 alm_check,T40 R13,I001,0,0.15,-0.150000,DIED,I001-p0-s0.150000,research/traces/lane3/disturb-T40-R13.csv
Lane 3 alm_check,T40 R13,I001,0,0.2,-0.200000,DIED,I001-p0-s0.200000,research/traces/lane3/disturb-T40-R13.csv
Lane 3 alm_check,T40 R13,I001,0,0.25,-0.250000,DIED,I001-p0-s0.250000,research/traces/lane3/disturb-T40-R13.csv
Lane 3 alm_check,T40 R13,I001,0,0.3,-0.300000,DIED,I001-p0-s0.300000,research/traces/lane3/disturb-T40-R13.csv
Lane 3 alm_check,T40 R13,I001,0,0.35,-0.350000,DIED,I001-p0-s0.350000,research/traces/lane3/disturb-T40-R13.csv
Lane 3 alm_check,T40 R13,I001,0,0.4,-0.400000,DIED,I001-p0-s0.400000,research/traces/lane3/disturb-T40-R13.csv
Lane 3 alm_check,T40 R13,I001,0,0.45,-0.450000,DIED,I001-p0-s0.450000,research/traces/lane3/disturb-T40-R13.csv
Lane 3 alm_check,T40 R13,I001,0,0.5,-0.500000,DIED,I001-p0-s0.500000,research/traces/lane3/disturb-T40-R13.csv
Lane 3 alm_check,T40 R13,I001,0,0.55,-0.550000,DIED,I001-p0-s0.550000,research/traces/lane3/disturb-T40-R13.csv
Lane 3 alm_check,T40 R13,I001,0,0.6,-0.600000,DIED,I001-p0-s0.600000,research/traces/lane3/disturb-T40-R13.csv
Lane 3 alm_check,T40 R13,I001,0,0.65,-0.650000,DIED,I001-p0-s0.650000,research/traces/lane3/disturb-T40-R13.csv
Lane 3 alm_check,T40 R13,I001,0,0.7,-0.700000,DIED,I001-p0-s0.700000,research/traces/lane3/disturb-T40-R13.csv
Lane 3 alm_check,T40 R13,I001,0,0.75,-0.750000,DIED,I001-p0-s0.750000,research/traces/lane3/disturb-T40-R13.csv
Lane 3 alm_check,T40 R13,I001,0,0.8,-0.800000,DIED,I001-p0-s0.800000,research/traces/lane3/disturb-T40-R13.csv
Lane 3 alm_check,T40 R13,I001,0,0.85,-0.850000,DIED,I001-p0-s0.850000,research/traces/lane3/disturb-T40-R13.csv
Lane 3 alm_check,T40 R13,I001,0,0.9,-0.900000,DIED,I001-p0-s0.900000,research/traces/lane3/disturb-T40-R13.csv
Lane 3 alm_check,T40 R13,I001,0,0.95,-0.950000,DIED,I001-p0-s0.950000,research/traces/lane3/disturb-T40-R13.csv
Lane 3 alm_check,T40 R13,I001,1,0.0,0.000000,RECOVERED,I001-p1-s0.000000,research/traces/lane3/disturb-T40-R13.csv
Lane 3 alm_check,T40 R13,I001,1,0.05,-0.050000,RECOVERED,I001-p1-s0.050000,research/traces/lane3/disturb-T40-R13.csv
Lane 3 alm_check,T40 R13,I001,1,0.1,-0.100000,RECOVERED,I001-p1-s0.100000,research/traces/lane3/disturb-T40-R13.csv
Lane 3 alm_check,T40 R13,I001,1,0.15,-0.150000,DIED,I001-p1-s0.150000,research/traces/lane3/disturb-T40-R13.csv
Lane 3 alm_check,T40 R13,I001,1,0.2,-0.200000,DIED,I001-p1-s0.200000,research/traces/lane3/disturb-T40-R13.csv
Lane 3 alm_check,T40 R13,I001,1,0.25,-0.250000,DIED,I001-p1-s0.250000,research/traces/lane3/disturb-T40-R13.csv
Lane 3 alm_check,T40 R13,I001,1,0.3,-0.300000,DIED,I001-p1-s0.300000,research/traces/lane3/disturb-T40-R13.csv
Lane 3 alm_check,T40 R13,I001,1,0.35,-0.350000,DIED,I001-p1-s0.350000,research/traces/lane3/disturb-T40-R13.csv
Lane 3 alm_check,T40 R13,I001,1,0.4,-0.400000,DIED,I001-p1-s0.400000,research/traces/lane3/disturb-T40-R13.csv
Lane 3 alm_check,T40 R13,I001,1,0.45,-0.450000,DIED,I001-p1-s0.450000,research/traces/lane3/disturb-T40-R13.csv
Lane 3 alm_check,T40 R13,I001,1,0.5,-0.500000,DIED,I001-p1-s0.500000,research/traces/lane3/disturb-T40-R13.csv
Lane 3 alm_check,T40 R13,I001,1,0.55,-0.550000,DIED,I001-p1-s0.550000,research/traces/lane3/disturb-T40-R13.csv
Lane 3 alm_check,T40 R13,I001,1,0.6,-0.600000,DIED,I001-p1-s0.600000,research/traces/lane3/disturb-T40-R13.csv
Lane 3 alm_check,T40 R13,I001,1,0.65,-0.650000,DIED,I001-p1-s0.650000,research/traces/lane3/disturb-T40-R13.csv
Lane 3 alm_check,T40 R13,I001,1,0.7,-0.700000,DIED,I001-p1-s0.700000,research/traces/lane3/disturb-T40-R13.csv
Lane 3 alm_check,T40 R13,I001,1,0.75,-0.750000,DIED,I001-p1-s0.750000,research/traces/lane3/disturb-T40-R13.csv
Lane 3 alm_check,T40 R13,I001,1,0.8,-0.800000,DIED,I001-p1-s0.800000,research/traces/lane3/disturb-T40-R13.csv
Lane 3 alm_check,T40 R13,I001,1,0.85,-0.850000,DIED,I001-p1-s0.850000,research/traces/lane3/disturb-T40-R13.csv
Lane 3 alm_check,T40 R13,I001,1,0.9,-0.900000,DIED,I001-p1-s0.900000,research/traces/lane3/disturb-T40-R13.csv
Lane 3 alm_check,T40 R13,I001,1,0.95,-0.950000,DIED,I001-p1-s0.950000,research/traces/lane3/disturb-T40-R13.csv
Lane 3 alm_check,T40 R13,I001,2,0.0,0.000000,RECOVERED,I001-p2-s0.000000,research/traces/lane3/disturb-T40-R13.csv
Lane 3 alm_check,T40 R13,I001,2,0.05,-0.050000,RECOVERED,I001-p2-s0.050000,research/traces/lane3/disturb-T40-R13.csv
Lane 3 alm_check,T40 R13,I001,2,0.1,-0.100000,RECOVERED,I001-p2-s0.100000,research/traces/lane3/disturb-T40-R13.csv
Lane 3 alm_check,T40 R13,I001,2,0.15,-0.150000,DIED,I001-p2-s0.150000,research/traces/lane3/disturb-T40-R13.csv
Lane 3 alm_check,T40 R13,I001,2,0.2,-0.200000,DIED,I001-p2-s0.200000,research/traces/lane3/disturb-T40-R13.csv
Lane 3 alm_check,T40 R13,I001,2,0.25,-0.250000,DIED,I001-p2-s0.250000,research/traces/lane3/disturb-T40-R13.csv
Lane 3 alm_check,T40 R13,I001,2,0.3,-0.300000,DIED,I001-p2-s0.300000,research/traces/lane3/disturb-T40-R13.csv
Lane 3 alm_check,T40 R13,I001,2,0.35,-0.350000,DIED,I001-p2-s0.350000,research/traces/lane3/disturb-T40-R13.csv
Lane 3 alm_check,T40 R13,I001,2,0.4,-0.400000,DIED,I001-p2-s0.400000,research/traces/lane3/disturb-T40-R13.csv
Lane 3 alm_check,T40 R13,I001,2,0.45,-0.450000,DIED,I001-p2-s0.450000,research/traces/lane3/disturb-T40-R13.csv
Lane 3 alm_check,T40 R13,I001,2,0.5,-0.500000,DIED,I001-p2-s0.500000,research/traces/lane3/disturb-T40-R13.csv
Lane 3 alm_check,T40 R13,I001,2,0.55,-0.550000,DIED,I001-p2-s0.550000,research/traces/lane3/disturb-T40-R13.csv
Lane 3 alm_check,T40 R13,I001,2,0.6,-0.600000,DIED,I001-p2-s0.600000,research/traces/lane3/disturb-T40-R13.csv
Lane 3 alm_check,T40 R13,I001,2,0.65,-0.650000,DIED,I001-p2-s0.650000,research/traces/lane3/disturb-T40-R13.csv
Lane 3 alm_check,T40 R13,I001,2,0.7,-0.700000,DIED,I001-p2-s0.700000,research/traces/lane3/disturb-T40-R13.csv
Lane 3 alm_check,T40 R13,I001,2,0.75,-0.750000,DIED,I001-p2-s0.750000,research/traces/lane3/disturb-T40-R13.csv
Lane 3 alm_check,T40 R13,I001,2,0.8,-0.800000,DIED,I001-p2-s0.800000,research/traces/lane3/disturb-T40-R13.csv
Lane 3 alm_check,T40 R13,I001,2,0.85,-0.850000,DIED,I001-p2-s0.850000,research/traces/lane3/disturb-T40-R13.csv
Lane 3 alm_check,T40 R13,I001,2,0.9,-0.900000,DIED,I001-p2-s0.900000,research/traces/lane3/disturb-T40-R13.csv
Lane 3 alm_check,T40 R13,I001,2,0.95,-0.950000,DIED,I001-p2-s0.950000,research/traces/lane3/disturb-T40-R13.csv
Lane 3 alm_check,T40 R13,I001,3,0.0,0.000000,RECOVERED,I001-p3-s0.000000,research/traces/lane3/disturb-T40-R13.csv
Lane 3 alm_check,T40 R13,I001,3,0.05,-0.050000,RECOVERED,I001-p3-s0.050000,research/traces/lane3/disturb-T40-R13.csv
Lane 3 alm_check,T40 R13,I001,3,0.1,-0.100000,RECOVERED,I001-p3-s0.100000,research/traces/lane3/disturb-T40-R13.csv
Lane 3 alm_check,T40 R13,I001,3,0.15,-0.150000,DIED,I001-p3-s0.150000,research/traces/lane3/disturb-T40-R13.csv
Lane 3 alm_check,T40 R13,I001,3,0.2,-0.200000,DIED,I001-p3-s0.200000,research/traces/lane3/disturb-T40-R13.csv
Lane 3 alm_check,T40 R13,I001,3,0.25,-0.250000,DIED,I001-p3-s0.250000,research/traces/lane3/disturb-T40-R13.csv
Lane 3 alm_check,T40 R13,I001,3,0.3,-0.300000,DIED,I001-p3-s0.300000,research/traces/lane3/disturb-T40-R13.csv
Lane 3 alm_check,T40 R13,I001,3,0.35,-0.350000,DIED,I001-p3-s0.350000,research/traces/lane3/disturb-T40-R13.csv
Lane 3 alm_check,T40 R13,I001,3,0.4,-0.400000,DIED,I001-p3-s0.400000,research/traces/lane3/disturb-T40-R13.csv
Lane 3 alm_check,T40 R13,I001,3,0.45,-0.450000,DIED,I001-p3-s0.450000,research/traces/lane3/disturb-T40-R13.csv
Lane 3 alm_check,T40 R13,I001,3,0.5,-0.500000,DIED,I001-p3-s0.500000,research/traces/lane3/disturb-T40-R13.csv
Lane 3 alm_check,T40 R13,I001,3,0.55,-0.550000,DIED,I001-p3-s0.550000,research/traces/lane3/disturb-T40-R13.csv
Lane 3 alm_check,T40 R13,I001,3,0.6,-0.600000,DIED,I001-p3-s0.600000,research/traces/lane3/disturb-T40-R13.csv
Lane 3 alm_check,T40 R13,I001,3,0.65,-0.650000,DIED,I001-p3-s0.650000,research/traces/lane3/disturb-T40-R13.csv
Lane 3 alm_check,T40 R13,I001,3,0.7,-0.700000,DIED,I001-p3-s0.700000,research/traces/lane3/disturb-T40-R13.csv
Lane 3 alm_check,T40 R13,I001,3,0.75,-0.750000,DIED,I001-p3-s0.750000,research/traces/lane3/disturb-T40-R13.csv
Lane 3 alm_check,T40 R13,I001,3,0.8,-0.800000,DIED,I001-p3-s0.800000,research/traces/lane3/disturb-T40-R13.csv
Lane 3 alm_check,T40 R13,I001,3,0.85,-0.850000,DIED,I001-p3-s0.850000,research/traces/lane3/disturb-T40-R13.csv
Lane 3 alm_check,T40 R13,I001,3,0.9,-0.900000,DIED,I001-p3-s0.900000,research/traces/lane3/disturb-T40-R13.csv
Lane 3 alm_check,T40 R13,I001,3,0.95,-0.950000,DIED,I001-p3-s0.950000,research/traces/lane3/disturb-T40-R13.csv
Lane 3 alm_check,T40 R13,I001,4,0.0,0.000000,RECOVERED,I001-p4-s0.000000,research/traces/lane3/disturb-T40-R13.csv
Lane 3 alm_check,T40 R13,I001,4,0.05,-0.050000,RECOVERED,I001-p4-s0.050000,research/traces/lane3/disturb-T40-R13.csv
Lane 3 alm_check,T40 R13,I001,4,0.1,-0.100000,RECOVERED,I001-p4-s0.100000,research/traces/lane3/disturb-T40-R13.csv
Lane 3 alm_check,T40 R13,I001,4,0.15,-0.150000,DIED,I001-p4-s0.150000,research/traces/lane3/disturb-T40-R13.csv
Lane 3 alm_check,T40 R13,I001,4,0.2,-0.200000,DIED,I001-p4-s0.200000,research/traces/lane3/disturb-T40-R13.csv
Lane 3 alm_check,T40 R13,I001,4,0.25,-0.250000,DIED,I001-p4-s0.250000,research/traces/lane3/disturb-T40-R13.csv
Lane 3 alm_check,T40 R13,I001,4,0.3,-0.300000,DIED,I001-p4-s0.300000,research/traces/lane3/disturb-T40-R13.csv
Lane 3 alm_check,T40 R13,I001,4,0.35,-0.350000,DIED,I001-p4-s0.350000,research/traces/lane3/disturb-T40-R13.csv
Lane 3 alm_check,T40 R13,I001,4,0.4,-0.400000,DIED,I001-p4-s0.400000,research/traces/lane3/disturb-T40-R13.csv
Lane 3 alm_check,T40 R13,I001,4,0.45,-0.450000,DIED,I001-p4-s0.450000,research/traces/lane3/disturb-T40-R13.csv
Lane 3 alm_check,T40 R13,I001,4,0.5,-0.500000,DIED,I001-p4-s0.500000,research/traces/lane3/disturb-T40-R13.csv
Lane 3 alm_check,T40 R13,I001,4,0.55,-0.550000,DIED,I001-p4-s0.550000,research/traces/lane3/disturb-T40-R13.csv
Lane 3 alm_check,T40 R13,I001,4,0.6,-0.600000,DIED,I001-p4-s0.600000,research/traces/lane3/disturb-T40-R13.csv
Lane 3 alm_check,T40 R13,I001,4,0.65,-0.650000,DIED,I001-p4-s0.650000,research/traces/lane3/disturb-T40-R13.csv
Lane 3 alm_check,T40 R13,I001,4,0.7,-0.700000,DIED,I001-p4-s0.700000,research/traces/lane3/disturb-T40-R13.csv
Lane 3 alm_check,T40 R13,I001,4,0.75,-0.750000,DIED,I001-p4-s0.750000,research/traces/lane3/disturb-T40-R13.csv
Lane 3 alm_check,T40 R13,I001,4,0.8,-0.800000,DIED,I001-p4-s0.800000,research/traces/lane3/disturb-T40-R13.csv
Lane 3 alm_check,T40 R13,I001,4,0.85,-0.850000,DIED,I001-p4-s0.850000,research/traces/lane3/disturb-T40-R13.csv
Lane 3 alm_check,T40 R13,I001,4,0.9,-0.900000,DIED,I001-p4-s0.900000,research/traces/lane3/disturb-T40-R13.csv
Lane 3 alm_check,T40 R13,I001,4,0.95,-0.950000,DIED,I001-p4-s0.950000,research/traces/lane3/disturb-T40-R13.csv
Lane 3 alm_check,T40 R13,I002,0,0.0,0.000000,RECOVERED,I002-p0-s0.000000,research/traces/lane3/disturb-T40-R13.csv
Lane 3 alm_check,T40 R13,I002,0,0.05,-0.012284,RECOVERED,I002-p0-s0.050000,research/traces/lane3/disturb-T40-R13.csv
Lane 3 alm_check,T40 R13,I002,0,0.1,-0.076557,DIED,I002-p0-s0.100000,research/traces/lane3/disturb-T40-R13.csv
Lane 3 alm_check,T40 R13,I002,0,0.15,-0.146078,DIED,I002-p0-s0.150000,research/traces/lane3/disturb-T40-R13.csv
Lane 3 alm_check,T40 R13,I002,0,0.2,-0.252944,DIED,I002-p0-s0.200000,research/traces/lane3/disturb-T40-R13.csv
Lane 3 alm_check,T40 R13,I002,0,0.25,-0.340138,DIED,I002-p0-s0.250000,research/traces/lane3/disturb-T40-R13.csv
Lane 3 alm_check,T40 R13,I002,0,0.3,-0.433598,DIED,I002-p0-s0.300000,research/traces/lane3/disturb-T40-R13.csv
Lane 3 alm_check,T40 R13,I002,0,0.35,-0.486040,DIED,I002-p0-s0.350000,research/traces/lane3/disturb-T40-R13.csv
Lane 3 alm_check,T40 R13,I002,0,0.4,-0.544754,DIED,I002-p0-s0.400000,research/traces/lane3/disturb-T40-R13.csv
Lane 3 alm_check,T40 R13,I002,0,0.45,-0.603570,DIED,I002-p0-s0.450000,research/traces/lane3/disturb-T40-R13.csv
Lane 3 alm_check,T40 R13,I002,0,0.5,-0.645613,DIED,I002-p0-s0.500000,research/traces/lane3/disturb-T40-R13.csv
Lane 3 alm_check,T40 R13,I002,0,0.55,-0.708396,DIED,I002-p0-s0.550000,research/traces/lane3/disturb-T40-R13.csv
Lane 3 alm_check,T40 R13,I002,0,0.6,-0.780328,DIED,I002-p0-s0.600000,research/traces/lane3/disturb-T40-R13.csv
Lane 3 alm_check,T40 R13,I002,0,0.65,-0.895843,DIED,I002-p0-s0.650000,research/traces/lane3/disturb-T40-R13.csv
Lane 3 alm_check,T40 R13,I002,0,0.7,-0.958089,DIED,I002-p0-s0.700000,research/traces/lane3/disturb-T40-R13.csv
Lane 3 alm_check,T40 R13,I002,0,0.75,-0.983653,DIED,I002-p0-s0.750000,research/traces/lane3/disturb-T40-R13.csv
Lane 3 alm_check,T40 R13,I002,0,0.8,-0.987157,DIED,I002-p0-s0.800000,research/traces/lane3/disturb-T40-R13.csv
Lane 3 alm_check,T40 R13,I002,0,0.85,-0.997076,DIED,I002-p0-s0.850000,research/traces/lane3/disturb-T40-R13.csv
Lane 3 alm_check,T40 R13,I002,0,0.9,-1.000000,DIED,I002-p0-s0.900000,research/traces/lane3/disturb-T40-R13.csv
Lane 3 alm_check,T40 R13,I002,0,0.95,-1.000000,DIED,I002-p0-s0.950000,research/traces/lane3/disturb-T40-R13.csv
Lane 3 alm_check,T40 R13,I002,0,1.0,-1.000000,DIED,I002-p0-s1.000000,research/traces/lane3/disturb-T40-R13.csv
Lane 3 alm_check,T40 R13,I002,1,0.0,0.000000,RECOVERED,I002-p1-s0.000000,research/traces/lane3/disturb-T40-R13.csv
Lane 3 alm_check,T40 R13,I002,1,0.05,-0.012160,RECOVERED,I002-p1-s0.050000,research/traces/lane3/disturb-T40-R13.csv
Lane 3 alm_check,T40 R13,I002,1,0.1,-0.074047,DIED,I002-p1-s0.100000,research/traces/lane3/disturb-T40-R13.csv
Lane 3 alm_check,T40 R13,I002,1,0.15,-0.133565,DIED,I002-p1-s0.150000,research/traces/lane3/disturb-T40-R13.csv
Lane 3 alm_check,T40 R13,I002,1,0.2,-0.243769,DIED,I002-p1-s0.200000,research/traces/lane3/disturb-T40-R13.csv
Lane 3 alm_check,T40 R13,I002,1,0.25,-0.350790,DIED,I002-p1-s0.250000,research/traces/lane3/disturb-T40-R13.csv
Lane 3 alm_check,T40 R13,I002,1,0.3,-0.409353,DIED,I002-p1-s0.300000,research/traces/lane3/disturb-T40-R13.csv
Lane 3 alm_check,T40 R13,I002,1,0.35,-0.495023,DIED,I002-p1-s0.350000,research/traces/lane3/disturb-T40-R13.csv
Lane 3 alm_check,T40 R13,I002,1,0.4,-0.545089,DIED,I002-p1-s0.400000,research/traces/lane3/disturb-T40-R13.csv
Lane 3 alm_check,T40 R13,I002,1,0.45,-0.587303,DIED,I002-p1-s0.450000,research/traces/lane3/disturb-T40-R13.csv
Lane 3 alm_check,T40 R13,I002,1,0.5,-0.647115,DIED,I002-p1-s0.500000,research/traces/lane3/disturb-T40-R13.csv
Lane 3 alm_check,T40 R13,I002,1,0.55,-0.702634,DIED,I002-p1-s0.550000,research/traces/lane3/disturb-T40-R13.csv
Lane 3 alm_check,T40 R13,I002,1,0.6,-0.768707,DIED,I002-p1-s0.600000,research/traces/lane3/disturb-T40-R13.csv
Lane 3 alm_check,T40 R13,I002,1,0.65,-0.909196,DIED,I002-p1-s0.650000,research/traces/lane3/disturb-T40-R13.csv
Lane 3 alm_check,T40 R13,I002,1,0.7,-0.946658,DIED,I002-p1-s0.700000,research/traces/lane3/disturb-T40-R13.csv
Lane 3 alm_check,T40 R13,I002,1,0.75,-0.982266,DIED,I002-p1-s0.750000,research/traces/lane3/disturb-T40-R13.csv
Lane 3 alm_check,T40 R13,I002,1,0.8,-0.992739,DIED,I002-p1-s0.800000,research/traces/lane3/disturb-T40-R13.csv
Lane 3 alm_check,T40 R13,I002,1,0.85,-0.996652,DIED,I002-p1-s0.850000,research/traces/lane3/disturb-T40-R13.csv
Lane 3 alm_check,T40 R13,I002,1,0.9,-1.000000,DIED,I002-p1-s0.900000,research/traces/lane3/disturb-T40-R13.csv
Lane 3 alm_check,T40 R13,I002,1,0.95,-1.000000,DIED,I002-p1-s0.950000,research/traces/lane3/disturb-T40-R13.csv
Lane 3 alm_check,T40 R13,I002,1,1.0,-1.000000,DIED,I002-p1-s1.000000,research/traces/lane3/disturb-T40-R13.csv
Lane 3 alm_check,T40 R13,I002,2,0.0,0.000000,RECOVERED,I002-p2-s0.000000,research/traces/lane3/disturb-T40-R13.csv
Lane 3 alm_check,T40 R13,I002,2,0.05,-0.012638,RECOVERED,I002-p2-s0.050000,research/traces/lane3/disturb-T40-R13.csv
Lane 3 alm_check,T40 R13,I002,2,0.1,-0.048569,DIED,I002-p2-s0.100000,research/traces/lane3/disturb-T40-R13.csv
Lane 3 alm_check,T40 R13,I002,2,0.15,-0.144879,DIED,I002-p2-s0.150000,research/traces/lane3/disturb-T40-R13.csv
Lane 3 alm_check,T40 R13,I002,2,0.2,-0.243840,DIED,I002-p2-s0.200000,research/traces/lane3/disturb-T40-R13.csv
Lane 3 alm_check,T40 R13,I002,2,0.25,-0.337214,DIED,I002-p2-s0.250000,research/traces/lane3/disturb-T40-R13.csv
Lane 3 alm_check,T40 R13,I002,2,0.3,-0.437390,DIED,I002-p2-s0.300000,research/traces/lane3/disturb-T40-R13.csv
Lane 3 alm_check,T40 R13,I002,2,0.35,-0.486200,DIED,I002-p2-s0.350000,research/traces/lane3/disturb-T40-R13.csv
Lane 3 alm_check,T40 R13,I002,2,0.4,-0.548642,DIED,I002-p2-s0.400000,research/traces/lane3/disturb-T40-R13.csv
Lane 3 alm_check,T40 R13,I002,2,0.45,-0.599267,DIED,I002-p2-s0.450000,research/traces/lane3/disturb-T40-R13.csv
Lane 3 alm_check,T40 R13,I002,2,0.5,-0.638081,DIED,I002-p2-s0.500000,research/traces/lane3/disturb-T40-R13.csv
Lane 3 alm_check,T40 R13,I002,2,0.55,-0.705788,DIED,I002-p2-s0.550000,research/traces/lane3/disturb-T40-R13.csv
Lane 3 alm_check,T40 R13,I002,2,0.6,-0.780533,DIED,I002-p2-s0.600000,research/traces/lane3/disturb-T40-R13.csv
Lane 3 alm_check,T40 R13,I002,2,0.65,-0.865076,DIED,I002-p2-s0.650000,research/traces/lane3/disturb-T40-R13.csv
Lane 3 alm_check,T40 R13,I002,2,0.7,-0.950686,DIED,I002-p2-s0.700000,research/traces/lane3/disturb-T40-R13.csv
Lane 3 alm_check,T40 R13,I002,2,0.75,-0.978128,DIED,I002-p2-s0.750000,research/traces/lane3/disturb-T40-R13.csv
Lane 3 alm_check,T40 R13,I002,2,0.8,-0.992460,DIED,I002-p2-s0.800000,research/traces/lane3/disturb-T40-R13.csv
Lane 3 alm_check,T40 R13,I002,2,0.85,-0.997821,DIED,I002-p2-s0.850000,research/traces/lane3/disturb-T40-R13.csv
Lane 3 alm_check,T40 R13,I002,2,0.9,-0.999402,DIED,I002-p2-s0.900000,research/traces/lane3/disturb-T40-R13.csv
Lane 3 alm_check,T40 R13,I002,2,0.95,-1.000000,DIED,I002-p2-s0.950000,research/traces/lane3/disturb-T40-R13.csv
Lane 3 alm_check,T40 R13,I002,2,1.0,-1.000000,DIED,I002-p2-s1.000000,research/traces/lane3/disturb-T40-R13.csv
Lane 3 alm_check,T40 R13,I002,3,0.0,0.000000,RECOVERED,I002-p3-s0.000000,research/traces/lane3/disturb-T40-R13.csv
Lane 3 alm_check,T40 R13,I002,3,0.05,-0.012281,RECOVERED,I002-p3-s0.050000,research/traces/lane3/disturb-T40-R13.csv
Lane 3 alm_check,T40 R13,I002,3,0.1,-0.074956,DIED,I002-p3-s0.100000,research/traces/lane3/disturb-T40-R13.csv
Lane 3 alm_check,T40 R13,I002,3,0.15,-0.158766,DIED,I002-p3-s0.150000,research/traces/lane3/disturb-T40-R13.csv
Lane 3 alm_check,T40 R13,I002,3,0.2,-0.253469,DIED,I002-p3-s0.200000,research/traces/lane3/disturb-T40-R13.csv
Lane 3 alm_check,T40 R13,I002,3,0.25,-0.335633,DIED,I002-p3-s0.250000,research/traces/lane3/disturb-T40-R13.csv
Lane 3 alm_check,T40 R13,I002,3,0.3,-0.427872,DIED,I002-p3-s0.300000,research/traces/lane3/disturb-T40-R13.csv
Lane 3 alm_check,T40 R13,I002,3,0.35,-0.488158,DIED,I002-p3-s0.350000,research/traces/lane3/disturb-T40-R13.csv
Lane 3 alm_check,T40 R13,I002,3,0.4,-0.545646,DIED,I002-p3-s0.400000,research/traces/lane3/disturb-T40-R13.csv
Lane 3 alm_check,T40 R13,I002,3,0.45,-0.595230,DIED,I002-p3-s0.450000,research/traces/lane3/disturb-T40-R13.csv
Lane 3 alm_check,T40 R13,I002,3,0.5,-0.642518,DIED,I002-p3-s0.500000,research/traces/lane3/disturb-T40-R13.csv
Lane 3 alm_check,T40 R13,I002,3,0.55,-0.690207,DIED,I002-p3-s0.550000,research/traces/lane3/disturb-T40-R13.csv
Lane 3 alm_check,T40 R13,I002,3,0.6,-0.787673,DIED,I002-p3-s0.600000,research/traces/lane3/disturb-T40-R13.csv
Lane 3 alm_check,T40 R13,I002,3,0.65,-0.886857,DIED,I002-p3-s0.650000,research/traces/lane3/disturb-T40-R13.csv
Lane 3 alm_check,T40 R13,I002,3,0.7,-0.957731,DIED,I002-p3-s0.700000,research/traces/lane3/disturb-T40-R13.csv
Lane 3 alm_check,T40 R13,I002,3,0.75,-0.979090,DIED,I002-p3-s0.750000,research/traces/lane3/disturb-T40-R13.csv
Lane 3 alm_check,T40 R13,I002,3,0.8,-0.993855,DIED,I002-p3-s0.800000,research/traces/lane3/disturb-T40-R13.csv
Lane 3 alm_check,T40 R13,I002,3,0.85,-0.996083,DIED,I002-p3-s0.850000,research/traces/lane3/disturb-T40-R13.csv
Lane 3 alm_check,T40 R13,I002,3,0.9,-0.999794,DIED,I002-p3-s0.900000,research/traces/lane3/disturb-T40-R13.csv
Lane 3 alm_check,T40 R13,I002,3,0.95,-1.000000,DIED,I002-p3-s0.950000,research/traces/lane3/disturb-T40-R13.csv
Lane 3 alm_check,T40 R13,I002,3,1.0,-1.000000,DIED,I002-p3-s1.000000,research/traces/lane3/disturb-T40-R13.csv
Lane 3 alm_check,T40 R13,I002,4,0.0,0.000000,RECOVERED,I002-p4-s0.000000,research/traces/lane3/disturb-T40-R13.csv
Lane 3 alm_check,T40 R13,I002,4,0.05,-0.012490,RECOVERED,I002-p4-s0.050000,research/traces/lane3/disturb-T40-R13.csv
Lane 3 alm_check,T40 R13,I002,4,0.1,-0.086398,DIED,I002-p4-s0.100000,research/traces/lane3/disturb-T40-R13.csv
Lane 3 alm_check,T40 R13,I002,4,0.15,-0.121488,DIED,I002-p4-s0.150000,research/traces/lane3/disturb-T40-R13.csv
Lane 3 alm_check,T40 R13,I002,4,0.2,-0.246819,DIED,I002-p4-s0.200000,research/traces/lane3/disturb-T40-R13.csv
Lane 3 alm_check,T40 R13,I002,4,0.25,-0.350907,DIED,I002-p4-s0.250000,research/traces/lane3/disturb-T40-R13.csv
Lane 3 alm_check,T40 R13,I002,4,0.3,-0.419653,DIED,I002-p4-s0.300000,research/traces/lane3/disturb-T40-R13.csv
Lane 3 alm_check,T40 R13,I002,4,0.35,-0.482592,DIED,I002-p4-s0.350000,research/traces/lane3/disturb-T40-R13.csv
Lane 3 alm_check,T40 R13,I002,4,0.4,-0.541055,DIED,I002-p4-s0.400000,research/traces/lane3/disturb-T40-R13.csv
Lane 3 alm_check,T40 R13,I002,4,0.45,-0.586597,DIED,I002-p4-s0.450000,research/traces/lane3/disturb-T40-R13.csv
Lane 3 alm_check,T40 R13,I002,4,0.5,-0.640738,DIED,I002-p4-s0.500000,research/traces/lane3/disturb-T40-R13.csv
Lane 3 alm_check,T40 R13,I002,4,0.55,-0.695145,DIED,I002-p4-s0.550000,research/traces/lane3/disturb-T40-R13.csv
Lane 3 alm_check,T40 R13,I002,4,0.6,-0.773086,DIED,I002-p4-s0.600000,research/traces/lane3/disturb-T40-R13.csv
Lane 3 alm_check,T40 R13,I002,4,0.65,-0.892731,DIED,I002-p4-s0.650000,research/traces/lane3/disturb-T40-R13.csv
Lane 3 alm_check,T40 R13,I002,4,0.7,-0.950382,DIED,I002-p4-s0.700000,research/traces/lane3/disturb-T40-R13.csv
Lane 3 alm_check,T40 R13,I002,4,0.75,-0.980396,DIED,I002-p4-s0.750000,research/traces/lane3/disturb-T40-R13.csv
Lane 3 alm_check,T40 R13,I002,4,0.8,-0.990715,DIED,I002-p4-s0.800000,research/traces/lane3/disturb-T40-R13.csv
Lane 3 alm_check,T40 R13,I002,4,0.85,-0.997517,DIED,I002-p4-s0.850000,research/traces/lane3/disturb-T40-R13.csv
Lane 3 alm_check,T40 R13,I002,4,0.9,-1.000000,DIED,I002-p4-s0.900000,research/traces/lane3/disturb-T40-R13.csv
Lane 3 alm_check,T40 R13,I002,4,0.95,-1.000000,DIED,I002-p4-s0.950000,research/traces/lane3/disturb-T40-R13.csv
Lane 3 alm_check,T40 R13,I002,4,1.0,-1.000000,DIED,I002-p4-s1.000000,research/traces/lane3/disturb-T40-R13.csv
Lane 3 alm_check,T40 R13,I003,0,0.0,0.000000,RECOVERED,I003-p0-s0.000000,research/traces/lane3/disturb-T40-R13.csv
Lane 3 alm_check,T40 R13,I003,0,0.05,0.045757,RECOVERED,I003-p0-s0.050000,research/traces/lane3/disturb-T40-R13.csv
Lane 3 alm_check,T40 R13,I003,0,0.1,0.091515,RECOVERED,I003-p0-s0.100000,research/traces/lane3/disturb-T40-R13.csv
Lane 3 alm_check,T40 R13,I003,0,0.15,0.137272,RECOVERED,I003-p0-s0.150000,research/traces/lane3/disturb-T40-R13.csv
Lane 3 alm_check,T40 R13,I003,0,0.2,0.183029,RECOVERED,I003-p0-s0.200000,research/traces/lane3/disturb-T40-R13.csv
Lane 3 alm_check,T40 R13,I003,0,0.25,0.228787,RECOVERED,I003-p0-s0.250000,research/traces/lane3/disturb-T40-R13.csv
Lane 3 alm_check,T40 R13,I003,0,0.3,0.274544,RECOVERED,I003-p0-s0.300000,research/traces/lane3/disturb-T40-R13.csv
Lane 3 alm_check,T40 R13,I003,0,0.35,0.320302,DIED,I003-p0-s0.350000,research/traces/lane3/disturb-T40-R13.csv
Lane 3 alm_check,T40 R13,I003,0,0.4,0.366059,DIED,I003-p0-s0.400000,research/traces/lane3/disturb-T40-R13.csv
Lane 3 alm_check,T40 R13,I003,0,0.45,0.411816,DIED,I003-p0-s0.450000,research/traces/lane3/disturb-T40-R13.csv
Lane 3 alm_check,T40 R13,I003,0,0.5,0.457574,DIED,I003-p0-s0.500000,research/traces/lane3/disturb-T40-R13.csv
Lane 3 alm_check,T40 R13,I003,0,0.55,0.503331,DIED,I003-p0-s0.550000,research/traces/lane3/disturb-T40-R13.csv
Lane 3 alm_check,T40 R13,I003,0,0.6,0.549088,DIED,I003-p0-s0.600000,research/traces/lane3/disturb-T40-R13.csv
Lane 3 alm_check,T40 R13,I003,0,0.65,0.594846,DIED,I003-p0-s0.650000,research/traces/lane3/disturb-T40-R13.csv
Lane 3 alm_check,T40 R13,I003,0,0.7,0.640603,DIED,I003-p0-s0.700000,research/traces/lane3/disturb-T40-R13.csv
Lane 3 alm_check,T40 R13,I003,0,0.75,0.686360,DIED,I003-p0-s0.750000,research/traces/lane3/disturb-T40-R13.csv
Lane 3 alm_check,T40 R13,I003,0,0.8,0.732118,DIED,I003-p0-s0.800000,research/traces/lane3/disturb-T40-R13.csv
Lane 3 alm_check,T40 R13,I003,0,0.85,0.777875,DIED,I003-p0-s0.850000,research/traces/lane3/disturb-T40-R13.csv
Lane 3 alm_check,T40 R13,I003,0,0.9,0.823632,DIED,I003-p0-s0.900000,research/traces/lane3/disturb-T40-R13.csv
Lane 3 alm_check,T40 R13,I003,0,0.95,0.869390,DIED,I003-p0-s0.950000,research/traces/lane3/disturb-T40-R13.csv
Lane 3 alm_check,T40 R13,I003,0,1.0,0.915147,DIED,I003-p0-s1.000000,research/traces/lane3/disturb-T40-R13.csv
Lane 3 alm_check,T40 R13,I003,1,0.0,0.000000,RECOVERED,I003-p1-s0.000000,research/traces/lane3/disturb-T40-R13.csv
Lane 3 alm_check,T40 R13,I003,1,0.05,0.045629,RECOVERED,I003-p1-s0.050000,research/traces/lane3/disturb-T40-R13.csv
Lane 3 alm_check,T40 R13,I003,1,0.1,0.091258,RECOVERED,I003-p1-s0.100000,research/traces/lane3/disturb-T40-R13.csv
Lane 3 alm_check,T40 R13,I003,1,0.15,0.136886,RECOVERED,I003-p1-s0.150000,research/traces/lane3/disturb-T40-R13.csv
Lane 3 alm_check,T40 R13,I003,1,0.2,0.182515,RECOVERED,I003-p1-s0.200000,research/traces/lane3/disturb-T40-R13.csv
Lane 3 alm_check,T40 R13,I003,1,0.25,0.228144,RECOVERED,I003-p1-s0.250000,research/traces/lane3/disturb-T40-R13.csv
Lane 3 alm_check,T40 R13,I003,1,0.3,0.273772,RECOVERED,I003-p1-s0.300000,research/traces/lane3/disturb-T40-R13.csv
Lane 3 alm_check,T40 R13,I003,1,0.35,0.319401,DIED,I003-p1-s0.350000,research/traces/lane3/disturb-T40-R13.csv
Lane 3 alm_check,T40 R13,I003,1,0.4,0.365030,DIED,I003-p1-s0.400000,research/traces/lane3/disturb-T40-R13.csv
Lane 3 alm_check,T40 R13,I003,1,0.45,0.410659,DIED,I003-p1-s0.450000,research/traces/lane3/disturb-T40-R13.csv
Lane 3 alm_check,T40 R13,I003,1,0.5,0.456287,DIED,I003-p1-s0.500000,research/traces/lane3/disturb-T40-R13.csv
Lane 3 alm_check,T40 R13,I003,1,0.55,0.501916,DIED,I003-p1-s0.550000,research/traces/lane3/disturb-T40-R13.csv
Lane 3 alm_check,T40 R13,I003,1,0.6,0.547545,DIED,I003-p1-s0.600000,research/traces/lane3/disturb-T40-R13.csv
Lane 3 alm_check,T40 R13,I003,1,0.65,0.593174,DIED,I003-p1-s0.650000,research/traces/lane3/disturb-T40-R13.csv
Lane 3 alm_check,T40 R13,I003,1,0.7,0.638802,DIED,I003-p1-s0.700000,research/traces/lane3/disturb-T40-R13.csv
Lane 3 alm_check,T40 R13,I003,1,0.75,0.684431,DIED,I003-p1-s0.750000,research/traces/lane3/disturb-T40-R13.csv
Lane 3 alm_check,T40 R13,I003,1,0.8,0.730060,DIED,I003-p1-s0.800000,research/traces/lane3/disturb-T40-R13.csv
Lane 3 alm_check,T40 R13,I003,1,0.85,0.775689,DIED,I003-p1-s0.850000,research/traces/lane3/disturb-T40-R13.csv
Lane 3 alm_check,T40 R13,I003,1,0.9,0.821317,DIED,I003-p1-s0.900000,research/traces/lane3/disturb-T40-R13.csv
Lane 3 alm_check,T40 R13,I003,1,0.95,0.866946,DIED,I003-p1-s0.950000,research/traces/lane3/disturb-T40-R13.csv
Lane 3 alm_check,T40 R13,I003,1,1.0,0.912575,DIED,I003-p1-s1.000000,research/traces/lane3/disturb-T40-R13.csv
Lane 3 alm_check,T40 R13,I003,2,0.0,0.000000,RECOVERED,I003-p2-s0.000000,research/traces/lane3/disturb-T40-R13.csv
Lane 3 alm_check,T40 R13,I003,2,0.05,0.045643,RECOVERED,I003-p2-s0.050000,research/traces/lane3/disturb-T40-R13.csv
Lane 3 alm_check,T40 R13,I003,2,0.1,0.091286,RECOVERED,I003-p2-s0.100000,research/traces/lane3/disturb-T40-R13.csv
Lane 3 alm_check,T40 R13,I003,2,0.15,0.136929,RECOVERED,I003-p2-s0.150000,research/traces/lane3/disturb-T40-R13.csv
Lane 3 alm_check,T40 R13,I003,2,0.2,0.182571,RECOVERED,I003-p2-s0.200000,research/traces/lane3/disturb-T40-R13.csv
Lane 3 alm_check,T40 R13,I003,2,0.25,0.228214,RECOVERED,I003-p2-s0.250000,research/traces/lane3/disturb-T40-R13.csv
Lane 3 alm_check,T40 R13,I003,2,0.3,0.273857,RECOVERED,I003-p2-s0.300000,research/traces/lane3/disturb-T40-R13.csv
Lane 3 alm_check,T40 R13,I003,2,0.35,0.319500,RECOVERED,I003-p2-s0.350000,research/traces/lane3/disturb-T40-R13.csv
Lane 3 alm_check,T40 R13,I003,2,0.4,0.365143,DIED,I003-p2-s0.400000,research/traces/lane3/disturb-T40-R13.csv
Lane 3 alm_check,T40 R13,I003,2,0.45,0.410786,DIED,I003-p2-s0.450000,research/traces/lane3/disturb-T40-R13.csv
Lane 3 alm_check,T40 R13,I003,2,0.5,0.456429,DIED,I003-p2-s0.500000,research/traces/lane3/disturb-T40-R13.csv
Lane 3 alm_check,T40 R13,I003,2,0.55,0.502072,DIED,I003-p2-s0.550000,research/traces/lane3/disturb-T40-R13.csv
Lane 3 alm_check,T40 R13,I003,2,0.6,0.547714,DIED,I003-p2-s0.600000,research/traces/lane3/disturb-T40-R13.csv
Lane 3 alm_check,T40 R13,I003,2,0.65,0.593357,DIED,I003-p2-s0.650000,research/traces/lane3/disturb-T40-R13.csv
Lane 3 alm_check,T40 R13,I003,2,0.7,0.639000,DIED,I003-p2-s0.700000,research/traces/lane3/disturb-T40-R13.csv
Lane 3 alm_check,T40 R13,I003,2,0.75,0.684643,DIED,I003-p2-s0.750000,research/traces/lane3/disturb-T40-R13.csv
Lane 3 alm_check,T40 R13,I003,2,0.8,0.730286,DIED,I003-p2-s0.800000,research/traces/lane3/disturb-T40-R13.csv
Lane 3 alm_check,T40 R13,I003,2,0.85,0.775929,DIED,I003-p2-s0.850000,research/traces/lane3/disturb-T40-R13.csv
Lane 3 alm_check,T40 R13,I003,2,0.9,0.821572,DIED,I003-p2-s0.900000,research/traces/lane3/disturb-T40-R13.csv
Lane 3 alm_check,T40 R13,I003,2,0.95,0.867214,DIED,I003-p2-s0.950000,research/traces/lane3/disturb-T40-R13.csv
Lane 3 alm_check,T40 R13,I003,2,1.0,0.912857,DIED,I003-p2-s1.000000,research/traces/lane3/disturb-T40-R13.csv
Lane 3 alm_check,T40 R13,I003,3,0.0,0.000000,RECOVERED,I003-p3-s0.000000,research/traces/lane3/disturb-T40-R13.csv
Lane 3 alm_check,T40 R13,I003,3,0.05,0.045649,RECOVERED,I003-p3-s0.050000,research/traces/lane3/disturb-T40-R13.csv
Lane 3 alm_check,T40 R13,I003,3,0.1,0.091298,RECOVERED,I003-p3-s0.100000,research/traces/lane3/disturb-T40-R13.csv
Lane 3 alm_check,T40 R13,I003,3,0.15,0.136947,RECOVERED,I003-p3-s0.150000,research/traces/lane3/disturb-T40-R13.csv
Lane 3 alm_check,T40 R13,I003,3,0.2,0.182597,RECOVERED,I003-p3-s0.200000,research/traces/lane3/disturb-T40-R13.csv
Lane 3 alm_check,T40 R13,I003,3,0.25,0.228246,RECOVERED,I003-p3-s0.250000,research/traces/lane3/disturb-T40-R13.csv
Lane 3 alm_check,T40 R13,I003,3,0.3,0.273895,RECOVERED,I003-p3-s0.300000,research/traces/lane3/disturb-T40-R13.csv
Lane 3 alm_check,T40 R13,I003,3,0.35,0.319544,DIED,I003-p3-s0.350000,research/traces/lane3/disturb-T40-R13.csv
Lane 3 alm_check,T40 R13,I003,3,0.4,0.365193,DIED,I003-p3-s0.400000,research/traces/lane3/disturb-T40-R13.csv
Lane 3 alm_check,T40 R13,I003,3,0.45,0.410842,DIED,I003-p3-s0.450000,research/traces/lane3/disturb-T40-R13.csv
Lane 3 alm_check,T40 R13,I003,3,0.5,0.456491,DIED,I003-p3-s0.500000,research/traces/lane3/disturb-T40-R13.csv
Lane 3 alm_check,T40 R13,I003,3,0.55,0.502140,DIED,I003-p3-s0.550000,research/traces/lane3/disturb-T40-R13.csv
Lane 3 alm_check,T40 R13,I003,3,0.6,0.547790,DIED,I003-p3-s0.600000,research/traces/lane3/disturb-T40-R13.csv
Lane 3 alm_check,T40 R13,I003,3,0.65,0.593439,DIED,I003-p3-s0.650000,research/traces/lane3/disturb-T40-R13.csv
Lane 3 alm_check,T40 R13,I003,3,0.7,0.639088,DIED,I003-p3-s0.700000,research/traces/lane3/disturb-T40-R13.csv
Lane 3 alm_check,T40 R13,I003,3,0.75,0.684737,DIED,I003-p3-s0.750000,research/traces/lane3/disturb-T40-R13.csv
Lane 3 alm_check,T40 R13,I003,3,0.8,0.730386,DIED,I003-p3-s0.800000,research/traces/lane3/disturb-T40-R13.csv
Lane 3 alm_check,T40 R13,I003,3,0.85,0.776035,DIED,I003-p3-s0.850000,research/traces/lane3/disturb-T40-R13.csv
Lane 3 alm_check,T40 R13,I003,3,0.9,0.821684,DIED,I003-p3-s0.900000,research/traces/lane3/disturb-T40-R13.csv
Lane 3 alm_check,T40 R13,I003,3,0.95,0.867333,DIED,I003-p3-s0.950000,research/traces/lane3/disturb-T40-R13.csv
Lane 3 alm_check,T40 R13,I003,3,1.0,0.912983,DIED,I003-p3-s1.000000,research/traces/lane3/disturb-T40-R13.csv
Lane 3 alm_check,T40 R13,I003,4,0.0,0.000000,RECOVERED,I003-p4-s0.000000,research/traces/lane3/disturb-T40-R13.csv
Lane 3 alm_check,T40 R13,I003,4,0.05,0.045648,RECOVERED,I003-p4-s0.050000,research/traces/lane3/disturb-T40-R13.csv
Lane 3 alm_check,T40 R13,I003,4,0.1,0.091296,RECOVERED,I003-p4-s0.100000,research/traces/lane3/disturb-T40-R13.csv
Lane 3 alm_check,T40 R13,I003,4,0.15,0.136945,RECOVERED,I003-p4-s0.150000,research/traces/lane3/disturb-T40-R13.csv
Lane 3 alm_check,T40 R13,I003,4,0.2,0.182593,RECOVERED,I003-p4-s0.200000,research/traces/lane3/disturb-T40-R13.csv
Lane 3 alm_check,T40 R13,I003,4,0.25,0.228241,RECOVERED,I003-p4-s0.250000,research/traces/lane3/disturb-T40-R13.csv
Lane 3 alm_check,T40 R13,I003,4,0.3,0.273889,RECOVERED,I003-p4-s0.300000,research/traces/lane3/disturb-T40-R13.csv
Lane 3 alm_check,T40 R13,I003,4,0.35,0.319537,DIED,I003-p4-s0.350000,research/traces/lane3/disturb-T40-R13.csv
Lane 3 alm_check,T40 R13,I003,4,0.4,0.365186,DIED,I003-p4-s0.400000,research/traces/lane3/disturb-T40-R13.csv
Lane 3 alm_check,T40 R13,I003,4,0.45,0.410834,DIED,I003-p4-s0.450000,research/traces/lane3/disturb-T40-R13.csv
Lane 3 alm_check,T40 R13,I003,4,0.5,0.456482,DIED,I003-p4-s0.500000,research/traces/lane3/disturb-T40-R13.csv
Lane 3 alm_check,T40 R13,I003,4,0.55,0.502130,DIED,I003-p4-s0.550000,research/traces/lane3/disturb-T40-R13.csv
Lane 3 alm_check,T40 R13,I003,4,0.6,0.547778,DIED,I003-p4-s0.600000,research/traces/lane3/disturb-T40-R13.csv
Lane 3 alm_check,T40 R13,I003,4,0.65,0.593427,DIED,I003-p4-s0.650000,research/traces/lane3/disturb-T40-R13.csv
Lane 3 alm_check,T40 R13,I003,4,0.7,0.639075,DIED,I003-p4-s0.700000,research/traces/lane3/disturb-T40-R13.csv
Lane 3 alm_check,T40 R13,I003,4,0.75,0.684723,DIED,I003-p4-s0.750000,research/traces/lane3/disturb-T40-R13.csv
Lane 3 alm_check,T40 R13,I003,4,0.8,0.730371,DIED,I003-p4-s0.800000,research/traces/lane3/disturb-T40-R13.csv
Lane 3 alm_check,T40 R13,I003,4,0.85,0.776019,DIED,I003-p4-s0.850000,research/traces/lane3/disturb-T40-R13.csv
Lane 3 alm_check,T40 R13,I003,4,0.9,0.821668,DIED,I003-p4-s0.900000,research/traces/lane3/disturb-T40-R13.csv
Lane 3 alm_check,T40 R13,I003,4,0.95,0.867316,DIED,I003-p4-s0.950000,research/traces/lane3/disturb-T40-R13.csv
Lane 3 alm_check,T40 R13,I003,4,1.0,0.912964,DIED,I003-p4-s1.000000,research/traces/lane3/disturb-T40-R13.csv
Lane 3 alm_check,T40 R13,I004,0,0.0,0.000000,RECOVERED,I004-p0-s0.000000,research/traces/lane3/disturb-T40-R13.csv
Lane 3 alm_check,T40 R13,I004,0,0.05,-0.050134,RECOVERED,I004-p0-s0.050000,research/traces/lane3/disturb-T40-R13.csv
Lane 3 alm_check,T40 R13,I004,0,0.1,-0.102464,DIED,I004-p0-s0.100000,research/traces/lane3/disturb-T40-R13.csv
Lane 3 alm_check,T40 R13,I004,0,0.15,-0.150090,DIED,I004-p0-s0.150000,research/traces/lane3/disturb-T40-R13.csv
Lane 3 alm_check,T40 R13,I004,0,0.2,-0.206096,DIED,I004-p0-s0.200000,research/traces/lane3/disturb-T40-R13.csv
Lane 3 alm_check,T40 R13,I004,0,0.25,-0.253308,DIED,I004-p0-s0.250000,research/traces/lane3/disturb-T40-R13.csv
Lane 3 alm_check,T40 R13,I004,0,0.3,-0.306249,DIED,I004-p0-s0.300000,research/traces/lane3/disturb-T40-R13.csv
Lane 3 alm_check,T40 R13,I004,0,0.35,-0.360848,DIED,I004-p0-s0.350000,research/traces/lane3/disturb-T40-R13.csv
Lane 3 alm_check,T40 R13,I004,0,0.4,-0.401201,DIED,I004-p0-s0.400000,research/traces/lane3/disturb-T40-R13.csv
Lane 3 alm_check,T40 R13,I004,0,0.45,-0.450399,DIED,I004-p0-s0.450000,research/traces/lane3/disturb-T40-R13.csv
Lane 3 alm_check,T40 R13,I004,0,0.5,-0.507245,DIED,I004-p0-s0.500000,research/traces/lane3/disturb-T40-R13.csv
Lane 3 alm_check,T40 R13,I004,0,0.55,-0.555083,DIED,I004-p0-s0.550000,research/traces/lane3/disturb-T40-R13.csv
Lane 3 alm_check,T40 R13,I004,0,0.6,-0.601090,DIED,I004-p0-s0.600000,research/traces/lane3/disturb-T40-R13.csv
Lane 3 alm_check,T40 R13,I004,0,0.65,-0.655471,DIED,I004-p0-s0.650000,research/traces/lane3/disturb-T40-R13.csv
Lane 3 alm_check,T40 R13,I004,0,0.7,-0.707394,DIED,I004-p0-s0.700000,research/traces/lane3/disturb-T40-R13.csv
Lane 3 alm_check,T40 R13,I004,0,0.75,-0.757208,DIED,I004-p0-s0.750000,research/traces/lane3/disturb-T40-R13.csv
Lane 3 alm_check,T40 R13,I004,0,0.8,-0.802701,DIED,I004-p0-s0.800000,research/traces/lane3/disturb-T40-R13.csv
Lane 3 alm_check,T40 R13,I004,0,0.85,-0.851431,DIED,I004-p0-s0.850000,research/traces/lane3/disturb-T40-R13.csv
Lane 3 alm_check,T40 R13,I004,0,0.9,-0.900107,DIED,I004-p0-s0.900000,research/traces/lane3/disturb-T40-R13.csv
Lane 3 alm_check,T40 R13,I004,0,0.95,-0.951529,DIED,I004-p0-s0.950000,research/traces/lane3/disturb-T40-R13.csv
Lane 3 alm_check,T40 R13,I004,1,0.0,0.000000,RECOVERED,I004-p1-s0.000000,research/traces/lane3/disturb-T40-R13.csv
Lane 3 alm_check,T40 R13,I004,1,0.05,-0.052733,RECOVERED,I004-p1-s0.050000,research/traces/lane3/disturb-T40-R13.csv
Lane 3 alm_check,T40 R13,I004,1,0.1,-0.100067,RECOVERED,I004-p1-s0.100000,research/traces/lane3/disturb-T40-R13.csv
Lane 3 alm_check,T40 R13,I004,1,0.15,-0.150556,DIED,I004-p1-s0.150000,research/traces/lane3/disturb-T40-R13.csv
Lane 3 alm_check,T40 R13,I004,1,0.2,-0.206729,DIED,I004-p1-s0.200000,research/traces/lane3/disturb-T40-R13.csv
Lane 3 alm_check,T40 R13,I004,1,0.25,-0.254220,DIED,I004-p1-s0.250000,research/traces/lane3/disturb-T40-R13.csv
Lane 3 alm_check,T40 R13,I004,1,0.3,-0.306763,DIED,I004-p1-s0.300000,research/traces/lane3/disturb-T40-R13.csv
Lane 3 alm_check,T40 R13,I004,1,0.35,-0.359556,DIED,I004-p1-s0.350000,research/traces/lane3/disturb-T40-R13.csv
Lane 3 alm_check,T40 R13,I004,1,0.4,-0.410331,DIED,I004-p1-s0.400000,research/traces/lane3/disturb-T40-R13.csv
Lane 3 alm_check,T40 R13,I004,1,0.45,-0.458348,DIED,I004-p1-s0.450000,research/traces/lane3/disturb-T40-R13.csv
Lane 3 alm_check,T40 R13,I004,1,0.5,-0.505596,DIED,I004-p1-s0.500000,research/traces/lane3/disturb-T40-R13.csv
Lane 3 alm_check,T40 R13,I004,1,0.55,-0.554114,DIED,I004-p1-s0.550000,research/traces/lane3/disturb-T40-R13.csv
Lane 3 alm_check,T40 R13,I004,1,0.6,-0.601260,DIED,I004-p1-s0.600000,research/traces/lane3/disturb-T40-R13.csv
Lane 3 alm_check,T40 R13,I004,1,0.65,-0.653279,DIED,I004-p1-s0.650000,research/traces/lane3/disturb-T40-R13.csv
Lane 3 alm_check,T40 R13,I004,1,0.7,-0.704221,DIED,I004-p1-s0.700000,research/traces/lane3/disturb-T40-R13.csv
Lane 3 alm_check,T40 R13,I004,1,0.75,-0.754688,DIED,I004-p1-s0.750000,research/traces/lane3/disturb-T40-R13.csv
Lane 3 alm_check,T40 R13,I004,1,0.8,-0.800755,DIED,I004-p1-s0.800000,research/traces/lane3/disturb-T40-R13.csv
Lane 3 alm_check,T40 R13,I004,1,0.85,-0.850067,DIED,I004-p1-s0.850000,research/traces/lane3/disturb-T40-R13.csv
Lane 3 alm_check,T40 R13,I004,1,0.9,-0.900814,DIED,I004-p1-s0.900000,research/traces/lane3/disturb-T40-R13.csv
Lane 3 alm_check,T40 R13,I004,1,0.95,-0.950416,DIED,I004-p1-s0.950000,research/traces/lane3/disturb-T40-R13.csv
Lane 3 alm_check,T40 R13,I004,2,0.0,0.000000,RECOVERED,I004-p2-s0.000000,research/traces/lane3/disturb-T40-R13.csv
Lane 3 alm_check,T40 R13,I004,2,0.05,-0.054164,RECOVERED,I004-p2-s0.050000,research/traces/lane3/disturb-T40-R13.csv
Lane 3 alm_check,T40 R13,I004,2,0.1,-0.101293,DIED,I004-p2-s0.100000,research/traces/lane3/disturb-T40-R13.csv
Lane 3 alm_check,T40 R13,I004,2,0.15,-0.151619,DIED,I004-p2-s0.150000,research/traces/lane3/disturb-T40-R13.csv
Lane 3 alm_check,T40 R13,I004,2,0.2,-0.207865,DIED,I004-p2-s0.200000,research/traces/lane3/disturb-T40-R13.csv
Lane 3 alm_check,T40 R13,I004,2,0.25,-0.255148,DIED,I004-p2-s0.250000,research/traces/lane3/disturb-T40-R13.csv
Lane 3 alm_check,T40 R13,I004,2,0.3,-0.306393,DIED,I004-p2-s0.300000,research/traces/lane3/disturb-T40-R13.csv
Lane 3 alm_check,T40 R13,I004,2,0.35,-0.357358,DIED,I004-p2-s0.350000,research/traces/lane3/disturb-T40-R13.csv
Lane 3 alm_check,T40 R13,I004,2,0.4,-0.408965,DIED,I004-p2-s0.400000,research/traces/lane3/disturb-T40-R13.csv
Lane 3 alm_check,T40 R13,I004,2,0.45,-0.450286,DIED,I004-p2-s0.450000,research/traces/lane3/disturb-T40-R13.csv
Lane 3 alm_check,T40 R13,I004,2,0.5,-0.500349,DIED,I004-p2-s0.500000,research/traces/lane3/disturb-T40-R13.csv
Lane 3 alm_check,T40 R13,I004,2,0.55,-0.551099,DIED,I004-p2-s0.550000,research/traces/lane3/disturb-T40-R13.csv
Lane 3 alm_check,T40 R13,I004,2,0.6,-0.601237,DIED,I004-p2-s0.600000,research/traces/lane3/disturb-T40-R13.csv
Lane 3 alm_check,T40 R13,I004,2,0.65,-0.651570,DIED,I004-p2-s0.650000,research/traces/lane3/disturb-T40-R13.csv
Lane 3 alm_check,T40 R13,I004,2,0.7,-0.703654,DIED,I004-p2-s0.700000,research/traces/lane3/disturb-T40-R13.csv
Lane 3 alm_check,T40 R13,I004,2,0.75,-0.754695,DIED,I004-p2-s0.750000,research/traces/lane3/disturb-T40-R13.csv
Lane 3 alm_check,T40 R13,I004,2,0.8,-0.800842,DIED,I004-p2-s0.800000,research/traces/lane3/disturb-T40-R13.csv
Lane 3 alm_check,T40 R13,I004,2,0.85,-0.850175,DIED,I004-p2-s0.850000,research/traces/lane3/disturb-T40-R13.csv
Lane 3 alm_check,T40 R13,I004,2,0.9,-0.903138,DIED,I004-p2-s0.900000,research/traces/lane3/disturb-T40-R13.csv
Lane 3 alm_check,T40 R13,I004,2,0.95,-0.959622,DIED,I004-p2-s0.950000,research/traces/lane3/disturb-T40-R13.csv
Lane 3 alm_check,T40 R13,I004,3,0.0,0.000000,RECOVERED,I004-p3-s0.000000,research/traces/lane3/disturb-T40-R13.csv
Lane 3 alm_check,T40 R13,I004,3,0.05,-0.053151,RECOVERED,I004-p3-s0.050000,research/traces/lane3/disturb-T40-R13.csv
Lane 3 alm_check,T40 R13,I004,3,0.1,-0.100059,DIED,I004-p3-s0.100000,research/traces/lane3/disturb-T40-R13.csv
Lane 3 alm_check,T40 R13,I004,3,0.15,-0.150725,DIED,I004-p3-s0.150000,research/traces/lane3/disturb-T40-R13.csv
Lane 3 alm_check,T40 R13,I004,3,0.2,-0.207906,DIED,I004-p3-s0.200000,research/traces/lane3/disturb-T40-R13.csv
Lane 3 alm_check,T40 R13,I004,3,0.25,-0.253938,DIED,I004-p3-s0.250000,research/traces/lane3/disturb-T40-R13.csv
Lane 3 alm_check,T40 R13,I004,3,0.3,-0.303488,DIED,I004-p3-s0.300000,research/traces/lane3/disturb-T40-R13.csv
Lane 3 alm_check,T40 R13,I004,3,0.35,-0.354787,DIED,I004-p3-s0.350000,research/traces/lane3/disturb-T40-R13.csv
Lane 3 alm_check,T40 R13,I004,3,0.4,-0.407531,DIED,I004-p3-s0.400000,research/traces/lane3/disturb-T40-R13.csv
Lane 3 alm_check,T40 R13,I004,3,0.45,-0.450889,DIED,I004-p3-s0.450000,research/traces/lane3/disturb-T40-R13.csv
Lane 3 alm_check,T40 R13,I004,3,0.5,-0.501449,DIED,I004-p3-s0.500000,research/traces/lane3/disturb-T40-R13.csv
Lane 3 alm_check,T40 R13,I004,3,0.55,-0.550851,DIED,I004-p3-s0.550000,research/traces/lane3/disturb-T40-R13.csv
Lane 3 alm_check,T40 R13,I004,3,0.6,-0.603267,DIED,I004-p3-s0.600000,research/traces/lane3/disturb-T40-R13.csv
Lane 3 alm_check,T40 R13,I004,3,0.65,-0.656307,DIED,I004-p3-s0.650000,research/traces/lane3/disturb-T40-R13.csv
Lane 3 alm_check,T40 R13,I004,3,0.7,-0.702676,DIED,I004-p3-s0.700000,research/traces/lane3/disturb-T40-R13.csv
Lane 3 alm_check,T40 R13,I004,3,0.75,-0.754363,DIED,I004-p3-s0.750000,research/traces/lane3/disturb-T40-R13.csv
Lane 3 alm_check,T40 R13,I004,3,0.8,-0.800026,DIED,I004-p3-s0.800000,research/traces/lane3/disturb-T40-R13.csv
Lane 3 alm_check,T40 R13,I004,3,0.85,-0.851574,DIED,I004-p3-s0.850000,research/traces/lane3/disturb-T40-R13.csv
Lane 3 alm_check,T40 R13,I004,3,0.9,-0.901749,DIED,I004-p3-s0.900000,research/traces/lane3/disturb-T40-R13.csv
Lane 3 alm_check,T40 R13,I004,3,0.95,-0.957464,DIED,I004-p3-s0.950000,research/traces/lane3/disturb-T40-R13.csv
Lane 3 alm_check,T40 R13,I004,4,0.0,0.000000,RECOVERED,I004-p4-s0.000000,research/traces/lane3/disturb-T40-R13.csv
Lane 3 alm_check,T40 R13,I004,4,0.05,-0.051773,RECOVERED,I004-p4-s0.050000,research/traces/lane3/disturb-T40-R13.csv
Lane 3 alm_check,T40 R13,I004,4,0.1,-0.100099,DIED,I004-p4-s0.100000,research/traces/lane3/disturb-T40-R13.csv
Lane 3 alm_check,T40 R13,I004,4,0.15,-0.155230,DIED,I004-p4-s0.150000,research/traces/lane3/disturb-T40-R13.csv
Lane 3 alm_check,T40 R13,I004,4,0.2,-0.207261,DIED,I004-p4-s0.200000,research/traces/lane3/disturb-T40-R13.csv
Lane 3 alm_check,T40 R13,I004,4,0.25,-0.252500,DIED,I004-p4-s0.250000,research/traces/lane3/disturb-T40-R13.csv
Lane 3 alm_check,T40 R13,I004,4,0.3,-0.302002,DIED,I004-p4-s0.300000,research/traces/lane3/disturb-T40-R13.csv
Lane 3 alm_check,T40 R13,I004,4,0.35,-0.353777,DIED,I004-p4-s0.350000,research/traces/lane3/disturb-T40-R13.csv
Lane 3 alm_check,T40 R13,I004,4,0.4,-0.406471,DIED,I004-p4-s0.400000,research/traces/lane3/disturb-T40-R13.csv
Lane 3 alm_check,T40 R13,I004,4,0.45,-0.451928,DIED,I004-p4-s0.450000,research/traces/lane3/disturb-T40-R13.csv
Lane 3 alm_check,T40 R13,I004,4,0.5,-0.501882,DIED,I004-p4-s0.500000,research/traces/lane3/disturb-T40-R13.csv
Lane 3 alm_check,T40 R13,I004,4,0.55,-0.552154,DIED,I004-p4-s0.550000,research/traces/lane3/disturb-T40-R13.csv
Lane 3 alm_check,T40 R13,I004,4,0.6,-0.601825,DIED,I004-p4-s0.600000,research/traces/lane3/disturb-T40-R13.csv
Lane 3 alm_check,T40 R13,I004,4,0.65,-0.654629,DIED,I004-p4-s0.650000,research/traces/lane3/disturb-T40-R13.csv
Lane 3 alm_check,T40 R13,I004,4,0.7,-0.702013,DIED,I004-p4-s0.700000,research/traces/lane3/disturb-T40-R13.csv
Lane 3 alm_check,T40 R13,I004,4,0.75,-0.753509,DIED,I004-p4-s0.750000,research/traces/lane3/disturb-T40-R13.csv
Lane 3 alm_check,T40 R13,I004,4,0.8,-0.800050,DIED,I004-p4-s0.800000,research/traces/lane3/disturb-T40-R13.csv
Lane 3 alm_check,T40 R13,I004,4,0.85,-0.852030,DIED,I004-p4-s0.850000,research/traces/lane3/disturb-T40-R13.csv
Lane 3 alm_check,T40 R13,I004,4,0.9,-0.900539,DIED,I004-p4-s0.900000,research/traces/lane3/disturb-T40-R13.csv
Lane 3 alm_check,T40 R13,I004,4,0.95,-0.956053,DIED,I004-p4-s0.950000,research/traces/lane3/disturb-T40-R13.csv
Lane 3 alm_check,T40 R13,I001,0,0.125,-0.125000,DIED,I001-p0-s0.125000,research/traces/lane3/disturb-T40-R13.csv
Lane 3 alm_check,T40 R13,I001,1,0.125,-0.125000,DIED,I001-p1-s0.125000,research/traces/lane3/disturb-T40-R13.csv
Lane 3 alm_check,T40 R13,I001,2,0.125,-0.125000,DIED,I001-p2-s0.125000,research/traces/lane3/disturb-T40-R13.csv
Lane 3 alm_check,T40 R13,I001,3,0.125,-0.125000,DIED,I001-p3-s0.125000,research/traces/lane3/disturb-T40-R13.csv
Lane 3 alm_check,T40 R13,I001,4,0.125,-0.125000,DIED,I001-p4-s0.125000,research/traces/lane3/disturb-T40-R13.csv
Lane 3 alm_check,T40 R13,I002,0,0.075,-0.036792,RECOVERED,I002-p0-s0.075000,research/traces/lane3/disturb-T40-R13.csv
Lane 3 alm_check,T40 R13,I002,1,0.075,-0.036282,RECOVERED,I002-p1-s0.075000,research/traces/lane3/disturb-T40-R13.csv
Lane 3 alm_check,T40 R13,I002,2,0.075,-0.048569,DIED,I002-p2-s0.075000,research/traces/lane3/disturb-T40-R13.csv
Lane 3 alm_check,T40 R13,I002,3,0.075,-0.036221,RECOVERED,I002-p3-s0.075000,research/traces/lane3/disturb-T40-R13.csv
Lane 3 alm_check,T40 R13,I002,4,0.075,-0.023799,RECOVERED,I002-p4-s0.075000,research/traces/lane3/disturb-T40-R13.csv
Lane 3 alm_check,T40 R13,I003,0,0.325,0.297423,RECOVERED,I003-p0-s0.325000,research/traces/lane3/disturb-T40-R13.csv
Lane 3 alm_check,T40 R13,I003,1,0.325,0.296587,RECOVERED,I003-p1-s0.325000,research/traces/lane3/disturb-T40-R13.csv
Lane 3 alm_check,T40 R13,I003,2,0.375,0.342322,DIED,I003-p2-s0.375000,research/traces/lane3/disturb-T40-R13.csv
Lane 3 alm_check,T40 R13,I003,3,0.325,0.296719,RECOVERED,I003-p3-s0.325000,research/traces/lane3/disturb-T40-R13.csv
Lane 3 alm_check,T40 R13,I003,4,0.325,0.296713,RECOVERED,I003-p4-s0.325000,research/traces/lane3/disturb-T40-R13.csv
Lane 3 alm_check,T40 R13,I004,0,0.075,-0.075004,RECOVERED,I004-p0-s0.075000,research/traces/lane3/disturb-T40-R13.csv
Lane 3 alm_check,T40 R13,I004,1,0.125,-0.128695,DIED,I004-p1-s0.125000,research/traces/lane3/disturb-T40-R13.csv
Lane 3 alm_check,T40 R13,I004,2,0.075,-0.076319,RECOVERED,I004-p2-s0.075000,research/traces/lane3/disturb-T40-R13.csv
Lane 3 alm_check,T40 R13,I004,3,0.075,-0.075735,RECOVERED,I004-p3-s0.075000,research/traces/lane3/disturb-T40-R13.csv
Lane 3 alm_check,T40 R13,I004,4,0.075,-0.075671,RECOVERED,I004-p4-s0.075000,research/traces/lane3/disturb-T40-R13.csv
Lane 3 alm_check,T40 R13,I001,0,0.1125,-0.112500,DIED,I001-p0-s0.112500,research/traces/lane3/disturb-T40-R13.csv
Lane 3 alm_check,T40 R13,I001,1,0.1125,-0.112500,DIED,I001-p1-s0.112500,research/traces/lane3/disturb-T40-R13.csv
Lane 3 alm_check,T40 R13,I001,2,0.1125,-0.112500,DIED,I001-p2-s0.112500,research/traces/lane3/disturb-T40-R13.csv
Lane 3 alm_check,T40 R13,I001,3,0.1125,-0.112500,DIED,I001-p3-s0.112500,research/traces/lane3/disturb-T40-R13.csv
Lane 3 alm_check,T40 R13,I001,4,0.1125,-0.112500,DIED,I001-p4-s0.112500,research/traces/lane3/disturb-T40-R13.csv
Lane 3 alm_check,T40 R13,I002,0,0.0875,-0.050489,DIED,I002-p0-s0.087500,research/traces/lane3/disturb-T40-R13.csv
Lane 3 alm_check,T40 R13,I002,1,0.0875,-0.048402,DIED,I002-p1-s0.087500,research/traces/lane3/disturb-T40-R13.csv
Lane 3 alm_check,T40 R13,I002,2,0.0625,-0.048569,DIED,I002-p2-s0.062500,research/traces/lane3/disturb-T40-R13.csv
Lane 3 alm_check,T40 R13,I002,3,0.0875,-0.049979,DIED,I002-p3-s0.087500,research/traces/lane3/disturb-T40-R13.csv
Lane 3 alm_check,T40 R13,I002,4,0.0875,-0.050874,DIED,I002-p4-s0.087500,research/traces/lane3/disturb-T40-R13.csv
Lane 3 alm_check,T40 R13,I003,0,0.3375,0.308862,RECOVERED,I003-p0-s0.337500,research/traces/lane3/disturb-T40-R13.csv
Lane 3 alm_check,T40 R13,I003,1,0.3375,0.307994,RECOVERED,I003-p1-s0.337500,research/traces/lane3/disturb-T40-R13.csv
Lane 3 alm_check,T40 R13,I003,2,0.3625,0.330911,DIED,I003-p2-s0.362500,research/traces/lane3/disturb-T40-R13.csv
Lane 3 alm_check,T40 R13,I003,3,0.3375,0.308132,RECOVERED,I003-p3-s0.337500,research/traces/lane3/disturb-T40-R13.csv
Lane 3 alm_check,T40 R13,I003,4,0.3375,0.308125,DIED,I003-p4-s0.337500,research/traces/lane3/disturb-T40-R13.csv
Lane 3 alm_check,T40 R13,I004,0,0.0875,-0.087884,RECOVERED,I004-p0-s0.087500,research/traces/lane3/disturb-T40-R13.csv
Lane 3 alm_check,T40 R13,I004,1,0.1125,-0.113079,DIED,I004-p1-s0.112500,research/traces/lane3/disturb-T40-R13.csv
Lane 3 alm_check,T40 R13,I004,2,0.0875,-0.087515,RECOVERED,I004-p2-s0.087500,research/traces/lane3/disturb-T40-R13.csv
Lane 3 alm_check,T40 R13,I004,3,0.0875,-0.088431,RECOVERED,I004-p3-s0.087500,research/traces/lane3/disturb-T40-R13.csv
Lane 3 alm_check,T40 R13,I004,4,0.0875,-0.088068,RECOVERED,I004-p4-s0.087500,research/traces/lane3/disturb-T40-R13.csv
Lane 3 alm_check,T40 R13,I001,0,0.10625,-0.106250,RECOVERED,I001-p0-s0.106250,research/traces/lane3/disturb-T40-R13.csv
Lane 3 alm_check,T40 R13,I001,1,0.10625,-0.106250,RECOVERED,I001-p1-s0.106250,research/traces/lane3/disturb-T40-R13.csv
Lane 3 alm_check,T40 R13,I001,2,0.10625,-0.106250,DIED,I001-p2-s0.106250,research/traces/lane3/disturb-T40-R13.csv
Lane 3 alm_check,T40 R13,I001,3,0.10625,-0.106250,DIED,I001-p3-s0.106250,research/traces/lane3/disturb-T40-R13.csv
Lane 3 alm_check,T40 R13,I001,4,0.10625,-0.106250,DIED,I001-p4-s0.106250,research/traces/lane3/disturb-T40-R13.csv
Lane 3 alm_check,T40 R13,I002,0,0.08125,-0.036792,RECOVERED,I002-p0-s0.081250,research/traces/lane3/disturb-T40-R13.csv
Lane 3 alm_check,T40 R13,I002,1,0.08125,-0.036282,RECOVERED,I002-p1-s0.081250,research/traces/lane3/disturb-T40-R13.csv
Lane 3 alm_check,T40 R13,I002,2,0.05625,-0.036075,RECOVERED,I002-p2-s0.056250,research/traces/lane3/disturb-T40-R13.csv
Lane 3 alm_check,T40 R13,I002,3,0.08125,-0.036221,RECOVERED,I002-p3-s0.081250,research/traces/lane3/disturb-T40-R13.csv
Lane 3 alm_check,T40 R13,I002,4,0.08125,-0.050874,DIED,I002-p4-s0.081250,research/traces/lane3/disturb-T40-R13.csv
Lane 3 alm_check,T40 R13,I003,0,0.34375,0.314582,RECOVERED,I003-p0-s0.343750,research/traces/lane3/disturb-T40-R13.csv
Lane 3 alm_check,T40 R13,I003,1,0.34375,0.313698,RECOVERED,I003-p1-s0.343750,research/traces/lane3/disturb-T40-R13.csv
Lane 3 alm_check,T40 R13,I003,2,0.35625,0.325205,RECOVERED,I003-p2-s0.356250,research/traces/lane3/disturb-T40-R13.csv
Lane 3 alm_check,T40 R13,I003,3,0.34375,0.313838,RECOVERED,I003-p3-s0.343750,research/traces/lane3/disturb-T40-R13.csv
Lane 3 alm_check,T40 R13,I003,4,0.33125,0.302419,RECOVERED,I003-p4-s0.331250,research/traces/lane3/disturb-T40-R13.csv
Lane 3 alm_check,T40 R13,I004,0,0.09375,-0.093829,RECOVERED,I004-p0-s0.093750,research/traces/lane3/disturb-T40-R13.csv
Lane 3 alm_check,T40 R13,I004,1,0.10625,-0.108214,DIED,I004-p1-s0.106250,research/traces/lane3/disturb-T40-R13.csv
Lane 3 alm_check,T40 R13,I004,2,0.09375,-0.094493,RECOVERED,I004-p2-s0.093750,research/traces/lane3/disturb-T40-R13.csv
Lane 3 alm_check,T40 R13,I004,3,0.09375,-0.094575,DIED,I004-p3-s0.093750,research/traces/lane3/disturb-T40-R13.csv
Lane 3 alm_check,T40 R13,I004,4,0.09375,-0.094114,DIED,I004-p4-s0.093750,research/traces/lane3/disturb-T40-R13.csv
Lane 3 alm_check,T40 R13,I001,0,0.109375,-0.109375,DIED,I001-p0-s0.109375,research/traces/lane3/disturb-T40-R13.csv
Lane 3 alm_check,T40 R13,I001,1,0.109375,-0.109375,DIED,I001-p1-s0.109375,research/traces/lane3/disturb-T40-R13.csv
Lane 3 alm_check,T40 R13,I001,2,0.103125,-0.103125,RECOVERED,I001-p2-s0.103125,research/traces/lane3/disturb-T40-R13.csv
Lane 3 alm_check,T40 R13,I001,3,0.103125,-0.103125,RECOVERED,I001-p3-s0.103125,research/traces/lane3/disturb-T40-R13.csv
Lane 3 alm_check,T40 R13,I001,4,0.103125,-0.103125,DIED,I001-p4-s0.103125,research/traces/lane3/disturb-T40-R13.csv
Lane 3 alm_check,T40 R13,I002,0,0.084375,-0.036792,RECOVERED,I002-p0-s0.084375,research/traces/lane3/disturb-T40-R13.csv
Lane 3 alm_check,T40 R13,I002,1,0.084375,-0.048402,DIED,I002-p1-s0.084375,research/traces/lane3/disturb-T40-R13.csv
Lane 3 alm_check,T40 R13,I002,2,0.059375,-0.036075,RECOVERED,I002-p2-s0.059375,research/traces/lane3/disturb-T40-R13.csv
Lane 3 alm_check,T40 R13,I002,3,0.084375,-0.049979,DIED,I002-p3-s0.084375,research/traces/lane3/disturb-T40-R13.csv
Lane 3 alm_check,T40 R13,I002,4,0.078125,-0.037536,RECOVERED,I002-p4-s0.078125,research/traces/lane3/disturb-T40-R13.csv
Lane 3 alm_check,T40 R13,I003,0,0.346875,0.317442,RECOVERED,I003-p0-s0.346875,research/traces/lane3/disturb-T40-R13.csv
Lane 3 alm_check,T40 R13,I003,1,0.346875,0.316549,RECOVERED,I003-p1-s0.346875,research/traces/lane3/disturb-T40-R13.csv
Lane 3 alm_check,T40 R13,I003,2,0.359375,0.328058,DIED,I003-p2-s0.359375,research/traces/lane3/disturb-T40-R13.csv
Lane 3 alm_check,T40 R13,I003,3,0.346875,0.316691,DIED,I003-p3-s0.346875,research/traces/lane3/disturb-T40-R13.csv
Lane 3 alm_check,T40 R13,I003,4,0.334375,0.305272,RECOVERED,I003-p4-s0.334375,research/traces/lane3/disturb-T40-R13.csv
Lane 3 alm_check,T40 R13,I004,0,0.096875,-0.098451,DIED,I004-p0-s0.096875,research/traces/lane3/disturb-T40-R13.csv
Lane 3 alm_check,T40 R13,I004,1,0.103125,-0.103208,DIED,I004-p1-s0.103125,research/traces/lane3/disturb-T40-R13.csv
Lane 3 alm_check,T40 R13,I004,2,0.096875,-0.096936,DIED,I004-p2-s0.096875,research/traces/lane3/disturb-T40-R13.csv
Lane 3 alm_check,T40 R13,I004,3,0.090625,-0.091279,RECOVERED,I004-p3-s0.090625,research/traces/lane3/disturb-T40-R13.csv
Lane 3 alm_check,T40 R13,I004,4,0.090625,-0.091078,DIED,I004-p4-s0.090625,research/traces/lane3/disturb-T40-R13.csv
Lane 3 alm_check,T40 R13,I001,0,0.107813,-0.107812,DIED,I001-p0-s0.107813,research/traces/lane3/disturb-T40-R13.csv
Lane 3 alm_check,T40 R13,I001,1,0.107813,-0.107813,RECOVERED,I001-p1-s0.107813,research/traces/lane3/disturb-T40-R13.csv
Lane 3 alm_check,T40 R13,I001,2,0.104688,-0.104688,RECOVERED,I001-p2-s0.104688,research/traces/lane3/disturb-T40-R13.csv
Lane 3 alm_check,T40 R13,I001,3,0.104688,-0.104688,DIED,I001-p3-s0.104688,research/traces/lane3/disturb-T40-R13.csv
Lane 3 alm_check,T40 R13,I001,4,0.101562,-0.101563,RECOVERED,I001-p4-s0.101562,research/traces/lane3/disturb-T40-R13.csv
Lane 3 alm_check,T40 R13,I002,0,0.0859375,-0.036792,RECOVERED,I002-p0-s0.085938,research/traces/lane3/disturb-T40-R13.csv
Lane 3 alm_check,T40 R13,I002,1,0.0828125,-0.036282,RECOVERED,I002-p1-s0.082812,research/traces/lane3/disturb-T40-R13.csv
Lane 3 alm_check,T40 R13,I002,2,0.0609375,-0.048569,DIED,I002-p2-s0.060937,research/traces/lane3/disturb-T40-R13.csv
Lane 3 alm_check,T40 R13,I002,3,0.0828125,-0.036221,RECOVERED,I002-p3-s0.082812,research/traces/lane3/disturb-T40-R13.csv
Lane 3 alm_check,T40 R13,I002,4,0.0796875,-0.050874,DIED,I002-p4-s0.079687,research/traces/lane3/disturb-T40-R13.csv
Lane 3 alm_check,T40 R13,I003,0,0.348437,0.318872,DIED,I003-p0-s0.348437,research/traces/lane3/disturb-T40-R13.csv
Lane 3 alm_check,T40 R13,I003,1,0.348437,0.317975,DIED,I003-p1-s0.348437,research/traces/lane3/disturb-T40-R13.csv
Lane 3 alm_check,T40 R13,I003,2,0.357812,0.326632,DIED,I003-p2-s0.357812,research/traces/lane3/disturb-T40-R13.csv
Lane 3 alm_check,T40 R13,I003,3,0.345313,0.315264,RECOVERED,I003-p3-s0.345313,research/traces/lane3/disturb-T40-R13.csv
Lane 3 alm_check,T40 R13,I003,4,0.335938,0.306699,DIED,I003-p4-s0.335938,research/traces/lane3/disturb-T40-R13.csv
Lane 3 alm_check,T40 R13,I004,0,0.0953125,-0.095326,DIED,I004-p0-s0.095312,research/traces/lane3/disturb-T40-R13.csv
Lane 3 alm_check,T40 R13,I004,1,0.101562,-0.103208,DIED,I004-p1-s0.101562,research/traces/lane3/disturb-T40-R13.csv
Lane 3 alm_check,T40 R13,I004,2,0.0953125,-0.096936,DIED,I004-p2-s0.095312,research/traces/lane3/disturb-T40-R13.csv
Lane 3 alm_check,T40 R13,I004,3,0.0921875,-0.093247,DIED,I004-p3-s0.092188,research/traces/lane3/disturb-T40-R13.csv
Lane 3 alm_check,T40 R13,I004,4,0.0890625,-0.090286,DIED,I004-p4-s0.089063,research/traces/lane3/disturb-T40-R13.csv
Lane 3 alm_check,T40 R13,I001,0,0.107031,-0.107031,RECOVERED,I001-p0-s0.107031,research/traces/lane3/disturb-T40-R13.csv
Lane 3 alm_check,T40 R13,I001,1,0.108594,-0.108594,DIED,I001-p1-s0.108594,research/traces/lane3/disturb-T40-R13.csv
Lane 3 alm_check,T40 R13,I001,2,0.105469,-0.105469,DIED,I001-p2-s0.105469,research/traces/lane3/disturb-T40-R13.csv
Lane 3 alm_check,T40 R13,I001,3,0.103906,-0.103906,RECOVERED,I001-p3-s0.103906,research/traces/lane3/disturb-T40-R13.csv
Lane 3 alm_check,T40 R13,I001,4,0.102344,-0.102344,DIED,I001-p4-s0.102344,research/traces/lane3/disturb-T40-R13.csv
Lane 3 alm_check,T40 R13,I002,0,0.0867188,-0.036792,RECOVERED,I002-p0-s0.086719,research/traces/lane3/disturb-T40-R13.csv
Lane 3 alm_check,T40 R13,I002,1,0.0835938,-0.036282,RECOVERED,I002-p1-s0.083594,research/traces/lane3/disturb-T40-R13.csv
Lane 3 alm_check,T40 R13,I002,2,0.0601562,-0.036075,RECOVERED,I002-p2-s0.060156,research/traces/lane3/disturb-T40-R13.csv
Lane 3 alm_check,T40 R13,I002,3,0.0835938,-0.049979,DIED,I002-p3-s0.083594,research/traces/lane3/disturb-T40-R13.csv
Lane 3 alm_check,T40 R13,I002,4,0.0789063,-0.050874,DIED,I002-p4-s0.078906,research/traces/lane3/disturb-T40-R13.csv
Lane 3 alm_check,T40 R13,I003,0,0.347656,0.318157,RECOVERED,I003-p0-s0.347656,research/traces/lane3/disturb-T40-R13.csv
Lane 3 alm_check,T40 R13,I003,1,0.347656,0.317262,RECOVERED,I003-p1-s0.347656,research/traces/lane3/disturb-T40-R13.csv
Lane 3 alm_check,T40 R13,I003,2,0.357031,0.325919,DIED,I003-p2-s0.357031,research/traces/lane3/disturb-T40-R13.csv
Lane 3 alm_check,T40 R13,I003,3,0.346094,0.315978,RECOVERED,I003-p3-s0.346094,research/traces/lane3/disturb-T40-R13.csv
Lane 3 alm_check,T40 R13,I003,4,0.335156,0.305986,DIED,I003-p4-s0.335156,research/traces/lane3/disturb-T40-R13.csv
Lane 3 alm_check,T40 R13,I004,0,0.0945312,-0.095000,DIED,I004-p0-s0.094531,research/traces/lane3/disturb-T40-R13.csv
Lane 3 alm_check,T40 R13,I004,1,0.100781,-0.101123,DIED,I004-p1-s0.100781,research/traces/lane3/disturb-T40-R13.csv
Lane 3 alm_check,T40 R13,I004,2,0.0945312,-0.094696,RECOVERED,I004-p2-s0.094531,research/traces/lane3/disturb-T40-R13.csv
Lane 3 alm_check,T40 R13,I004,3,0.0914063,-0.093247,DIED,I004-p3-s0.091406,research/traces/lane3/disturb-T40-R13.csv
Lane 3 alm_check,T40 R13,I004,4,0.0882813,-0.088428,RECOVERED,I004-p4-s0.088281,research/traces/lane3/disturb-T40-R13.csv
