step,time,mass,peak,area,gyradius,cx_cells,cy_cells,alive,growth,x_cells,y_cells,speed
0,0,0.559902541,1,1.23076923,0.550166772,60.7764319,63.8756455,1,nan,60.7764319,63.8756455,nan
10,1,0.519860017,1,1.14792899,0.517481323,60.9477646,57.4646947,1,0.534016752,60.9477646,57.4646947,0.493326142
20,2,0.522501638,1,1.18934911,0.516002053,66.7430373,58.555876,1,0.598645881,66.7430373,58.555876,0.453623561
30,3,0.534218261,1,1.15976331,0.516599629,65.0762441,64.090337,1,0.667647472,65.0762441,64.090337,0.44461577
40,4,0.539346364,1,1.17159763,0.514728909,59.9417971,61.8280048,1,0.583966784,59.9417971,61.8280048,0.431597371
50,5,0.530673972,1,1.25443787,0.514652505,62.4760127,56.8713603,1,0.516112766,62.4760127,56.8713603,0.428224447
60,6,0.521795404,1,1.20710059,0.518360776,67.2770117,59.8472323,1,0.513988995,67.2770117,59.8472323,0.434499
70,7,0.506798493,1,1.15976331,0.509851996,63.8529003,64.8568088,1,0.513975711,63.8529003,64.8568088,0.466767787
80,8,0.505416891,1,1.0887574,0.50637635,59.2015293,60.9693535,1,0.503343368,59.2015293,60.9693535,0.46630589
90,9,0.507809747,1,1.13609467,0.512778063,63.3743023,56.7440122,1,0.527835289,63.3743023,56.7440122,0.456806146
100,10,0.524976925,1,1.13017751,0.517461924,66.9188672,61.3294576,1,0.641817235,66.9188672,61.3294576,0.445823816
110,11,0.540354735,1,1.20118343,0.518311419,62.0940568,64.1572269,1,0.646113158,62.0940568,64.1572269,0.430185558
120,12,0.530834669,1,1.20118343,0.514515049,59.8600802,58.9717929,1,0.523246651,59.8600802,58.9717929,0.434321734
130,13,0.522648178,1,1.21301775,0.51540811,65.214189,57.0796746,1,0.510275078,65.214189,57.0796746,0.436816031
140,14,0.522475955,1,1.18343195,0.519176646,67.0354983,62.4648283,1,0.514198669,67.0354983,62.4648283,0.437292967
150,15,0.517799811,1,1.13017751,0.519647991,61.4855232,64.0364907,1,0.498666691,61.4855232,64.0364907,0.443709124
160,16,0.518777667,1,1.14792899,0.519069615,60.2236964,58.2888405,1,0.526726733,60.2236964,58.2888405,0.45265613
170,17,0.517406701,1,1.17751479,0.514820573,66.1650625,57.5363362,1,0.582246907,66.1650625,57.5363362,0.460679291
180,18,0.520587415,1,1.13609467,0.515940461,66.1774286,63.2634181,1,0.623472347,66.1774286,63.2634181,0.44054579
190,19,0.535776968,1,1.17159763,0.512520723,60.5568733,62.7435425,1,0.659238416,60.5568733,62.7435425,0.434195934
200,20,0.52709404,1,1.19526627,0.518047154,61.985813,57.279473,1,0.510614445,61.985813,57.279473,0.43444806
210,21,0.521954689,1,1.20118343,0.51561934,67.4264569,58.7663199,1,0.512957463,67.4264569,58.7663199,0.433857881
220,22,0.516188947,1,1.14792899,0.516248691,65.7291741,64.3637122,1,0.491575855,65.7291741,64.3637122,0.449928134
230,23,0.517501907,1,1.10650888,0.51538935,60.3096235,62.4440455,1,0.492674054,60.3096235,62.4440455,0.442268556
240,24,0.513454476,1,1.13017751,0.521080879,62.6322868,57.0730817,1,0.508032231,62.6322868,57.0730817,0.450128302
250,25,0.526003992,1,1.18343195,0.523271438,67.7309068,59.8740712,1,0.606827581,67.7309068,59.8740712,0.447487842
260,26,0.537860303,1,1.15976331,0.517131289,64.1090116,64.5109691,1,0.658064838,64.1090116,64.5109691,0.452598979
270,27,0.532515387,1,1.25443787,0.516911993,60.1465679,60.3052194,1,0.526909184,60.1465679,60.3052194,0.444488207
280,28,0.520969236,1,1.21301775,0.509811825,64.5154666,56.54187,1,0.510229622,64.5154666,56.54187,0.443560602
290,29,0.521809521,1,1.19526627,0.513230108,67.9421549,61.0572609,1,0.511634736,67.9421549,61.0572609,0.436032048
300,30,0.512815562,1,1.13609467,0.51342179,63.087254,64.5136225,1,0.490349884,63.087254,64.5136225,0.458428611
310,31,0.51717422,1,1.1183432,0.518265388,60.0150689,59.7725297,1,0.490831518,60.0150689,59.7725297,0.434573057
320,32,0.508588554,1,1.14792899,0.517062395,65.2035987,56.9730434,1,0.520133677,65.2035987,56.9730434,0.453506815
330,33,0.533484019,1,1.20118343,0.521848296,67.2553048,62.3226388,1,0.635113108,67.2553048,62.3226388,0.440734118
340,34,0.537004322,1,1.14792899,0.514664317,61.5333696,63.6788352,1,0.65858474,61.5333696,63.6788352,0.452343085
350,35,0.531366899,1,1.23668639,0.516027817,61.1297006,57.9254067,1,0.510379861,61.1297006,57.9254067,0.443659398
360,36,0.528949788,1,1.23668639,0.511532012,66.7008662,57.6014419,1,0.517513661,66.7008662,57.6014419,0.429275148
370,37,0.523452735,1,1.18934911,0.520874293,66.6989416,63.2044543,1,0.506132039,66.6989416,63.2044543,0.43100098
380,38,0.51492397,1,1.14201183,0.514420445,60.8382953,63.0630646,1,0.499630577,60.8382953,63.0630646,0.450950121
390,39,0.516587554,1,1.13017751,0.52075573,61.4203861,57.3075565,1,0.510651924,61.4203861,57.3075565,0.444989879
400,40,0.518193902,1,1.14792899,0.516371818,67.2843612,58.4964026,1,0.574376224,67.2843612,58.4964026,0.460251788
410,41,0.530303536,1,1.16568047,0.516390276,65.1580254,64.0137114,1,0.66115619,65.1580254,64.0137114,0.454835947
420,42,0.539333243,1,1.19526627,0.51387325,60.0875597,61.3136254,1,0.608927457,60.0875597,61.3136254,0.441890011
430,43,0.535327896,1,1.24260355,0.517986816,63.1089053,56.6038012,1,0.530237823,63.1089053,56.6038012,0.430432377
440,44,0.530670165,1,1.21301775,0.517232964,67.6922521,59.6544519,1,0.521018826,67.6922521,59.6544519,0.423521006
450,45,0.521503173,1,1.19526627,0.51843464,64.1094179,64.1994843,1,0.498180298,64.1094179,64.1994843,0.445184757
460,46,0.513388295,1,1.16568047,0.516217753,59.6119815,60.5185938,1,0.491976783,59.6119815,60.5185938,0.447054054
470,47,0.513658778,1,1.11242604,0.517950071,63.5471578,56.2295463,1,0.51146,63.5471578,56.2295463,0.447752715
480,48,0.511970895,1,1.17159763,0.515358862,67.5326087,60.5697252,1,0.545281245,67.5326087,60.5697252,0.453265417
490,49,0.534016569,1,1.12426036,0.518628871,62.4613311,63.6299142,1,0.661058628,62.4613311,63.6299142,0.455619832
500,50,0.536447012,1,1.18343195,0.512587039,60.0380272,58.4778911,1,0.636540561,60.0380272,58.4778911,0.437960201
510,51,0.530178282,1,1.22485207,0.519787534,65.3815231,56.6931917,1,0.51135752,65.3815231,56.6931917,0.433358299
520,52,0.515959384,1,1.20118343,0.510352738,66.9444842,62.3086481,1,0.508889332,66.9444842,62.3086481,0.448377731
530,53,0.514835289,1,1.14201183,0.515336491,61.2101491,63.6139894,1,0.499208198,61.2101491,63.6139894,0.452386929
540,54,0.514465334,1,1.11242604,0.514840264,59.9470102,58.023078,1,0.468701717,59.9470102,58.023078,0.44090956
550,55,0.519702732,1,1.14201183,0.522178501,65.5980164,57.3087014,1,0.524475813,65.5980164,57.3087014,0.438152423
560,56,0.509147888,1,1.14792899,0.514790668,65.8328673,63.2755307,1,0.578926091,65.8328673,63.2755307,0.45934225
570,57,0.536720127,1,1.17751479,0.517014464,60.1769187,62.5832597,1,0.658611392,60.1769187,62.5832597,0.438319768
580,58,0.539906713,1,1.23076923,0.521843301,61.6610322,57.1704545,1,0.55669692,61.6610322,57.1704545,0.431736908
590,59,0.535876809,1,1.21893491,0.514185924,66.9915322,58.6889626,1,0.524366965,66.9915322,58.6889626,0.426351645
600,60,0.52189888,1,1.19526627,0.516314985,64.9891342,63.9952425,1,0.514172768,64.9891342,63.9952425,0.436271213
610,61,0.514402133,1,1.16568047,0.517330267,59.61587,61.6927099,1,0.504922626,59.61587,61.6927099,0.449678546
620,62,0.514672641,1,1.15384615,0.514163756,62.4898097,56.4449232,1,0.537403246,62.4898097,56.4449232,0.460246874
630,63,0.504377793,1,1.14792899,0.506046532,67.600686,59.6931521,1,0.53002715,67.600686,59.6931521,0.465826535
640,64,0.493052138,1,1.10059172,0.509145382,64.2914792,64.2618679,1,0.499852281,64.2914792,64.2618679,0.433944437
650,65,0.528469799,1,1.13017751,0.521396419,60.3015373,60.5910207,1,0.649723887,60.3015373,60.5910207,0.41705331
660,66,0.533454857,1,1.17159763,0.510072671,64.4444652,56.8344479,1,0.642197122,64.4444652,56.8344479,0.430189794
670,67,0.526995438,1,1.17159763,0.516688558,67.4406974,61.449243,1,0.499305685,67.4406974,61.449243,0.423242916
680,68,0.520450333,1,1.19526627,0.518784049,62.4969152,64.3675069,1,0.517374098,62.4969152,64.3675069,0.441603091
690,69,0.510657449,1,1.13609467,0.512040501,59.5762949,59.2056088,1,0.495234341,59.5762949,59.2056088,0.45622075
700,70,0.508510059,1,1.06508876,0.512841812,64.7439366,56.5137914,1,0.471356881,64.7439366,56.5137914,0.448207491
710,71,0.514908856,1,1.13609467,0.522096157,67.0134959,61.7397869,1,0.52405908,67.0134959,61.7397869,0.438272082
720,72,0.533424925,1,1.17751479,0.521267497,61.2429999,63.1064058,1,0.660519384,61.2429999,63.1064058,0.456162743
730,73,0.530746043,1,1.20118343,0.50856031,60.7567641,57.2771732,1,0.609243354,60.7567641,57.2771732,0.449959748
740,74,0.526968257,1,1.21301775,0.514521595,66.4918318,57.5097409,1,0.517946435,66.4918318,57.5097409,0.441521636
750,75,0.529590602,1,1.24260355,0.511596378,66.3654255,62.9933207,1,0.51534816,66.3654255,62.9933207,0.421925883
760,76,0.524508189,1,1.15976331,0.521180189,60.8537882,62.5250263,1,0.505225921,60.8537882,62.5250263,0.425499679
770,77,0.519235904,1,1.13609467,0.522138318,61.4429555,56.7628315,1,0.503119455,61.4429555,56.7628315,0.44555668
780,78,0.514593428,1,1.11242604,0.516029604,67.3587161,57.9334803,1,0.537008975,67.3587161,57.9334803,0.463882777
790,79,0.512901715,1,1.18343195,0.509092031,65.5495541,63.734019,1,0.581331846,65.5495541,63.734019,0.467394365
800,80,0.513743468,1,1.19526627,0.509004626,60.0786234,61.6461711,1,0.598703405,60.0786234,61.6461711,0.450444824
810,81,0.532197726,1,1.16568047,0.512866647,62.7260017,56.6627148,1,0.665851262,62.7260017,56.6627148,0.434076915
820,82,0.538255202,1,1.26627219,0.514894306,67.2240717,59.824215,1,0.553068351,67.2240717,59.824215,0.422921074
830,83,0.532296491,1,1.22485207,0.516836724,63.9754484,64.1093002,1,0.518812682,63.9754484,64.1093002,0.413639555
840,84,0.514498654,1,1.18343195,0.514839263,59.6378302,60.1700342,1,0.504248493,59.6378302,60.1700342,0.450724259
850,85,0.508625721,1,1.0887574,0.506173311,63.8906378,55.8814185,1,0.514328961,63.8906378,55.8814185,0.464596261
860,86,0.508291963,1,1.10650888,0.511208519,67.9691641,60.3134044,1,0.48276442,67.9691641,60.3134044,0.463309906
870,87,0.50131895,1,1.1183432,0.513621346,63.8063016,64.2342075,1,0.464762771,63.8063016,64.2342075,0.439890523
880,88,0.514150964,1,1.15384615,0.520887898,60.4461252,59.9100052,1,0.55454466,60.4461252,59.9100052,0.421251384
890,89,0.512646119,1,1.13609467,0.514461575,65.0026326,56.7993753,1,0.610992664,65.0026326,56.7993753,0.424388028
900,90,0.539126995,1,1.20710059,0.517159461,67.2298377,62.0482173,1,0.562694298,67.2298377,62.0482173,0.43860177
910,91,0.521642343,1,1.20710059,0.513357514,61.7137487,63.6624284,1,0.512171981,61.7137487,63.6624284,0.442109759
920,92,0.51913199,1,1.17159763,0.514773824,60.3183636,58.0629252,1,0.513066148,60.3183636,58.0629252,0.443903718
930,93,0.512940326,1,1.10650888,0.514265053,66.1128567,56.8009133,1,0.487593836,66.1128567,56.8009133,0.456179294
940,94,0.514100217,1,1.13609467,0.517049906,67.1632332,62.4602506,1,0.498131916,67.1632332,62.4602506,0.442768249
950,95,0.511672016,1,1.14201183,0.519003664,61.3063868,63.0501321,1,0.542887732,61.3063868,63.0501321,0.452805919
960,96,0.521817924,1,1.13609467,0.518425411,61.4483562,57.3067046,1,0.622474317,61.4483562,57.3067046,0.441937067
970,97,0.544739521,1,1.18934911,0.519804777,67.0733085,58.2486204,1,0.610502089,67.0733085,58.2486204,0.438713112
980,98,0.527588492,1,1.21301775,0.513233448,65.4834737,63.8446092,1,0.519193502,65.4834737,63.8446092,0.447495762
990,99,0.528497055,1,1.22485207,0.511202791,60.2077101,62.2057344,1,0.524181937,60.2077101,62.2057344,0.424958004
1000,100,0.519688437,1,1.19526627,0.5201414,62.238095,56.80079,1,0.500674037,62.238095,56.80079,0.444132597
1010,101,0.513069736,1,1.1183432,0.514223248,67.5749207,58.7951949,1,0.485531191,67.5749207,58.7951949,0.438254736
1020,102,0.512856608,1,1.12426036,0.516503968,64.9826882,63.9483079,1,0.5066388,64.9826882,63.9483079,0.443721777
1030,103,0.523474666,1,1.16568047,0.521845372,60.0609554,60.8312087,1,0.590790263,60.0609554,60.8312087,0.448137245
1040,104,0.539412775,1,1.17159763,0.521104939,63.7685755,56.3205783,1,0.665570737,63.7685755,56.3205783,0.449142735
1050,105,0.537227428,1,1.21301775,0.510995757,67.7411414,60.5643113,1,0.586789075,67.7411414,60.5643113,0.44715107
1060,106,0.525022637,1,1.23668639,0.512163993,63.0876775,64.0142589,1,0.516458633,63.0876775,64.0142589,0.445602209
1070,107,0.515456678,1,1.19526627,0.508029711,59.6646522,59.3250932,1,0.504362077,59.6646522,59.3250932,0.446587172
1080,108,0.524365503,1,1.18343195,0.517061421,64.0094516,56.204771,1,0.510788623,64.0094516,56.204771,0.411475136
1090,109,0.519103814,1,1.13609467,0.520063184,67.1059279,61.0259849,1,0.487178727,67.1059279,61.0259849,0.440764998
1100,110,0.517752238,1,1.15384615,0.516828295,61.8747344,63.8068769,1,0.530413277,61.8747344,63.8068769,0.45572457
1110,111,0.527549559,1,1.20118343,0.519945695,59.6828632,58.2798028,1,0.600952617,59.6828632,58.2798028,0.45737124
1120,112,0.529108948,1,1.14792899,0.515519797,65.2635191,56.6651299,1,0.645046808,65.2635191,56.6651299,0.446888579
1130,113,0.538708253,1,1.19526627,0.513523281,66.2032063,62.3233248,1,0.630430046,66.2032063,62.3233248,0.441207206
1140,114,0.535229401,1,1.21301775,0.517777354,60.6330421,62.7863007,1,0.528252256,60.6330421,62.7863007,0.429951667
1150,115,0.527697624,1,1.19526627,0.51822741,60.4063046,57.2083689,1,0.522827733,60.4063046,57.2083689,0.429426014
1160,116,0.522598304,1,1.17751479,0.520150074,66.1616001,57.2418545,1,0.496785789,66.1616001,57.2418545,0.442722534
1170,117,0.513455351,1,1.10059172,0.514216479,66.0072965,63.2227472,1,0.505152349,66.0072965,63.2227472,0.460221757
1180,118,0.514040938,1,1.13609467,0.517143058,60.1229836,62.5054828,1,0.527644716,60.1229836,62.5054828,0.455989766
1190,119,0.519769515,1,1.14201183,0.515829935,61.5259966,56.6938252,1,0.600423907,61.5259966,56.6938252,0.459893291
1200,120,0.531458649,1,1.18934911,0.514944266,67.0299403,58.9086544,1,0.665490779,67.0299403,58.9086544,0.456374081
1210,121,0.534843401,1,1.18934911,0.512637282,64.2801481,63.9097366,1,0.576122674,64.2801481,63.9097366,0.439015711
1220,122,0.528541714,1,1.24852071,0.518697833,59.6308515,60.718247,1,0.511449573,59.6308515,60.718247,0.433791356
1230,123,0.520707406,1,1.19526627,0.512429679,62.8611295,56.0474222,1,0.512107062,62.8611295,56.0474222,0.43684791
1240,124,0.513636213,1,1.16568047,0.516003732,67.3761077,59.8033933,1,0.495378584,67.3761077,59.8033933,0.451770656
1250,125,0.511367264,1,1.0887574,0.512913054,63.6401101,64.1903664,1,0.486937918,63.6401101,64.1903664,0.443247905
1260,126,0.510047389,1,1.14201183,0.518791057,59.4485508,60.1568804,1,0.499681838,59.4485508,60.1568804,0.447466098
1270,127,0.515459698,1,1.17751479,0.517265403,63.9232522,56.4894489,1,0.584638342,63.9232522,56.4894489,0.445045082
1280,128,0.538901703,1,1.15976331,0.51562771,66.6510595,61.634626,1,0.637047106,66.6510595,61.634626,0.447965685
1290,129,0.528980975,1,1.21301775,0.51397958,61.262684,63.6895601,1,0.521159067,61.262684,63.6895601,0.443609086
1300,130,0.525102981,1,1.21301775,0.51654491,59.4815746,58.2829146,1,0.508172415,59.4815746,58.2829146,0.437881986
1310,131,0.515598138,1,1.15976331,0.512104983,65.0782947,56.5516267,1,0.500045022,65.0782947,56.5516267,0.45064473
1320,132,0.512027568,1,1.12426036,0.512399053,66.705319,62.1808565,1,0.489870273,66.705319,62.1808565,0.450741902
1330,133,0.511016688,1,1.11242604,0.516068601,61.2506473,63.6786861,1,0.46452322,61.2506473,63.6786861,0.435121809
1340,134,0.52591392,1,1.20710059,0.527193936,60.2958331,58.1481543,1,0.565927545,60.2958331,58.1481543,0.431719088
1350,135,0.52997941,1,1.15384615,0.516810017,66.2048836,57.9470224,1,0.650446565,66.2048836,57.9470224,0.454805587
1360,136,0.537840346,1,1.21301775,0.514991632,65.4297531,63.7854727,1,0.618480572,65.4297531,63.7854727,0.453052304
1370,137,0.524336801,1,1.21301775,0.50745777,59.8001321,62.3173752,1,0.514841224,59.8001321,62.3173752,0.44753065
1380,138,0.519471691,1,1.15384615,0.511111848,61.6814899,56.9956579,1,0.514775415,61.6814899,56.9956579,0.434190955
1390,139,0.517223119,1,1.16568047,0.517885453,67.0030299,59.1361022,1,0.500859259,67.0030299,59.1361022,0.44122134
1400,140,0.508799894,1,1.09467456,0.513286333,64.6614239,64.6258754,1,0.489102473,64.6614239,64.6258754,0.459100792
1410,141,0.511041817,1,1.1183432,0.515074492,59.4603996,61.9864356,1,0.50047995,59.4603996,61.9864356,0.448648831
1420,142,0.515615955,1,1.17751479,0.515717989,62.7382474,57.1248413,1,0.575173109,62.7382474,57.1248413,0.451030275
1430,143,0.537208991,1,1.14201183,0.523255161,66.9822856,61.044608,1,0.666384232,66.9822856,61.044608,0.444402609
1440,144,0.538155142,1,1.26035503,0.518854855,62.6848334,64.7526959,1,0.533819938,62.6848334,64.7526959,0.4366224
1450,145,0.526429071,1,1.20710059,0.51039558,59.2772688,60.1274394,1,0.518126481,59.2772688,60.1274394,0.44191952
1460,146,0.518710643,1,1.19526627,0.519803951,64.1758458,57.0496855,1,0.511512277,64.1758458,57.0496855,0.445015965
1470,147,0.514585998,1,1.17751479,0.516114574,67.3673089,61.9306873,1,0.483242543,67.3673089,61.9306873,0.448598178
1480,148,0.518935487,1,1.13609467,0.521334182,62.7289566,64.7182571,1,0.480949619,62.7289566,64.7182571,0.416272962
1490,149,0.509398564,1,1.11242604,0.518957112,60.0532157,59.5481854,1,0.499759732,60.0532157,59.5481854,0.447803523
1500,150,0.522128327,1,1.15976331,0.521017539,65.4104973,57.5814707,1,0.598830975,65.4104973,57.5814707,0.438990457
1510,151,0.534734956,1,1.15976331,0.514015992,66.5995949,63.38817,1,0.659059344,66.5995949,63.38817,0.45593853
1520,152,0.530506945,1,1.22485207,0.515960843,60.8639717,63.536913,1,0.52594274,60.8639717,63.536913,0.441350116
1530,153,0.522791877,1,1.20118343,0.512700748,60.9744239,57.8390763,1,0.507800792,60.9744239,57.8390763,0.438377474
1540,154,0.518772517,1,1.15976331,0.51436521,66.6652939,58.0535458,1,0.495201683,66.6652939,58.0535458,0.43806999
1550,155,0.519286926,1,1.17751479,0.516649533,66.330724,63.6490228,1,0.477468938,66.330724,63.6490228,0.431190039
1560,156,0.512362504,1,1.09467456,0.516866766,60.5861847,62.7335655,1,0.507427773,60.5861847,62.7335655,0.447463558
1570,157,0.517665597,1,1.18343195,0.519149612,62.0263407,57.0626074,1,0.568249827,62.0263407,57.0626074,0.450074386
1580,158,0.537939872,1,1.17751479,0.519206244,67.4787333,59.4225542,1,0.655877995,67.4787333,59.4225542,0.457015881
1590,159,0.536201697,1,1.19526627,0.515041342,64.4825345,64.4155426,1,0.6207453,64.4825345,64.4155426,0.447921832
1600,160,0.527019706,1,1.24260355,0.51446745,59.9657763,60.8571939,1,0.513056232,59.9657763,60.8571939,0.442310706
1610,161,0.522317982,1,1.19526627,0.518634706,63.6045823,56.4797402,1,0.508873782,63.6045823,56.4797402,0.43787417
1620,162,0.520393148,1,1.15384615,0.513398802,67.9347901,60.0454094,1,0.507289452,67.9347901,60.0454094,0.431487707
1630,163,0.513760967,1,1.1183432,0.516356174,63.8258165,64.2296326,1,0.480659728,63.8258165,64.2296326,0.451109003
1640,164,0.516130512,1,1.16568047,0.516723824,59.960775,59.8066885,1,0.533580736,59.960775,59.8066885,0.451827197
1650,165,0.522363569,1,1.18343195,0.516081645,64.7934802,56.3703709,1,0.599911998,64.7934802,56.3703709,0.456143591
1660,166,0.535823734,1,1.17751479,0.517466142,67.462113,61.6183839,1,0.662634026,67.462113,61.6183839,0.452888435
1670,167,0.537408385,1,1.19526627,0.512839013,62.1211181,63.6626372,1,0.597972367,62.1211181,63.6626372,0.439911219
1680,168,0.53111809,1,1.20118343,0.518615491,60.5560329,58.2830577,1,0.508759532,60.5560329,58.2830577,0.430970881
1690,169,0.524189196,1,1.20710059,0.517444513,65.9972327,56.8323395,1,0.505863812,65.9972327,56.8323395,0.433174872
1700,170,0.51483113,1,1.14201183,0.513791778,67.1774171,62.5904758,1,0.512054279,67.1774171,62.5904758,0.452141317
1710,171,0.505923246,1,1.0887574,0.510320062,61.280037,63.6549472,1,0.482176025,61.280037,63.6549472,0.46097524
1720,172,0.509246994,1,1.13609467,0.517346381,60.5498946,58.021225,1,0.495075951,60.5498946,58.021225,0.436987631
1730,173,0.523430817,1,1.19526627,0.522011808,66.234854,57.9814177,1,0.599499548,66.234854,57.9814177,0.437315289
1740,174,0.533623824,1,1.14792899,0.513229047,65.4469612,63.7063978,1,0.661220295,65.4469612,63.7063978,0.444534012
1750,175,0.533508747,1,1.21893491,0.515686822,59.9648771,62.0669732,1,0.537164415,59.9648771,62.0669732,0.440151665
1760,176,0.519887878,1,1.23076923,0.511890809,62.0208838,56.7558006,1,0.505502955,62.0208838,56.7558006,0.438095111
1770,177,0.515912084,1,1.18343195,0.511197882,67.2546709,59.2187591,1,0.511073436,67.2546709,59.2187591,0.444949916
1780,178,0.511067738,1,1.11242604,0.513940085,64.2859592,64.3990954,1,0.5186903,64.2859592,64.3990954,0.459283808
1790,179,0.506319344,1,1.14201183,0.50850128,59.2132968,61.106178,1,0.518273693,59.2132968,61.106178,0.465211085
1800,180,0.498864169,1,1.13609467,0.510987965,62.4831358,56.3585519,1,0.477395075,62.4831358,56.3585519,0.443438691
1810,181,0.514223502,1,1.10650888,0.516626266,66.638988,60.0999127,1,0.588834391,66.638988,60.0999127,0.430143006
1820,182,0.529147619,1,1.16568047,0.513105551,62.5082285,63.8598682,1,0.675233258,62.5082285,63.8598682,0.429671954
1830,183,0.534514038,1,1.25443787,0.515986349,59.4570464,59.2504616,1,0.512441595,59.4570464,59.2504616,0.425213772
1840,184,0.523911372,1,1.22485207,0.517928403,64.312442,56.4248944,1,0.522424618,64.312442,56.4248944,0.432131747
1850,185,0.513940174,1,1.15976331,0.517897765,66.9980257,61.7107389,1,0.508387604,66.9980257,61.7107389,0.456073489
1860,186,0.503337574,1,1.0887574,0.504446392,61.5597441,64.4706483,1,0.483890414,61.5597441,64.4706483,0.469117308
1870,187,0.517149638,1,1.14201183,0.519508876,59.5166101,59.1187978,1,0.511822755,59.5166101,59.1187978,0.440660482
1880,188,0.493908419,1,1.10650888,0.513580229,64.8575901,56.9375416,1,0.46772737,64.8575901,56.9375416,0.443786468
1890,189,0.525138795,1,1.17159763,0.52358866,66.0591958,62.2084938,1,0.626955369,66.0591958,62.2084938,0.415860086
1900,190,0.538074332,1,1.18934911,0.516151083,60.3919641,62.7791535,1,0.628111079,60.3919641,62.7791535,0.438145416
1910,191,0.533004503,1,1.20118343,0.516527117,60.6078865,57.1959141,1,0.52164659,60.6078865,57.1959141,0.429801001
1920,192,0.520455015,1,1.20118343,0.51710295,66.3412311,57.8029367,1,0.516333417,66.3412311,57.8029367,0.443491498
1930,193,0.515227191,1,1.12426036,0.513880662,65.5460261,63.6266868,1,0.499190686,65.5460261,63.6266868,0.452137695
1940,194,0.513583238,1,1.14201183,0.513172939,59.8098566,62.7153452,1,0.491146327,59.8098566,62.7153452,0.44677797
1950,195,0.511329334,1,1.15384615,0.519776874,61.0137148,57.1149945,1,0.484849606,61.0137148,57.1149945,0.440636989
1960,196,0.522301054,1,1.15976331,0.521671061,66.4453086,58.8594121,1,0.578157582,66.4453086,58.8594121,0.438833875
1970,197,0.532987821,1,1.20710059,0.515528015,63.7148287,64.0888993,1,0.671942135,63.7148287,64.0888993,0.45380089
1980,198,0.538504822,1,1.15976331,0.509195797,59.0298735,60.9517557,1,0.617112998,59.0298735,60.9517557,0.433715711
1990,199,0.529322961,1,1.21301775,0.521172167,62.7545582,56.7187951,1,0.513864976,62.7545582,56.7187951,0.433720873
2000,200,0.525352068,1,1.19526627,0.516427062,67.018453,60.2622194,1,0.513304765,67.018453,60.2622194,0.426466523
2010,201,0.520224268,1,1.19526627,0.521585591,63.0617222,64.377491,1,0.49273043,63.0617222,64.377491,0.439143733
2020,202,0.514329048,1,1.13017751,0.513547948,58.9654058,60.2585724,1,0.498255361,58.9654058,60.2585724,0.446851564
2030,203,0.509327584,1,1.1183432,0.514946068,63.4573358,56.3918409,1,0.494668885,63.4573358,56.3918409,0.455921253
2040,204,0.524990285,1,1.16568047,0.52152144,66.6511844,61.167652,1,0.594440458,66.6511844,61.167652,0.441949959
2050,205,0.524748626,1,1.15976331,0.515031139,61.5490446,63.8920132,1,0.658443821,61.5490446,63.8920132,0.444918543
2060,206,0.540572671,1,1.21301775,0.517432459,59.6031424,58.5703549,1,0.570545206,59.6031424,58.5703549,0.435866693
2070,207,0.525497749,1,1.20118343,0.512617853,65.0983418,57.0933638,1,0.51922173,65.0983418,57.0933638,0.437710012
2080,208,0.519950735,1,1.20710059,0.517465551,66.1440133,62.7721409,1,0.50477318,66.1440133,62.7721409,0.444172909
2090,209,0.512433119,1,1.13017751,0.510739393,60.2847787,63.7219486,1,0.509231488,60.2847787,63.7219486,0.456593801
2100,210,0.513685213,1,1.13017751,0.515106479,59.64653,57.9016849,1,0.473555711,59.64653,57.9016849,0.450396478
2110,211,0.516547657,1,1.15384615,0.518169226,65.3749227,57.5368996,1,0.507698055,65.3749227,57.5368996,0.441538138
2120,212,0.528306883,1,1.18343195,0.52351136,64.9443794,63.3188315,1,0.6090091,64.9443794,63.3188315,0.445995356
2130,213,0.526360565,1,1.1183432,0.511158303,59.2124066,62.3201656,1,0.660104413,59.2124066,62.3201656,0.447563065
2140,214,0.53538783,1,1.24260355,0.513810457,61.1604993,57.0184225,1,0.539617873,61.1604993,57.0184225,0.434486329
2150,215,0.520637283,1,1.20710059,0.514631891,66.2619758,59.4240424,1,0.515654658,66.2619758,59.4240424,0.433862992
2160,216,0.505953461,1,1.14792899,0.506848325,63.2890477,64.7045744,1,0.517479845,63.2890477,64.7045744,0.466145722
2170,217,0.501774949,1,1.08284024,0.502813726,58.1484775,61.4260903,1,0.492594787,58.1484775,61.4260903,0.469003223
2180,218,0.507628575,1,1.07100592,0.514115409,61.2406614,56.6403323,1,0.452937276,61.2406614,56.6403323,0.438293363
2190,219,0.507047313,1,1.14792899,0.52345722,65.6825889,59.7120626,1,0.496724731,65.6825889,59.7120626,0.415429107
2200,220,0.512040866,1,1.17751479,0.517795541,62.095959,63.9631914,1,0.585527557,62.095959,63.9631914,0.427847304
2210,221,0.544390054,1,1.25443787,0.523773462,58.6554765,59.4352885,1,0.579478342,58.6554765,59.4352885,0.43744027
2220,222,0.52294673,1,1.24260355,0.510811973,63.6311708,56.454975,1,0.505844706,63.6311708,56.454975,0.446152535
2230,223,0.521703968,1,1.16568047,0.512542919,66.2192517,61.550126,1,0.503223569,66.2192517,61.550126,0.439598566
2240,224,0.519443203,1,1.15976331,0.517416791,61.0741386,64.0887719,1,0.499955506,61.0741386,64.0887719,0.441332779
2250,225,0.516186863,1,1.1183432,0.515400586,58.6586733,58.8707253,1,0.489211912,58.6586733,58.8707253,0.442307577
2260,226,0.513585643,1,1.10650888,0.516225971,64.166816,56.8091989,1,0.49540245,64.166816,56.8091989,0.452406624
2270,227,0.511058561,1,1.17159763,0.518576051,65.7331308,62.487107,1,0.541848464,65.7331308,62.487107,0.453076155
2280,228,0.527132748,1,1.10650888,0.515397307,59.9118688,63.2087403,1,0.652649596,59.9118688,63.2087403,0.451216934
2290,229,0.527451636,1,1.23076923,0.512971776,60.4280507,57.2835252,1,0.537374991,60.4280507,57.2835252,0.457512033
2300,230,0.516786391,1,1.20118343,0.508666702,66.0971519,58.3501272,1,0.505739994,66.0971519,58.3501272,0.44373581
2310,231,0.523916088,1,1.18934911,0.517195409,64.9712043,63.8387579,1,0.509407205,64.9712043,63.8387579,0.430994619
2320,232,0.520426357,1,1.14201183,0.515868846,59.5539041,62.8209618,1,0.498457167,59.5539041,62.8209618,0.42400632
2330,233,0.516694057,1,1.10650888,0.522247055,60.8891415,57.3717842,1,0.475741846,60.8891415,57.3717842,0.431567904
2340,234,0.520960105,1,1.15976331,0.522920774,66.4073277,59.1777175,1,0.545737555,66.4073277,59.1777175,0.446629547
2350,235,0.526016108,1,1.16568047,0.51441227,63.6867836,64.5444162,1,0.633224794,63.6867836,64.5444162,0.462836739
2360,236,0.53425759,1,1.21301775,0.51415381,58.9724382,60.9219222,1,0.604491993,58.9724382,60.9219222,0.457336741
2370,237,0.526502801,1,1.20710059,0.504736434,62.7664233,56.530345,1,0.553248078,62.7664233,56.530345,0.446420829
2380,238,0.527856105,1,1.22485207,0.510869908,66.6498349,60.5253841,1,0.513154694,66.6498349,60.5253841,0.428574231
2390,239,0.522152198,1,1.19526627,0.518062839,62.4798894,64.2939953,1,0.504879802,62.4798894,64.2939953,0.432352003
2400,240,0.5176309,1,1.18343195,0.517494844,58.7416458,60.1951431,1,0.503157912,58.7416458,60.1951431,0.426732838
2410,241,0.5125147,1,1.18934911,0.519308904,63.5138199,56.7911947,1,0.520966369,63.5138199,56.7911947,0.450906455
2420,242,0.519336793,1,1.18934911,0.513448703,66.4671809,62.0066844,1,0.59550272,66.4671809,62.0066844,0.461048928
2430,243,0.53481605,1,1.19526627,0.514638911,60.7736409,63.9165009,1,0.66168279,60.7736409,63.9165009,0.461947234
2440,244,0.530923028,1,1.18343195,0.51012458,59.7206286,58.1072052,1,0.581755328,59.7206286,58.1072052,0.454150821
2450,245,0.533368441,1,1.24260355,0.509104032,65.2468498,57.4037096,1,0.538701076,65.2468498,57.4037096,0.428524549
2460,246,0.524961556,1,1.18343195,0.514700279,65.5956545,62.9074485,1,0.524852809,65.5956545,62.9074485,0.424213901
2470,247,0.523203361,1,1.16568047,0.519638203,60.0024135,63.0862462,1,0.500604047,60.0024135,63.0862462,0.43046908
2480,248,0.516136428,1,1.13017751,0.518352366,60.0431837,57.2406486,1,0.499226592,60.0431837,57.2406486,0.449672289
2490,249,0.513176599,1,1.13609467,0.515120579,65.9788875,57.8369622,1,0.53490865,65.9788875,57.8369622,0.458890925
2500,250,0.529986059,1,1.17159763,0.517831991,64.5508276,63.6069876,1,0.627486398,64.5508276,63.6069876,0.457239904
2510,251,0.527259636,1,1.14201183,0.508662692,58.9987996,61.6051501,1,0.660882454,58.9987996,61.6051501,0.453991945
2520,252,0.538155931,1,1.21301775,0.511037893,61.4788331,56.660339,1,0.599813748,61.4788331,56.660339,0.425529419
2530,253,0.533337688,1,1.21893491,0.518473296,66.1642013,59.4585956,1,0.516958884,66.1642013,59.4585956,0.41979789
2540,254,0.523708703,1,1.20710059,0.519010814,63.2583043,64.2258982,1,0.513210986,63.2583043,64.2258982,0.42947203
2550,255,0.504211621,1,1.11242604,0.511549632,58.3684919,60.6693937,1,0.51541834,58.3684919,60.6693937,0.465107922
2560,256,0.508976718,1,1.1183432,0.507852915,62.2889616,56.1508402,1,0.519146201,62.2889616,56.1508402,0.460173682
2570,257,0.506449337,1,1.15976331,0.511288638,66.5172521,60.333664,1,0.520278943,66.5172521,60.333664,0.457510991
2580,258,0.517612976,1,1.13017751,0.515957081,62.0130516,63.8721992,1,0.612095835,62.0130516,63.8721992,0.44060914
2590,259,0.537364349,1,1.18343195,0.515823729,59.1488394,59.0280963,1,0.654637611,59.1488394,59.0280963,0.432886587
2600,260,0.534826566,1,1.24852071,0.519661741,64.166746,56.7782876,1,0.518725912,64.166746,56.7782876,0.423014162
2610,261,0.520120263,1,1.19526627,0.513476237,66.1869338,62.1214824,1,0.508143825,66.1869338,62.1214824,0.43941118
2620,262,0.515147485,1,1.16568047,0.514658389,60.6330641,63.9606692,1,0.509501342,60.6330641,63.9606692,0.450036666
2630,263,0.51523265,1,1.11242604,0.514531377,58.9117285,58.4095241,1,0.491083155,58.9117285,58.4095241,0.447069407
2640,264,0.519886595,1,1.13017751,0.519778295,64.5563798,57.0837991,1,0.512190777,64.5563798,57.0837991,0.446018787
2650,265,0.508921729,1,1.13609467,0.51550095,65.5600302,62.9401773,1,0.537656508,65.5600302,62.9401773,0.457058255
2660,266,0.521814042,1,1.15384615,0.518339759,59.8432157,63.0690439,1,0.628567967,59.8432157,63.0690439,0.439866675
2670,267,0.537895152,1,1.19526627,0.513607194,60.5878672,57.3691543,1,0.590038763,60.5878672,57.3691543,0.442178897
2680,268,0.516478787,1,1.18343195,0.512184871,66.2289572,59.0379688,1,0.496857428,66.2289572,59.0379688,0.452519823
2690,269,0.514879017,1,1.18934911,0.509513885,64.3549942,64.5170452,1,0.5123631,64.3549942,64.5170452,0.445437191
2700,270,0.513364457,1,1.12426036,0.512306885,58.8573427,62.4643557,1,0.494369999,58.8573427,62.4643557,0.451412682
2710,271,0.512981741,1,1.0887574,0.515849426,60.8821757,57.1840347,1,0.465855682,60.8821757,57.1840347,0.435018453
2720,272,0.508611623,1,1.13609467,0.520634969,66.0632947,59.4516804,1,0.486695717,66.0632947,59.4516804,0.435048873
2730,273,0.527950618,1,1.20710059,0.523122614,63.0687103,64.3116468,1,0.619078053,63.0687103,64.3116468,0.439114291
2740,274,0.533071084,1,1.13017751,0.510846771,58.653278,60.343818,1,0.650668066,58.653278,60.343818,0.456638789
2750,275,0.537602305,1,1.21893491,0.519990634,62.9723668,56.7786144,1,0.542428298,62.9723668,56.7786144,0.430804977
2760,276,0.526221511,1,1.20118343,0.515976294,66.4973947,61.2561372,1,0.5112594,66.4973947,61.2561372,0.43835378
2770,277,0.525555952,1,1.17751479,0.516377073,61.949504,64.4727557,1,0.5138604,61.949504,64.4727557,0.428496371
2780,278,0.512477654,1,1.1183432,0.51287866,58.6525214,59.5727912,1,0.489669434,58.6525214,59.5727912,0.454300593
2790,279,0.514619083,1,1.1183432,0.521009386,63.3221745,56.5133459,1,0.472978191,63.3221745,56.5133459,0.429433817
2800,280,0.506908544,1,1.13017751,0.519352854,66.1677752,61.4371045,1,0.496458912,66.1677752,61.4371045,0.437453914
2810,281,0.532897192,1,1.17159763,0.522083499,60.6251076,63.2337495,1,0.648406787,60.6251076,63.2337495,0.448198879
2820,282,0.530369439,1,1.15384615,0.509174475,59.5788513,57.4991684,1,0.652465482,59.5788513,57.4991684,0.448403303
2830,283,0.531526888,1,1.22485207,0.516110482,65.2784841,57.2417739,1,0.526274252,65.2784841,57.2417739,0.438880137
2840,284,0.532818169,1,1.24260355,0.511534084,65.608891,62.7526759,1,0.520586798,65.608891,62.7526759,0.42467676
2850,285,0.528135862,1,1.17159763,0.523240495,60.114316,62.7261161,1,0.509237977,60.114316,62.7261161,0.422664554
2860,286,0.520989445,1,1.13609467,0.520922145,60.1994751,56.9562046,1,0.506127721,60.1994751,56.9562046,0.443887683
2870,287,0.513331874,1,1.13609467,0.516719997,66.1949671,57.647179,1,0.532349143,66.1949671,57.647179,0.464244437
2880,288,0.505845197,1,1.15976331,0.507335171,65.0945094,63.6513954,1,0.534679308,65.0945094,63.6513954,0.469556141
2890,289,0.512889023,1,1.13609467,0.511868681,59.5071804,62.119185,1,0.584272032,59.5071804,62.119185,0.445662288
2900,290,0.519276382,1,1.13017751,0.512940705,61.3689741,56.9501215,1,0.641047082,61.3689741,56.9501215,0.422625586
2910,291,0.539262678,1,1.24852071,0.519006332,66.2151617,59.6729157,1,0.549306792,66.2151617,59.6729157,0.427592281
2920,292,0.529505938,1,1.20118343,0.516795972,63.3292038,64.2647306,1,0.520589032,63.3292038,64.2647306,0.417186383
2930,293,0.520108213,1,1.18934911,0.517249798,58.6694976,61.0109648,1,0.513805785,58.6694976,61.0109648,0.437176615
2940,294,0.505650836,1,1.13609467,0.512430219,62.4524688,56.4160642,1,0.52098816,62.4524688,56.4160642,0.457831151
2950,295,0.50980493,1,1.14792899,0.508742194,66.7383271,60.6798147,1,0.54247528,66.7383271,60.6798147,0.46503897
2960,296,0.502921099,1,1.17159763,0.507991978,62.3147661,64.6474427,1,0.52067459,62.3147661,64.6474427,0.457093754
2970,297,0.504905206,1,1.1183432,0.514802401,58.9606727,60.1562236,1,0.555978955,58.9606727,60.1562236,0.431187927
2980,298,0.54082847,1,1.17751479,0.517307706,63.9001789,57.4531311,1,0.636711414,63.9001789,57.4531311,0.433135191
2990,299,0.532692679,1,1.24260355,0.514904414,65.9962886,62.5662502,1,0.531986631,65.9962886,62.5662502,0.42508379
3000,300,0.521598579,1,1.20710059,0.517927772,60.5874206,64.2380379,1,0.512399801,60.5874206,64.2380379,0.435487403
3010,301,0.512316394,1,1.12426036,0.511312167,59.0668485,58.5589949,1,0.517078742,59.0668485,58.5589949,0.452237495
3020,302,0.508192242,1,1.11242604,0.509962496,64.9483344,57.2877333,1,0.485568108,64.9483344,57.2877333,0.462869765
3030,303,0.505894413,1,1.06508876,0.511853061,66.2093703,62.9189018,1,0.456859946,66.2093703,62.9189018,0.443895285
3040,304,0.514497725,1,1.15976331,0.523206165,60.7670475,63.6604262,1,0.519407814,60.7670475,63.6604262,0.422508259
3050,305,0.518894726,1,1.10650888,0.516522243,60.6429213,57.8948419,1,0.627873747,60.6429213,57.8948419,0.443609253
3060,306,0.528929688,1,1.14201183,0.509748696,66.2159596,58.5536441,1,0.667923279,66.2159596,58.5536441,0.431680196
3070,307,0.533500029,1,1.24260355,0.522191771,64.6917661,63.8677101,1,0.513805495,64.6917661,63.8677101,0.425256366
3080,308,0.528764828,1,1.23076923,0.515563449,59.3447158,62.5027632,1,0.520022484,59.3447158,62.5027632,0.424501289
3090,309,0.522610797,1,1.14792899,0.520406021,61.189045,57.1481055,1,0.500052278,61.189045,57.1481055,0.435644859
3100,310,0.512722619,1,1.10650888,0.516905253,66.7354957,59.1984196,1,0.489011006,66.7354957,59.1984196,0.454867845
3110,311,0.514682783,1,1.13017751,0.518631094,64.237012,64.565481,1,0.53030911,64.237012,64.565481,0.455393509
3120,312,0.522030544,1,1.18934911,0.513248078,59.1652669,61.2575298,1,0.623925364,59.1652669,61.2575298,0.46578266
3130,313,0.534977214,1,1.20118343,0.518399666,63.2063771,56.9341019,1,0.648048161,63.2063771,56.9341019,0.455229966
3140,314,0.530562998,1,1.24852071,0.514457392,67.0438555,61.2829342,1,0.535892399,67.0438555,61.2829342,0.446144448
3150,315,0.528322676,1,1.24260355,0.509412149,62.636703,64.8021009,1,0.508881625,62.636703,64.8021009,0.43383202
3160,316,0.529581107,1,1.17159763,0.519909797,59.4422132,60.3527462,1,0.511315296,59.4422132,60.3527462,0.421335736
3170,317,0.51287866,1,1.12426036,0.513896221,64.3851267,57.1346142,1,0.50188757,64.3851267,57.1346142,0.453707719
3180,318,0.505932821,1,1.10059172,0.51081579,67.2754284,62.438019,1,0.498548051,67.2754284,62.438019,0.464604863
3190,319,0.516435386,1,1.15976331,0.514805173,61.7807433,64.6848365,1,0.574369203,61.7807433,64.6848365,0.456639082
3200,320,0.517647776,1,1.17751479,0.511318182,60.248444,58.9018126,1,0.646039175,60.248444,58.9018126,0.460198733
3210,321,0.540470062,1,1.15384615,0.515615859,65.7358804,58.1390948,1,0.665820408,65.7358804,58.1390948,0.426168405
3220,322,0.535389182,1,1.24260355,0.515321035,65.9131961,63.7789009,1,0.52644638,65.9131961,63.7789009,0.434045605
3230,323,0.530709788,1,1.20710059,0.518383292,60.3569914,63.7340163,1,0.511082846,60.3569914,63.7340163,0.427414308
3240,324,0.525276621,1,1.18343195,0.52011959,60.5255233,58.1069866,1,0.517152833,60.5255233,58.1069866,0.433042535
3250,325,0.518169578,1,1.13017751,0.519431564,66.3469965,58.5087293,1,0.498983953,66.3469965,58.5087293,0.448870696
3260,326,0.513966157,1,1.1183432,0.515773989,65.6212073,64.4559398,1,0.509349382,65.6212073,64.4559398,0.460871849
3270,327,0.514120835,1,1.15384615,0.514608373,59.7668157,63.0725535,1,0.552254705,59.7668157,63.0725535,0.462739842
3280,328,0.523252238,1,1.11242604,0.515122496,61.8264027,57.5560284,1,0.637014914,61.8264027,57.5560284,0.452958368
3290,329,0.537768254,1,1.18343195,0.515830401,66.9638156,60.2960036,1,0.645182492,66.9638156,60.2960036,0.447877801
3300,330,0.534888097,1,1.23668639,0.511660981,64.0108158,65.0067298,1,0.560239351,64.0108158,65.0067298,0.427675357
3310,331,0.523381451,1,1.22485207,0.520083677,59.6434596,61.4746345,1,0.513516895,59.6434596,61.4746345,0.432068767
3320,332,0.511652549,1,1.14201183,0.509964421,63.3519456,56.9148744,1,0.510141682,63.3519456,56.9148744,0.452110636
3330,333,0.507066361,1,1.09467456,0.511636044,67.7042843,61.0120818,1,0.493625617,67.7042843,61.0120818,0.459804177
3340,334,0.510836393,1,1.0887574,0.511797822,63.6692721,65.179649,1,0.482373147,63.6692721,65.179649,0.44621976
3350,335,0.517377891,1,1.19526627,0.522089388,59.9476424,60.7018658,1,0.560061335,59.9476424,60.7018658,0.44788173
3360,336,0.530543248,1,1.15384615,0.51783648,64.8935392,57.5405997,1,0.655059643,64.8935392,57.5405997,0.45152928
3370,337,0.532525136,1,1.21301775,0.515215561,66.9938115,62.9885445,1,0.541507748,66.9938115,62.9885445,0.449136231
3380,338,0.522223382,1,1.22485207,0.51220169,61.3543685,64.566391,1,0.497226897,61.3543685,64.566391,0.45046273
3390,339,0.531816191,1,1.24852071,0.509709531,59.5971838,59.3148905,1,0.523567951,59.5971838,59.3148905,0.425975777
3400,340,0.525224084,1,1.16568047,0.518757614,64.8758897,57.9368937,1,0.502901313,64.8758897,57.9368937,0.419661822
3410,341,0.519138729,1,1.18343195,0.518396596,66.3016352,63.2901932,1,0.485540255,66.3016352,63.2901932,0.426146665
3420,342,0.512568354,1,1.14792899,0.521091341,60.6949678,64.4681854,1,0.482130523,60.6949678,64.4681854,0.440698643
3430,343,0.519989924,1,1.17751479,0.519095416,60.2566834,58.7140885,1,0.585069592,60.2566834,58.7140885,0.44390497
3440,344,0.535244645,1,1.18934911,0.518767483,66.192491,59.1700657,1,0.665328335,66.192491,59.1700657,0.457945802
3450,345,0.538316121,1,1.21301775,0.513323805,65.1408072,64.8378228,1,0.614700694,65.1408072,64.8378228,0.443423402
3460,346,0.530108012,1,1.25443787,0.508399519,59.6046012,63.292964,1,0.532051129,59.6046012,63.292964,0.442131506
3470,347,0.526449295,1,1.18934911,0.518977903,61.4625351,58.0836273,1,0.5157426,61.4625351,58.0836273,0.425441692
3480,348,0.517017325,1,1.14201183,0.514157872,66.8779521,60.1966116,1,0.503061662,66.8779521,60.1966116,0.447156986
3490,349,0.512096393,1,1.10059172,0.515839274,64.4654445,65.6550975,1,0.496742057,64.4654445,65.6550975,0.459065569
3500,350,0.516129722,1,1.10650888,0.514962331,59.1878988,62.9644586,1,0.519516915,59.1878988,62.9644586,0.455680952
3510,351,0.515439127,1,1.14792899,0.5191913,62.3233155,57.9769344,1,0.567806384,62.3233155,57.9769344,0.453169222
3520,352,0.53436555,1,1.17751479,0.521224671,66.8156201,61.6040882,1,0.66121657,66.8156201,61.6040882,0.44414032
3530,353,0.539030198,1,1.20118343,0.515618747,62.6171868,65.4764733,1,0.59052563,62.6171868,65.4764733,0.439352726
3540,354,0.531172592,1,1.27218935,0.5200201,59.2778465,60.9416569,1,0.527284296,59.2778465,60.9416569,0.433205698
3550,355,0.518372378,1,1.16568047,0.513437203,64.0164348,57.6711228,1,0.51332735,64.0164348,57.6711228,0.442896684
3560,356,0.517249935,1,1.16568047,0.513021753,67.1022176,62.5583378,1,0.500067115,67.1022176,62.5583378,0.44460557
3570,357,0.514680436,1,1.12426036,0.516679039,62.0222382,65.4829026,1,0.488492601,62.0222382,65.4829026,0.450898314
3580,358,0.522587051,1,1.16568047,0.520520857,59.4878347,60.3062018,1,0.52383566,59.4878347,60.3062018,0.443369507
3590,359,0.5097725,1,1.17159763,0.51547985,64.9484491,58.0385637,1,0.541668328,64.9484491,58.0385637,0.45482614
3600,360,0.532594468,1,1.15384615,0.517475674,66.1348947,63.8169177,1,0.664720647,66.1348947,63.8169177,0.453761585
3610,361,0.531403323,1,1.18934911,0.508433452,60.3935024,64.2728889,1,0.604011752,60.3935024,64.2728889,0.443036155
3620,362,0.529779777,1,1.17751479,0.516510837,60.5036812,58.7443636,1,0.52243346,60.5036812,58.7443636,0.425355617
3630,363,0.522895558,1,1.17159763,0.516644688,66.1794779,59.0909055,1,0.507329389,66.1794779,59.0909055,0.437412777
3640,364,0.516782478,1,1.12426036,0.516670747,65.816704,64.8376595,1,0.491824585,65.816704,64.8376595,0.442937915
3650,365,0.517162639,1,1.15976331,0.51971954,60.0837313,64.092556,1,0.500229112,60.0837313,64.092556,0.444706907
3660,366,0.513990143,1,1.16568047,0.514384692,61.4613223,58.3076333,1,0.556872625,61.4613223,58.3076333,0.457437468
3670,367,0.520501805,1,1.20710059,0.513661666,67.012369,60.3021874,1,0.631980691,67.012369,60.3021874,0.453731181
3680,368,0.537781319,1,1.18934911,0.515933586,64.2579576,65.3686844,1,0.657923296,64.2579576,65.3686844,0.443601276
3690,369,0.539745021,1,1.23668639,0.513119506,59.6150819,62.1880601,1,0.590895476,59.6150819,62.1880601,0.432911334
3700,370,0.536582935,1,1.22485207,0.516419716,62.8397593,57.8430759,1,0.519660639,62.8397593,57.8430759,0.416220185
3710,371,0.519051689,1,1.17751479,0.515106281,67.1576843,61.5158494,1,0.513824686,67.1576843,61.5158494,0.436051013
3720,372,0.513203797,1,1.1183432,0.516697385,63.0698686,65.7508236,1,0.509830081,63.0698686,65.7508236,0.452770847
3730,373,0.508395146,1,1.09467456,0.51078128,58.9345525,61.4668167,1,0.499907007,58.9345525,61.4668167,0.458022212
3740,374,0.50493784,1,1.12426036,0.514051817,63.3426237,57.6134244,1,0.507425366,63.3426237,57.6134244,0.450376074
3750,375,0.524784367,1,1.16568047,0.520069147,66.5740616,62.3561782,1,0.615820042,66.5740616,62.3561782,0.441460089
3760,376,0.534107843,1,1.16568047,0.514864475,61.5226993,64.9282747,1,0.671544964,61.5226993,64.9282747,0.436038795
3770,377,0.53540749,1,1.25443787,0.519674986,59.7253908,59.566715,1,0.51571238,59.7253908,59.566715,0.434983774
3780,378,0.514618547,1,1.17159763,0.510172611,65.4552367,58.1518659,1,0.511826023,65.4552367,58.1518659,0.45399562
3790,379,0.515850687,1,1.17751479,0.51341648,66.5989978,63.8948613,1,0.508362603,66.5989978,63.8948613,0.450444791
3800,380,0.515298244,1,1.09467456,0.514753382,60.9867384,65.0125744,1,0.473193127,60.9867384,65.0125744,0.440190503
3810,381,0.522462792,1,1.13609467,0.524237446,60.3076728,59.4608191,1,0.513871697,60.3076728,59.4608191,0.430240862
3820,382,0.513968564,1,1.15976331,0.516688339,66.3202118,59.276198,1,0.573267002,66.3202118,59.276198,0.462720987
3830,383,0.531969205,1,1.17159763,0.516400719,65.635959,65.0748956,1,0.656312499,65.635959,65.0748956,0.449148414
3840,384,0.536914847,1,1.21301775,0.518534022,60.0315819,63.3226443,1,0.557336691,60.0315819,63.3226443,0.451686036
3850,385,0.533728102,1,1.21893491,0.512225415,61.895415,58.0269485,1,0.533959664,61.895415,58.0269485,0.43185487
3860,386,0.516615253,1,1.18343195,0.513947271,67.1436742,60.4866213,1,0.508139769,67.1436742,60.4866213,0.44585013
3870,387,0.514973405,1,1.13017751,0.514588788,64.5259172,65.6791599,1,0.510602284,64.5259172,65.6791599,0.447313541
3880,388,0.508217658,1,1.12426036,0.511519793,59.2929347,62.8740999,1,0.475014435,59.2929347,62.8740999,0.456721456
3890,389,0.513801386,1,1.12426036,0.515610899,62.3640083,58.0568028,1,0.499454547,62.3640083,58.0568028,0.439458007
3900,390,0.523378455,1,1.17751479,0.523211384,66.8906026,61.6735354,1,0.589315496,66.8906026,61.6735354,0.445694796
3910,391,0.542643351,1,1.17159763,0.522832215,62.7171448,65.6883057,1,0.656990873,62.7171448,65.6883057,0.445464525
3920,392,0.531828578,1,1.23668639,0.516461516,59.3633722,60.9601448,1,0.530404535,59.3633722,60.9601448,0.445910387
3930,393,0.518022354,1,1.23076923,0.508531484,64.4099745,57.8483189,1,0.503748788,64.4099745,57.8483189,0.456067937
3940,394,0.523752762,1,1.18934911,0.511403195,67.2980939,62.6415333,1,0.506353412,67.2980939,62.6415333,0.430467877
3950,395,0.519571686,1,1.14792899,0.51517776,62.2595927,65.3706013,1,0.496314611,62.2595927,65.3706013,0.440778671
3960,396,0.511739449,1,1.13609467,0.515496629,59.6203987,60.2126338,1,0.471344501,59.6203987,60.2126338,0.445689243
3970,397,0.514812806,1,1.14792899,0.5237525,64.8668673,58.0580652,1,0.51415576,64.8668673,58.0580652,0.436280666
3980,398,0.52463159,1,1.17159763,0.517312423,66.3181396,63.8485493,1,0.631504378,66.3181396,63.8485493,0.45919854
3990,399,0.524427041,1,1.19526627,0.509191173,60.2090629,63.993246,1,0.597563884,60.2090629,63.993246,0.470060777
4000,400,0.532598105,1,1.27810651,0.512940849,60.6869096,58.4158911,1,0.532643304,60.6869096,58.4158911,0.430599041
4010,401,0.529654555,1,1.24852071,0.511845147,66.3170191,59.0113931,1,0.517372032,66.3170191,59.0113931,0.435501181
4020,402,0.523074862,1,1.16568047,0.517789254,65.4540153,64.5166252,1,0.514429137,65.4540153,64.5166252,0.428651083
4030,403,0.52125357,1,1.14792899,0.520403109,59.8925932,63.5437373,1,0.498552036,59.8925932,63.5437373,0.43429823
4040,404,0.513449288,1,1.15384615,0.516590334,61.351949,57.7671008,1,0.508521534,61.351949,57.7671008,0.458317277
4050,405,0.5132949,1,1.17751479,0.511321936,66.913102,60.0079351,1,0.569896378,66.913102,60.0079351,0.461203473
4060,406,0.526908155,1,1.16568047,0.51852919,64.0430226,65.1306853,1,0.65414876,64.0430226,65.1306853,0.451689302
4070,407,0.541560637,1,1.17159763,0.516827963,59.4476059,61.788401,1,0.629542389,59.4476059,61.788401,0.437101261
4080,408,0.537107799,1,1.25443787,0.517966659,63.2242577,57.6444669,1,0.533462428,63.2242577,57.6444669,0.431286012
4090,409,0.519871937,1,1.14201183,0.514116334,67.1824521,61.7740206,1,0.509796388,67.1824521,61.7740206,0.440014237
4100,410,0.519406111,1,1.15976331,0.519047842,63.0113818,65.6009144,1,0.504464202,63.0113818,65.6009144,0.435434517
4110,411,0.516436389,1,1.13017751,0.515907504,59.2454896,61.1800784,1,0.495198109,59.2454896,61.1800784,0.446722022
4120,412,0.511138776,1,1.1183432,0.515856339,64.0465004,57.6652563,1,0.500500189,64.0465004,57.6652563,0.457699934
4130,413,0.518061042,1,1.14201183,0.516381537,66.8952636,62.8462632,1,0.597912199,66.8952636,62.8462632,0.454811783
4140,414,0.526824655,1,1.14792899,0.514067484,61.4234906,64.9870426,1,0.665858407,61.4234906,64.9870426,0.451972903
4150,415,0.534286982,1,1.17751479,0.51175313,60.1196295,59.4109568,1,0.602685565,60.1196295,59.4109568,0.440499897
4160,416,0.528975905,1,1.21893491,0.515476144,65.6964656,58.7501538,1,0.50678456,65.6964656,58.7501538,0.431988397
4170,417,0.521204578,1,1.16568047,0.515698855,66.3211502,64.4074976,1,0.504471279,66.3211502,64.4074976,0.437825239
4180,418,0.520125831,1,1.14792899,0.519756708,60.6701903,64.9427426,1,0.486385382,60.6701903,64.9427426,0.436634753
4190,419,0.518244738,1,1.13017751,0.517217599,60.3929813,59.1595089,1,0.511721205,60.3929813,59.1595089,0.445374903
4200,420,0.508949602,1,1.17159763,0.511775526,66.4283826,59.3560743,1,0.524034385,66.4283826,59.3560743,0.4645078
4210,421,0.516265653,1,1.17159763,0.516766518,65.8212706,65.0853023,1,0.578591633,65.8212706,65.0853023,0.443177328
4220,422,0.539494772,1,1.17159763,0.519456364,60.2213778,63.459148,1,0.658947966,60.2213778,63.459148,0.448555714
4230,423,0.536502735,1,1.15384615,0.509624025,62.2773222,58.240627,1,0.628114537,62.2773222,58.240627,0.431454599
4240,424,0.531452988,1,1.21301775,0.519026658,67.0900376,60.9162422,1,0.512557975,67.0900376,60.9162422,0.423574154
4250,425,0.520104033,1,1.13609467,0.514354899,64.2857129,65.8569745,1,0.508976368,64.2857129,65.8569745,0.437008878
4260,426,0.518302253,1,1.14792899,0.518048906,59.3667135,62.7311506,1,0.490417065,59.3667135,62.7311506,0.448319217
4270,427,0.515377565,1,1.12426036,0.515148468,62.4484159,57.8753023,1,0.471665169,62.4484159,57.8753023,0.442399007
4280,428,0.518085411,1,1.17159763,0.521616505,67.0360427,61.2530148,1,0.506375393,67.0360427,61.2530148,0.438227072
4290,429,0.511129892,1,1.17159763,0.518653164,63.3558644,65.798682,1,0.54538891,63.3558644,65.798682,0.449896788
4300,430,0.534537363,1,1.16568047,0.518278643,59.5726808,61.327844,1,0.659074626,59.5726808,61.327844,0.450514967
4310,431,0.529459795,1,1.20710059,0.511470232,64.6230739,58.3383551,1,0.52902337,64.6230739,58.3383551,0.451450746
4320,432,0.519389624,1,1.17751479,0.511181633,67.0342579,63.6719252,1,0.508077028,67.0342579,63.6719252,0.450251596
4330,433,0.516235939,1,1.17751479,0.51194399,61.6045703,65.9212579,1,0.514490794,61.6045703,65.9212579,0.452089195
4340,434,0.517474304,1,1.15976331,0.513890782,59.3898564,60.7927579,1,0.495590216,59.3898564,60.7927579,0.42971347
4350,435,0.523304216,1,1.17159763,0.524098343,64.3961368,58.7923409,1,0.490671957,64.3961368,58.7923409,0.414703938
4360,436,0.514954157,1,1.12426036,0.516822155,66.1812199,64.3695095,1,0.525510344,66.1812199,64.3695095,0.450452315
4370,437,0.516696535,1,1.13017751,0.516330723,60.2780296,65.3999452,1,0.594507085,60.2780296,65.3999452,0.460957665
4380,438,0.535789685,1,1.18934911,0.513581599,60.3460733,59.42612,1,0.652563581,60.3460733,59.42612,0.459554818
4390,439,0.522343321,1,1.23668639,0.506634508,66.2043332,60.4316328,1,0.530885218,66.2043332,60.4316328,0.457225132
4400,440,0.528320141,1,1.23668639,0.517134019,64.837746,65.7165949,1,0.510839423,64.837746,65.7165949,0.419906895
4410,441,0.520968559,1,1.15976331,0.517205152,59.3400752,64.2892776,1,0.509971669,59.3400752,64.2892776,0.436917782
4420,442,0.516612999,1,1.17159763,0.51975091,60.8978469,58.7403741,1,0.477028883,60.8978469,58.7403741,0.443339817
4430,443,0.51838799,1,1.13017751,0.521416163,66.1754735,60.4612051,1,0.488194762,66.1754735,60.4612051,0.427006937
4440,444,0.516315526,1,1.17159763,0.514931404,63.5593813,65.8156955,1,0.570385542,63.5593813,65.8156955,0.458415756
4450,445,0.520207518,1,1.15384615,0.516069217,58.7173617,62.6516855,1,0.628828047,58.7173617,62.6516855,0.444932767
4460,446,0.543443309,1,1.23076923,0.521159832,62.6789072,58.4343575,1,0.57935423,62.6789072,58.4343575,0.445089571
4470,447,0.527356532,1,1.19526627,0.510691558,66.4592817,62.7586749,1,0.528610606,66.4592817,62.7586749,0.441828854
4480,448,0.524566825,1,1.20118343,0.517372606,61.9201403,66.1104932,1,0.521273159,61.9201403,66.1104932,0.434043122
4490,449,0.516311799,1,1.15384615,0.518480235,58.4712283,61.3609165,1,0.499692739,58.4712283,61.3609165,0.451516
4500,450,0.521316952,1,1.15976331,0.519750894,63.1608671,58.2130181,1,0.494134114,63.1608671,58.2130181,0.434475651
4510,451,0.507339781,1,1.0887574,0.514623001,66.1835152,63.3491676,1,0.486697652,66.1835152,63.3491676,0.458428202
4520,452,0.513956015,1,1.13609467,0.519026064,60.9080382,65.6409241,1,0.571606888,60.9080382,65.6409241,0.442443495
4530,453,0.525458963,1,1.13017751,0.511953838,59.3473623,59.9346632,1,0.662926428,59.3473623,59.9346632,0.455064351
4540,454,0.533957205,1,1.21301775,0.517404104,65.0437697,59.4406392,1,0.537813806,65.0437697,59.4406392,0.439829964
4550,455,0.519948866,1,1.24260355,0.511553156,65.0621465,65.2242748,1,0.509011322,65.0621465,65.2242748,0.444897293
4560,456,0.516126868,1,1.14792899,0.512044408,59.3282763,65.0260749,1,0.501300234,59.3282763,65.0260749,0.441330363
4570,457,0.516051168,1,1.15384615,0.514985864,59.6805764,59.2926829,1,0.475291703,59.6805764,59.2926829,0.441861975
4580,458,0.512920682,1,1.10650888,0.517796783,65.3354018,59.9194314,1,0.48600685,65.3354018,59.9194314,0.437650158
4590,459,0.522017067,1,1.19526627,0.523085883,64.0790214,65.5560431,1,0.56045788,64.0790214,65.5560431,0.444225826
4600,460,0.524827295,1,1.15976331,0.515515199,58.4859342,63.6977714,1,0.617297245,58.4859342,63.6977714,0.453362175
4610,461,0.537912254,1,1.18934911,0.516806235,61.1867553,58.5634652,1,0.644670207,61.1867553,58.5634652,0.44625685
4620,462,0.528887519,1,1.24260355,0.516994378,65.8942224,61.9136147,1,0.511234067,65.8942224,61.9136147,0.444451318
4630,463,0.520551056,1,1.21301775,0.513362778,62.3564685,66.4211018,1,0.513713251,62.3564685,66.4211018,0.440770858
4640,464,0.515087006,1,1.12426036,0.511544223,57.990635,62.6902996,1,0.509360426,57.990635,62.6902996,0.441751407
4650,465,0.507208793,1,1.07692308,0.513574868,62.0519899,58.3777795,1,0.47524042,62.0519899,58.3777795,0.45568359
4660,466,0.51296331,1,1.11242604,0.516540505,66.0082715,62.3357535,1,0.486372302,66.0082715,62.3357535,0.430478763
4670,467,0.519779352,1,1.20710059,0.522868346,61.5342588,65.9844671,1,0.571697667,61.5342588,65.9844671,0.444092724
4680,468,0.537744759,1,1.14792899,0.518009016,58.50018,60.9305508,1,0.667441456,58.50018,60.9305508,0.453439874
4690,469,0.531337791,1,1.20710059,0.514681145,64.0388484,58.8782278,1,0.538346792,64.0388484,58.8782278,0.454360061
4700,470,0.522532131,1,1.21301775,0.509766309,65.5901453,64.5007448,1,0.507842684,65.5901453,64.5007448,0.448661518
4710,471,0.522060367,1,1.20710059,0.512896784,60.1611147,65.9420755,1,0.510700399,60.1611147,65.9420755,0.432084585
4720,472,0.525872902,1,1.20710059,0.521681772,58.91792,60.6134238,1,0.502974273,58.91792,60.6134238,0.420903947
4730,473,0.514076157,1,1.14201183,0.519098915,64.5233886,59.4069899,1,0.483313825,64.5233886,59.4069899,0.441063546
4740,474,0.512679575,1,1.14792899,0.516995356,65.252666,65.1575457,1,0.517055572,65.252666,65.1575457,0.44589341
4750,475,0.537869993,1,1.19526627,0.522963018,59.399781,64.9195802,1,0.645195875,59.399781,64.9195802,0.450593895
4760,476,0.536987892,1,1.16568047,0.5139479,60.3564424,59.1359251,1,0.651995043,60.3564424,59.1359251,0.450941598
4770,477,0.539188388,1,1.22485207,0.517243287,65.8728629,60.7357871,1,0.570351151,65.8728629,60.7357871,0.441825516
4780,478,0.529145435,1,1.21301775,0.512601357,64.071999,66.0357316,1,0.521516224,64.071999,66.0357316,0.430580472
4790,479,0.517799817,1,1.19526627,0.517565278,58.8363487,63.611004,1,0.507073549,58.8363487,63.611004,0.443835744
4800,480,0.510991723,1,1.11242604,0.512353045,61.3601824,58.2785093,1,0.506580485,61.3601824,58.2785093,0.4538151
4810,481,0.512152501,1,1.12426036,0.514641948,66.5440243,61.0772797,1,0.487648853,66.5440243,61.0772797,0.453163322
4820,482,0.518223299,1,1.15384615,0.516760046,63.1922581,65.8791116,1,0.558942053,63.1922581,65.8791116,0.450456214
4830,483,0.524792257,1,1.16568047,0.520291259,58.8221134,62.1186839,1,0.63412778,58.8221134,62.1186839,0.443486597
4840,484,0.542090188,1,1.20710059,0.518696263,63.1681614,58.3173333,1,0.617024049,63.1681614,58.3173333,0.444149344
4850,485,0.528539252,1,1.21893491,0.511814953,66.3757725,63.0699081,1,0.536211412,66.3757725,63.0699081,0.44105666
4860,486,0.521592113,1,1.18343195,0.519466539,61.2989155,65.8116455,1,0.493704033,61.2989155,65.8116455,0.443837498
4870,487,0.516489576,1,1.14201183,0.512249682,58.3950032,60.8063204,1,0.504147338,58.3950032,60.8063204,0.445131363
4880,488,0.515800314,1,1.13017751,0.515633807,63.5675955,58.227909,1,0.491681577,63.5675955,58.227909,0.44458555
4890,489,0.506401446,1,1.09467456,0.514459393,66.047153,63.6101803,1,0.476250333,66.047153,63.6101803,0.455843389
4900,490,0.522478021,1,1.17159763,0.521780291,60.6091121,65.3390125,1,0.57601186,60.6091121,65.3390125,0.438941368
4910,491,0.526080229,1,1.13609467,0.51259677,59.6453455,59.4524131,1,0.664876634,59.6453455,59.4524131,0.458844048
4920,492,0.541789818,1,1.19526627,0.517887102,65.2051219,59.3712845,1,0.57545818,65.2051219,59.3712845,0.427720632
4930,493,0.527853343,1,1.21301775,0.511637553,64.9627262,65.0471003,1,0.514280616,64.9627262,65.0471003,0.436999185
4940,494,0.523428995,1,1.18934911,0.519505032,59.4207779,64.470624,1,0.514649332,59.4207779,64.470624,0.428603874
4950,495,0.516157914,1,1.14201183,0.513068134,60.2246401,58.6940489,1,0.514667392,60.2246401,58.6940489,0.448633789
4960,496,0.511214812,1,1.11242604,0.516971658,66.0378447,59.8282089,1,0.491456969,66.0378447,59.8282089,0.455600693
4970,497,0.511088069,1,1.11242604,0.513159361,64.4334102,65.549906,1,0.540634443,64.4334102,65.549906,0.457107114
4980,498,0.530259709,1,1.22485207,0.519155814,59.1105175,62.9729836,1,0.650159511,59.1105175,62.9729836,0.454912143
4990,499,0.52788895,1,1.14792899,0.510658197,61.9240429,58.0068139,1,0.673300775,61.9240429,58.0068139,0.439060095
5000,500,0.536788621,1,1.20710059,0.513438952,66.3911389,61.4546575,1,0.554019192,66.3911389,61.4546575,0.434070943
5010,501,0.522643857,1,1.20118343,0.511233725,62.5806264,65.6753192,1,0.512199075,62.5806264,65.6753192,0.437407578
5020,502,0.524178304,1,1.18934911,0.519528994,58.6411312,61.6990359,1,0.515663134,58.6411312,61.6990359,0.430566237
5030,503,0.511735245,1,1.14792899,0.514959651,62.7799701,57.6132698,1,0.502173743,62.7799701,57.6132698,0.447368849
5040,504,0.51313335,1,1.16568047,0.518561015,66.3933128,62.1990511,1,0.525287239,66.3933128,62.1990511,0.449099271
5050,505,0.515465524,1,1.17751479,0.512013815,61.2726673,65.3461373,1,0.600811825,61.2726673,65.3461373,0.462340082
5060,506,0.521104067,1,1.13017751,0.510845293,58.8681915,59.9786274,1,0.634505068,58.8681915,59.9786274,0.452420622
5070,507,0.539890976,1,1.22485207,0.515252813,64.4005609,58.409676,1,0.635614533,64.4005609,58.409676,0.442349291
5080,508,0.52743351,1,1.19526627,0.511882427,65.3929193,63.924193,1,0.51351785,65.3929193,63.924193,0.431007304
5090,509,0.524115994,1,1.17159763,0.519452664,59.8849204,64.609315,1,0.520507654,59.8849204,64.609315,0.426957335
5100,510,0.515123546,1,1.17159763,0.516661534,59.3141894,58.8238136,1,0.492471541,59.3141894,58.8238136,0.447198774
5110,511,0.513716198,1,1.06508876,0.515476308,65.0798613,58.5732166,1,0.490025394,65.0798613,58.5732166,0.443931944
5120,512,0.514210109,1,1.18343195,0.516973689,64.9730641,64.4557758,1,0.511547162,64.9730641,64.4557758,0.452579121
5130,513,0.524811642,1,1.18934911,0.519067528,59.226199,63.7650269,1,0.58797742,59.226199,63.7650269,0.44524837
5140,514,0.536066254,1,1.17159763,0.520167763,60.7033113,58.144096,1,0.659277305,60.7033113,58.144096,0.447059591
5150,515,0.538483567,1,1.14201183,0.512126135,66.0311023,60.140643,1,0.61623182,66.0311023,60.140643,0.437661598
5160,516,0.529483295,1,1.23668639,0.514388467,63.5201669,65.1308809,1,0.510282081,63.5201669,65.1308809,0.429718983
5170,517,0.519887767,1,1.20118343,0.517756125,58.6633046,62.2056245,1,0.519195356,58.6633046,62.2056245,0.436135775
5180,518,0.505580298,1,1.15384615,0.507033873,62.0792954,57.1276978,1,0.515305549,62.0792954,57.1276978,0.470768809
5190,519,0.501578096,1,1.07100592,0.503825802,66.8756701,60.9071088,1,0.487713432,66.8756701,60.9071088,0.469729605
5200,520,0.504188404,1,1.10059172,0.514607726,63.2084706,65.3156886,1,0.47192775,63.2084706,65.3156886,0.441111616
5210,521,0.518127433,1,1.14201183,0.522590924,59.2945837,61.3240868,1,0.585316439,59.2945837,61.3240868,0.430022674
5220,522,0.527982631,1,1.18343195,0.514997942,63.7306613,57.8840679,1,0.66743759,63.7306613,57.8840679,0.43181545
5230,523,0.534463108,1,1.20710059,0.519907192,66.3475357,62.8535266,1,0.516649302,66.3475357,62.8535266,0.432028044
5240,524,0.520687805,1,1.18934911,0.512083454,61.0594478,65.1931092,1,0.507524082,61.0594478,65.1931092,0.444809118
5250,525,0.522604478,1,1.18343195,0.518414442,58.9767272,59.8702832,1,0.516002634,58.9767272,59.8702832,0.439675791
5260,526,0.518116015,1,1.13609467,0.516299423,64.3340872,57.7889076,1,0.498700809,64.3340872,57.7889076,0.442113209
5270,527,0.518090535,1,1.1183432,0.51947908,66.1064467,63.3207047,1,0.488065669,66.1064467,63.3207047,0.446829974
5280,528,0.508758546,1,1.15384615,0.516533842,60.3895548,64.8236227,1,0.509448417,60.3895548,64.8236227,0.454703332
5290,529,0.520773047,1,1.11242604,0.521501284,59.7298161,59.1158993,1,0.605891734,59.7298161,59.1158993,0.441978883
5300,530,0.536719205,1,1.17159763,0.513007905,65.6035773,59.3640902,1,0.634878745,65.6035773,59.3640902,0.452230958
5310,531,0.51593129,1,1.20710059,0.508429875,64.2057574,65.1786146,1,0.513415712,64.2057574,65.1786146,0.460014108
5320,532,0.512500983,1,1.18343195,0.508471044,58.6283337,63.4206295,1,0.506786569,58.6283337,63.4206295,0.44983999
5330,533,0.518596769,1,1.16568047,0.513284444,60.277372,57.9783805,1,0.50011856,60.277372,57.9783805,0.437430646
5340,534,0.519834888,1,1.14201183,0.518215767,65.5063615,59.3777249,1,0.482537519,65.5063615,59.3777249,0.416384103
5350,535,0.512943095,1,1.12426036,0.522101549,63.8984972,64.6566118,1,0.466344539,63.8984972,64.6566118,0.424486281
5360,536,0.523378067,1,1.15976331,0.525758458,58.7064606,62.4633873,1,0.566195862,58.7064606,62.4633873,0.433558813
5370,537,0.534685685,1,1.18934911,0.5145161,62.0766154,57.4506457,1,0.661017506,62.0766154,57.4506457,0.464640361
5380,538,0.533531969,1,1.17159763,0.511261713,66.3190823,61.4471279,1,0.585598127,66.3190823,61.4471279,0.448339439
5390,539,0.533021905,1,1.23076923,0.513355266,62.2154404,65.3904391,1,0.540741802,62.2154404,65.3904391,0.437783417
5400,540,0.52196834,1,1.14792899,0.510472225,58.4872433,61.0682321,1,0.513801939,58.4872433,61.0682321,0.439074648
5410,541,0.517085994,1,1.13609467,0.514708957,63.0369397,57.5617482,1,0.503147369,63.0369397,57.5617482,0.441857079
5420,542,0.519187281,1,1.14201183,0.52139912,66.4527153,62.032121,1,0.488458203,66.4527153,62.032121,0.432768414
5430,543,0.508697485,1,1.13609467,0.51720449,61.6455959,65.3477847,1,0.499726827,61.6455959,65.3477847,0.44920721
5440,544,0.52495985,1,1.17159763,0.521162785,59.3730088,59.8734216,1,0.63416579,59.3730088,59.8734216,0.455948863
5450,545,0.52668746,1,1.14792899,0.50712196,65.1919616,58.4388878,1,0.646005434,65.1919616,58.4388878,0.461013157
5460,546,0.534309494,1,1.23076923,0.514092372,65.8324102,64.0847763,1,0.544526946,65.8324102,64.0847763,0.437084422
5470,547,0.538328875,1,1.22485207,0.507877896,60.352493,64.8080138,1,0.564291179,60.352493,64.8080138,0.425187495
5480,548,0.530470329,1,1.20710059,0.522380781,60.1361372,59.3500585,1,0.503935206,60.1361372,59.3500585,0.420172449
5490,549,0.523222899,1,1.18343195,0.520105814,65.7415912,58.9616937,1,0.497243195,65.7415912,58.9616937,0.432222422
5500,550,0.518740865,1,1.13609467,0.519318148,65.5537106,64.8158128,1,0.515639861,65.5537106,64.8158128,0.450548706
5510,551,0.510245105,1,1.17159763,0.509669809,59.4463869,64.0739748,1,0.549624701,59.4463869,64.0739748,0.473247169
5520,552,0.507637001,1,1.13609467,0.50748018,60.4555954,58.310184,1,0.558297226,60.4555954,58.310184,0.450113636
5530,553,0.519337174,1,1.12426036,0.51614964,65.8693812,59.786012,1,0.614784658,65.8693812,59.786012,0.431641593
5540,554,0.538833621,1,1.16568047,0.512389923,63.6674853,64.9471375,1,0.619685157,63.6674853,64.9471375,0.431630739
5550,555,0.528081902,1,1.20118343,0.512741774,58.856895,62.18169,1,0.516954819,58.856895,62.18169,0.42683283
5560,556,0.516443797,1,1.21301775,0.515383673,62.1010112,57.4547287,1,0.516819882,62.1010112,57.4547287,0.441007806
5570,557,0.509798112,1,1.13609467,0.510785672,66.8499352,60.8903008,1,0.500657121,66.8499352,60.8903008,0.45087315
5580,558,0.516273471,1,1.11242604,0.517216117,63.2250517,65.3898921,1,0.492719089,63.2250517,65.3898921,0.444466985
5590,559,0.518143834,1,1.15976331,0.518787281,58.9676385,61.3591057,1,0.556487119,58.9676385,61.3591057,0.450987123
5600,560,0.513165939,1,1.16568047,0.515738036,63.2688616,57.4615832,1,0.578473119,63.2688616,57.4615832,0.446493256
5610,561,0.536862334,1,1.13017751,0.516302785,66.3293083,62.4498202,1,0.660265798,66.3293083,62.4498202,0.450173158
5620,562,0.531137529,1,1.23076923,0.512445331,61.0677355,64.7475982,1,0.534930681,61.0677355,64.7475982,0.441647883
5630,563,0.526443013,1,1.23668639,0.516444306,59.1181271,59.432217,1,0.509650039,59.1181271,59.432217,0.43551133
5640,564,0.52312419,1,1.18934911,0.519197101,64.5328298,57.6244733,1,0.505779847,64.5328298,57.6244733,0.439115187
5650,565,0.518862266,1,1.13017751,0.517963112,66.2324351,63.0872308,1,0.494763053,66.2324351,63.0872308,0.440080534
5660,566,0.514140392,1,1.12426036,0.51940598,60.394678,64.3106541,1,0.52657628,60.394678,64.3106541,0.458813578
5670,567,0.505978813,1,1.1183432,0.510694523,59.3124496,58.490937,1,0.527158929,59.3124496,58.490937,0.455345143
5680,568,0.534634918,1,1.17159763,0.520454492,65.2067995,58.6592918,1,0.655194699,65.2067995,58.6592918,0.453596441
5690,569,0.530767603,1,1.14201183,0.508923494,64.6339691,64.3983616,1,0.66086533,64.6339691,64.3983616,0.443660512
5700,570,0.534591633,1,1.21893491,0.518429089,59.2691433,63.0449388,1,0.523399245,59.2691433,63.0449388,0.425608575
5710,571,0.525116536,1,1.23076923,0.516772608,60.6770504,57.6078968,1,0.512796524,60.6770504,57.6078968,0.432028576
5720,572,0.518402099,1,1.15384615,0.51715594,66.1783785,59.2803268,1,0.495872445,66.1783785,59.2803268,0.442301897
5730,573,0.516862907,1,1.13017751,0.515669437,64.2264936,64.6177459,1,0.503170426,64.2264936,64.6177459,0.437163377
5740,574,0.507997216,1,1.13017751,0.515761503,58.7389132,62.3025895,1,0.495614327,58.7389132,62.3025895,0.458150948
5750,575,0.512250779,1,1.15384615,0.516355002,61.5161248,57.1641187,1,0.553474104,61.5161248,57.1641187,0.449304431
5760,576,0.536178491,1,1.17159763,0.522693058,66.067087,60.7469934,1,0.66769712,66.067087,60.7469934,0.445544998
5770,577,0.540307769,1,1.26035503,0.519350816,62.0067161,64.7502722,1,0.568752538,62.0067161,64.7502722,0.438615714
5780,578,0.529576787,1,1.20118343,0.511272229,58.3613421,60.3554189,1,0.512140948,58.3613421,60.3554189,0.439226639
5790,579,0.520878059,1,1.18343195,0.520471588,63.1331086,57.0304154,1,0.510627174,63.1331086,57.0304154,0.447381627
5800,580,0.516642009,1,1.17751479,0.515865098,66.580157,61.7326496,1,0.49552766,66.580157,61.7326496,0.448489573
5810,581,0.522744128,1,1.17159763,0.521922347,61.8536305,64.7382411,1,0.495272159,61.8536305,64.7382411,0.43086285
5820,582,0.506762719,1,1.0887574,0.515021073,58.8216448,59.625161,1,0.481302123,58.8216448,59.625161,0.457265642
5830,583,0.512320103,1,1.13609467,0.520177496,64.029254,57.3386647,1,0.563034465,64.029254,57.3386647,0.437497313
5840,584,0.522367633,1,1.13609467,0.510760569,65.6013786,63.0196377,1,0.66280478,65.6013786,63.0196377,0.453422422
5850,585,0.532344168,1,1.20118343,0.515903099,59.9232122,63.4752428,1,0.536542434,59.9232122,63.4752428,0.438185809
5860,586,0.514962965,1,1.19526627,0.510871452,60.0578271,57.606686,1,0.504465479,60.0578271,57.606686,0.451546191
5870,587,0.515165993,1,1.16568047,0.510239268,65.8430291,57.8951708,1,0.511213195,65.8430291,57.8951708,0.445568485
5880,588,0.512829309,1,1.14201183,0.514504213,65.4242108,63.6905746,1,0.472169232,65.4242108,63.6905746,0.44696288
5890,589,0.513045994,1,1.10059172,0.517973361,59.8972373,63.1185945,1,0.485065939,59.8972373,63.1185945,0.427422418
5900,590,0.516054698,1,1.20118343,0.521532005,60.9561442,57.4889109,1,0.53225807,60.9561442,57.4889109,0.440646521
5910,591,0.518255362,1,1.13609467,0.515342739,66.5109913,59.1367665,1,0.594404453,66.5109913,59.1367665,0.445701057
5920,592,0.540364697,1,1.20710059,0.517732347,63.8345907,64.2426483,1,0.629943088,63.8345907,64.2426483,0.443447693
5930,593,0.529056709,1,1.19526627,0.515794274,59.1292455,61.0701624,1,0.511603376,59.1292455,61.0701624,0.436533821
5940,594,0.516838696,1,1.23076923,0.514379088,62.8516845,56.5418219,1,0.508099069,62.8516845,56.5418219,0.450918978
5950,595,0.508231087,1,1.15384615,0.507725069,67.3379581,60.4680889,1,0.515800125,67.3379581,60.4680889,0.458594613
5960,596,0.502537662,1,1.07692308,0.50657014,63.0770012,64.761443,1,0.504896796,63.0770012,64.761443,0.465296521
5970,597,0.512487072,1,1.13609467,0.512815653,59.1835083,60.369623,1,0.51387464,59.1835083,60.369623,0.451476013
5980,598,0.509500482,1,1.14792899,0.51655897,63.7932298,56.8602041,1,0.530616428,63.7932298,56.8602041,0.445659894
5990,599,0.530800045,1,1.15976331,0.519268039,66.6421774,61.7248183,1,0.646323611,66.6421774,61.7248183,0.433650897
6000,600,0.532407289,1,1.14201183,0.510895449,61.5212213,64.1183858,1,0.660516837,61.5212213,64.1183858,0.434825386
6010,601,0.525683077,1,1.21301775,0.516354398,60.0420652,58.677916,1,0.512037272,60.0420652,58.677916,0.433689377
6020,602,0.514534615,1,1.17751479,0.513182855,65.7980846,57.3577241,1,0.506743192,65.7980846,57.3577241,0.45426751
6030,603,0.518060995,1,1.15384615,0.514565835,66.9855707,62.859045,1,0.498379711,66.9855707,62.859045,0.432924934
6040,604,0.522623349,1,1.1183432,0.522895067,61.397656,63.675269,1,0.506453999,61.397656,63.675269,0.434400985
6050,605,0.507995464,1,1.15976331,0.512242071,60.8172008,57.6476899,1,0.516628506,60.8172008,57.6476899,0.465804882
6060,606,0.532429572,1,1.17751479,0.519735613,66.6608251,58.003515,1,0.63071724,66.6608251,58.003515,0.45034212
6070,607,0.537762758,1,1.20118343,0.516131523,65.4497024,63.8125144,1,0.639154305,65.4497024,63.8125144,0.456454641
6080,608,0.53856945,1,1.20710059,0.511595909,60.0266225,62.2513244,1,0.613579862,60.0266225,62.2513244,0.434101869
6090,609,0.536177148,1,1.24260355,0.513419411,61.8575132,57.1043774,1,0.528897602,61.8575132,57.1043774,0.420222708
6100,610,0.520320371,1,1.18934911,0.519629373,67.0224274,59.5417653,1,0.509972671,67.0224274,59.5417653,0.439318995
6110,611,0.513469902,1,1.11242604,0.514434119,64.4315761,64.8574764,1,0.506829618,64.4315761,64.8574764,0.454883401
6120,612,0.512972782,1,1.08284024,0.515251663,59.2693773,61.9477603,1,0.50135234,59.2693773,61.9477603,0.455828425
6130,613,0.517417038,1,1.13017751,0.516247685,62.5297248,57.0524279,1,0.540468639,62.5297248,57.0524279,0.452436832
6140,614,0.524642604,1,1.15976331,0.521607172,66.9906153,60.8023888,1,0.623751556,66.9906153,60.8023888,0.448282396
6150,615,0.54462382,1,1.20710059,0.521376306,62.7824254,64.6317892,1,0.627844234,62.7824254,64.6317892,0.437672496
6160,616,0.531510445,1,1.25443787,0.51165462,59.4651625,59.9508662,1,0.530759799,59.4651625,59.9508662,0.441321801
6170,617,0.519362077,1,1.20118343,0.517857472,64.5110079,57.0946623,1,0.500594893,64.5110079,57.0946623,0.44601096
6180,618,0.511904683,1,1.13017751,0.507197141,67.508226,62.183492,1,0.506852321,67.508226,62.183492,0.454299018
6190,619,0.517043186,1,1.16568047,0.515635557,62.3370326,64.7387543,1,0.502202787,62.3370326,64.7387543,0.443697527
6200,620,0.50466848,1,1.0887574,0.511411016,59.7581647,59.3149154,1,0.464498895,59.7581647,59.3149154,0.461977922
6210,621,0.515886385,1,1.17159763,0.520481494,65.1145404,57.5164167,1,0.545933016,65.1145404,57.5164167,0.434634838
6220,622,0.529643589,1,1.14201183,0.517414294,66.1041511,63.3596204,1,0.659728537,66.1041511,63.3596204,0.45587784
6230,623,0.537103175,1,1.24260355,0.516246492,60.3834083,63.4278693,1,0.565579223,60.3834083,63.4278693,0.440088454
6240,624,0.525384364,1,1.21301775,0.515306042,60.9369841,57.6554467,1,0.515708969,60.9369841,57.6554467,0.446069677
6250,625,0.516045831,1,1.18934911,0.510800568,66.7423373,58.4335241,1,0.506797361,66.7423373,58.4335241,0.450558691
6260,626,0.521440324,1,1.17751479,0.516572985,65.9083535,63.9226235,1,0.49952746,65.9083535,63.9226235,0.427084116
6270,627,0.511727461,1,1.10650888,0.515109752,60.3141555,62.8486892,1,0.47826183,60.3141555,62.8486892,0.438180652
6280,628,0.516824196,1,1.13609467,0.5214534,61.7867524,57.3272564,1,0.506564912,61.7867524,57.3272564,0.439571885
6290,629,0.52277248,1,1.1183432,0.521408071,67.2214705,59.3790759,1,0.58953003,67.2214705,59.3790759,0.446857027
6300,630,0.539731891,1,1.15976331,0.519225787,64.1936942,64.4592264,1,0.656996274,64.1936942,64.4592264,0.454922834
6310,631,0.532436889,1,1.27810651,0.520361923,59.776438,60.6938151,1,0.515123814,59.776438,60.6938151,0.44648843
6320,632,0.516308256,1,1.18934911,0.507884515,63.664895,56.3103235,1,0.504609176,63.664895,56.3103235,0.45073967
6330,633,0.52583807,1,1.21301775,0.51835815,67.5316416,60.2924625,1,0.515197227,67.5316416,60.2924625,0.426969232
6340,634,0.514777899,1,1.14201183,0.517308143,63.3812928,64.3217556,1,0.495590338,63.3812928,64.3217556,0.444962588
6350,635,0.516876171,1,1.15384615,0.523696571,59.7032418,60.117096,1,0.497269831,59.7032418,60.117096,0.42971865
6360,636,0.506342067,1,1.14792899,0.512346069,64.6201853,56.70131,1,0.559769926,64.6201853,56.70131,0.460536909
6370,637,0.529205015,1,1.15976331,0.514714426,66.9644315,62.1668031,1,0.658896729,66.9644315,62.1668031,0.457463454
6380,638,0.531185951,1,1.23076923,0.514612577,61.2497681,63.5276205,1,0.5590216,61.2497681,63.5276205,0.451881026
6390,639,0.530885283,1,1.22485207,0.511871247,60.3159473,57.9306112,1,0.528140119,60.3159473,57.9306112,0.436490404
6400,640,0.526038533,1,1.21893491,0.515345672,65.8398087,57.2054352,1,0.515184247,65.8398087,57.2054352,0.428558377
6410,641,0.524475697,1,1.18343195,0.51734083,66.493398,62.6830752,1,0.511865581,66.493398,62.6830752,0.424345782
6420,642,0.51808307,1,1.14201183,0.520947012,60.8548618,63.2155017,1,0.478045482,60.8548618,63.2155017,0.435662923
6430,643,0.521672686,1,1.16568047,0.522107553,60.9026723,57.4078075,1,0.542776857,60.9026723,57.4078075,0.446760841
6440,644,0.526521697,1,1.18934911,0.517794844,66.8297597,58.3294021,1,0.623488525,66.8297597,58.3294021,0.461408327
6450,645,0.538338069,1,1.17159763,0.517178238,65.1155931,63.9764619,1,0.657686972,65.1155931,63.9764619,0.453961209
6460,646,0.535790301,1,1.18343195,0.511974972,59.8102701,61.7832568,1,0.582555775,59.8102701,61.7832568,0.441598768
6470,647,0.534438929,1,1.27218935,0.51283435,62.2220685,56.8354544,1,0.519758086,62.2220685,56.8354544,0.423409099
6480,648,0.528335418,1,1.18934911,0.51617671,67.0489584,59.389378,1,0.521440383,67.0489584,59.389378,0.42006897
6490,649,0.509719331,1,1.15976331,0.515389713,63.8773419,64.4319436,1,0.497888426,63.8773419,64.4319436,0.458235746
6500,650,0.515643268,1,1.12426036,0.515511339,59.1435079,61.2578132,1,0.50051976,59.1435079,61.2578132,0.438422994
6510,651,0.507543982,1,1.14201183,0.515238948,62.5863146,56.5059111,1,0.489535901,62.5863146,56.5059111,0.451385061
6520,652,0.525555898,1,1.15384615,0.521850414,66.697228,60.5017625,1,0.601819299,66.697228,60.5017625,0.440994284
6530,653,0.532625731,1,1.17751479,0.516004187,62.0569661,64.0438384,1,0.66449092,62.0569661,64.0438384,0.44905115
6540,654,0.538518682,1,1.21893491,0.518841608,59.2527396,59.1524634,1,0.529981625,59.2527396,59.1524634,0.433707258
6550,655,0.524230658,1,1.20710059,0.515039809,64.4095999,56.6454219,1,0.515433427,64.4095999,56.6454219,0.441074975
6560,656,0.514255344,1,1.16568047,0.512526869,66.6547539,62.0598406,1,0.507048098,66.6547539,62.0598406,0.450881093
6570,657,0.51218038,1,1.10650888,0.510030698,61.1909786,64.227689,1,0.487295939,61.1909786,64.227689,0.452163815
6580,658,0.516672995,1,1.12426036,0.519275094,59.3888429,58.7611313,1,0.483809895,59.3888429,58.7611313,0.442765294
6590,659,0.509626905,1,1.14792899,0.517260008,65.0054559,57.0943971,1,0.505225053,65.0054559,57.0943971,0.450669096
6600,660,0.531223676,1,1.18934911,0.522946511,65.6376081,62.7502545,1,0.622598326,65.6376081,62.7502545,0.43777503
6610,661,0.536781984,1,1.17751479,0.515928627,59.7907742,62.7003031,1,0.656835908,59.7907742,62.7003031,0.449772868
6620,662,0.535072,1,1.24852071,0.517789786,60.6735577,57.0659647,1,0.524570908,60.6735577,57.0659647,0.438698149
6630,663,0.525336641,1,1.20118343,0.513924686,66.2383,58.174045,1,0.512981704,66.2383,58.174045,0.436461015
6640,664,0.515947693,1,1.15384615,0.512957349,64.6414286,63.8131215,1,0.502945437,64.6414286,63.8131215,0.450832117
6650,665,0.510520026,1,1.13017751,0.514138247,59.0121426,62.0300973,1,0.483510497,59.0121426,62.0300973,0.454224328
6660,666,0.515989497,1,1.13609467,0.517220945,61.0062914,56.5941494,1,0.507449007,61.0062914,56.5941494,0.445398295
6670,667,0.508514308,1,1.20118343,0.51402745,66.3488424,59.1518938,1,0.536470537,66.3488424,59.1518938,0.455634725
6680,668,0.535426679,1,1.18343195,0.517400668,62.8876274,63.8751947,1,0.66327785,62.8876274,63.8751947,0.450440809
6690,669,0.534039167,1,1.19526627,0.515090368,58.6489548,59.8641337,1,0.590703883,58.6489548,59.8641337,0.448897107
6700,670,0.535670455,1,1.26035503,0.516525171,62.8260026,56.1562218,1,0.528477043,62.8260026,56.1562218,0.429643716
6710,671,0.525340521,1,1.15976331,0.51839051,66.3696113,60.5072338,1,0.509986748,66.3696113,60.5072338,0.431650661
6720,672,0.522411839,1,1.17159763,0.519487699,61.9498354,63.9082226,1,0.503466202,61.9498354,63.9082226,0.428987687
6730,673,0.51002426,1,1.09467456,0.513965987,58.6239255,58.9072158,1,0.501718982,58.6239255,58.9072158,0.461998142
6740,674,0.512510179,1,1.15976331,0.512981101,63.9405804,56.1594331,1,0.560184832,63.9405804,56.1594331,0.460364723
6750,675,0.513329578,1,1.15976331,0.509624934,66.0653668,61.7950475,1,0.621235915,66.0653668,61.7950475,0.463297077
6760,676,0.541113767,1,1.18934911,0.517716331,60.6105439,63.0968166,1,0.665346643,60.6105439,63.0968166,0.431384825
6770,677,0.536247963,1,1.20118343,0.511871016,59.7706522,57.3732919,1,0.612984776,59.7706522,57.3732919,0.444986222
6780,678,0.534352901,1,1.21301775,0.515285794,65.2458479,56.9656326,1,0.520831434,65.2458479,56.9656326,0.422334689
6790,679,0.524185974,1,1.17751479,0.516713942,65.3505316,62.5821135,1,0.5250385,65.3505316,62.5821135,0.432112028
6800,680,0.513338607,1,1.17159763,0.514393506,59.4662484,62.3269184,1,0.497505458,59.4662484,62.3269184,0.453062643
6810,681,0.507314363,1,1.07692308,0.509859649,59.9167863,56.3952251,1,0.482376891,59.9167863,56.3952251,0.45759837
6820,682,0.511329176,1,1.11242604,0.51881767,65.5673563,57.0665357,1,0.488777901,65.5673563,57.0665357,0.437715959
6830,683,0.522199631,1,1.17751479,0.522871606,64.2451243,62.6406965,1,0.598479629,64.2451243,62.6406965,0.440679719
6840,684,0.536108991,1,1.18934911,0.516055706,58.8467205,60.3670292,1,0.661841247,58.8467205,60.3670292,0.450590186
6850,685,0.532342636,1,1.22485207,0.512307853,61.7360247,55.4035278,1,0.570433478,61.7360247,55.4035278,0.44178514
6860,686,0.530529115,1,1.20118343,0.515519692,66.338329,58.6958906,1,0.53062518,66.338329,58.6958906,0.435284424
6870,687,0.52440821,1,1.20710059,0.515223022,63.1022851,63.2109955,1,0.515042216,63.1022851,63.2109955,0.427308573
6880,688,0.523147591,1,1.20118343,0.522194687,58.766923,59.7115464,1,0.506605293,58.766923,59.7115464,0.428576207
6890,689,0.503897001,1,1.08284024,0.510468625,62.8131005,55.1889694,1,0.507514765,62.8131005,55.1889694,0.466798585
6900,690,0.516811874,1,1.17159763,0.513211066,66.5609769,59.8687974,1,0.574927631,66.5609769,59.8687974,0.461200948
6910,691,0.52512511,1,1.20118343,0.511967741,61.3552025,62.9378586,1,0.658511975,61.3552025,62.9378586,0.464854903
6920,692,0.533084304,1,1.15976331,0.510627705,59.1123282,57.5699197,1,0.630538731,59.1123282,57.5699197,0.447512871
6930,693,0.532724362,1,1.24852071,0.516849187,64.4740698,55.9714061,1,0.526126449,64.4740698,55.9714061,0.430381132
6940,694,0.527226049,1,1.19526627,0.513420384,65.8680825,61.3610463,1,0.514327094,65.8680825,61.3610463,0.428230798
6950,695,0.525622524,1,1.20118343,0.520442375,60.4644117,62.6015242,1,0.512286023,60.4644117,62.6015242,0.426478939
6960,696,0.517060493,1,1.13609467,0.519848162,59.405361,56.8620114,1,0.489384996,59.405361,56.8620114,0.448954048
6970,697,0.51560591,1,1.13609467,0.516615822,65.3086815,56.2746769,1,0.510022488,65.3086815,56.2746769,0.456343554
6980,698,0.526214429,1,1.18934911,0.517935324,65.1230854,62.2455448,1,0.608339353,65.1230854,62.2455448,0.459519363
6990,699,0.520420587,1,1.13609467,0.509756126,59.2381601,61.563264,1,0.639477645,59.2381601,61.563264,0.455718769
7000,700,0.528176131,1,1.15384615,0.511212807,60.4115902,56.209258,1,0.669067913,60.4115902,56.209258,0.421622106
7010,701,0.536064567,1,1.23668639,0.512258502,65.6573061,57.8221996,1,0.554257915,65.6573061,57.8221996,0.422160653
7020,702,0.523059867,1,1.18343195,0.520097595,63.5361346,62.9024926,1,0.513701982,63.5361346,62.9024926,0.423487533
7030,703,0.520049182,1,1.14792899,0.51810424,58.2851886,60.5467413,1,0.510948814,58.2851886,60.5467413,0.442705496
7040,704,0.509913069,1,1.0887574,0.51244212,61.0028614,55.1248604,1,0.504905445,61.0028614,55.1248604,0.466527758
7050,705,0.506302966,1,1.1183432,0.512022136,66.2768626,57.9397884,1,0.480071953,66.2768626,57.9397884,0.45986175
7060,706,0.519068193,1,1.14792899,0.522723718,63.062601,62.7064112,1,0.561383143,63.062601,62.7064112,0.442238595
7070,707,0.525476224,1,1.14201183,0.519090347,58.7320169,59.0229066,1,0.64573801,58.7320169,59.0229066,0.437327581
7080,708,0.540337296,1,1.21301775,0.517048019,63.0926773,55.3546502,1,0.570967683,63.0926773,55.3546502,0.438336449
7090,709,0.527283142,1,1.21301775,0.510822876,66.3243432,60.0763861,1,0.533667429,66.3243432,60.0763861,0.44013483
7100,710,0.525188422,1,1.22485207,0.519799329,61.4739554,62.9608029,1,0.503766018,61.4739554,62.9608029,0.434095141
7110,711,0.518329668,1,1.13609467,0.517356949,58.4774768,58.051189,1,0.496664998,58.4774768,58.051189,0.442446079
7120,712,0.514322717,1,1.10059172,0.515944122,63.6643268,55.44996,1,0.514305401,63.6643268,55.44996,0.446351457
7130,713,0.50972037,1,1.15384615,0.513798741,65.9337747,61.0401595,1,0.527062471,65.9337747,61.0401595,0.464100096
7140,714,0.51767225,1,1.16568047,0.513504831,60.1516667,62.4674264,1,0.619163236,60.1516667,62.4674264,0.458127547
7150,715,0.53198637,1,1.21893491,0.511898104,59.882336,56.5644411,1,0.605819571,59.882336,56.5644411,0.454548181
7160,716,0.523601428,1,1.21893491,0.512662588,65.5643211,57.1473389,1,0.52740411,65.5643211,57.1473389,0.439369671
7170,717,0.513313021,1,1.20710059,0.510275381,64.588412,62.9887184,1,0.500572208,64.588412,62.9887184,0.455564629
7180,718,0.515314951,1,1.16568047,0.508929311,58.8860293,62.0670442,1,0.494392636,58.8860293,62.0670442,0.444337493
7190,719,0.516456207,1,1.14792899,0.518086849,59.8736114,56.7302026,1,0.47705268,59.8736114,56.7302026,0.417496037
7200,720,0.51271533,1,1.10650888,0.523321658,65.333703,57.7886891,1,0.464407639,65.333703,57.7886891,0.427826445
7210,721,0.51559142,1,1.17159763,0.521653777,63.6913406,63.2118704,1,0.548649999,63.6913406,63.2118704,0.435878012
7220,722,0.535143147,1,1.17751479,0.516056026,58.4337797,60.3891464,1,0.657821449,58.4337797,60.3891464,0.459029834
7230,723,0.53045814,1,1.24852071,0.517310349,62.1089824,55.8783863,1,0.514804713,62.1089824,55.8783863,0.447571168
7240,724,0.516853173,1,1.23668639,0.50913253,66.5061608,59.74768,1,0.50870413,66.5061608,59.74768,0.450552666
7250,725,0.52661018,1,1.20710059,0.516162172,62.6304687,63.7278281,1,0.513900095,62.6304687,63.7278281,0.427339141
7260,726,0.518338728,1,1.14792899,0.519676448,58.5745501,59.7420046,1,0.487809775,58.5745501,59.7420046,0.437429719
7270,727,0.52396692,1,1.17159763,0.524096082,62.219569,55.9375638,1,0.483660125,62.219569,55.9375638,0.405289966
7280,728,0.51455335,1,1.18934911,0.519065832,66.0488092,60.3764357,1,0.519632744,66.0488092,60.3764357,0.450946824
7290,729,0.527968252,1,1.19526627,0.517039738,60.9402621,63.4980912,1,0.628516535,60.9402621,63.4980912,0.460524442
7300,730,0.536660015,1,1.15384615,0.516532118,58.7039068,58.011202,1,0.649902825,58.7039068,58.011202,0.4557797
7310,731,0.533022765,1,1.21893491,0.510053572,64.2355188,56.3488371,1,0.582219558,64.2355188,56.3488371,0.444307776
7320,732,0.527571083,1,1.20710059,0.516524783,65.4124134,61.8564194,1,0.51044437,65.4124134,61.8564194,0.433224758
7330,733,0.524280459,1,1.16568047,0.516521211,59.9900476,63.0384372,1,0.509774736,59.9900476,63.0384372,0.426900326
7340,734,0.518604012,1,1.18343195,0.517716404,59.2072228,57.3592555,1,0.508124097,59.2072228,57.3592555,0.440990816
7350,735,0.50537861,1,1.10650888,0.510069676,65.2137919,56.7279886,1,0.479015023,65.2137919,56.7279886,0.464588445
7360,736,0.522886489,1,1.20118343,0.519682329,65.2086071,62.4923482,1,0.542274178,65.2086071,62.4923482,0.443412459
7370,737,0.524448875,1,1.15384615,0.518107563,59.3611541,61.8715105,1,0.610812428,59.3611541,61.8715105,0.452332197
7380,738,0.530369098,1,1.14201183,0.51221285,60.6853305,56.2766171,1,0.664867273,60.6853305,56.2766171,0.442266054
7390,739,0.534205815,1,1.27810651,0.516688703,65.8673091,58.4119507,1,0.519895784,65.8673091,58.4119507,0.431130007
7400,740,0.521466864,1,1.19526627,0.516740796,63.2922208,63.4817566,1,0.516156751,63.2922208,63.4817566,0.437407713
7410,741,0.508896512,1,1.15384615,0.507657015,58.0374644,60.5748915,1,0.501012129,58.0374644,60.5748915,0.461937836
7420,742,0.510629734,1,1.13609467,0.513597489,61.0252949,55.5789892,1,0.471969861,61.0252949,55.5789892,0.447783305
7430,743,0.512230141,1,1.0887574,0.517186529,65.8042873,58.4024988,1,0.476404961,65.8042873,58.4024988,0.426981799
7440,744,0.517863834,1,1.18343195,0.522929058,62.5516639,63.0358522,1,0.526142689,62.5516639,63.0358522,0.435465629
7450,745,0.533291421,1,1.16568047,0.522781508,58.2875384,58.9965951,1,0.646576366,58.2875384,58.9965951,0.451810061
7460,746,0.534660509,1,1.23668639,0.516996359,63.1061569,55.5816378,1,0.556426603,63.1061569,55.5816378,0.454308876
7470,747,0.519553004,1,1.21893491,0.508499969,66.0110742,60.8348053,1,0.49925567,66.0110742,60.8348053,0.461758367
7480,748,0.526180826,1,1.21893491,0.508695716,61.1269701,63.5783501,1,0.514712435,61.1269701,63.5783501,0.430916945
7490,749,0.533613122,1,1.20710059,0.520476961,58.6623439,58.838531,1,0.533914208,58.6623439,58.838531,0.410946859
7500,750,0.51835018,1,1.15976331,0.519809318,63.8378141,56.298861,1,0.484409802,63.8378141,56.298861,0.443462815
7510,751,0.509214626,1,1.07692308,0.51817637,66.1341085,61.5770398,1,0.467243911,66.1341085,61.5770398,0.442773264
7520,752,0.518954772,1,1.18934911,0.522553356,60.768772,63.195253,1,0.562084608,60.768772,63.195253,0.431081273
7530,753,0.524898303,1,1.17159763,0.515655929,59.802321,57.3500065,1,0.649181358,59.802321,57.3500065,0.45573878
7540,754,0.540722381,1,1.19526627,0.516465638,65.5674322,57.3264687,1,0.612595017,65.5674322,57.3264687,0.443473789
7550,755,0.531676822,1,1.24852071,0.513815908,65.127894,63.0527824,1,0.524303838,65.127894,63.0527824,0.441781376
7560,756,0.520473813,1,1.20118343,0.513594177,59.447882,62.0838973,1,0.508381209,59.447882,62.0838973,0.443234977
7570,757,0.518057507,1,1.14792899,0.515690122,60.4811257,56.4663832,1,0.506952962,60.4811257,56.4663832,0.43936518
7580,758,0.517176526,1,1.16568047,0.516994122,66.1331795,57.5429096,1,0.477571723,66.1331795,57.5429096,0.44258935
7590,759,0.513583991,1,1.15976331,0.51768087,64.6106031,63.1442597,1,0.499928965,64.6106031,63.1442597,0.446507572
7600,760,0.518869024,1,1.16568047,0.515007475,59.1821249,60.6444271,1,0.602897331,59.1821249,60.6444271,0.45972425
7610,761,0.529573589,1,1.14201183,0.515231668,62.3860044,55.6852178,1,0.66734742,62.3860044,55.6852178,0.454162867
7620,762,0.539080209,1,1.19526627,0.518691978,66.7294825,59.4466993,1,0.554849668,66.7294825,59.4466993,0.441986806
7630,763,0.532280215,1,1.22485207,0.516045172,62.7898021,63.5059193,1,0.519143278,62.7898021,63.5059193,0.435131404
7640,764,0.521974795,1,1.17159763,0.515114453,59.0053924,59.2656468,1,0.514280454,59.0053924,59.2656468,0.437188893
7650,765,0.509771941,1,1.11242604,0.512871655,63.7148283,55.5734746,1,0.50780972,63.7148283,55.5734746,0.460324828
7660,766,0.510304743,1,1.13609467,0.511508022,67.1056222,60.4033754,1,0.512638818,67.1056222,60.4033754,0.453946697
7670,767,0.505755184,1,1.15384615,0.512293154,61.9286221,63.4484904,1,0.529907063,61.9286221,63.4484904,0.462012937
7680,768,0.524389497,1,1.15384615,0.518276259,59.5684628,58.3176397,1,0.604481903,59.5684628,58.3176397,0.434434824
7690,769,0.535416758,1,1.1183432,0.514801298,65.1796509,56.6904681,1,0.660739595,65.1796509,56.6904681,0.449411974
7700,770,0.539272821,1,1.21301775,0.514758887,66.1612682,62.1713426,1,0.56559373,66.1612682,62.1713426,0.428314143
7710,771,0.531778306,1,1.22485207,0.516837132,60.6347796,62.8626531,1,0.516582082,60.6347796,62.8626531,0.428427606
7720,772,0.519840364,1,1.16568047,0.516842878,60.2182379,57.1208541,1,0.508754708,60.2182379,57.1208541,0.442837561
7730,773,0.515046351,1,1.13017751,0.515714191,66.1389183,56.9523255,1,0.50576825,66.1389183,56.9523255,0.455621421
7740,774,0.511201267,1,1.06508876,0.513434559,65.9794636,62.9435098,1,0.505311157,65.9794636,62.9435098,0.461023528
7750,775,0.510770115,1,1.15976331,0.513539834,60.0907739,62.3407528,1,0.542026266,60.0907739,62.3407528,0.455342921
7760,776,0.534063749,1,1.16568047,0.521028373,61.5172288,56.6539444,1,0.646108362,61.5172288,56.6539444,0.450998648
7770,777,0.535385777,1,1.17751479,0.51537347,67.0159747,58.6653929,1,0.651577397,67.0159747,58.6653929,0.450391884
7780,778,0.537436323,1,1.17751479,0.509974432,64.6393225,63.700819,1,0.605218787,64.6393225,63.700819,0.428317139
7790,779,0.528059366,1,1.20710059,0.519516847,59.9670633,60.7256359,1,0.504996396,59.9670633,60.7256359,0.426085251
7800,780,0.522932846,1,1.19526627,0.517394225,62.837403,55.9342733,1,0.507877121,62.837403,55.9342733,0.429641419
7810,781,0.514164495,1,1.14201183,0.518576141,67.6295759,59.1796404,1,0.499528151,67.6295759,59.1796404,0.445206746
7820,782,0.513640859,1,1.13017751,0.515732646,63.9712561,63.7633019,1,0.517768775,63.9712561,63.7633019,0.451121258
7830,783,0.513150846,1,1.14792899,0.512789936,59.713071,59.547571,1,0.564241811,59.713071,59.547571,0.460926051
7840,784,0.528622005,1,1.16568047,0.515403037,64.3860102,56.0097585,1,0.656561238,64.3860102,56.0097585,0.450853741
7850,785,0.538891686,1,1.19526627,0.516672728,67.2835496,60.8033139,1,0.651427122,67.2835496,60.8033139,0.430864742
7860,786,0.530361235,1,1.19526627,0.512754955,62.1008373,63.139477,1,0.524805074,62.1008373,63.139477,0.437300525
7870,787,0.52246527,1,1.20710059,0.516999111,60.1521496,57.8231263,1,0.516350359,60.1521496,57.8231263,0.435556968
7880,788,0.517070505,1,1.15384615,0.516220406,65.7226338,56.0031819,1,0.509409309,65.7226338,56.0031819,0.45078821
7890,789,0.512047318,1,1.10059172,0.515283301,67.3067539,61.6406785,1,0.494774043,67.3067539,61.6406785,0.450448854
7900,790,0.518558404,1,1.17159763,0.519041343,61.6150045,62.8222004,1,0.524879723,61.6150045,62.8222004,0.4471607
7910,791,0.517733348,1,1.18343195,0.515490924,60.967673,56.9205368,1,0.585717966,60.967673,56.9205368,0.456696856
7920,792,0.521032068,1,1.13609467,0.511015766,66.7725742,57.0444643,1,0.652836958,66.7725742,57.0444643,0.446632611
7930,793,0.539922954,1,1.20118343,0.51696213,65.7813907,62.5090658,1,0.578632148,65.7813907,62.5090658,0.427212754
7940,794,0.526465614,1,1.21893491,0.515593272,60.3494555,61.0768265,1,0.520442045,60.3494555,61.0768265,0.432121703
7950,795,0.515659274,1,1.19526627,0.514269724,62.2106546,55.4939506,1,0.507131059,62.2106546,55.4939506,0.452687997
7960,796,0.513118979,1,1.13017751,0.51390005,67.7866308,57.5260674,1,0.501421052,67.7866308,57.5260674,0.456517626
7970,797,0.508774823,1,1.12426036,0.514675557,65.7216986,63.0556939,1,0.470492816,65.7216986,63.0556939,0.454046332
7980,798,0.517689187,1,1.14792899,0.522448681,60.5764258,60.748133,1,0.526541683,60.5764258,60.748133,0.43377161
7990,799,0.517652295,1,1.18343195,0.516858474,63.6168132,55.7635601,1,0.606952081,63.6168132,55.7635601,0.449127507
8000,800,0.5447394,1,1.18934911,0.521579188,67.9127133,59.5175929,1,0.634640197,67.9127133,59.5175929,0.438849496
8010,801,0.532729485,1,1.21893491,0.513472688,63.7421613,63.5093997,1,0.544402366,63.7421613,63.5093997,0.44408023
8020,802,0.530565364,1,1.22485207,0.519446915,60.2426621,59.0812876,1,0.520750822,60.2426621,59.0812876,0.434153407
8030,803,0.519487901,1,1.13017751,0.517767632,64.8513663,55.63762,1,0.499723038,64.8513663,55.63762,0.442551779
8040,804,0.52235699,1,1.17159763,0.522220563,68.067926,60.1176535,1,0.495818019,68.067926,60.1176535,0.424242847
8050,805,0.507048318,1,1.13017751,0.514746072,62.9243317,63.1987522,1,0.515766687,62.9243317,63.1987522,0.461216111
8060,806,0.518104618,1,1.15976331,0.513630976,60.3902374,57.9297248,1,0.569429682,60.3902374,57.9297248,0.449748673
8070,807,0.521806232,1,1.15976331,0.516028283,66.0422042,56.0698951,1,0.633472736,66.0422042,56.0698951,0.45770003
8080,808,0.538161947,1,1.15384615,0.5154487,67.1507564,61.582898,1,0.663299846,67.1507564,61.582898,0.43256555
8090,809,0.532681426,1,1.25443787,0.513877483,61.502415,62.0908002,1,0.523083148,61.502415,62.0908002,0.436240837
8100,810,0.524860944,1,1.20118343,0.515913949,61.2796,56.5432833,1,0.51545183,61.2796,56.5432833,0.427076133
8110,811,0.514512763,1,1.15384615,0.514753672,67.1206246,56.7586475,1,0.519923848,67.1206246,56.7586475,0.449614891
8120,812,0.5062005,1,1.1183432,0.511516936,66.7078623,62.7314836,1,0.491974949,66.7078623,62.7314836,0.46054473
8130,813,0.513433445,1,1.10059172,0.51461954,60.9581482,61.8998019,1,0.515821547,60.9581482,61.8998019,0.446888702
8140,814,0.521936452,1,1.21893491,0.517870508,62.6168045,56.2072658,1,0.610028708,62.6168045,56.2072658,0.456096821
8150,815,0.523522977,1,1.13609467,0.510708052,67.9654338,58.3515494,1,0.659384281,67.9654338,58.3515494,0.443265102
8160,816,0.539460633,1,1.20710059,0.515877153,65.0733742,63.218818,1,0.585139891,65.0733742,63.218818,0.435511747
8170,817,0.528618614,1,1.23668639,0.516326234,60.5630796,60.046915,1,0.515911622,60.5630796,60.046915,0.424150569
8180,818,0.524631345,1,1.17159763,0.517971415,63.9148611,55.6589222,1,0.516483547,63.9148611,55.6589222,0.424744407
8190,819,0.51919365,1,1.16568047,0.520241135,68.2840571,59.3133108,1,0.515975155,68.2840571,59.3133108,0.43815394
8200,820,0.498753119,1,1.08284024,0.506682797,64.002724,63.7255218,1,0.520606772,64.002724,63.7255218,0.47292004
8210,821,0.515101515,1,1.15976331,0.511531119,60.3338123,59.0919224,1,0.562248666,60.3338123,59.0919224,0.454635278
8220,822,0.514479851,1,1.12426036,0.513327384,65.1896239,55.8178151,1,0.590823703,65.1896239,55.8178151,0.450500608
8230,823,0.539928218,1,1.20710059,0.514921899,67.5444524,61.0559486,1,0.637340784,67.5444524,61.0559486,0.441777335
8240,824,0.534850301,1,1.23668639,0.512904988,62.388059,62.916286,1,0.550443032,62.388059,62.916286,0.421670722
8250,825,0.523904814,1,1.19526627,0.518373557,61.0039078,57.5100569,1,0.512295324,61.0039078,57.5100569,0.429277553
8260,826,0.517154749,1,1.13609467,0.514168376,66.6301294,56.1886771,1,0.509942533,66.6301294,56.1886771,0.444562243
8270,827,0.518017137,1,1.13609467,0.517906135,67.7432784,61.8509048,1,0.489621913,67.7432784,61.8509048,0.44389297
8280,828,0.515211511,1,1.13017751,0.516350382,61.9367506,62.7106231,1,0.494707564,61.9367506,62.7106231,0.451525235
8290,829,0.523335082,1,1.17751479,0.52115207,61.6772073,56.8624194,1,0.566446022,61.6772073,56.8624194,0.450304621
8300,830,0.524571426,1,1.14792899,0.514852946,67.5634213,57.2494051,1,0.638395009,67.5634213,57.2494051,0.453763176
8310,831,0.537559397,1,1.15384615,0.513664387,66.3613347,62.8031091,1,0.648888846,66.3613347,62.8031091,0.437100718
8320,832,0.532531067,1,1.21301775,0.514491502,61.0609481,61.1041968,1,0.523293422,61.0609481,61.1041968,0.428154157
8330,833,0.511639976,1,1.20710059,0.511918898,63.4771655,55.6958584,1,0.506477658,63.4771655,55.6958584,0.455656308
8340,834,0.509305396,1,1.11242604,0.507430297,68.7798728,58.2375165,1,0.503298487,68.7798728,58.2375165,0.452336024
8350,835,0.510708852,1,1.12426036,0.513993235,66.167968,63.4798845,1,0.46444843,66.167968,63.4798845,0.450538589
8360,836,0.512644949,1,1.12426036,0.519213989,61.2852211,60.8970607,1,0.486323684,61.2852211,60.8970607,0.424906504
8370,837,0.515211694,1,1.16568047,0.523700306,64.3564219,56.1339753,1,0.558528798,64.3564219,56.1339753,0.435952721
8380,838,0.545158057,1,1.19526627,0.523239285,68.5912652,60.0997557,1,0.658308261,68.5912652,60.0997557,0.44629515
8390,839,0.528804515,1,1.24260355,0.513081275,63.9770388,63.7073645,1,0.525751304,63.9770388,63.7073645,0.450548161
8400,840,0.51502726,1,1.20118343,0.506494126,60.7126804,58.7233144,1,0.509793551,60.7126804,58.7233144,0.458301412
8410,841,0.522584714,1,1.20710059,0.511532768,65.4449925,55.6377967,1,0.516262659,65.4449925,55.6377967,0.434565673
8420,842,0.520971828,1,1.17751479,0.516913013,68.4497257,60.3360352,1,0.494215441,68.4497257,60.3360352,0.428992671
8430,843,0.517794277,1,1.13609467,0.52372928,63.6600802,63.1443274,1,0.476921325,63.6600802,63.1443274,0.427094279
8440,844,0.516656714,1,1.20710059,0.520251477,61.235252,57.824166,1,0.555650637,61.235252,57.824166,0.44974621
8450,845,0.521064284,1,1.13609467,0.509790612,67.1430637,56.3660864,1,0.654525733,67.1430637,56.3660864,0.468083309
8460,846,0.537452187,1,1.15976331,0.513685467,67.8026881,61.9830178,1,0.657364845,67.8026881,61.9830178,0.435040795
8470,847,0.5352219,1,1.23668639,0.513403048,62.0617044,62.0756675,1,0.543674902,62.0617044,62.0756675,0.441671641
8480,848,0.52527534,1,1.18934911,0.517684071,62.3662236,56.4768299,1,0.507655453,62.3662236,56.4768299,0.431316368
8490,849,0.529117891,1,1.21301775,0.515548943,67.8139357,56.5952283,1,0.520955537,67.8139357,56.5952283,0.419153732
8500,850,0.518857348,1,1.15384615,0.520725208,67.3000756,62.2027239,1,0.492798785,67.3000756,62.2027239,0.433153148
8510,851,0.518448507,1,1.13609467,0.520479145,61.5612378,61.4155695,1,0.506664484,61.5612378,61.4155695,0.445582331
8520,852,0.520644749,1,1.18343195,0.519454485,63.19299,55.591721,1,0.585257354,63.19299,55.591721,0.465240451
8530,853,0.518499442,1,1.15384615,0.509628223,68.731817,57.8587341,1,0.63900611,68.731817,57.8587341,0.46037001
8540,854,0.529932145,1,1.14792899,0.508737548,65.7875641,62.885454,1,0.653507824,65.7875641,62.885454,0.448115962
8550,855,0.535608932,1,1.20710059,0.512028701,61.3114809,59.678329,1,0.540243938,61.3114809,59.678329,0.423572943
8560,856,0.521906027,1,1.16568047,0.515927557,65.0254776,55.356889,1,0.512569132,65.0254776,55.356889,0.438317219
8570,857,0.521343926,1,1.18343195,0.520383546,69.2747238,59.1500267,1,0.498385042,69.2747238,59.1500267,0.438150944
8580,858,0.520398613,1,1.18934911,0.522666589,65.6185503,63.3309268,1,0.498860397,65.6185503,63.3309268,0.427235024
8590,859,0.50277814,1,1.12426036,0.512030377,61.4893459,58.9816021,1,0.514769997,61.4893459,58.9816021,0.461326581
8600,860,0.52075878,1,1.17751479,0.516371658,66.3777868,55.6991712,1,0.609639806,66.3777868,55.6991712,0.452940472
8610,861,0.536017103,1,1.20118343,0.51665875,68.7735322,61.1667122,1,0.630783193,68.7735322,61.1667122,0.45918374
8620,862,0.533208675,1,1.20710059,0.510190296,63.3330918,62.8785047,1,0.567357143,63.3330918,62.8785047,0.438722095
8630,863,0.528201405,1,1.23076923,0.517156062,62.0996101,57.3998744,1,0.516682164,62.0996101,57.3998744,0.431982271
8640,864,0.522643062,1,1.15384615,0.515621422,67.607873,56.2385595,1,0.517950992,67.607873,56.2385595,0.433027133
8650,865,0.522135573,1,1.15976331,0.519965091,68.663135,61.6732095,1,0.491517826,68.663135,61.6732095,0.425857987
8660,866,0.516515416,1,1.13017751,0.518282095,62.89487,62.4495742,1,0.489466515,62.89487,62.4495742,0.447713608
8670,867,0.519938662,1,1.19526627,0.517553906,62.6798629,56.5733053,1,0.541865464,62.6798629,56.5733053,0.452323159
8680,868,0.530286843,1,1.17159763,0.520150011,68.5274004,57.0496238,1,0.623494298,68.5274004,57.0496238,0.451300385
8690,869,0.531167932,1,1.13609467,0.512568623,67.4467123,62.7497514,1,0.661202781,67.4467123,62.7497514,0.446282085
8700,870,0.540938249,1,1.21893491,0.516390354,62.129568,61.0544239,1,0.575045783,62.129568,61.0544239,0.42929803
8710,871,0.521162225,1,1.20710059,0.514825815,64.3720741,55.8822257,1,0.512617544,64.3720741,55.8822257,0.433647443
8720,872,0.512846,1,1.20710059,0.512049711,69.6564489,58.5931259,1,0.5146124,69.6564489,58.5931259,0.456858298
8730,873,0.503665524,1,1.09467456,0.507314871,66.6420551,63.836251,1,0.496011675,66.6420551,63.836251,0.465222034
8740,874,0.508990673,1,1.0887574,0.512006515,61.6658872,60.8297753,1,0.469410883,61.6658872,60.8297753,0.447221155
8750,875,0.516785766,1,1.18934911,0.522737421,64.9335451,56.2206158,1,0.534440163,64.9335451,56.2206158,0.434611569
8760,876,0.517346478,1,1.17159763,0.519836385,69.2913555,59.9358244,1,0.607310468,69.2913555,59.9358244,0.440503245
8770,877,0.542177842,1,1.19526627,0.51664479,64.743366,63.552277,1,0.612955911,64.743366,63.552277,0.446968342
8780,878,0.528764709,1,1.20710059,0.512861994,61.7392324,58.6403695,1,0.536566622,61.7392324,58.6403695,0.442903635
8790,879,0.524265001,1,1.20118343,0.51765584,66.787561,56.0109148,1,0.511831283,66.787561,56.0109148,0.437851497
8800,880,0.518259559,1,1.15976331,0.513118961,69.4238159,61.1037909,1,0.511354421,69.4238159,61.1037909,0.441133744
8810,881,0.520920896,1,1.14201183,0.520127571,64.2205137,63.4182243,1,0.494302396,64.2205137,63.4182243,0.438062948
8820,882,0.505750175,1,1.1183432,0.514342561,61.8920168,57.9808134,1,0.470133339,61.8920168,57.9808134,0.455000719
8830,883,0.510487569,1,1.16568047,0.52279436,67.2433168,56.3051161,1,0.530128458,67.2433168,56.3051161,0.431348329
8840,884,0.527727381,1,1.14201183,0.51562632,68.0766727,62.1721826,1,0.659580996,68.0766727,62.1721826,0.455842751
8850,885,0.523047663,1,1.20118343,0.509059755,62.1153504,61.6289167,1,0.543077448,62.1153504,61.6289167,0.460463503
8860,886,0.515121435,1,1.21301775,0.508144151,63.3066022,55.8958383,1,0.499382204,63.3066022,55.8958383,0.450425626
8870,887,0.525347376,1,1.20710059,0.51359302,68.7541179,56.9279972,1,0.513578639,68.7541179,56.9279972,0.426495135
8880,888,0.527354027,1,1.21893491,0.515281538,67.9987137,62.2809882,1,0.520000696,67.9987137,62.2809882,0.415848368
8890,889,0.520416964,1,1.16568047,0.522561487,62.7033136,61.4065032,1,0.457104162,62.7033136,61.4065032,0.412855451
8900,890,0.518767065,1,1.15976331,0.524677522,63.6313308,56.1368116,1,0.478666376,63.6313308,56.1368116,0.411598597
8910,891,0.518602515,1,1.16568047,0.518221975,69.143272,57.9157517,1,0.560016472,69.143272,57.9157517,0.445530894
8920,892,0.537356132,1,1.16568047,0.520396405,66.3244487,62.9741349,1,0.663546425,66.3244487,62.9741349,0.445443767
8930,893,0.533874737,1,1.15976331,0.514427076,61.6119206,59.5387581,1,0.604974455,61.6119206,59.5387581,0.448598968
8940,894,0.532739967,1,1.22485207,0.51593806,65.4765587,55.3972689,1,0.523725125,65.4765587,55.3972689,0.435736202
8950,895,0.52822211,1,1.20118343,0.514478314,69.5831133,59.3620463,1,0.510616556,69.5831133,59.3620463,0.439090307
8960,896,0.527739674,1,1.18343195,0.522103532,65.6927632,63.2463491,1,0.5110797,65.6927632,63.2463491,0.422885491
8970,897,0.514174967,1,1.14792899,0.516512568,61.7846845,59.081188,1,0.497665277,61.7846845,59.081188,0.439348941
8980,898,0.512072944,1,1.16568047,0.518529312,66.5852224,55.6103429,1,0.530526408,66.5852224,55.6103429,0.455680321
8990,899,0.517291521,1,1.14792899,0.512614892,69.6465206,60.6530061,1,0.582451335,69.6465206,60.6530061,0.453780951
9000,900,0.525340451,1,1.14792899,0.513393657,64.1492489,62.917182,1,0.649765125,64.1492489,62.917182,0.457330102
9010,901,0.539836043,1,1.23076923,0.51694575,62.768361,57.3933718,1,0.57590372,62.768361,57.3933718,0.437984424
9020,902,0.533433437,1,1.23668639,0.508422204,68.2512199,56.2368783,1,0.550376038,68.2512199,56.2368783,0.431038506
9030,903,0.522187954,1,1.18343195,0.517763231,68.736916,61.8518672,1,0.512293525,68.736916,61.8518672,0.433535087
9040,904,0.512784027,1,1.14201183,0.513808181,62.8688626,62.3319177,1,0.498519758,62.8688626,62.3319177,0.452896661
9050,905,0.518939702,1,1.12426036,0.519287214,62.6172005,56.7072045,1,0.487065375,62.6172005,56.7072045,0.433103104
9060,906,0.520507349,1,1.17751479,0.521241481,68.4786766,57.0119047,1,0.531495435,68.4786766,57.0119047,0.451491574
9070,907,0.523727611,1,1.15976331,0.516219806,67.586716,62.82114,1,0.603048777,67.586716,62.82114,0.452101003
9080,908,0.537523093,1,1.17159763,0.518854219,62.0314247,61.1777021,1,0.662070888,62.0314247,61.1777021,0.445637299
9090,909,0.537940008,1,1.18343195,0.513469925,64.2187978,55.9191523,1,0.585554083,64.2187978,55.9191523,0.438103413
9100,910,0.530673487,1,1.25443787,0.513823031,69.1745519,58.4286089,1,0.513354336,69.1745519,58.4286089,0.427299698
9110,911,0.521111471,1,1.18343195,0.518573003,66.2512895,63.2476693,1,0.515220776,66.2512895,63.2476693,0.433567877
9120,912,0.503967858,1,1.15976331,0.508637395,61.1904926,59.7777961,1,0.513941803,61.1904926,59.7777961,0.472007459
9130,913,0.504702223,1,1.0887574,0.50485725,65.0589758,55.1282704,1,0.501724364,65.0589758,55.1282704,0.465262232
9140,914,0.504342838,1,1.16568047,0.513059084,69.4201657,59.0396602,1,0.489805917,69.4201657,59.0396602,0.450633659
9150,915,0.520360461,1,1.11242604,0.519754626,65.1443828,62.7670028,1,0.609452369,65.1443828,62.7670028,0.436333577
9160,916,0.534205434,1,1.18934911,0.51544963,62.0241276,58.0892387,1,0.666490689,62.0241276,58.0892387,0.432533949
9170,917,0.533408063,1,1.23076923,0.519189793,67.0267949,55.6921596,1,0.518565495,67.0267949,55.6921596,0.426716293
9180,918,0.520672781,1,1.19526627,0.512992381,69.1932446,60.9892994,1,0.510179342,69.1932446,60.9892994,0.4402339
9190,919,0.518266431,1,1.16568047,0.517014502,63.7110019,62.9633374,1,0.511890954,63.7110019,62.9633374,0.448216793
9200,920,0.51510773,1,1.10650888,0.513716545,61.7258915,57.5373054,1,0.491911166,61.7258915,57.5373054,0.444442917
9210,921,0.520128216,1,1.10650888,0.521330939,67.2445891,55.9857138,1,0.49438652,67.2445891,55.9857138,0.440974308
9220,922,0.506463771,1,1.17159763,0.514989472,68.5785303,61.7946413,1,0.51826425,68.5785303,61.7946413,0.45847082
9230,923,0.52041393,1,1.13609467,0.517972289,62.8619939,62.1652989,1,0.621925661,62.8619939,62.1652989,0.440656962
9240,924,0.538638984,1,1.18934911,0.514707466,63.3009861,56.4346329,1,0.62439338,63.3009861,56.4346329,0.442111975
9250,925,0.518492368,1,1.20118343,0.51173784,68.9792215,57.8770743,1,0.510660676,68.9792215,57.8770743,0.450660232
9260,926,0.512444637,1,1.18343195,0.508712041,67.2154517,63.4378228,1,0.509956376,67.2154517,63.4378228,0.448751111
9270,927,0.514637304,1,1.15976331,0.514319413,61.6709001,61.6507301,1,0.489114015,61.6709001,61.6507301,0.448110778
9280,928,0.51958215,1,1.17751479,0.517114142,63.0387823,56.4975662,1,0.477391966,63.0387823,56.4975662,0.410124821
9290,929,0.515257814,1,1.13017751,0.526467538,68.3678397,58.020891,1,0.452751179,68.3678397,58.020891,0.426346601
9300,930,0.507814138,1,1.15976331,0.520991545,66.5689935,63.2419535,1,0.507534491,66.5689935,63.2419535,0.424789131
9310,931,0.527444937,1,1.17159763,0.516961766,61.5880346,60.2886018,1,0.639149823,61.5880346,60.2886018,0.445438673
9320,932,0.538901046,1,1.23076923,0.518930708,65.5052168,56.047318,1,0.546950943,65.5052168,56.047318,0.444112066
9330,933,0.524495175,1,1.23668639,0.505233552,69.6261678,60.2242401,1,0.530419596,69.6261678,60.2242401,0.451355062
9340,934,0.527398453,1,1.22485207,0.514351688,65.2585528,63.8327584,1,0.51297948,65.2585528,63.8327584,0.435804807
9350,935,0.52031614,1,1.17751479,0.516490651,61.5925916,59.4421685,1,0.496825837,61.5925916,59.4421685,0.439987565
9360,936,0.524405191,1,1.20710059,0.519049329,65.5886163,56.0123032,1,0.513582491,65.5886163,56.0123032,0.405087392
9370,937,0.517603637,1,1.14201183,0.520447158,69.044714,60.6546305,1,0.483013961,69.044714,60.6546305,0.44519668
9380,938,0.517376211,1,1.13609467,0.520630603,64.2252678,63.8033647,1,0.52102485,64.2252678,63.8033647,0.442836398
9390,939,0.533835754,1,1.18343195,0.521707112,61.8789567,58.3450276,1,0.645650544,61.8789567,58.3450276,0.45702032
9400,940,0.535340744,1,1.14792899,0.513612548,67.4036774,56.7293316,1,0.662851185,67.4036774,56.7293316,0.442779097
9410,941,0.536597654,1,1.16568047,0.510282017,68.5189754,62.280442,1,0.617655635,68.5189754,62.280442,0.435541673
9420,942,0.532295683,1,1.23668639,0.519048711,63.0525462,62.9459814,1,0.51371725,63.0525462,62.9459814,0.423599612
9430,943,0.519887435,1,1.20118343,0.513754721,62.584451,57.29398,1,0.519350195,62.584451,57.29398,0.436257842
9440,944,0.517948546,1,1.15976331,0.51842979,68.3460353,57.151682,1,0.498280334,68.3460353,57.151682,0.443333943
9450,945,0.511240126,1,1.06508876,0.512063177,68.1146478,63.1826684,1,0.51104799,68.1146478,63.1826684,0.464263343
9460,946,0.503852362,1,1.15384615,0.511698843,62.2367472,62.6641184,1,0.512522768,62.2367472,62.6641184,0.453902275
9470,947,0.52018722,1,1.17751479,0.522359459,63.2746635,57.1466408,1,0.578865113,63.2746635,57.1466408,0.43186557
9480,948,0.539818809,1,1.19526627,0.519043207,68.7510543,59.1874141,1,0.646752258,68.7510543,59.1874141,0.449560021
9490,949,0.537359725,1,1.21301775,0.509104706,66.4113558,64.2515391,1,0.583139444,66.4113558,64.2515391,0.429114615
9500,950,0.52115557,1,1.18934911,0.514654165,61.6411401,61.1444915,1,0.517569779,61.6411401,61.1444915,0.437912634
9510,951,0.514556399,1,1.18343195,0.513666117,65.0267011,56.4040492,1,0.514460476,65.0267011,56.4040492,0.448098003
9520,952,0.50945219,1,1.1183432,0.512503119,69.6137522,60.1546667,1,0.497762868,69.6137522,60.1546667,0.455785751
9530,953,0.51267888,1,1.15976331,0.515301019,65.5229622,64.4257871,1,0.517989486,65.5229622,64.4257871,0.454933718
9540,954,0.523542702,1,1.18343195,0.518985663,61.8648445,59.7744885,1,0.612017611,61.8648445,59.7744885,0.455189687
9550,955,0.532274071,1,1.16568047,0.515460384,66.7981184,56.7885382,1,0.666005605,66.7981184,56.7885382,0.443580715
9560,956,0.535827376,1,1.20710059,0.514407619,69.0391946,62.1019171,1,0.575305037,69.0391946,62.1019171,0.443589573
9570,957,0.526997025,1,1.19526627,0.511956883,63.6994858,63.8710355,1,0.515566738,63.6994858,63.8710355,0.432703554
9580,958,0.528602794,1,1.21893491,0.519762129,62.0360068,58.7054848,1,0.522773927,62.0360068,58.7054848,0.417445578
9590,959,0.524352148,1,1.18934911,0.523335406,67.3259755,57.1098156,1,0.501967256,67.3259755,57.1098156,0.425029965
9600,960,0.512461804,1,1.10650888,0.515294913,68.7255191,62.8797754,1,0.496647513,68.7255191,62.8797754,0.456712973
9610,961,0.514446877,1,1.13017751,0.514429372,62.9181033,63.9021958,1,0.521880576,62.9181033,63.9021958,0.453594602
9620,962,0.52701943,1,1.17159763,0.519124298,62.6685521,57.9719167,1,0.605657298,62.6685521,57.9719167,0.456579038
9630,963,0.519759909,1,1.15976331,0.513047482,68.4256793,58.2284596,1,0.640366435,68.4256793,58.2284596,0.443295399
9640,964,0.53842437,1,1.21893491,0.512682802,67.2484515,63.8318863,1,0.580066112,67.2484515,63.8318863,0.440442592
9650,965,0.515355957,1,1.21301775,0.511974617,61.7483664,61.860994,1,0.507081939,61.7483664,61.860994,0.449426673
9660,966,0.513531954,1,1.18934911,0.509879737,63.9950022,56.533815,1,0.511139824,63.9950022,56.533815,0.44473387
9670,967,0.514163585,1,1.14792899,0.514329358,69.2730093,59.0293746,1,0.491510869,69.2730093,59.0293746,0.449096248
9680,968,0.510024689,1,1.14201183,0.514052156,66.4196374,64.1722744,1,0.502879067,66.4196374,64.1722744,0.452417234
9690,969,0.51754679,1,1.17751479,0.521378008,61.6999939,60.9670723,1,0.560626182,61.6999939,60.9670723,0.438855124
9700,970,0.530525513,1,1.16568047,0.514844463,65.6965468,56.6223594,1,0.660286898,65.6965468,56.6223594,0.4541001
9710,971,0.537054283,1,1.18343195,0.510908697,69.208136,61.180422,1,0.588844838,69.208136,61.180422,0.442606542
9720,972,0.532622629,1,1.20710059,0.519518774,64.5398494,64.2319699,1,0.513943567,64.5398494,64.2319699,0.429013205
9730,973,0.522990892,1,1.16568047,0.517849398,61.6372808,59.3728785,1,0.495404435,61.6372808,59.3728785,0.435385121
9740,974,0.519611412,1,1.15384615,0.51760552,66.7061482,56.6249997,1,0.50747647,66.7061482,56.6249997,0.443521773
9750,975,0.511205014,1,1.13017751,0.512549474,69.3738505,61.9385498,1,0.487183099,69.3738505,61.9385498,0.457355733
9760,976,0.508878313,1,1.10059172,0.517098509,64.0707541,64.2575421,1,0.484354395,64.0707541,64.2575421,0.445228195
9770,977,0.508098704,1,1.15976331,0.519098371,62.1559273,58.9007654,1,0.543216444,62.1559273,58.9007654,0.437594405
9780,978,0.539693702,1,1.18934911,0.520461231,67.9738872,58.1778515,1,0.634707331,67.9738872,58.1778515,0.450976993
9790,979,0.531695127,1,1.20118343,0.50983645,68.0293483,63.8622586,1,0.556519795,68.0293483,63.8622586,0.43728289
9800,980,0.524633049,1,1.21301775,0.516239272,62.3474989,63.4309775,1,0.510713373,62.3474989,63.4309775,0.438322626
9810,981,0.527432999,1,1.20710059,0.515764141,62.6466572,57.9713878,1,0.516620341,62.6466572,57.9713878,0.420598439
9820,982,0.524087641,1,1.15384615,0.524603459,68.2042294,58.5178654,1,0.491853082,68.2042294,58.5178654,0.42956733
9830,983,0.518717872,1,1.11242604,0.521662125,67.4638895,64.2932581,1,0.506561452,67.4638895,64.2932581,0.447896219
9840,984,0.518670298,1,1.15384615,0.517991684,61.6389605,62.725053,1,0.569715012,61.6389605,62.725053,0.464025771
9850,985,0.518068586,1,1.17751479,0.507873535,63.9017405,57.0866718,1,0.646323307,63.9017405,57.0866718,0.467344985
9860,986,0.528731364,1,1.16568047,0.507972543,68.9932566,59.9178704,1,0.661714444,68.9932566,59.9178704,0.448133681
9870,987,0.538437339,1,1.20710059,0.51098839,65.9499834,64.4918618,1,0.599535171,65.9499834,64.4918618,0.422607498
9880,988,0.53294975,1,1.23076923,0.516756707,61.6627006,61.0967681,1,0.52506676,61.6627006,61.0967681,0.420674682
9890,989,0.521557609,1,1.18343195,0.518666156,65.2660586,56.8780048,1,0.519029915,65.2660586,56.8780048,0.426782048
9900,990,0.511518382,1,1.1183432,0.519064333,69.5133285,60.936286,1,0.507578332,69.5133285,60.936286,0.451879358
9910,991,0.505707741,1,1.07100592,0.507678743,65.2472898,65.0817663,1,0.502720794,65.2472898,65.0817663,0.457573306
9920,992,0.509395495,1,1.16568047,0.515083264,61.5878866,60.4817866,1,0.537985372,61.5878866,60.4817866,0.452154897
9930,993,0.527840857,1,1.14201183,0.516967837,66.546019,57.4418901,1,0.63903158,66.546019,57.4418901,0.447372657
9940,994,0.536768666,1,1.16568047,0.514437269,68.8898908,62.5919161,1,0.665389319,68.8898908,62.5919161,0.435254819
9950,995,0.53245294,1,1.23076923,0.519290649,63.4698617,64.2279935,1,0.509476168,63.4698617,64.2279935,0.435505995
9960,996,0.514678544,1,1.17159763,0.510168929,62.1690635,58.4987439,1,0.513490655,62.1690635,58.4987439,0.451927997
9970,997,0.516282335,1,1.17751479,0.514907802,67.9191331,57.4548085,1,0.503793696,67.9191331,57.4548085,0.4495435
9980,998,0.515024325,1,1.0887574,0.515108807,68.9586547,63.0800761,1,0.46842332,68.9586547,63.0800761,0.440039266
9990,999,0.522443743,1,1.14792899,0.524286808,63.3556904,63.5929323,1,0.525010553,63.3556904,63.5929323,0.432798999
10000,1000,0.514988289,1,1.13609467,0.515799944,63.4066107,57.5515184,1,0.58778516,63.4066107,57.5515184,0.464740652
10010,1001,0.534577929,1,1.18343195,0.516039,69.1488619,58.4850308,1,0.662438182,69.1488619,58.4850308,0.447510501
10020,1002,0.535551806,1,1.22485207,0.51826615,67.2150171,63.9983783,1,0.543565968,67.2150171,63.9983783,0.449435916
10030,1003,0.534119158,1,1.24260355,0.512509953,61.9919466,62.0414782,1,0.530090697,61.9919466,62.0414782,0.429048232
10040,1004,0.516723557,1,1.19526627,0.515129794,64.5398825,56.8448148,1,0.508069719,64.5398825,56.8448148,0.445206471
10050,1005,0.514163393,1,1.15384615,0.514617476,69.696429,59.5298338,1,0.508665496,69.696429,59.5298338,0.447208955
10060,1006,0.508993568,1,1.11242604,0.512007547,66.7353253,64.6580752,1,0.478214634,66.7353253,64.6580752,0.455518399
10070,1007,0.515729706,1,1.14792899,0.516239541,62.0869501,61.2074704,1,0.534795612,62.0869501,61.2074704,0.445317957
10080,1008,0.524169623,1,1.17159763,0.520513885,66.0344343,56.9597861,1,0.622087413,66.0344343,56.9597861,0.446057375
10090,1009,0.542771439,1,1.21301775,0.519590882,69.6861832,61.4193511,1,0.630451918,69.6861832,61.4193511,0.443379903
10100,1010,0.529732752,1,1.27810651,0.514274335,64.812015,64.4616229,1,0.529894031,64.812015,64.4616229,0.441976022
10110,1011,0.515949064,1,1.19526627,0.513498176,62.1283718,59.2094445,1,0.49609722,62.1283718,59.2094445,0.453698275
10120,1012,0.517985917,1,1.16568047,0.507301486,67.2229138,56.4954221,1,0.517868298,67.2229138,56.4954221,0.444028595
10130,1013,0.521935064,1,1.18343195,0.520447182,69.5887002,61.6286083,1,0.490057643,69.5887002,61.6286083,0.434779044
10140,1014,0.503627655,1,1.09467456,0.515580605,64.3508867,64.0954798,1,0.450655329,64.3508867,64.0954798,0.445358341
10150,1015,0.511548725,1,1.15976331,0.524157521,62.3956656,59.2317369,1,0.501036895,62.3956656,59.2317369,0.403233116
10160,1016,0.51819277,1,1.15384615,0.520267019,67.9241117,57.661394,1,0.591070119,67.9241117,57.661394,0.442088195
10170,1017,0.538239558,1,1.19526627,0.516034845,68.2835975,63.4898789,1,0.634600333,68.2835975,63.4898789,0.449196961
10180,1018,0.532896196,1,1.23076923,0.51652886,62.6667587,63.0378757,1,0.538924698,62.6667587,63.0378757,0.433461262
10190,1019,0.527206749,1,1.18934911,0.518751034,63.4232083,57.4741983,1,0.513021571,63.4232083,57.4741983,0.431912782
10200,1020,0.519547143,1,1.15384615,0.515885709,69.0922538,58.3243804,1,0.505564432,69.0922538,58.3243804,0.440957043
10210,1021,0.518359648,1,1.16568047,0.519290431,67.9436942,63.9129557,1,0.490035489,67.9436942,63.9129557,0.438875403
10220,1022,0.511962326,1,1.14792899,0.513381413,62.2413893,62.1626204,1,0.527742916,62.2413893,62.1626204,0.458837965
10230,1023,0.511883363,1,1.13609467,0.515992717,64.3907627,56.7433944,1,0.553147906,64.3907627,56.7433944,0.448454385
10240,1024,0.53311019,1,1.15384615,0.517810845,69.449886,59.7080387,1,0.652833485,69.449886,59.7080387,0.451059531
10250,1025,0.539804456,1,1.22485207,0.520817721,65.8026126,64.1019252,1,0.552356571,65.8026126,64.1019252,0.439262711
10260,1026,0.522519362,1,1.19526627,0.506892939,61.5434335,60.2561419,1,0.520991085,61.5434335,60.2561419,0.441424909
10270,1027,0.523583496,1,1.14201183,0.518109104,65.713192,56.5211161,1,0.508825315,65.713192,56.5211161,0.430613317
10280,1028,0.520064554,1,1.16568047,0.51984101,69.5978533,60.7717437,1,0.494786641,69.5978533,60.7717437,0.44294889
10290,1029,0.510162065,1,1.11242604,0.515105747,65.2516194,64.6092485,1,0.462326299,65.2516194,64.6092485,0.445995941
10300,1030,0.519722168,1,1.15976331,0.526031039,62.0428279,60.1235669,1,0.529179411,62.0428279,60.1235669,0.424247906
10310,1031,0.525303291,1,1.16568047,0.51902091,67.2474605,57.2623557,1,0.642515044,67.2474605,57.2623557,0.456865643
10320,1032,0.538396678,1,1.18934911,0.514815979,69.2151605,62.7894459,1,0.620774109,69.2151605,62.7894459,0.451300356
10330,1033,0.536039093,1,1.23668639,0.515859278,63.6046801,64.14163,1,0.561619421,63.6046801,64.14163,0.443932755
10340,1034,0.530302543,1,1.21301775,0.512235697,62.5087453,58.5884535,1,0.511949204,62.5087453,58.5884535,0.435406651
10350,1035,0.527077212,1,1.20118343,0.52253437,67.9453532,57.6893443,1,0.510833781,67.9453532,57.6893443,0.42388107
10360,1036,0.519607015,1,1.14792899,0.517552803,68.7248444,63.3308364,1,0.503300943,68.7248444,63.3308364,0.438083777
10370,1037,0.50911545,1,1.1183432,0.512794874,62.7093536,63.6266285,1,0.502371922,62.7093536,63.6266285,0.463289129
10380,1038,0.51468655,1,1.15384615,0.513074692,62.8630327,57.7149742,1,0.533494179,62.8630327,57.7149742,0.454896266
10390,1039,0.515576957,1,1.14792899,0.514038712,68.7338202,58.4354297,1,0.591892128,68.7338202,58.4354297,0.454986845
10400,1040,0.533540266,1,1.15976331,0.515504562,67.3419107,63.8916026,1,0.663014155,67.3419107,63.8916026,0.433147523
10410,1041,0.536914373,1,1.20118343,0.516192935,62.1420939,61.8233129,1,0.54581582,62.1420939,61.8233129,0.430466364
10420,1042,0.521941961,1,1.20710059,0.516875583,64.7436212,56.7537781,1,0.511642165,64.7436212,56.7537781,0.438313926
10430,1043,0.512161963,1,1.14201183,0.509221132,69.8771051,59.6087068,1,0.511560978,69.8771051,59.6087068,0.451842221
10440,1044,0.510414596,1,1.14792899,0.513292418,66.6922929,64.6074876,1,0.492324572,66.6922929,64.6074876,0.455932872
10450,1045,0.510901207,1,1.1183432,0.513930652,61.9284714,61.2127822,1,0.498196826,61.9284714,61.2127822,0.449970541
10460,1046,0.512628081,1,1.18934911,0.51733531,65.7420022,56.7708539,1,0.549576698,65.7420022,56.7708539,0.450336782
10470,1047,0.535945465,1,1.15976331,0.521039212,69.5348168,61.2374543,1,0.661160727,69.5348168,61.2374543,0.45074535
10480,1048,0.534061049,1,1.21301775,0.512724396,64.6168948,64.2903815,1,0.588192737,64.6168948,64.2903815,0.445266508
10490,1049,0.52773229,1,1.21301775,0.515242756,62.1826741,59.0944396,1,0.51220135,62.1826741,59.0944396,0.441375222
10500,1050,0.520944822,1,1.18343195,0.514465535,67.4784975,56.8116602,1,0.515997142,67.4784975,56.8116602,0.443605635
10510,1051,0.521427679,1,1.17751479,0.52058994,69.4586551,62.0943248,1,0.505828698,69.4586551,62.0943248,0.433968675
10520,1052,0.516568964,1,1.11242604,0.518090791,63.9807378,64.0262047,1,0.487163209,63.9807378,64.0262047,0.446814751
10530,1053,0.516371661,1,1.18343195,0.51730509,62.5014752,58.3241507,1,0.520269882,62.5014752,58.3241507,0.453139199
10540,1054,0.523250266,1,1.21301775,0.517487288,68.3189913,57.3980964,1,0.588766965,68.3189913,57.3980964,0.453135496
10550,1055,0.541168153,1,1.20118343,0.519817794,68.2465968,63.2426295,1,0.657389184,68.2465968,63.2426295,0.44961396
10560,1056,0.536065204,1,1.16568047,0.509880722,62.5425749,62.751071,1,0.637035386,62.5425749,62.751071,0.44039718
10570,1057,0.53044844,1,1.22485207,0.517360105,63.7126684,57.2400001,1,0.515367359,63.7126684,57.2400001,0.433378229
10580,1058,0.519911242,1,1.20118343,0.513566396,69.2208935,58.4492414,1,0.513417109,69.2208935,58.4492414,0.433799835
10590,1059,0.522492105,1,1.15384615,0.520713227,67.821349,63.8228531,1,0.493594123,67.821349,63.8228531,0.427144274
10600,1060,0.515625848,1,1.0887574,0.515973595,62.2298811,62.0267397,1,0.48978665,62.2298811,62.0267397,0.451758803
10610,1061,0.51619672,1,1.13017751,0.518799634,64.35428,56.4974799,1,0.530050509,64.35428,56.4974799,0.455640419
10620,1062,0.523019501,1,1.17159763,0.516736945,69.6209116,59.4038159,1,0.612515741,69.6209116,59.4038159,0.462717704
10630,1063,0.531774046,1,1.15976331,0.511655961,65.9554832,64.0868865,1,0.66230463,65.9554832,64.0868865,0.457459641
10640,1064,0.534644318,1,1.23668639,0.512354175,61.836282,60.1679134,1,0.583384189,61.836282,60.1679134,0.437354667
10650,1065,0.528302236,1,1.20710059,0.509570014,65.9560424,56.3451377,1,0.517601096,65.9560424,56.3451377,0.432318911
10660,1066,0.522866494,1,1.15384615,0.515341357,69.4897988,60.6715693,1,0.508887786,69.4897988,60.6715693,0.429706415
10670,1067,0.521324297,1,1.18934911,0.523995949,65.0482022,64.0871353,1,0.502657779,65.0482022,64.0871353,0.431001801
10680,1068,0.505233155,1,1.1183432,0.511923896,61.6039232,59.1719872,1,0.500879127,61.6039232,59.1719872,0.461677791
10690,1069,0.518773656,1,1.15384615,0.513706042,66.7047268,56.3089545,1,0.546131299,66.7047268,56.3089545,0.449951695
10700,1070,0.503534285,1,1.1183432,0.515082235,69.2853946,61.5819737,1,0.530686431,69.2853946,61.5819737,0.451588766
10710,1071,0.529362238,1,1.14201183,0.517965935,64.0045398,63.2934912,1,0.661252349,64.0045398,63.2934912,0.427021605
10720,1072,0.537515396,1,1.22485207,0.515164606,62.9022571,57.790873,1,0.568133417,62.9022571,57.790873,0.431687444
10730,1073,0.533822553,1,1.23668639,0.51641455,68.3618412,57.0639182,1,0.518277806,68.3618412,57.0639182,0.423674556
10740,1074,0.517830808,1,1.17159763,0.515959413,68.6815462,62.8903705,1,0.510096458,68.6815462,62.8903705,0.448862846
10750,1075,0.512471838,1,1.15384615,0.513589219,62.738577,62.9834603,1,0.501185686,62.738577,62.9834603,0.457207556
10760,1076,0.511579556,1,1.09467456,0.51247149,62.9903504,56.9869549,1,0.50491979,62.9903504,56.9869549,0.461676048
10770,1077,0.506639502,1,1.14792899,0.512520663,68.8631348,57.5964974,1,0.520133314,68.8631348,57.5964974,0.454179397
10780,1078,0.531224163,1,1.14792899,0.52252348,67.5066829,63.2096923,1,0.628474199,67.5066829,63.2096923,0.44421275
10790,1079,0.539474282,1,1.18934911,0.519349178,62.0458507,61.032549,1,0.630250531,62.0458507,61.032549,0.452217691
10800,1080,0.536910438,1,1.16568047,0.507264608,64.3865617,55.9998489,1,0.60441521,64.3865617,55.9998489,0.426954255
10810,1081,0.526225801,1,1.19526627,0.519440389,69.0990046,59.0556759,1,0.511042916,69.0990046,59.0556759,0.432039318
10820,1082,0.518216134,1,1.17159763,0.513398957,66.0263506,63.9315587,1,0.503097263,66.0263506,63.9315587,0.44332949
10830,1083,0.519892859,1,1.15384615,0.518580001,61.3381034,60.6181037,1,0.490882686,61.3381034,60.6181037,0.441612466
10840,1084,0.513339903,1,1.08284024,0.514281349,64.8476198,55.9404481,1,0.485605707,64.8476198,55.9404481,0.449833415
10850,1085,0.511924345,1,1.15384615,0.518411089,69.2358144,59.7289035,1,0.512198612,69.2358144,59.7289035,0.445945876
10860,1086,0.524403122,1,1.14201183,0.520762425,64.9181394,63.662841,1,0.616984232,64.9181394,63.662841,0.449313621
10870,1087,0.535452808,1,1.18343195,0.513667964,61.6802594,58.77363,1,0.648209745,61.6802594,58.77363,0.451088442
10880,1088,0.525842184,1,1.21301775,0.514362654,67.0227199,56.4428751,1,0.511807585,67.0227199,56.4428751,0.448365224
10890,1089,0.514905456,1,1.18934911,0.508322333,69.0510869,61.9983876,1,0.504546003,69.0510869,61.9983876,0.454939959
10900,1090,0.518542705,1,1.18343195,0.514682059,63.5917969,63.7984923,1,0.509194396,63.5917969,63.7984923,0.442185433
10910,1091,0.51962017,1,1.15384615,0.5164017,61.7931358,58.5600715,1,0.489862954,61.7931358,58.5600715,0.426047151
10920,1092,0.520473665,1,1.11242604,0.524014161,67.2568002,57.0406045,1,0.48267603,67.2568002,57.0406045,0.436231908
10930,1093,0.504888285,1,1.13609467,0.514160435,68.4891004,62.8791111,1,0.520402099,68.4891004,62.8791111,0.459010532
10940,1094,0.529424486,1,1.17159763,0.51892738,62.7232447,62.92668,1,0.649866308,62.7232447,62.92668,0.443542458
10950,1095,0.53723688,1,1.20710059,0.515276764,63.4567697,57.1910737,1,0.596242109,63.4567697,57.1910737,0.444793935
10960,1096,0.523775652,1,1.19526627,0.511069791,69.0387318,58.7572588,1,0.51627068,69.0387318,58.7572588,0.445963064
10970,1097,0.513702938,1,1.19526627,0.509792979,67.028778,64.2531055,1,0.514527952,67.028778,64.2531055,0.450142945
10980,1098,0.511647492,1,1.17751479,0.511686414,61.5889321,62.0748039,1,0.49994187,61.5889321,62.0748039,0.450751647
10990,1099,0.513855184,1,1.14792899,0.514193429,63.9285592,56.8383146,1,0.471785675,63.9285592,56.8383146,0.441183691
11000,1100,0.513585525,1,1.14201183,0.520158091,68.9169394,59.5461624,1,0.505500092,68.9169394,59.5461624,0.436611328
11010,1101,0.517220442,1,1.15384615,0.522960018,65.9965571,64.3020342,1,0.57223533,65.9965571,64.3020342,0.429303481
11020,1102,0.538280639,1,1.16568047,0.514760385,61.63988,60.3718615,1,0.648034993,61.63988,60.3718615,0.451341808
11030,1103,0.534175157,1,1.24852071,0.519416225,66.0398507,56.8643769,1,0.524422142,66.0398507,56.8643769,0.432839737
11040,1104,0.523703196,1,1.19526627,0.512483406,69.4806449,61.385511,1,0.50558212,69.4806449,61.385511,0.437040335
11050,1105,0.520571502,1,1.18343195,0.514690733,64.6458823,64.528685,1,0.508942051,64.6458823,64.528685,0.443589927
11060,1106,0.510992919,1,1.08284024,0.511410996,61.4597542,59.6122111,1,0.478498792,61.4597542,59.6122111,0.450661102
11070,1107,0.51752668,1,1.12426036,0.524001723,66.2554657,56.7936837,1,0.481217136,66.2554657,56.7936837,0.427895253
11080,1108,0.517002193,1,1.18343195,0.520141445,68.7387092,62.0458332,1,0.568529741,68.7387092,62.0458332,0.446893106
11090,1109,0.525728425,1,1.14792899,0.512819955,62.7955528,63.4395849,1,0.66189544,62.7955528,63.4395849,0.469568928
11100,1110,0.536464155,1,1.21893491,0.515053654,62.3701792,57.7276524,1,0.563930086,62.3701792,57.7276524,0.44059612
11110,1111,0.531341996,1,1.23668639,0.51121799,68.0749557,57.5517958,1,0.540262125,68.0749557,57.5517958,0.439037413
11120,1112,0.530543967,1,1.23076923,0.516959133,67.8845385,63.0788047,1,0.50676203,67.8845385,63.0788047,0.425406777
11130,1113,0.520062162,1,1.15976331,0.517509726,62.1509998,62.7735745,1,0.496334766,62.1509998,62.7735745,0.441665964
11140,1114,0.517388825,1,1.17159763,0.518474545,62.7041742,57.0487612,1,0.491539212,62.7041742,57.0487612,0.442421315
11150,1115,0.511690307,1,1.15976331,0.51360987,68.5610667,58.2937848,1,0.530168152,68.5610667,58.2937848,0.460596946
11160,1116,0.512070825,1,1.17751479,0.513222876,66.8010583,63.9905597,1,0.586695766,66.8010583,63.9905597,0.458650414
11170,1117,0.536322952,1,1.17159763,0.518094202,61.5448451,61.520341,1,0.657180465,61.5448451,61.520341,0.446748658
11180,1118,0.539984443,1,1.21301775,0.517071851,64.5805311,56.6828362,1,0.617322716,64.5805311,56.6828362,0.439316593
11190,1119,0.530203208,1,1.23668639,0.515336858,69.0202091,60.0933235,1,0.515751702,69.0202091,60.0933235,0.430646713
11200,1120,0.520159421,1,1.20118343,0.518229684,65.264021,64.3791167,1,0.511836275,65.264021,64.3791167,0.438373625
11210,1121,0.510435004,1,1.1183432,0.508079912,60.9211168,60.4026963,1,0.510760292,60.9211168,60.4026963,0.452950465
11220,1122,0.504275277,1,1.10059172,0.510589359,65.3214312,56.2891084,1,0.487142647,65.3214312,56.2891084,0.463357776
11230,1123,0.509920029,1,1.11242604,0.514441892,69.133801,60.5551,1,0.492898283,69.133801,60.5551,0.440097138
11240,1124,0.526472853,1,1.20710059,0.52351501,64.383556,63.8032162,1,0.608198727,64.383556,63.8032162,0.442659306
11250,1125,0.537675855,1,1.16568047,0.516742657,61.6888114,58.6155445,1,0.662811848,61.6888114,58.6155445,0.449678295
11260,1126,0.531808501,1,1.27810651,0.516431595,67.2557823,56.8556076,1,0.522485085,67.2557823,56.8556076,0.44911842
11270,1127,0.516563012,1,1.21301775,0.50855333,68.5974366,62.6271454,1,0.50379491,68.5974366,62.6271454,0.455802073
11280,1128,0.520562879,1,1.18934911,0.514208911,63.1181718,63.8139392,1,0.509843426,63.1181718,63.8139392,0.431255373
11290,1129,0.521971777,1,1.17159763,0.521370701,61.9751135,58.4568629,1,0.488456644,61.9751135,58.4568629,0.421359095
11300,1130,0.517260908,1,1.13609467,0.522813305,67.4189134,57.4008237,1,0.48643659,67.4189134,57.4008237,0.426560322
11310,1131,0.516080555,1,1.16568047,0.519291297,67.9550832,63.168586,1,0.542188265,67.9550832,63.168586,0.445586908
11320,1132,0.536271544,1,1.17159763,0.52025163,62.0127961,62.6541443,1,0.653838899,62.0127961,62.6541443,0.45880876
11330,1133,0.535735112,1,1.19526627,0.51462102,63.4219775,56.9423603,1,0.598130939,63.4219775,56.9423603,0.452542244
11340,1134,0.529682838,1,1.23076923,0.512633005,68.9125373,58.8523087,1,0.530530606,68.9125373,58.8523087,0.44717489
11350,1135,0.518506353,1,1.22485207,0.510128401,66.6923015,64.1656723,1,0.510056652,66.6923015,64.1656723,0.442967932
11360,1136,0.519643446,1,1.18934911,0.518086224,61.5570021,61.6758824,1,0.506471375,61.5570021,61.6758824,0.439003401
11370,1137,0.511273425,1,1.12426036,0.513071489,64.1436847,56.4301543,1,0.477229745,64.1436847,56.4301543,0.449908543
11380,1138,0.51635208,1,1.12426036,0.517996822,68.9283524,59.4087148,1,0.505928472,68.9283524,59.4087148,0.433541004
11390,1139,0.518135655,1,1.17751479,0.522294951,65.5022788,64.0754903,1,0.562150324,65.5022788,64.0754903,0.445335943
11400,1140,0.538963321,1,1.17751479,0.521943629,61.2901635,60.0245589,1,0.667037988,61.2901635,60.0245589,0.449535981
11410,1141,0.532837847,1,1.23668639,0.51549795,66.0434272,56.5554886,1,0.554294385,66.0434272,56.5554886,0.452657923
11420,1142,0.51863138,1,1.20710059,0.510223658,69.0543697,61.6480184,1,0.491106462,69.0543697,61.6480184,0.455080686
11430,1143,0.524566694,1,1.17751479,0.510982369,64.2857755,64.5754708,1,0.497275276,64.2857755,64.5754708,0.430422035
11440,1144,0.531373351,1,1.21301775,0.521637096,61.512814,59.9640729,1,0.527245788,61.512814,59.9640729,0.413916964
11450,1145,0.514081426,1,1.13609467,0.514335143,66.6611846,57.1014869,1,0.480982014,66.6611846,57.1014869,0.453129281
11460,1146,0.513191563,1,1.12426036,0.518194771,69.0765453,62.3815799,1,0.492676103,69.0765453,62.3815799,0.446639986
11470,1147,0.528286152,1,1.18343195,0.519806774,63.4744478,64.067559,1,0.611820796,63.4744478,64.067559,0.450023148
11480,1148,0.526731576,1,1.16568047,0.512167033,62.5076378,58.1700358,1,0.662689313,62.5076378,58.1700358,0.459711141
11490,1149,0.53438319,1,1.18343195,0.512203878,68.293366,58.1078252,1,0.598270822,68.293366,58.1078252,0.44508174
11500,1150,0.528850241,1,1.21893491,0.515378468,67.891751,63.7038829,1,0.51447565,67.891751,63.7038829,0.431573126
11510,1151,0.519992937,1,1.18343195,0.515085129,62.1844071,63.0101574,1,0.517261664,62.1844071,63.0101574,0.442257713
11520,1152,0.510750312,1,1.13609467,0.508948976,63.3257915,57.1349122,1,0.500768043,63.3257915,57.1349122,0.460391302
11530,1153,0.506610977,1,1.10059172,0.508167941,69.0994606,58.4401211,1,0.47408654,69.0994606,58.4401211,0.455335398
11540,1154,0.499339817,1,1.13017751,0.513420699,67.8388485,63.8835185,1,0.45145606,67.8388485,63.8835185,0.429804674
11550,1155,0.506764733,1,1.17159763,0.523638495,62.7876165,62.5316523,1,0.500829138,62.7876165,62.5316523,0.402231109
11560,1156,0.499572953,1,1.14792899,0.514621504,64.6229606,57.3253832,1,0.556583954,64.6229606,57.3253832,0.42463856
11570,1157,0.539223059,1,1.19526627,0.51340861,69.3270063,60.2881393,1,0.612573181,69.3270063,60.2881393,0.427639522
11580,1158,0.523487674,1,1.18934911,0.51461564,65.6564661,64.569124,1,0.516131713,65.6564661,64.569124,0.433778603
11590,1159,0.523126185,1,1.19526627,0.518741927,61.6070713,60.6461038,1,0.511806592,61.6070713,60.6461038,0.433696687
11600,1160,0.511883963,1,1.14201183,0.513715703,65.5944647,56.4101962,1,0.498585702,65.5944647,56.4101962,0.447492813
11610,1161,0.518398959,1,1.13609467,0.522418523,69.3640545,60.5530533,1,0.500007468,69.3640545,60.5530533,0.430858997
11620,1162,0.51401565,1,1.18343195,0.514953497,64.4493875,64.028798,1,0.59005294,64.4493875,64.028798,0.463040839
11630,1163,0.527824361,1,1.15384615,0.514436173,61.8706756,58.7017948,1,0.661517454,61.8706756,58.7017948,0.455256723
11640,1164,0.534576732,1,1.20118343,0.512375274,67.4482101,56.9203257,1,0.60984145,67.4482101,56.9203257,0.450394453
11650,1165,0.53654737,1,1.20710059,0.5099867,68.8204131,62.2771727,1,0.572696108,68.8204131,62.2771727,0.425369662
11660,1166,0.531095477,1,1.21301775,0.518925868,63.3966191,63.3489457,1,0.511953961,63.3966191,63.3489457,0.425282629
11670,1167,0.520464849,1,1.15384615,0.517268454,62.3476405,57.8025993,1,0.50522895,62.3476405,57.8025993,0.434205493
11680,1168,0.519407576,1,1.14201183,0.520924929,67.991701,57.0148502,1,0.489635301,67.991701,57.0148502,0.438366844
11690,1169,0.518029857,1,1.13609467,0.517086261,68.2967697,62.9812095,1,0.548668842,68.2967697,62.9812095,0.459550275
11700,1170,0.511824711,1,1.17159763,0.511123435,62.2376452,62.5955241,1,0.580928054,62.2376452,62.5955241,0.467029781
11710,1171,0.535841785,1,1.17751479,0.51692664,63.4861995,56.9034244,1,0.663769219,63.4861995,56.9034244,0.448263492
11720,1172,0.535458167,1,1.21301775,0.515800667,68.916106,58.9287125,1,0.551297375,68.916106,58.9287125,0.445793463
11730,1173,0.536042469,1,1.23076923,0.510777352,66.9431164,64.1029044,1,0.537343333,66.9431164,64.1029044,0.425968782
11740,1174,0.519383385,1,1.21301775,0.515130392,61.8749517,61.556451,1,0.510652151,61.8749517,61.556451,0.43630182
11750,1175,0.515506191,1,1.17159763,0.516580891,64.7000171,56.5476949,1,0.50540268,64.7000171,56.5476949,0.442348711
11760,1176,0.510783088,1,1.1183432,0.513148526,69.6610569,59.869009,1,0.522256535,69.6610569,59.869009,0.459244577
11770,1177,0.51174128,1,1.15976331,0.512287971,65.9413926,64.5157998,1,0.537007035,65.9413926,64.5157998,0.457860776
11780,1178,0.519324773,1,1.17159763,0.515208354,61.8622346,60.3201073,1,0.607274596,61.8622346,60.3201073,0.450137158
11790,1179,0.535795379,1,1.15976331,0.515304755,66.3147206,56.912026,1,0.671464412,66.3147206,56.912026,0.431315934
11800,1180,0.542904696,1,1.21301775,0.515257534,69.2638867,61.4844031,1,0.574978646,69.2638867,61.4844031,0.418536565
11810,1181,0.529271897,1,1.18343195,0.51885782,64.4808976,64.1353086,1,0.511477082,64.4808976,64.1353086,0.420652386
11820,1182,0.51628951,1,1.17159763,0.516870057,61.9956706,58.8908393,1,0.511713221,61.9956706,58.8908393,0.446424398
11830,1183,0.511989166,1,1.11242604,0.509761443,67.4408955,56.493344,1,0.500846855,67.4408955,56.493344,0.457666186
11840,1184,0.512216821,1,1.07692308,0.51600428,69.4819145,62.0303326,1,0.502385317,69.4819145,62.0303326,0.453937422
11850,1185,0.498874687,1,1.1183432,0.513272554,63.956425,63.9904983,1,0.481873219,63.956425,63.9904983,0.450990255
11860,1186,0.526116568,1,1.15384615,0.519663264,63.0661692,58.4169533,1,0.633482966,63.0661692,58.4169533,0.434168995
11870,1187,0.538548548,1,1.18343195,0.516659836,68.8636763,58.3244764,1,0.626125344,68.8636763,58.3244764,0.446018815
11880,1188,0.53033244,1,1.24260355,0.516114989,68.2049982,63.9455226,1,0.511084755,68.2049982,63.9455226,0.435346678
11890,1189,0.519336793,1,1.20710059,0.514744587,62.4261772,62.9063488,1,0.508754162,62.4261772,62.9063488,0.451654775
11900,1190,0.512815502,1,1.15384615,0.511016821,63.4943036,57.1547836,1,0.501870462,63.4943036,57.1547836,0.449992747
11910,1191,0.516335885,1,1.14201183,0.515982342,69.0030095,58.4436028,1,0.484214693,69.0030095,58.4436028,0.435189516
11920,1192,0.512682762,1,1.15976331,0.514970322,67.2984022,64.0231007,1,0.505020422,67.2984022,64.0231007,0.448775342
11930,1193,0.515594473,1,1.15384615,0.517688421,61.9794234,61.8202762,1,0.56050313,61.9794234,61.8202762,0.44285232
11940,1194,0.535811688,1,1.14792899,0.521445986,64.9123056,56.890216,1,0.669444708,64.9123056,56.890216,0.441268293
11950,1195,0.533627675,1,1.18343195,0.517360553,69.3481458,60.5143109,1,0.551067841,69.3481458,60.5143109,0.440620479
11960,1196,0.524281574,1,1.17159763,0.512411998,65.3399336,64.5855468,1,0.51152825,65.3399336,64.5855468,0.43947741
11970,1197,0.520828998,1,1.17159763,0.513324308,61.4121479,60.3864956,1,0.507854838,61.4121479,60.3864956,0.442287835
11980,1198,0.523278328,1,1.19526627,0.521775168,65.5522998,56.624857,1,0.498557314,65.5522998,56.624857,0.430293575
11990,1199,0.513163526,1,1.15384615,0.518298793,69.3553037,60.912393,1,0.488703466,69.3553037,60.912393,0.440855835
12000,1200,0.516678463,1,1.19526627,0.519953043,64.3499137,64.0158791,1,0.578749521,64.3499137,64.0158791,0.453034182
12010,1201,0.521725114,1,1.14201183,0.509669156,61.9563775,58.4750539,1,0.658841897,61.9563775,58.4750539,0.464285158
12020,1202,0.534932611,1,1.15976331,0.511314023,67.4536781,56.9122,1,0.665682507,67.4536781,56.9122,0.43962616
12030,1203,0.537089831,1,1.16568047,0.510526823,68.7438816,62.3187906,1,0.65153113,68.7438816,62.3187906,0.427569482
12040,1204,0.536100022,1,1.22485207,0.519617325,63.3460217,63.134172,1,0.503155487,63.3460217,63.134172,0.419930525
12050,1205,0.521510622,1,1.16568047,0.51589853,62.6075584,57.5690301,1,0.513640068,62.6075584,57.5690301,0.431840242
12060,1206,0.516809886,1,1.15976331,0.516527207,68.4355803,57.1778666,1,0.494592746,68.4355803,57.1778666,0.449318011
12070,1207,0.51447217,1,1.1183432,0.513003846,68.4330731,63.1657452,1,0.522670415,68.4330731,63.1657452,0.460606086
12080,1208,0.504071177,1,1.16568047,0.508172861,62.42551,62.8270997,1,0.515476266,62.42551,62.8270997,0.462853867
12090,1209,0.515968459,1,1.14792899,0.518166916,63.1703296,57.2797503,1,0.569279714,63.1703296,57.2797503,0.430548306
12100,1210,0.540382713,1,1.17159763,0.517914097,68.6805699,58.9475773,1,0.661411993,68.6805699,58.9475773,0.442855141
12110,1211,0.534845822,1,1.21301775,0.510007174,66.5413084,64.1262333,1,0.564937195,66.5413084,64.1262333,0.431008987
12120,1212,0.522647045,1,1.21893491,0.513456931,61.6361634,61.3481614,1,0.515733251,61.6361634,61.3481614,0.433631496
12130,1213,0.518957942,1,1.17751479,0.517869975,64.6207729,56.5926732,1,0.515672353,64.6207729,56.5926732,0.431884284
12140,1214,0.513191922,1,1.15384615,0.514776741,69.4173433,60.0679148,1,0.517524548,69.4173433,60.0679148,0.455631378
12150,1215,0.509876012,1,1.17159763,0.510381495,65.3536297,64.6051113,1,0.547830364,65.3536297,64.6051113,0.468536189
12160,1216,0.50922888,1,1.13609467,0.511972974,61.3720043,60.264631,1,0.563248923,61.3720043,60.264631,0.453083525
12170,1217,0.510009129,1,1.12426036,0.511139809,65.8103937,56.8276298,1,0.600127512,65.8103937,56.8276298,0.431813826
12180,1218,0.545647768,1,1.18934911,0.520168416,68.5310033,61.7215034,1,0.586089046,68.5310033,61.7215034,0.430712326
12190,1219,0.528727857,1,1.23076923,0.512889587,63.435151,64.0771924,1,0.520160388,63.435151,64.0771924,0.431846053
12200,1220,0.525664965,1,1.22485207,0.520681192,61.4650314,58.8818056,1,0.513019852,61.4650314,58.8818056,0.427414242
12210,1221,0.51325099,1,1.12426036,0.512219135,67.0712609,56.9267511,1,0.496485415,67.0712609,56.9267511,0.456718729
12220,1222,0.514537367,1,1.17159763,0.516622897,68.6603235,62.5727583,1,0.490257347,68.6603235,62.5727583,0.451181992
12230,1223,0.514872683,1,1.18343195,0.515970155,62.9305691,63.9324123,1,0.536871586,62.9305691,63.9324123,0.452989709
12240,1224,0.530285033,1,1.14201183,0.51951169,62.6119877,58.0532344,1,0.633781835,62.6119877,58.0532344,0.452907939
12250,1225,0.529140231,1,1.1183432,0.512041947,68.3921946,58.1685179,1,0.666899956,68.3921946,58.1685179,0.444719724
12260,1226,0.53229256,1,1.24852071,0.514193019,67.2991389,63.8486158,1,0.527993907,67.2991389,63.8486158,0.444947192
12270,1227,0.518120402,1,1.18934911,0.511176355,61.8183126,62.3298543,1,0.512011311,61.8183126,62.3298543,0.437489435
12280,1228,0.514419837,1,1.17159763,0.514102168,63.7921719,56.8396696,1,0.512752476,63.7921719,56.8396696,0.448786985
12290,1229,0.506915456,1,1.10650888,0.508059345,69.3443014,59.1861964,1,0.500084208,69.3443014,59.1861964,0.463663892
12300,1230,0.507378279,1,1.1183432,0.513113159,66.8228861,64.4167001,1,0.487528111,66.8228861,64.4167001,0.446655578
12310,1231,0.504939557,1,1.15976331,0.514291554,61.9293478,61.4998205,1,0.53434453,61.9293478,61.4998205,0.43822465
12320,1232,0.53385789,1,1.16568047,0.520726145,65.4268965,57.1134179,1,0.658545694,65.4268965,57.1134179,0.431547196
12330,1233,0.538557388,1,1.19526627,0.517360785,69.4012655,61.133434,1,0.588913948,69.4012655,61.133434,0.434844311
12340,1234,0.525563417,1,1.21893491,0.5211062,64.7920108,64.5139108,1,0.514167262,64.7920108,64.5139108,0.439693627
12350,1235,0.516633769,1,1.19526627,0.514093113,61.5037164,59.6309674,1,0.513238883,61.5037164,59.6309674,0.452841241
12360,1236,0.509840633,1,1.1183432,0.50871995,66.526834,56.4419454,1,0.494081282,66.526834,56.4419454,0.457686305
12370,1237,0.514717921,1,1.1183432,0.51859216,69.5016248,61.3214279,1,0.470156769,69.5016248,61.3214279,0.439598591
12380,1238,0.505740498,1,1.12426036,0.519838456,64.6351356,64.1343829,1,0.483805288,64.6351356,64.1343829,0.432383194
12390,1239,0.531027195,1,1.16568047,0.523630485,62.7268169,58.7443573,1,0.633264174,62.7268169,58.7443573,0.439836279
12400,1240,0.529710654,1,1.14201183,0.510211028,68.3636417,57.4623921,1,0.672242141,68.3636417,57.4623921,0.444674121
12410,1241,0.532227356,1,1.21301775,0.517370811,68.6996746,63.1918984,1,0.526064041,68.6996746,63.1918984,0.44148861
12420,1242,0.530190799,1,1.24260355,0.512214591,63.1675664,63.4849836,1,0.515592586,63.1675664,63.4849836,0.426143573
12430,1243,0.525491367,1,1.17751479,0.521189262,63.2286581,57.9172978,1,0.503083041,63.2286581,57.9172978,0.428309303
12440,1244,0.518541255,1,1.13609467,0.518063343,69.0507908,58.0470199,1,0.502285922,69.0507908,58.0470199,0.44796751
12450,1245,0.515057089,1,1.11242604,0.51825996,68.4547809,63.9232225,1,0.519364194,68.4547809,63.9232225,0.454334705
12460,1246,0.515206303,1,1.17159763,0.512150199,62.5292409,62.6354573,1,0.573361529,62.5292409,62.6354573,0.46645055
12470,1247,0.523358563,1,1.18934911,0.510380356,64.5685439,57.0296189,1,0.650421416,64.5685439,57.0296189,0.458865213
12480,1248,0.535778948,1,1.18343195,0.511795264,69.6152133,59.5193335,1,0.646807824,69.6152133,59.5193335,0.432876373
12490,1249,0.531930713,1,1.24852071,0.517185224,66.4320517,64.1985298,1,0.529740489,66.4320517,64.1985298,0.435328866
12500,1250,0.528729589,1,1.20710059,0.51557038,61.937311,61.014551,1,0.522757548,61.937311,61.014551,0.423708726
12510,1251,0.520978179,1,1.19526627,0.521328458,65.5171796,56.604426,1,0.503551339,65.5171796,56.604426,0.4369384
12520,1252,0.515278428,1,1.1183432,0.515278373,69.9358483,60.2660268,1,0.487408325,69.9358483,60.2660268,0.441433605
12530,1253,0.514168745,1,1.1183432,0.519378438,65.8092503,64.4171674,1,0.500932862,65.8092503,64.4171674,0.4502516
12540,1254,0.525715631,1,1.17751479,0.520222489,62.1886437,59.8403279,1,0.602448738,62.1886437,59.8403279,0.44890565
12550,1255,0.522310602,1,1.15384615,0.512543177,67.0412646,56.6201532,1,0.636707727,67.0412646,56.6201532,0.447989955
12560,1256,0.541477112,1,1.18343195,0.516369741,69.3714303,61.9449581,1,0.601025611,69.3714303,61.9449581,0.447102568
12570,1257,0.527372813,1,1.18343195,0.51288646,63.8578262,63.6415148,1,0.523649386,63.8578262,63.6415148,0.443747723
12580,1258,0.521776903,1,1.18343195,0.518305482,62.4460888,58.1077451,1,0.51105195,62.4460888,58.1077451,0.439308286
12590,1259,0.513952513,1,1.15384615,0.512915158,68.2032704,56.7442736,1,0.496262279,68.2032704,56.7442736,0.455110329
12600,1260,0.508235175,1,1.12426036,0.511746248,69.2671111,62.5552489,1,0.503076704,69.2671111,62.5552489,0.454427213
12610,1261,0.502801351,1,1.14201183,0.513365108,63.4336582,63.3646725,1,0.493055399,63.4336582,63.3646725,0.453026247
12620,1262,0.522450161,1,1.17159763,0.521782306,63.3889724,57.7139152,1,0.59882025,63.3889724,57.7139152,0.434687228
12630,1263,0.538625595,1,1.13609467,0.517486103,69.174454,58.3715352,1,0.661500605,69.174454,58.3715352,0.447902814
12640,1264,0.536216835,1,1.23076923,0.51934483,67.5336078,63.8371035,1,0.539893694,67.5336078,63.8371035,0.438966063
12650,1265,0.527599094,1,1.23076923,0.513755805,62.074096,62.0168403,1,0.521313346,62.074096,62.0168403,0.442689654
12660,1266,0.521904927,1,1.20118343,0.517585768,64.1935981,56.7555279,1,0.50701488,64.1935981,56.7555279,0.436322026
12670,1267,0.514590162,1,1.15976331,0.514654697,69.5093492,58.970085,1,0.492491298,69.5093492,58.970085,0.442969223
12680,1268,0.519354485,1,1.14792899,0.519344762,66.9975278,63.9956921,1,0.490246714,66.9975278,63.9956921,0.43218156
12690,1269,0.518178241,1,1.17751479,0.520584548,61.98011,60.9599154,1,0.537377605,61.98011,60.9599154,0.451102671
12700,1270,0.532618086,1,1.15384615,0.521843139,65.6421218,56.295877,1,0.640812766,65.6421218,56.295877,0.456145318
12710,1271,0.536498433,1,1.16568047,0.515715758,69.6895633,60.6472813,1,0.624476193,69.6895633,60.6472813,0.457136067
12720,1272,0.526256356,1,1.20710059,0.509267953,64.9427326,64.0938709,1,0.536984537,64.9427326,64.0938709,0.451240117
12730,1273,0.523354424,1,1.19526627,0.510256043,61.7590103,59.3085765,1,0.514186069,61.7590103,59.3085765,0.442124578
12740,1274,0.523347942,1,1.21893491,0.512133429,66.3869481,56.3111052,1,0.509927,66.3869481,56.3111052,0.424143012
12750,1275,0.520212908,1,1.12426036,0.519748976,69.2201415,60.9778601,1,0.492816164,69.2201415,60.9778601,0.419957638
12760,1276,0.517767182,1,1.13609467,0.521357943,64.4862468,63.7713831,1,0.481006156,64.4862468,63.7713831,0.422821809
12770,1277,0.511350728,1,1.15976331,0.517628748,62.0742132,58.4039454,1,0.533806644,62.0742132,58.4039454,0.452653542
12780,1278,0.535188031,1,1.22485207,0.519535568,67.7810225,56.9489307,1,0.654103408,67.7810225,56.9489307,0.453028862
12790,1279,0.530227602,1,1.18343195,0.511105761,68.6095656,62.796131,1,0.661786278,68.6095656,62.796131,0.454277728
12800,1280,0.538751917,1,1.14201183,0.510375773,63.1245373,63.1187877,1,0.62960886,63.1245373,63.1187877,0.422654637
12810,1281,0.529410175,1,1.22485207,0.519475392,63.2572908,57.5323959,1,0.506981667,63.2572908,57.5323959,0.429843764
12820,1282,0.533263023,1,1.24260355,0.512139523,68.6750383,57.3122017,1,0.524256095,68.6750383,57.3122017,0.41709387
12830,1283,0.52115311,1,1.16568047,0.519233083,68.3771309,62.9718093,1,0.506540994,68.3771309,62.9718093,0.435957127
12840,1284,0.516154204,1,1.13609467,0.518248398,62.5962708,62.4771104,1,0.497032982,62.5962708,62.4771104,0.446306803
12850,1285,0.520708224,1,1.17751479,0.520002679,63.9212974,56.5939832,1,0.570944196,63.9212974,56.5939832,0.463884298
12860,1286,0.513586701,1,1.17159763,0.510058899,69.5934819,58.4205386,1,0.59298546,69.5934819,58.4205386,0.458386559
12870,1287,0.529032595,1,1.14201183,0.512681482,67.0585543,63.6249198,1,0.662697861,67.0585543,63.6249198,0.44530052
12880,1288,0.539001462,1,1.21301775,0.515218242,62.3428894,60.6831468,1,0.562257316,62.3428894,60.6831468,0.42753957
12890,1289,0.521942871,1,1.17751479,0.514521133,65.8203308,56.1094118,1,0.506805273,65.8203308,56.1094118,0.441967426
12900,1290,0.518326531,1,1.18934911,0.514804027,70.3009601,59.7833505,1,0.496519106,70.3009601,59.7833505,0.445715064
12910,1291,0.521677556,1,1.15384615,0.518541698,66.8559077,64.0764293,1,0.492629135,66.8559077,64.0764293,0.423418828
12920,1292,0.508046077,1,1.10650888,0.516535325,62.4135646,60.2707221,1,0.47144908,62.4135646,60.2707221,0.449969228
12930,1293,0.519352474,1,1.16568047,0.523120947,66.3653628,56.3548953,1,0.534660844,66.3653628,56.3548953,0.427946859
12940,1294,0.529978366,1,1.15976331,0.520785589,69.8714729,61.0278598,1,0.641632444,69.8714729,61.0278598,0.44938752
12950,1295,0.536927047,1,1.18343195,0.514610171,64.7136547,63.7980908,1,0.635423978,64.7136547,63.7980908,0.450359944
12960,1296,0.534598196,1,1.20710059,0.520539745,62.6697013,58.5580685,1,0.511884685,62.6697013,58.5580685,0.432657805
12970,1297,0.522086883,1,1.20710059,0.513605427,68.0671717,56.6838173,1,0.514426112,68.0671717,56.6838173,0.439509572
12980,1298,0.515896101,1,1.17159763,0.514286685,69.6050137,62.3688752,1,0.512202526,69.6050137,62.3688752,0.45302952
12990,1299,0.509564428,1,1.10650888,0.510947669,63.8427602,63.8484879,1,0.473444806,63.8427602,63.8484879,0.457629723
13000,1300,0.513199664,1,1.10059172,0.517922549,62.7814136,58.35115,1,0.489289609,62.7814136,58.35115,0.430681181
13010,1301,0.513749884,1,1.17751479,0.520619082,68.4569596,57.5356644,1,0.515673933,68.4569596,57.5356644,0.441064066
13020,1302,0.530905311,1,1.18343195,0.520467399,68.3695526,63.3107779,1,0.643620977,68.3695526,63.3107779,0.444290377
13030,1303,0.53499854,1,1.21301775,0.514452562,62.5474176,62.2301875,1,0.572945005,62.5474176,62.2301875,0.455504998
13040,1304,0.523401709,1,1.20710059,0.514863963,64.3928294,56.7048347,1,0.503224476,64.3928294,56.7048347,0.448106263
13050,1305,0.514905277,1,1.17159763,0.506536643,69.9616935,58.6626009,1,0.506199121,69.9616935,58.6626009,0.454074885
13060,1306,0.528033173,1,1.17751479,0.518531201,68.15068,63.7138012,1,0.519734908,68.15068,63.7138012,0.412772372
13070,1307,0.512954923,1,1.13609467,0.518896802,62.684463,61.7710292,1,0.460454662,62.684463,61.7710292,0.446245957
13080,1308,0.515306646,1,1.14201183,0.521523701,64.6574331,56.7144317,1,0.479129445,64.6574331,56.7144317,0.417528574
13090,1309,0.516865455,1,1.18343195,0.517294552,69.7640582,59.5543817,1,0.568969836,69.7640582,59.5543817,0.449476593
13100,1310,0.532021542,1,1.14201183,0.519962814,66.0274222,64.062675,1,0.66393723,66.0274222,64.062675,0.45042489
13110,1311,0.535036086,1,1.23668639,0.518250557,62.1290943,59.6433833,1,0.540928469,62.1290943,59.6433833,0.453305409
13120,1312,0.528842419,1,1.26627219,0.506590845,66.5768682,56.0675843,1,0.510314217,66.5768682,56.0675843,0.438994491
13130,1313,0.528108981,1,1.18343195,0.516264641,69.819062,60.5283197,1,0.507990625,69.819062,60.5283197,0.424194193
13140,1314,0.522623088,1,1.17159763,0.521333341,65.1225848,63.6833677,1,0.499921172,65.1225848,63.6833677,0.435218955
13150,1315,0.507920538,1,1.10650888,0.513324284,61.8972351,58.5930923,1,0.48833031,61.8972351,58.5930923,0.463545538
13160,1316,0.504991971,1,1.1183432,0.511545663,67.0992619,55.8630619,1,0.49714696,67.0992619,55.8630619,0.45191341
13170,1317,0.515196495,1,1.15976331,0.519999725,69.3780225,60.9750442,1,0.537993474,69.3780225,60.9750442,0.430529553
13180,1318,0.516599358,1,1.1183432,0.518438378,63.9107715,62.7206614,1,0.614695073,63.9107715,62.7206614,0.441474213
13190,1319,0.541342338,1,1.23076923,0.519543644,63.1424972,57.1312358,1,0.556509469,63.1424972,57.1312358,0.433998364
13200,1320,0.528044898,1,1.22485207,0.514777859,68.815425,56.8665269,1,0.511147618,68.815425,56.8665269,0.436853873
13210,1321,0.519191834,1,1.20710059,0.515838192,68.7467903,62.6354782,1,0.504673792,68.7467903,62.6354782,0.443796888
13220,1322,0.513654316,1,1.15976331,0.512925608,62.9362643,62.361178,1,0.51553709,62.9362643,62.361178,0.447461297
13230,1323,0.514565803,1,1.12426036,0.516786155,63.6899192,56.5179664,1,0.510489725,63.6899192,56.5179664,0.453201097
13240,1324,0.512120878,1,1.14792899,0.513335229,69.6649731,57.6377592,1,0.543390785,69.6649731,57.6377592,0.467621488
13250,1325,0.518368625,1,1.14792899,0.515153834,67.9084489,63.2882192,1,0.594862802,67.9084489,63.2882192,0.455168055
13260,1326,0.525562347,1,1.13017751,0.516084785,62.6882673,61.020901,1,0.658763534,62.6882673,61.020901,0.437793201
13270,1327,0.537797934,1,1.22485207,0.520386498,65.8818997,56.2571127,1,0.527139841,65.8818997,56.2571127,0.441172237
13280,1328,0.527829747,1,1.21301775,0.516166941,70.4304118,59.6488683,1,0.522814149,70.4304118,59.6488683,0.436452673
13290,1329,0.523222596,1,1.15976331,0.516491888,66.9202426,64.0322242,1,0.515969047,66.9202426,64.0322242,0.43197014
13300,1330,0.516842528,1,1.15976331,0.520630008,62.6247116,60.2093798,1,0.491527171,62.6247116,60.2093798,0.442329267
13310,1331,0.515911088,1,1.12426036,0.515927188,66.5166304,56.0152233,1,0.492657736,66.5166304,56.0152233,0.440131645
13320,1332,0.510822409,1,1.14201183,0.518151524,70.4870006,60.3593676,1,0.516144766,70.4870006,60.3593676,0.452706713
13330,1333,0.530977041,1,1.12426036,0.520089276,65.6010855,63.5852933,1,0.640104637,65.6010855,63.5852933,0.450369761
13340,1334,0.531391574,1,1.17159763,0.512255946,63.0273779,58.4075949,1,0.667287264,63.0273779,58.4075949,0.444775935
13350,1335,0.533958799,1,1.24852071,0.518537157,68.4354631,56.640504,1,0.514589785,68.4354631,56.640504,0.43765104
13360,1336,0.521064163,1,1.20118343,0.512748595,69.9306116,62.216429,1,0.512710277,69.9306116,62.216429,0.44406946
13370,1337,0.521255771,1,1.17159763,0.51729519,64.3194719,63.398901,1,0.509871211,64.3194719,63.398901,0.441106254
13380,1338,0.514545967,1,1.13017751,0.513543612,63.2776953,57.6200398,1,0.495330653,63.2776953,57.6200398,0.451693295
13390,1339,0.512859784,1,1.13017751,0.515588241,69.0929914,56.9130111,1,0.480838013,69.0929914,56.9130111,0.45062454
13400,1340,0.518788454,1,1.17751479,0.519243542,69.268589,62.7800784,1,0.558208796,69.268589,62.7800784,0.45151496
13410,1341,0.532961873,1,1.18343195,0.519122056,63.3844979,62.0069218,1,0.65579465,63.3844979,62.0069218,0.456513019
13420,1342,0.532898669,1,1.17159763,0.510759306,64.7106512,56.3963371,1,0.665476544,64.7106512,56.3963371,0.443475671
13430,1343,0.53338838,1,1.21301775,0.516662408,69.9729972,58.4851853,1,0.518226892,69.9729972,58.4851853,0.435520309
13440,1344,0.522286157,1,1.16568047,0.513401613,67.7502896,63.7000231,1,0.515299274,67.7502896,63.7000231,0.436059291
13450,1345,0.522149796,1,1.15384615,0.519667821,62.6682442,61.1904166,1,0.50767422,62.6682442,61.1904166,0.435993802
13460,1346,0.517022409,1,1.11242604,0.517160738,65.3573488,56.1065909,1,0.500118255,65.3573488,56.1065909,0.442401786
13470,1347,0.504831634,1,1.09467456,0.511967927,70.5453098,59.0716765,1,0.477467935,70.5453098,59.0716765,0.459654311
13480,1348,0.517121341,1,1.15976331,0.520210253,67.1452541,63.6896178,1,0.54543373,67.1452541,63.6896178,0.441123907
13490,1349,0.530106717,1,1.15976331,0.518964551,62.9835172,59.5462444,1,0.657477766,62.9835172,59.5462444,0.451739557
13500,1350,0.540402694,1,1.20710059,0.518008394,67.5470429,56.0650382,1,0.594858632,67.5470429,56.0650382,0.441518112
13510,1351,0.532366616,1,1.24852071,0.517063236,70.5460473,60.8791672,1,0.512521976,70.5460473,60.8791672,0.436296036
13520,1352,0.521143408,1,1.21301775,0.513606559,65.59208,63.7149203,1,0.516727267,65.59208,63.7149203,0.439090563
13530,1353,0.517609281,1,1.17751479,0.517150408,62.946337,58.5531041,1,0.503052548,62.946337,58.5531041,0.446182382
13540,1354,0.512246765,1,1.10650888,0.513471721,68.1589094,55.8977369,1,0.480161012,68.1589094,55.8977369,0.449995962
13550,1355,0.518285992,1,1.12426036,0.519136422,70.3657551,61.1436643,1,0.513269008,70.3657551,61.1436643,0.437785726
13560,1356,0.520804855,1,1.18934911,0.518683803,64.7253283,62.9419828,1,0.574425233,64.7253283,62.9419828,0.455397375
13570,1357,0.533629889,1,1.15976331,0.516773349,63.9365202,57.050526,1,0.660675989,63.9365202,57.050526,0.45723301
13580,1358,0.528655982,1,1.24260355,0.511891378,69.7639569,57.2061289,1,0.537593211,69.7639569,57.2061289,0.44842414
13590,1359,0.522746218,1,1.20118343,0.513519447,69.2856251,62.9391135,1,0.50933592,69.2856251,62.9391135,0.442531139
13600,1360,0.525883129,1,1.19526627,0.516299142,63.7150115,62.3666243,1,0.514632306,63.7150115,62.3666243,0.430765661
13610,1361,0.523588651,1,1.18343195,0.521313584,64.3140148,56.8096699,1,0.500745175,64.3140148,56.8096699,0.429934265
13620,1362,0.518384781,1,1.15976331,0.521440928,70.0013246,57.6123922,1,0.487444808,70.0013246,57.6123922,0.441821514
13630,1363,0.515896895,1,1.16568047,0.516867342,68.4036886,63.4011733,1,0.558070374,68.4036886,63.4011733,0.461938459
13640,1364,0.521419037,1,1.20118343,0.512461464,62.9481832,60.9646435,1,0.645671813,62.9481832,60.9646435,0.459606318
13650,1365,0.536064537,1,1.14792899,0.513125381,65.920113,55.9808432,1,0.662754235,65.920113,55.9808432,0.446356935
13660,1366,0.531937117,1,1.20710059,0.511318685,70.4979621,59.4030721,1,0.551829135,70.4979621,59.4030721,0.439663357
13670,1367,0.525772689,1,1.20710059,0.513293978,66.7605157,63.5677236,1,0.510747015,66.7605157,63.5677236,0.430445123
13680,1368,0.525149787,1,1.15976331,0.521854103,62.785347,59.6494707,1,0.514041249,62.785347,59.6494707,0.429356693
13690,1369,0.508101912,1,1.14201183,0.514104183,66.9419279,55.4492283,1,0.492658969,66.9419279,55.4492283,0.454557463
13700,1370,0.514260551,1,1.10650888,0.517691778,70.5687209,59.9126753,1,0.512122192,70.5687209,59.9126753,0.442397896
13710,1371,0.525687961,1,1.18934911,0.519632618,65.4238564,62.9749868,1,0.613699938,65.4238564,62.9749868,0.460559108
13720,1372,0.531686773,1,1.16568047,0.513803107,63.139257,57.4686934,1,0.664529927,63.139257,57.4686934,0.458571626
13730,1373,0.532988284,1,1.20710059,0.513405307,68.7703838,55.9672057,1,0.563917227,68.7703838,55.9672057,0.4482976
13740,1374,0.531792211,1,1.23668639,0.510821354,69.8634791,61.493293,1,0.53790323,69.8634791,61.493293,0.433320045
13750,1375,0.531222336,1,1.20710059,0.520098216,64.4058705,62.2477184,1,0.509401466,64.4058705,62.2477184,0.423808102
13760,1376,0.52113286,1,1.17159763,0.519557527,63.6578598,56.5548293,1,0.49532034,63.6578598,56.5548293,0.441678521
13770,1377,0.516547602,1,1.12426036,0.517912784,69.5177205,56.237026,1,0.503742114,69.5177205,56.237026,0.451420939
13780,1378,0.516914332,1,1.15976331,0.512703661,69.2084717,62.281899,1,0.572490401,69.2084717,62.281899,0.465598327
13790,1379,0.503664033,1,1.13609467,0.505497221,63.2618484,61.6704987,1,0.568112206,63.2618484,61.6704987,0.459843933
13800,1380,0.527679939,1,1.15384615,0.516000945,64.4544554,56.2526489,1,0.644340105,64.4544554,56.2526489,0.42673528
13810,1381,0.541175195,1,1.19526627,0.516529113,69.7258354,58.1308523,1,0.615556958,69.7258354,58.1308523,0.430460713
13820,1382,0.530066525,1,1.23668639,0.513705075,67.3708502,63.1933122,1,0.514644559,67.3708502,63.1933122,0.429492996
13830,1383,0.520933269,1,1.18343195,0.516788118,62.4544567,60.4463412,1,0.525061675,62.4544567,60.4463412,0.433212671
13840,1384,0.514277863,1,1.15384615,0.514453634,65.5715524,55.4357457,1,0.508458065,65.5715524,55.4357457,0.45392668
13850,1385,0.511669896,1,1.09467456,0.51335617,70.4095951,58.8144921,1,0.495277172,70.4095951,58.8144921,0.453928185
13860,1386,0.514658004,1,1.19526627,0.518275465,66.6620302,63.2939099,1,0.536528184,66.6620302,63.2939099,0.449255965
13870,1387,0.518217167,1,1.15384615,0.51741208,62.583903,59.1371804,1,0.596240668,62.583903,59.1371804,0.447937559
13880,1388,0.538212131,1,1.17159763,0.516321681,67.4886576,55.8929082,1,0.638770345,67.4886576,55.8929082,0.452356881
13890,1389,0.531446146,1,1.23076923,0.51180019,70.0503774,61.0025337,1,0.530743536,70.0503774,61.0025337,0.439679023
13900,1390,0.533671081,1,1.23076923,0.516427503,65.1249599,63.2864028,1,0.508242834,65.1249599,63.2864028,0.41762782
13910,1391,0.528065507,1,1.18343195,0.521060113,62.8856779,58.3402726,1,0.508641798,62.8856779,58.3402726,0.417647594
13920,1392,0.517493293,1,1.15384615,0.518182548,68.2350332,56.2136999,1,0.497519398,68.2350332,56.2136999,0.442811847
13930,1393,0.514289553,1,1.14201183,0.514231602,69.990049,61.9144766,1,0.522995146,69.990049,61.9144766,0.458831394
13940,1394,0.520315302,1,1.16568047,0.514569546,64.0493695,62.8916327,1,0.596269982,64.0493695,62.8916327,0.463115942
13950,1395,0.524544998,1,1.12426036,0.510362051,63.7743767,56.8937718,1,0.650582282,63.7743767,56.8937718,0.461858583
13960,1396,0.534094596,1,1.16568047,0.510130428,69.5478834,57.3700307,1,0.646945997,69.5478834,57.3700307,0.445624375
13970,1397,0.528413223,1,1.20710059,0.515435241,68.3142528,62.943633,1,0.517832976,68.3142528,62.943633,0.439114812
13980,1398,0.517766086,1,1.17751479,0.512947581,62.8122338,61.5071026,1,0.509019515,62.8122338,61.5071026,0.437420038
13990,1399,0.523257087,1,1.17751479,0.518001282,64.4074487,56.1413081,1,0.504026505,64.4074487,56.1413081,0.430607528
14000,1400,0.51359373,1,1.13017751,0.516824967,69.9412313,58.1044467,1,0.477445167,69.9412313,58.1044467,0.451667932
14010,1401,0.519437856,1,1.15976331,0.520541264,67.6202151,63.4568237,1,0.538419471,67.6202151,63.4568237,0.448765937
14020,1402,0.520087878,1,1.17159763,0.513261359,62.476056,60.245965,1,0.616224139,62.476056,60.245965,0.466460843
14030,1403,0.531606665,1,1.16568047,0.509390207,66.5418253,55.8747019,1,0.62428142,66.5418253,55.8747019,0.459214794
14040,1404,0.527780908,1,1.21893491,0.513398543,70.3645247,60.1951273,1,0.538943808,70.3645247,60.1951273,0.443754195
14050,1405,0.532612786,1,1.21893491,0.51521591,66.0527724,63.7139402,1,0.52449742,66.0527724,63.7139402,0.428104755
14060,1406,0.525407626,1,1.14792899,0.518301674,62.6299053,59.3656421,1,0.504738275,62.6299053,59.3656421,0.425682296
14070,1407,0.524407762,1,1.18343195,0.52106771,66.7346181,56.0040104,1,0.498446841,66.7346181,56.0040104,0.408121943
14080,1408,0.515106055,1,1.12426036,0.518938852,69.9865376,60.6916129,1,0.487184347,69.9865376,60.6916129,0.43885676
14090,1409,0.525244934,1,1.17159763,0.52106779,64.8954304,63.5533292,1,0.562533439,64.8954304,63.5533292,0.449251796
14100,1410,0.531296524,1,1.17751479,0.517520626,62.6768285,58.0092351,1,0.640192849,62.6768285,58.0092351,0.459348481
14110,1411,0.526413448,1,1.17751479,0.511344991,68.2304295,56.3787496,1,0.66419189,68.2304295,56.3787496,0.445230922
14120,1412,0.53716564,1,1.23076923,0.517234326,69.0386938,62.0256217,1,0.530994454,69.0386938,62.0256217,0.438801861
14130,1413,0.534670275,1,1.24852071,0.510757846,63.5979837,62.6903515,1,0.527558227,63.5979837,62.6903515,0.421628235
14140,1414,0.522557139,1,1.17159763,0.517620403,63.4165254,57.1030716,1,0.51909651,63.4165254,57.1030716,0.430017364
14150,1415,0.518141522,1,1.13017751,0.517254607,69.2266794,57.0811849,1,0.499810535,69.2266794,57.0811849,0.446938093
14160,1416,0.515089557,1,1.12426036,0.515946568,68.9578931,63.0197015,1,0.500960448,68.9578931,63.0197015,0.457276637
14170,1417,0.508539062,1,1.14792899,0.514042607,63.0652434,62.3890269,1,0.51801859,63.0652434,62.3890269,0.455869484
14180,1418,0.530351305,1,1.14201183,0.521314254,64.5387227,56.7384058,1,0.631295933,64.5387227,56.7384058,0.449198232
14190,1419,0.538537227,1,1.17751479,0.519636748,69.938527,59.1190694,1,0.61051139,69.938527,59.1190694,0.45394683
14200,1420,0.537071323,1,1.18343195,0.508643276,67.5109686,64.0927479,1,0.588978972,67.5109686,64.0927479,0.425729572
14210,1421,0.526473263,1,1.22485207,0.517343433,62.7599462,61.0039221,1,0.512903366,62.7599462,61.0039221,0.435910652
14220,1422,0.517177156,1,1.15976331,0.5132476,65.9434229,56.2310915,1,0.508607225,65.9434229,56.2310915,0.441316185
14230,1423,0.52334106,1,1.17751479,0.520286012,70.4106427,59.5537253,1,0.490757027,70.4106427,59.5537253,0.428261574
14240,1424,0.516590397,1,1.12426036,0.516508118,66.7991621,64.0818783,1,0.499322073,66.7991621,64.0818783,0.445536459
14250,1425,0.51397118,1,1.15976331,0.518611061,62.4435701,60.1110871,1,0.521173428,62.4435701,60.1110871,0.453378928
14260,1426,0.530154873,1,1.17159763,0.517538998,67.1649846,56.4414662,1,0.643513527,67.1649846,56.4414662,0.459983748
14270,1427,0.53164804,1,1.17751479,0.511896297,70.0514292,61.5012722,1,0.656990752,70.0514292,61.5012722,0.448093917
14280,1428,0.535483152,1,1.23076923,0.514415709,64.8769601,63.778955,1,0.540639915,64.8769601,63.778955,0.434890787
14290,1429,0.527417767,1,1.23076923,0.518354345,62.9515806,58.5419866,1,0.521047011,62.9515806,58.5419866,0.429206815
14300,1430,0.524018968,1,1.20710059,0.520180465,68.261778,56.7126024,1,0.509426442,68.261778,56.7126024,0.43203689
14310,1431,0.517655536,1,1.14792899,0.517321983,69.9624853,62.2214772,1,0.499738446,69.9624853,62.2214772,0.443494107
14320,1432,0.512493145,1,1.16568047,0.516623999,64.1914448,63.524325,1,0.504305436,64.1914448,63.524325,0.45509815
14330,1433,0.520785443,1,1.19526627,0.516509886,63.4296758,57.6812274,1,0.587093791,63.4296758,57.6812274,0.45327266
14340,1434,0.534520577,1,1.16568047,0.517323089,69.3462878,57.9717752,1,0.664285723,69.3462878,57.9717752,0.455672436
14350,1435,0.531777379,1,1.13609467,0.510383382,68.7801184,63.59681,1,0.672330817,68.7801184,63.59681,0.434881233
14360,1436,0.532599315,1,1.26627219,0.515513023,63.2892717,62.2171197,1,0.51978224,63.2892717,62.2171197,0.435502448
14370,1437,0.520380954,1,1.19526627,0.515668679,65.0124962,56.8497194,1,0.513690341,65.0124962,56.8497194,0.43363394
14380,1438,0.513571459,1,1.15976331,0.512811564,70.4834623,58.920497,1,0.513223156,70.4834623,58.920497,0.449980869
14390,1439,0.509184403,1,1.11242604,0.511657476,68.0717504,64.3522815,1,0.490734286,68.0717504,64.3522815,0.457162827
14400,1440,0.511656299,1,1.17751479,0.513568754,62.9533935,61.6242194,1,0.509383538,62.9533935,61.6242194,0.446153182
14410,1441,0.515286282,1,1.14792899,0.522310765,65.8770861,56.859847,1,0.560220752,65.8770861,56.859847,0.429993969
14420,1442,0.531743353,1,1.11242604,0.518044679,70.3189566,60.355663,1,0.661259598,70.3189566,60.355663,0.434808968
14430,1443,0.541255964,1,1.18934911,0.517424675,66.2412597,64.2011262,1,0.581429916,66.2412597,64.2011262,0.431148176
14440,1444,0.525079814,1,1.21301775,0.517351786,62.7895369,59.7887724,1,0.514775837,62.7895369,59.7887724,0.430928926
14450,1445,0.515258425,1,1.17159763,0.50953358,67.6420727,56.4063369,1,0.511195756,67.6420727,56.4063369,0.455004869
14460,1446,0.509091692,1,1.12426036,0.509225735,70.7549263,61.5572565,1,0.504282092,70.7549263,61.5572565,0.462958268
14470,1447,0.510066681,1,1.12426036,0.512686504,65.6006943,64.4978937,1,0.479743218,65.6006943,64.4978937,0.456468654
14480,1448,0.508237438,1,1.18343195,0.519406902,63.0793287,59.3605788,1,0.511878587,63.0793287,59.3605788,0.440207647
14490,1449,0.529150814,1,1.17751479,0.521376219,68.6479435,57.7453644,1,0.649758664,68.6479435,57.7453644,0.446010511
14500,1450,0.532618977,1,1.15384615,0.509298027,69.5700591,63.4658593,1,0.645299593,69.5700591,63.4658593,0.44571835
14510,1451,0.531545617,1,1.22485207,0.516230653,63.9045374,63.4694447,1,0.518037318,63.9045374,63.4694447,0.435809448
14520,1452,0.520039016,1,1.20710059,0.513664714,64.1420719,57.7128171,1,0.502764027,64.1420719,57.7128171,0.443194316
14530,1453,0.517578272,1,1.14792899,0.512593545,69.864881,58.0719634,1,0.498612138,69.864881,58.0719634,0.441082115
14540,1454,0.51175437,1,1.1183432,0.514916986,69.2632856,63.9071536,1,0.472367767,69.2632856,63.9071536,0.451239984
14550,1455,0.513326171,1,1.13017751,0.515826312,63.6178881,62.9413246,1,0.504420618,63.6178881,62.9413246,0.440570763
14560,1456,0.524854407,1,1.20118343,0.521204103,65.3261959,57.3222347,1,0.600212983,65.3261959,57.3222347,0.451771575
14570,1457,0.517695574,1,1.15384615,0.511412154,70.7480383,59.2957935,1,0.597534105,70.7480383,59.2957935,0.443835547
14580,1458,0.538533378,1,1.18343195,0.515330563,67.9132477,64.2623531,1,0.641744574,67.9132477,64.2623531,0.439894764
14590,1459,0.527950129,1,1.19526627,0.515387813,63.3790825,60.9085576,1,0.520246305,63.3790825,60.9085576,0.433825684
14600,1460,0.525162893,1,1.20710059,0.51775573,67.0147456,56.6502603,1,0.517996943,67.0147456,56.6502603,0.430708384
14610,1461,0.513534475,1,1.14201183,0.513740744,71.4439852,60.4499159,1,0.509731116,71.4439852,60.4499159,0.448900997
14620,1462,0.513729596,1,1.13609467,0.51752337,67.391728,64.536538,1,0.507922721,67.391728,64.536538,0.442700617
14630,1463,0.513122382,1,1.18343195,0.514771516,63.6404251,59.8305987,1,0.562028795,63.6404251,59.8305987,0.462934672
14640,1464,0.526367103,1,1.15976331,0.514002149,68.8750083,56.9476199,1,0.646809678,68.8750083,56.9476199,0.459691353
14650,1465,0.532039171,1,1.18343195,0.512489477,71.0308686,62.4241783,1,0.646050522,71.0308686,62.4241783,0.452739364
14660,1466,0.536826363,1,1.20118343,0.512634216,65.6693082,63.9709195,1,0.591346439,65.6693082,63.9709195,0.429246886
14670,1467,0.532825922,1,1.21893491,0.516095364,64.4731117,58.5755986,1,0.509268044,64.4731117,58.5755986,0.425102652
14680,1468,0.525049291,1,1.17159763,0.522189167,69.7991223,57.3903804,1,0.515083386,69.7991223,57.3903804,0.419714829
14690,1469,0.516571284,1,1.12426036,0.518765699,70.7757133,63.0421867,1,0.492222428,70.7757133,63.0421867,0.441196894
14700,1470,0.517561343,1,1.11242604,0.518238916,64.9116578,63.5084854,1,0.525436519,64.9116578,63.5084854,0.452505066
14710,1471,0.514768423,1,1.15384615,0.51191412,65.0033535,57.46518,1,0.579064068,65.0033535,57.46518,0.464923155
14720,1472,0.529958513,1,1.17159763,0.51597398,70.7294005,58.1904333,1,0.642046915,70.7294005,58.1904333,0.443984159
14730,1473,0.536438831,1,1.15976331,0.514149708,69.423808,63.7468882,1,0.658178066,69.423808,63.7468882,0.439060065
14740,1474,0.54079531,1,1.20710059,0.514733091,64.1303875,62.0516168,1,0.565254011,64.1303875,62.0516168,0.427558404
14750,1475,0.517539537,1,1.18934911,0.514955031,66.4813996,56.8748555,1,0.510222778,66.4813996,56.8748555,0.437354308
14760,1476,0.516231359,1,1.15384615,0.51389793,71.6613589,59.496256,1,0.516758248,71.6613589,59.496256,0.446576193
14770,1477,0.503141302,1,1.08284024,0.508166415,68.7029111,64.8328312,1,0.491902798,68.7029111,64.8328312,0.469365982
14780,1478,0.508288129,1,1.10650888,0.510830329,63.7158029,61.8822608,1,0.471976737,63.7158029,61.8822608,0.44573664
14790,1479,0.525019275,1,1.15976331,0.524216694,67.1380391,57.3142675,1,0.572023789,67.1380391,57.3142675,0.439056705
14800,1480,0.516699036,1,1.14201183,0.516572159,71.5275032,61.0682675,1,0.612677942,71.5275032,61.0682675,0.444292612
14810,1481,0.540113982,1,1.17159763,0.513915276,66.9414555,64.7053343,1,0.62108848,66.9414555,64.7053343,0.450247058
14820,1482,0.527279248,1,1.24260355,0.515352187,63.9703978,59.7045621,1,0.518152936,63.9703978,59.7045621,0.447444461
14830,1483,0.520309282,1,1.22485207,0.514257468,69.0517804,57.0405812,1,0.519342552,69.0517804,57.0405812,0.441335005
14840,1484,0.51536952,1,1.14792899,0.511393087,71.6340251,62.2116601,1,0.506379756,71.6340251,62.2116601,0.444613014
14850,1485,0.52076232,1,1.15976331,0.521398522,66.3807807,64.3892677,1,0.501663884,66.3807807,64.3892677,0.437438421
14860,1486,0.502016402,1,1.12426036,0.511828138,64.1791982,58.8064698,1,0.486496114,64.1791982,58.8064698,0.461632033
14870,1487,0.505922556,1,1.09467456,0.516409556,69.7406251,57.4544321,1,0.547029871,69.7406251,57.4544321,0.440262664
14880,1488,0.52979825,1,1.16568047,0.517338012,70.3641631,63.0576527,1,0.656900324,70.3641631,63.0576527,0.433677544
14890,1489,0.536081592,1,1.18934911,0.514310063,64.6497839,62.7568149,1,0.55900314,64.6497839,62.7568149,0.44017636
14900,1490,0.520593942,1,1.17751479,0.515909868,65.6046451,57.1396736,1,0.513891787,65.6046451,57.1396736,0.438286312
14910,1491,0.516918071,1,1.18934911,0.51321704,71.3073053,58.2985943,1,0.511539913,71.3073053,58.2985943,0.447633023
14920,1492,0.510582643,1,1.12426036,0.513595451,69.9740183,64.065557,1,0.481490583,69.9740183,64.065557,0.455313879
14930,1493,0.51352495,1,1.11242604,0.515832478,64.5188214,62.5882187,1,0.486534558,64.5188214,62.5882187,0.434746075
14940,1494,0.517754155,1,1.18343195,0.521807197,66.5667185,57.183567,1,0.549821609,66.5667185,57.183567,0.444587058
14950,1495,0.532832362,1,1.21301775,0.521465996,71.735751,60.1226822,1,0.658548668,71.735751,60.1226822,0.457400008
14960,1496,0.532728728,1,1.16568047,0.508301551,68.2570565,64.7912971,1,0.650549953,68.2570565,64.7912971,0.447856704
14970,1497,0.537035207,1,1.25443787,0.518576062,64.2230765,60.9363055,1,0.537903323,64.2230765,60.9363055,0.429213913
14980,1498,0.523913726,1,1.20710059,0.518923524,68.3807499,57.0350118,1,0.510636688,68.3807499,57.0350118,0.43857179
14990,1499,0.519883509,1,1.15384615,0.514441998,72.2153224,61.110888,1,0.505440663,72.2153224,61.110888,0.430471829
15000,1500,0.521147632,1,1.13609467,0.516608012,68.0073032,64.8916187,1,0.495713069,68.0073032,64.8916187,0.435151814
15010,1501,0.512063723,1,1.10059172,0.514607241,64.3205796,60.1252564,1,0.497630497,64.3205796,60.1252564,0.463522281
15020,1502,0.51796451,1,1.20118343,0.520715649,69.2843755,57.1040226,1,0.559126655,69.2843755,57.1040226,0.446996043
15030,1503,0.532358267,1,1.17751479,0.519969217,71.7078551,62.4013174,1,0.661720391,71.7078551,62.4013174,0.448103078
15040,1504,0.536087357,1,1.21893491,0.517005956,66.1267428,64.0073857,1,0.547636339,66.1267428,64.0073857,0.446738808
15050,1505,0.520588149,1,1.22485207,0.51291066,65.1789314,58.2073099,1,0.506985985,65.1789314,58.2073099,0.452077559
15060,1506,0.517186646,1,1.17751479,0.509953161,70.9792824,57.5706666,1,0.508721929,70.9792824,57.5706666,0.448860401
15070,1507,0.517700097,1,1.14201183,0.514402603,71.6675028,63.0965252,1,0.491828913,71.6675028,63.0965252,0.428350077
15080,1508,0.521193918,1,1.17159763,0.522138508,66.3797177,63.7908991,1,0.478318487,66.3797177,63.7908991,0.410244747
15090,1509,0.516516225,1,1.14792899,0.524204758,65.8652667,58.2904846,1,0.494095132,65.8652667,58.2904846,0.424955409
15100,1510,0.515303696,1,1.17159763,0.517267606,71.6588279,58.3899725,1,0.549423791,71.6588279,58.3899725,0.445724256
15110,1511,0.543418954,1,1.22485207,0.522861507,70.2062234,64.1601985,1,0.653580116,70.2062234,64.1601985,0.457712136
15120,1512,0.533143151,1,1.24260355,0.514874294,64.7888164,62.0063159,1,0.552785717,64.7888164,62.0063159,0.448452363
15130,1513,0.528961076,1,1.23668639,0.513931805,67.3145171,56.8557566,1,0.506041119,67.3145171,56.8557566,0.441269185
15140,1514,0.527349779,1,1.20710059,0.515644763,72.2301838,59.3671374,1,0.519002181,72.2301838,59.3671374,0.424618262
15150,1515,0.512298791,1,1.18343195,0.514852477,69.1278016,64.3878242,1,0.505167283,69.1278016,64.3878242,0.453990009
15160,1516,0.512911557,1,1.13609467,0.514393617,64.3111944,61.03766,1,0.505906744,64.3111944,61.03766,0.451318281
15170,1517,0.510068666,1,1.14792899,0.515246653,68.0635852,56.4701859,1,0.521906561,68.0635852,56.4701859,0.454707499
15180,1518,0.525522322,1,1.16568047,0.516855785,71.9372495,60.8656343,1,0.634060191,71.9372495,60.8656343,0.45067498
15190,1519,0.537531455,1,1.20118343,0.516481419,67.2397088,64.0385235,1,0.658930164,67.2397088,64.0385235,0.436053536
15200,1520,0.537833841,1,1.25443787,0.518943985,64.596608,59.1865787,1,0.528924112,64.596608,59.1865787,0.425012006
15210,1521,0.522193733,1,1.18343195,0.512754741,69.7461395,56.7986014,1,0.50704475,69.7461395,56.7986014,0.43663662
15220,1522,0.51523324,1,1.16568047,0.516617027,71.7656727,62.3519563,1,0.512283628,71.7656727,62.3519563,0.454551372
15230,1523,0.510259899,1,1.11242604,0.509833512,66.211682,64.4142618,1,0.489631548,66.211682,64.4142618,0.455732172
15240,1524,0.514507892,1,1.12426036,0.518498152,64.625086,58.8800444,1,0.49266296,64.625086,58.8800444,0.442858173
15250,1525,0.504521642,1,1.16568047,0.517990664,70.251417,57.4973713,1,0.515821093,70.251417,57.4973713,0.445672055
15260,1526,0.527433812,1,1.19526627,0.520223432,70.7081805,63.1135885,1,0.632731137,70.7081805,63.1135885,0.433443134
15270,1527,0.535367011,1,1.19526627,0.51322635,64.8963554,62.7280621,1,0.614170039,64.8963554,62.7280621,0.448046
15280,1528,0.535910865,1,1.25443787,0.520472389,65.9216153,57.3406211,1,0.522109858,65.9216153,57.3406211,0.421856129
15290,1529,0.519805858,1,1.19526627,0.513716945,71.5943428,58.5164584,1,0.519301087,71.5943428,58.5164584,0.445639167
15300,1530,0.511185761,1,1.13017751,0.511812957,70.0387319,64.245962,1,0.494989685,70.0387319,64.245962,0.456686911
15310,1531,0.517048665,1,1.13609467,0.516439127,64.6101493,62.5525609,1,0.493840608,64.6101493,62.5525609,0.437428722
15320,1532,0.512981187,1,1.12426036,0.517377806,66.7289123,57.1360143,1,0.50979871,66.7289123,57.1360143,0.447399677
15330,1533,0.522460249,1,1.18934911,0.522081757,71.9268222,59.7700962,1,0.592169862,71.9268222,59.7700962,0.44824876
15340,1534,0.537948676,1,1.15384615,0.519202557,68.5541181,64.5362385,1,0.659368186,68.5541181,64.5362385,0.449136225
15350,1535,0.539101006,1,1.17751479,0.512945901,64.2962208,60.7685528,1,0.602601618,64.2962208,60.7685528,0.437347741
15360,1536,0.532374259,1,1.21301775,0.523921217,68.4936997,57.0743771,1,0.510447786,68.4936997,57.0743771,0.430121518
15370,1537,0.515912737,1,1.18343195,0.515866547,72.4064153,61.444667,1,0.505898623,72.4064153,61.444667,0.451223038
15380,1538,0.524805728,1,1.20710059,0.51877677,68.259902,64.9546456,1,0.506878296,68.259902,64.9546456,0.417894998
15390,1539,0.510454995,1,1.11242604,0.51727363,64.6830806,60.2522896,1,0.478152141,64.6830806,60.2522896,0.454470257
15400,1540,0.510521822,1,1.1183432,0.515991804,69.3639151,57.0771787,1,0.505968919,69.3639151,57.0771787,0.435085118
15410,1541,0.516457803,1,1.15384615,0.517615224,71.9781945,62.3378963,1,0.593777664,71.9781945,62.3378963,0.451883677
15420,1542,0.54074853,1,1.18934911,0.519572671,66.4087465,64.0295522,1,0.638964925,66.4087465,64.0295522,0.447745503
15430,1543,0.534235627,1,1.20118343,0.510804777,65.2681161,58.4699684,1,0.582326865,65.2681161,58.4699684,0.436568185
15440,1544,0.527151535,1,1.21893491,0.517413456,70.8878671,57.914476,1,0.502473081,70.8878671,57.914476,0.434395272
15450,1545,0.52103654,1,1.18343195,0.513294971,71.492757,63.5436182,1,0.515565558,71.492757,63.5436182,0.435503745
15460,1546,0.521793126,1,1.15976331,0.520641054,65.8393385,63.843696,1,0.496838492,65.8393385,63.843696,0.435490529
15470,1547,0.514357269,1,1.09467456,0.516890365,65.8616273,57.8959381,1,0.5045182,65.8616273,57.8959381,0.457523047
15480,1548,0.511650877,1,1.17751479,0.514658967,71.7757515,58.4022001,1,0.546626582,71.7757515,58.4022001,0.456596406
15490,1549,0.526297832,1,1.16568047,0.519578161,70.5401776,64.1090286,1,0.625017908,70.5401776,64.1090286,0.449157894
15500,1550,0.538728678,1,1.15976331,0.517725396,65.0917884,61.9397218,1,0.635121502,65.0917884,61.9397218,0.45110539
15510,1551,0.537925848,1,1.18934911,0.507672381,67.3721635,56.9138224,1,0.606948282,67.3721635,56.9138224,0.424541352
15520,1552,0.527235473,1,1.19526627,0.517206476,72.1399794,59.8606438,1,0.512911646,72.1399794,59.8606438,0.431152471
15530,1553,0.51809882,1,1.18934911,0.517576506,68.9917558,64.6268407,1,0.51332595,68.9917558,64.6268407,0.439391351
15540,1554,0.511136681,1,1.14792899,0.512880546,64.2519441,61.0915991,1,0.495990975,64.2519441,61.0915991,0.454847321
15550,1555,0.512027462,1,1.09467456,0.513615961,67.9637911,56.5858387,1,0.48101196,67.9637911,56.5858387,0.44906007
15560,1556,0.524904387,1,1.18343195,0.523586921,71.9519531,60.7642385,1,0.578688443,71.9519531,60.7642385,0.444322905
15570,1557,0.50516827,1,1.13609467,0.514393713,67.7545904,64.6156217,1,0.560848975,67.7545904,64.6156217,0.438198339
15580,1558,0.535654203,1,1.15384615,0.512492113,64.7591836,59.6318336,1,0.65253808,64.7591836,59.6318336,0.447283751
15590,1559,0.525688892,1,1.18343195,0.513776692,70.0494329,57.4190653,1,0.513277962,70.0494329,57.4190653,0.441105936
15600,1560,0.518602336,1,1.21301775,0.513633767,71.898568,62.8961952,1,0.506861804,71.898568,62.8961952,0.444680947
15610,1561,0.514885239,1,1.16568047,0.515688011,66.2746585,64.6152055,1,0.496190843,66.2746585,64.6152055,0.452366257
15620,1562,0.516413795,1,1.12426036,0.515091672,64.7661987,59.0388693,1,0.493435038,64.7661987,59.0388693,0.444366293
15630,1563,0.514385894,1,1.15384615,0.517136869,70.6222294,57.9580617,1,0.52878433,70.6222294,57.9580617,0.458071851
15640,1564,0.492972396,1,1.06508876,0.511451484,71.5890904,63.6370342,1,0.478870062,71.5890904,63.6370342,0.443129998
15650,1565,0.530082748,1,1.16568047,0.5224596,66.0409357,63.5684881,1,0.642560478,66.0409357,63.5684881,0.426813703
15660,1566,0.537627479,1,1.18343195,0.514999583,66.7184533,57.885913,1,0.618938532,66.7184533,57.885913,0.440217067
15670,1567,0.530189461,1,1.22485207,0.514149602,72.1696738,59.3224795,1,0.512634449,72.1696738,59.3224795,0.43364103
15680,1568,0.522400541,1,1.18934911,0.516846739,70.4559733,64.729561,1,0.512134258,70.4559733,64.729561,0.436319324
15690,1569,0.523046539,1,1.15384615,0.520871802,65.1125526,62.9612872,1,0.49682663,65.1125526,62.9612872,0.432954195
15700,1570,0.514993385,1,1.14792899,0.518438287,66.9998376,57.4675187,1,0.482624278,66.9998376,57.4675187,0.446838582
15710,1571,0.511152919,1,1.13609467,0.517770061,72.3541747,59.8248953,1,0.507912217,72.3541747,59.8248953,0.450024001
15720,1572,0.523115585,1,1.15976331,0.514285617,69.044754,64.8322102,1,0.622994301,69.044754,64.8322102,0.461701688
15730,1573,0.530955861,1,1.16568047,0.516128649,64.7126877,60.9203001,1,0.665535907,64.7126877,60.9203001,0.448995186
15740,1574,0.536640785,1,1.27218935,0.518435905,69.0235517,57.1771839,1,0.550670673,69.0235517,57.1771839,0.439165882
15750,1575,0.523286142,1,1.20118343,0.506652014,72.5567055,61.7056229,1,0.512410419,72.5567055,61.7056229,0.44182205
15760,1576,0.528394882,1,1.21301775,0.520862617,67.894944,64.742138,1,0.516491072,67.894944,64.742138,0.427960931
15770,1577,0.513705897,1,1.08284024,0.516716032,64.6380433,59.8365593,1,0.480029629,64.6380433,59.8365593,0.452946336
15780,1578,0.520331575,1,1.15384615,0.523547552,69.2618449,57.0055709,1,0.489094456,69.2618449,57.0055709,0.417048212
15790,1579,0.513627144,1,1.18343195,0.51660807,71.8579367,62.3641225,1,0.549999469,71.8579367,62.3641225,0.458023594
15800,1580,0.527887806,1,1.17751479,0.516483206,66.2701131,64.1604021,1,0.638778753,66.2701131,64.1604021,0.45149583
15810,1581,0.535080872,1,1.15976331,0.515016845,65.1820689,58.4272998,1,0.670390584,65.1820689,58.4272998,0.448879619
15820,1582,0.539081151,1,1.15976331,0.51173756,70.7641613,57.9100502,1,0.624386497,70.7641613,57.9100502,0.431231228
15830,1583,0.530078929,1,1.21893491,0.517567068,70.8353856,63.49382,1,0.506535482,70.8353856,63.49382,0.429555695
15840,1584,0.528477746,1,1.21893491,0.515625873,65.353675,63.6678088,1,0.523575888,65.353675,63.6678088,0.421882396
15850,1585,0.518977105,1,1.16568047,0.5195366,65.6379924,57.944573,1,0.509753946,65.6379924,57.944573,0.440791814
15860,1586,0.513424959,1,1.14201183,0.516687979,71.5284582,58.519871,1,0.508523858,71.5284582,58.519871,0.455268658
15870,1587,0.517862697,1,1.16568047,0.515727843,70.2042254,64.4537673,1,0.568311051,70.2042254,64.4537673,0.467681669
15880,1588,0.512675591,1,1.15976331,0.509613624,64.5609765,62.6470745,1,0.58941141,64.5609765,62.6470745,0.455800208
15890,1589,0.532566834,1,1.14201183,0.516090709,67.036798,57.4644074,1,0.665027182,67.036798,57.4644074,0.441820664
15900,1590,0.534623922,1,1.21893491,0.516870812,71.8237655,60.5643191,1,0.531115866,71.8237655,60.5643191,0.438694339
15910,1591,0.524304752,1,1.22485207,0.51027357,68.5399641,65.129346,1,0.504225176,68.5399641,65.129346,0.43257056
15920,1592,0.52322635,1,1.14792899,0.516289639,64.1440723,61.6259086,1,0.516340296,64.1440723,61.6259086,0.432400338
15930,1593,0.512737571,1,1.13609467,0.514196674,67.9862,56.9879585,1,0.490722805,67.9862,56.9879585,0.46328213
15940,1594,0.514044808,1,1.11242604,0.51819945,72.3515068,60.7620578,1,0.473454597,72.3515068,60.7620578,0.443891674
15950,1595,0.518939854,1,1.17751479,0.522424188,68.4060404,64.822157,1,0.537861382,68.4060404,64.822157,0.435490005
15960,1596,0.516969331,1,1.17159763,0.516348327,64.5686515,60.4835344,1,0.580394093,64.5686515,60.4835344,0.445551315
15970,1597,0.54346934,1,1.18343195,0.519348364,69.7101147,57.5523029,1,0.637835373,69.7101147,57.5523029,0.45525701
15980,1598,0.529546992,1,1.24260355,0.511094569,71.9621005,62.9035574,1,0.552308469,71.9621005,62.9035574,0.44660034
15990,1599,0.528928373,1,1.21893491,0.515433947,66.6669743,64.7457213,1,0.514241121,66.6669743,64.7457213,0.431262967
16000,1600,0.520595333,1,1.13017751,0.518293913,65.0140987,59.3054866,1,0.516856499,65.0140987,59.3054866,0.437368079
16010,1601,0.519084019,1,1.17159763,0.519736724,70.4994519,57.8368224,1,0.498733697,70.4994519,57.8368224,0.43681252
16020,1602,0.514962546,1,1.10059172,0.517997431,71.7103702,63.566714,1,0.506189574,71.7103702,63.566714,0.450495991
16030,1603,0.516318529,1,1.19526627,0.515624103,65.7576542,64.0598931,1,0.579874375,65.7576542,64.0598931,0.459470069
16040,1604,0.533971419,1,1.20710059,0.517668095,65.9694704,58.263071,1,0.657454827,65.9694704,58.263071,0.446206977
16050,1605,0.539165561,1,1.17751479,0.517667338,71.6464087,59.327413,1,0.632789072,71.6464087,59.327413,0.444296219
16060,1606,0.538799893,1,1.14201183,0.509401107,70.5550439,64.7486617,1,0.632509807,70.5550439,64.7486617,0.425385412
16070,1607,0.529854206,1,1.26035503,0.519766355,65.2858137,62.9571438,1,0.514220487,65.2858137,62.9571438,0.428112158
16080,1608,0.519040917,1,1.18343195,0.516887553,67.1493494,57.534881,1,0.50609047,67.1493494,57.534881,0.441043003
16090,1609,0.517622845,1,1.10650888,0.517293767,72.4821925,59.6779462,1,0.501062837,72.4821925,59.6779462,0.442103259
16100,1610,0.512593117,1,1.1183432,0.513885034,69.9881055,65.0147066,1,0.488973335,69.9881055,65.0147066,0.453138179
16110,1611,0.509141288,1,1.15384615,0.518735085,64.9084925,62.2636447,1,0.518022806,64.9084925,62.2636447,0.444365184
16120,1612,0.530250282,1,1.17751479,0.522210241,68.1722046,57.6161535,1,0.633012935,68.1722046,57.6161535,0.43684582
16130,1613,0.535297717,1,1.11242604,0.510640374,72.3484259,61.7582109,1,0.632490257,72.3484259,61.7582109,0.452458535
16140,1614,0.529838097,1,1.22485207,0.522028033,67.7730792,65.0184533,1,0.504278807,67.7730792,65.0184533,0.432161062
16150,1615,0.519064447,1,1.18343195,0.509954667,64.3298137,60.3265274,1,0.49733878,64.3298137,60.3265274,0.447678069
16160,1616,0.524189197,1,1.20118343,0.518855404,69.0446114,57.2589538,1,0.506801501,69.0446114,57.2589538,0.432683425
16170,1617,0.511064311,1,1.0887574,0.514224979,72.2006546,62.1902469,1,0.470048821,72.2006546,62.1902469,0.450366451
16180,1618,0.512304476,1,1.10650888,0.518852486,67.4319946,64.9036736,1,0.477896313,67.4319946,64.9036736,0.422046316
16190,1619,0.511207391,1,1.17159763,0.517551022,65.033263,59.6220501,1,0.539775132,65.033263,59.6220501,0.446216567
16200,1620,0.537233131,1,1.20118343,0.520608433,70.605065,58.0983525,1,0.65466545,70.605065,58.0983525,0.444337362
16210,1621,0.535132873,1,1.17751479,0.516253707,71.1389245,63.9855296,1,0.584801033,71.1389245,63.9855296,0.454717938
16220,1622,0.528427641,1,1.24260355,0.51316036,65.3990319,63.9551364,1,0.517617458,65.3990319,63.9551364,0.441536387
16230,1623,0.52169375,1,1.21893491,0.513301701,65.6936006,58.2012664,1,0.514680108,65.6936006,58.2012664,0.443185023
16240,1624,0.51731583,1,1.14792899,0.514532031,71.439664,58.7876834,1,0.5052849,71.439664,58.7876834,0.444300727
16250,1625,0.515277075,1,1.09467456,0.51673578,70.7161151,64.5518821,1,0.484168085,70.7161151,64.5518821,0.446879441
16260,1626,0.511695669,1,1.13609467,0.517387891,65.0647622,63.770945,1,0.480180495,65.0647622,63.770945,0.43885038
16270,1627,0.512073743,1,1.18343195,0.521807512,66.4437589,58.2426736,1,0.540361389,66.4437589,58.2426736,0.438282125
16280,1628,0.540610182,1,1.19526627,0.520753584,71.743913,60.629429,1,0.656624549,71.743913,60.629429,0.447135756
16290,1629,0.529264994,1,1.23668639,0.512542045,68.5245797,65.5390534,1,0.547015221,68.5245797,65.5390534,0.451614583
16300,1630,0.521760996,1,1.20710059,0.510278621,63.984797,61.8796987,1,0.50970112,63.984797,61.8796987,0.44853808
16310,1631,0.514324053,1,1.21301775,0.51030243,67.8125413,57.4473064,1,0.510014507,67.8125413,57.4473064,0.450494325
16320,1632,0.518410139,1,1.15384615,0.511973911,71.9432533,61.1086257,1,0.498805249,71.9432533,61.1086257,0.424598946
16330,1633,0.514446615,1,1.11242604,0.519214715,67.9219955,65.2206356,1,0.468832989,67.9219955,65.2206356,0.442418986
16340,1634,0.518167812,1,1.16568047,0.519771919,64.1046227,60.9529243,1,0.533186472,64.1046227,60.9529243,0.440452258
16350,1635,0.526800375,1,1.19526627,0.518659435,69.0007107,57.5961046,1,0.622673006,69.0007107,57.5961046,0.456640135
16360,1636,0.54028482,1,1.15976331,0.516773504,71.4288843,62.9516737,1,0.643002896,71.4288843,62.9516737,0.452332199
16370,1637,0.532880972,1,1.23668639,0.510321564,65.9809119,64.9093821,1,0.580993637,65.9809119,64.9093821,0.44531104
16380,1638,0.530536009,1,1.23076923,0.51609145,64.5068191,59.5394582,1,0.514120972,64.5068191,59.5394582,0.428351954
16390,1639,0.518992549,1,1.15976331,0.516270232,70.1364434,58.2946721,1,0.506936012,70.1364434,58.2946721,0.443507822
16400,1640,0.518594786,1,1.14201183,0.519827841,71.308051,63.937798,1,0.482880442,71.308051,63.937798,0.443343497
16410,1641,0.516597746,1,1.11242604,0.519264952,65.6108863,64.8363258,1,0.509787473,65.6108863,64.8363258,0.443660393
16420,1642,0.520907252,1,1.19526627,0.519361757,65.4237545,58.8873866,1,0.578016342,65.4237545,58.8873866,0.457837058
16430,1643,0.513090513,1,1.15976331,0.512482878,71.2176626,58.9521152,1,0.586689965,71.2176626,58.9521152,0.445713053
16440,1644,0.541534373,1,1.20118343,0.518405318,69.9355871,64.6708415,1,0.622619985,69.9355871,64.6708415,0.450821394
16450,1645,0.528350882,1,1.26035503,0.509238237,64.4527028,62.8945054,1,0.530147099,64.4527028,62.8945054,0.443342537
16460,1646,0.532342717,1,1.23076923,0.517151881,66.4669072,57.8439944,1,0.514446791,66.4669072,57.8439944,0.418257026
16470,1647,0.522166231,1,1.14201183,0.516805535,71.7317088,59.989853,1,0.508584754,71.7317088,59.989853,0.437332184
16480,1648,0.517718186,1,1.13017751,0.518666342,69.3882339,65.2079574,1,0.488510215,69.3882339,65.2079574,0.440014041
16490,1649,0.518441243,1,1.1183432,0.520274141,64.3028678,62.5833806,1,0.512011046,64.3028678,62.5833806,0.440208074
16500,1650,0.513277013,1,1.20710059,0.516550867,67.4954436,57.5270783,1,0.554584207,67.4954436,57.5270783,0.459989281
16510,1651,0.524625766,1,1.15384615,0.510949394,71.9620688,61.5192123,1,0.645373517,71.9620688,61.5192123,0.460819149
16520,1652,0.536466624,1,1.18934911,0.517695253,67.5102078,65.1643425,1,0.642576883,67.5102078,65.1643425,0.442598837
16530,1653,0.538638597,1,1.27218935,0.518210915,64.2813324,60.7130386,1,0.535264141,64.2813324,60.7130386,0.423005185
16540,1654,0.527960162,1,1.20710059,0.511898746,69.0126791,57.6448322,1,0.529077413,69.0126791,57.6448322,0.433777491
16550,1655,0.52568492,1,1.17751479,0.520737079,71.7410257,62.5622154,1,0.503315168,71.7410257,62.5622154,0.432582267
16560,1656,0.514645532,1,1.13017751,0.517440052,66.5651531,65.3419365,1,0.487255046,66.5651531,65.3419365,0.451928842
16570,1657,0.515966222,1,1.15384615,0.518737651,64.2491972,59.9851847,1,0.525696525,64.2491972,59.9851847,0.448920082
16580,1658,0.506232857,1,1.17159763,0.509297011,70.0323471,58.1877621,1,0.576352284,70.0323471,58.1877621,0.46584879
16590,1659,0.536013829,1,1.15384615,0.518195791,70.8818287,63.7667523,1,0.660074717,70.8818287,63.7667523,0.434099429
16600,1660,0.531530909,1,1.14792899,0.511266067,65.1600707,64.2526525,1,0.667283984,65.1600707,64.2526525,0.441719432
16610,1661,0.539827236,1,1.23076923,0.517028355,65.2947783,58.7572502,1,0.538953964,65.2947783,58.7572502,0.422850235
16620,1662,0.5222949,1,1.21301775,0.517367868,70.9073727,59.2143827,1,0.503772587,70.9073727,59.2143827,0.433167681
16630,1663,0.517880297,1,1.16568047,0.51665204,70.230654,64.9351945,1,0.50783242,70.230654,64.9351945,0.443130583
16640,1664,0.505755494,1,1.0591716,0.509964792,64.3280792,63.7181163,1,0.507550265,64.3280792,63.7181163,0.463595857
16650,1665,0.505860084,1,1.11242604,0.512602821,65.705492,58.0131719,1,0.490716885,65.705492,58.0131719,0.451451675
16660,1666,0.514785211,1,1.13017751,0.519917714,71.1239386,59.7967196,1,0.553017454,71.1239386,59.7967196,0.438802875
16670,1667,0.540057333,1,1.18343195,0.521496669,68.3331556,64.8872384,1,0.666725536,68.3331556,64.8872384,0.446563815
16680,1668,0.52966191,1,1.24260355,0.509775939,63.6353817,61.458382,1,0.5487088,63.6353817,61.458382,0.447386464
16690,1669,0.525243051,1,1.23076923,0.512013039,67.4386918,57.2770647,1,0.504192564,67.4386918,57.2770647,0.4347929
16700,1670,0.519608721,1,1.17159763,0.514459869,71.5565872,61.3906458,1,0.514117792,71.5565872,61.3906458,0.447733351
16710,1671,0.517317723,1,1.15976331,0.51664255,67.5475879,65.3783406,1,0.496850089,67.5475879,65.3783406,0.434964359
16720,1672,0.522264016,1,1.18343195,0.526368807,63.8211278,61.3439488,1,0.506553588,63.8211278,61.3439488,0.422466847
16730,1673,0.49962817,1,1.14201183,0.508180817,68.6178215,57.5838712,1,0.537308626,68.6178215,57.5838712,0.468829928
16740,1674,0.529449084,1,1.16568047,0.518384604,71.1966685,62.845471,1,0.646562106,71.1966685,62.845471,0.450738278
16750,1675,0.534779469,1,1.22485207,0.515070695,65.5575743,64.5768806,1,0.592487851,65.5575743,64.5768806,0.453762455
16760,1676,0.52751057,1,1.23076923,0.510027231,64.4804081,58.9608571,1,0.521697434,64.4804081,58.9608571,0.439876309
16770,1677,0.524060917,1,1.18934911,0.518157983,70.0541502,58.1151466,1,0.508531078,70.0541502,58.1151466,0.433656717
16780,1678,0.523184241,1,1.18934911,0.515762136,70.9174051,63.618009,1,0.517304442,70.9174051,63.618009,0.428473988
16790,1679,0.519588503,1,1.16568047,0.52007816,65.2240293,64.1428153,1,0.487962868,65.2240293,64.1428153,0.439808656
16800,1680,0.508059136,1,1.12426036,0.514585442,64.9364275,58.1709276,1,0.486555413,64.9364275,58.1709276,0.459908386
16810,1681,0.521885084,1,1.21301775,0.520862759,70.7006553,58.7650962,1,0.592776889,70.7006553,58.7650962,0.445751535
16820,1682,0.540569734,1,1.20118343,0.520174023,69.1712411,64.4766855,1,0.657433491,69.1712411,64.4766855,0.45483179
16830,1683,0.534311081,1,1.21893491,0.509494289,63.7083055,62.4488508,1,0.604079007,63.7083055,62.4488508,0.448242985
16840,1684,0.532506007,1,1.21893491,0.512808767,66.1749011,57.3450092,1,0.524381623,66.1749011,57.3450092,0.43604796
16850,1685,0.519948396,1,1.17159763,0.515403319,71.1593838,60.2423019,1,0.507290189,71.1593838,60.2423019,0.443489207
16860,1686,0.519561877,1,1.17159763,0.516148368,68.3456521,65.0857932,1,0.502908391,68.3456521,65.0857932,0.430882502
16870,1687,0.513349906,1,1.12426036,0.518958361,63.424099,61.8972236,1,0.48243167,63.424099,61.8972236,0.451091124
16880,1688,0.511854128,1,1.13017751,0.515179703,66.9596496,57.2300951,1,0.524765538,66.9596496,57.2300951,0.450392379
16890,1689,0.522991399,1,1.17159763,0.517917029,71.0752916,61.3432013,1,0.605318231,71.0752916,61.3432013,0.447584916
16900,1690,0.537566464,1,1.16568047,0.517118014,66.4873118,64.881342,1,0.661682219,66.4873118,64.881342,0.445676127
16910,1691,0.541454829,1,1.22485207,0.520297562,63.61632,60.1162327,1,0.560482406,63.61632,60.1162327,0.427936148
16920,1692,0.524878556,1,1.21301775,0.512366618,68.6221057,57.5018739,1,0.513675305,68.6221057,57.5018739,0.434412907
16930,1693,0.515498938,1,1.18343195,0.51537788,70.8773732,62.9285586,1,0.500986287,70.8773732,62.9285586,0.452050805
16940,1694,0.51075991,1,1.12426036,0.507790311,65.4505807,65.2528597,1,0.49792062,65.4505807,65.2528597,0.45412281
16950,1695,0.514793073,1,1.12426036,0.517763341,63.718904,59.7458635,1,0.499140002,63.718904,59.7458635,0.444064816
16960,1696,0.500535532,1,1.14201183,0.512780264,69.3518153,58.0947128,1,0.483349969,69.3518153,58.0947128,0.451532482
16970,1697,0.52011409,1,1.14792899,0.521860063,70.134956,63.7027405,1,0.589796848,70.134956,63.7027405,0.435572696
16980,1698,0.536885611,1,1.18934911,0.514151277,64.2729356,63.6017167,1,0.643096436,64.2729356,63.6017167,0.4509916
16990,1699,0.52354405,1,1.21893491,0.510764852,65.3735164,57.9417755,1,0.515573636,65.3735164,57.9417755,0.443534839
17000,1700,0.516227884,1,1.17159763,0.511990174,70.903,59.5893641,1,0.505697449,70.903,59.5893641,0.443825076
17010,1701,0.515262594,1,1.17751479,0.514637266,69.1578597,65.1230655,1,0.504621992,69.1578597,65.1230655,0.446335279
17020,1702,0.510261965,1,1.12426036,0.511158676,63.6138016,63.3204493,1,0.481970644,63.6138016,63.3204493,0.44844244
17030,1703,0.513986334,1,1.13609467,0.51657936,65.8233586,58.0913005,1,0.495805709,65.8233586,58.0913005,0.436677466
17040,1704,0.519205388,1,1.21301775,0.523761239,70.9201151,60.6701336,1,0.556941636,70.9201151,60.6701336,0.439387062
17050,1705,0.537895257,1,1.15976331,0.520978012,67.5853383,65.4072034,1,0.661963957,67.5853383,65.4072034,0.44562679
17060,1706,0.537276252,1,1.21893491,0.515463214,63.4061251,61.405527,1,0.558695114,63.4061251,61.405527,0.445086497
17070,1707,0.525605771,1,1.21301775,0.519613999,67.8564856,57.7981414,1,0.51043412,67.8564856,57.7981414,0.440675509
17080,1708,0.510985432,1,1.19526627,0.506755404,71.6811054,62.3122298,1,0.508772856,71.6811054,62.3122298,0.455113683
17090,1709,0.52062492,1,1.14201183,0.516958895,67.0237691,65.6030242,1,0.498994421,67.0237691,65.6030242,0.438664655
17100,1710,0.51366995,1,1.10650888,0.519153106,63.6471603,60.8577337,1,0.474426233,63.6471603,60.8577337,0.448001931
17110,1711,0.512255996,1,1.17159763,0.523696841,68.4839533,57.9350111,1,0.523868234,68.4839533,57.9350111,0.434713215
17120,1712,0.519410501,1,1.13017751,0.513358481,70.5731655,63.5661038,1,0.65138299,70.5731655,63.5661038,0.462012657
17130,1713,0.530247984,1,1.20710059,0.512093649,64.7529765,64.4967253,1,0.582143543,64.7529765,64.4967253,0.453393885
17140,1714,0.526279839,1,1.22485207,0.512483311,64.4021818,58.7550737,1,0.523121689,64.4021818,58.7550737,0.442489056
17150,1715,0.528878003,1,1.21893491,0.513435799,69.9765896,58.4979738,1,0.51811335,69.9765896,58.4979738,0.429256428
17160,1716,0.526142212,1,1.18934911,0.519098727,70.0801341,64.0233943,1,0.501801812,70.0801341,64.0233943,0.425106971
17170,1717,0.519529427,1,1.14792899,0.52116934,64.3991062,64.1202366,1,0.480545599,64.3991062,64.1202366,0.437065633
17180,1718,0.519739717,1,1.16568047,0.521252788,64.9032701,58.339623,1,0.525463157,64.9032701,58.339623,0.446350588
17190,1719,0.528890596,1,1.16568047,0.51644768,70.7314245,59.7526568,1,0.639028966,70.7314245,59.7526568,0.461307945
17200,1720,0.521411569,1,1.18934911,0.505537818,68.7627172,65.3678076,1,0.672139428,68.7627172,65.3678076,0.457713168
17210,1721,0.527907685,1,1.11242604,0.512138203,63.7115118,63.2818342,1,0.664791618,63.7115118,63.2818342,0.420382761
17220,1722,0.537947229,1,1.23668639,0.51690991,66.4606456,58.3618829,1,0.530240082,66.4606456,58.3618829,0.433532738
17230,1723,0.525816988,1,1.18343195,0.516939061,71.1170569,61.3823709,1,0.506604341,71.1170569,61.3823709,0.426943963
17240,1724,0.527070618,1,1.18343195,0.515681438,68.3342549,65.9718923,1,0.520877136,68.3342549,65.9718923,0.412867687
17250,1725,0.515141974,1,1.14201183,0.518591983,63.5883107,62.5899198,1,0.487046833,63.5883107,62.5899198,0.448282223
17260,1726,0.517862371,1,1.14792899,0.521146754,66.9020462,58.1166087,1,0.502338324,66.9020462,58.1166087,0.42822984
17270,1727,0.513771385,1,1.20710059,0.517533401,71.2653269,62.0059127,1,0.541134483,71.2653269,62.0059127,0.449621171
17280,1728,0.531427456,1,1.15384615,0.518685589,66.6396239,65.6719765,1,0.654865366,66.6396239,65.6719765,0.454023119
17290,1729,0.535339489,1,1.20710059,0.512834812,63.6642265,60.6899646,1,0.63228784,63.6642265,60.6899646,0.446375488
17300,1730,0.5282637,1,1.19526627,0.515040954,68.9434354,58.4853879,1,0.513777129,68.9434354,58.4853879,0.440079372
17310,1731,0.517202341,1,1.19526627,0.51151502,70.9477108,64.0279281,1,0.508473657,70.9477108,64.0279281,0.453369184
17320,1732,0.51657585,1,1.15384615,0.513951156,65.3935567,65.8078869,1,0.503432309,65.3935567,65.8078869,0.448646099
17330,1733,0.515224048,1,1.1183432,0.515758659,63.7548212,60.3559125,1,0.479059595,63.7548212,60.3559125,0.437917868
17340,1734,0.521881799,1,1.15976331,0.522283884,69.3723737,59.1902399,1,0.518469934,69.3723737,59.1902399,0.441324582
17350,1735,0.510063284,1,1.17159763,0.514086194,70.1853452,65.1023076,1,0.553330778,70.1853452,65.1023076,0.459054004
17360,1736,0.530090118,1,1.19526627,0.517114096,64.4201796,64.9933325,1,0.657091588,64.4201796,64.9933325,0.443553499
17370,1737,0.539294565,1,1.20118343,0.517072556,65.2921984,59.4265641,1,0.587151291,65.2921984,59.4265641,0.43343493
17380,1738,0.524820696,1,1.20118343,0.515539604,70.7920478,60.9362167,1,0.514767214,70.7920478,60.9362167,0.438713794
17390,1739,0.518824612,1,1.20118343,0.514432505,69.0310565,66.4410024,1,0.510326176,69.0310565,66.4410024,0.444584488
17400,1740,0.515908752,1,1.1183432,0.513958895,63.4564956,64.6146336,1,0.496330685,63.4564956,64.6146336,0.451239921
17410,1741,0.516977718,1,1.0887574,0.516382936,65.4044765,59.2246491,1,0.476878536,65.4044765,59.2246491,0.440860928
17420,1742,0.515561829,1,1.14792899,0.525091974,70.6723248,61.4022375,1,0.502811129,70.6723248,61.4022375,0.43847582
17430,1743,0.523228746,1,1.16568047,0.522678486,67.9614914,66.5173019,1,0.598016384,67.9614914,66.5173019,0.445307559
17440,1744,0.53727771,1,1.23076923,0.513992887,63.3186198,62.6861424,1,0.634303022,63.3186198,62.6861424,0.463036285
17450,1745,0.523900746,1,1.20710059,0.505903553,67.7729023,58.7139065,1,0.534046903,67.7729023,58.7139065,0.459091531
17460,1746,0.525744408,1,1.23076923,0.509971055,71.3730433,63.0910997,1,0.522399425,71.3730433,63.0910997,0.43596344
17470,1747,0.523202419,1,1.15384615,0.513556371,66.9882963,66.5501011,1,0.510790616,66.9882963,66.5501011,0.429604865
17480,1748,0.518455943,1,1.1183432,0.519521443,63.6571996,62.0292437,1,0.484130138,63.6571996,62.0292437,0.431965072
17490,1749,0.517890855,1,1.14201183,0.522061603,68.3079416,58.8749016,1,0.50087941,68.3079416,58.8749016,0.432272622
17500,1750,0.507301784,1,1.15976331,0.513351809,71.0701633,64.2354323,1,0.557487904,71.0701633,64.2354323,0.463873311
17510,1751,0.530489994,1,1.20710059,0.515268119,65.4252095,65.9836852,1,0.658080668,65.4252095,65.9836852,0.454574982
17520,1752,0.532291185,1,1.21301775,0.513732058,64.649405,60.0829306,1,0.587015697,64.649405,60.0829306,0.457810441
17530,1753,0.519471842,1,1.20118343,0.509364248,70.5611517,60.0955852,1,0.506573114,70.5611517,60.0955852,0.454750793
17540,1754,0.527567487,1,1.21893491,0.511689239,70.488172,65.6303803,1,0.516649116,70.488172,65.6303803,0.425790481
17550,1755,0.521832339,1,1.17159763,0.516658825,65.002772,65.4428179,1,0.519608992,65.002772,65.4428179,0.422200445
17560,1756,0.521635375,1,1.16568047,0.523107962,65.3536793,59.9392787,1,0.485523117,65.3536793,59.9392787,0.424208833
17570,1757,0.517152855,1,1.14201183,0.521313128,71.0862685,60.6476472,1,0.512906347,71.0862685,60.6476472,0.444322265
17580,1758,0.522730907,1,1.15976331,0.516988147,69.3708396,66.4236784,1,0.610244857,69.3708396,66.4236784,0.463490954
17590,1759,0.529546978,1,1.20118343,0.509911712,63.9464107,63.6888547,1,0.64501039,63.9464107,63.6888547,0.467295439
17600,1760,0.531244428,1,1.16568047,0.506761747,66.940656,58.8793766,1,0.593865838,66.940656,58.8793766,0.435798828
17610,1761,0.532555314,1,1.22485207,0.51789714,71.3639003,62.1745528,1,0.518166121,71.3639003,62.1745528,0.424286917
17620,1762,0.522675049,1,1.17159763,0.514874493,67.9535864,66.6256578,1,0.517045517,67.9535864,66.6256578,0.431336005
17630,1763,0.520895289,1,1.17159763,0.518243597,63.6303716,62.9219366,1,0.49695543,63.6303716,62.9219366,0.437906105
17640,1764,0.515723349,1,1.13017751,0.518692505,67.6005789,58.802533,1,0.513796734,67.6005789,58.802533,0.440091651
17650,1765,0.507874257,1,1.16568047,0.512309606,71.5699456,63.3526711,1,0.55197586,71.5699456,63.3526711,0.464475454
17660,1766,0.527154314,1,1.18343195,0.514314657,66.6123608,66.5285847,1,0.635448643,66.6123608,66.5285847,0.452893875
17670,1767,0.532466912,1,1.13609467,0.513097115,64.0125237,61.3758519,1,0.666520484,64.0125237,61.3758519,0.443958844
17680,1768,0.537783188,1,1.23076923,0.517257656,69.3448522,59.4613715,1,0.536561789,69.3448522,59.4613715,0.435814973
17690,1769,0.528399351,1,1.18934911,0.514194112,70.9800351,64.8461289,1,0.520531684,70.9800351,64.8461289,0.432889251
17700,1770,0.517866277,1,1.17159763,0.516508541,65.3374325,66.0791847,1,0.507115986,65.3374325,66.0791847,0.444289145
17710,1771,0.514859582,1,1.1183432,0.513561774,64.2402081,60.3530563,1,0.506584857,64.2402081,60.3530563,0.448484951
17720,1772,0.511677585,1,1.10650888,0.513192031,70.1377894,59.5357661,1,0.489905628,70.1377894,59.5357661,0.457995564
17730,1773,0.507499141,1,1.1183432,0.514444151,70.7336403,65.2756978,1,0.485438377,70.7336403,65.2756978,0.443905838
17740,1774,0.531192733,1,1.17751479,0.523583593,65.0162074,64.9732241,1,0.621573267,65.0162074,64.9732241,0.440417564
17750,1775,0.53172135,1,1.16568047,0.513114551,65.9834377,59.2252681,1,0.672591283,65.9834377,59.2252681,0.448366741
17760,1776,0.533453088,1,1.21893491,0.508835479,71.2940658,60.9792033,1,0.549531919,71.2940658,60.9792033,0.430212964
17770,1777,0.530187132,1,1.18934911,0.517327194,69.2181463,66.017914,1,0.51877558,69.2181463,66.017914,0.419199344
17780,1778,0.519674602,1,1.17751479,0.516079864,64.053839,63.7375713,1,0.506715634,64.053839,63.7375713,0.434258078
17790,1779,0.514343979,1,1.10650888,0.518051778,66.7133592,58.4769408,1,0.505289976,66.7133592,58.4769408,0.453437104
17800,1780,0.512292987,1,1.0887574,0.511730305,71.8550401,61.5483691,1,0.523839796,71.8550401,61.5483691,0.46070793
17810,1781,0.505778293,1,1.17751479,0.513887286,68.5199499,66.4039993,1,0.520054709,68.5199499,66.4039993,0.453128322
17820,1782,0.528310354,1,1.17751479,0.518970746,64.2541494,62.4389255,1,0.639951928,64.2541494,62.4389255,0.447999259
17830,1783,0.537197315,1,1.17751479,0.517617271,68.8000469,58.8788457,1,0.615291728,68.8000469,58.8788457,0.444155683
17840,1784,0.532369943,1,1.23668639,0.519072851,71.7888764,63.6649152,1,0.502174616,71.7888764,63.6649152,0.434050433
17850,1785,0.523516062,1,1.18343195,0.511552418,66.9519275,66.6271675,1,0.521170823,66.9519275,66.6271675,0.436303824
17860,1786,0.523566227,1,1.18343195,0.5233576,64.3744479,61.5219156,1,0.509065969,64.3744479,61.5219156,0.439923319
17870,1787,0.50632422,1,1.0887574,0.512429159,69.7065627,58.7722983,1,0.471475231,69.7065627,58.7722983,0.46148618
17880,1788,0.514235697,1,1.13609467,0.521146318,71.8669495,63.895068,1,0.508361652,71.8669495,63.895068,0.427667684
17890,1789,0.516905454,1,1.15976331,0.516928907,66.1694234,65.5915337,1,0.588909282,66.1694234,65.5915337,0.457286821
17900,1790,0.530600636,1,1.15976331,0.514608562,65.4005968,59.8895807,1,0.665632672,65.4005968,59.8895807,0.442580937
17910,1791,0.5347157,1,1.20710059,0.513743023,71.1830112,59.9864372,1,0.584641759,71.1830112,59.9864372,0.444863501
17920,1792,0.526882949,1,1.21301775,0.519371892,70.4960991,65.5621484,1,0.507912253,70.4960991,65.5621484,0.432143438
17930,1793,0.520497012,1,1.21301775,0.513543439,64.8505162,64.8467414,1,0.513389927,64.8505162,64.8467414,0.437748499
17940,1794,0.512979971,1,1.14792899,0.515035785,65.8830195,59.075032,1,0.489052517,65.8830195,59.075032,0.451025737
17950,1795,0.512986156,1,1.08284024,0.515219094,71.4750313,60.38568,1,0.499222879,71.4750313,60.38568,0.441811723
17960,1796,0.517841665,1,1.17751479,0.520209657,69.6263951,65.8956101,1,0.545489288,69.6263951,65.8956101,0.447059987
17970,1797,0.530981076,1,1.17751479,0.519908479,64.275588,63.2903963,1,0.648374362,64.275588,63.2903963,0.457794271
17980,1798,0.529782323,1,1.16568047,0.509495761,67.4328328,58.4236578,1,0.660090582,67.4328328,58.4236578,0.446242291
17990,1799,0.538065088,1,1.21301775,0.519951852,71.6683768,62.1628477,1,0.533919798,71.6683768,62.1628477,0.434607721
18000,1800,0.523041042,1,1.20118343,0.517441663,67.6264083,66.2370422,1,0.50587525,67.6264083,66.2370422,0.441464547
18010,1801,0.526831288,1,1.21893491,0.519300539,63.6862036,62.5095428,1,0.515998068,63.6862036,62.5095428,0.417228562
18020,1802,0.515381588,1,1.16568047,0.515303151,67.8915459,58.5613881,1,0.500760383,67.8915459,58.5613881,0.44371235
18030,1803,0.511343227,1,1.16568047,0.517021935,71.3839261,63.4336611,1,0.537400739,71.3839261,63.4336611,0.461126505
18040,1804,0.513146938,1,1.17159763,0.510503627,66.1343391,66.3267019,1,0.596136324,66.1343391,66.3267019,0.461075726
18050,1805,0.533586461,1,1.17159763,0.515520159,64.1850679,60.7488029,1,0.665590405,64.1850679,60.7488029,0.454514599
18060,1806,0.532741161,1,1.23668639,0.515332208,69.9429771,59.6685655,1,0.547333997,69.9429771,59.6685655,0.450643402
18070,1807,0.532519527,1,1.23668639,0.510459228,70.7036743,65.1741733,1,0.523927495,70.7036743,65.1741733,0.427531632
18080,1808,0.524170231,1,1.18343195,0.516260169,65.1601629,65.5317093,1,0.525249457,65.1601629,65.5317093,0.427309946
18090,1809,0.52024935,1,1.15384615,0.51935731,64.8931435,59.8551507,1,0.494441605,64.8931435,59.8551507,0.437141172
18100,1810,0.517498607,1,1.11242604,0.518703157,70.7189091,59.8730997,1,0.504730049,70.7189091,59.8730997,0.448137946
18110,1811,0.513757446,1,1.14792899,0.516866231,70.0976112,65.7559579,1,0.542683895,70.0976112,65.7559579,0.455044257
18120,1812,0.536427419,1,1.15976331,0.521394743,64.4353005,64.2677037,1,0.648734033,64.4353005,64.2677037,0.450355958
18130,1813,0.532841266,1,1.18934911,0.512274861,66.6793439,58.7079833,1,0.620567454,66.6793439,58.7079833,0.461193603
18140,1814,0.536592769,1,1.21893491,0.513795637,71.5874843,61.2694472,1,0.562246313,71.5874843,61.2694472,0.425871463
18150,1815,0.525382623,1,1.17751479,0.519098342,68.495901,66.0667951,1,0.501095117,68.495901,66.0667951,0.439017425
18160,1816,0.528285359,1,1.20710059,0.520275709,63.7458684,63.3265699,1,0.514754513,63.7458684,63.3265699,0.421827834
18170,1817,0.515087433,1,1.17751479,0.519062623,66.8327203,58.5584722,1,0.490731299,66.8327203,58.5584722,0.436929924
18180,1818,0.516094274,1,1.15384615,0.519458896,71.2673137,62.0921505,1,0.515648172,71.2673137,62.0921505,0.436178272
18190,1819,0.526355344,1,1.21893491,0.520070913,66.9898497,66.1484705,1,0.616935552,66.9898497,66.1484705,0.453457657
18200,1820,0.536785113,1,1.21301775,0.516373462,63.5324114,61.3544413,1,0.666254049,63.5324114,61.3544413,0.454670671
18210,1821,0.535206027,1,1.20118343,0.512120468,68.6798348,58.5457976,1,0.59551635,68.6798348,58.5457976,0.451063478
18220,1822,0.527908698,1,1.20118343,0.509475589,70.9053088,63.8463594,1,0.527574949,70.9053088,63.8463594,0.442215311
18230,1823,0.525613848,1,1.20710059,0.521123996,65.5637415,65.7361285,1,0.516484015,65.5637415,65.7361285,0.435846237
18240,1824,0.521515026,1,1.17159763,0.517216862,63.6377605,60.442083,1,0.503438598,63.6377605,60.442083,0.433346143
18250,1825,0.518825228,1,1.1183432,0.521344505,69.2796767,58.9943058,1,0.514085148,69.2796767,58.9943058,0.448054817
18260,1826,0.504647862,1,1.15976331,0.510188271,70.5386349,64.9435745,1,0.525996274,70.5386349,64.9435745,0.467770573
18270,1827,0.518907155,1,1.15976331,0.516354438,64.8691162,65.5475796,1,0.584432811,64.8691162,65.5475796,0.438584757
18280,1828,0.545114843,1,1.17159763,0.52253594,65.2004468,59.7047548,1,0.651800222,65.2004468,59.7047548,0.450170129
18290,1829,0.531140139,1,1.21301775,0.511202467,70.9227128,60.6629879,1,0.541495174,70.9227128,60.6629879,0.446303285
18300,1830,0.516979636,1,1.20118343,0.511049612,69.2071904,66.2282085,1,0.513806078,69.2071904,66.2282085,0.447971746
18310,1831,0.510505472,1,1.17751479,0.510282395,63.6252671,64.186224,1,0.507985868,63.6252671,64.186224,0.457207679
18320,1832,0.517435386,1,1.13609467,0.514158591,65.6348935,58.8706385,1,0.48939554,65.6348935,58.8706385,0.437137322
18330,1833,0.514220922,1,1.13017751,0.518154039,70.8724158,61.0836713,1,0.475518182,70.8724158,61.0836713,0.437374866
18340,1834,0.509920597,1,1.16568047,0.520206991,68.3729235,66.2353845,1,0.515116337,68.3729235,66.2353845,0.440465127
18350,1835,0.538939114,1,1.20118343,0.520932897,63.6878184,62.6582291,1,0.660242036,63.6878184,62.6582291,0.453430383
18360,1836,0.528770007,1,1.15976331,0.507857735,68.0137478,58.5885372,1,0.584244823,68.0137478,58.5885372,0.456874238
18370,1837,0.53357906,1,1.22485207,0.518223581,71.3484345,63.0559907,1,0.526984715,71.3484345,63.0559907,0.428829948
18380,1838,0.527971768,1,1.21893491,0.51801206,66.8395462,66.4138425,1,0.515320972,66.8395462,66.4138425,0.432450308
18390,1839,0.516750534,1,1.16568047,0.51219474,63.5122701,61.7335691,1,0.503074805,63.5122701,61.7335691,0.441726879
18400,1840,0.514296601,1,1.10650888,0.517631944,68.3404088,58.6837326,1,0.484427908,68.3404088,58.6837326,0.439286852
18410,1841,0.515899538,1,1.13609467,0.520473162,71.1570309,63.7260146,1,0.517120571,71.1570309,63.7260146,0.444279674
18420,1842,0.511026954,1,1.14792899,0.513345521,65.614971,65.9634977,1,0.585460669,65.614971,65.9634977,0.459744971
18430,1843,0.529187336,1,1.16568047,0.513103668,64.5622323,60.1130386,1,0.661942259,64.5622323,60.1130386,0.457263089
18440,1844,0.527976924,1,1.23076923,0.51391262,70.3923108,59.9926878,1,0.532814257,70.3923108,59.9926878,0.448563118
18450,1845,0.518516582,1,1.23076923,0.510605493,70.0143852,65.8194783,1,0.509336125,70.0143852,65.8194783,0.449156449
18460,1846,0.51667378,1,1.16568047,0.511193073,64.2217323,65.3109608,1,0.508358289,64.2217323,65.3109608,0.447302353
18470,1847,0.52147171,1,1.17751479,0.517549883,64.72521,59.8804213,1,0.49587625,64.72521,59.8804213,0.419525296
18480,1848,0.518217523,1,1.13609467,0.525153305,70.2086405,60.4474462,1,0.475975932,70.2086405,60.4474462,0.424051515
18490,1849,0.51632178,1,1.14201183,0.520292888,69.1479716,66.0776346,1,0.52598447,69.1479716,66.0776346,0.44070976
18500,1850,0.530581394,1,1.16568047,0.518489719,63.5673267,63.9269225,1,0.649057393,63.5673267,63.9269225,0.46005634
18510,1851,0.536332131,1,1.22485207,0.515447741,66.6008233,58.8503681,1,0.601529044,66.6008233,58.8503681,0.454910789
18520,1852,0.526051571,1,1.25443787,0.510635462,71.235139,62.249378,1,0.522053385,71.235139,62.249378,0.442091253
18530,1853,0.52749912,1,1.23076923,0.515813785,67.7702798,66.5776153,1,0.514100499,67.7702798,66.5776153,0.426482016
18540,1854,0.527335531,1,1.21893491,0.518556442,63.5107122,63.1497867,1,0.517652973,63.5107122,63.1497867,0.420579523
18550,1855,0.520913305,1,1.13609467,0.521690347,67.1129993,58.9435975,1,0.4847519,67.1129993,58.9435975,0.425993448
18560,1856,0.508058518,1,1.10650888,0.511949617,71.3500505,63.1570193,1,0.511301837,71.3500505,63.1570193,0.459646926
18570,1857,0.526693672,1,1.18343195,0.518657151,66.5290708,66.6786852,1,0.610095042,66.5290708,66.6786852,0.459250588
18580,1858,0.522961095,1,1.16568047,0.512802023,63.3734507,61.7996883,1,0.637078041,63.3734507,61.7996883,0.446965768
18590,1859,0.53817185,1,1.17159763,0.51486526,68.4788539,59.2565463,1,0.666069437,68.4788539,59.2565463,0.438749662
18600,1860,0.534349612,1,1.25443787,0.517972778,70.4261146,64.5935008,1,0.520260665,70.4261146,64.5935008,0.437007767
18610,1861,0.528189975,1,1.23076923,0.515572724,65.178149,66.2495511,1,0.514582834,65.178149,66.2495511,0.423312143
18620,1862,0.5151663,1,1.18934911,0.5144785,63.9193123,60.4689167,1,0.512123842,63.9193123,60.4689167,0.455085691
18630,1863,0.502708745,1,1.14201183,0.505430617,69.9031257,59.2406271,1,0.481510497,69.9031257,59.2406271,0.469890571
18640,1864,0.51664507,1,1.10059172,0.516411116,70.7841591,64.847371,1,0.4871954,70.7841591,64.847371,0.43658029
18650,1865,0.517376084,1,1.19526627,0.522522488,65.0557666,65.3882705,1,0.52801852,65.0557666,65.3882705,0.442605603
18660,1866,0.514748197,1,1.13609467,0.514689419,65.106517,59.5756985,1,0.604315254,65.106517,59.5756985,0.447137963
18670,1867,0.540088186,1,1.19526627,0.516628168,70.7077281,60.7786922,1,0.632432167,70.7077281,60.7786922,0.440687736
18680,1868,0.52613314,1,1.20710059,0.514143563,68.8683137,66.1447284,1,0.512007087,68.8683137,66.1447284,0.436349771
18690,1869,0.50637024,1,1.14792899,0.505512177,63.3717969,63.6398079,1,0.510193109,63.3717969,63.6398079,0.464645462
18700,1870,0.507514096,1,1.13609467,0.506044121,66.1855555,58.3747065,1,0.504166747,66.1855555,58.3747065,0.459215499
18710,1871,0.511461686,1,1.14792899,0.51355993,71.2110241,61.1823262,1,0.465235238,71.2110241,61.1823262,0.44281284
18720,1872,0.514411707,1,1.15384615,0.520722697,68.1296877,65.9366853,1,0.518431011,68.1296877,65.9366853,0.435812274
18730,1873,0.511615938,1,1.15976331,0.520392874,63.5702594,62.5157047,1,0.55905783,63.5702594,62.5157047,0.43847162
18740,1874,0.537526013,1,1.15976331,0.51407774,68.0209869,58.5880546,1,0.655388466,68.0209869,58.5880546,0.456610946
18750,1875,0.52903722,1,1.25443787,0.511615796,71.0824517,63.5086418,1,0.522966065,71.0824517,63.5086418,0.445787284
18760,1876,0.525325072,1,1.17159763,0.515638251,66.1094495,66.2039569,1,0.515204488,66.1094495,66.2039569,0.435111856
18770,1877,0.519826488,1,1.14792899,0.518336204,63.6307708,61.0088057,1,0.506755963,63.6307708,61.0088057,0.44278198
18780,1878,0.521272879,1,1.12426036,0.520009737,68.8018317,58.6531095,1,0.498501377,68.8018317,58.6531095,0.437104346
18790,1879,0.510043109,1,1.13609467,0.515772778,71.0448169,64.1250582,1,0.485714405,71.0448169,64.1250582,0.454908827
18800,1880,0.508190222,1,1.14201183,0.517491471,65.5401314,65.8319027,1,0.52364987,65.5401314,65.8319027,0.443325794
18810,1881,0.527843139,1,1.14201183,0.517836627,64.6595115,60.0471385,1,0.644085987,64.6595115,60.0471385,0.450108389
18820,1882,0.529935592,1,1.21893491,0.513651895,70.6174474,60.4223063,1,0.550390321,70.6174474,60.4223063,0.459210482
18830,1883,0.517434463,1,1.18934911,0.507982969,69.6014018,66.1249967,1,0.510700928,69.6014018,66.1249967,0.445576729
18840,1884,0.519001864,1,1.20118343,0.515411533,64.0027259,64.9506614,1,0.506637348,64.0027259,64.9506614,0.440039237
18850,1885,0.52343746,1,1.17159763,0.514587229,64.9021361,59.5881395,1,0.512665182,64.9021361,59.5881395,0.418263387
18860,1886,0.520769664,1,1.15976331,0.524811541,70.3261123,60.7061498,1,0.465183479,70.3261123,60.7061498,0.426000148
18870,1887,0.516521441,1,1.15384615,0.523174457,68.9851932,66.2142636,1,0.498185179,68.9851932,66.2142636,0.436075709
18880,1888,0.528495309,1,1.20710059,0.51880313,63.5400336,63.7331432,1,0.626535263,63.5400336,63.7331432,0.460291409
18890,1889,0.528979319,1,1.17159763,0.507912625,67.0035439,58.7564669,1,0.64911533,67.0035439,58.7564669,0.466405179
18900,1890,0.532956087,1,1.20710059,0.509196569,71.3823207,62.4183509,1,0.57977774,71.3823207,62.4183509,0.439089165
18910,1891,0.532134278,1,1.25443787,0.51017229,67.5665414,66.5255637,1,0.524526857,67.5665414,66.5255637,0.431245402
18920,1892,0.525392673,1,1.17751479,0.517869175,63.7637177,62.5360576,1,0.508838189,63.7637177,62.5360576,0.423968482
18930,1893,0.520978199,1,1.17159763,0.520645409,67.7578945,58.6954989,1,0.507276472,67.7578945,58.6954989,0.426235336
18940,1894,0.508305514,1,1.12426036,0.514156879,71.5623156,63.1516335,1,0.496427925,71.5623156,63.1516335,0.450711173
18950,1895,0.516331521,1,1.17159763,0.517719516,66.5727269,66.2536651,1,0.556391465,66.5727269,66.2536651,0.451942518
18960,1896,0.527024665,1,1.18934911,0.513044144,64.303994,60.5707082,1,0.665888654,64.303994,60.5707082,0.470698509
18970,1897,0.533831978,1,1.19526627,0.511501534,69.9886281,59.2325289,1,0.606083172,69.9886281,59.2325289,0.449232011
18980,1898,0.531331218,1,1.24260355,0.511016843,70.8510415,64.858253,1,0.546512216,70.8510415,64.858253,0.437803344
18990,1899,0.530677228,1,1.19526627,0.512327016,65.4116348,65.4627346,1,0.512679229,65.4116348,65.4627346,0.420991667
19000,1900,0.523641913,1,1.17751479,0.520830039,64.932151,59.9295443,1,0.503237415,64.932151,59.9295443,0.427225116
19010,1901,0.515325029,1,1.13017751,0.515033921,70.7032873,59.5975755,1,0.496960889,70.7032873,59.5975755,0.444667404
19020,1902,0.514540863,1,1.10650888,0.516841384,70.5683954,65.443363,1,0.501376774,70.5683954,65.443363,0.449795661
19030,1903,0.5214548,1,1.15976331,0.517526773,64.6888867,64.7206351,1,0.574632339,64.6888867,64.7206351,0.455674017
19040,1904,0.524161909,1,1.14201183,0.514668707,66.1198361,58.9535744,1,0.652374436,66.1198361,58.9535744,0.457072015
19050,1905,0.539670727,1,1.18934911,0.515345603,71.3863019,61.1667261,1,0.609693659,71.3863019,61.1667261,0.43943012
19060,1906,0.528324326,1,1.20118343,0.517335842,68.5957332,66.0751748,1,0.503878167,68.5957332,66.0751748,0.434326942
19070,1907,0.52392515,1,1.21893491,0.517903301,63.7091053,63.2715107,1,0.515432514,63.7091053,63.2715107,0.433368974
19080,1908,0.511994869,1,1.15384615,0.515236474,66.9121406,58.4077606,1,0.508067927,66.9121406,58.4077606,0.447977038
19090,1909,0.511940658,1,1.13017751,0.512710785,71.5320472,62.1182431,1,0.51639634,71.5320472,62.1182431,0.455805532
19100,1910,0.521883409,1,1.18934911,0.514796556,66.9974396,66.155636,1,0.613470043,66.9974396,66.155636,0.467039059
19110,1911,0.514217832,1,1.14792899,0.510423463,63.3919253,61.6424005,1,0.611046933,63.3919253,61.6424005,0.444353322
19120,1912,0.513893097,1,1.12426036,0.51039948,68.0112657,58.479709,1,0.624853589,68.0112657,58.479709,0.430638192
19130,1913,0.537988682,1,1.17751479,0.510855571,70.512692,63.5422537,1,0.594596662,70.512692,63.5422537,0.4343702
19140,1914,0.532733986,1,1.27810651,0.513688668,65.5166181,65.676802,1,0.524336741,65.5166181,65.676802,0.417919974
19150,1915,0.5227782,1,1.17751479,0.516988579,63.6625525,60.3733156,1,0.508456939,63.6625525,60.3733156,0.432171664
19160,1916,0.51278135,1,1.13609467,0.516491354,69.2728053,58.7013053,1,0.514300357,69.2728053,58.7013053,0.450315837
19170,1917,0.506685923,1,1.15384615,0.510807774,70.5859741,64.6212779,1,0.518259408,70.5859741,64.6212779,0.466451343
19180,1918,0.511182635,1,1.17751479,0.510497792,64.7578695,65.4986366,1,0.555529053,64.7578695,65.4986366,0.453367161
19190,1919,0.51826496,1,1.1183432,0.518329569,64.3542957,59.8976758,1,0.579397086,64.3542957,59.8976758,0.431960124
19200,1920,0.534522769,1,1.13017751,0.515396389,70.125798,60.1312398,1,0.662592479,70.125798,60.1312398,0.4443251
19210,1921,0.532341846,1,1.23668639,0.517253461,68.9533502,65.6114054,1,0.518331637,68.9533502,65.6114054,0.431090876
19220,1922,0.524848369,1,1.19526627,0.517070193,63.5087341,64.1323653,1,0.517358774,63.5087341,64.1323653,0.433994823
19230,1923,0.515097302,1,1.16568047,0.514229229,65.2542427,58.4470327,1,0.499853098,65.2542427,58.4470327,0.457480929
19240,1924,0.515883525,1,1.12426036,0.513706506,70.8153277,60.3196015,1,0.492182451,70.8153277,60.3196015,0.451376468
19250,1925,0.513291765,1,1.10650888,0.518900511,68.6229454,65.7828047,1,0.494415553,68.6229454,65.7828047,0.45282238
19260,1926,0.522275378,1,1.18934911,0.521417708,63.3805243,63.1007929,1,0.584731196,63.3805243,63.1007929,0.452972865
19270,1927,0.534090493,1,1.14792899,0.516339198,66.8881715,58.2685157,1,0.662713446,66.8881715,58.2685157,0.459318325
19280,1928,0.530886787,1,1.17159763,0.50825155,71.20833,62.3345775,1,0.621198948,71.20833,62.3345775,0.456359586
19290,1929,0.532641119,1,1.26035503,0.512614441,66.9972896,66.1225934,1,0.552194959,66.9972896,66.1225934,0.435699304
19300,1930,0.528403531,1,1.21301775,0.513306035,63.4168772,61.875484,1,0.51416652,63.4168772,61.875484,0.42730261
19310,1931,0.518075937,1,1.13609467,0.511814949,67.971858,58.4480435,1,0.502159993,67.971858,58.4480435,0.438496616
19320,1932,0.518844463,1,1.12426036,0.522139824,71.1544969,63.1872961,1,0.500824755,71.1544969,63.1872961,0.439133802
19330,1933,0.504430354,1,1.15384615,0.512115143,66.1257063,66.392871,1,0.493128967,66.1257063,66.392871,0.458737951
19340,1934,0.52139001,1,1.19526627,0.518822133,63.658698,61.1502344,1,0.568089089,63.658698,61.1502344,0.445698501
19350,1935,0.532048954,1,1.17159763,0.519733671,69.3004271,59.4841244,1,0.652777569,69.3004271,59.4841244,0.452508001
19360,1936,0.538684242,1,1.19526627,0.514707824,70.2052304,65.1477556,1,0.590533475,70.2052304,65.1477556,0.441188462
19370,1937,0.530554282,1,1.23076923,0.516792349,64.4881031,65.4206478,1,0.526749473,64.4881031,65.4206478,0.440279736
19380,1938,0.515500763,1,1.17159763,0.512731224,64.5437918,59.5292088,1,0.505840228,64.5437918,59.5292088,0.453207858
19390,1939,0.518091956,1,1.14792899,0.513522221,70.2007092,59.7045789,1,0.50458456,70.2007092,59.7045789,0.435356543
19400,1940,0.520452439,1,1.13609467,0.520091951,70.0410549,65.2178779,1,0.478944813,70.0410549,65.2178779,0.424277698
19410,1941,0.514063241,1,1.13609467,0.521652499,64.2856893,64.6988703,1,0.502885228,64.2856893,64.6988703,0.4445169
19420,1942,0.529078337,1,1.20118343,0.523001721,65.7517263,58.9781714,1,0.629796871,65.7517263,58.9781714,0.454273981
19430,1943,0.540223864,1,1.20710059,0.519454139,71.1296281,61.4606428,1,0.645500306,71.1296281,61.4606428,0.455632029
19440,1944,0.531489981,1,1.23668639,0.511552203,68.1435502,66.4820791,1,0.556536296,68.1435502,66.4820791,0.449401204
19450,1945,0.535082275,1,1.24260355,0.515174923,63.5487402,63.4089752,1,0.536158789,63.5487402,63.4089752,0.42521311
19460,1946,0.525605879,1,1.18934911,0.518293861,66.7520525,58.9018492,1,0.511149172,66.7520525,58.9018492,0.425346323
19470,1947,0.52224851,1,1.15976331,0.520605231,71.1874547,62.2246657,1,0.502713115,71.1874547,62.2246657,0.426308648
19480,1948,0.508562,1,1.0887574,0.515240734,67.3274211,66.7061618,1,0.502080293,67.3274211,66.7061618,0.454976857
19490,1949,0.516725985,1,1.18343195,0.514729178,63.4223764,62.1987754,1,0.56941321,63.4223764,62.1987754,0.458747375
19500,1950,0.526422109,1,1.18343195,0.512203169,68.62176,59.0473424,1,0.662204926,68.62176,59.0473424,0.46768421
19510,1951,0.531347489,1,1.14201183,0.509468849,70.9644405,64.4051393,1,0.632403397,70.9644405,64.4051393,0.449813503
19520,1952,0.534243483,1,1.27810651,0.515668106,65.6223392,66.1165203,1,0.540330107,65.6223392,66.1165203,0.431502614
19530,1953,0.52918435,1,1.22485207,0.511254839,64.1019113,60.7842605,1,0.513566691,64.1019113,60.7842605,0.426522296
19540,1954,0.524375445,1,1.18934911,0.519678439,69.5379758,59.4948135,1,0.51269529,69.5379758,59.4948135,0.429761667
19550,1955,0.517499182,1,1.1183432,0.517855427,70.6818776,65.2034514,1,0.492366239,70.6818776,65.2034514,0.447855229
19560,1956,0.514549201,1,1.1183432,0.517220236,64.8151272,65.8875082,1,0.50088039,64.8151272,65.8875082,0.454345846
19570,1957,0.525838367,1,1.18343195,0.517734965,64.86988,59.9090732,1,0.612056744,64.86988,59.9090732,0.459898901
19580,1958,0.522797503,1,1.14792899,0.510499836,70.7510119,60.5511559,1,0.646067603,70.7510119,60.5511559,0.455082947
19590,1959,0.527831661,1,1.11242604,0.510710737,69.7032661,66.0110025,1,0.66760573,69.7032661,66.0110025,0.427651472
19600,1960,0.539355212,1,1.25443787,0.517897539,64.4569795,64.3468179,1,0.535693074,64.4569795,64.3468179,0.423377751
19610,1961,0.520906482,1,1.18343195,0.518061092,66.4980137,59.1315439,1,0.512370522,66.4980137,59.1315439,0.430802902
19620,1962,0.515182596,1,1.14792899,0.514969704,71.8608711,61.5731702,1,0.512422265,71.8608711,61.5731702,0.453270684
19630,1963,0.508440779,1,1.0887574,0.510549784,69.1324662,67.0043647,1,0.502659428,69.1324662,67.0043647,0.467538351
19640,1964,0.509166601,1,1.11242604,0.512970684,63.9093588,64.0781927,1,0.50587494,63.9093588,64.0781927,0.460533089
19650,1965,0.519515241,1,1.18343195,0.522582732,67.0968364,59.2449649,1,0.564938894,67.0968364,59.2449649,0.445358073
19660,1966,0.525813693,1,1.15384615,0.517433716,71.480866,62.9743484,1,0.649497353,71.480866,62.9743484,0.44274571
19670,1967,0.533215673,1,1.23076923,0.513871244,66.945355,66.5948054,1,0.541428455,66.945355,66.5948054,0.446409531
19680,1968,0.518791898,1,1.20118343,0.509122637,63.7636681,61.6753709,1,0.509614445,63.7636681,61.6753709,0.45066661
19690,1969,0.519789105,1,1.18934911,0.51303331,68.604921,58.6850475,1,0.509685244,68.604921,58.6850475,0.437717069
19700,1970,0.519069958,1,1.15384615,0.514904276,71.5091045,63.6090059,1,0.500274901,71.5091045,63.6090059,0.439739353
19710,1971,0.510339068,1,1.08284024,0.513809251,66.3758996,66.3551569,1,0.469131276,66.3758996,66.3551569,0.447816125
19720,1972,0.515588629,1,1.15976331,0.524381328,64.0880806,61.165194,1,0.519886141,64.0880806,61.165194,0.436295804
19730,1973,0.5182192,1,1.13609467,0.514355973,69.8271604,59.49179,1,0.619093148,69.8271604,59.49179,0.459851514
19740,1974,0.529755489,1,1.22485207,0.512618136,70.134824,65.4822164,1,0.591612121,70.134824,65.4822164,0.46140937
19750,1975,0.522081258,1,1.23668639,0.510837943,64.3149395,64.9311349,1,0.519355085,64.3149395,64.9311349,0.449685933
19760,1976,0.526410753,1,1.21893491,0.512511589,64.9537623,59.3440992,1,0.511845323,64.9537623,59.3440992,0.432572202
19770,1977,0.52301724,1,1.18934911,0.513260063,70.4357807,59.9702596,1,0.514598392,70.4357807,59.9702596,0.424435598
19780,1978,0.518159146,1,1.15384615,0.519956427,69.5510488,65.490944,1,0.481026659,69.5510488,65.490944,0.430086734
19790,1979,0.519445157,1,1.14792899,0.520908448,63.8990172,64.40287,1,0.502778857,63.8990172,64.40287,0.442754739
19800,1980,0.517174225,1,1.17159763,0.515562997,65.8545286,58.7066712,1,0.578915282,65.8545286,58.7066712,0.463270509
19810,1981,0.538214166,1,1.21301775,0.517648478,70.9801031,61.6923555,1,0.659860849,70.9801031,61.6923555,0.456289547
19820,1982,0.527752316,1,1.16568047,0.505390567,67.722538,66.5372593,1,0.61986318,67.722538,66.5372593,0.449093919
19830,1983,0.537679577,1,1.21893491,0.510595333,63.4266764,63.0132514,1,0.573323294,63.4266764,63.0132514,0.427411774
19840,1984,0.525622214,1,1.20710059,0.518302191,67.2250177,58.9413413,1,0.509445394,67.2250177,58.9413413,0.428343778
19850,1985,0.518572615,1,1.18934911,0.514690361,71.3810175,62.7483814,1,0.50393001,71.3810175,62.7483814,0.43354796
19860,1986,0.516184803,1,1.13609467,0.517209995,67.3822022,66.7538634,1,0.488394044,67.3822022,66.7538634,0.435376529
19870,1987,0.514486487,1,1.11242604,0.522941575,63.6359689,62.4305045,1,0.492623941,63.6359689,62.4305045,0.440049058
19880,1988,0.523398417,1,1.13609467,0.519140675,68.5600614,59.2288508,1,0.608155361,68.5600614,59.2288508,0.451802922
19890,1989,0.53496704,1,1.17751479,0.516872873,70.9334086,64.5846683,1,0.661555289,70.9334086,64.5846683,0.450624537
19900,1990,0.531310299,1,1.24260355,0.515216864,65.2840486,66.1560483,1,0.516153155,65.2840486,66.1560483,0.45106385
19910,1991,0.527540174,1,1.23076923,0.509541136,64.0443837,60.566319,1,0.533207316,64.0443837,60.566319,0.440426391
19920,1992,0.526317247,1,1.21893491,0.517800674,69.5788042,59.7182266,1,0.509813937,69.5788042,59.7182266,0.430694162
19930,1993,0.516094873,1,1.13609467,0.516782954,70.3065704,65.5584234,1,0.496099038,70.3065704,65.5584234,0.452720519
19940,1994,0.513618971,1,1.13609467,0.516376179,64.4219941,66.0309035,1,0.497682189,64.4219941,66.0309035,0.45411645
19950,1995,0.508984229,1,1.15976331,0.516000319,64.3591493,60.1146301,1,0.535544301,64.3591493,60.1146301,0.455123627
19960,1996,0.521234576,1,1.16568047,0.517369339,70.2025263,60.9080658,1,0.627157144,70.2025263,60.9080658,0.453615296
19970,1997,0.537454954,1,1.23668639,0.516854959,68.4702623,66.4665799,1,0.627831276,68.4702623,66.4665799,0.447860248
19980,1998,0.532231753,1,1.21893491,0.515045996,63.2674335,64.2385951,1,0.528626146,63.2674335,64.2385951,0.435369281
19990,1999,0.52657622,1,1.21301775,0.516145293,65.688004,59.1452325,1,0.50707935,65.688004,59.1452325,0.433790939
20000,2000,0.526262728,1,1.18934911,0.51929889,70.7406358,61.6181824,1,0.514852328,70.7406358,61.6181824,0.432719275
20010,2001,0.514869062,1,1.11242604,0.515120959,67.9335232,66.8563089,1,0.493869399,67.9335232,66.8563089,0.457144798
20020,2002,0.516149838,1,1.1183432,0.518658848,62.9318392,63.8930645,1,0.483346183,62.9318392,63.8930645,0.447198117
20030,2003,0.517449217,1,1.14792899,0.52155699,66.2258006,59.1374729,1,0.544778121,66.2258006,59.1374729,0.4449974
20040,2004,0.53088188,1,1.16568047,0.521733778,70.575407,63.043945,1,0.642872342,70.575407,63.043945,0.449717858
20050,2005,0.535354835,1,1.17751479,0.512201787,65.9342916,66.7003636,1,0.598013382,65.9342916,66.7003636,0.454493341
20060,2006,0.524715823,1,1.24852071,0.512872923,62.976194,61.6188118,1,0.515269053,62.976194,61.6188118,0.452295329
20070,2007,0.517913327,1,1.20118343,0.510623956,68.1289111,58.9147884,1,0.520551637,68.1289111,58.9147884,0.447625131
20080,2008,0.519601696,1,1.15976331,0.513206024,70.6700368,63.896506,1,0.499550363,70.6700368,63.896506,0.430183871
20090,2009,0.522227239,1,1.17751479,0.520966539,65.6023795,66.2569009,1,0.485151348,65.6023795,66.2569009,0.430031059
20100,2010,0.516330461,1,1.16568047,0.51889348,63.37349,60.8770929,1,0.505677767,63.37349,60.8770929,0.447942591
20110,2011,0.516998356,1,1.18934911,0.514682073,69.2318607,59.3759383,1,0.588415985,69.2318607,59.3759383,0.465203226
20120,2012,0.536429074,1,1.18343195,0.516932155,69.6414523,65.2788831,1,0.66115733,69.6414523,65.2788831,0.455164461
20130,2013,0.528359706,1,1.18343195,0.507648286,63.7821332,65.0984752,1,0.60432034,63.7821332,65.0984752,0.450930445
20140,2014,0.537765591,1,1.26035503,0.516217965,64.3853103,59.704831,1,0.529163985,64.3853103,59.704831,0.41748203
20150,2015,0.523179047,1,1.21301775,0.520002463,69.9495775,60.5144233,1,0.506004137,69.9495775,60.5144233,0.432527377
20160,2016,0.520976043,1,1.14792899,0.516816054,68.9910319,66.1576396,1,0.51320665,68.9910319,66.1576396,0.440311212
20170,2017,0.509349848,1,1.11242604,0.513752774,63.1923721,64.5985427,1,0.511733762,63.1923721,64.5985427,0.461892417
20180,2018,0.504446397,1,1.10059172,0.510168202,64.8515319,58.8794931,1,0.490027855,64.8515319,58.8794931,0.45806604
20190,2019,0.510871329,1,1.13609467,0.518477127,70.1398656,60.8817149,1,0.52754845,70.1398656,60.8817149,0.434975111
20200,2020,0.527782656,1,1.17159763,0.520179414,67.4545993,65.8640706,1,0.642800246,67.4545993,65.8640706,0.435377303
20210,2021,0.537202193,1,1.24260355,0.513359575,62.8637906,62.4592154,1,0.584036063,62.8637906,62.4592154,0.439664771
20220,2022,0.524888756,1,1.15384615,0.511991006,66.6962079,58.3613341,1,0.511156412,66.6962079,58.3613341,0.431592984
20230,2023,0.517457234,1,1.16568047,0.513867832,70.7295855,62.6493448,1,0.508210282,70.7295855,62.6493448,0.45283571
20240,2024,0.517105593,1,1.14201183,0.51644333,66.4653242,66.549902,1,0.49674101,66.4653242,66.549902,0.444547978
20250,2025,0.515028715,1,1.14201183,0.519634688,62.6286621,62.3851376,1,0.482082354,62.6286621,62.3851376,0.435585975
20260,2026,0.512951547,1,1.15976331,0.517511678,67.3783309,59.0212678,1,0.557135284,67.3783309,59.0212678,0.447709314
20270,2027,0.521218938,1,1.18343195,0.512837241,70.0307251,64.3985802,1,0.651701767,70.0307251,64.3985802,0.461222224
20280,2028,0.536454685,1,1.17751479,0.512932087,64.4495632,66.1644589,1,0.618090141,64.4495632,66.1644589,0.450297046
20290,2029,0.536621758,1,1.22485207,0.511454833,63.129523,60.6716278,1,0.577347906,63.129523,60.6716278,0.434555474
20300,2030,0.529420189,1,1.18934911,0.519124223,68.6888595,59.7948516,1,0.502996038,68.6888595,59.7948516,0.432927011
20310,2031,0.521487059,1,1.18343195,0.516125339,69.5636121,65.4548618,1,0.512592129,69.5636121,65.4548618,0.440554436
20320,2032,0.518742316,1,1.14201183,0.51988327,63.9245127,66.0559786,1,0.491831048,63.9245127,66.0559786,0.436234449
20330,2033,0.517512999,1,1.1183432,0.516832547,63.8399722,60.111919,1,0.544246921,63.8399722,60.111919,0.457281598
20340,2034,0.511913675,1,1.20118343,0.511871394,69.784091,60.4560745,1,0.553938866,69.784091,60.4560745,0.458005656
20350,2035,0.521989646,1,1.16568047,0.514622047,68.8289875,66.2402283,1,0.623489155,68.8289875,66.2402283,0.450959911
20360,2036,0.536910086,1,1.16568047,0.514959836,63.2913394,64.4804515,1,0.644123849,63.2913394,64.4804515,0.44696452
20370,2037,0.536836097,1,1.24260355,0.511508978,65.3719621,59.3735084,1,0.567618143,65.3719621,59.3735084,0.424193344
20380,2038,0.529932747,1,1.22485207,0.524360289,70.2219936,61.9136086,1,0.512326112,70.2219936,61.9136086,0.421148854
20390,2039,0.523408006,1,1.17159763,0.51707498,67.8172844,66.9640295,1,0.501975672,67.8172844,66.9640295,0.430283921
20400,2040,0.516154344,1,1.16568047,0.520607301,62.7488967,64.1184678,1,0.486681303,62.7488967,64.1184678,0.447119481
20410,2041,0.514158686,1,1.13609467,0.516401321,65.9241912,59.162958,1,0.525489448,65.9241912,59.162958,0.45273379
20420,2042,0.519089938,1,1.18934911,0.517998383,70.4742532,63.0467856,1,0.592996778,70.4742532,63.0467856,0.460172212
20430,2043,0.533156955,1,1.17751479,0.51150695,65.8626401,66.8805444,1,0.655988409,65.8626401,66.8805444,0.46131201
20440,2044,0.530070915,1,1.14201183,0.509732075,62.6087616,62.2174743,1,0.654687102,62.6087616,62.2174743,0.437393757
20450,2045,0.537501585,1,1.27218935,0.517053658,67.4069716,59.5507046,1,0.528700147,67.4069716,59.5507046,0.422268316
20460,2046,0.522003463,1,1.17751479,0.516491082,70.0002344,64.5865259,1,0.499376419,70.0002344,64.5865259,0.435716843
20470,2047,0.516942067,1,1.17159763,0.512628037,64.8642359,67.0780559,1,0.499944159,64.8642359,67.0780559,0.439110198
20480,2048,0.517653169,1,1.1183432,0.518469711,62.7181873,61.7242656,1,0.498431805,62.7181873,61.7242656,0.443684111
20490,2049,0.514138459,1,1.12426036,0.513767851,68.4264079,59.9227047,1,0.529117153,68.4264079,59.9227047,0.460443601
20500,2050,0.521027679,1,1.15384615,0.519560001,69.5138076,65.7674684,1,0.594363016,69.5138076,65.7674684,0.457312067
20510,2051,0.529739295,1,1.13017751,0.510557058,63.6297246,66.0621449,1,0.662434856,63.6297246,66.0621449,0.453189011
20520,2052,0.527343822,1,1.24260355,0.513648767,64.4654192,60.3556074,1,0.522342773,64.4654192,60.3556074,0.44364651
20530,2053,0.515224124,1,1.20710059,0.512484894,70.1324748,61.5951177,1,0.509576619,70.1324748,61.5951177,0.44623278
20540,2054,0.517167103,1,1.18934911,0.514360335,68.7902803,67.2736805,1,0.501137661,68.7902803,67.2736805,0.448848371
20550,2055,0.517713858,1,1.15976331,0.515115408,63.3297247,65.9959914,1,0.485163546,63.3297247,65.9959914,0.431387996
20560,2056,0.521700722,1,1.15384615,0.524805465,64.8029868,60.6069575,1,0.476869582,64.8029868,60.6069575,0.429752835
20570,2057,0.514832981,1,1.15384615,0.521710339,70.2962969,62.4519771,1,0.5262488,70.2962969,62.4519771,0.445759466
20580,2058,0.533639955,1,1.18343195,0.516055277,67.2291287,67.63524,1,0.655861278,67.2291287,67.63524,0.463289849
20590,2059,0.526563878,1,1.18934911,0.507311558,62.6578739,63.7890401,1,0.593992063,62.6578739,63.7890401,0.459544568
20600,2060,0.534981708,1,1.26627219,0.513356418,66.5917637,59.7745461,1,0.539043608,66.5917637,59.7745461,0.432357317
20610,2061,0.529717644,1,1.18934911,0.512775576,70.5868531,63.6487825,1,0.515197162,70.5868531,63.6487825,0.428085369
20620,2062,0.525881723,1,1.21301775,0.520163884,66.5376211,67.3190791,1,0.508053371,66.5376211,67.3190791,0.420392585
20630,2063,0.517138897,1,1.15976331,0.51816828,62.8584368,63.00295,1,0.506477482,62.8584368,63.00295,0.436265536
20640,2064,0.508309823,1,1.12426036,0.514851188,67.7733212,59.6000725,1,0.521353434,67.7733212,59.6000725,0.459840875
20650,2065,0.517379933,1,1.15976331,0.511898817,70.7332469,64.6601007,1,0.562066454,70.7332469,64.6601007,0.45093621
20660,2066,0.519646541,1,1.16568047,0.51411062,65.2927416,67.0512985,1,0.619724323,65.2927416,67.0512985,0.457138805
20670,2067,0.54218607,1,1.23076923,0.5180774,63.8854708,61.482697,1,0.598338886,63.8854708,61.482697,0.441820691
20680,2068,0.532827621,1,1.23076923,0.511000865,69.4181204,60.4943491,1,0.536548355,69.4181204,60.4943491,0.432325783
20690,2069,0.526936923,1,1.18343195,0.519665291,70.0520736,66.0044794,1,0.511594279,70.0520736,66.0044794,0.426652253
20700,2070,0.515966939,1,1.14201183,0.512819684,64.2359485,66.4793217,1,0.516045153,64.2359485,66.4793217,0.448882805
20710,2071,0.51429187,1,1.1183432,0.518301481,64.1219111,60.6479805,1,0.494955729,64.1219111,60.6479805,0.448650471
20720,2072,0.514244717,1,1.13609467,0.515023889,70.0459263,60.9576671,1,0.53125149,70.0459263,60.9576671,0.456315717
20730,2073,0.520109799,1,1.21301775,0.517154355,69.1180249,66.755907,1,0.580155137,69.1180249,66.755907,0.451693639
20740,2074,0.533513775,1,1.17751479,0.516794402,63.5387031,65.1317352,1,0.663748358,63.5387031,65.1317352,0.446993679
20750,2075,0.539721009,1,1.20710059,0.518299147,65.9509442,59.9000758,1,0.579479527,65.9509442,59.9000758,0.443154151
20760,2076,0.536629998,1,1.23668639,0.511255654,70.8972695,62.4048407,1,0.546242478,70.8972695,62.4048407,0.426489599
20770,2077,0.526001516,1,1.20710059,0.520568227,67.8601034,67.0839271,1,0.513422012,67.8601034,67.0839271,0.429105494
20780,2078,0.520643041,1,1.14792899,0.515494241,63.0644596,63.98402,1,0.50282535,63.0644596,63.98402,0.439254505
20790,2079,0.513315213,1,1.09467456,0.514544115,66.6306227,59.1513313,1,0.490777377,66.6306227,59.1513313,0.462002326
20800,2080,0.506928455,1,1.07692308,0.512684527,71.2910644,62.7564318,1,0.468127828,71.2910644,62.7564318,0.453236007
20810,2081,0.51680572,1,1.17751479,0.522215541,67.4565463,66.879847,1,0.545457895,67.4565463,66.879847,0.433139643
20820,2082,0.516495395,1,1.16568047,0.518101368,63.5236085,62.7188494,1,0.602566276,63.5236085,62.7188494,0.440426774
20830,2083,0.538305605,1,1.22485207,0.514374606,68.5669495,59.6780463,1,0.582976026,68.5669495,59.6780463,0.453009475
20840,2084,0.519054949,1,1.21301775,0.509679999,70.8383293,65.1433294,1,0.505435912,70.8383293,65.1433294,0.455268209
20850,2085,0.523993579,1,1.20118343,0.513210129,65.5997265,67.1218127,1,0.520601346,65.5997265,67.1218127,0.430751063
20860,2086,0.522835761,1,1.16568047,0.522915944,63.8040544,61.7686953,1,0.509562069,63.8040544,61.7686953,0.434328046
20870,2087,0.51556017,1,1.14201183,0.519098858,69.3425611,60.0054215,1,0.492518962,69.3425611,60.0054215,0.447109
20880,2088,0.515451092,1,1.17159763,0.516660431,70.5391477,65.8145866,1,0.544394709,70.5391477,65.8145866,0.456240225
20890,2089,0.52130221,1,1.18343195,0.514442182,64.710204,66.4143155,1,0.602948374,64.710204,66.4143155,0.450747307
20900,2090,0.534262215,1,1.16568047,0.518690042,64.9327246,60.6528956,1,0.663292313,64.9327246,60.6528956,0.443516572
20910,2091,0.538484207,1,1.16568047,0.511616366,70.5088831,61.2607221,1,0.643899983,70.5088831,61.2607221,0.431476045
20920,2092,0.528904377,1,1.22485207,0.519706857,69.0800904,66.719531,1,0.511989031,69.0800904,66.719531,0.434053711
20930,2093,0.520587263,1,1.20710059,0.514293097,63.5907493,65.3349339,1,0.516892759,63.5907493,65.3349339,0.435482287
20940,2094,0.518792788,1,1.12426036,0.519269131,65.2383159,59.84069,1,0.489521557,65.2383159,59.84069,0.441227392
20950,2095,0.516866257,1,1.10650888,0.516610025,70.6243252,61.7137011,1,0.500828529,70.6243252,61.7137011,0.438645484
20960,2096,0.511630934,1,1.14792899,0.518439255,68.2633092,67.1013802,1,0.520398714,68.2633092,67.1013802,0.452484808
20970,2097,0.524142521,1,1.16568047,0.520221762,63.1657568,64.2094315,1,0.609150633,63.1657568,64.2094315,0.45082704
20980,2098,0.536687887,1,1.16568047,0.517657236,66.944683,59.6788971,1,0.648444749,66.944683,59.6788971,0.453820236
20990,2099,0.534724093,1,1.26035503,0.520193424,70.7252265,63.8978166,1,0.533959892,70.7252265,63.8978166,0.435766282
21000,2100,0.52642745,1,1.20710059,0.517028786,66.3274066,67.4949787,1,0.511159628,66.3274066,67.4949787,0.437044909
21010,2101,0.516488245,1,1.15976331,0.511077976,62.8080911,62.7724278,1,0.510860687,62.8080911,62.7724278,0.453050595
21020,2102,0.517434266,1,1.1183432,0.517776808,67.3854776,59.3850076,1,0.488127424,67.3854776,59.3850076,0.438036785
21030,2103,0.524333604,1,1.15976331,0.522824275,70.5849506,63.9468964,1,0.486233836,70.5849506,63.9468964,0.428617265
21040,2104,0.513041164,1,1.12426036,0.518509888,65.4636197,66.9445213,1,0.525028207,65.4636197,66.9445213,0.456470802
21050,2105,0.520932885,1,1.15976331,0.51515913,63.3174619,61.4115823,1,0.624427104,63.3174619,61.4115823,0.456507235
21060,2106,0.536733516,1,1.17751479,0.516504243,69.0908924,60.1891195,1,0.62293125,69.0908924,60.1891195,0.453956406
21070,2107,0.53286071,1,1.23668639,0.510896678,69.860573,65.8088989,1,0.570051664,69.860573,65.8088989,0.436326301
21080,2108,0.53332262,1,1.23076923,0.515982541,64.3223953,66.1272501,1,0.509137274,64.3223953,66.1272501,0.426716933
21090,2109,0.524645656,1,1.18934911,0.521351209,64.1453023,60.4454303,1,0.5036907,64.1453023,60.4454303,0.4372753
21100,2110,0.517679668,1,1.15976331,0.517804525,69.8649038,60.3324431,1,0.504060048,69.8649038,60.3324431,0.440055183
21110,2111,0.514961134,1,1.13017751,0.518335063,69.5005979,66.166189,1,0.501865023,69.5005979,66.166189,0.449623843
21120,2112,0.509879962,1,1.16568047,0.51290672,63.5181325,65.4315679,1,0.519091039,63.5181325,65.4315679,0.463646219
21130,2113,0.514996002,1,1.14201183,0.514165135,64.9097661,59.6748829,1,0.585272377,64.9097661,59.6748829,0.455577316
21140,2114,0.535542323,1,1.17751479,0.517577328,70.2050522,61.7845784,1,0.669334886,70.2050522,61.7845784,0.438467406
21150,2115,0.535676476,1,1.24260355,0.519287022,67.3587773,66.7364844,1,0.527159773,67.3587773,66.7364844,0.439355728
21160,2116,0.521883782,1,1.21301775,0.513056396,62.5857968,63.4902107,1,0.512597495,62.5857968,63.4902107,0.444024332
21170,2117,0.516238838,1,1.16568047,0.510693756,66.067037,58.8468115,1,0.506326595,66.067037,58.8468115,0.446420273
21180,2118,0.50696583,1,1.12426036,0.511509674,70.6781881,62.6548038,1,0.49610835,70.6781881,62.6548038,0.460020066
21190,2119,0.513531614,1,1.07692308,0.51276197,66.8777141,66.9469561,1,0.485057674,66.8777141,66.9469561,0.44099252
21200,2120,0.513201835,1,1.17159763,0.51897508,62.9032792,62.6199602,1,0.530850105,62.9032792,62.6199602,0.451945343
21210,2121,0.524126471,1,1.16568047,0.518754648,67.5431467,59.1834139,1,0.627077557,67.5431467,59.1834139,0.444148152
21220,2122,0.540308194,1,1.18343195,0.517297194,70.2517964,64.2550552,1,0.638548674,70.2517964,64.2550552,0.442279796
21230,2123,0.5272387,1,1.23668639,0.513880016,64.835062,66.2648594,1,0.512931891,64.835062,66.2648594,0.444428523
21240,2124,0.516943894,1,1.21301775,0.509764101,63.2213259,60.5937537,1,0.505506083,63.2213259,60.5937537,0.453556522
21250,2125,0.518320235,1,1.15976331,0.51447892,68.7552289,59.1132339,1,0.511901962,68.7552289,59.1132339,0.44065592
21260,2126,0.517420682,1,1.13609467,0.519633961,70.0735312,64.5989703,1,0.484142987,70.0735312,64.5989703,0.433993599
21270,2127,0.518840546,1,1.10059172,0.522934069,64.4990044,65.6478082,1,0.509150168,64.4990044,65.6478082,0.436333637
21280,2128,0.520178721,1,1.15976331,0.517042598,64.1920759,59.6890229,1,0.605239528,64.1920759,59.6890229,0.458975755
21290,2129,0.533496828,1,1.17751479,0.515989033,70.0246824,60.1589202,1,0.664312777,70.0246824,60.1589202,0.450115714
21300,2130,0.538412379,1,1.21893491,0.517018367,68.7331696,65.7716072,1,0.611661163,68.7331696,65.7716072,0.443027911
21310,2131,0.538752718,1,1.19526627,0.51141132,63.3459474,64.4414706,1,0.59072215,63.3459474,64.4414706,0.426846323
21320,2132,0.529839624,1,1.20710059,0.520778671,65.194214,59.226636,1,0.509270656,65.194214,59.226636,0.425591053
21330,2133,0.520849235,1,1.17159763,0.517947576,70.5685386,61.0455126,1,0.509456056,70.5685386,61.0455126,0.436443923
21340,2134,0.516313393,1,1.14201183,0.517951509,68.4156713,66.4158109,1,0.494445363,68.4156713,66.4158109,0.445057945
21350,2135,0.516867273,1,1.12426036,0.514490547,63.1847834,63.7155117,1,0.528529633,63.1847834,63.7155117,0.452826782
21360,2136,0.506021087,1,1.16568047,0.515015498,66.1732019,58.6213899,1,0.536503594,66.1732019,58.6213899,0.454306951
21370,2137,0.535451774,1,1.19526627,0.518390495,70.6427018,62.43567,1,0.659312084,70.6427018,62.43567,0.451985505
21380,2138,0.53478425,1,1.15976331,0.514224311,66.2607503,66.2408074,1,0.602681455,66.2607503,66.2408074,0.446422793
21390,2139,0.529338206,1,1.20710059,0.518574,63.0606927,61.5787342,1,0.505327244,63.0606927,61.5787342,0.434974629
21400,2140,0.518511719,1,1.17159763,0.51007271,67.8329202,58.3937925,1,0.505777524,67.8329202,58.3937925,0.441340135
21410,2141,0.52205302,1,1.20118343,0.519262648,70.6588723,63.3515722,1,0.506054753,70.6588723,63.3515722,0.438971267
21420,2142,0.503829116,1,1.07100592,0.509637823,65.4303211,66.3221063,1,0.458821846,65.4303211,66.3221063,0.462574608
21430,2143,0.514110362,1,1.13609467,0.522690311,63.1003632,61.4153187,1,0.492121838,63.1003632,61.4153187,0.417836554
21440,2144,0.518323612,1,1.17751479,0.519563853,68.6351054,59.4836808,1,0.589120116,68.6351054,59.4836808,0.450933264
21450,2145,0.533899602,1,1.17159763,0.514934385,69.4439042,65.3325216,1,0.654287033,69.4439042,65.3325216,0.454192141
21460,2146,0.533262032,1,1.23668639,0.515916413,63.7588286,65.1948966,1,0.530539073,63.7588286,65.1948966,0.437441629
21470,2147,0.528926485,1,1.20710059,0.514570625,64.1425372,59.55074,1,0.52352682,64.1425372,59.55074,0.435168035
21480,2148,0.521122671,1,1.20710059,0.515114698,69.8097936,60.1841338,1,0.507331646,69.8097936,60.1841338,0.438657061
21490,2149,0.521573549,1,1.17751479,0.518073468,69.0536429,65.7966724,1,0.491204163,69.0536429,65.7966724,0.435634293
21500,2150,0.512273502,1,1.11242604,0.515111193,63.3190859,64.5881477,1,0.498151391,63.3190859,64.5881477,0.450809106
21510,2151,0.510144211,1,1.12426036,0.517233359,64.7304303,59.0075879,1,0.500550205,64.7304303,59.0075879,0.442789306
21520,2152,0.52110226,1,1.13017751,0.522436639,70.08055,61.0210113,1,0.592157348,70.08055,61.0210113,0.439725936
21530,2153,0.543991151,1,1.21301775,0.522465038,67.0398641,65.9603505,1,0.621219794,67.0398641,65.9603505,0.446172697
21540,2154,0.522288792,1,1.19526627,0.508449715,62.4185123,62.3661692,1,0.516073419,62.4185123,62.3661692,0.450345252
21550,2155,0.517034805,1,1.18934911,0.512799991,66.5160741,58.2203372,1,0.512210806,66.5160741,58.2203372,0.4483892
21560,2156,0.514125698,1,1.18343195,0.512280904,70.6236052,62.4598346,1,0.506856064,70.6236052,62.4598346,0.454075239
21570,2157,0.516073429,1,1.14201183,0.516053415,66.6441355,66.4307895,1,0.476790581,66.6441355,66.4307895,0.432446337
21580,2158,0.518601058,1,1.14792899,0.522169442,63.0091293,62.2932004,1,0.511542702,63.0091293,62.2932004,0.423656343
21590,2159,0.511514204,1,1.18343195,0.515643583,67.7606644,58.7781382,1,0.558234117,67.7606644,58.7781382,0.454645629
21600,2160,0.534001006,1,1.15976331,0.517765729,70.4430982,63.967571,1,0.658632359,70.4430982,63.967571,0.449362889
21610,2161,0.536618027,1,1.14201183,0.512554366,65.1473002,66.0563979,1,0.650077992,65.1473002,66.0563979,0.437912434
21620,2162,0.534855186,1,1.23076923,0.520543783,63.7962708,60.5634431,1,0.509682562,63.7962708,60.5634431,0.435127902
21630,2163,0.518904187,1,1.18343195,0.511538185,69.4637648,59.3511733,1,0.510715514,69.4637648,59.3511733,0.445822731
21640,2164,0.522491013,1,1.16568047,0.520632103,70.4375887,64.87925,1,0.504063971,70.4375887,64.87925,0.431784283
21650,2165,0.514649498,1,1.10059172,0.516039666,64.5767762,65.6223084,1,0.503420102,64.5767762,65.6223084,0.454440673
21660,2166,0.514680052,1,1.15976331,0.515850257,64.372105,59.713384,1,0.522783905,64.372105,59.713384,0.454805233
21670,2167,0.524599077,1,1.17159763,0.518258501,70.2744964,60.1460842,1,0.613729336,70.2744964,60.1460842,0.455248511
21680,2168,0.528007585,1,1.14201183,0.512615006,69.1821047,65.9290686,1,0.66210846,69.1821047,65.9290686,0.452711931
21690,2169,0.538366417,1,1.15976331,0.512898692,63.9284402,64.3777341,1,0.649884591,63.9284402,64.3777341,0.421378614
21700,2170,0.537816647,1,1.25443787,0.521021459,65.9651437,59.250527,1,0.52124676,65.9651437,59.250527,0.424378508
21710,2171,0.515690344,1,1.17159763,0.513052894,71.1989185,61.7280406,1,0.512031478,71.1989185,61.7280406,0.445426943
21720,2172,0.515714237,1,1.12426036,0.514519188,68.4415552,66.8224567,1,0.51063628,68.4415552,66.8224567,0.445597317
21730,2173,0.506815795,1,1.09467456,0.511135118,63.1834201,63.8853369,1,0.477424497,63.1834201,63.8853369,0.463295739
21740,2174,0.516384748,1,1.11242604,0.515687104,66.2974088,59.0663858,1,0.50148668,66.2974088,59.0663858,0.441348225
21750,2175,0.524801907,1,1.19526627,0.522982672,70.8408456,62.7732568,1,0.587990107,70.8408456,62.7732568,0.451058658
21760,2176,0.535328467,1,1.16568047,0.520073839,66.743032,66.8612882,1,0.664740187,66.743032,66.8612882,0.445251585
21770,2177,0.537426612,1,1.19526627,0.520713037,63.4092639,62.1390042,1,0.535394818,63.4092639,62.1390042,0.444652485
21780,2178,0.519862929,1,1.21893491,0.509607463,68.4635429,59.1163162,1,0.493507829,68.4635429,59.1163162,0.453013436
21790,2179,0.519774278,1,1.21893491,0.506586797,71.2762685,64.0906539,1,0.518507574,71.2762685,64.0906539,0.439576591
21800,2180,0.51906136,1,1.15384615,0.515747508,66.270213,66.69371,1,0.492290628,66.270213,66.69371,0.434029506
21810,2181,0.514865248,1,1.13017751,0.519582777,63.7754852,61.6860376,1,0.468082378,63.7754852,61.6860376,0.430360041
21820,2182,0.514002662,1,1.14792899,0.521865457,68.8678594,59.506925,1,0.505986469,68.8678594,59.506925,0.42607891
21830,2183,0.516841474,1,1.15976331,0.51743619,70.4363339,65.1974385,1,0.598504482,70.4363339,65.1974385,0.454055073
21840,2184,0.541792624,1,1.18934911,0.519645764,64.6121101,65.7126923,1,0.644587199,64.6121101,65.7126923,0.449766999
21850,2185,0.531616473,1,1.23668639,0.513098165,64.6860677,59.83266,1,0.550727634,64.6860677,59.83266,0.452345956
21860,2186,0.53575518,1,1.24852071,0.511858218,70.1967808,60.2066405,1,0.534911625,70.1967808,60.2066405,0.424876041
21870,2187,0.522815458,1,1.18343195,0.518858895,69.5967314,65.8033056,1,0.501396954,69.5967314,65.8033056,0.43298004
21880,2188,0.527811058,1,1.20710059,0.51765265,64.1852055,65.4228422,1,0.517303754,64.1852055,65.4228422,0.417298762
21890,2189,0.515746774,1,1.12426036,0.51863793,65.0874493,59.7522003,1,0.497347079,65.0874493,59.7522003,0.441690022
21900,2190,0.515341918,1,1.15384615,0.517519409,70.7803122,61.1541519,1,0.523907898,70.7803122,61.1541519,0.450995986
21910,2191,0.528657858,1,1.19526627,0.520528509,68.4359311,66.7127842,1,0.639636612,68.4359311,66.7127842,0.464060516
21920,2192,0.525779086,1,1.13017751,0.509580923,63.3165947,63.9378454,1,0.66536377,63.3165947,63.9378454,0.447926783
21930,2193,0.539194722,1,1.15384615,0.514705575,66.5400125,59.343092,1,0.628416747,66.5400125,59.343092,0.43174465
21940,2194,0.530845367,1,1.22485207,0.51995465,70.7668638,63.0050199,1,0.509262728,70.7668638,63.0050199,0.430191833
21950,2195,0.517916781,1,1.17751479,0.51179316,66.8340639,67.2612591,1,0.510351882,66.8340639,67.2612591,0.445772299
21960,2196,0.515121104,1,1.13609467,0.513323976,62.760622,63.2899453,1,0.507207926,62.760622,63.2899453,0.437612288
21970,2197,0.512318953,1,1.14201183,0.518498077,67.0626111,59.3696424,1,0.487889558,67.0626111,59.3696424,0.447715334
21980,2198,0.510402734,1,1.13017751,0.515397713,70.7529726,63.821758,1,0.504645293,70.7529726,63.821758,0.444826286
21990,2199,0.52781922,1,1.19526627,0.520681823,65.6565984,66.6964257,1,0.619012835,65.6565984,66.6964257,0.450093646
22000,2200,0.536077186,1,1.17751479,0.516086165,63.4643576,61.3582145,1,0.661772013,63.4643576,61.3582145,0.4439096
22010,2201,0.540876174,1,1.24260355,0.517260775,68.8399075,59.7166631,1,0.554213362,68.8399075,59.7166631,0.432354418
22020,2202,0.527866506,1,1.21301775,0.516716485,70.1123723,65.2534719,1,0.516257395,70.1123723,65.2534719,0.437011221
22030,2203,0.519576269,1,1.21301775,0.516039593,64.368932,66.1770698,1,0.507457973,64.368932,66.1770698,0.447479061
22040,2204,0.508456462,1,1.13017751,0.510147552,63.7032524,60.0890562,1,0.509992867,63.7032524,60.0890562,0.471099932
22050,2205,0.504896381,1,1.11242604,0.508239005,69.7476513,59.6785815,1,0.496649852,69.7476513,59.6785815,0.466024651
22060,2206,0.506516742,1,1.13017751,0.515217393,69.9507498,65.3974148,1,0.477153941,69.9507498,65.3974148,0.440187578
22070,2207,0.529535501,1,1.17159763,0.524136253,64.2866959,64.8333294,1,0.61670195,64.2866959,64.8333294,0.437851793
22080,2208,0.539967499,1,1.18934911,0.518067052,65.764653,59.2139582,1,0.632680891,65.764653,59.2139582,0.44696008
22090,2209,0.532932597,1,1.24852071,0.510621294,71.1147019,61.1686179,1,0.546117457,71.1147019,61.1686179,0.438149128
22100,2210,0.527537698,1,1.20710059,0.515250933,68.7535358,66.2177791,1,0.515818007,68.7535358,66.2177791,0.428766876
22110,2211,0.512684097,1,1.18934911,0.512768476,63.6144781,63.3615934,1,0.512776653,63.6144781,63.3615934,0.452263933
22120,2212,0.509648475,1,1.12426036,0.511426093,66.8636596,58.3617558,1,0.512894111,66.8636596,58.3617558,0.458680615
22130,2213,0.504785152,1,1.11242604,0.510602728,71.6773712,61.8725127,1,0.492448406,71.6773712,61.8725127,0.458304265
22140,2214,0.508200864,1,1.15976331,0.514895217,67.9612035,66.1620606,1,0.532763065,67.9612035,66.1620606,0.436568953
22150,2215,0.535967648,1,1.14792899,0.520754328,64.2674891,61.8168739,1,0.661494911,64.2674891,61.8168739,0.438692065
22160,2216,0.539285857,1,1.17751479,0.514625947,68.7326259,58.606495,1,0.642372047,68.7326259,58.606495,0.423034819
22170,2217,0.529186976,1,1.20710059,0.516692808,71.3498627,63.5531537,1,0.517041718,71.3498627,63.5531537,0.430490031
22180,2218,0.515334602,1,1.16568047,0.514086746,66.0782023,66.070916,1,0.510846569,66.0782023,66.070916,0.449388346
22190,2219,0.515166241,1,1.10650888,0.512519784,63.6947897,60.7987408,1,0.501713931,63.6947897,60.7987408,0.445068221
22200,2220,0.515887638,1,1.07692308,0.5162434,69.1428165,58.7569413,1,0.494950222,69.1428165,58.7569413,0.447543861
22210,2221,0.504491422,1,1.08284024,0.512470612,71.0591452,64.347783,1,0.475366203,71.0591452,64.347783,0.454626625
22220,2222,0.513959518,1,1.14201183,0.523622407,65.5672283,65.6520622,1,0.547753011,65.5672283,65.6520622,0.434205357
22230,2223,0.535498568,1,1.16568047,0.516326887,65.1627871,59.8046832,1,0.659338195,65.1627871,59.8046832,0.450873007
22240,2224,0.525095776,1,1.22485207,0.512890489,70.9319388,60.5435223,1,0.517044473,70.9319388,60.5435223,0.447405376
22250,2225,0.516149121,1,1.16568047,0.511474121,69.7399008,66.2180611,1,0.503273212,69.7399008,66.2180611,0.44603013
22260,2226,0.516375432,1,1.16568047,0.511998425,64.0930814,64.8891982,1,0.501106364,64.0930814,64.8891982,0.446236373
22270,2227,0.518663441,1,1.1183432,0.514742097,65.3534379,59.4485469,1,0.492301973,65.3534379,59.4485469,0.429594444
22280,2228,0.513684753,1,1.10059172,0.520385095,70.8179302,60.9461887,1,0.477560083,70.8179302,60.9461887,0.435846502
22290,2229,0.519568784,1,1.18343195,0.522054639,68.8543036,66.3622891,1,0.541826047,68.8543036,66.3622891,0.443159533
22300,2230,0.525316997,1,1.15384615,0.515263828,63.651136,63.4909414,1,0.637919279,63.651136,63.4909414,0.457143117
22310,2231,0.542814331,1,1.23076923,0.5222538,67.3920964,59.0468242,1,0.576861659,67.3920964,59.0468242,0.44684934
22320,2232,0.528081871,1,1.20710059,0.505151134,71.6935572,63.0158062,1,0.560625263,71.6935572,63.0158062,0.450216144
22330,2233,0.537269703,1,1.28402367,0.515359969,67.6753504,66.7609043,1,0.52245873,67.6753504,66.7609043,0.422529338
22340,2234,0.518715809,1,1.20118343,0.516491865,63.9051801,62.3705665,1,0.504430175,63.9051801,62.3705665,0.445153051
22350,2235,0.514424602,1,1.14201183,0.514325558,68.1161375,58.7365569,1,0.482222868,68.1161375,58.7365569,0.427862363
22360,2236,0.515151794,1,1.14792899,0.522098713,71.5388234,63.0847305,1,0.487244627,71.5388234,63.0847305,0.425666147
22370,2237,0.513785782,1,1.19526627,0.520230307,66.6583929,66.2258454,1,0.543985866,66.6583929,66.2258454,0.446453506
22380,2238,0.534884181,1,1.14201183,0.51705858,64.569303,60.6308586,1,0.663458092,64.569303,60.6308586,0.459406446
22390,2239,0.533458565,1,1.21893491,0.51313741,70.2390261,59.438422,1,0.572930927,70.2390261,59.438422,0.445673913
22400,2240,0.525800978,1,1.21301775,0.514777785,70.9283984,65.1456093,1,0.508940152,70.9283984,65.1456093,0.44220548
22410,2241,0.521309207,1,1.19526627,0.511678455,65.2525568,65.7154151,1,0.516743406,65.2525568,65.7154151,0.438797823
22420,2242,0.523183912,1,1.18343195,0.520506889,65.0462533,60.0434874,1,0.502098502,65.0462533,60.0434874,0.436590644
22430,2243,0.515584313,1,1.15384615,0.517423955,70.983811,60.0379547,1,0.49567097,70.983811,60.0379547,0.456735406
22440,2244,0.510513527,1,1.10650888,0.514337125,70.5698012,66.0109343,1,0.519010797,70.5698012,66.0109343,0.460562363
22450,2245,0.512651695,1,1.10650888,0.516396017,64.7836632,64.976499,1,0.582752349,64.7836632,64.976499,0.452144458
22460,2246,0.538216589,1,1.18343195,0.517005891,66.81092,59.4930216,1,0.656859669,66.81092,59.4930216,0.449709274
22470,2247,0.528611703,1,1.23668639,0.512201254,71.9226797,62.1832997,1,0.524625941,71.9226797,62.1832997,0.444344366
22480,2248,0.523548987,1,1.19526627,0.51273535,69.0133729,67.0244274,1,0.516920157,69.0133729,67.0244274,0.434466166
22490,2249,0.52462954,1,1.17751479,0.519444812,64.2710288,63.9247222,1,0.505416744,64.2710288,63.9247222,0.435808435
22500,2250,0.518662691,1,1.11242604,0.516891403,67.4623622,59.0743929,1,0.484266022,67.4623622,59.0743929,0.446619805
22510,2251,0.51433244,1,1.10650888,0.516895218,72.108078,62.4699935,1,0.475837195,72.108078,62.4699935,0.442643882
22520,2252,0.517871893,1,1.15384615,0.520630257,68.3388087,66.876479,1,0.534361378,68.3388087,66.876479,0.446051089
22530,2253,0.528687444,1,1.17751479,0.520898898,64.2716817,62.6836805,1,0.616713117,64.2716817,62.6836805,0.44933271
22540,2254,0.540413379,1,1.18343195,0.518607154,69.1284779,59.3149456,1,0.636277807,69.1284779,59.3149456,0.454672285
22550,2255,0.529267449,1,1.23076923,0.516486753,71.7427759,64.5084732,1,0.517564805,71.7427759,64.5084732,0.44726178
22560,2256,0.518620121,1,1.21301775,0.514703536,66.3152651,66.7736032,1,0.500747518,66.3152651,66.7736032,0.452401138
22570,2257,0.515609807,1,1.18343195,0.509959387,64.1084506,61.3083173,1,0.501977713,64.1084506,61.3083173,0.453385555
22580,2258,0.518326824,1,1.16568047,0.514591303,69.3348278,59.2036622,1,0.487601812,69.3348278,59.2036622,0.433402609
22590,2259,0.522671456,1,1.15976331,0.524656075,71.2238768,64.3749901,1,0.489466093,71.2238768,64.3749901,0.423504246
22600,2260,0.517220931,1,1.17159763,0.51713853,65.5416472,65.8933875,1,0.544753768,65.5416472,65.8933875,0.452431061
22610,2261,0.525657077,1,1.15976331,0.518638939,64.9269327,59.9550747,1,0.634643617,64.9269327,59.9550747,0.4592342
22620,2262,0.532776442,1,1.18934911,0.508664746,70.7754907,60.1757059,1,0.648677774,70.7754907,60.1757059,0.450209086
22630,2263,0.529559668,1,1.24260355,0.513615359,69.717986,65.7379238,1,0.533260079,69.717986,65.7379238,0.435527183
22640,2264,0.519324035,1,1.17159763,0.513211552,64.1906166,64.2763039,1,0.519732475,64.1906166,64.2763039,0.439796518
22650,2265,0.513795218,1,1.17751479,0.51386859,65.9149069,58.6383363,1,0.511214726,65.9149069,58.6383363,0.453519146
22660,2266,0.508987642,1,1.05325444,0.509003578,71.6009833,60.5172394,1,0.497226544,71.6009833,60.5172394,0.460651343
22670,2267,0.511430866,1,1.14792899,0.515491572,69.4275431,65.8995359,1,0.484189815,69.4275431,65.8995359,0.446504886
22680,2268,0.519412185,1,1.19526627,0.524311111,64.2541349,63.3535693,1,0.564739519,64.2541349,63.3535693,0.443534078
22690,2269,0.533426829,1,1.15976331,0.519055621,67.4599406,58.5519999,1,0.658362852,67.4599406,58.5519999,0.444108435
22700,2270,0.535305087,1,1.23668639,0.516402458,71.6680983,62.5885074,1,0.549419759,71.6680983,62.5885074,0.448547844
22710,2271,0.525200562,1,1.20118343,0.514262776,67.3049369,66.2976497,1,0.511291895,67.3049369,66.2976497,0.440514181
22720,2272,0.515935023,1,1.15384615,0.509303591,63.6741838,61.8601747,1,0.514644278,63.6741838,61.8601747,0.441042019
22730,2273,0.519884401,1,1.13609467,0.51787221,68.148827,58.4721788,1,0.495748484,68.148827,58.4721788,0.431736195
22740,2274,0.519698335,1,1.14792899,0.520549871,71.5343644,63.0915262,1,0.479415873,71.5343644,63.0915262,0.440549908
22750,2275,0.511227579,1,1.17159763,0.519904793,66.552985,66.1617045,1,0.513927215,66.552985,66.1617045,0.45011593
22760,2276,0.525694843,1,1.14792899,0.516956216,64.4945362,60.5206198,1,0.653496396,64.4945362,60.5206198,0.46191682
22770,2277,0.52923637,1,1.18343195,0.509479137,70.2850461,59.3536063,1,0.621389815,70.2850461,59.3536063,0.454379907
22780,2278,0.534943275,1,1.24852071,0.513464103,70.8704531,64.963294,1,0.536892114,70.8704531,64.963294,0.433857734
22790,2279,0.534751428,1,1.26627219,0.512251617,65.3404693,65.4969689,1,0.527716355,65.3404693,65.4969689,0.42735965
22800,2280,0.527528341,1,1.19526627,0.521789571,65.1382383,59.9707117,1,0.504992602,65.1382383,59.9707117,0.425381246
22810,2281,0.516530029,1,1.14201183,0.516069825,70.9832717,59.8605634,1,0.502335047,70.9832717,59.8605634,0.449697779
22820,2282,0.51640091,1,1.13609467,0.519113408,70.6601675,65.6408604,1,0.50563051,70.6601675,65.6408604,0.445332333
22830,2283,0.517307613,1,1.17751479,0.514906208,64.7335192,64.661387,1,0.567284801,64.7335192,64.661387,0.462079995
22840,2284,0.523915478,1,1.18934911,0.513695389,66.4465391,58.9867376,1,0.641551239,66.4465391,58.9867376,0.4559669
22850,2285,0.538052545,1,1.18934911,0.514531472,71.6931547,61.3801929,1,0.637637094,71.6931547,61.3801929,0.443597477
22860,2286,0.534636561,1,1.26035503,0.517663094,68.7542407,66.2402626,1,0.534706599,68.7542407,66.2402626,0.436889853
22870,2287,0.531632533,1,1.20118343,0.514247786,64.0711779,63.2757541,1,0.520774056,64.0711779,63.2757541,0.426346722
22880,2288,0.52439486,1,1.20710059,0.521923264,67.4540702,58.8142454,1,0.506104198,67.4540702,58.8142454,0.430693816
22890,2289,0.519855415,1,1.14792899,0.516644344,72.0185832,62.2578461,1,0.496525903,72.0185832,62.2578461,0.439830287
22900,2290,0.512038322,1,1.07692308,0.516022257,68.1671755,66.7768433,1,0.47944794,68.1671755,66.7768433,0.456735761
22910,2291,0.515427062,1,1.15384615,0.518032528,64.0863971,62.6600183,1,0.526669395,64.0863971,62.6600183,0.445895154
22920,2292,0.520829831,1,1.18343195,0.519152491,68.5984307,59.0046844,1,0.608399767,68.5984307,59.0046844,0.446683455
22930,2293,0.537791477,1,1.17159763,0.51786953,71.6440792,63.9333166,1,0.663427105,71.6440792,63.9333166,0.445672091
22940,2294,0.53597461,1,1.24852071,0.517264577,66.4236368,66.2491639,1,0.536036878,66.4236368,66.2491639,0.439312049
22950,2295,0.522578344,1,1.19526627,0.51534229,64.5711456,60.8213303,1,0.509177525,64.5711456,60.8213303,0.441173137
22960,2296,0.515801606,1,1.18343195,0.511136354,70.2470747,59.154891,1,0.510943074,70.2470747,59.154891,0.455038796
22970,2297,0.512557104,1,1.14201183,0.513048623,71.6903265,64.9076161,1,0.484169811,71.6903265,64.9076161,0.456231164
22980,2298,0.512371032,1,1.09467456,0.515166712,66.1446186,66.1744492,1,0.47064972,66.1446186,66.1744492,0.437581726
22990,2299,0.52517175,1,1.19526627,0.524265863,65.4510888,60.4882224,1,0.544218689,65.4510888,60.4882224,0.440643413
23000,2300,0.515331859,1,1.16568047,0.51397673,71.3522465,60.2419719,1,0.600217475,71.3522465,60.2419719,0.454330261
23010,2301,0.537218314,1,1.18343195,0.513100484,70.5000008,66.028403,1,0.640773205,70.5000008,66.028403,0.449911944
23020,2302,0.534256948,1,1.24260355,0.518779356,65.1971063,64.5172943,1,0.528201368,65.1971063,64.5172943,0.424153451
23030,2303,0.525241421,1,1.19526627,0.516344015,66.9109702,59.1537615,1,0.521331319,66.9109702,59.1537615,0.433130977
23040,2304,0.517574505,1,1.18934911,0.51790692,72.3669019,61.1956585,1,0.501205134,72.3669019,61.1956585,0.448115939
23050,2305,0.513845722,1,1.1183432,0.515136833,70.1887219,66.5372907,1,0.489161981,70.1887219,66.5372907,0.443743514
23060,2306,0.512601263,1,1.12426036,0.515071149,65.05705,63.8957342,1,0.497280933,65.05705,63.8957342,0.44397263
23070,2307,0.521965269,1,1.17159763,0.523145322,68.1832754,59.0682909,1,0.580790016,68.1832754,59.0682909,0.442407973
23080,2308,0.539670266,1,1.15976331,0.522188256,72.6488857,62.7379988,1,0.666565613,72.6488857,62.7379988,0.444615592
23090,2309,0.537356555,1,1.20710059,0.511734003,68.3382992,66.6371114,1,0.57632175,68.3382992,66.6371114,0.447109292
23100,2310,0.522926321,1,1.21301775,0.51534016,65.0392794,61.8682859,1,0.511173207,65.0392794,61.8682859,0.446055881
23110,2311,0.513165803,1,1.15384615,0.506778175,69.8636457,58.4812132,1,0.504517733,69.8636457,58.4812132,0.453433787
23120,2312,0.520265246,1,1.17159763,0.514879508,72.8149863,63.2599133,1,0.505462232,72.8149863,63.2599133,0.432047466
23130,2313,0.508032495,1,1.09467456,0.511468519,67.5745919,66.2565651,1,0.470273173,67.5745919,66.2565651,0.464360959
23140,2314,0.51170636,1,1.13609467,0.518082594,65.1299127,61.0848825,1,0.50744772,65.1299127,61.0848825,0.440029294
23150,2315,0.512669421,1,1.16568047,0.516732391,70.6836644,59.2239869,1,0.584309577,70.6836644,59.2239869,0.450555806
23160,2316,0.540544993,1,1.19526627,0.518265203,71.5802112,64.888493,1,0.658072716,71.5802112,64.888493,0.441155194
23170,2317,0.530908403,1,1.20710059,0.516131181,65.8275168,64.867396,1,0.521129991,65.8275168,64.867396,0.442517934
23180,2318,0.515974149,1,1.21893491,0.511051993,66.2552705,59.0283753,1,0.49456369,66.2552705,59.0283753,0.450359072
23190,2319,0.519291942,1,1.17751479,0.515851442,71.969074,59.5823453,1,0.510430453,71.969074,59.5823453,0.441584244
23200,2320,0.513511232,1,1.13017751,0.515762762,71.1962744,65.371679,1,0.491823367,71.1962744,65.371679,0.449283479
23210,2321,0.518454919,1,1.13609467,0.520841992,65.4884635,64.2647281,1,0.509858946,65.4884635,64.2647281,0.447243004
23220,2322,0.519306969,1,1.18343195,0.517973886,67.1366162,58.505588,1,0.571237243,67.1366162,58.505588,0.460794928
23230,2323,0.520871239,1,1.12426036,0.514089177,72.5536918,60.7956596,1,0.628175066,72.5536918,60.7956596,0.452404073
23240,2324,0.540039667,1,1.17159763,0.516612158,69.5626015,65.697193,1,0.623624407,69.5626015,65.697193,0.441699589
23250,2325,0.530961248,1,1.23076923,0.516555814,65.1049724,62.2701671,1,0.513740172,65.1049724,62.2701671,0.43251681
23260,2326,0.518875599,1,1.17751479,0.511312208,68.7803383,57.9283538,1,0.50632754,68.7803383,57.9283538,0.437581151
23270,2327,0.522233885,1,1.13609467,0.516360487,73.0045866,61.7551014,1,0.501576714,73.0045866,61.7551014,0.438449869
23280,2328,0.51523333,1,1.10650888,0.515415492,68.9505143,66.1006876,1,0.477963015,68.9505143,66.1006876,0.457156257
23290,2329,0.515028975,1,1.12426036,0.518282921,64.9182598,61.9129282,1,0.494439268,64.9182598,61.9129282,0.447189817
23300,2330,0.519544153,1,1.16568047,0.518132085,69.5344041,58.2410533,1,0.577195267,69.5344041,58.2410533,0.453725235
23310,2331,0.537930861,1,1.15384615,0.519955705,72.4445191,63.3676444,1,0.663825591,72.4445191,63.3676444,0.453459457
23320,2332,0.536740558,1,1.19526627,0.513352072,67.1212456,65.6839578,1,0.626616674,67.1212456,65.6839578,0.446568432
23330,2333,0.530081513,1,1.25443787,0.512560989,65.3337378,60.2857602,1,0.515742056,65.3337378,60.2857602,0.437419285
23340,2334,0.525804497,1,1.20118343,0.519408862,70.7127544,58.8159424,1,0.503426112,70.7127544,58.8159424,0.428939678
23350,2335,0.520156804,1,1.17751479,0.514902355,72.1805244,64.2953533,1,0.509979454,72.1805244,64.2953533,0.436353179
23360,2336,0.511467785,1,1.13609467,0.516050173,66.3326189,65.3678277,1,0.50407704,66.3326189,65.3678277,0.457341172
23370,2337,0.50607333,1,1.13017751,0.510387942,65.3281107,59.5127737,1,0.482268306,65.3281107,59.5127737,0.456969007
23380,2338,0.525719943,1,1.20118343,0.522936761,71.0932236,59.5127398,1,0.595747719,71.0932236,59.5127398,0.443470221
23390,2339,0.512868196,1,1.10059172,0.511782058,70.7318186,65.2843447,1,0.619194577,70.7318186,65.2843447,0.444839154
23400,2340,0.541403733,1,1.23076923,0.516391259,65.22936,63.8498222,1,0.606724043,65.22936,63.8498222,0.437413765
23410,2341,0.52795678,1,1.21893491,0.513724141,67.1062422,58.524813,1,0.518309866,67.1062422,58.524813,0.434315141
23420,2342,0.526247927,1,1.18343195,0.519099261,72.2706966,60.7284018,1,0.510204336,72.2706966,60.7284018,0.431917379
23430,2343,0.521024684,1,1.13017751,0.51578423,70.0686446,65.9574579,1,0.499561537,70.0686446,65.9574579,0.436446527
23440,2344,0.520290801,1,1.12426036,0.521331083,64.962292,63.5172626,1,0.48852241,64.962292,63.5172626,0.435342409
23450,2345,0.511978048,1,1.12426036,0.518243935,67.6860341,58.2626511,1,0.501520363,67.6860341,58.2626511,0.45527619
23460,2346,0.516727169,1,1.18343195,0.518089445,72.5463454,61.6324375,1,0.574781104,72.5463454,61.6324375,0.454940575
23470,2347,0.531904406,1,1.18343195,0.511952006,68.2245182,65.8612502,1,0.659972798,68.2245182,65.8612502,0.465121018
23480,2348,0.532916788,1,1.17751479,0.515523791,64.8360437,61.1426105,1,0.577117539,64.8360437,61.1426105,0.446864948
23490,2349,0.52745593,1,1.21301775,0.517388628,69.670946,58.1529616,1,0.498199595,69.670946,58.1529616,0.43727424
23500,2350,0.521194541,1,1.18934911,0.511400129,72.6133236,62.986836,1,0.516805852,72.6133236,62.986836,0.435305293
23510,2351,0.523435354,1,1.19526627,0.522646774,67.5361892,65.5951241,1,0.504292274,67.5361892,65.5951241,0.439071514
23520,2352,0.506429124,1,1.0887574,0.51308049,64.7660192,60.3444649,1,0.45926248,64.7660192,60.3444649,0.456661823
23530,2353,0.514975254,1,1.12426036,0.524083428,69.6822887,58.1383268,1,0.499831845,69.6822887,58.1383268,0.414505847
23540,2354,0.517945657,1,1.18343195,0.518578929,71.5023347,63.7550733,1,0.587153506,71.5023347,63.7550733,0.454174641
23550,2355,0.533723855,1,1.16568047,0.5142913,65.6198147,64.3623319,1,0.654940327,65.6198147,64.3623319,0.454906228
23560,2356,0.533091195,1,1.21301775,0.514174969,65.8419664,58.6898727,1,0.553064393,65.8419664,58.6898727,0.436677512
23570,2357,0.530753118,1,1.21301775,0.517301496,71.3995748,59.2482907,1,0.522269391,71.3995748,59.2482907,0.429660955
23580,2358,0.519735686,1,1.20118343,0.515347917,70.6445805,64.9486145,1,0.501720122,70.6445805,64.9486145,0.442315772
23590,2359,0.521093253,1,1.18934911,0.518434947,65.0640673,64.0644937,1,0.490001557,65.0640673,64.0644937,0.434624214
23600,2360,0.511827004,1,1.0887574,0.515009686,66.4646848,58.3443785,1,0.507423969,66.4646848,58.3443785,0.453007356
23610,2361,0.509673739,1,1.16568047,0.517084562,72.0290111,59.9828453,1,0.508621633,72.0290111,59.9828453,0.44619563
23620,2362,0.532715897,1,1.13017751,0.522648946,69.5351543,65.2264359,1,0.635163562,69.5351543,65.2264359,0.446648027
23630,2363,0.53737632,1,1.17751479,0.518310371,64.7720105,61.9087556,1,0.614306152,64.7720105,61.9087556,0.446515379
23640,2364,0.528224825,1,1.23668639,0.512131376,68.4990851,57.5987032,1,0.520227123,68.4990851,57.5987032,0.438310615
23650,2365,0.519117898,1,1.16568047,0.513881143,72.5621029,61.6866061,1,0.506250418,72.5621029,61.6866061,0.443353708
23660,2366,0.52241125,1,1.17159763,0.51804505,68.4770336,65.5579215,1,0.505564161,68.4770336,65.5579215,0.432926428
23670,2367,0.51253593,1,1.13017751,0.516433428,64.5679454,61.3155976,1,0.479497268,64.5679454,61.3155976,0.443748706
23680,2368,0.52058751,1,1.20118343,0.525049164,68.9985805,57.925935,1,0.528979034,68.9985805,57.925935,0.429120057
23690,2369,0.505979498,1,1.15384615,0.508024559,72.1768455,63.1367053,1,0.590178259,72.1768455,63.1367053,0.469504936
23700,2370,0.537798891,1,1.15384615,0.516737631,66.6760418,65.1366163,1,0.658772949,66.6760418,65.1366163,0.450236529
23710,2371,0.53685776,1,1.18343195,0.511007194,65.0880177,59.7020435,1,0.638835522,65.0880177,59.7020435,0.435525944
23720,2372,0.537204246,1,1.26035503,0.517754708,70.5231984,58.6872449,1,0.507531595,70.5231984,58.6872449,0.425315794
23730,2373,0.522526898,1,1.18343195,0.517600448,71.4314634,64.2684527,1,0.511123165,71.4314634,64.2684527,0.434971442
23740,2374,0.519328582,1,1.17751479,0.518287261,65.6836439,64.9500174,1,0.495055755,65.6836439,64.9500174,0.44523752
23750,2375,0.51421182,1,1.10650888,0.512922222,65.3270806,59.0290031,1,0.511268334,65.3270806,59.0290031,0.456287749
23760,2376,0.503084254,1,1.15384615,0.50900044,71.3549756,59.0345323,1,0.5024224,71.3549756,59.0345323,0.463684425
23770,2377,0.514280123,1,1.13017751,0.517191278,70.9478993,64.6624997,1,0.56916042,70.9478993,64.6624997,0.434051561
23780,2378,0.540225618,1,1.20118343,0.518589144,65.3924381,63.2986206,1,0.663753183,65.3924381,63.2986206,0.440033048
23790,2379,0.535111787,1,1.18343195,0.510710564,67.2097337,57.9836631,1,0.589467917,67.2097337,57.9836631,0.432081359
23800,2380,0.52802546,1,1.20710059,0.515647426,72.2107696,60.4715925,1,0.515144004,72.2107696,60.4715925,0.429669977
23810,2381,0.513915622,1,1.14792899,0.514130062,69.3477118,65.5714026,1,0.523751887,69.3477118,65.5714026,0.449885998
23820,2382,0.509434256,1,1.10650888,0.510355725,64.3801332,62.2991214,1,0.505141579,64.3801332,62.2991214,0.457576982
23830,2383,0.513596383,1,1.13609467,0.513756121,68.1237706,57.709714,1,0.52449971,68.1237706,57.709714,0.455586503
23840,2384,0.509472187,1,1.19526627,0.513533858,72.4386448,61.7339104,1,0.545946934,72.4386448,61.7339104,0.453861117
23850,2385,0.523022218,1,1.17159763,0.516062779,67.9227637,65.3651294,1,0.642064763,67.9227637,65.3651294,0.445748711
23860,2386,0.536301212,1,1.18343195,0.510797022,65.0673312,60.3909817,1,0.599585197,65.0673312,60.3909817,0.441190157
23870,2387,0.537867813,1,1.24260355,0.518124626,70.0213386,58.0009404,1,0.525887811,70.0213386,58.0009404,0.423108302
23880,2388,0.5278627,1,1.20118343,0.519548683,72.2709541,62.965286,1,0.50992984,72.2709541,62.965286,0.419251921
23890,2389,0.524352842,1,1.18343195,0.522323483,67.0965562,65.0767873,1,0.498745279,67.0965562,65.0767873,0.429894926
23900,2390,0.508528888,1,1.13017751,0.513945341,65.0853081,59.3857703,1,0.505258066,65.0853081,59.3857703,0.464304491
23910,2391,0.513435464,1,1.15976331,0.51315226,70.790892,57.8825263,1,0.527114243,70.790892,57.8825263,0.453868522
23920,2392,0.52803238,1,1.14792899,0.51925067,71.4813257,63.7311153,1,0.611886565,71.4813257,63.7311153,0.453015488
23930,2393,0.513844026,1,1.1183432,0.51049922,65.7350312,64.1976549,1,0.613439572,65.7350312,64.1976549,0.443477119
23940,2394,0.539060993,1,1.19526627,0.515019845,66.3808776,58.4862055,1,0.605891738,66.3808776,58.4862055,0.442142253
23950,2395,0.522986776,1,1.20118343,0.51224928,71.8402174,59.6706903,1,0.519245113,71.8402174,59.6706903,0.429719839
23960,2396,0.516302225,1,1.16568047,0.515821516,70.1458522,65.2311903,1,0.517987049,70.1458522,65.2311903,0.447147655
23970,2397,0.507316313,1,1.13609467,0.50880245,64.4559488,63.1949976,1,0.51222162,64.4559488,63.1949976,0.464866726
23980,2398,0.504333563,1,1.10059172,0.50915033,66.6578253,57.6666737,1,0.476425226,66.6578253,57.6666737,0.457744826
23990,2399,0.509859458,1,1.15976331,0.517847935,71.7597603,60.1353823,1,0.506932971,71.7597603,60.1353823,0.43598669
24000,2400,0.526157793,1,1.17751479,0.523988063,68.7152768,64.940625,1,0.627465875,68.7152768,64.940625,0.437578315
24010,2401,0.541240485,1,1.19526627,0.518176225,64.4038215,61.1346551,1,0.606905597,64.4038215,61.1346551,0.442384965
24020,2402,0.530761287,1,1.21301775,0.516489897,68.722701,57.4253912,1,0.514480117,68.722701,57.4253912,0.437930578
24030,2403,0.516805089,1,1.17159763,0.51692982,72.2521641,62.1208502,1,0.51474106,72.2521641,62.1208502,0.451849875
24040,2404,0.511198391,1,1.1183432,0.508105909,67.5812359,65.7539303,1,0.499411557,67.5812359,65.7539303,0.455192533
24050,2405,0.524557686,1,1.15976331,0.519850758,64.4297414,61.1097858,1,0.498472948,64.4297414,61.1097858,0.431729671
24060,2406,0.507744926,1,1.13017751,0.514475112,69.4401895,57.8648454,1,0.482349187,69.4401895,57.8648454,0.459187784
24070,2407,0.509251763,1,1.14792899,0.520407874,71.9566738,63.0185688,1,0.546984362,71.9566738,63.0185688,0.441176201
24080,2408,0.525991831,1,1.15384615,0.513401288,66.2994444,64.701478,1,0.665136853,66.2994444,64.701478,0.454018402
24090,2409,0.53242055,1,1.19526627,0.513286067,65.7181599,58.9778763,1,0.547882554,65.7181599,58.9778763,0.442541796
24100,2410,0.515427803,1,1.18343195,0.510688086,71.5932942,58.9997261,1,0.504025223,71.5932942,58.9997261,0.451936531
24110,2411,0.52420649,1,1.20710059,0.515922673,71.5241041,64.6333633,1,0.513933638,71.5241041,64.6333633,0.433389391
24120,2412,0.520514694,1,1.15976331,0.519597701,65.8852573,64.4825158,1,0.499889434,65.8852573,64.4825158,0.433912623
24130,2413,0.520044074,1,1.14792899,0.52272305,66.2931312,58.7816407,1,0.492073256,66.2931312,58.7816407,0.439649794
24140,2414,0.514640872,1,1.16568047,0.517305467,72.192575,59.6718321,1,0.527752753,72.192575,59.6718321,0.458940628
24150,2415,0.527300366,1,1.14792899,0.517453769,70.3074309,65.3668277,1,0.642387715,70.3074309,65.3668277,0.461453473
24160,2416,0.534817844,1,1.18343195,0.515815299,65.0184804,62.6724032,1,0.62339883,65.0184804,62.6724032,0.45659481
24170,2417,0.533693329,1,1.21893491,0.50939001,67.7616898,57.8352535,1,0.574724304,67.7616898,57.8352535,0.427758816
24180,2418,0.527977692,1,1.21893491,0.518207149,72.3082503,61.1206161,1,0.512611056,72.3082503,61.1206161,0.431488548
24190,2419,0.51291724,1,1.13609467,0.510019992,68.8234735,65.7688061,1,0.507802782,68.8234735,65.7688061,0.446878325
24200,2420,0.521594651,1,1.12426036,0.521219932,64.6433141,62.1831266,1,0.488924894,64.6433141,62.1831266,0.423641794
24210,2421,0.515344671,1,1.13017751,0.516464536,68.7061873,57.9220844,1,0.521148986,68.7061873,57.9220844,0.452889598
24220,2422,0.520338639,1,1.15976331,0.518104563,72.5683448,62.3511394,1,0.567619913,72.5683448,62.3511394,0.452035433
24230,2423,0.534436252,1,1.16568047,0.516253514,67.5698915,65.555129,1,0.655393375,67.5698915,65.555129,0.45670601
24240,2424,0.53444181,1,1.15976331,0.511452624,64.9632014,60.4683554,1,0.665651262,64.9632014,60.4683554,0.439675099
24250,2425,0.535377921,1,1.23668639,0.516355786,70.2126984,58.4510271,1,0.522122982,70.2126984,58.4510271,0.432597995
24260,2426,0.520406556,1,1.17159763,0.514757944,71.8788051,63.9106059,1,0.510109504,71.8788051,63.9106059,0.43908803
24270,2427,0.521637299,1,1.18343195,0.519788722,66.3779221,65.4738163,1,0.502696168,66.3779221,65.4738163,0.43989873
24280,2428,0.515938068,1,1.10650888,0.516434374,64.9202322,59.8842992,1,0.49220331,64.9202322,59.8842992,0.444343544
24290,2429,0.518840929,1,1.15384615,0.520866693,70.6998195,59.0110357,1,0.537654666,70.6998195,59.0110357,0.449629819
24300,2430,0.505920922,1,1.17159763,0.513262817,71.4962133,64.8286066,1,0.523974344,71.4962133,64.8286066,0.451679146
24310,2431,0.536940803,1,1.15976331,0.519432455,65.6328782,64.3439742,1,0.664179483,65.6328782,64.3439742,0.452563815
24320,2432,0.531134478,1,1.16568047,0.509466093,66.8617443,58.6444948,1,0.57166119,66.8617443,58.6444948,0.448496352
24330,2433,0.535615799,1,1.24260355,0.518026192,72.10973,60.2617499,1,0.518710247,72.10973,60.2617499,0.422425144
24340,2434,0.526103972,1,1.22485207,0.515369843,70.4433102,65.644045,1,0.513839572,70.4433102,65.644045,0.433412601
24350,2435,0.525792443,1,1.17159763,0.52218027,65.2470201,63.8014328,1,0.503209847,65.2470201,63.8014328,0.424101212
24360,2436,0.518583167,1,1.14201183,0.520945999,67.221627,58.3931641,1,0.492778532,67.221627,58.3931641,0.442882192
24370,2437,0.51582605,1,1.13609467,0.518058839,72.6233111,60.9399136,1,0.533789787,72.6233111,60.9399136,0.459380362
24380,2438,0.519354426,1,1.16568047,0.512163457,69.2394121,65.9536951,1,0.611448137,69.2394121,65.9536951,0.465297369
24390,2439,0.533265642,1,1.17751479,0.518526883,64.866532,62.0150291,1,0.666813501,64.866532,62.0150291,0.452705027
24400,2440,0.538822389,1,1.23668639,0.517081893,69.0444706,58.1740818,1,0.581470219,69.0444706,58.1740818,0.436554878
24410,2441,0.529842783,1,1.19526627,0.509365723,72.5819002,62.5920927,1,0.51283473,72.5819002,62.5920927,0.435361699
24420,2442,0.526915862,1,1.21893491,0.522231182,67.8349323,65.6713183,1,0.516871618,67.8349323,65.6713183,0.43524689
24430,2443,0.513284984,1,1.09467456,0.515862333,64.6111922,60.7389559,1,0.490644233,64.6111922,60.7389559,0.453263634
24440,2444,0.515760724,1,1.09467456,0.521428505,69.3984598,57.8603665,1,0.485565292,69.3984598,57.8603665,0.429697897
24450,2445,0.514965667,1,1.18343195,0.517168426,71.9149209,63.2104936,1,0.556349635,71.9149209,63.2104936,0.454799754
24460,2446,0.521886528,1,1.16568047,0.512706611,66.1393329,64.8372237,1,0.644944949,66.1393329,64.8372237,0.461561967
24470,2447,0.533165313,1,1.16568047,0.512009313,65.3074353,59.1446536,1,0.662682276,65.3074353,59.1446536,0.442541126
24480,2448,0.538416223,1,1.21893491,0.515414026,70.9335725,59.0017666,1,0.548065287,70.9335725,59.0017666,0.43291934
24490,2449,0.525742662,1,1.21301775,0.516889924,70.7784606,64.6324245,1,0.502467133,70.7784606,64.6324245,0.433291844
24500,2450,0.528025459,1,1.20118343,0.517467087,65.2558578,64.5180782,1,0.521056373,65.2558578,64.5180782,0.424906647
24510,2451,0.515911055,1,1.14201183,0.518167979,65.7479049,58.7655033,1,0.499490501,65.7479049,58.7655033,0.444121555
24520,2452,0.516460687,1,1.1183432,0.519013706,71.528313,59.5190659,1,0.504270493,71.528313,59.5190659,0.44840925
24530,2453,0.51877143,1,1.18343195,0.51811276,70.1847451,65.3620486,1,0.557188631,70.1847451,65.3620486,0.461189751
24540,2454,0.51644908,1,1.14792899,0.512903542,64.6157748,63.4309632,1,0.606325485,64.6157748,63.4309632,0.453406053
24550,2455,0.543673992,1,1.17751479,0.520868878,67.4225909,58.3535546,1,0.622808617,67.4225909,58.3535546,0.446275146
24560,2456,0.533726124,1,1.23076923,0.517180384,72.1647403,61.5903537,1,0.534517665,72.1647403,61.5903537,0.441654027
24570,2457,0.535266101,1,1.24260355,0.50907456,69.129029,66.0918379,1,0.530701841,69.129029,66.0918379,0.417649829
24580,2458,0.526897518,1,1.19526627,0.522323358,64.8974077,62.4993359,1,0.507921827,64.8974077,62.4993359,0.426993679
24590,2459,0.519736392,1,1.13609467,0.517636145,68.402286,58.0099179,1,0.494165935,68.402286,58.0099179,0.438117585
24600,2460,0.518494697,1,1.12426036,0.520085921,72.6406513,61.9364893,1,0.497052545,72.6406513,61.9364893,0.444437707
24610,2461,0.517058293,1,1.15384615,0.515940109,68.2940503,65.8867924,1,0.545408352,68.2940503,65.8867924,0.451806597
24620,2462,0.513147678,1,1.15384615,0.51607371,64.762957,61.248292,1,0.583164452,64.762957,61.248292,0.448431235
24630,2463,0.541724156,1,1.18934911,0.518718011,69.9709224,58.5662336,1,0.641061559,69.9709224,58.5662336,0.450616548
24640,2464,0.532520481,1,1.22485207,0.511280462,72.0548786,63.8431779,1,0.558770235,72.0548786,63.8431779,0.436425871
24650,2465,0.526025467,1,1.21893491,0.517883622,66.5919762,65.3349581,1,0.516342053,66.5919762,65.3349581,0.435609554
24660,2466,0.514797151,1,1.15976331,0.510860137,65.2009057,59.536815,1,0.511567555,65.2009057,59.536815,0.458667615
24670,2467,0.514321869,1,1.1183432,0.515025041,70.9092074,58.38688,1,0.483078351,70.9092074,58.38688,0.447921288
24680,2468,0.515873008,1,1.13609467,0.518062883,71.860463,64.0025744,1,0.474582682,71.860463,64.0025744,0.43813018
24690,2469,0.524280273,1,1.18343195,0.523114492,66.0943152,64.3723594,1,0.557729408,66.0943152,64.3723594,0.444460992
24700,2470,0.515419485,1,1.1183432,0.512006773,66.3131101,58.3999333,1,0.616433709,66.3131101,58.3999333,0.459725572
24710,2471,0.53705656,1,1.16568047,0.513345848,71.848098,59.6430679,1,0.64196557,71.848098,59.6430679,0.436374751
24720,2472,0.533155557,1,1.24260355,0.517722065,70.0840378,64.9487979,1,0.523273651,70.0840378,64.9487979,0.4301003
24730,2473,0.510842964,1,1.20710059,0.509979456,64.6410138,62.5769454,1,0.507056426,64.6410138,62.5769454,0.45671968
24740,2474,0.508950707,1,1.15384615,0.506261206,67.2914319,57.2814054,1,0.506686207,67.2914319,57.2814054,0.455521416
24750,2475,0.509500276,1,1.13017751,0.511565586,72.5202751,60.0324628,1,0.463663069,72.5202751,60.0324628,0.454491832
24760,2476,0.506849286,1,1.11242604,0.517077428,69.8008012,64.8536127,1,0.468155876,69.8008012,64.8536127,0.425788686
24770,2477,0.514467358,1,1.18343195,0.522417205,65.1574027,61.7592358,1,0.550895437,65.1574027,61.7592358,0.429230202
24780,2478,0.543669409,1,1.19526627,0.523819926,69.1190896,57.5419942,1,0.663525211,69.1190896,57.5419942,0.445092169
24790,2479,0.525627492,1,1.22485207,0.507317471,72.747424,62.2796321,1,0.532134128,72.747424,62.2796321,0.459031812
24800,2480,0.522657907,1,1.20118343,0.506013542,67.8255866,65.3323592,1,0.529146349,67.8255866,65.3323592,0.445514305
24810,2481,0.52356592,1,1.18343195,0.518679203,65.0178735,60.3949275,1,0.502007123,65.0178735,60.3949275,0.436916881
24820,2482,0.521326285,1,1.13017751,0.517025775,69.7819027,57.4820743,1,0.49846892,69.7819027,57.4820743,0.429535922
24830,2483,0.515967794,1,1.09467456,0.516998267,72.3375121,62.6383537,1,0.491534387,72.3375121,62.6383537,0.442681163
24840,2484,0.513648691,1,1.15384615,0.51904451,66.8365148,64.8533156,1,0.533899184,66.8365148,64.8533156,0.456167647
24850,2485,0.516071223,1,1.13017751,0.512222504,65.3949734,59.107809,1,0.615053925,65.3949734,59.107809,0.45566057
24860,2486,0.533130812,1,1.18343195,0.514712131,71.2428782,58.8927486,1,0.601998076,71.2428782,58.8927486,0.45014292
24870,2487,0.522044692,1,1.20118343,0.513258627,70.7142037,64.6623078,1,0.514005321,70.7142037,64.6623078,0.445671559
24880,2488,0.516602106,1,1.21301775,0.511083107,64.9515494,63.8469875,1,0.508354366,64.9515494,63.8469875,0.447695821
24890,2489,0.516119118,1,1.15384615,0.511589339,65.8029133,58.1289598,1,0.500870992,65.8029133,58.1289598,0.444696969
24900,2490,0.519099403,1,1.15384615,0.517902025,71.1591483,58.983155,1,0.484231067,71.1591483,58.983155,0.417224579
24910,2491,0.513635686,1,1.14201183,0.523234919,70.1417042,64.487226,1,0.47608623,70.1417042,64.487226,0.430563064
24920,2492,0.520473768,1,1.18343195,0.522689718,64.652974,62.6990634,1,0.575517464,64.652974,62.6990634,0.444051312
24930,2493,0.533212247,1,1.17751479,0.514089917,67.5403357,57.4251124,1,0.657052492,67.5403357,57.4251124,0.462508065
24940,2494,0.531153178,1,1.24852071,0.517627949,72.0744855,61.0997296,1,0.516571757,72.0744855,61.0997296,0.448939095
24950,2495,0.520302266,1,1.21893491,0.509314811,68.3018514,65.544047,1,0.512751258,68.3018514,65.544047,0.448433994
24960,2496,0.527978396,1,1.18934911,0.517047894,64.3301163,61.7016928,1,0.5146355,64.3301163,61.7016928,0.425088683
24970,2497,0.518653818,1,1.15384615,0.519881728,68.3571078,57.6460225,1,0.49536455,68.3571078,57.6460225,0.439641613
24980,2498,0.521832931,1,1.15384615,0.523933195,72.1608951,61.5208521,1,0.499388819,72.1608951,61.5208521,0.417679568
24990,2499,0.504123173,1,1.16568047,0.511807909,67.3959339,65.2266646,1,0.543916199,67.3959339,65.2266646,0.464337041
25000,2500,0.528847262,1,1.20710059,0.516991695,64.6681372,59.996477,1,0.649618195,64.6681372,59.996477,0.453753162
25010,2501,0.53367805,1,1.16568047,0.512797118,70.0863288,57.9718648,1,0.654667701,70.0863288,57.9718648,0.444931052
25020,2502,0.538030927,1,1.23668639,0.514664075,71.4328224,63.4478039,1,0.558068112,71.4328224,63.4478039,0.433773544
25030,2503,0.530824694,1,1.21301775,0.514334581,66.0175417,64.612919,1,0.519749535,66.0175417,64.612919,0.426092457
25040,2504,0.524442647,1,1.18934911,0.520738742,65.0930859,59.1713922,1,0.514825849,65.0930859,59.1713922,0.424576588
25050,2505,0.514869885,1,1.10059172,0.515495401,70.8513408,58.3944782,1,0.502820743,70.8513408,58.3944782,0.446956144
25060,2506,0.51291628,1,1.1183432,0.515371546,71.2818623,64.3037723,1,0.493743356,71.2818623,64.3037723,0.455765857
25070,2507,0.5180337,1,1.19526627,0.517448382,65.4104273,64.257948,1,0.541709224,65.4104273,64.257948,0.451662603
25080,2508,0.533326473,1,1.16568047,0.52075283,66.2894649,58.4549501,1,0.639324797,66.2894649,58.4549501,0.451476808
25090,2509,0.530728204,1,1.12426036,0.511247672,71.9263102,59.8116485,1,0.665558956,71.9263102,59.8116485,0.445985747
25100,2510,0.537839807,1,1.20118343,0.512640151,69.9344457,64.9955819,1,0.567353093,69.9344457,64.9955819,0.427187646
25110,2511,0.523077896,1,1.18934911,0.515377708,64.935348,62.5240828,1,0.515898789,64.935348,62.5240828,0.42897487
25120,2512,0.507071255,1,1.16568047,0.511172829,67.9411489,57.2861746,1,0.510978793,67.9411489,57.2861746,0.464544832
25130,2513,0.506550766,1,1.07100592,0.506881345,72.8929772,60.611434,1,0.508826328,72.8929772,60.611434,0.458825051
25140,2514,0.503304298,1,1.10650888,0.509538504,69.3982371,65.4959973,1,0.47668836,69.3982371,65.4959973,0.462000842
25150,2515,0.512592593,1,1.15976331,0.519699205,65.0744485,61.9269405,1,0.533867244,65.0744485,61.9269405,0.431272472
25160,2516,0.519542394,1,1.18934911,0.519634235,69.058968,57.9275174,1,0.622385425,69.058968,57.9275174,0.434269982
25170,2517,0.542198119,1,1.22485207,0.519435867,72.298663,62.5479599,1,0.594432739,72.298663,62.5479599,0.434081447
25180,2518,0.524636986,1,1.18934911,0.511456697,67.2873547,65.260154,1,0.511403063,67.2873547,65.260154,0.438321217
25190,2519,0.523788122,1,1.19526627,0.518098385,64.8655784,60.1239974,1,0.511347848,64.8655784,60.1239974,0.436805955
25200,2520,0.520155865,1,1.15976331,0.517649862,70.0155525,57.6770682,1,0.501638433,70.0155525,57.6770682,0.438594417
25210,2521,0.521079657,1,1.10059172,0.519760966,72.2124931,62.958722,1,0.491644761,72.2124931,62.958722,0.440026993
25220,2522,0.508598963,1,1.1183432,0.515066679,66.5920266,65.024184,1,0.48893052,66.5920266,65.024184,0.460613022
25230,2523,0.508532692,1,1.13017751,0.519117413,65.1544411,59.5274359,1,0.52630148,65.1544411,59.5274359,0.43704827
25240,2524,0.525605147,1,1.14792899,0.517003602,70.8851388,58.8183258,1,0.64561811,70.8851388,58.8183258,0.444184868
25250,2525,0.530052207,1,1.25443787,0.515966241,70.3799532,64.6410821,1,0.52584718,70.3799532,64.6410821,0.449586942
25260,2526,0.522513394,1,1.19526627,0.509718909,64.765728,63.7183899,1,0.515872091,64.765728,63.7183899,0.437657055
25270,2527,0.519742792,1,1.21301775,0.515465703,65.9600976,58.116675,1,0.501431378,65.9600976,58.116675,0.440586809
25280,2528,0.521398717,1,1.14201183,0.515916452,71.3523344,59.1393837,1,0.499207194,71.3523344,59.1393837,0.422181924
25290,2529,0.518496167,1,1.12426036,0.523253724,70.0544788,64.5933201,1,0.477584342,70.0544788,64.5933201,0.431248714
25300,2530,0.519936723,1,1.15384615,0.523278487,64.4860442,62.82022,1,0.540483421,64.4860442,62.82022,0.449531955
25310,2531,0.530832645,1,1.18343195,0.517167541,67.2338708,57.4493411,1,0.641809164,67.2338708,57.4493411,0.464075662
25320,2532,0.528418011,1,1.20118343,0.507662716,72.113813,61.0471094,1,0.626066229,72.113813,61.0471094,0.466370679
25330,2533,0.529368876,1,1.21301775,0.504027299,68.4074903,65.4111417,1,0.574662025,68.4074903,65.4111417,0.440424796
25340,2534,0.531322162,1,1.21893491,0.511690619,64.4597077,61.5279918,1,0.513909476,64.4597077,61.5279918,0.425961076
25350,2535,0.527086866,1,1.21301775,0.519507964,68.3317442,57.7169028,1,0.511784943,68.3317442,57.7169028,0.417920085
25360,2536,0.519686116,1,1.18934911,0.518201982,72.1778682,61.7347392,1,0.508439889,72.1778682,61.7347392,0.427845014
25370,2537,0.509213589,1,1.15384615,0.517300568,67.4904975,65.3652902,1,0.512362966,67.4904975,65.3652902,0.456072406
25380,2538,0.5169437,1,1.16568047,0.512553298,64.2794018,60.3917796,1,0.561295867,64.2794018,60.3917796,0.455388149
25390,2539,0.523802717,1,1.15976331,0.51336674,69.7540976,57.9135399,1,0.633553222,69.7540976,57.9135399,0.462268439
25400,2540,0.538341352,1,1.21893491,0.515493512,71.1925396,63.560924,1,0.602764829,71.1925396,63.560924,0.448284448
25410,2541,0.535478702,1,1.18934911,0.50811044,65.722849,64.721109,1,0.584211914,65.722849,64.721109,0.430106256
25420,2542,0.530627748,1,1.21301775,0.519845075,65.0380365,59.2323721,1,0.507896796,65.0380365,59.2323721,0.425484071
25430,2543,0.519410739,1,1.17159763,0.515088609,70.8038544,58.695533,1,0.508230473,70.8038544,58.695533,0.44544275
25440,2544,0.517057189,1,1.15384615,0.518840762,71.0314623,64.4934615,1,0.499308694,71.0314623,64.4934615,0.446338025
25450,2545,0.508764102,1,1.12426036,0.51200828,65.0128466,64.2847422,1,0.529484588,65.0128466,64.2847422,0.463248743
25460,2546,0.515163721,1,1.15384615,0.513248636,65.9388214,58.4070418,1,0.58206461,65.9388214,58.4070418,0.457707123
25470,2547,0.529976959,1,1.17751479,0.514141383,71.5081697,59.9612107,1,0.662551097,71.5081697,59.9612107,0.444779596
25480,2548,0.538425391,1,1.23076923,0.518408056,69.1713918,65.172693,1,0.560544374,69.1713918,65.172693,0.439338387
25490,2549,0.528491409,1,1.22485207,0.513637912,64.1350761,62.5425768,1,0.513005679,64.1350761,62.5425768,0.437055692
25500,2550,0.519871682,1,1.20118343,0.517647534,67.2635465,57.690391,1,0.508536406,67.2635465,57.690391,0.444100273
25510,2551,0.515476644,1,1.13609467,0.512019959,72.1334137,60.7268415,1,0.497014896,72.1334137,60.7268415,0.441458305
25520,2552,0.516326209,1,1.15384615,0.520797624,68.879225,65.3732528,1,0.477299326,68.879225,65.3732528,0.436357171
25530,2553,0.507730374,1,1.13017751,0.517018614,64.1798752,62.0413135,1,0.481966578,64.1798752,62.0413135,0.443131063
25540,2554,0.524130538,1,1.19526627,0.523052388,68.1350238,57.9544378,1,0.590751787,68.1350238,57.9544378,0.437487134
25550,2555,0.542156679,1,1.15976331,0.521244864,71.6947458,62.5745563,1,0.659505066,71.6947458,62.5745563,0.448647643
25560,2556,0.534749724,1,1.22485207,0.516415082,66.6832868,65.4823308,1,0.546325003,66.6832868,65.4823308,0.445688575
25570,2557,0.525297913,1,1.23668639,0.511543493,64.1458149,60.2710803,1,0.510379479,64.1458149,60.2710803,0.445861281
25580,2558,0.520600967,1,1.19526627,0.513688187,69.4615769,57.9714881,1,0.512713207,69.4615769,57.9714881,0.445526408
25590,2559,0.522131348,1,1.17751479,0.517763359,71.6598493,63.1275466,1,0.501255444,71.6598493,63.1275466,0.431162878
25600,2560,0.522103326,1,1.14201183,0.521851176,66.4643453,65.1442132,1,0.49398842,66.4643453,65.1442132,0.428705265
25610,2561,0.517683902,1,1.13017751,0.517473,64.9397654,59.4271151,1,0.543274867,64.9397654,59.4271151,0.455145174
25620,2562,0.513396897,1,1.11242604,0.511106394,70.8578667,58.5285095,1,0.587985139,70.8578667,58.5285095,0.460456515
25630,2563,0.523148529,1,1.15384615,0.512017288,71.0408477,64.4049621,1,0.649720281,71.0408477,64.4049621,0.4522539
25640,2564,0.536244265,1,1.17751479,0.512034628,65.330771,63.6821588,1,0.597065922,65.330771,63.6821588,0.44274173
25650,2565,0.523509849,1,1.18934911,0.511859803,66.6472837,58.2444185,1,0.519445674,66.6472837,58.2444185,0.430372248
25660,2566,0.515930556,1,1.17751479,0.51666589,72.2097073,59.9909756,1,0.511344542,72.2097073,59.9909756,0.448475506
25670,2567,0.507603787,1,1.1183432,0.508289482,70.2005048,65.6616355,1,0.510609569,70.2005048,65.6616355,0.462775764
25680,2568,0.50364737,1,1.10650888,0.510725165,64.6713151,63.4132475,1,0.480714137,64.6713151,63.4132475,0.459142416
25690,2569,0.513965377,1,1.15976331,0.51828004,67.2964207,58.3172565,1,0.5354939,67.2964207,58.3172565,0.440953129
25700,2570,0.528224196,1,1.15384615,0.521453292,72.0535823,61.6334048,1,0.648336424,72.0535823,61.6334048,0.446070457
25710,2571,0.54006743,1,1.18934911,0.519739956,68.0432892,65.8121958,1,0.601446933,68.0432892,65.8121958,0.445521732
25720,2572,0.530150527,1,1.26627219,0.508303249,64.2658283,61.5287462,1,0.513359536,64.2658283,61.5287462,0.439318668
25730,2573,0.525876825,1,1.19526627,0.521613622,68.8743038,58.2318741,1,0.515553313,68.8743038,58.2318741,0.435872323
25740,2574,0.514697055,1,1.14201183,0.516804882,72.3355728,62.941116,1,0.494702523,72.3355728,62.941116,0.449571406
25750,2575,0.522429137,1,1.19526627,0.522019858,67.9701707,66.0575437,1,0.489945828,67.9701707,66.0575437,0.412589289
25760,2576,0.51296358,1,1.15384615,0.518003817,64.9452756,60.9889006,1,0.516566038,64.9452756,60.9889006,0.454049056
25770,2577,0.522312051,1,1.17159763,0.517300286,70.22327,58.5325107,1,0.587589967,70.22327,58.5325107,0.447815715
25780,2578,0.532137629,1,1.17159763,0.518066753,71.8299385,64.2129453,1,0.662433018,71.8299385,64.2129453,0.454098506
25790,2579,0.539231239,1,1.18343195,0.514941372,66.2007036,65.0609202,1,0.600008571,66.2007036,65.0609202,0.43790347
25800,2580,0.530701213,1,1.23076923,0.512453312,65.7730952,59.3864214,1,0.517976688,65.7730952,59.3864214,0.437737493
25810,2581,0.525768264,1,1.21893491,0.518630876,71.3088219,59.2548408,1,0.514097189,71.3088219,59.2548408,0.425945407
25820,2582,0.515075871,1,1.17751479,0.514517472,71.1300062,65.0830323,1,0.5167825,71.1300062,65.0830323,0.448533387
25830,2583,0.508631769,1,1.1183432,0.513232883,65.2021176,64.589868,1,0.497990703,65.2021176,64.589868,0.457566717
25840,2584,0.513761712,1,1.14792899,0.513264794,66.2829482,58.7459704,1,0.544447821,66.2829482,58.7459704,0.457154399
25850,2585,0.516534629,1,1.19526627,0.513688419,71.9436021,60.5238747,1,0.611157252,71.9436021,60.5238747,0.456407032
25860,2586,0.531418179,1,1.12426036,0.513494881,69.6450742,65.716101,1,0.659741181,69.6450742,65.716101,0.436787938
25870,2587,0.537517645,1,1.27218935,0.521279197,64.889955,62.6301678,1,0.522690243,64.889955,62.6301678,0.436053727
25880,2588,0.532371741,1,1.23076923,0.513853712,67.925769,58.0226478,1,0.512992867,67.925769,58.0226478,0.424441209
25890,2589,0.524865896,1,1.21301775,0.52189334,72.2939938,61.5201389,1,0.507220467,72.2939938,61.5201389,0.43045203
25900,2590,0.515824793,1,1.1183432,0.514156136,68.6653611,66.0278214,1,0.494402044,68.6653611,66.0278214,0.445132633
25910,2591,0.513213616,1,1.07692308,0.516388387,64.3456238,62.0432254,1,0.482115323,64.3456238,62.0432254,0.452063875
25920,2592,0.517312704,1,1.16568047,0.518538788,68.5334701,58.0897776,1,0.532025624,68.5334701,58.0897776,0.443011513
25930,2593,0.515871059,1,1.14792899,0.518096979,72.1591724,62.626558,1,0.592679307,72.1591724,62.626558,0.446737639
25940,2594,0.540364914,1,1.18343195,0.518216626,67.0562186,65.4781404,1,0.65172546,67.0562186,65.4781404,0.449665622
25950,2595,0.530198,1,1.25443787,0.512707107,64.936506,60.1320033,1,0.537334931,64.936506,60.1320033,0.442387042
25960,2596,0.52240861,1,1.21301775,0.516157438,70.4594681,58.5487751,1,0.511473943,70.4594681,58.5487751,0.441954518
25970,2597,0.515101944,1,1.15976331,0.509637969,71.9233166,64.2494973,1,0.50841925,71.9233166,64.2494973,0.452743681
25980,2598,0.51333433,1,1.14201183,0.515562424,66.2363966,65.424893,1,0.486905497,66.2363966,65.424893,0.446701348
25990,2599,0.514806033,1,1.10650888,0.515996203,65.2029103,59.7772937,1,0.479686596,65.2029103,59.7772937,0.441644804
26000,2600,0.522654223,1,1.20118343,0.522489032,70.9985985,59.4454224,1,0.560856126,70.9985985,59.4454224,0.446552474
26010,2601,0.5099132,1,1.12426036,0.512768498,70.8864397,65.2988633,1,0.596281495,70.8864397,65.2988633,0.450347332
26020,2602,0.540352257,1,1.22485207,0.515454294,65.2675618,63.950337,1,0.609389425,65.2675618,63.950337,0.444495007
26030,2603,0.525262761,1,1.22485207,0.513296535,67.2508874,58.5665645,1,0.510733279,67.2508874,58.5665645,0.441344012
26040,2604,0.518579515,1,1.17159763,0.512014454,72.5566318,60.8555351,1,0.500894921,72.5566318,60.8555351,0.444494989
26050,2605,0.519412421,1,1.17159763,0.515068185,70.2606752,66.0611606,1,0.503485922,70.2606752,66.0611606,0.437650763
26060,2606,0.520770101,1,1.12426036,0.519716654,65.2125773,63.8359848,1,0.476816226,65.2125773,63.8359848,0.424366571
26070,2607,0.50807883,1,1.13017751,0.520025362,67.6638468,58.616608,1,0.457436758,67.6638468,58.616608,0.443564211
26080,2608,0.518872088,1,1.17159763,0.521841723,72.4351728,61.6171998,1,0.560947723,72.4351728,61.6171998,0.433569903
26090,2609,0.528025878,1,1.15976331,0.513626538,68.3925078,66.0111602,1,0.662205732,68.3925078,66.0111602,0.459289575
26100,2610,0.531169998,1,1.15976331,0.511421319,64.6324201,61.8674994,1,0.671854871,64.6324201,61.8674994,0.430413209
26110,2611,0.536631427,1,1.20118343,0.523310537,69.2220579,58.7619968,1,0.517689725,69.2220579,58.7619968,0.426274089
26120,2612,0.521013867,1,1.14201183,0.518213274,72.3023168,63.6126607,1,0.498123533,72.3023168,63.6126607,0.442002808
26130,2613,0.520097356,1,1.14792899,0.514348556,67.341025,66.4817055,1,0.506682393,67.341025,66.4817055,0.440856044
26140,2614,0.513615084,1,1.14792899,0.514587766,64.5842124,61.3055209,1,0.477001117,64.5842124,61.3055209,0.451118946
26150,2615,0.508621428,1,1.0887574,0.519475047,69.7219711,58.8106071,1,0.476893175,69.7219711,58.8106071,0.43934566
26160,2616,0.518909217,1,1.17159763,0.521200474,71.5963506,64.2374846,1,0.583269724,71.5963506,64.2374846,0.441650336
26170,2617,0.530248269,1,1.18343195,0.514531357,65.5939772,64.9602077,1,0.641942569,65.5939772,64.9602077,0.465055922
26180,2618,0.529894798,1,1.26035503,0.510319405,65.675539,59.2300089,1,0.545730802,65.675539,59.2300089,0.440829176
26190,2619,0.523269693,1,1.23668639,0.51268558,71.4752777,59.8252498,1,0.505077155,71.4752777,59.8252498,0.448477242
26200,2620,0.521295853,1,1.17159763,0.510224317,70.9128962,65.395773,1,0.512600675,70.9128962,65.395773,0.430679942
26210,2621,0.5206386,1,1.1183432,0.518965029,65.3626893,64.594351,1,0.487684624,65.3626893,64.594351,0.431366847
26220,2622,0.51685852,1,1.16568047,0.518753772,66.2843905,59.0359242,1,0.48691621,66.2843905,59.0359242,0.433409774
26230,2623,0.515530387,1,1.20118343,0.516988521,71.8935136,60.6690895,1,0.542513108,71.8935136,60.6690895,0.449388085
26240,2624,0.527595286,1,1.15976331,0.51934593,69.6494745,66.0095694,1,0.625468257,69.6494745,66.0095694,0.445599368
26250,2625,0.536952301,1,1.14201183,0.519073517,64.6504835,63.0359311,1,0.650445702,64.6504835,63.0359311,0.447428129
26260,2626,0.536875386,1,1.24260355,0.515214725,68.1152821,58.5632924,1,0.558087449,68.1152821,58.5632924,0.435206046
26270,2627,0.525801069,1,1.19526627,0.514295242,72.3776525,62.4125038,1,0.511179498,72.3776525,62.4125038,0.441783836
26280,2628,0.525514615,1,1.20118343,0.519300932,68.6372649,66.5109461,1,0.508257065,68.6372649,66.5109461,0.4268207
26290,2629,0.517362538,1,1.16568047,0.517599589,64.5438848,62.6894456,1,0.495329947,64.5438848,62.6894456,0.430766671
26300,2630,0.520917477,1,1.15976331,0.523286747,68.7166597,58.9725549,1,0.518057349,68.7166597,58.9725549,0.429857046
26310,2631,0.504243051,1,1.17159763,0.508044095,72.3742835,63.8009672,1,0.549356572,72.3742835,63.8009672,0.465951832
26320,2632,0.534577028,1,1.19526627,0.519076454,67.120224,66.4000748,1,0.658642272,67.120224,66.4000748,0.450906396
26330,2633,0.523627241,1,1.1183432,0.509671482,64.7965491,61.2846527,1,0.661724533,64.7965491,61.2846527,0.432188654
26340,2634,0.545976085,1,1.23668639,0.520229386,70.1120274,59.7231607,1,0.553827161,70.1120274,59.7231607,0.426160555
26350,2635,0.527388377,1,1.18343195,0.518461858,71.4707151,65.167908,1,0.518921152,71.4707151,65.167908,0.431670111
26360,2636,0.518708471,1,1.16568047,0.517033291,65.7564872,66.1481338,1,0.504354135,65.7564872,66.1481338,0.44597638
26370,2637,0.503934662,1,1.1183432,0.507026593,65.0020872,60.0468834,1,0.511270489,65.0020872,60.0468834,0.472901004
26380,2638,0.503113687,1,1.0591716,0.50549503,70.9745708,59.4689509,1,0.491538458,70.9745708,59.4689509,0.461567734
26390,2639,0.507233874,1,1.13609467,0.516667839,71.3717536,65.131019,1,0.49170422,71.3717536,65.131019,0.436613987
26400,2640,0.515469021,1,1.16568047,0.519934569,65.7718129,64.9507689,1,0.585738423,65.7718129,64.9507689,0.43098776
26410,2641,0.539070333,1,1.18343195,0.517514691,66.9188868,59.3832149,1,0.654111225,66.9188868,59.3832149,0.437268526
26420,2642,0.52862165,1,1.22485207,0.514271799,72.2563563,61.3661442,1,0.510826156,72.2563563,61.3661442,0.437992933
26430,2643,0.51456632,1,1.23076923,0.509281067,69.8352642,66.6422413,1,0.50170327,69.8352642,66.6422413,0.446544177
26440,2644,0.518693305,1,1.17159763,0.516521051,64.7507989,64.0723337,1,0.504706908,64.7507989,64.0723337,0.438233493
26450,2645,0.5134389,1,1.10059172,0.512798236,67.535346,58.951359,1,0.497771614,67.535346,58.951359,0.448390179
26460,2646,0.504788027,1,1.13017751,0.513646161,72.6446844,61.9557188,1,0.474516366,72.6446844,61.9557188,0.455937273
26470,2647,0.512710632,1,1.14792899,0.520239008,69.3774531,66.5636267,1,0.526577135,69.3774531,66.5636267,0.434514045
26480,2648,0.527507994,1,1.13609467,0.515048021,65.1731562,62.4991097,1,0.645826655,65.1731562,62.4991097,0.449828442
26490,2649,0.539532137,1,1.21301775,0.521276227,69.8590916,59.1306815,1,0.575972116,69.8590916,59.1306815,0.443922134
26500,2650,0.524089347,1,1.24852071,0.516649446,72.7920032,64.1581603,1,0.509311701,72.7920032,64.1581603,0.447726099
26510,2651,0.514897832,1,1.20118343,0.508194305,67.6629385,66.9846919,1,0.514768619,67.6629385,66.9846919,0.450486823
26520,2652,0.514205264,1,1.15976331,0.511097921,65.0503674,61.9001908,1,0.489321419,65.0503674,61.9001908,0.439726106
26530,2653,0.523103801,1,1.13017751,0.523551424,70.1266115,59.6031846,1,0.49494618,70.1266115,59.6031846,0.428596799
26540,2654,0.514971648,1,1.15384615,0.516469905,72.2626702,65.1298024,1,0.533470208,72.2626702,65.1298024,0.455773293
26550,2655,0.514310679,1,1.15976331,0.516420636,66.5655192,66.6834201,1,0.576169441,66.5655192,66.6834201,0.454245312
26560,2656,0.537119794,1,1.20710059,0.51798457,66.1456658,60.7717284,1,0.635172792,66.1456658,60.7717284,0.455890928
26570,2657,0.526497998,1,1.23668639,0.506776414,71.8642056,61.0110502,1,0.538590319,71.8642056,61.0110502,0.440272728
26580,2658,0.526036456,1,1.21301775,0.517062995,71.1065573,66.5359191,1,0.516345718,71.1065573,66.5359191,0.42896743
26590,2659,0.515451782,1,1.14201183,0.513420815,65.4043297,65.5801329,1,0.505222884,65.4043297,65.5801329,0.444751951
26600,2660,0.515920211,1,1.14792899,0.515706993,66.5331693,59.9306101,1,0.485152473,66.5331693,59.9306101,0.443168971
26610,2661,0.51141374,1,1.14201183,0.51475555,72.2425162,61.4088679,1,0.496539642,72.2425162,61.4088679,0.453662862
26620,2662,0.513124601,1,1.15976331,0.514856446,70.006435,66.8537831,1,0.567322816,70.006435,66.8537831,0.452783377
26630,2663,0.534251455,1,1.19526627,0.520670892,64.9972371,63.8116827,1,0.667362333,64.9972371,63.8116827,0.450814109
26640,2664,0.537249688,1,1.15976331,0.512229162,68.4297829,59.2404761,1,0.609393893,68.4297829,59.2404761,0.439730288
26650,2665,0.536603143,1,1.23076923,0.519326528,72.5016285,63.0658213,1,0.531969341,72.5016285,63.0658213,0.429759754
26660,2666,0.518116866,1,1.16568047,0.512911725,68.2265849,67.0760226,1,0.508069665,68.2265849,67.0760226,0.450888093
26670,2667,0.515961393,1,1.14201183,0.516361219,64.3941473,62.760795,1,0.506499929,64.3941473,62.760795,0.44395191
26680,2668,0.517237974,1,1.14792899,0.516529126,68.8273293,59.119782,1,0.499924469,68.8273293,59.119782,0.441286969
26690,2669,0.505532383,1,1.10650888,0.512716487,72.35173,63.9880285,1,0.489799001,72.35173,63.9880285,0.462314885
26700,2670,0.518911822,1,1.15384615,0.518385667,67.3589996,66.7915679,1,0.576650595,67.3589996,66.7915679,0.440462302
26710,2671,0.52304298,1,1.14792899,0.51613733,65.0449208,61.4820255,1,0.64842078,65.0449208,61.4820255,0.445531399
26720,2672,0.53787757,1,1.20118343,0.512778146,70.5693769,60.0461279,1,0.604869011,70.5693769,60.0461279,0.439077956
26730,2673,0.527208276,1,1.20118343,0.515027013,71.2507945,65.635414,1,0.510139209,71.2507945,65.635414,0.433128496
26740,2674,0.518217035,1,1.19526627,0.516540946,65.4829311,66.1992689,1,0.504541626,65.4829311,66.1992689,0.445796814
26750,2675,0.516842289,1,1.16568047,0.516481616,65.0270223,60.3737483,1,0.505330081,65.0270223,60.3737483,0.449487176
26760,2676,0.509604497,1,1.1183432,0.510602285,71.030768,60.0772236,1,0.48579845,71.030768,60.0772236,0.462389537
26770,2677,0.505017073,1,1.1183432,0.512389447,71.0550654,65.9780288,1,0.489714217,71.0550654,65.9780288,0.453911942
26780,2678,0.506112292,1,1.14201183,0.518170336,65.4731796,65.5967539,1,0.530451918,65.4731796,65.5967539,0.430376329
26790,2679,0.542802846,1,1.17159763,0.522014393,66.9266618,60.0511653,1,0.650781679,66.9266618,60.0511653,0.440992444
26800,2680,0.534734145,1,1.20710059,0.514390516,72.1054883,62.1202152,1,0.537123228,72.1054883,62.1202152,0.428988153
26810,2681,0.528041913,1,1.23076923,0.516014301,69.6456301,67.2210636,1,0.517637596,69.6456301,67.2210636,0.435615306
26820,2682,0.51587458,1,1.18934911,0.514553424,64.5803935,64.4179255,1,0.518636939,64.5803935,64.4179255,0.445318875
26830,2683,0.50918692,1,1.14201183,0.511158312,67.8299373,59.4237613,1,0.512760215,67.8299373,59.4237613,0.458329946
26840,2684,0.512039922,1,1.15384615,0.512522882,72.4420459,63.2445949,1,0.533724052,72.4420459,63.2445949,0.4607064
26850,2685,0.513435719,1,1.15384615,0.512940093,68.2618091,67.4211772,1,0.570170506,68.2618091,67.4211772,0.45455108
26860,2686,0.51847512,1,1.15976331,0.514732161,64.6676373,62.9591187,1,0.629073715,64.6676373,62.9591187,0.440736584
26870,2687,0.53467351,1,1.16568047,0.508487104,69.52611,60.0181646,1,0.647395207,69.52611,60.0181646,0.436865981
26880,2688,0.536199478,1,1.21893491,0.518939076,71.9248476,64.8857669,1,0.518759903,71.9248476,64.8857669,0.417427273
26890,2689,0.526989,1,1.18934911,0.520874197,66.9233772,67.1717002,1,0.524397452,66.9233772,67.1717002,0.423008363
26900,2690,0.516588825,1,1.15384615,0.518823704,64.8562776,61.7348281,1,0.515615051,64.8562776,61.7348281,0.447428414
26910,2691,0.510639625,1,1.09467456,0.511315359,70.5408566,59.7624559,1,0.50493427,70.5408566,59.7624559,0.46284872
26920,2692,0.512554099,1,1.10650888,0.514856571,72.1419234,65.4723745,1,0.50051616,72.1419234,65.4723745,0.456164775
26930,2693,0.503055925,1,1.15976331,0.517458126,66.5017602,66.7386722,1,0.508312866,66.5017602,66.7386722,0.444658971
26940,2694,0.526428443,1,1.15384615,0.516197432,66.1520072,61.0253462,1,0.653592615,66.1520072,61.0253462,0.440309332
26950,2695,0.533371703,1,1.23668639,0.518493999,71.8490985,61.7463055,1,0.536157841,71.8490985,61.7463055,0.441732943
26960,2696,0.523748668,1,1.22485207,0.513884974,70.734805,67.2801374,1,0.516047249,70.734805,67.2801374,0.434223412
26970,2697,0.515171263,1,1.17751479,0.512796559,65.0509217,65.7439843,1,0.499270202,65.0509217,65.7439843,0.452908389
26980,2698,0.514784137,1,1.13017751,0.513226709,66.5404129,60.271155,1,0.494845904,66.5404129,60.271155,0.436299963
26990,2699,0.513612067,1,1.12426036,0.519978103,71.9659902,61.8681186,1,0.460627475,71.9659902,61.8681186,0.43505547
27000,2700,0.51569599,1,1.18934911,0.521850582,70.0192929,67.1358077,1,0.520505327,70.0192929,67.1358077,0.431991249
27010,2701,0.522838886,1,1.13609467,0.515657202,64.8971837,64.2565663,1,0.626329708,64.8971837,64.2565663,0.451991215
27020,2702,0.540242312,1,1.16568047,0.519414468,68.4221691,59.7635339,1,0.64891734,68.4221691,59.7635339,0.439289785
27030,2703,0.532710903,1,1.21893491,0.518004599,72.45887,63.8121721,1,0.544841332,72.45887,63.8121721,0.439784948
27040,2704,0.527132423,1,1.17159763,0.516213514,68.2205457,67.5501631,1,0.512340586,68.2205457,67.5501631,0.434707064
27050,2705,0.518811134,1,1.12426036,0.513377807,64.5444289,63.1065279,1,0.505066398,64.5444289,63.1065279,0.443624989
27060,2706,0.521334391,1,1.15976331,0.522371385,68.8857975,59.6149381,1,0.489619856,68.8857975,59.6149381,0.428556683
27070,2707,0.511995549,1,1.12426036,0.517458946,72.3100984,64.2472987,1,0.503612038,72.3100984,64.2472987,0.443123669
27080,2708,0.519238988,1,1.17751479,0.519100386,66.8947423,66.7950886,1,0.612920196,66.8947423,66.7950886,0.460365913
27090,2709,0.523820379,1,1.14792899,0.505932917,65.2112145,61.0207039,1,0.667962509,65.2112145,61.0207039,0.462676698
27100,2710,0.537402473,1,1.21893491,0.513116459,70.8537808,60.2148749,1,0.595120426,70.8537808,60.2148749,0.43844747
27110,2711,0.539005045,1,1.21893491,0.508834104,71.6201377,65.7077921,1,0.59940886,71.6201377,65.7077921,0.42662458
27120,2712,0.531598694,1,1.21301775,0.516816297,66.1913396,66.0328891,1,0.502605739,66.1913396,66.0328891,0.418347953
27130,2713,0.522207252,1,1.16568047,0.517423718,65.8592797,60.4447398,1,0.503006877,65.8592797,60.4447398,0.430615883
27140,2714,0.515237871,1,1.14792899,0.516864498,71.773791,60.5530894,1,0.503013112,71.773791,60.5530894,0.455038749
27150,2715,0.510223179,1,1.13017751,0.510805775,71.3839323,66.5462326,1,0.513930848,71.3839323,66.5462326,0.461985388
27160,2716,0.515140348,1,1.13017751,0.515279349,65.5745154,65.6167806,1,0.561626364,65.5745154,65.6167806,0.452561449
27170,2717,0.517917789,1,1.14792899,0.513260156,67.0574784,60.0111258,1,0.636428026,67.0574784,60.0111258,0.446038084
27180,2718,0.538834396,1,1.17159763,0.515563715,72.1435695,62.483602,1,0.581309001,72.1435695,62.483602,0.43501657
27190,2719,0.529966661,1,1.21301775,0.515942084,69.3409175,67.2737981,1,0.521502304,69.3409175,67.2737981,0.426911548
27200,2720,0.519152045,1,1.21893491,0.51266492,64.5065171,64.2288999,1,0.517373157,64.5065171,64.2288999,0.439491582
27210,2721,0.521076262,1,1.18343195,0.519968705,67.6914717,59.7035706,1,0.500136909,67.6914717,59.7035706,0.425674131
27220,2722,0.512600061,1,1.1183432,0.51425904,72.2906572,63.4585943,1,0.519078012,72.2906572,63.4585943,0.456723026
27230,2723,0.515468204,1,1.16568047,0.513874102,68.0168774,67.6839067,1,0.572516724,68.0168774,67.6839067,0.462297194
27240,2724,0.521636942,1,1.14201183,0.51316855,64.3224498,63.0816243,1,0.618221814,64.3224498,63.0816243,0.453975201
27250,2725,0.52718806,1,1.13609467,0.512296883,69.1751128,60.0168202,1,0.665195781,69.1751128,60.0168202,0.441496667
27260,2726,0.542884301,1,1.20118343,0.520729708,71.5783444,65.0102648,1,0.548188081,71.5783444,65.0102648,0.426281646
27270,2727,0.527607749,1,1.20118343,0.515540109,66.3878596,67.1092667,1,0.516303962,66.3878596,67.1092667,0.430679528
27280,2728,0.521956188,1,1.23076923,0.518922612,64.5485981,61.6716635,1,0.510195303,64.5485981,61.6716635,0.4415573
27290,2729,0.513660178,1,1.1183432,0.513342613,70.0987828,59.8878843,1,0.494901663,70.0987828,59.8878843,0.448445166
27300,2730,0.516631236,1,1.12426036,0.518872872,71.427715,65.5773445,1,0.509760241,71.427715,65.5773445,0.449431061
27310,2731,0.509739097,1,1.14201183,0.51417235,65.6411827,66.7679874,1,0.519600833,65.6411827,66.7679874,0.454442809
27320,2732,0.531891599,1,1.14792899,0.521122728,65.6491036,60.9150314,1,0.64490599,65.6491036,60.9150314,0.450227797
27330,2733,0.532838734,1,1.14201183,0.510394078,71.4205338,61.4276897,1,0.65891924,71.4205338,61.4276897,0.445704181
27340,2734,0.531964215,1,1.22485207,0.517325859,70.1084542,66.8916861,1,0.522253205,70.1084542,66.8916861,0.432255742
27350,2735,0.521692192,1,1.21301775,0.514694556,64.6380996,65.385305,1,0.513350622,64.6380996,65.385305,0.436459412
27360,2736,0.51293895,1,1.13609467,0.512994992,66.5421795,59.8177704,1,0.499781103,66.5421795,59.8177704,0.452625224
27370,2737,0.514442159,1,1.14201183,0.514808606,71.8162569,61.8967759,1,0.484216404,71.8162569,61.8967759,0.436080954
27380,2738,0.50685808,1,1.1183432,0.518773968,69.6053109,67.2267635,1,0.475244827,69.6053109,67.2267635,0.443873816
27390,2739,0.521421549,1,1.16568047,0.522032987,64.6626162,64.4582515,1,0.577028028,64.6626162,64.4582515,0.435787322
27400,2740,0.532907846,1,1.14792899,0.513417734,68.4858707,59.8829899,1,0.663328094,68.4858707,59.8829899,0.458646666
27410,2741,0.535313972,1,1.20710059,0.515612434,72.2992438,64.0806063,1,0.573543188,72.2992438,64.0806063,0.43624133
27420,2742,0.52376486,1,1.18934911,0.518050086,67.6678747,67.4755485,1,0.504758592,67.6678747,67.4755485,0.441723439
27430,2743,0.523843622,1,1.20118343,0.517370185,64.3969367,62.8299341,1,0.512980932,64.3969367,62.8299341,0.43704744
27440,2744,0.514440948,1,1.08284024,0.512978611,69.2016858,59.5961503,1,0.488495796,69.2016858,59.5961503,0.44550996
27450,2745,0.517501836,1,1.11242604,0.523478243,72.1082247,64.3308236,1,0.485459792,72.1082247,64.3308236,0.427356675
27460,2746,0.51148297,1,1.17159763,0.515882345,66.8071171,66.9688452,1,0.547775464,66.8071171,66.9688452,0.455478809
27470,2747,0.525692246,1,1.17751479,0.514678977,65.2813514,61.1386372,1,0.65476386,65.2813514,61.1386372,0.463580653
27480,2748,0.532866054,1,1.16568047,0.510607996,71.0390534,60.4799822,1,0.63543276,71.0390534,60.4799822,0.445788704
27490,2749,0.535832739,1,1.22485207,0.514179514,71.1098854,66.1231479,1,0.545882653,71.1098854,66.1231479,0.434123865
27500,2750,0.522888397,1,1.22485207,0.514813511,65.4035237,65.7956086,1,0.507198546,65.4035237,65.7956086,0.439673397
27510,2751,0.525673637,1,1.19526627,0.515798586,65.6435727,60.3251103,1,0.520882988,65.6435727,60.3251103,0.421212501
27520,2752,0.515931667,1,1.12426036,0.51838829,71.3108486,61.0623941,1,0.501094407,71.3108486,61.0623941,0.43961793
27530,2753,0.510399587,1,1.13017751,0.516371965,70.2960036,66.8486303,1,0.501971725,70.2960036,66.8486303,0.45188913
27540,2754,0.52572766,1,1.13017751,0.520145063,64.7044098,64.9976375,1,0.598289047,64.7044098,64.9976375,0.453076892
27550,2755,0.529494175,1,1.20710059,0.514393495,67.3838505,59.7324428,1,0.670285905,67.3838505,59.7324428,0.454443398
27560,2756,0.539548217,1,1.24260355,0.517600734,72.0313981,63.0385735,1,0.563337697,72.0313981,63.0385735,0.4387327
27570,2757,0.52630984,1,1.20118343,0.518669815,68.3840546,67.4967032,1,0.509733046,68.3840546,67.4967032,0.443079827
27580,2758,0.5255233,1,1.21893491,0.515930362,64.1543892,63.8406802,1,0.515499335,64.1543892,63.8406802,0.430058299
27590,2759,0.518074959,1,1.15976331,0.518367658,68.2502504,59.6904759,1,0.489935032,68.2502504,59.6904759,0.448536571
27600,2760,0.515889912,1,1.15976331,0.519874352,72.2031247,63.6223792,1,0.486434498,72.2031247,63.6223792,0.428876881
27610,2761,0.502283149,1,1.13609467,0.515016036,67.697795,67.3910439,1,0.513471739,67.697795,67.3910439,0.451826206
27620,2762,0.530595247,1,1.15384615,0.520718432,64.8525703,62.331679,1,0.646013688,64.8525703,62.331679,0.446501703
27630,2763,0.531167565,1,1.22485207,0.51406481,70.5274246,60.4154757,1,0.577129175,70.5274246,60.4154757,0.460741655
27640,2764,0.527201359,1,1.22485207,0.509014196,71.8058295,66.0304267,1,0.53071679,71.8058295,66.0304267,0.442972709
27650,2765,0.527214797,1,1.20710059,0.51499294,66.2977545,67.0194984,1,0.517014658,66.2977545,67.0194984,0.430474851
27660,2766,0.524832508,1,1.17159763,0.514980591,65.3857871,61.5141351,1,0.515195834,65.3857871,61.5141351,0.429260468
27670,2767,0.519538671,1,1.13017751,0.521154886,71.0155625,60.7700766,1,0.482269119,71.0155625,60.7700766,0.436825519
27680,2768,0.519021931,1,1.15384615,0.520895461,71.3148842,66.5882536,1,0.531226275,71.3148842,66.5882536,0.448143952
27690,2769,0.521400631,1,1.17159763,0.518313965,65.3562639,66.0568036,1,0.589063625,65.3562639,66.0568036,0.460174873
27700,2770,0.5350691,1,1.18934911,0.515549282,66.7596597,60.2878308,1,0.664120875,66.7596597,60.2878308,0.456709137
27710,2771,0.536361473,1,1.17159763,0.510784741,72.1531351,62.1913278,1,0.610784133,72.1531351,62.1913278,0.439962868
27720,2772,0.535680265,1,1.21893491,0.508902809,70.00103,67.2963872,1,0.56605775,70.00103,67.2963872,0.426164877
27730,2773,0.535615016,1,1.26627219,0.512214066,65.1357177,65.1214534,1,0.518749684,65.1357177,65.1214534,0.409947324
27740,2774,0.52216938,1,1.15976331,0.517754089,67.7578631,60.1782061,1,0.507780792,67.7578631,60.1782061,0.430434903
27750,2775,0.516627889,1,1.11242604,0.517281504,72.7943011,63.2156377,1,0.507333122,72.7943011,63.2156377,0.45242083
27760,2776,0.514937839,1,1.17751479,0.51573264,69.2856067,68.1320661,1,0.538576239,69.2856067,68.1320661,0.464619237
27770,2777,0.510974198,1,1.19526627,0.514401114,64.7645781,64.3160401,1,0.569605634,64.7645781,64.3160401,0.455094459
27780,2778,0.54160075,1,1.21893491,0.520934609,69.1502471,60.5319745,1,0.665945776,69.1502471,60.5319745,0.445578175
27790,2779,0.5314069,1,1.18934911,0.507470799,72.4081971,65.3505843,1,0.593958118,72.4081971,65.3505843,0.44743344
27800,2780,0.529103395,1,1.19526627,0.516514078,67.3717503,67.8975958,1,0.506148517,67.3717503,67.8975958,0.43414245
27810,2781,0.518179227,1,1.18934911,0.513372946,64.7923556,62.6695649,1,0.518089333,64.7923556,62.6695649,0.448439667
27820,2782,0.521042034,1,1.13609467,0.519429891,69.8604654,60.3204962,1,0.490740512,69.8604654,60.3204962,0.429695508
27830,2783,0.515780823,1,1.14792899,0.518812707,72.1806191,65.5717978,1,0.47441106,72.1806191,65.5717978,0.441616726
27840,2784,0.51962886,1,1.15384615,0.521837498,66.7489655,67.3412336,1,0.53900622,66.7489655,67.3412336,0.439430533
27850,2785,0.521156147,1,1.13609467,0.514039124,65.7644065,61.294683,1,0.640666119,65.7644065,61.294683,0.47124492
27860,2786,0.533766447,1,1.21301775,0.513072481,71.7045845,61.4340132,1,0.611968998,71.7045845,61.4340132,0.457062446
27870,2787,0.525221167,1,1.24852071,0.509577522,70.9592467,67.2476199,1,0.527649595,70.9592467,67.2476199,0.450860788
27880,2788,0.530426989,1,1.22485207,0.518144258,65.5236213,66.2248082,1,0.512192233,65.5236213,66.2248082,0.425462971
27890,2789,0.526477966,1,1.21301775,0.518777389,66.3544449,60.7202475,1,0.518180369,66.3544449,60.7202475,0.428223642
27900,2790,0.520207949,1,1.17751479,0.520665563,71.8831026,61.6996086,1,0.477647883,71.8831026,61.6996086,0.431902385
27910,2791,0.518384482,1,1.13609467,0.518639811,70.3027495,67.2492256,1,0.519141032,70.3027495,67.2492256,0.443865248
27920,2792,0.515737642,1,1.20118343,0.511672545,64.8030018,64.7018517,1,0.596019427,64.8030018,64.7018517,0.466234692
27930,2793,0.521006543,1,1.14201183,0.511861727,67.5700617,59.6980854,1,0.616919287,67.5700617,59.6980854,0.439837904
27940,2794,0.531920212,1,1.13609467,0.518780672,72.2426933,62.8521195,1,0.660771437,72.2426933,62.8521195,0.433653921
27950,2795,0.541110727,1,1.23668639,0.51691,68.5736187,67.1210333,1,0.561958556,68.5736187,67.1210333,0.433000636
27960,2796,0.520431397,1,1.18934911,0.513660977,64.6173356,63.0619302,1,0.517828589,64.6173356,63.0619302,0.436015405
27970,2797,0.521698714,1,1.14792899,0.517906167,68.881468,59.353097,1,0.507606862,68.881468,59.353097,0.434722714
27980,2798,0.518348751,1,1.15384615,0.518516757,72.5649922,63.8911238,1,0.49750576,72.5649922,63.8911238,0.449602311
27990,2799,0.504794945,1,1.0887574,0.512304673,67.7242783,67.4450929,1,0.489710949,67.7242783,67.4450929,0.461943462
28000,2800,0.516912422,1,1.16568047,0.519695866,64.9348352,62.3606408,1,0.571090498,64.9348352,62.3606408,0.446105077
28010,2801,0.52561306,1,1.15384615,0.512004048,70.6645101,60.3313204,1,0.667370493,70.6645101,60.3313204,0.467571568
28020,2802,0.533324967,1,1.20118343,0.512100675,71.7321466,66.0322754,1,0.580919006,71.7321466,66.0322754,0.446158726
28030,2803,0.529975958,1,1.25443787,0.511843882,66.0706644,66.7058083,1,0.53470306,66.0706644,66.7058083,0.438569674
28040,2804,0.527418647,1,1.16568047,0.513889985,65.6811876,61.2296428,1,0.513969255,65.6811876,61.2296428,0.422307553
28050,2805,0.521398455,1,1.16568047,0.520954494,71.3015818,60.8790877,1,0.491675677,71.3015818,60.8790877,0.433178154
28060,2806,0.518416364,1,1.14792899,0.518544572,71.4280615,66.5581297,1,0.490932404,71.4280615,66.5581297,0.436957713
28070,2807,0.515035472,1,1.15976331,0.514276018,65.4742691,65.9580035,1,0.54470199,65.4742691,65.9580035,0.460304733
28080,2808,0.513664555,1,1.17751479,0.50928359,66.5837926,60.099061,1,0.597803622,66.5837926,60.099061,0.458697988
28090,2809,0.527860086,1,1.16568047,0.515743126,71.9965288,61.7585492,1,0.640697848,71.9965288,61.7585492,0.435493426
28100,2810,0.539246921,1,1.16568047,0.514724217,69.6710988,66.9500323,1,0.595617351,69.6710988,66.9500323,0.437577522
28110,2811,0.532469602,1,1.21893491,0.51197134,64.7770805,64.3284028,1,0.52749455,64.7770805,64.3284028,0.427074514
28120,2812,0.51963405,1,1.23076923,0.514709518,67.8734992,59.5559285,1,0.519863096,67.8734992,59.5559285,0.437612669
28130,2813,0.51605768,1,1.13609467,0.518235748,72.4757602,62.8593827,1,0.504896317,72.4757602,62.8593827,0.435778668
28140,2814,0.515214079,1,1.15976331,0.515629427,68.6095836,67.3351402,1,0.531101391,68.6095836,67.3351402,0.454951235
28150,2815,0.515105081,1,1.18343195,0.512192356,64.5346237,62.8126762,1,0.590702057,64.5346237,62.8126762,0.468271272
28160,2816,0.521292858,1,1.15976331,0.510722066,69.4285968,59.4052332,1,0.645409616,69.4285968,59.4052332,0.458719857
28170,2817,0.515935844,1,1.10650888,0.50851221,72.3211304,64.1397994,1,0.637134502,72.3211304,64.1397994,0.426787004
28180,2818,0.541454188,1,1.24260355,0.516591778,67.2106248,66.408225,1,0.56917731,67.2106248,66.408225,0.430102653
28190,2819,0.525804815,1,1.19526627,0.512825058,65.2082378,61.1970823,1,0.518878668,65.2082378,61.1970823,0.429431734
28200,2820,0.521820891,1,1.15976331,0.519648622,70.6666133,59.5886177,1,0.506683696,70.6666133,59.5886177,0.437725575
28210,2821,0.512622892,1,1.13609467,0.515546443,72.170089,65.3008644,1,0.514787371,72.170089,65.3008644,0.454368679
28220,2822,0.50795836,1,1.17751479,0.512042444,66.1900447,66.352434,1,0.527922844,66.1900447,66.352434,0.46706137
28230,2823,0.507403828,1,1.15976331,0.511634329,65.3071852,60.6228229,1,0.526777261,65.3071852,60.6228229,0.445940828
28240,2824,0.531614192,1,1.16568047,0.521226949,71.0514098,60.8438486,1,0.645237179,71.0514098,60.8438486,0.44219041
28250,2825,0.535586845,1,1.17751479,0.512657877,70.4716438,66.442865,1,0.667507099,70.4716438,66.442865,0.432996397
28260,2826,0.535913166,1,1.24852071,0.517270705,65.0756392,65.1680768,1,0.525991904,65.0756392,65.1680768,0.426503269
28270,2827,0.521378969,1,1.18934911,0.516135333,66.6706734,59.7800499,1,0.51622741,66.6706734,59.7800499,0.432243142
28280,2828,0.513427313,1,1.17159763,0.513461426,72.1498021,61.8825247,1,0.516326725,72.1498021,61.8825247,0.451435918
28290,2829,0.504005646,1,1.11242604,0.505827479,69.5486564,67.4091698,1,0.512610346,69.5486564,67.4091698,0.469859387
28300,2830,0.506266003,1,1.12426036,0.509877432,64.3268232,64.6237427,1,0.505284815,64.3268232,64.6237427,0.45525301
28310,2831,0.494485627,1,1.1183432,0.511877694,67.1923502,59.7453927,1,0.486489935,67.1923502,59.7453927,0.435207517
28320,2832,0.529441649,1,1.19526627,0.521545365,71.4562396,63.2136004,1,0.647790464,71.4562396,63.2136004,0.422791639
28330,2833,0.53066229,1,1.16568047,0.506762891,67.4024974,67.2547849,1,0.650197567,67.4024974,67.2547849,0.440306503
28340,2834,0.532002613,1,1.21301775,0.517928375,64.245364,62.7902073,1,0.516371739,64.245364,62.7902073,0.420621855
28350,2835,0.519970509,1,1.13017751,0.517543681,68.9575485,59.5776588,1,0.508802736,68.9575485,59.5776588,0.438698662
28360,2836,0.515175562,1,1.15976331,0.511805596,72.0931711,64.5202983,1,0.500926937,72.0931711,64.5202983,0.450258402
28370,2837,0.507415107,1,1.09467456,0.512539373,66.9170524,67.5101743,1,0.480817544,66.9170524,67.5101743,0.459814497
28380,2838,0.51889576,1,1.18343195,0.519677426,64.378434,62.427316,1,0.520352737,64.378434,62.427316,0.437042453
28390,2839,0.513471209,1,1.14201183,0.5167804,69.8744098,60.25197,1,0.563281402,69.8744098,60.25197,0.454679024
28400,2840,0.538004228,1,1.18343195,0.519145906,71.0744063,65.9055756,1,0.664148491,71.0744063,65.9055756,0.4445811
28410,2841,0.536960342,1,1.20710059,0.513256181,65.4270693,66.5048518,1,0.602541178,65.4270693,66.5048518,0.436849582
28420,2842,0.532395777,1,1.22485207,0.518289952,65.3882429,60.9718208,1,0.517927146,65.3882429,60.9718208,0.425628247
28430,2843,0.52300807,1,1.17751479,0.517860931,71.102565,61.1350544,1,0.503466854,71.102565,61.1350544,0.439742542
28440,2844,0.517423721,1,1.11242604,0.517537623,70.803679,66.9299157,1,0.497971175,70.803679,66.9299157,0.446351085
28450,2845,0.515255544,1,1.18343195,0.517554607,64.900554,66.2908204,1,0.506718818,64.900554,66.2908204,0.456739979
28460,2846,0.511898125,1,1.14792899,0.512280682,65.9349449,60.3664246,1,0.531168838,65.9349449,60.3664246,0.462616882
28470,2847,0.518645898,1,1.15384615,0.51482318,71.6208278,62.0211858,1,0.591186125,71.6208278,62.0211858,0.455521672
28480,2848,0.522603067,1,1.16568047,0.512995549,69.5197724,67.2971989,1,0.647947692,69.5197724,67.2971989,0.436844175
28490,2849,0.539445043,1,1.21301775,0.513484518,64.6638848,64.5364756,1,0.624319792,64.6638848,64.5364756,0.429677445
28500,2850,0.530781984,1,1.21893491,0.519676796,67.8653553,60.0798025,1,0.505790722,67.8653553,60.0798025,0.42210622
28510,2851,0.513945591,1,1.22485207,0.513337303,72.5158583,63.7305502,1,0.502164974,72.5158583,63.7305502,0.454791299
28520,2852,0.515637207,1,1.10650888,0.51150186,68.783297,68.0902686,1,0.499930675,68.783297,68.0902686,0.4414819
28530,2853,0.506168338,1,1.04733728,0.511010804,64.3608801,64.0320282,1,0.472484949,64.3608801,64.0320282,0.461712065
28540,2854,0.514456633,1,1.13017751,0.520787523,68.2857291,60.1057784,1,0.497384827,68.2857291,60.1057784,0.427043482
28550,2855,0.515240513,1,1.18934911,0.520420838,71.9848013,64.4926654,1,0.583044503,71.9848013,64.4926654,0.441406525
28560,2856,0.536444731,1,1.15384615,0.517887425,67.097931,67.5427214,1,0.666562967,67.097931,67.5427214,0.443121946
28570,2857,0.53202471,1,1.23668639,0.515105901,64.8850761,62.2076293,1,0.529572817,64.8850761,62.2076293,0.444292773
28580,2858,0.517883411,1,1.19526627,0.513520549,70.5134185,60.5745693,1,0.50652074,70.5134185,60.5745693,0.450805477
28590,2859,0.5124601,1,1.14792899,0.506371993,71.9354153,66.3311729,1,0.514473833,71.9354153,66.3311729,0.456125695
28600,2860,0.51183744,1,1.13609467,0.513822925,66.1980087,67.4856568,1,0.48355904,66.1980087,67.4856568,0.450185154
28610,2861,0.515886827,1,1.11242604,0.516065698,65.1274464,61.9349212,1,0.470399275,65.1274464,61.9349212,0.434848604
28620,2862,0.520257641,1,1.21301775,0.523664011,70.8677084,61.4883523,1,0.541185754,70.8677084,61.4883523,0.442892802
28630,2863,0.50364776,1,1.09467456,0.511641808,70.8948637,67.3537066,1,0.577957436,70.8948637,67.3537066,0.45118594
28640,2864,0.54127026,1,1.21301775,0.51650702,65.3465243,66.100364,1,0.636945718,65.3465243,66.100364,0.437549236
28650,2865,0.524708955,1,1.21301775,0.51417009,67.2784896,60.7134781,1,0.509879492,67.2784896,60.7134781,0.440219351
28660,2866,0.511329786,1,1.18934911,0.507014831,72.6735817,63.1370855,1,0.499177058,72.6735817,63.1370855,0.454958817
28670,2867,0.517214589,1,1.20118343,0.513806277,70.1813803,68.26639,1,0.502414806,70.1813803,68.26639,0.438669534
28680,2868,0.514362229,1,1.10650888,0.514349087,65.0555404,65.6694313,1,0.482915783,65.0555404,65.6694313,0.442012798
28690,2869,0.505273317,1,1.13017751,0.517226889,67.8285406,60.5557209,1,0.458486489,67.8285406,60.5557209,0.447475261
28700,2870,0.517601234,1,1.16568047,0.522665305,72.3874477,63.7584819,1,0.560216861,72.3874477,63.7584819,0.428574854
28710,2871,0.530981284,1,1.14792899,0.513205458,68.1856542,67.9662717,1,0.665344325,68.1856542,67.9662717,0.457421145
28720,2872,0.533502593,1,1.17751479,0.511875271,64.6434725,63.6406661,1,0.66009465,64.6434725,63.6406661,0.430067522
28730,2873,0.533046734,1,1.18934911,0.52234775,69.3608699,60.7247969,1,0.516215009,69.3608699,60.7247969,0.426601624
28740,2874,0.520037431,1,1.16568047,0.517386311,72.2737912,65.6956955,1,0.498018811,72.2737912,65.6956955,0.44319271
28750,2875,0.518543989,1,1.16568047,0.51506692,67.1846644,68.4120575,1,0.50195737,67.1846644,68.4120575,0.443745716
28760,2876,0.513544988,1,1.12426036,0.514585814,64.6261486,63.1357134,1,0.48084624,64.6261486,63.1357134,0.451072419
28770,2877,0.505959459,1,1.09467456,0.517002708,69.9511507,60.8392262,1,0.47938011,69.9511507,60.8392262,0.446084216
28780,2878,0.51853125,1,1.15384615,0.521388539,71.5759564,66.3168336,1,0.587569005,71.5759564,66.3168336,0.439500639
28790,2879,0.534495985,1,1.20710059,0.516856309,65.5940963,66.768838,1,0.616359555,65.5940963,66.768838,0.461454853
28800,2880,0.526129488,1,1.23076923,0.508209454,65.8924533,61.0300161,1,0.52623559,65.8924533,61.0300161,0.442044023
28810,2881,0.522123463,1,1.23076923,0.512873891,71.5778891,61.8089634,1,0.508954188,71.5778891,61.8089634,0.44142681
28820,2882,0.522265291,1,1.20118343,0.512742501,70.8957479,67.3441005,1,0.510916951,70.8957479,67.3441005,0.429000899
28830,2883,0.519094808,1,1.12426036,0.519076742,65.3600349,66.5076899,1,0.483614792,65.3600349,66.5076899,0.430657271
28840,2884,0.518560255,1,1.16568047,0.521124654,66.3522011,61.0160718,1,0.488726771,66.3522011,61.0160718,0.429271184
28850,2885,0.516746801,1,1.19526627,0.517714893,71.9511524,62.7399756,1,0.551665525,71.9511524,62.7399756,0.45064123
28860,2886,0.532123576,1,1.17751479,0.519277567,69.5016809,67.9994486,1,0.646287637,69.5016809,67.9994486,0.446299491
28870,2887,0.53534196,1,1.15976331,0.517175399,64.5861058,64.902201,1,0.644375312,64.5861058,64.902201,0.446921232
28880,2888,0.538831467,1,1.23668639,0.514514599,68.0765118,60.5123958,1,0.568460889,68.0765118,60.5123958,0.431409715
28890,2889,0.524729111,1,1.20118343,0.515188159,72.2567582,64.4653446,1,0.509036378,72.2567582,64.4653446,0.442560226
28900,2890,0.524846024,1,1.21893491,0.519156002,68.5220248,68.5655266,1,0.508728273,68.5220248,68.5655266,0.426626551
28910,2891,0.517419389,1,1.17159763,0.517098238,64.4777592,64.7102575,1,0.490326304,64.4777592,64.7102575,0.429801001
28920,2892,0.519670791,1,1.13017751,0.522684475,68.6100421,61.0249664,1,0.506393858,68.6100421,61.0249664,0.425914487
28930,2893,0.515220302,1,1.19526627,0.515369317,72.1153758,65.8399802,1,0.574609162,72.1153758,65.8399802,0.458139549
28940,2894,0.534857245,1,1.18934911,0.516040902,66.6689784,68.441953,1,0.662470307,66.6689784,68.441953,0.464309038
28950,2895,0.5374431,1,1.18343195,0.514374028,64.7141194,63.0350228,1,0.626871242,64.7141194,63.0350228,0.442266672
28960,2896,0.536667552,1,1.23076923,0.513559516,70.236426,61.5418824,1,0.5489906,70.236426,61.5418824,0.44004665
28970,2897,0.526126688,1,1.20118343,0.517655642,71.4513942,67.0274816,1,0.514866242,71.4513942,67.0274816,0.43219508
28980,2898,0.524305177,1,1.17751479,0.520316558,65.9738399,68.1032058,1,0.498656425,65.9738399,68.1032058,0.429398808
28990,2899,0.515071136,1,1.16568047,0.515566608,65.2040796,62.267307,1,0.513391355,65.2040796,62.267307,0.452803535
29000,2900,0.503447449,1,1.11242604,0.507363245,71.2892682,61.8978703,1,0.504984386,71.2892682,61.8978703,0.468953281
29010,2901,0.516447103,1,1.17751479,0.514279347,71.1747118,67.7219278,1,0.565890988,71.1747118,67.7219278,0.448091076
29020,2902,0.533149256,1,1.19526627,0.518496881,65.3696412,66.6676778,1,0.655192141,65.3696412,66.6676778,0.453848033
29030,2903,0.510280917,1,1.08284024,0.505098295,66.5005063,61.293795,1,0.635308881,66.5005063,61.293795,0.422429381
29040,2904,0.53853121,1,1.24260355,0.515926142,71.684312,63.4042926,1,0.544377707,71.684312,63.4042926,0.43053594
29050,2905,0.52703539,1,1.19526627,0.516783443,69.4774061,68.4086466,1,0.525112579,69.4774061,68.4086466,0.420720661
29060,2906,0.52434921,1,1.15976331,0.519033966,64.5578918,65.8713384,1,0.504674742,64.5578918,65.8713384,0.425792365
29070,2907,0.515550721,1,1.10059172,0.514442075,67.6078424,60.8520634,1,0.512007388,67.6078424,60.8520634,0.451790129
29080,2908,0.506925961,1,1.13609467,0.512876749,72.6072548,64.1725369,1,0.496668846,72.6072548,64.1725369,0.461664527
29090,2909,0.513722853,1,1.13017751,0.51661272,68.9062585,68.7246871,1,0.554966155,68.9062585,68.7246871,0.451292978
29100,2910,0.531058627,1,1.16568047,0.516173144,65.0543538,64.2924043,1,0.663418904,65.0543538,64.2924043,0.451704863
29110,2911,0.540166469,1,1.20710059,0.520826278,69.8228704,61.186418,1,0.553864452,69.8228704,61.186418,0.437758555
29120,2912,0.528415843,1,1.25443787,0.515761685,72.6280817,66.1510365,1,0.510826653,72.6280817,66.1510365,0.438641309
29130,2913,0.515651507,1,1.19526627,0.511003524,67.4194752,68.8012501,1,0.505874273,67.4194752,68.8012501,0.449544241
29140,2914,0.513383593,1,1.16568047,0.512804832,64.9684576,63.5308435,1,0.492992929,64.9684576,63.5308435,0.447112189
29150,2915,0.517338738,1,1.11242604,0.518795028,70.1571072,61.3549243,1,0.488387335,70.1571072,61.3549243,0.432802261
29160,2916,0.520131792,1,1.17159763,0.517508489,71.9915824,67.0162477,1,0.546715275,71.9915824,67.0162477,0.4577788
29170,2917,0.528812308,1,1.18343195,0.518028757,66.1586215,68.0948833,1,0.626048395,66.1586215,68.0948833,0.456296434
29180,2918,0.527084323,1,1.17159763,0.509204951,65.8683712,62.1430873,1,0.665518606,65.8683712,62.1430873,0.458374548
29190,2919,0.541011189,1,1.18934911,0.515738297,71.348764,62.4671527,1,0.573443405,71.348764,62.4671527,0.422305058
29200,2920,0.525938862,1,1.18934911,0.514088589,70.6899294,68.1068097,1,0.512061627,70.6899294,68.1068097,0.43676998
29210,2921,0.524378566,1,1.17751479,0.519832842,65.1436818,67.2337575,1,0.506837573,65.1436818,67.2337575,0.431887855
29220,2922,0.517775509,1,1.14201183,0.515771485,66.2303411,61.5721045,1,0.511436025,66.2303411,61.5721045,0.44346099
29230,2923,0.508708287,1,1.11242604,0.515679252,72.006042,62.9691014,1,0.484306654,72.006042,62.9691014,0.457096062
29240,2924,0.513165496,1,1.15384615,0.516424547,70.1790758,68.5438193,1,0.538465739,70.1790758,68.5438193,0.451265711
29250,2925,0.528507063,1,1.18343195,0.518744852,64.9774358,65.7161888,1,0.647754509,64.9774358,65.7161888,0.455424591
29260,2926,0.536802717,1,1.23076923,0.515751688,68.4646429,61.0208683,1,0.619759256,68.4646429,61.0208683,0.449895768
29270,2927,0.530210245,1,1.18934911,0.507571238,72.6974703,64.8401332,1,0.558593796,72.6974703,64.8401332,0.438553376
29280,2928,0.533158352,1,1.25443787,0.515190449,68.7438743,68.6899092,1,0.515549289,68.7438743,68.6899092,0.424485041
29290,2929,0.518737419,1,1.20710059,0.517581451,64.8985247,64.3181046,1,0.50227448,64.8985247,64.3181046,0.44787063
29300,2930,0.51101438,1,1.14792899,0.513002685,69.2934947,60.527096,1,0.482836127,69.2934947,60.527096,0.446468774
29310,2931,0.515578548,1,1.1183432,0.517296053,72.7541845,65.0112313,1,0.489059696,72.7541845,65.0112313,0.435712324
29320,2932,0.50897268,1,1.18343195,0.521510135,67.8962022,68.1809816,1,0.513056563,67.8962022,68.1809816,0.446202315
29330,2933,0.535858167,1,1.17751479,0.520546165,65.5879695,62.8749867,1,0.662492759,65.5879695,62.8749867,0.445101681
29340,2934,0.53597867,1,1.20118343,0.514815453,71.173379,61.3655909,1,0.594078525,71.173379,61.3655909,0.445058828
29350,2935,0.527084629,1,1.19526627,0.515440442,72.0255489,67.058419,1,0.508798726,72.0255489,67.058419,0.442788944
29360,2936,0.519858462,1,1.21893491,0.511498794,66.3277946,67.742243,1,0.517167406,66.3277946,67.742243,0.441434048
29370,2937,0.521067812,1,1.17751479,0.519140392,66.0521767,61.9916703,1,0.504337873,66.0521767,61.9916703,0.442859531
29380,2938,0.513136417,1,1.14201183,0.514594441,72.0537811,61.9026885,1,0.496388524,72.0537811,61.9026885,0.461712613
29390,2939,0.508628891,1,1.11242604,0.512941501,71.7663422,67.8659398,1,0.509890976,71.7663422,67.8659398,0.459244212
29400,2940,0.515498553,1,1.15384615,0.518803013,66.0531086,66.982651,1,0.571025027,66.0531086,66.982651,0.444700799
29410,2941,0.540469967,1,1.17751479,0.52035711,67.9444621,61.4553912,1,0.654169252,67.9444621,61.4553912,0.44937708
29420,2942,0.536914745,1,1.20710059,0.512639609,73.1649627,63.7031455,1,0.594758105,73.1649627,63.7031455,0.437218391
29430,2943,0.528379506,1,1.22485207,0.513066124,70.4246784,68.6370598,1,0.520163203,70.4246784,68.6370598,0.434139761
29440,2944,0.52319148,1,1.20118343,0.520334816,65.7102886,65.5389828,1,0.510375868,65.7102886,65.5389828,0.433941284
29450,2945,0.520442699,1,1.16568047,0.519839981,68.6964337,60.8000777,1,0.498403959,68.6964337,60.8000777,0.430867324
29460,2946,0.512718645,1,1.16568047,0.517925515,73.4541968,64.1938989,1,0.48725323,73.4541968,64.1938989,0.449551593
29470,2947,0.514042073,1,1.14792899,0.517783781,69.6276939,68.6327863,1,0.541163536,69.6276939,68.6327863,0.450810227
29480,2948,0.528713995,1,1.16568047,0.516119754,65.8522391,64.041269,1,0.649177958,65.8522391,64.041269,0.457262818
29490,2949,0.535886261,1,1.16568047,0.513349958,70.8381903,61.0631432,1,0.632444569,70.8381903,61.0631432,0.446743266
29500,2950,0.540510501,1,1.21301775,0.514516061,73.4178509,65.9639811,1,0.594428339,73.4178509,65.9639811,0.426023729
29510,2951,0.532735082,1,1.25443787,0.509695794,68.4316655,68.3333322,1,0.517201255,68.4316655,68.3333322,0.424653488
29520,2952,0.524602026,1,1.17159763,0.520141894,66.3949892,63.1832694,1,0.498823988,66.3949892,63.1832694,0.426012176
29530,2953,0.513058775,1,1.14792899,0.514884599,71.8358971,60.9955607,1,0.484226292,71.8358971,60.9955607,0.451096945
29540,2954,0.516282935,1,1.10650888,0.517880374,73.4767352,66.4700585,1,0.500668323,73.4767352,66.4700585,0.439623803
29550,2955,0.516916394,1,1.18934911,0.517936149,67.6870286,67.7261018,1,0.557092385,67.6870286,67.7261018,0.455721983
29560,2956,0.531038393,1,1.17751479,0.518997536,67.1530213,61.9296088,1,0.636722682,67.1530213,61.9296088,0.447772227
29570,2957,0.531079931,1,1.16568047,0.50972983,73.0621694,62.153813,1,0.65062105,73.0621694,62.153813,0.454876916
29580,2958,0.539238018,1,1.24260355,0.519745604,72.15045,67.5663543,1,0.545632053,72.15045,67.5663543,0.422214755
29590,2959,0.525398212,1,1.21301775,0.515540058,66.5793261,66.4887937,1,0.515504331,66.5793261,66.4887937,0.436490559
29600,2960,0.518530582,1,1.17751479,0.516434814,67.9855151,60.8643155,1,0.501349757,67.9855151,60.8643155,0.445968944
29610,2961,0.518330254,1,1.10650888,0.515975666,73.4946354,62.4142664,1,0.500113151,73.4946354,62.4142664,0.440230938
29620,2962,0.511871999,1,1.12426036,0.516876349,71.4921218,68.0107453,1,0.506831705,71.4921218,68.0107453,0.457227541
29630,2963,0.513046553,1,1.17159763,0.516147409,66.086806,65.5984526,1,0.544016523,66.086806,65.5984526,0.455320902
29640,2964,0.527041328,1,1.14201183,0.519330831,69.0858199,60.6558251,1,0.638651745,69.0858199,60.6558251,0.444716858
29650,2965,0.541398842,1,1.16568047,0.516946024,73.5379863,64.3512158,1,0.619874284,73.5379863,64.3512158,0.445076267
29660,2966,0.533860554,1,1.22485207,0.521590052,69.3677176,68.1268333,1,0.515427884,69.3677176,68.1268333,0.432731988
29670,2967,0.511544757,1,1.14792899,0.506735189,65.4400833,63.7274981,1,0.514025892,65.4400833,63.7274981,0.453653554
29680,2968,0.517332391,1,1.14201183,0.514875787,70.1336316,60.3393357,1,0.502517095,70.1336316,60.3393357,0.445284562
29690,2969,0.514501957,1,1.13017751,0.515301014,73.6247658,65.0983857,1,0.476284882,73.6247658,65.0983857,0.454019361
29700,2970,0.507568806,1,1.10059172,0.518664053,68.9129891,68.3345544,1,0.474465735,68.9129891,68.3345544,0.439698848
29710,2971,0.526140247,1,1.17159763,0.524262675,66.4612304,63.2099545,1,0.606968325,66.4612304,63.2099545,0.436992442
29720,2972,0.523574535,1,1.13017751,0.510309937,72.0520194,61.2860296,1,0.66460096,72.0520194,61.2860296,0.454812586
29730,2973,0.537596877,1,1.21893491,0.515837945,73.0059049,66.9330861,1,0.545041929,73.0059049,66.9330861,0.440542598
29740,2974,0.533418694,1,1.23076923,0.511367267,67.4877068,67.679962,1,0.531360098,67.4877068,67.679962,0.428347134
29750,2975,0.524141231,1,1.20118343,0.520308053,67.2127361,62.0624576,1,0.507021999,67.2127361,62.0624576,0.432633085
29760,2976,0.513339701,1,1.13609467,0.513350258,73.1640506,61.839303,1,0.502072132,73.1640506,61.839303,0.458115141
29770,2977,0.516476204,1,1.12426036,0.518686001,73.0737583,67.5758826,1,0.492834487,73.0737583,67.5758826,0.441330009
29780,2978,0.515378885,1,1.17159763,0.516964253,67.1911545,67.0381425,1,0.531999605,67.1911545,67.0381425,0.454394661
29790,2979,0.534617046,1,1.17159763,0.522991114,68.6498131,61.3610838,1,0.634701402,68.6498131,61.3610838,0.450881326
29800,2980,0.529405817,1,1.18343195,0.509581909,74.2515744,63.5513765,1,0.64069568,74.2515744,63.5513765,0.462672403
29810,2981,0.534976206,1,1.21893491,0.515081425,71.5559712,68.3820336,1,0.549405781,71.5559712,68.3820336,0.425528034
29820,2982,0.529293515,1,1.20710059,0.517535397,66.7764287,65.4519042,1,0.512433876,66.7764287,65.4519042,0.431247566
29830,2983,0.528812487,1,1.22485207,0.51963959,69.5712908,60.7503509,1,0.516783951,69.5712908,60.7503509,0.420733771
29840,2984,0.508778282,1,1.15976331,0.515487578,74.3884359,64.1608474,1,0.493678988,74.3884359,64.1608474,0.454018049
29850,2985,0.514558684,1,1.17751479,0.515389509,70.5616316,68.6240107,1,0.533857056,70.5616316,68.6240107,0.452241346
29860,2986,0.516038164,1,1.15976331,0.512901435,66.5285599,64.1456334,1,0.598243968,66.5285599,64.1456334,0.463594968
29870,2987,0.527107028,1,1.15976331,0.513782306,71.3198353,60.8786394,1,0.654672383,71.3198353,60.8786394,0.446084673
29880,2988,0.535925437,1,1.15976331,0.512885438,74.0028469,65.8465242,1,0.647704854,74.0028469,65.8465242,0.434315285
29890,2989,0.533730239,1,1.21893491,0.513470621,68.9844545,68.0443553,1,0.528646007,68.9844545,68.0443553,0.421428425
29900,2990,0.527684524,1,1.17159763,0.519279931,66.9949701,63.0079074,1,0.517889284,66.9949701,63.0079074,0.41655004
29910,2991,0.519032488,1,1.17159763,0.519200465,72.4029386,61.0836355,1,0.508627661,72.4029386,61.0836355,0.441547478
29920,2992,0.513717829,1,1.0887574,0.514142194,74.1168378,66.706834,1,0.502089963,74.1168378,66.706834,0.452199173
29930,2993,0.515854096,1,1.13609467,0.516294694,68.3195302,67.9736067,1,0.528140518,68.3195302,67.9736067,0.456468876
29940,2994,0.50655547,1,1.1183432,0.513955594,67.3254322,62.2209233,1,0.523932926,67.3254322,62.2209233,0.449072658
29950,2995,0.523110401,1,1.12426036,0.519648845,73.0309664,61.9588791,1,0.625551889,73.0309664,61.9588791,0.439349888
29960,2996,0.536811101,1,1.23668639,0.515292681,72.2994084,67.6688715,1,0.561921574,72.2994084,67.6688715,0.442820373
29970,2997,0.520283144,1,1.22485207,0.512481368,66.7339459,66.2013915,1,0.50577424,66.7339459,66.2013915,0.44274473
29980,2998,0.512198998,1,1.17751479,0.511227842,68.5780136,60.5888875,1,0.50540949,68.5780136,60.5888875,0.454437596
29990,2999,0.513356074,1,1.13609467,0.510136525,74.0631255,62.4760191,1,0.49239131,74.0631255,62.4760191,0.446205029
30000,3000,0.517295731,1,1.09467456,0.517798322,72.059824,67.725537,1,0.478993411,72.059824,67.725537,0.432213622
30010,3001,0.50842757,1,1.14201183,0.519990224,66.718361,65.4672605,1,0.492405943,66.718361,65.4672605,0.446094426
30020,3002,0.527421488,1,1.18934911,0.519767885,69.8727797,60.5604243,1,0.626858239,69.8727797,60.5604243,0.448715454
30030,3003,0.531455344,1,1.14201183,0.511885507,74.2024507,64.6290637,1,0.639988224,74.2024507,64.6290637,0.457028458
30040,3004,0.53351592,1,1.22485207,0.515486182,69.9269657,68.3079067,1,0.55333509,69.9269657,68.3079067,0.433873826
30050,3005,0.526156282,1,1.19526627,0.516557374,66.5538777,63.7753564,1,0.513710312,66.5538777,63.7753564,0.434610177
30060,3006,0.523457778,1,1.17159763,0.516544735,71.1437446,60.5076488,1,0.510717077,71.1437446,60.5076488,0.433403967
30070,3007,0.512804992,1,1.08284024,0.513169922,74.3998793,65.3557513,1,0.48503173,74.3998793,65.3557513,0.449236765
30080,3008,0.515088719,1,1.12426036,0.52133588,69.5846026,68.3199874,1,0.485917357,69.5846026,68.3199874,0.434963003
30090,3009,0.510116584,1,1.17751479,0.517836501,66.9154293,63.1215108,1,0.539860547,66.9154293,63.1215108,0.449514165
30100,3010,0.529678449,1,1.20118343,0.517280374,72.7873641,61.748219,1,0.662931646,72.7873641,61.748219,0.463875804
30110,3011,0.527015026,1,1.20118343,0.508292373,73.2286865,67.5949399,1,0.560268531,73.2286865,67.5949399,0.451027173
30120,3012,0.529106862,1,1.23668639,0.515313972,67.5494987,67.5839206,1,0.52236267,67.5494987,67.5839206,0.436861424
30130,3013,0.533973566,1,1.27218935,0.511307658,67.3256604,62.1027514,1,0.521368653,67.3256604,62.1027514,0.421979833
30140,3014,0.529081597,1,1.16568047,0.523780798,72.8343974,62.2588896,1,0.502137198,72.8343974,62.2588896,0.423919183
30150,3015,0.520302254,1,1.16568047,0.520997802,72.7892493,67.8698599,1,0.484236861,72.7892493,67.8698599,0.431627071
30160,3016,0.516863719,1,1.13609467,0.519716392,67.0008542,67.1425917,1,0.519664107,67.0008542,67.1425917,0.448761852
30170,3017,0.522563489,1,1.23076923,0.513766754,68.5839796,61.2986292,1,0.61488676,68.5839796,61.2986292,0.465738475
30180,3018,0.519430533,1,1.17751479,0.506849438,74.0832376,63.3720089,1,0.653012074,74.0832376,63.3720089,0.452087478
30190,3019,0.536097084,1,1.17751479,0.512232791,71.4892887,68.3913254,1,0.660127389,71.4892887,68.3913254,0.434612725
30200,3020,0.532807589,1,1.23076923,0.515489631,66.8963713,65.2939528,1,0.517494109,66.8963713,65.2939528,0.42613307
30210,3021,0.528465258,1,1.24260355,0.512338072,69.9831689,60.7611831,1,0.526089744,69.9831689,60.7611831,0.421846606
30220,3022,0.520582454,1,1.16568047,0.520413058,74.3427234,64.3927128,1,0.514969979,74.3427234,64.3927128,0.436457792
30230,3023,0.513518075,1,1.12426036,0.516724961,70.4894942,68.7997599,1,0.505425803,70.4894942,68.7997599,0.45030851
30240,3024,0.51598891,1,1.12426036,0.515023579,66.4545786,64.3723178,1,0.538154704,66.4545786,64.3723178,0.460786488
30250,3025,0.522559948,1,1.18934911,0.514691682,71.5475168,61.0840676,1,0.631943077,71.5475168,61.0840676,0.466325234
30260,3026,0.521804855,1,1.14201183,0.510910513,74.2698166,66.1172919,1,0.650403134,74.2698166,66.1172919,0.440173874
30270,3027,0.537911487,1,1.19526627,0.513186071,68.9802198,68.1175657,1,0.624214791,68.9802198,68.1175657,0.435012959
30280,3028,0.530857681,1,1.20118343,0.516389474,67.5637303,62.7159123,1,0.512202033,67.5637303,62.7159123,0.429560823
30290,3029,0.520380501,1,1.15976331,0.516968773,73.2150691,61.5183874,1,0.510972908,73.2150691,61.5183874,0.444371087
30300,3030,0.513139969,1,1.12426036,0.513366798,74.1820716,67.399448,1,0.50695028,74.1820716,67.399448,0.458463916
30310,3031,0.505992664,1,1.10059172,0.509880732,68.2217751,68.1288428,1,0.508829809,68.2217751,68.1288428,0.461904663
30320,3032,0.499436907,1,1.13609467,0.511800918,67.7252328,62.2554116,1,0.502198827,67.7252328,62.2554116,0.453414056
30330,3033,0.522274678,1,1.19526627,0.521948669,73.3014595,62.5254576,1,0.605176753,73.3014595,62.5254576,0.429443214
30340,3034,0.537948959,1,1.18343195,0.515815218,72.1681024,68.219716,1,0.638121961,72.1681024,68.219716,0.446611681
30350,3035,0.535952384,1,1.20710059,0.51998445,66.9250309,66.2031643,1,0.519813113,66.9250309,66.2031643,0.432115198
30360,3036,0.529612041,1,1.21301775,0.514535417,68.8941123,60.9641674,1,0.517653591,68.8941123,60.9641674,0.430524452
30370,3037,0.519385779,1,1.21301775,0.515507517,74.1011164,63.3270453,1,0.508037312,74.1011164,63.3270453,0.43984992
30380,3038,0.514898045,1,1.13609467,0.517520176,71.5348774,68.5687281,1,0.50173492,71.5348774,68.5687281,0.44893576
30390,3039,0.513010104,1,1.11242604,0.516183206,66.414201,65.7037816,1,0.496161593,66.414201,65.7037816,0.451357225
30400,3040,0.514013712,1,1.15384615,0.514255555,69.8851663,60.9567428,1,0.550371885,69.8851663,60.9567428,0.45235725
30410,3041,0.529458189,1,1.17159763,0.521253939,74.0426949,64.8651868,1,0.646154232,74.0426949,64.8651868,0.438940213
30420,3042,0.544313506,1,1.18934911,0.518880422,69.8193231,68.5743808,1,0.640384331,69.8193231,68.5743808,0.432380164
30430,3043,0.527405687,1,1.18343195,0.509003737,66.6214088,63.75636,1,0.532988875,66.6214088,63.75636,0.444825481
30440,3044,0.518995463,1,1.17159763,0.519900599,71.7855375,61.1716738,1,0.499984491,71.7855375,61.1716738,0.444218807
30450,3045,0.51143321,1,1.17159763,0.508154464,74.649999,66.3953976,1,0.504351268,74.649999,66.3953976,0.458273259
30460,3046,0.511889981,1,1.13609467,0.51213849,69.4642119,69.0051241,1,0.471422961,69.4642119,69.0051241,0.44657182
30470,3047,0.511305234,1,1.13017751,0.519119147,67.0140867,64.0811184,1,0.465843745,67.0140867,64.0811184,0.423069554
30480,3048,0.516037965,1,1.18343195,0.524319099,72.1587789,61.9250232,1,0.537409796,72.1587789,61.9250232,0.429094298
30490,3049,0.521851861,1,1.14792899,0.51633653,73.5921583,67.5696356,1,0.634288652,73.5921583,67.5696356,0.447981829
30500,3050,0.53446656,1,1.21301775,0.517193348,67.7607473,67.6409442,1,0.54100124,67.7607473,67.6409442,0.448603617
30510,3051,0.520887606,1,1.21893491,0.509786173,68.1343578,61.8929023,1,0.507576621,68.1343578,61.8929023,0.443090075
30520,3052,0.519798999,1,1.20118343,0.517990043,73.8003478,62.5415929,1,0.507738505,73.8003478,62.5415929,0.438692533
30530,3053,0.515298668,1,1.13017751,0.51266039,73.0164482,68.2801971,1,0.502588089,73.0164482,68.2801971,0.44553058
30540,3054,0.516253023,1,1.09467456,0.519472778,67.3202837,67.0724935,1,0.496400481,67.3202837,67.0724935,0.447906622
30550,3055,0.514368915,1,1.14792899,0.517522179,68.8582463,61.2968018,1,0.531513954,68.8582463,61.2968018,0.459765465
30560,3056,0.524184067,1,1.13017751,0.517463383,74.2946712,63.6435905,1,0.621275317,74.2946712,63.6435905,0.455486821
30570,3057,0.539722112,1,1.15384615,0.518891159,71.0711518,68.5732699,1,0.623499324,71.0711518,68.5732699,0.453081599
30580,3058,0.532353202,1,1.28402367,0.515714317,66.6241453,64.9169068,1,0.527319455,66.6241453,64.9169068,0.442858241
30590,3059,0.521389706,1,1.20710059,0.513977781,70.4558376,60.7161549,1,0.511491974,70.4558376,60.7161549,0.437368288
30600,3060,0.520389421,1,1.19526627,0.517437529,74.5633748,64.6426672,1,0.504041628,74.5633748,64.6426672,0.4371056
30610,3061,0.510270925,1,1.10650888,0.511322402,70.48931,68.8004758,1,0.473960967,70.48931,68.8004758,0.447778052
30620,3062,0.521338356,1,1.14201183,0.526910698,66.9934695,64.7295759,1,0.497830654,66.9934695,64.7295759,0.412763284
30630,3063,0.527035961,1,1.19526627,0.521510358,71.7969136,61.3147722,1,0.606290821,71.7969136,61.3147722,0.453350187
30640,3064,0.535522443,1,1.18934911,0.514993534,74.4321621,66.6758816,1,0.666029177,74.4321621,66.6758816,0.459521419
30650,3065,0.535707519,1,1.17751479,0.513297645,68.7478332,68.4763952,1,0.593742971,68.7478332,68.4763952,0.45866699
30660,3066,0.530620311,1,1.22485207,0.510979034,67.3675844,63.0117633,1,0.531300307,67.3675844,63.0117633,0.433557514
30670,3067,0.528086595,1,1.19526627,0.5220006,72.7527151,61.9453005,1,0.512164059,72.7527151,61.9453005,0.422285799
30680,3068,0.518048091,1,1.18343195,0.513357807,73.7727462,67.6064633,1,0.5085083,73.7727462,67.6064633,0.442486441
30690,3069,0.513108138,1,1.1183432,0.516142797,67.9342164,68.225903,1,0.494020117,67.9342164,68.225903,0.451638283
30700,3070,0.51026539,1,1.1183432,0.513717519,67.5246015,62.3070755,1,0.512653728,67.5246015,62.3070755,0.456383411
30710,3071,0.518586354,1,1.18343195,0.520527142,73.3241675,62.6305796,1,0.558458183,73.3241675,62.6305796,0.446813973
30720,3072,0.524353483,1,1.13017751,0.516312999,72.5002694,68.2950259,1,0.646068968,72.5002694,68.2950259,0.440311609
30730,3073,0.539312833,1,1.24852071,0.518535173,67.1030246,66.3513692,1,0.543011693,67.1030246,66.3513692,0.441273392
30740,3074,0.520717945,1,1.20118343,0.511405364,69.4584293,61.0941665,1,0.506939779,69.4584293,61.0941665,0.443133749
30750,3075,0.517725731,1,1.20710059,0.51474659,74.5952181,63.8161003,1,0.513727962,74.5952181,63.8161003,0.447183974
30760,3076,0.51169538,1,1.07692308,0.50831505,71.7191699,68.9976158,1,0.493427643,71.7191699,68.9976158,0.455860955
30770,3077,0.514272894,1,1.12426036,0.517038537,66.8036403,65.9502693,1,0.472158056,66.8036403,65.9502693,0.444883812
30780,3078,0.514219565,1,1.14792899,0.521531726,69.9149857,61.1789451,1,0.512453146,69.9149857,61.1789451,0.43816457
30790,3079,0.517923356,1,1.18934911,0.52136017,74.4196207,64.7981248,1,0.581867215,74.4196207,64.7981248,0.444494247
30800,3080,0.537389161,1,1.21893491,0.514645018,69.662972,68.5042226,1,0.600187693,69.662972,68.5042226,0.463845944
30810,3081,0.520599956,1,1.19526627,0.506333555,66.7817463,63.2716988,1,0.524214321,66.7817463,63.2716988,0.459487539
30820,3082,0.532646451,1,1.20710059,0.51668365,71.6802089,60.7914451,1,0.507626083,71.6802089,60.7914451,0.422353186
30830,3083,0.527801795,1,1.18343195,0.521435868,74.1950939,65.6881755,1,0.502614529,74.1950939,65.6881755,0.423444699
30840,3084,0.519034526,1,1.15384615,0.519196721,69.0305726,68.1229144,1,0.489470762,69.0305726,68.1229144,0.439204722
30850,3085,0.511821859,1,1.12426036,0.514167732,66.8983582,62.5767643,1,0.515478666,66.8983582,62.5767643,0.457068865
30860,3086,0.512494292,1,1.14201183,0.513404706,72.6085923,61.0158785,1,0.531380546,72.6085923,61.0158785,0.455363427
30870,3087,0.526834724,1,1.14201183,0.51988521,73.5104789,66.8072473,1,0.616777067,73.5104789,66.8072473,0.450859484
30880,3088,0.531317612,1,1.12426036,0.510559582,67.6150127,66.961648,1,0.661466152,67.6150127,66.961648,0.453652906
30890,3089,0.527086582,1,1.23076923,0.51448002,68.5352007,61.2784063,1,0.5157729,68.5352007,61.2784063,0.442865746
30900,3090,0.514629752,1,1.21301775,0.51116869,74.2054618,62.5245806,1,0.511895285,74.2054618,62.5245806,0.446583417
30910,3091,0.516111514,1,1.17751479,0.515806606,72.8157568,68.1744553,1,0.501331387,72.8157568,68.1744553,0.447559881
30920,3092,0.517572092,1,1.13017751,0.514908885,67.3349058,66.8105013,1,0.484419198,67.3349058,66.8105013,0.434462861
30930,3093,0.519691097,1,1.12426036,0.524875916,69.0165552,61.3888137,1,0.488502595,69.0165552,61.3888137,0.436653768
30940,3094,0.524082557,1,1.17159763,0.523172932,74.4519103,63.5275305,1,0.575031758,74.4519103,63.5275305,0.449307128
30950,3095,0.535084067,1,1.17159763,0.514753104,71.2115641,68.6422168,1,0.659820583,71.2115641,68.6422168,0.465749124
30960,3096,0.525201891,1,1.18934911,0.50730542,66.745589,64.6510211,1,0.552611271,66.745589,64.6510211,0.460733767
30970,3097,0.527298497,1,1.23076923,0.507736293,70.7253629,60.5939091,1,0.5315933,70.7253629,60.5939091,0.4371692
30980,3098,0.528931392,1,1.17751479,0.515157271,74.5276505,64.6005571,1,0.510126158,74.5276505,64.6005571,0.424895528
30990,3099,0.526361887,1,1.21893491,0.522115752,70.5581013,68.3106714,1,0.506511092,70.5581013,68.3106714,0.41795691
31000,3100,0.515068513,1,1.16568047,0.51721666,66.8589244,63.9846033,1,0.503275969,66.8589244,63.9846033,0.437845552
31010,3101,0.509651331,1,1.15384615,0.515550409,71.9394529,60.7854735,1,0.552849903,71.9394529,60.7854735,0.461834525
31020,3102,0.522663733,1,1.17159763,0.51088523,74.6049599,66.0707969,1,0.623706026,74.6049599,66.0707969,0.455340245
31030,3103,0.521540242,1,1.15976331,0.511622052,69.2388723,68.3254898,1,0.64133472,69.2388723,68.3254898,0.447732854
31040,3104,0.538063683,1,1.16568047,0.51407308,67.6406591,62.8906003,1,0.657374796,67.6406591,62.8906003,0.4357698
31050,3105,0.534955226,1,1.24260355,0.521278581,73.1150861,61.9438173,1,0.515438176,73.1150861,61.9438173,0.427361174
31060,3106,0.523367325,1,1.20710059,0.518124589,73.8414393,67.5521757,1,0.513857747,73.8414393,67.5521757,0.435015295
31070,3107,0.519565972,1,1.18934911,0.518369642,68.031582,67.9414924,1,0.506966564,68.031582,67.9414924,0.447914355
31080,3108,0.509344425,1,1.16568047,0.511248281,67.9540371,61.811371,1,0.506541581,67.9540371,61.811371,0.471585524
31090,3109,0.506170392,1,1.14792899,0.509601098,73.9835355,62.0413899,1,0.496572731,73.9835355,62.0413899,0.464144943
31100,3110,0.505660292,1,1.19526627,0.517427291,73.4817374,67.6998595,1,0.512221659,73.4817374,67.6998595,0.436975073
31110,3111,0.535410774,1,1.21301775,0.522372958,67.9400182,66.3417018,1,0.661488679,67.9400182,66.3417018,0.438901556
31120,3112,0.535119338,1,1.21301775,0.515958919,70.2240808,61.0614267,1,0.555882653,70.2240808,61.0614267,0.442546738
31130,3113,0.529068379,1,1.21893491,0.511013005,75.2533283,63.627924,1,0.521354476,75.2533283,63.627924,0.4343276
31140,3114,0.523894312,1,1.20118343,0.516408275,72.4149445,68.4400672,1,0.520080948,72.4149445,68.4400672,0.429759429
31150,3115,0.521347565,1,1.18343195,0.519219063,67.6930918,65.4211154,1,0.497490869,67.6930918,65.4211154,0.431112247
31160,3116,0.514915931,1,1.12426036,0.515794483,71.2086156,60.7682252,1,0.512908128,71.2086156,60.7682252,0.448589469
31170,3117,0.515348634,1,1.16568047,0.514987158,75.6314862,64.8407498,1,0.564367389,75.6314862,64.8407498,0.462481354
31180,3118,0.522970294,1,1.15976331,0.512267564,71.0422537,68.7355392,1,0.63031833,71.0422537,68.7355392,0.463013285
31190,3119,0.520306748,1,1.12426036,0.510594418,67.7544514,64.0430877,1,0.644120549,67.7544514,64.0430877,0.440741338
31200,3120,0.539755645,1,1.23076923,0.518819338,72.8440081,61.4840901,1,0.545178892,72.8440081,61.4840901,0.438205431
31210,3121,0.524646792,1,1.20710059,0.512546589,75.0108764,66.7509631,1,0.51210405,75.0108764,66.7509631,0.438092079
31220,3122,0.52296916,1,1.21301775,0.519833874,69.6243292,68.6530594,1,0.513137623,69.6243292,68.6530594,0.439424451
31230,3123,0.518519699,1,1.14792899,0.516051205,67.7275977,63.2545827,1,0.494490699,67.7275977,63.2545827,0.440152881
31240,3124,0.516941464,1,1.13609467,0.51959361,73.4134572,61.8449545,1,0.515413968,73.4134572,61.8449545,0.450614635
31250,3125,0.500802189,1,1.13609467,0.511695804,74.6984229,67.6310458,1,0.496411419,74.6984229,67.6310458,0.455927362
31260,3126,0.52433429,1,1.15976331,0.520066093,68.9774412,67.9116379,1,0.623933154,68.9774412,67.9116379,0.440604501
31270,3127,0.534392867,1,1.19526627,0.513607324,69.6168506,62.0464847,1,0.614491347,69.6168506,62.0464847,0.453838767
31280,3128,0.528326187,1,1.23076923,0.511448001,75.1285924,63.4376308,1,0.512337367,75.1285924,63.4376308,0.437276306
31290,3129,0.525524797,1,1.20710059,0.514707843,73.5002652,68.7511032,1,0.515200329,73.5002652,68.7511032,0.427490538
31300,3130,0.522963303,1,1.17159763,0.520670765,68.140998,66.9547893,1,0.504049758,68.140998,66.9547893,0.434792268
31310,3131,0.515305125,1,1.14201183,0.518164939,70.0999199,61.4547107,1,0.49243244,70.0999199,61.4547107,0.449116419
31320,3132,0.510513722,1,1.09467456,0.515728709,75.5301488,63.8239693,1,0.506502206,75.5301488,63.8239693,0.45573773
31330,3133,0.516296783,1,1.16568047,0.514012273,72.4171094,68.8905266,1,0.581062966,72.4171094,68.8905266,0.457424082
31340,3134,0.536111044,1,1.15384615,0.522332751,67.9873685,65.050063,1,0.668126722,67.9873685,65.050063,0.450980298
31350,3135,0.536891177,1,1.24260355,0.516946675,72.1842032,61.1067473,1,0.565723533,72.1842032,61.1067473,0.442980493
31360,3136,0.530291202,1,1.23668639,0.509154804,75.7995355,65.5226707,1,0.504190832,75.7995355,65.5226707,0.439007805
31370,3137,0.528512293,1,1.20710059,0.521612796,71.2853523,68.7133623,1,0.509177759,71.2853523,68.7133623,0.425227842
31380,3138,0.515138349,1,1.14792899,0.518914782,67.996601,63.9276499,1,0.48882764,67.996601,63.9276499,0.44667694
31390,3139,0.512737876,1,1.14201183,0.516137528,72.7339555,60.8496045,1,0.478380376,72.7339555,60.8496045,0.434577203
31400,3140,0.525770266,1,1.17751479,0.522190801,75.4955326,65.8373812,1,0.542676238,75.4955326,65.8373812,0.438557513
31410,3141,0.516138769,1,1.16568047,0.516290907,70.0953739,68.3281654,1,0.561870195,70.0953739,68.3281654,0.457454497
31420,3142,0.533448288,1,1.15384615,0.519334092,68.5918949,62.7307872,1,0.659496542,68.5918949,62.7307872,0.445829404
31430,3143,0.53902776,1,1.22485207,0.519301466,74.2050067,61.9934553,1,0.540435725,74.2050067,61.9934553,0.435487089
31440,3144,0.527792569,1,1.23668639,0.516128132,74.5986288,67.6798401,1,0.515347805,74.5986288,67.6798401,0.438460931
31450,3145,0.520740701,1,1.20118343,0.51727035,68.8246231,67.7860672,1,0.503909334,68.8246231,67.7860672,0.444229445
31460,3146,0.515375912,1,1.14792899,0.512063623,68.8752065,61.909452,1,0.503451567,68.8752065,61.909452,0.452064063
31470,3147,0.516017024,1,1.13017751,0.518133161,74.5785733,62.1910722,1,0.484612494,74.5785733,62.1910722,0.439255037
31480,3148,0.516314972,1,1.15384615,0.518831188,73.8016816,68.0043232,1,0.539661061,73.8016816,68.0043232,0.45114875
31490,3149,0.523164098,1,1.20710059,0.517917089,68.1370054,66.397389,1,0.622834539,68.1370054,66.397389,0.452937772
31500,3150,0.537471599,1,1.15384615,0.514162858,70.5613383,61.0632405,1,0.642189235,70.5613383,61.0632405,0.450709698
31510,3151,0.531225157,1,1.24260355,0.51644559,75.4305306,64.1242109,1,0.527004276,75.4305306,64.1242109,0.442415188
31520,3152,0.527537692,1,1.19526627,0.515663781,72.238594,68.745254,1,0.521079892,72.238594,68.745254,0.432020838
31530,3153,0.52469629,1,1.21893491,0.519324644,67.7471635,65.2401369,1,0.500986271,67.7471635,65.2401369,0.43825092
31540,3154,0.525169894,1,1.20118343,0.520447699,70.9328373,60.8419008,1,0.501856916,70.9328373,60.8419008,0.417749665
31550,3155,0.507765854,1,1.11242604,0.516966633,75.3931121,64.6344312,1,0.484952671,75.3931121,64.6344312,0.450360394
31560,3156,0.517622218,1,1.18343195,0.520427819,71.3293146,68.652405,1,0.541149068,71.3293146,68.652405,0.439597464
31570,3157,0.528798333,1,1.17159763,0.517743571,67.9052048,63.8051605,1,0.648078646,67.9052048,63.8051605,0.456513071
31580,3158,0.537091594,1,1.21893491,0.514174773,73.2239801,61.3509411,1,0.601894291,73.2239801,61.3509411,0.450591743
31590,3159,0.537931827,1,1.23076923,0.515623706,75.2374438,66.4959569,1,0.551409438,75.2374438,66.4959569,0.424997205
31600,3160,0.523841919,1,1.21301775,0.516263977,69.7626559,68.105379,1,0.508946884,69.7626559,68.105379,0.438957492
31610,3161,0.516120914,1,1.18934911,0.515124685,68.3133169,62.4205558,1,0.507499645,68.3133169,62.4205558,0.451282187
31620,3162,0.515357602,1,1.10650888,0.514545862,74.0288127,61.2317372,1,0.491660571,74.0288127,61.2317372,0.449063336
31630,3163,0.513718509,1,1.10650888,0.515810177,74.8493006,67.0449808,1,0.491023678,74.8493006,67.0449808,0.451604646
31640,3164,0.526827758,1,1.18343195,0.522809917,69.0324519,67.2421339,1,0.586672578,69.0324519,67.2421339,0.447706832
31650,3165,0.524065225,1,1.14201183,0.513529155,69.4062199,61.3930195,1,0.645109549,69.4062199,61.3930195,0.450849568
31660,3166,0.535494181,1,1.16568047,0.511340605,74.9817601,62.6470016,1,0.634776248,74.9817601,62.6470016,0.439601214
31670,3167,0.537807468,1,1.23076923,0.51355776,73.3968462,67.7975048,1,0.532522546,73.3968462,67.7975048,0.414526434
31680,3168,0.521406396,1,1.17159763,0.518192329,68.1342207,65.6561597,1,0.513055444,68.1342207,65.6561597,0.43704621
31690,3169,0.510567014,1,1.1183432,0.511282669,70.6380896,60.1557291,1,0.51022336,70.6380896,60.1557291,0.464885912
31700,3170,0.511967258,1,1.10650888,0.512570314,75.9721552,62.8958434,1,0.503857152,75.9721552,62.8958434,0.461285076
31710,3171,0.509337734,1,1.17751479,0.514920826,73.1481382,68.1338833,1,0.502652691,73.1481382,68.1338833,0.457754578
31720,3172,0.520591389,1,1.20118343,0.523453494,68.3752481,64.97485,1,0.576349791,68.3752481,64.97485,0.440279437
31730,3173,0.530330492,1,1.17751479,0.515490679,72.3321187,60.6993123,1,0.66921286,72.3321187,60.6993123,0.448119325
31740,3174,0.536770239,1,1.23076923,0.519854185,75.8002864,65.1059755,1,0.536568702,75.8002864,65.1059755,0.431365438
31750,3175,0.527593962,1,1.20710059,0.510018804,71.192136,68.5319234,1,0.521966057,71.192136,68.5319234,0.441703065
31760,3176,0.527056952,1,1.21301775,0.520451249,68.1707686,63.7669758,1,0.516430864,68.1707686,63.7669758,0.434008334
31770,3177,0.516540678,1,1.13017751,0.518892371,73.0729556,60.6509561,1,0.485673593,73.0729556,60.6509561,0.446823216
31780,3178,0.522917301,1,1.14201183,0.524913614,75.7720168,65.3887384,1,0.498789583,75.7720168,65.3887384,0.419435473
31790,3179,0.507505963,1,1.14792899,0.514054114,70.279767,67.9173745,1,0.536113536,70.279767,67.9173745,0.465106773
31800,3180,0.527186194,1,1.17751479,0.516898973,68.6637676,62.3162889,1,0.636640523,68.6637676,62.3162889,0.448426668
31810,3181,0.53483372,1,1.17751479,0.513539607,74.5454196,61.4275092,1,0.654987804,74.5454196,61.4275092,0.457571154
31820,3182,0.535137842,1,1.23668639,0.516499477,74.6183476,67.0768861,1,0.533792924,74.6183476,67.0768861,0.434603661
31830,3183,0.529025262,1,1.20710059,0.514700044,69.0116103,67.0133077,1,0.51009788,69.0116103,67.0133077,0.431315213
31840,3184,0.52166162,1,1.16568047,0.517717728,69.2373507,61.351337,1,0.499528461,69.2373507,61.351337,0.435882227
31850,3185,0.518783412,1,1.15976331,0.517522969,74.8807466,61.8465524,1,0.496351744,74.8807466,61.8465524,0.435775548
31860,3186,0.511783783,1,1.12426036,0.513986225,73.7017941,67.6876477,1,0.519106267,73.7017941,67.6876477,0.458375849
31870,3187,0.510353062,1,1.17159763,0.514368367,68.0155042,66.0677813,1,0.562863369,68.0155042,66.0677813,0.454809018
31880,3188,0.54000602,1,1.14792899,0.521768952,70.5111783,60.8136339,1,0.66569816,70.5111783,60.8136339,0.447441478
31890,3189,0.54024278,1,1.19526627,0.517847885,75.3658035,63.877299,1,0.615049304,75.3658035,63.877299,0.441577521
31900,3190,0.533914396,1,1.26627219,0.513345965,71.9250761,68.4105953,1,0.528929652,71.9250761,68.4105953,0.437782061
31910,3191,0.528800768,1,1.19526627,0.519214808,67.6969888,64.8881002,1,0.517150376,67.6969888,64.8881002,0.423319468
31920,3192,0.515240249,1,1.14792899,0.514750017,71.5067754,60.5504108,1,0.513449879,71.5067754,60.5504108,0.44409354
31930,3193,0.512811562,1,1.15384615,0.517534176,75.4909956,64.8644984,1,0.522466482,75.4909956,64.8644984,0.451724919
31940,3194,0.506698188,1,1.13017751,0.50923905,70.7499864,68.637193,1,0.539942484,70.7499864,68.637193,0.466070015
31950,3195,0.517577044,1,1.14201183,0.514710042,67.6854046,63.6290521,1,0.588322585,67.6854046,63.6290521,0.45164484
31960,3196,0.538316488,1,1.18934911,0.516953233,73.1281712,61.3961576,1,0.663410922,73.1281712,61.3961576,0.452537402
31970,3197,0.532675757,1,1.21893491,0.51037343,74.6565772,66.8505939,1,0.551151268,74.6565772,66.8505939,0.435733075
31980,3198,0.522679107,1,1.20118343,0.519614272,69.1506211,67.7610309,1,0.514616926,69.1506211,67.7610309,0.429286237
31990,3199,0.516116222,1,1.15976331,0.514614583,68.2966964,62.0394222,1,0.510787084,68.2966964,62.0394222,0.444998463
32000,3200,0.515881829,1,1.10059172,0.515711805,73.95421,61.3838336,1,0.485941722,73.95421,61.3838336,0.4381055
32010,3201,0.517925564,1,1.14201183,0.520263211,74.3417618,67.1103225,1,0.494367427,74.3417618,67.1103225,0.44150678
32020,3202,0.520084024,1,1.17159763,0.517664464,68.4841622,66.9041285,1,0.54870878,68.4841622,66.9041285,0.45086366
32030,3203,0.52872564,1,1.16568047,0.516792835,69.4571887,61.1334776,1,0.640500942,69.4571887,61.1334776,0.450162316
32040,3204,0.541207277,1,1.15384615,0.517649675,74.9107698,62.8763863,1,0.636359193,74.9107698,62.8763863,0.44040915
32050,3205,0.534594755,1,1.24852071,0.51205729,72.8251743,68.0797721,1,0.54329723,72.8251743,68.0797721,0.431214966
32060,3206,0.524974608,1,1.17751479,0.516258013,67.8599794,65.5273674,1,0.517953179,67.8599794,65.5273674,0.429448044
32070,3207,0.506235029,1,1.17751479,0.510895814,70.9697491,60.3224249,1,0.510883372,70.9697491,60.3224249,0.466398095
32080,3208,0.508330274,1,1.08284024,0.507842593,75.8155828,63.7145257,1,0.502015319,75.8155828,63.7145257,0.455007976
32090,3209,0.511563365,1,1.13609467,0.513644988,72.0962873,68.3320149,1,0.502822897,72.0962873,68.3320149,0.456085508
32100,3210,0.516565446,1,1.14792899,0.516752464,67.9281633,64.2163131,1,0.584930757,67.9281633,64.2163131,0.450589742
32110,3211,0.53012349,1,1.14792899,0.519006083,72.3624102,60.6800547,1,0.664837972,72.3624102,60.6800547,0.436281145
32120,3212,0.535431827,1,1.21893491,0.512409566,75.2295997,65.6371716,1,0.571605603,75.2295997,65.6371716,0.440506595
32130,3213,0.526637199,1,1.20710059,0.514545486,70.0340631,67.9314456,1,0.511889854,70.0340631,67.9314456,0.436888503
32140,3214,0.522874108,1,1.19526627,0.517552047,67.9150451,62.6420131,1,0.527075484,67.9150451,62.6420131,0.438315317
32150,3215,0.517639703,1,1.14201183,0.518620861,73.3813803,60.7728481,1,0.508458836,73.3813803,60.7728481,0.444390405
32160,3216,0.517730251,1,1.10650888,0.517791991,75.0681731,66.4132415,1,0.502143439,75.0681731,66.4132415,0.452862736
32170,3217,0.510223799,1,1.14792899,0.514955762,69.209957,67.7354239,1,0.527303685,69.209957,67.7354239,0.461966868
32180,3218,0.513588594,1,1.12426036,0.517504957,68.580541,62.0517953,1,0.579773707,68.580541,62.0517953,0.439874898
32190,3219,0.537993997,1,1.14792899,0.515523371,74.3731622,62.2406145,1,0.659613372,74.3731622,62.2406145,0.445822908
32200,3220,0.5214168,1,1.21893491,0.513426667,73.0950644,67.9442334,1,0.508853326,73.0950644,67.9442334,0.449620505
32210,3221,0.515845775,1,1.20118343,0.510456748,67.5918551,66.3744426,1,0.507867375,67.5918551,66.3744426,0.44020944
32220,3222,0.514409697,1,1.14792899,0.5139714,69.2909829,60.7882417,1,0.488764046,69.2909829,60.7882417,0.449145646
32230,3223,0.519176117,1,1.11242604,0.516512324,74.4877377,62.2726514,1,0.479501876,74.4877377,62.2726514,0.415738682
32240,3224,0.515860607,1,1.12426036,0.524945377,72.6882411,67.6049957,1,0.483553564,72.6882411,67.6049957,0.432907357
32250,3225,0.523580528,1,1.18343195,0.523725804,67.4323256,65.1622692,1,0.588867463,67.4323256,65.1622692,0.445832515
32260,3226,0.537500171,1,1.18934911,0.515906728,71.0711168,60.3046554,1,0.651834202,71.0711168,60.3046554,0.466874367
32270,3227,0.525154742,1,1.18343195,0.504038323,75.3535246,64.5090933,1,0.558963582,75.3535246,64.5090933,0.461643028
32280,3228,0.533290425,1,1.24852071,0.510626554,71.2309102,68.334534,1,0.545595901,71.2309102,68.334534,0.432619285
32290,3229,0.527814366,1,1.18343195,0.513088331,67.5536519,64.1793105,1,0.514856385,67.5536519,64.1793105,0.42682335
32300,3230,0.521773981,1,1.15384615,0.519701851,71.8850544,60.7336413,1,0.506384875,71.8850544,60.7336413,0.425751567
32310,3231,0.514094948,1,1.14201183,0.52013561,75.3489959,65.3079587,1,0.49926362,75.3489959,65.3079587,0.441375411
32320,3232,0.505098267,1,1.13017751,0.511932535,70.3654347,68.5264684,1,0.509745482,70.3654347,68.5264684,0.456347002
32330,3233,0.524909884,1,1.17159763,0.5197904,68.1813003,63.0367598,1,0.621198074,68.1813003,63.0367598,0.454480283
32340,3234,0.533353886,1,1.18934911,0.513768592,73.9635579,61.69553,1,0.625937738,73.9635579,61.69553,0.456597913
32350,3235,0.535201022,1,1.21301775,0.51388589,74.609928,67.3320332,1,0.555911977,74.609928,67.3320332,0.436418739
32360,3236,0.525230497,1,1.20710059,0.513074078,68.9466367,67.5976793,1,0.518700839,68.9466367,67.5976793,0.436116787
32370,3237,0.526487387,1,1.19526627,0.517850425,68.9206753,62.0372263,1,0.511155913,68.9206753,62.0372263,0.427731818
32380,3238,0.517065207,1,1.15384615,0.519068222,74.7164201,61.9722658,1,0.478176751,74.7164201,61.9722658,0.445854525
32390,3239,0.518773157,1,1.13609467,0.520065448,74.4086674,67.691577,1,0.50139362,74.4086674,67.691577,0.440583482
32400,3240,0.52181835,1,1.17751479,0.515522021,68.4870322,66.5120917,1,0.594819903,68.4870322,66.5120917,0.464458383
32410,3241,0.51857308,1,1.18934911,0.506710135,70.3712786,60.78259,1,0.660616733,70.3712786,60.78259,0.463952497
32420,3242,0.535652138,1,1.16568047,0.512786002,75.5373929,63.2212095,1,0.652358847,75.5373929,63.2212095,0.439442907
32430,3243,0.531955175,1,1.22485207,0.514277813,72.4839169,68.1098086,1,0.528017277,72.4839169,68.1098086,0.443374077
32440,3244,0.532641186,1,1.26035503,0.508071141,67.8313104,65.2496745,1,0.52968423,67.8313104,65.2496745,0.420109272
32450,3245,0.526037337,1,1.20710059,0.521175413,71.1842513,60.8770639,1,0.514561498,71.1842513,60.8770639,0.423858977
32460,3246,0.514734406,1,1.14792899,0.517461001,75.7844975,64.4378106,1,0.495707687,75.7844975,64.4378106,0.447485953
32470,3247,0.518857119,1,1.14201183,0.517732453,71.6222033,68.6294094,1,0.52606138,71.6222033,68.6294094,0.45439467
32480,3248,0.51770421,1,1.14792899,0.51302141,67.9173539,63.8427941,1,0.596122239,67.9173539,63.8427941,0.465607668
32490,3249,0.516066622,1,1.16568047,0.512691067,72.6794689,60.617452,1,0.608920721,72.6794689,60.617452,0.442428549
32500,3250,0.532847851,1,1.14201183,0.512755399,75.2371027,65.7195425,1,0.667445505,75.2371027,65.7195425,0.439020008
32510,3251,0.535632678,1,1.20710059,0.515967691,69.9785316,67.5437117,1,0.525639259,69.9785316,67.5437117,0.428152513
32520,3252,0.522197547,1,1.17751479,0.518288933,68.4750827,62.0189952,1,0.515778969,68.4750827,62.0189952,0.440433165
32530,3253,0.514104604,1,1.13609467,0.513890502,74.2353577,60.7139881,1,0.500701262,74.2353577,60.7139881,0.454327069
32540,3254,0.506574846,1,1.14201183,0.510295331,75.3436205,66.6049588,1,0.507735539,75.3436205,66.6049588,0.461100962
32550,3255,0.499438346,1,1.13017751,0.510495595,69.5118844,67.5288593,1,0.473733087,69.5118844,67.5288593,0.454189816
32560,3256,0.521135859,1,1.19526627,0.523406326,69.3473201,61.9643936,1,0.580041899,69.3473201,61.9643936,0.428222962
32570,3257,0.532863968,1,1.15384615,0.517042839,75.1937557,62.5744551,1,0.662494867,75.1937557,62.5744551,0.452167585
32580,3258,0.5399897,1,1.20710059,0.518707633,73.6483409,68.0089255,1,0.57142478,73.6483409,68.0089255,0.434610453
32590,3259,0.526199632,1,1.19526627,0.511834591,68.2003209,66.1513097,1,0.518052006,68.2003209,66.1513097,0.442770049
32600,3260,0.521256894,1,1.19526627,0.517005538,70.3797188,60.9574031,1,0.506620416,70.3797188,60.9574031,0.433278683
32610,3261,0.519221841,1,1.14201183,0.516138288,75.6805889,63.130037,1,0.501084843,75.6805889,63.130037,0.440679693
32620,3262,0.513020547,1,1.1183432,0.51654559,73.3511156,68.4738719,1,0.474751953,73.3511156,68.4738719,0.448422727
32630,3263,0.520430365,1,1.13017751,0.520834855,68.3659531,65.8678601,1,0.515460017,68.3659531,65.8678601,0.432709523
32640,3264,0.520163408,1,1.20710059,0.520173361,71.6521525,60.9652356,1,0.586594186,71.6521525,60.9652356,0.454008008
32650,3265,0.536188907,1,1.14201183,0.520408919,75.983318,64.8390848,1,0.67054269,75.983318,64.8390848,0.446986636
32660,3266,0.538942367,1,1.23668639,0.519098586,71.6501276,68.5142929,1,0.55459997,71.6501276,68.5142929,0.437067239
32670,3267,0.531334862,1,1.26627219,0.516611337,68.2836002,63.9840233,1,0.534438969,68.2836002,63.9840233,0.434168249
32680,3268,0.521888364,1,1.20118343,0.518641807,73.0723066,60.8663524,1,0.515173763,73.0723066,60.8663524,0.439550475
32690,3269,0.514628854,1,1.16568047,0.512751795,76.2670475,65.7712273,1,0.498797049,76.2670475,65.7712273,0.450273865
32700,3270,0.51772733,1,1.11242604,0.517965796,71.4063127,68.6054919,1,0.48491506,71.4063127,68.6054919,0.432823391
32710,3271,0.516532554,1,1.16568047,0.520659795,68.7507597,63.3990102,1,0.512803766,68.7507597,63.3990102,0.449585036
32720,3272,0.523200331,1,1.15384615,0.51985786,74.35962,61.5472382,1,0.623557287,74.35962,61.5472382,0.454356771
32730,3273,0.52997471,1,1.16568047,0.509988922,75.1614541,67.4185932,1,0.628962147,75.1614541,67.4185932,0.455834932
32740,3274,0.527476348,1,1.25443787,0.514461584,69.3622258,67.5076964,1,0.522304788,69.3622258,67.5076964,0.446147136
32750,3275,0.529621727,1,1.23076923,0.512004972,69.3420023,61.8725798,1,0.522621231,69.3420023,61.8725798,0.433473297
32760,3276,0.52807667,1,1.24260355,0.517629375,74.8557529,61.9547973,1,0.514837547,74.8557529,61.9547973,0.424181812
32770,3277,0.519974337,1,1.18343195,0.519892824,74.6666841,67.5980872,1,0.485440406,74.6666841,67.5980872,0.434342791
32780,3278,0.515441476,1,1.15976331,0.516735209,68.8768608,66.8703523,1,0.51616196,68.8768608,66.8703523,0.448875335
32790,3279,0.5152989,1,1.20710059,0.513911099,70.206294,61.089772,1,0.562183332,70.206294,61.089772,0.456267993
32800,3280,0.53332166,1,1.21301775,0.518566976,75.7364154,63.1576472,1,0.642713778,75.7364154,63.1576472,0.454161239
32810,3281,0.530539916,1,1.15384615,0.510243275,73.1092546,68.4149445,1,0.663963288,73.1092546,68.4149445,0.452090139
32820,3282,0.537118359,1,1.19526627,0.511535498,68.4732976,65.2708277,1,0.584460059,68.4732976,65.2708277,0.430889869
32830,3283,0.528409814,1,1.19526627,0.520343953,71.9649126,60.9719381,1,0.51080898,71.9649126,60.9719381,0.42601655
32840,3284,0.51540078,1,1.16568047,0.513521253,76.4483572,64.6181127,1,0.504526782,76.4483572,64.6181127,0.444531964
32850,3285,0.518343107,1,1.1183432,0.515674803,72.6239819,68.8015579,1,0.494909042,72.6239819,68.8015579,0.436005679
32860,3286,0.515775202,1,1.13609467,0.522751866,68.5848796,64.6512551,1,0.483820966,68.5848796,64.6512551,0.445485974
32870,3287,0.519466755,1,1.17159763,0.520372116,73.1657034,61.0770766,1,0.571590611,73.1657034,61.0770766,0.446940278
32880,3288,0.532198912,1,1.16568047,0.517952733,76.0384171,66.2648652,1,0.665109365,76.0384171,66.2648652,0.45615861
32890,3289,0.534854342,1,1.21893491,0.515806941,70.5016924,68.2562766,1,0.552213452,70.5016924,68.2562766,0.452612662
32900,3290,0.528736735,1,1.24260355,0.509577483,68.9596824,62.7571617,1,0.535864131,68.9596824,62.7571617,0.439324783
32910,3291,0.526362332,1,1.22485207,0.516598798,74.4801559,61.6228556,1,0.510818407,74.4801559,61.6228556,0.433523326
32920,3292,0.516674118,1,1.15384615,0.517535951,75.5000496,67.404472,1,0.494919018,75.5000496,67.404472,0.451606406
32930,3293,0.515862151,1,1.14792899,0.51754758,69.7079051,68.2122376,1,0.488135417,69.7079051,68.2122376,0.4498614
32940,3294,0.515635046,1,1.14792899,0.517600156,69.4231302,62.3165522,1,0.545181052,69.4231302,62.3165522,0.454042999
32950,3295,0.523090545,1,1.17751479,0.517258802,75.3954035,62.8104568,1,0.616515882,75.3954035,62.8104568,0.460973955
32960,3296,0.515135701,1,1.11242604,0.509493595,74.5604614,68.4075032,1,0.6296868,74.5604614,68.4075032,0.435306169
32970,3297,0.539148448,1,1.23076923,0.517204241,69.1856705,66.5910185,1,0.560529279,69.1856705,66.5910185,0.436418959
32980,3298,0.526255972,1,1.21301775,0.512645017,71.2917705,61.3529452,1,0.512960176,71.2917705,61.3529452,0.434278757
32990,3299,0.527086589,1,1.17751479,0.519311276,76.3259828,63.7178883,1,0.514128455,76.3259828,63.7178883,0.427848955
33000,3300,0.520227327,1,1.12426036,0.516826905,73.9439214,68.9032309,1,0.495201358,73.9439214,68.9032309,0.438947064
33010,3301,0.517033402,1,1.15976331,0.520425561,68.841214,66.2188518,1,0.483834239,68.841214,66.2188518,0.443516835
33020,3302,0.513368534,1,1.15976331,0.519372537,71.8394523,61.2033667,1,0.518849875,71.8394523,61.2033667,0.449487048
33030,3303,0.521044091,1,1.15976331,0.519956674,76.4215587,64.8934988,1,0.610433043,76.4215587,64.8934988,0.45255863
33040,3304,0.534996509,1,1.15976331,0.511536152,71.8228306,68.7557046,1,0.613761448,71.8228306,68.7557046,0.461954516
33050,3305,0.527180865,1,1.21301775,0.51065413,68.7172018,63.8200208,1,0.551545471,68.7172018,63.8200208,0.448573705
33060,3306,0.525435324,1,1.20118343,0.518289114,73.7087161,61.1516973,1,0.499045629,73.7087161,61.1516973,0.435381666
33070,3307,0.520032126,1,1.15384615,0.511236543,76.4804516,66.0682253,1,0.517586213,76.4804516,66.0682253,0.43415404
33080,3308,0.521771047,1,1.17159763,0.521476793,71.3502057,68.4292882,1,0.493635621,71.3502057,68.4292882,0.434421608
33090,3309,0.504509611,1,1.1183432,0.512998634,68.9017998,63.0357395,1,0.466739507,68.9017998,63.0357395,0.455635711
33100,3310,0.510523434,1,1.15976331,0.522966009,74.1653523,61.2609851,1,0.523245031,74.1653523,61.2609851,0.427284941
33110,3311,0.525681598,1,1.12426036,0.516468012,75.2006148,67.090293,1,0.651447496,75.2006148,67.090293,0.455424888
33120,3312,0.525482707,1,1.20118343,0.510198033,69.2105461,66.7175633,1,0.558573369,69.2105461,66.7175633,0.461665692
33130,3313,0.516755901,1,1.21301775,0.507980024,70.3023583,60.9852856,1,0.501415229,70.3023583,60.9852856,0.448871437
33140,3314,0.525986729,1,1.20710059,0.51419006,75.7478143,61.9948349,1,0.514633157,75.7478143,61.9948349,0.426019005
33150,3315,0.52333146,1,1.17159763,0.516202665,74.8384276,67.3690845,1,0.512601244,74.8384276,67.3690845,0.419280467
33160,3316,0.514735163,1,1.10059172,0.519315669,69.3834666,66.199349,1,0.464850457,69.3834666,66.199349,0.429151364
33170,3317,0.522934147,1,1.15976331,0.524300065,71.0281626,60.7750024,1,0.535118305,71.0281626,60.7750024,0.436015862
33180,3318,0.523193323,1,1.18934911,0.513728397,76.5349722,63.2451299,1,0.615713628,76.5349722,63.2451299,0.464264269
33190,3319,0.535022855,1,1.18934911,0.513533644,73.1553088,68.1203273,1,0.660977862,73.1553088,68.1203273,0.456314498
33200,3320,0.533039751,1,1.21301775,0.507780504,68.6459583,64.5254774,1,0.601386816,68.6459583,64.5254774,0.44360804
33210,3321,0.527860712,1,1.18934911,0.511798646,72.5973506,60.5501555,1,0.516014304,72.5973506,60.5501555,0.431158384
33220,3322,0.520030505,1,1.17159763,0.516588403,76.4420625,64.6921684,1,0.506586475,76.4420625,64.6921684,0.434721438
33230,3323,0.522411264,1,1.18343195,0.521290098,72.3522111,68.4895829,1,0.497117686,72.3522111,68.4895829,0.429305486
33240,3324,0.510571138,1,1.11242604,0.516214345,68.518547,64.0707276,1,0.483460937,68.518547,64.0707276,0.45000501
33250,3325,0.518729869,1,1.20118343,0.520849283,73.5185327,61.0463538,1,0.577397384,73.5185327,61.0463538,0.449501326
33260,3326,0.519144782,1,1.13609467,0.508500757,75.902792,66.6157361,1,0.662072282,75.902792,66.6157361,0.466021252
33270,3327,0.536640469,1,1.18934911,0.512730577,70.3297716,68.062708,1,0.624466408,70.3297716,68.062708,0.442907851
33280,3328,0.538146133,1,1.17751479,0.508977741,69.0339848,62.6117644,1,0.632027746,69.0339848,62.6117644,0.430987918
33290,3329,0.536655883,1,1.20118343,0.520498174,74.4713504,61.851823,1,0.509537142,74.4713504,61.851823,0.422324194
33300,3330,0.524140055,1,1.18343195,0.520504903,75.2478344,67.4075814,1,0.507248553,75.2478344,67.4075814,0.431519808
33310,3331,0.519971541,1,1.15976331,0.519001099,69.4283242,67.8084361,1,0.50765753,69.4283242,67.8084361,0.44871535
33320,3332,0.505079791,1,1.11242604,0.508723547,69.3566276,61.6601221,1,0.511221734,69.3566276,61.6601221,0.472979386
33330,3333,0.510733326,1,1.14792899,0.511350244,75.2283312,61.9918465,1,0.533101144,75.2283312,61.9918465,0.452389743
33340,3334,0.509738875,1,1.13017751,0.515730486,74.599215,67.6621834,1,0.555615455,74.599215,67.6621834,0.438856145
33350,3335,0.527413474,1,1.12426036,0.514908607,69.1770313,66.3263743,1,0.655508755,69.1770313,66.3263743,0.429561924
33360,3336,0.537601176,1,1.22485207,0.516420122,71.2122254,61.2127068,1,0.547547867,71.2122254,61.2127068,0.423367801
33370,3337,0.520928352,1,1.16568047,0.517400122,76.1887411,63.8477232,1,0.512810896,76.1887411,63.8477232,0.433159714
33380,3338,0.5070178,1,1.15384615,0.507852935,73.1731009,69.0434951,1,0.509468147,73.1731009,69.0434951,0.462115865
33390,3339,0.505215644,1,1.1183432,0.50639428,68.0881235,65.7475915,1,0.496311477,68.0881235,65.7475915,0.466130837
33400,3340,0.511460882,1,1.09467456,0.513243695,71.1976619,60.8254572,1,0.46195791,71.1976619,60.8254572,0.447852438
33410,3341,0.518118164,1,1.14201183,0.523577347,75.764423,64.0766308,1,0.529682469,75.764423,64.0766308,0.431218425
33420,3342,0.513103804,1,1.14792899,0.519453059,72.1457099,68.5395748,1,0.56651859,72.1457099,68.5395748,0.441976147
33430,3343,0.53709504,1,1.15384615,0.513079082,68.4536179,63.8559032,1,0.642033543,68.4536179,63.8559032,0.458762957
33440,3344,0.52426512,1,1.26035503,0.512937469,73.5896754,61.063241,1,0.508466086,73.5896754,61.063241,0.449707657
33450,3345,0.52140946,1,1.20118343,0.512553716,76.0765995,66.2656608,1,0.51805918,76.0765995,66.2656608,0.443559857
33460,3346,0.518412291,1,1.20118343,0.515651447,70.8048796,68.6442037,1,0.506425182,70.8048796,68.6442037,0.444882121
33470,3347,0.523853991,1,1.17159763,0.520047181,68.58906,63.5782846,1,0.498835049,68.58906,63.5782846,0.425332399
33480,3348,0.516069829,1,1.10059172,0.516669034,74.195511,61.6501556,1,0.516220976,74.195511,61.6501556,0.456057025
33490,3349,0.503648517,1,1.13609467,0.512331461,75.8076467,67.3842148,1,0.513958374,75.8076467,67.3842148,0.458182778
33500,3350,0.523036904,1,1.13609467,0.51758387,70.0737047,68.1515857,1,0.616440474,70.0737047,68.1515857,0.44500481
33510,3351,0.5347613,1,1.18934911,0.513294076,70.3420549,62.222572,1,0.604955322,70.3420549,62.222572,0.456544881
33520,3352,0.525647066,1,1.24852071,0.510561255,75.9185194,63.2076484,1,0.513700954,75.9185194,63.2076484,0.435600189
33530,3353,0.515681833,1,1.16568047,0.511962129,74.3949566,68.7815024,1,0.518126084,74.3949566,68.7815024,0.444486885
33540,3354,0.50403315,1,1.13609467,0.507410252,68.5562256,66.9540973,1,0.496348581,68.5562256,66.9540973,0.470617048
33550,3355,0.514620082,1,1.07692308,0.513046594,70.2285172,61.5458139,1,0.47106104,70.2285172,61.5458139,0.435455879
33560,3356,0.510132992,1,1.1183432,0.519283305,75.5416242,63.4682766,1,0.487438682,75.5416242,63.4682766,0.434632192
33570,3357,0.515914067,1,1.17159763,0.522595135,73.1476916,68.621461,1,0.560437146,73.1476916,68.621461,0.437084364
33580,3358,0.538329137,1,1.17751479,0.517978385,68.3281256,65.3170834,1,0.663983454,68.3281256,65.3170834,0.449504185
33590,3359,0.529377067,1,1.24260355,0.508474547,72.3976352,61.0571228,1,0.528507914,72.3976352,61.0571228,0.453181861
33600,3360,0.520543707,1,1.22485207,0.50942419,76.1880999,65.3952506,1,0.5033706,76.1880999,65.3952506,0.443139514
33610,3361,0.523865209,1,1.20710059,0.514998563,72.0192001,68.9138532,1,0.516979771,72.0192001,68.9138532,0.419638402
33620,3362,0.514944564,1,1.13017751,0.515102081,68.4684877,64.2063005,1,0.500993205,68.4684877,64.2063005,0.453576265
33630,3363,0.511304261,1,1.12426036,0.51226109,73.543937,60.9907605,1,0.520517398,73.543937,60.9907605,0.462178299
33640,3364,0.505718231,1,1.17159763,0.511695667,76.2547712,66.376577,1,0.556651894,76.2547712,66.376577,0.463812611
33650,3365,0.523890626,1,1.15976331,0.515542315,70.9887188,68.4326224,1,0.626807196,70.9887188,68.4326224,0.434861267
33660,3366,0.535804728,1,1.17159763,0.513838975,69.6140461,62.8205302,1,0.648521586,69.6140461,62.8205302,0.444461671
33670,3367,0.537925051,1,1.28994083,0.516232268,75.0930367,62.0141529,1,0.537352609,75.0930367,62.0141529,0.426000962
33680,3368,0.522915839,1,1.18343195,0.515978133,75.4615224,67.674865,1,0.524290007,75.4615224,67.674865,0.436360981
33690,3369,0.517045997,1,1.17751479,0.51859268,69.6118242,67.8003352,1,0.498419354,69.6118242,67.8003352,0.450080281
33700,3370,0.511889234,1,1.10059172,0.509905524,69.5568586,61.927436,1,0.506963882,69.5568586,61.927436,0.451781263
33710,3371,0.518598517,1,1.16568047,0.518520746,75.3560198,62.5790346,1,0.521453965,75.3560198,62.5790346,0.448896419
33720,3372,0.508089995,1,1.17751479,0.51273093,74.5050573,68.4749003,1,0.523595644,74.5050573,68.4749003,0.458227672
33730,3373,0.521186091,1,1.17159763,0.518214617,69.0173945,66.9757636,1,0.619114911,69.0173945,66.9757636,0.437595997
33740,3374,0.536297197,1,1.17159763,0.514261286,71.3242479,61.7485174,1,0.66116835,71.3242479,61.7485174,0.439510721
33750,3375,0.534415767,1,1.20710059,0.517253074,76.0326829,64.6265887,1,0.51481945,76.0326829,64.6265887,0.424491721
33760,3376,0.516844335,1,1.21301775,0.513016442,72.7570562,69.3809603,1,0.514019696,72.7570562,69.3809603,0.444118563
33770,3377,0.514809152,1,1.13609467,0.511105606,68.1727518,65.8634501,1,0.502300372,68.1727518,65.8634501,0.444484441
33780,3378,0.516624847,1,1.13017751,0.518942818,71.8543011,61.3974174,1,0.476077984,71.8543011,61.3974174,0.44521953
33790,3379,0.51465784,1,1.13017751,0.519274815,76.1003501,65.0056559,1,0.483131448,76.1003501,65.0056559,0.428623208
33800,3380,0.521891981,1,1.20118343,0.524024944,71.9263715,68.9469151,1,0.574359879,71.9263715,68.9469151,0.441592205
33810,3381,0.528570847,1,1.14201183,0.516287611,68.3895542,64.2844063,1,0.651070687,68.3895542,64.2844063,0.45016805
33820,3382,0.537439825,1,1.23668639,0.517198871,73.6314656,61.7030215,1,0.560688582,73.6314656,61.7030215,0.449465051
33830,3383,0.522043099,1,1.21301775,0.51137827,75.6573064,67.2368701,1,0.511152098,75.6573064,67.2368701,0.453308103
33840,3384,0.518891198,1,1.17751479,0.512242162,70.1572499,68.9308842,1,0.510027745,70.1572499,68.9308842,0.442694183
33850,3385,0.519103521,1,1.15384615,0.518670695,68.6769555,63.436999,1,0.503425075,68.6769555,63.436999,0.437678426
33860,3386,0.517057806,1,1.10059172,0.517448192,74.3053689,62.0831419,1,0.490767924,74.3053689,62.0831419,0.445304012
33870,3387,0.51710234,1,1.16568047,0.519413123,75.0634785,67.9378564,1,0.546671524,75.0634785,67.9378564,0.454122549
33880,3388,0.513413739,1,1.14792899,0.515111115,69.2339364,68.3548009,1,0.572954961,69.2339364,68.3548009,0.449571817
33890,3389,0.540253798,1,1.17159763,0.519484111,70.0562203,62.5625743,1,0.655647328,70.0562203,62.5625743,0.450023274
33900,3390,0.535713657,1,1.24260355,0.512635489,75.572601,63.8343999,1,0.574219751,75.572601,63.8343999,0.435468848
33910,3391,0.529167629,1,1.23076923,0.520343501,73.8380571,69.1479747,1,0.509357607,73.8380571,69.1479747,0.42996298
33920,3392,0.523493391,1,1.18343195,0.516912324,68.4913475,67.3733581,1,0.514729344,68.4913475,67.3733581,0.433347825
33930,3393,0.514406043,1,1.14201183,0.514405999,70.7232317,61.9437926,1,0.499500005,70.7232317,61.9437926,0.451568525
33940,3394,0.511018372,1,1.10650888,0.515472825,76.0360362,64.4656592,1,0.496287831,76.0360362,64.4656592,0.452381619
33950,3395,0.516929878,1,1.15976331,0.520591253,73.2595492,69.577093,1,0.542714551,73.2595492,69.577093,0.447449285
33960,3396,0.516498207,1,1.15384615,0.512649749,68.4290451,66.1292234,1,0.60566986,68.4290451,66.1292234,0.456521285
33970,3397,0.535566625,1,1.20710059,0.512227188,72.8411521,62.125898,1,0.599829793,72.8411521,62.125898,0.458278887
33980,3398,0.526441381,1,1.23076923,0.512442827,76.2287854,66.8611045,1,0.530448607,76.2287854,66.8611045,0.44786304
33990,3399,0.527655072,1,1.26035503,0.515206646,71.6566995,70.013511,1,0.51393989,71.6566995,70.013511,0.427194202
34000,3400,0.524744131,1,1.16568047,0.519108636,68.5567421,65.4170084,1,0.506783996,68.5567421,65.4170084,0.426472891
34010,3401,0.515001104,1,1.11242604,0.514779219,73.4754701,62.3969575,1,0.486835882,73.4754701,62.3969575,0.443990724
34020,3402,0.515121163,1,1.1183432,0.518559159,76.157734,67.6285591,1,0.501799446,76.157734,67.6285591,0.452240932
34030,3403,0.512598144,1,1.15384615,0.515718091,70.6055533,69.7918,1,0.57260132,70.6055533,69.7918,0.458362932
34040,3404,0.528419272,1,1.15976331,0.513981219,69.6350878,63.8248229,1,0.661591646,69.6350878,63.8248229,0.465029229
34050,3405,0.530815182,1,1.20710059,0.511043613,75.3926256,63.7548915,1,0.548111095,75.3926256,63.7548915,0.44292019
34060,3406,0.531782897,1,1.22485207,0.513011441,75.1159292,69.3579324,1,0.522783795,75.1159292,69.3579324,0.431528369
34070,3407,0.520171339,1,1.18343195,0.514725232,69.4597438,68.795449,1,0.506765912,69.4597438,68.795449,0.437237301
34080,3408,0.518119912,1,1.15384615,0.515598181,70.1758,63.2183445,1,0.492630025,70.1758,63.2183445,0.43252958
34090,3409,0.511366975,1,1.14201183,0.512400143,75.9816219,64.4837916,1,0.505001262,75.9816219,64.4837916,0.457087024
34100,3410,0.508136793,1,1.17751479,0.510797924,74.3148877,70.1279913,1,0.529354291,74.3148877,70.1279913,0.452703858
34110,3411,0.526822737,1,1.14201183,0.52120842,69.1114024,67.8205305,1,0.618485168,69.1114024,67.8205305,0.437858116
34120,3412,0.537760767,1,1.17159763,0.516070483,72.0585137,62.8070166,1,0.650430467,72.0585137,62.8070166,0.447351085
34130,3413,0.527230592,1,1.20710059,0.511198719,76.4833903,66.4228697,1,0.519312413,76.4833903,66.4228697,0.439566265
34140,3414,0.51809918,1,1.18343195,0.51322591,72.4642313,70.5809116,1,0.50815196,72.4642313,70.5809116,0.444845239
34150,3415,0.522443189,1,1.17751479,0.518339423,68.4926439,66.5868219,1,0.507662699,68.4926439,66.5868219,0.433277448
34160,3416,0.513080953,1,1.14792899,0.515796097,72.537668,62.4952329,1,0.483256296,72.537668,62.4952329,0.442580661
34170,3417,0.521042096,1,1.17751479,0.524105529,76.0946968,66.7623775,1,0.523806511,76.0946968,66.7623775,0.42732813
34180,3418,0.511845509,1,1.16568047,0.512571106,71.0679519,70.0968939,1,0.596513031,71.0679519,70.0968939,0.464013645
34190,3419,0.536126746,1,1.15384615,0.51522283,68.6732864,64.7304747,1,0.661614518,68.6732864,64.7304747,0.452036009
34200,3420,0.534266405,1,1.15384615,0.511243371,73.9247023,62.7531501,1,0.663194923,73.9247023,62.7531501,0.431641847
34210,3421,0.541599485,1,1.23668639,0.518886257,75.313164,68.1552299,1,0.531371965,75.313164,68.1552299,0.429050782
34220,3422,0.528530878,1,1.20710059,0.520393058,69.897792,69.4455357,1,0.515656967,69.897792,69.4455357,0.42822838
34230,3423,0.522563535,1,1.17751479,0.520240539,68.875087,63.8109852,1,0.500693104,68.875087,63.8109852,0.440508613
34240,3424,0.507323131,1,1.11242604,0.510436561,74.8864346,63.0248254,1,0.513904933,74.8864346,63.0248254,0.466348951
34250,3425,0.503873275,1,1.0887574,0.50748433,75.3251408,69.0133025,1,0.510609113,75.3251408,69.0133025,0.461886539
34260,3426,0.507053887,1,1.14792899,0.514277772,69.5831838,69.1164761,1,0.526064394,69.5831838,69.1164761,0.441760301
34270,3427,0.517221229,1,1.15384615,0.520202658,69.9808776,63.6199481,1,0.594133249,69.9808776,63.6199481,0.423915114
34280,3428,0.539600615,1,1.19526627,0.516205241,75.5171526,64.8305061,1,0.650322167,75.5171526,64.8305061,0.435929204
34290,3429,0.526741003,1,1.19526627,0.516781173,73.4182856,70.0265434,1,0.507615718,73.4182856,70.0265434,0.431071642
34300,3430,0.512782663,1,1.20118343,0.509845658,68.0569815,67.6101893,1,0.510790195,68.0569815,67.6101893,0.452359683
34310,3431,0.512482302,1,1.18934911,0.512508149,70.7539876,62.3610333,1,0.501427974,70.7539876,62.3610333,0.453960091
34320,3432,0.516442356,1,1.12426036,0.516604781,75.823451,64.9299728,1,0.480177224,75.823451,64.9299728,0.437170224
34330,3433,0.518157036,1,1.13017751,0.520806767,72.98483,69.9071071,1,0.50033456,72.98483,69.9071071,0.44074732
34340,3434,0.525561829,1,1.17751479,0.522263496,68.2268663,66.402333,1,0.602050763,68.2268663,66.402333,0.454573471
34350,3435,0.540325614,1,1.21301775,0.520017077,72.5260792,62.3027232,1,0.64835294,72.5260792,62.3027232,0.456964721
34360,3436,0.531028228,1,1.21301775,0.512272841,76.0222252,67.0705186,1,0.560924209,76.0222252,67.0705186,0.454789824
34370,3437,0.526538795,1,1.21301775,0.513251671,71.098184,70.1362109,1,0.527811404,71.098184,70.1362109,0.446184682
34380,3438,0.52544956,1,1.20710059,0.515019932,68.2285465,65.3470236,1,0.495499209,68.2285465,65.3470236,0.429470118
34390,3439,0.5286822,1,1.15384615,0.521091005,72.8314049,62.6148965,1,0.51337107,72.8314049,62.6148965,0.411742032
34400,3440,0.516566112,1,1.13017751,0.516112952,75.4848019,67.802667,1,0.493643995,75.4848019,67.802667,0.448227794
34410,3441,0.504366741,1,1.0887574,0.511543571,69.9702009,70.1742702,1,0.486889637,69.9702009,70.1742702,0.461764857
34420,3442,0.51389959,1,1.18343195,0.519403979,68.2423387,64.6613594,1,0.55488327,68.2423387,64.6613594,0.444411008
34430,3443,0.53240517,1,1.15384615,0.516848775,74.1695998,63.9606592,1,0.661463031,74.1695998,63.9606592,0.459118045
34440,3444,0.52529066,1,1.21301775,0.507665862,73.8689078,69.7414361,1,0.531586551,73.8689078,69.7414361,0.445276308
34450,3445,0.518828384,1,1.22485207,0.513023842,68.1530377,68.8354622,1,0.513225156,68.1530377,68.8354622,0.445171061
34460,3446,0.517368029,1,1.19526627,0.510238766,69.2047885,63.1613476,1,0.504515244,69.2047885,63.1613476,0.443905189
34470,3447,0.517333465,1,1.1183432,0.515676628,74.7221631,64.3538046,1,0.480075237,74.7221631,64.3538046,0.434212724
34480,3448,0.512882964,1,1.09467456,0.517053817,73.4454184,69.8784366,1,0.472294904,73.4454184,69.8784366,0.436172401
34490,3449,0.514077309,1,1.15384615,0.520775197,68.0428151,68.1838138,1,0.522493405,68.0428151,68.1838138,0.435549498
34500,3450,0.525185729,1,1.13609467,0.521127657,70.4217371,62.984242,1,0.624195801,70.4217371,62.984242,0.439841399
34510,3451,0.538905545,1,1.22485207,0.519446928,75.1443853,66.2722859,1,0.583408138,75.1443853,66.2722859,0.442656314
34520,3452,0.521953504,1,1.19526627,0.508960563,71.2947462,70.6244445,1,0.515217676,71.2947462,70.6244445,0.446955554
34530,3453,0.521950659,1,1.19526627,0.512230271,67.2407616,66.5475896,1,0.512266251,67.2407616,66.5475896,0.442261114
34540,3454,0.519967785,1,1.15976331,0.51614075,71.4311436,62.5775771,1,0.503336594,71.4311436,62.5775771,0.444028763
34550,3455,0.514825937,1,1.15976331,0.51677621,75.2912416,66.449016,1,0.487939081,75.2912416,66.449016,0.420540619
34560,3456,0.518882736,1,1.17751479,0.523617311,70.9718663,69.9671928,1,0.508299671,70.9718663,69.9671928,0.428528307
34570,3457,0.506314194,1,1.15384615,0.510098096,67.5032686,65.0511592,1,0.538466372,67.5032686,65.0511592,0.462809509
34580,3458,0.539717359,1,1.16568047,0.520898884,73.0075002,62.9067851,1,0.659203328,73.0075002,62.9067851,0.454399308
34590,3459,0.532911329,1,1.22485207,0.512516092,74.4603486,68.5721586,1,0.575633017,74.4603486,68.5721586,0.44989956
34600,3460,0.528942918,1,1.23668639,0.510850157,68.8713217,69.5660857,1,0.527853057,68.8713217,69.5660857,0.436670517
34610,3461,0.521922055,1,1.16568047,0.516830841,68.1755781,63.9305575,1,0.504764967,68.1755781,63.9305575,0.436793297
34620,3462,0.522045048,1,1.15384615,0.514003433,73.7511167,63.272086,1,0.516722504,73.7511167,63.272086,0.431868206
34630,3463,0.521242366,1,1.15976331,0.522302735,74.0765573,68.9192684,1,0.493210564,74.0765573,68.9192684,0.435119385
34640,3464,0.510885795,1,1.1183432,0.515672558,68.1138903,69.0681563,1,0.49349374,68.1138903,69.0681563,0.458809662
34650,3465,0.52185947,1,1.21893491,0.521117544,68.7518117,63.3069823,1,0.581840022,68.7518117,63.3069823,0.445875704
34660,3466,0.538707265,1,1.18934911,0.519091397,74.4632649,64.8851988,1,0.660646428,74.4632649,64.8851988,0.455807144
34670,3467,0.535585835,1,1.21301775,0.51338448,72.2456669,70.2552804,1,0.581773274,72.2456669,70.2552804,0.446919217
34680,3468,0.531054863,1,1.26035503,0.513217859,67.171822,67.6816471,1,0.516123354,67.171822,67.6816471,0.437634109
34690,3469,0.520007627,1,1.19526627,0.515918728,70.1834525,62.765361,1,0.508846997,70.1834525,62.765361,0.443491976
34700,3470,0.519539485,1,1.14792899,0.515465096,75.0019252,65.5931313,1,0.503995239,75.0019252,65.5931313,0.429765061
34710,3471,0.516823489,1,1.14792899,0.521812981,71.8443361,70.3720551,1,0.475920115,71.8443361,70.3720551,0.4406053
34720,3472,0.51276804,1,1.15384615,0.517111389,67.1651443,66.9151228,1,0.517222636,67.1651443,66.9151228,0.44751263
34730,3473,0.525893223,1,1.19526627,0.520320032,71.3909248,62.8251628,1,0.619789459,71.3909248,62.8251628,0.452376985
34740,3474,0.5393926,1,1.18343195,0.516018965,74.8097016,67.5625221,1,0.644329655,74.8097016,67.5625221,0.449395441
34750,3475,0.539375431,1,1.22485207,0.515215881,69.9797898,70.4845426,1,0.597257569,69.9797898,70.4845426,0.43423232
34760,3476,0.529431767,1,1.23668639,0.511190759,67.4234617,65.4405113,1,0.51676705,67.4234617,65.4405113,0.434986668
34770,3477,0.518062627,1,1.16568047,0.514941246,72.7837854,63.2100505,1,0.490298025,72.7837854,63.2100505,0.446604714
34780,3478,0.515446333,1,1.15976331,0.512775914,75.0720224,68.5122653,1,0.493875679,75.0720224,68.5122653,0.444223344
34790,3479,0.516578975,1,1.09467456,0.519238341,69.8136902,70.4244173,1,0.481639848,69.8136902,70.4244173,0.430400822
34800,3480,0.512068069,1,1.15976331,0.518409999,68.2051287,64.7980869,1,0.516639272,68.2051287,64.7980869,0.450135187
34810,3481,0.524199314,1,1.18343195,0.51850797,74.0329305,64.0709056,1,0.622040634,74.0329305,64.0709056,0.451768823
34820,3482,0.531849014,1,1.15384615,0.51172905,73.8180779,69.984484,1,0.638971859,73.8180779,69.984484,0.455190778
34830,3483,0.539293668,1,1.23076923,0.52063013,68.3864998,69.1033436,1,0.550105544,68.3864998,69.1033436,0.423275818
34840,3484,0.532200653,1,1.23668639,0.512850328,69.2811857,63.4887493,1,0.527641836,69.2811857,63.4887493,0.43734089
34850,3485,0.526003932,1,1.17159763,0.520480762,74.7079875,64.7536511,1,0.510788867,74.7079875,64.7536511,0.428635888
34860,3486,0.518125359,1,1.17159763,0.517869481,73.3859907,70.3257835,1,0.499570635,73.3859907,70.3257835,0.440523734
34870,3487,0.512802914,1,1.12426036,0.517019242,67.7919926,68.5735363,1,0.502871845,67.7919926,68.5735363,0.450924002
34880,3488,0.51465523,1,1.17159763,0.512762239,70.2699326,63.1367362,1,0.55952791,70.2699326,63.1367362,0.45960481
34890,3489,0.518438946,1,1.15384615,0.516940579,75.26919,66.0478286,1,0.610390461,75.26919,66.0478286,0.445005377
34900,3490,0.544049511,1,1.18343195,0.518786805,71.5963333,70.5108201,1,0.625538746,71.5963333,70.5108201,0.444613849
34910,3491,0.533109883,1,1.22485207,0.51676418,67.7223618,66.4236854,1,0.521425495,67.7223618,66.4236854,0.433182289
34920,3492,0.519759872,1,1.18343195,0.511893176,72.0235057,62.7156948,1,0.520386093,72.0235057,62.7156948,0.436832554
34930,3493,0.519305741,1,1.14792899,0.517799949,75.5103526,67.293675,1,0.505923305,75.5103526,67.293675,0.442665433
34940,3494,0.517215389,1,1.14792899,0.516294312,70.8108093,70.7562739,1,0.490172533,70.8108093,70.7562739,0.449031161
34950,3495,0.507940309,1,1.10650888,0.515645634,67.5974658,65.8198073,1,0.475016592,67.5974658,65.8198073,0.453091149
34960,3496,0.521561378,1,1.18343195,0.523327781,72.7339981,63.338194,1,0.58419472,72.7339981,63.338194,0.438814764
34970,3497,0.520217894,1,1.10650888,0.510200051,74.7142729,68.9181811,1,0.649947329,74.7142729,68.9181811,0.455458313
34980,3498,0.536694044,1,1.21893491,0.517131328,69.0461831,69.8848774,1,0.558304298,69.0461831,69.8848774,0.44230263
34990,3499,0.534805391,1,1.21893491,0.512237901,68.328627,64.38913,1,0.540312064,68.328627,64.38913,0.426337971
35000,3500,0.527342921,1,1.18934911,0.521496466,73.8942225,64.0690661,1,0.501687488,73.8942225,64.0690661,0.428830074
35010,3501,0.518870677,1,1.15976331,0.515551282,74.1827379,69.9162848,1,0.507489968,74.1827379,69.9162848,0.450333256
35020,3502,0.515644438,1,1.13017751,0.517666533,68.343308,69.8274308,1,0.501236149,68.343308,69.8274308,0.44923891
35030,3503,0.508942202,1,1.11242604,0.511403,68.9591342,63.815088,1,0.537093455,68.9591342,63.815088,0.464907627
35040,3504,0.517788573,1,1.17751479,0.513351199,74.721135,65.1226582,1,0.592874386,74.721135,65.1226582,0.454500132
35050,3505,0.530370573,1,1.17751479,0.514349753,72.9571702,70.5337301,1,0.659548627,72.9571702,70.5337301,0.437794843
35060,3506,0.539958274,1,1.22485207,0.518169999,67.8804198,67.9654357,1,0.573045291,67.8804198,67.9654357,0.437647899
35070,3507,0.53260338,1,1.21301775,0.514236051,70.6925273,63.1596775,1,0.517966423,70.6925273,63.1596775,0.428312089
35080,3508,0.525816998,1,1.19526627,0.522298326,75.2705087,66.4135323,1,0.509075049,75.2705087,66.4135323,0.432041288
35090,3509,0.518921204,1,1.17159763,0.515938048,72.0387133,71.0993417,1,0.499315448,72.0387133,71.0993417,0.43786269
35100,3510,0.50839931,1,1.10059172,0.514803926,67.3958651,67.3760321,1,0.491686754,67.3958651,67.3760321,0.45779943
35110,3511,0.516368063,1,1.14201183,0.517808004,71.2141248,63.1402537,1,0.522432636,71.2141248,63.1402537,0.438670165
35120,3512,0.514455374,1,1.18934911,0.517742026,75.1911958,67.3795596,1,0.570835861,75.1911958,67.3795596,0.447139547
35130,3513,0.535974504,1,1.15976331,0.518007757,70.425264,70.6913367,1,0.666653218,70.425264,70.6913367,0.446432098
35140,3514,0.536045797,1,1.23076923,0.515293959,67.8903102,65.5926106,1,0.575426553,67.8903102,65.5926106,0.438009207
35150,3515,0.524720781,1,1.20118343,0.517733085,73.2001601,63.621955,1,0.509779865,73.2001601,63.621955,0.435672575
35160,3516,0.519768157,1,1.16568047,0.511918659,75.1103956,69.0594992,1,0.511189064,75.1103956,69.0594992,0.443332502
35170,3517,0.517401446,1,1.16568047,0.516993671,69.5150088,70.6886022,1,0.500749505,69.5150088,70.6886022,0.448286221
35180,3518,0.513043534,1,1.10650888,0.512547126,67.935006,65.0812308,1,0.479978108,67.935006,65.0812308,0.448132366
35190,3519,0.519740412,1,1.15976331,0.521042592,73.702441,64.2386023,1,0.546863787,73.702441,64.2386023,0.448358804
35200,3520,0.502949585,1,1.1183432,0.511986041,74.3554758,70.0243369,1,0.538943223,74.3554758,70.0243369,0.447882456
35210,3521,0.527805771,1,1.14792899,0.516571198,68.6422962,69.7075336,1,0.658819725,68.6422962,69.7075336,0.440150499
35220,3522,0.533146747,1,1.26035503,0.514715238,69.8473711,64.1177581,1,0.527380951,69.8473711,64.1177581,0.439861433
35230,3523,0.514022373,1,1.18934911,0.509281434,75.3850737,66.0588503,1,0.509053384,75.3850737,66.0588503,0.451388323
35240,3524,0.508594876,1,1.17751479,0.508625881,73.0615182,71.5395263,1,0.507877533,73.0615182,71.5395263,0.457913451
35250,3525,0.51337772,1,1.14201183,0.511397175,67.7364905,69.2816954,1,0.478355335,67.7364905,69.2816954,0.444916856
35260,3526,0.512963396,1,1.0887574,0.518913082,70.0395317,64.2390317,1,0.473941438,70.0395317,64.2390317,0.426437397
35270,3527,0.508816624,1,1.17159763,0.520971891,75.0329604,66.9363268,1,0.524395419,75.0329604,66.9363268,0.436566289
35280,3528,0.537654261,1,1.20118343,0.522321722,71.4560337,71.495851,1,0.66008411,71.4560337,71.495851,0.445780115
35290,3529,0.534885806,1,1.18934911,0.511184384,67.488276,67.1808691,1,0.591633665,67.488276,67.1808691,0.450917337
35300,3530,0.52959337,1,1.20118343,0.517496523,72.1767874,63.8653169,1,0.512286945,72.1767874,63.8653169,0.441722192
35310,3531,0.523116056,1,1.21893491,0.510582002,75.5497765,68.4547296,1,0.501267168,75.5497765,68.4547296,0.438122438
35320,3532,0.523171549,1,1.17159763,0.515798575,70.8780236,71.4767592,1,0.511226728,70.8780236,71.4767592,0.427998908
35330,3533,0.512185441,1,1.11242604,0.514395737,67.7752197,66.4879334,1,0.482509844,67.7752197,66.4879334,0.451924063
35340,3534,0.511431888,1,1.13017751,0.519988591,72.7311706,63.7618296,1,0.49318632,72.7311706,63.7618296,0.435095654
35350,3535,0.509480953,1,1.15976331,0.51741738,75.1284453,69.0245825,1,0.538669219,75.1284453,69.0245825,0.444848843
35360,3536,0.535697429,1,1.18934911,0.519083672,69.3076085,70.1611073,1,0.6645653,69.3076085,70.1611073,0.456211767
35370,3537,0.528548495,1,1.23668639,0.511840786,69.04458,64.3530959,1,0.53811497,69.04458,64.3530959,0.447228023
35380,3538,0.525317868,1,1.20118343,0.515187499,74.7438889,64.5214799,1,0.510549512,74.7438889,64.5214799,0.438599674
35390,3539,0.52460393,1,1.20118343,0.516743407,74.5626052,70.1828527,1,0.505270043,74.5626052,70.1828527,0.435713425
35400,3540,0.52638641,1,1.17751479,0.52072756,69.0084225,69.9699405,1,0.495998472,69.0084225,69.9699405,0.427558622
35410,3541,0.519287084,1,1.14792899,0.522691382,69.3820838,64.2865163,1,0.472466649,69.3820838,64.2865163,0.438130324
35420,3542,0.517223866,1,1.15976331,0.516284148,75.2056628,65.3766928,1,0.549187157,75.2056628,65.3766928,0.455749314
35430,3543,0.517084736,1,1.21301775,0.511000488,73.296267,71.0645533,1,0.631114209,73.296267,71.0645533,0.461522752
35440,3544,0.536567093,1,1.15976331,0.515458468,68.1093355,68.5398666,1,0.662128515,68.1093355,68.5398666,0.443748827
35450,3545,0.535853097,1,1.22485207,0.513336516,71.0437278,63.6060484,1,0.583081816,71.0437278,63.6060484,0.441576122
35460,3546,0.532109469,1,1.19526627,0.515819472,75.5167773,66.8696998,1,0.517951308,75.5167773,66.8696998,0.425931578
35470,3547,0.524146234,1,1.18934911,0.519127982,72.060225,71.1886254,1,0.513108934,72.060225,71.1886254,0.425523501
35480,3548,0.517320911,1,1.19526627,0.520049243,67.6720024,67.4867307,1,0.511143683,67.6720024,67.4867307,0.441625041
35490,3549,0.507504367,1,1.08284024,0.511403296,71.7948191,63.1431309,1,0.51763357,71.7948191,63.1431309,0.460668907
35500,3550,0.513263205,1,1.17751479,0.511662907,75.5699749,67.840282,1,0.565158117,75.5699749,67.840282,0.463553483
35510,3551,0.525993592,1,1.15976331,0.512930939,70.3698858,70.8263066,1,0.654491382,70.3698858,70.8263066,0.46126446
35520,3552,0.533800029,1,1.17751479,0.512194094,68.2105726,65.4439003,1,0.624519184,68.2105726,65.4439003,0.446106966
35530,3553,0.530644741,1,1.25443787,0.516822573,73.6396586,63.9327282,1,0.512162544,73.6396586,63.9327282,0.433498334
35540,3554,0.524769276,1,1.19526627,0.51272864,74.946453,69.379427,1,0.516731368,74.946453,69.379427,0.430867017
35550,3555,0.525260785,1,1.19526627,0.520083721,69.4319522,70.4320892,1,0.509046346,69.4319522,70.4320892,0.431851783
35560,3556,0.514214169,1,1.13609467,0.516611245,68.4959558,64.5436071,1,0.492074939,68.4959558,64.5436071,0.458646781
35570,3557,0.515045941,1,1.17159763,0.517112579,74.314856,64.0064067,1,0.488924141,74.314856,64.0064067,0.449511135
35580,3558,0.526036749,1,1.17159763,0.519503253,74.121373,69.9374858,1,0.603040268,74.121373,69.9374858,0.456479548
35590,3559,0.529981254,1,1.16568047,0.51472583,68.2766932,69.0013725,1,0.662953267,68.2766932,69.0013725,0.455320882
35600,3560,0.537813959,1,1.19526627,0.512198977,69.8526901,63.4755721,1,0.632328558,69.8526901,63.4755721,0.442011523
35610,3561,0.530409832,1,1.21301775,0.518903112,75.0074416,65.753115,1,0.511088034,75.0074416,65.753115,0.433498667
35620,3562,0.522906105,1,1.20118343,0.514116283,72.8468788,70.944954,1,0.517816078,72.8468788,70.944954,0.432573314
35630,3563,0.519248465,1,1.16568047,0.519077261,67.7386352,68.4224806,1,0.498606336,67.7386352,68.4224806,0.438238976
35640,3564,0.512735269,1,1.13017751,0.516134256,70.2866767,63.2696364,1,0.482105165,70.2866767,63.2696364,0.442186066
35650,3565,0.517209243,1,1.17159763,0.521236399,75.1670741,66.2378729,1,0.512467465,75.1670741,66.2378729,0.43939649
35660,3566,0.528523021,1,1.15976331,0.521141717,71.4901595,70.8274969,1,0.618769194,71.4901595,70.8274969,0.452372767
35670,3567,0.537171157,1,1.20710059,0.517709138,67.4492754,66.5733142,1,0.660504254,67.4492754,66.5733142,0.45134129
35680,3568,0.530442124,1,1.23076923,0.509282808,72.2338149,63.135524,1,0.552559954,72.2338149,63.135524,0.453195228
35690,3569,0.524953431,1,1.22485207,0.512523615,75.1426301,68.1452591,1,0.515837258,75.1426301,68.1452591,0.445614076
35700,3570,0.524151246,1,1.19526627,0.516096069,70.3009611,70.921309,1,0.503946538,70.3009611,70.921309,0.429312177
35710,3571,0.52175456,1,1.15384615,0.520747625,67.6339627,66.0733037,1,0.49581417,67.6339627,66.0733037,0.425628914
35720,3572,0.515421519,1,1.12426036,0.514871431,72.8778117,63.5597882,1,0.501748174,72.8778117,63.5597882,0.447317535
35730,3573,0.512170762,1,1.15384615,0.516397446,74.9271102,69.1967749,1,0.527520462,74.9271102,69.1967749,0.461379735
35740,3574,0.512424291,1,1.12426036,0.512253373,69.150678,70.5818774,1,0.596695528,69.150678,70.5818774,0.456936532
35750,3575,0.533943741,1,1.21301775,0.515059884,69.0512102,64.6930249,1,0.615585205,69.0512102,64.6930249,0.453053268
35760,3576,0.520476586,1,1.19526627,0.512091404,74.7727195,65.3912049,1,0.507180934,74.7727195,65.3912049,0.443380796
35770,3577,0.517532404,1,1.23076923,0.513037887,73.8227903,71.0667806,1,0.507474076,73.8227903,71.0667806,0.442655548
35780,3578,0.518169818,1,1.16568047,0.513634693,68.1986673,70.0946652,1,0.499331036,68.1986673,70.0946652,0.439039888
35790,3579,0.51969639,1,1.16568047,0.517490193,69.2530916,64.6854877,1,0.490909408,69.2530916,64.6854877,0.423922315
35800,3580,0.513992247,1,1.09467456,0.521091359,74.8177869,65.9337349,1,0.482497857,74.8177869,65.9337349,0.438690594
35810,3581,0.517614128,1,1.14792899,0.521639655,72.9596195,71.4343932,1,0.559694159,72.9596195,71.4343932,0.446617979
35820,3582,0.535033036,1,1.16568047,0.519298226,67.8220927,68.556453,1,0.667528823,67.8220927,68.556453,0.452976494
35830,3583,0.538797686,1,1.23668639,0.517887665,71.335439,64.0157936,1,0.548282619,71.335439,64.0157936,0.441629508
35840,3584,0.527080979,1,1.20118343,0.512811322,75.6474259,67.8836956,1,0.523439015,75.6474259,67.8836956,0.445582505
35850,3585,0.521377822,1,1.21893491,0.513173433,71.5590012,71.8969794,1,0.519503441,71.5590012,71.8969794,0.440693796
35860,3586,0.512164934,1,1.12426036,0.512968384,67.6442317,67.4626827,1,0.502132923,67.6442317,67.4626827,0.455007688
35870,3587,0.513619165,1,1.17159763,0.517953182,71.8750224,63.7786342,1,0.488594617,71.8750224,63.7786342,0.431536425
35880,3588,0.509202892,1,1.16568047,0.516513603,75.2705269,68.5827854,1,0.535252992,75.2705269,68.5827854,0.452536048
35890,3589,0.526994688,1,1.17751479,0.516813732,69.8801517,71.0924942,1,0.645797786,69.8801517,71.0924942,0.457383755
35900,3590,0.534168846,1,1.16568047,0.512369844,68.2874243,65.4475985,1,0.635724905,68.2874243,65.4475985,0.451176159
35910,3591,0.529079989,1,1.23076923,0.513721972,73.9880331,64.5415082,1,0.527987154,73.9880331,64.5415082,0.444013036
35920,3592,0.524862057,1,1.18934911,0.512656563,74.66629,70.116999,1,0.521705478,74.66629,70.116999,0.432045709
35930,3593,0.519253058,1,1.14201183,0.51661204,69.0466364,70.4884603,1,0.50962831,69.0466364,70.4884603,0.433224389
35940,3594,0.518341274,1,1.13609467,0.518409059,68.642834,64.810964,1,0.479154125,68.642834,64.810964,0.437833701
35950,3595,0.519071223,1,1.1183432,0.523083717,74.3337409,64.7672453,1,0.495182269,74.3337409,64.7672453,0.437774991
35960,3596,0.523480052,1,1.19526627,0.519764347,73.5994222,70.6220848,1,0.584374065,73.5994222,70.6220848,0.453900714
35970,3597,0.53182183,1,1.18343195,0.514267097,67.9139309,68.9810006,1,0.665654994,67.9139309,68.9810006,0.455199859
35980,3598,0.536268498,1,1.20710059,0.514209764,70.232155,63.7609293,1,0.5886182,70.232155,63.7609293,0.439360128
35990,3599,0.535679638,1,1.23668639,0.515921078,75.1349181,66.3337704,1,0.524009639,75.1349181,66.3337704,0.425910771
36000,3600,0.528580966,1,1.21893491,0.515807865,72.48782,71.2224343,1,0.522749811,72.48782,71.2224343,0.427640861
36010,3601,0.510944894,1,1.17159763,0.515800181,67.6339175,67.9922842,1,0.508659352,67.6339175,67.9922842,0.448496765
36020,3602,0.510205617,1,1.13017751,0.511177562,71.2911952,63.2554196,1,0.524797153,71.2911952,63.2554196,0.460341826
36030,3603,0.503027995,1,1.13017751,0.505900155,75.7907997,67.3250664,1,0.516984051,75.7907997,67.3250664,0.466692156
36040,3604,0.50839937,1,1.17159763,0.51506862,71.6330038,71.2530802,1,0.540180305,71.6330038,71.2530802,0.43998762
36050,3605,0.53637132,1,1.15384615,0.518388368,68.2981215,66.5873073,1,0.664490629,68.2981215,66.5873073,0.441158222
36060,3606,0.538573861,1,1.21301775,0.515530013,73.1493651,63.8751488,1,0.60541839,73.1493651,63.8751488,0.427531575
36070,3607,0.527050969,1,1.21301775,0.51919798,75.3474692,68.9728321,1,0.510541786,75.3474692,68.9728321,0.427030731
36080,3608,0.513174229,1,1.15384615,0.511063362,69.8341418,71.0531962,1,0.519516454,69.8341418,71.0531962,0.453289716
36090,3609,0.510015527,1,1.1183432,0.51124248,68.0903575,65.3312431,1,0.503169396,68.0903575,65.3312431,0.460135887
36100,3610,0.509240395,1,1.11242604,0.510251894,73.691775,63.6183972,1,0.473721587,73.691775,63.6183972,0.450573069
36110,3611,0.515985183,1,1.17159763,0.52175705,74.8876955,69.1542576,1,0.520610333,74.8876955,69.1542576,0.435658906
36120,3612,0.51708219,1,1.13017751,0.517891849,69.0571435,69.7268006,1,0.608188742,69.0571435,69.7268006,0.450661194
36130,3613,0.531381406,1,1.15384615,0.512465069,69.4148556,64.022312,1,0.666841746,69.4148556,64.022312,0.439668699
36140,3614,0.540563991,1,1.25443787,0.521294994,74.8118576,65.0768224,1,0.540060402,74.8118576,65.0768224,0.423004349
36150,3615,0.532553537,1,1.25443787,0.513613016,73.7780951,70.5479791,1,0.52203752,73.7780951,70.5479791,0.428304908
36160,3616,0.528587533,1,1.17751479,0.521861467,68.4680779,69.1092586,1,0.515462531,68.4680779,69.1092586,0.423190191
36170,3617,0.515461712,1,1.13609467,0.518653691,69.9560063,63.4329042,1,0.492165793,69.9560063,63.4329042,0.451394487
36180,3618,0.518248418,1,1.10059172,0.520670931,75.4353602,65.3178795,1,0.511444628,75.4353602,65.3178795,0.445732237
36190,3619,0.515398184,1,1.15976331,0.5135137,72.7460469,70.8057776,1,0.583875457,72.7460469,70.8057776,0.470109085
36200,3620,0.52603463,1,1.14792899,0.515328476,67.8675381,67.3951812,1,0.661088056,67.8675381,67.3951812,0.457883065
36210,3621,0.537510067,1,1.20710059,0.51747484,71.8398388,63.0761604,1,0.60336485,71.8398388,63.0761604,0.451382576
36220,3622,0.532715692,1,1.18934911,0.504741579,75.8157805,67.070043,1,0.578540194,75.8157805,67.070043,0.433502391
36230,3623,0.535499511,1,1.17751479,0.51833539,71.6181454,70.5859181,1,0.516635932,71.6181454,70.5859181,0.42119524
36240,3624,0.516555965,1,1.15384615,0.515269984,68.0501682,65.9682627,1,0.501958558,68.0501682,65.9682627,0.448885558
36250,3625,0.512447055,1,1.12426036,0.514201854,72.8495294,62.5978154,1,0.502598991,72.8495294,62.5978154,0.451124716
36260,3626,0.51451222,1,1.17751479,0.514492375,75.8592432,67.649514,1,0.527855536,75.8592432,67.649514,0.452331471
36270,3627,0.50725709,1,1.15976331,0.510448347,70.3587451,70.1381586,1,0.569301946,70.3587451,70.1381586,0.464406676
36280,3628,0.525104739,1,1.13609467,0.51500471,68.5874056,64.7967604,1,0.631222966,68.5874056,64.7967604,0.432880666
36290,3629,0.538956368,1,1.19526627,0.515452431,74.2137021,63.712865,1,0.619602748,74.2137021,63.712865,0.44075004
36300,3630,0.53414466,1,1.23076923,0.516920169,74.7810907,69.2248681,1,0.523298182,74.7810907,69.2248681,0.426240675
36310,3631,0.518864123,1,1.18343195,0.515106289,68.9722813,69.3002802,1,0.519545892,68.9722813,69.3002802,0.446869142
36320,3632,0.511876654,1,1.17751479,0.511015725,68.9785211,63.3347019,1,0.492925754,68.9785211,63.3347019,0.458890884
36330,3633,0.518446856,1,1.15384615,0.516020189,74.4792275,63.2198228,1,0.474712189,74.4792275,63.2198228,0.423223526
36340,3634,0.511624009,1,1.10650888,0.518399345,74.2948571,68.8580608,1,0.480254693,74.2948571,68.8580608,0.43394243
36350,3635,0.507505825,1,1.17159763,0.517283057,68.6338407,68.2397299,1,0.505084181,68.6338407,68.2397299,0.438052707
36360,3636,0.518857787,1,1.15384615,0.516232108,70.0735408,62.6592577,1,0.634973069,70.0735408,62.6592577,0.443322618
36370,3637,0.541704605,1,1.22485207,0.520296204,75.1446671,65.1065044,1,0.560250062,75.1446671,65.1065044,0.433134565
36380,3638,0.529169021,1,1.18343195,0.515733318,72.2983419,70.0659342,1,0.509516266,72.2983419,70.0659342,0.43985952
36390,3639,0.517267237,1,1.21301775,0.512942533,67.4522254,66.9278116,1,0.513893303,67.4522254,66.9278116,0.444111102
36400,3640,0.518485551,1,1.15384615,0.515326536,70.5968935,62.2957114,1,0.501742067,70.5968935,62.2957114,0.430668185
36410,3641,0.522636598,1,1.13017751,0.522780967,75.0997327,65.6382561,1,0.486541632,75.0997327,65.6382561,0.431374337
36420,3642,0.517824358,1,1.18934911,0.519428446,71.3059425,70.1691034,1,0.531403005,71.3059425,70.1691034,0.454571918
36430,3643,0.53010344,1,1.18934911,0.519571295,67.3722162,65.5847853,1,0.639906474,67.3722162,65.5847853,0.464669987
36440,3644,0.533467551,1,1.17751479,0.513624527,72.4485563,62.4331661,1,0.635684735,72.4485563,62.4331661,0.459623797
36450,3645,0.52836807,1,1.21301775,0.5080021,74.8939362,67.7040276,1,0.555999818,74.8939362,67.7040276,0.446961225
36460,3646,0.529471057,1,1.21893491,0.519390702,69.6387142,69.704306,1,0.511529119,69.6387142,69.704306,0.432540807
36470,3647,0.525487768,1,1.20118343,0.517517671,67.6715525,64.4736092,1,0.508550751,67.6715525,64.4736092,0.429874854
36480,3648,0.52198015,1,1.17159763,0.519959338,73.0252913,62.7646886,1,0.49737246,73.0252913,62.7646886,0.432297626
36490,3649,0.511366499,1,1.1183432,0.518595926,74.4061137,68.5764089,1,0.512735594,74.4061137,68.5764089,0.459500395
36500,3650,0.511959632,1,1.15384615,0.512993249,68.5799048,69.5831619,1,0.546531013,68.5799048,69.5831619,0.454811635
36510,3651,0.535286459,1,1.19526627,0.519137699,68.7603376,63.6208738,1,0.661841145,68.7603376,63.6208738,0.45884751
36520,3652,0.53258165,1,1.15384615,0.509272785,74.5259289,64.2308324,1,0.650939114,74.5259289,64.2308324,0.445982019
36530,3653,0.528677952,1,1.21301775,0.514744151,73.0566521,69.7424471,1,0.518129455,73.0566521,69.7424471,0.438776343
36540,3654,0.521936276,1,1.18934911,0.516157973,67.6350387,68.1221465,1,0.505224137,67.6350387,68.1221465,0.435273606
36550,3655,0.518894462,1,1.16568047,0.516853136,69.3348885,62.6088199,1,0.49611602,69.3348885,62.6088199,0.443801888
36560,3656,0.517211468,1,1.13017751,0.514994485,74.7440098,64.499672,1,0.488264669,74.7440098,64.499672,0.440776049
36570,3657,0.516896474,1,1.14201183,0.5215289,72.3990923,69.8413806,1,0.508902169,72.3990923,69.8413806,0.448749007
36580,3658,0.52559805,1,1.17751479,0.521837328,67.2320005,66.9742975,1,0.602225312,67.2320005,66.9742975,0.454556179
36590,3659,0.538238913,1,1.17751479,0.517544,70.9018076,62.2713262,1,0.663672937,70.9018076,62.2713262,0.458873224
36600,3660,0.532879156,1,1.18343195,0.508573556,75.0868946,66.3838752,1,0.604744989,75.0868946,66.3838752,0.451349145
36610,3661,0.532100285,1,1.19526627,0.506415423,70.959632,70.2594916,1,0.579411604,70.959632,70.2594916,0.435514386
36620,3662,0.530827213,1,1.22485207,0.512099392,67.4480687,66.0146507,1,0.513394934,67.4480687,66.0146507,0.42377391
36630,3663,0.51615716,1,1.1183432,0.512367473,71.9979623,62.5870089,1,0.506938508,71.9979623,62.5870089,0.438193301
36640,3664,0.519182408,1,1.14201183,0.522765439,75.1599466,67.1927564,1,0.505419227,75.1599466,67.1927564,0.429745036
36650,3665,0.505910944,1,1.15976331,0.511475106,70.0488998,70.3397748,1,0.516977123,70.0488998,70.3397748,0.461708457
36660,3666,0.52342038,1,1.15976331,0.516843811,67.7576656,64.9060505,1,0.598310446,67.7576656,64.9060505,0.453618673
36670,3667,0.530882291,1,1.15976331,0.515299339,73.5291023,63.4427874,1,0.663895974,73.5291023,63.4427874,0.458003253
36680,3668,0.537035389,1,1.23076923,0.515167993,74.1478768,69.1200556,1,0.55631522,74.1478768,69.1200556,0.439299171
36690,3669,0.526263277,1,1.23668639,0.513136988,68.4064716,69.2493685,1,0.51797567,68.4064716,69.2493685,0.441758562
36700,3670,0.517563668,1,1.16568047,0.514737647,68.6413763,63.4652983,1,0.511702374,68.6413763,63.4652983,0.445295249
36710,3671,0.51563116,1,1.11242604,0.513598892,74.3751448,63.8307489,1,0.492657959,74.3751448,63.8307489,0.441954077
36720,3672,0.515885165,1,1.08284024,0.517676616,73.9364556,69.4527917,1,0.472340419,73.9364556,69.4527917,0.433779412
36730,3673,0.514553502,1,1.15384615,0.52329886,68.2827313,68.6395894,1,0.514087435,68.2827313,68.6395894,0.439377568
36740,3674,0.530857305,1,1.20118343,0.523279447,70.0406397,63.0791778,1,0.646397785,70.0406397,63.0791778,0.448590288
36750,3675,0.53690956,1,1.20118343,0.516337247,75.2595455,65.7780627,1,0.624189531,75.2595455,65.7780627,0.451957985
36760,3676,0.529171513,1,1.23076923,0.511191316,72.0330266,70.5639846,1,0.542488333,72.0330266,70.5639846,0.443996596
36770,3677,0.529984995,1,1.24260355,0.516136734,67.6032127,67.1554578,1,0.521763353,67.6032127,67.1554578,0.429953258
36780,3678,0.522245336,1,1.19526627,0.516000965,70.9931245,62.7635127,1,0.510763627,70.9931245,62.7635127,0.42677186
36790,3679,0.522331143,1,1.15384615,0.521932799,75.1938636,66.414129,1,0.508702837,75.1938636,66.414129,0.428104456
36800,3680,0.503313352,1,1.08284024,0.508737934,70.9575265,70.8069897,1,0.504871388,70.9575265,70.8069897,0.469443695
36810,3681,0.518537986,1,1.18343195,0.513203811,67.4020828,65.9751896,1,0.586796874,67.4020828,65.9751896,0.461458151
36820,3682,0.523926346,1,1.18343195,0.511847811,72.5852472,63.0298472,1,0.651040409,72.5852472,63.0298472,0.458581781
36830,3683,0.535711684,1,1.18343195,0.51176635,74.7301922,68.4240611,1,0.628654851,74.7301922,68.4240611,0.446540503
36840,3684,0.533444819,1,1.24260355,0.515957437,69.418475,70.0157754,1,0.533203036,69.418475,70.0157754,0.426544492
36850,3685,0.525648971,1,1.18343195,0.5149638,68.1403321,64.6023195,1,0.51391281,68.1403321,64.6023195,0.427869038
36860,3686,0.523715528,1,1.18343195,0.520338228,73.6594696,63.475442,1,0.507242549,73.6594696,63.475442,0.433307983
36870,3687,0.515638587,1,1.09467456,0.517385192,74.6038492,69.2868136,1,0.492357596,74.6038492,69.2868136,0.452892698
36880,3688,0.51478112,1,1.12426036,0.516335426,68.70714,69.7365044,1,0.508779168,68.70714,69.7365044,0.454910111
36890,3689,0.527616602,1,1.18934911,0.51962269,68.9995276,63.8077348,1,0.616456655,68.9995276,63.8077348,0.456613469
36900,3690,0.523348179,1,1.13609467,0.510655126,74.8592542,64.6574314,1,0.65038155,74.8592542,64.6574314,0.455462445
36910,3691,0.532590429,1,1.13609467,0.511535522,73.5658464,69.9871585,1,0.666157071,73.5658464,69.9871585,0.42187869
36920,3692,0.538359872,1,1.25443787,0.518762881,68.3618702,68.1587659,1,0.525516151,68.3618702,68.1587659,0.424294663
36930,3693,0.51924817,1,1.16568047,0.516836086,70.6015693,62.9937992,1,0.510766462,70.6015693,62.9937992,0.433051187
36940,3694,0.517498221,1,1.15384615,0.516662695,75.8079172,65.6144128,1,0.517810007,75.8079172,65.6144128,0.448361077
36950,3695,0.507187482,1,1.07692308,0.508985157,72.8787293,71.0041564,1,0.504981251,72.8787293,71.0041564,0.471868236
36960,3696,0.507761347,1,1.1183432,0.512137447,67.7471259,67.9841188,1,0.483778882,67.7471259,67.9841188,0.458024967
36970,3697,0.516841642,1,1.16568047,0.5224963,71.1223101,63.3045164,1,0.560063526,71.1223101,63.3045164,0.443830465
36980,3698,0.525503985,1,1.15976331,0.517136731,75.2885773,67.1446465,1,0.652743043,75.2885773,67.1446465,0.435851749
36990,3699,0.536252682,1,1.27218935,0.517560038,70.722099,70.5766314,1,0.537626218,70.722099,70.5766314,0.439413572
37000,3700,0.522677854,1,1.18343195,0.509757201,67.6835912,65.662672,1,0.520837376,67.6835912,65.662672,0.444423215
37010,3701,0.522266501,1,1.19526627,0.519498697,72.7112106,62.9668296,1,0.503220621,72.7112106,62.9668296,0.438829283
37020,3702,0.514627631,1,1.13017751,0.513423019,75.526729,68.0396932,1,0.494602646,75.526729,68.0396932,0.446293672
37030,3703,0.515870916,1,1.1183432,0.515073184,70.2694069,70.3978038,1,0.503768066,70.2694069,70.3978038,0.443227283
37040,3704,0.510333235,1,1.16568047,0.517243129,68.178482,64.8385737,1,0.515516492,68.178482,64.8385737,0.456880382
37050,3705,0.509733497,1,1.1183432,0.512702961,73.8302202,63.3592554,1,0.573503876,73.8302202,63.3592554,0.449394908
37060,3706,0.536230141,1,1.16568047,0.517555798,74.1165819,69.1714502,1,0.644241775,74.1165819,69.1714502,0.447634222
37070,3707,0.525322071,1,1.20710059,0.512838105,68.3961436,68.595209,1,0.511853963,68.3961436,68.595209,0.442260653
37080,3708,0.519129039,1,1.20710059,0.512984298,69.2930156,62.948906,1,0.507539424,69.2930156,62.948906,0.439776148
37090,3709,0.51663999,1,1.15976331,0.515413212,75.0125162,63.9979642,1,0.505803615,75.0125162,63.9979642,0.447300984
37100,3710,0.515144176,1,1.12426036,0.512660616,73.8246319,69.6093374,1,0.490378542,73.8246319,69.6093374,0.441209865
37110,3711,0.517573587,1,1.12426036,0.521280666,68.2567316,68.0870647,1,0.486160778,68.2567316,68.0870647,0.444018952
37120,3712,0.519018463,1,1.15976331,0.521354617,70.1966351,62.5518458,1,0.558174282,70.1966351,62.5518458,0.451177774
37130,3713,0.530894589,1,1.15976331,0.516875867,75.3700962,65.4995293,1,0.660271504,75.3700962,65.4995293,0.458022107
37140,3714,0.536883676,1,1.26035503,0.52080228,71.6625155,69.9613838,1,0.52750484,71.6625155,69.9613838,0.446248669
37150,3715,0.522986663,1,1.17751479,0.506608134,67.2404677,66.0176659,1,0.526628811,67.2404677,66.0176659,0.455780869
37160,3716,0.522954493,1,1.20118343,0.512342731,71.3494188,62.088044,1,0.519317197,71.3494188,62.088044,0.437349518
37170,3717,0.514038801,1,1.10650888,0.513145524,75.2350882,66.4032454,1,0.493536607,75.2350882,66.4032454,0.446679991
37180,3718,0.518924868,1,1.13017751,0.518708283,71.1244655,70.0587134,1,0.486585365,71.1244655,70.0587134,0.423144504
37190,3719,0.513013943,1,1.14792899,0.518017743,67.5169247,65.3758755,1,0.51366853,67.5169247,65.3758755,0.45471444
37200,3720,0.523144776,1,1.16568047,0.518721882,72.5096648,62.405154,1,0.597008726,72.5096648,62.405154,0.446900171
37210,3721,0.528176007,1,1.14792899,0.514059191,74.7936914,67.8353699,1,0.661472389,74.7936914,67.8353699,0.453154766
37220,3722,0.53877606,1,1.21893491,0.515027774,69.3032448,69.2997054,1,0.565425635,69.3032448,69.2997054,0.437105068
37230,3723,0.530710808,1,1.22485207,0.514401665,68.2155884,63.7676224,1,0.527534172,68.2155884,63.7676224,0.433691593
37240,3724,0.519108305,1,1.18343195,0.516375141,73.948495,63.1538256,1,0.506982696,73.948495,63.1538256,0.443513169
37250,3725,0.509730588,1,1.13609467,0.509601345,74.4250611,69.1504879,1,0.500954224,74.4250611,69.1504879,0.462736103
37260,3726,0.514716131,1,1.10059172,0.517012684,68.6768642,69.3853947,1,0.481040019,68.6768642,69.3853947,0.442538055
37270,3727,0.51444324,1,1.15976331,0.519503693,68.8342815,63.5956007,1,0.504179007,68.8342815,63.5956007,0.44553335
37280,3728,0.528871577,1,1.18343195,0.519906422,74.5979531,64.5547801,1,0.611357026,74.5979531,64.5547801,0.449456836
37290,3729,0.532190091,1,1.16568047,0.513170431,72.7822014,70.2006569,1,0.654934666,72.7822014,70.2006569,0.456205594
37300,3730,0.537260907,1,1.21301775,0.514558352,67.6801612,67.902687,1,0.5748032,67.6801612,67.902687,0.430435859
37310,3731,0.529070229,1,1.18934911,0.517061822,70.4331236,62.9279098,1,0.507123704,70.4331236,62.9279098,0.437361716
37320,3732,0.526453803,1,1.21893491,0.519137881,75.2797613,65.6362835,1,0.515740347,75.2797613,65.6362835,0.427080255
37330,3733,0.511554189,1,1.14792899,0.514573258,72.0797351,70.5798793,1,0.503229463,72.0797351,70.5798793,0.452993374
37340,3734,0.51241134,1,1.15384615,0.514150558,67.4943712,66.9255771,1,0.510436617,67.4943712,66.9255771,0.451030951
37350,3735,0.524330896,1,1.19526627,0.517729126,71.90359,62.8690458,1,0.614806103,71.90359,62.8690458,0.460875527
37360,3736,0.52356066,1,1.17751479,0.512991824,75.4671296,67.4437218,1,0.643956018,75.4671296,67.4437218,0.44606415
37370,3737,0.538264507,1,1.16568047,0.51381454,70.491441,70.3436164,1,0.650343844,70.491441,70.3436164,0.443005246
37380,3738,0.531558611,1,1.21893491,0.511540958,68.1957431,65.117112,1,0.528834949,68.1957431,65.117112,0.439112721
37390,3739,0.526405592,1,1.20710059,0.520562641,73.4589883,63.178152,1,0.51775159,73.4589883,63.178152,0.431464521
37400,3740,0.521785221,1,1.15384615,0.518948137,75.3634755,68.5455724,1,0.50881051,75.3634755,68.5455724,0.438098859
37410,3741,0.512889148,1,1.10650888,0.516191874,69.6115392,70.1436601,1,0.515122817,69.6115392,70.1436601,0.459216313
37420,3742,0.50529205,1,1.11242604,0.510060429,68.2636848,64.2541469,1,0.514526987,68.2636848,64.2541469,0.464752129
37430,3743,0.512809035,1,1.16568047,0.514876542,73.9202361,63.4072885,1,0.554396286,73.9202361,63.4072885,0.43996868
37440,3744,0.540125153,1,1.14792899,0.522268695,73.9260218,69.218674,1,0.668233447,73.9260218,69.218674,0.447029876
37450,3745,0.532937353,1,1.20710059,0.511951318,68.157978,68.4197705,1,0.549852802,68.157978,68.4197705,0.447931309
37460,3746,0.515371314,1,1.17751479,0.509586069,69.7895484,62.8196204,1,0.515002475,69.7895484,62.8196204,0.448691078
37470,3747,0.507565204,1,1.17751479,0.508151924,75.4520049,64.8465544,1,0.511781678,75.4520049,64.8465544,0.462638913
37480,3748,0.515070523,1,1.14201183,0.512226054,73.5397103,70.2476746,1,0.48400341,73.5397103,70.2476746,0.440742845
37490,3749,0.513339145,1,1.10650888,0.517704773,68.3599199,68.4017972,1,0.47128338,68.3599199,68.4017972,0.422989444
37500,3750,0.515335924,1,1.15976331,0.524901165,70.4952444,63.244529,1,0.505717612,70.4952444,63.244529,0.429372914
37510,3751,0.534251728,1,1.17159763,0.524083916,75.5238055,66.1942465,1,0.640825144,75.5238055,66.1942465,0.448450713
37520,3752,0.535293354,1,1.18343195,0.511169131,71.5191785,70.714822,1,0.594716046,71.5191785,70.714822,0.464558326
37530,3753,0.521428399,1,1.18934911,0.506382561,67.6783849,66.1721933,1,0.522910885,67.6783849,66.1721933,0.457593207
37540,3754,0.524202215,1,1.18343195,0.51049925,72.0666064,62.5628886,1,0.517015459,72.0666064,62.5628886,0.43706639
37550,3755,0.52402147,1,1.17159763,0.513957424,75.5745866,66.8862792,1,0.509816539,75.5745866,66.8862792,0.428273206
37560,3756,0.523414731,1,1.16568047,0.52352411,71.2861686,70.219536,1,0.487390336,71.2861686,70.219536,0.417807252
37570,3757,0.512897481,1,1.13017751,0.516055466,67.9973234,65.4637678,1,0.501715335,67.9973234,65.4637678,0.444784597
37580,3758,0.514128182,1,1.17751479,0.514631512,73.4099582,62.8487768,1,0.576067942,73.4099582,62.8487768,0.462401714
37590,3759,0.524258408,1,1.15384615,0.512412579,75.4443105,68.2440687,1,0.624561383,75.4443105,68.2440687,0.443545191
37600,3760,0.533780137,1,1.18343195,0.513892306,69.8103858,69.6052782,1,0.664700986,69.8103858,69.6052782,0.445848689
37610,3761,0.534998367,1,1.25443787,0.516036999,69.0757131,64.0292635,1,0.523538571,69.0757131,64.0292635,0.432631165
37620,3762,0.529488843,1,1.23076923,0.513177842,74.6057624,63.5792493,1,0.522233666,74.6057624,63.5792493,0.426794564
37630,3763,0.519980429,1,1.14792899,0.519634258,74.6665572,69.2886594,1,0.506126911,74.6665572,69.2886594,0.439210291
37640,3764,0.50718616,1,1.09467456,0.508081025,68.612954,69.1482221,1,0.502961315,68.612954,69.1482221,0.465787075
37650,3765,0.512571401,1,1.10059172,0.516001353,69.078721,63.3505052,1,0.496267315,69.078721,63.3505052,0.44741506
37660,3766,0.512953377,1,1.18934911,0.518868191,74.8206632,64.062386,1,0.523586777,74.8206632,64.062386,0.445069467
37670,3767,0.535939399,1,1.17751479,0.523487847,73.0779861,69.6078902,1,0.651241168,73.0779861,69.6078902,0.447144391
37680,3768,0.534879015,1,1.22485207,0.512912699,67.7058388,67.0883411,1,0.604726123,67.7058388,67.0883411,0.456433919
37690,3769,0.532551954,1,1.21301775,0.515005815,70.6623543,62.3602785,1,0.524005531,70.6623543,62.3602785,0.428949178
37700,3770,0.521577459,1,1.21893491,0.518500336,75.3093934,65.754931,1,0.509393002,75.3093934,65.754931,0.442683035
37710,3771,0.523863156,1,1.20118343,0.518699092,72.1275158,70.2797455,1,0.507355803,72.1275158,70.2797455,0.425505555
37720,3772,0.504637335,1,1.12426036,0.513009072,67.5637415,66.4218406,1,0.504686184,67.5637415,66.4218406,0.45968517
37730,3773,0.515849365,1,1.17751479,0.515063593,71.7896464,62.3408781,1,0.553042499,71.7896464,62.3408781,0.451902796
37740,3774,0.517684133,1,1.15976331,0.512657565,75.3991598,67.0842584,1,0.606248492,75.3991598,67.0842584,0.458504409
37750,3775,0.535375516,1,1.17159763,0.513988579,70.2379377,69.7637573,1,0.662732599,70.2379377,69.7637573,0.447332184
37760,3776,0.53559069,1,1.22485207,0.512684608,68.1509678,64.5642068,1,0.566844544,68.1509678,64.5642068,0.430980506
37770,3777,0.527652973,1,1.23668639,0.517545352,73.3851183,62.8687607,1,0.514706553,73.3851183,62.8687607,0.423222833
37780,3778,0.522650316,1,1.18934911,0.516305405,74.9560081,68.2602531,1,0.512583901,74.9560081,68.2602531,0.431975546
37790,3779,0.515245775,1,1.15976331,0.516786555,69.2464127,69.6388532,1,0.494612511,69.2464127,69.6388532,0.451820892
37800,3780,0.515069263,1,1.11242604,0.514634874,68.0876951,63.8777101,1,0.493168407,68.0876951,63.8777101,0.452039403
37810,3781,0.520059091,1,1.18934911,0.518687199,73.9795913,63.3935385,1,0.559479537,73.9795913,63.3935385,0.454750486
37820,3782,0.503213931,1,1.11242604,0.511450518,74.1650356,69.1790625,1,0.562299042,74.1650356,69.1790625,0.445268867
37830,3783,0.537137946,1,1.20118343,0.51586933,68.5099404,68.3435244,1,0.667439073,68.5099404,68.3435244,0.439729788
37840,3784,0.529160424,1,1.22485207,0.515433357,70.1009009,62.924365,1,0.515278676,70.1009009,62.924365,0.434451597
37850,3785,0.513306096,1,1.17159763,0.508655414,75.5423409,65.0936802,1,0.506419388,75.5423409,65.0936802,0.450609036
37860,3786,0.509583353,1,1.16568047,0.509871169,73.021971,70.490361,1,0.501935962,73.021971,70.490361,0.458169936
37870,3787,0.512856046,1,1.13609467,0.513426337,67.8413223,68.0179094,1,0.472814881,67.8413223,68.0179094,0.441568867
37880,3788,0.513008339,1,1.14792899,0.520559499,70.5572981,63.0981916,1,0.49948473,70.5572981,63.0981916,0.432278587
37890,3789,0.513233503,1,1.16568047,0.521661006,75.3513418,66.1739101,1,0.547091931,75.3513418,66.1739101,0.438143604
37900,3790,0.5391525,1,1.19526627,0.517139756,71.1709972,70.4209142,1,0.655545423,71.1709972,70.4209142,0.458401675
37910,3791,0.530378557,1,1.20710059,0.509548509,67.7620724,65.6672168,1,0.551470346,67.7620724,65.6672168,0.449973097
37920,3792,0.530850787,1,1.19526627,0.517036203,72.4829248,62.7105152,1,0.507577975,72.4829248,62.7105152,0.428486613
37930,3793,0.524097582,1,1.17159763,0.519122587,75.3177365,67.5829141,1,0.499152127,75.3177365,67.5829141,0.433619884
37940,3794,0.519782786,1,1.16568047,0.51784636,70.2682234,70.3452224,1,0.504190944,70.2682234,70.3452224,0.442745133
37950,3795,0.511275543,1,1.13017751,0.513684561,67.6336629,65.0494173,1,0.486990732,67.6336629,65.0494173,0.454995036
37960,3796,0.51168386,1,1.12426036,0.518057537,72.999196,62.8383398,1,0.503438912,72.999196,62.8383398,0.446404502
37970,3797,0.512229077,1,1.13609467,0.517494759,74.7379337,68.3886922,1,0.572609593,74.7379337,68.3886922,0.447409511
37980,3798,0.537375167,1,1.24260355,0.518727861,68.8174157,68.8485164,1,0.612248727,68.8174157,68.8485164,0.456795968
37990,3799,0.523542065,1,1.23668639,0.507988865,69.0640839,63.0884204,1,0.518920158,69.0640839,63.0884204,0.443490405
38000,3800,0.523747208,1,1.21301775,0.517018285,74.6908558,63.697438,1,0.503371267,74.6908558,63.697438,0.435356514
38010,3801,0.527297199,1,1.20710059,0.514954868,74.3685353,69.160744,1,0.517793365,74.3685353,69.160744,0.420985062
38020,3802,0.527645664,1,1.14792899,0.525657186,68.8878294,68.6029053,1,0.486421943,68.8878294,68.6029053,0.42377091
38030,3803,0.519279109,1,1.13017751,0.521989246,69.6039066,62.8947343,1,0.493164155,69.6039066,62.8947343,0.442531603
38040,3804,0.51852709,1,1.16568047,0.516976599,75.4048927,64.5317126,1,0.570776016,75.4048927,64.5317126,0.463656276
38050,3805,0.522317331,1,1.20118343,0.508440622,72.8866684,70.0774676,1,0.667846689,72.8866684,70.0774676,0.468516808
38060,3806,0.533489408,1,1.16568047,0.510772953,67.9469322,67.1573818,1,0.660603765,67.9469322,67.1573818,0.441406408
38070,3807,0.538130476,1,1.22485207,0.511514593,71.0547572,62.5466388,1,0.594872306,71.0547572,62.5466388,0.427719475
38080,3808,0.533914828,1,1.21301775,0.51592256,75.2993427,65.9099666,1,0.519914225,75.2993427,65.9099666,0.416582882
38090,3809,0.521600007,1,1.16568047,0.517924699,71.7134848,70.1077961,1,0.521570128,71.7134848,70.1077961,0.424683314
38100,3810,0.51197538,1,1.13017751,0.51907472,67.5423677,65.9698277,1,0.509726801,67.5423677,65.9698277,0.451958262
38110,3811,0.505567082,1,1.09467456,0.506171875,71.8811181,61.8580751,1,0.51138916,71.8811181,61.8580751,0.459812568
38120,3812,0.506827497,1,1.13609467,0.513416561,75.5995381,66.4152739,1,0.514798326,75.5995381,66.4152739,0.452440502
38130,3813,0.518674792,1,1.15384615,0.518287646,70.8972426,69.6328214,1,0.588593362,70.8972426,69.6328214,0.438287381
38140,3814,0.543231623,1,1.19526627,0.519480239,68.4760627,64.4309027,1,0.641126492,68.4760627,64.4309027,0.441367363
38150,3815,0.535395103,1,1.21893491,0.517438424,73.8142223,62.5615258,1,0.523432722,73.8142223,62.5615258,0.435078162
38160,3816,0.52321358,1,1.23668639,0.517048272,75.2500002,68.1772262,1,0.502527323,75.2500002,68.1772262,0.445872253
38170,3817,0.512065791,1,1.19526627,0.509031288,69.3965161,69.4979166,1,0.510443492,69.3965161,69.4979166,0.461586531
38180,3818,0.512249156,1,1.14201183,0.51120929,68.3058636,63.6809102,1,0.495273359,68.3058636,63.6809102,0.455259122
38190,3819,0.509967081,1,1.11242604,0.514081057,74.0134515,62.5967717,1,0.44476854,74.0134515,62.5967717,0.446895378
38200,3820,0.517059001,1,1.15384615,0.523042974,74.6710785,68.0388192,1,0.519065815,74.6710785,68.0388192,0.421664455
38210,3821,0.528314589,1,1.19526627,0.522435132,68.8999852,68.0639196,1,0.616528128,68.8999852,68.0639196,0.443934459
38220,3822,0.532607434,1,1.16568047,0.510688499,69.7196907,62.2530253,1,0.66817447,69.7196907,62.2530253,0.451417287
38230,3823,0.529415844,1,1.23076923,0.512383361,75.1881222,64.0588744,1,0.526621189,75.1881222,64.0588744,0.44299167
38240,3824,0.523522255,1,1.20118343,0.513965341,73.0671789,69.2243001,1,0.508450257,73.0671789,69.2243001,0.429531347
38250,3825,0.520544534,1,1.15976331,0.513574004,67.9276296,66.8891637,1,0.506515622,67.9276296,66.8891637,0.43424306
38260,3826,0.513036036,1,1.12426036,0.517949828,70.7464926,61.6737393,1,0.502387348,70.7464926,61.6737393,0.456035397
38270,3827,0.511637417,1,1.15976331,0.514682296,75.7939639,64.8108015,1,0.525930675,75.7939639,64.8108015,0.457146579
38280,3828,0.506466545,1,1.15976331,0.513061431,72.3154186,69.5718317,1,0.540248403,72.3154186,69.5718317,0.453570226
38290,3829,0.532827695,1,1.15976331,0.514963344,68.2979192,65.2263648,1,0.65900065,68.2979192,65.2263648,0.455235064
38300,3830,0.535059254,1,1.20118343,0.516631365,73.0960183,61.9594685,1,0.566601971,73.0960183,61.9594685,0.446514223
38310,3831,0.526274555,1,1.20710059,0.51684301,75.93569,66.955278,1,0.51228552,75.93569,66.955278,0.442035681
38320,3832,0.52201025,1,1.20118343,0.512893387,70.9751936,69.7016198,1,0.512012411,70.9751936,69.7016198,0.436153967
38330,3833,0.526850362,1,1.20118343,0.522349428,68.5021752,64.7038431,1,0.51220102,68.5021752,64.7038431,0.428935597
38340,3834,0.512384282,1,1.14792899,0.517404905,73.9178359,62.2428027,1,0.483630081,73.9178359,62.2428027,0.457586286
38350,3835,0.511400882,1,1.13609467,0.516436025,76.0166298,67.689425,1,0.504463854,76.0166298,67.689425,0.449000398
38360,3836,0.532565757,1,1.18343195,0.520411045,70.3104821,68.8949085,1,0.629829269,70.3104821,68.8949085,0.448622566
38370,3837,0.527103709,1,1.12426036,0.510384381,69.7812489,63.0008833,1,0.667395142,69.7812489,63.0008833,0.455210597
38380,3838,0.535174347,1,1.22485207,0.515485057,75.420059,63.3650957,1,0.536236035,75.420059,63.3650957,0.434658471
38390,3839,0.523387551,1,1.22485207,0.513271168,74.8378156,69.0119389,1,0.509398928,74.8378156,69.0119389,0.436675487
38400,3840,0.520275029,1,1.17751479,0.518371719,69.2661635,68.1600031,1,0.506339032,69.2661635,68.1600031,0.433569889
38410,3841,0.512418711,1,1.11242604,0.511160861,70.4672602,62.3848871,1,0.505672408,70.4672602,62.3848871,0.45374574
38420,3842,0.509648534,1,1.08284024,0.515597746,76.1931525,63.671741,1,0.469008793,76.1931525,63.671741,0.451439747
38430,3843,0.508442444,1,1.17159763,0.518133757,74.6510048,69.1751955,1,0.506425115,74.6510048,69.1751955,0.439649068
38440,3844,0.528419802,1,1.13609467,0.517957718,69.4122417,66.6345338,1,0.635492323,69.4122417,66.6345338,0.447872027
38450,3845,0.531764134,1,1.20710059,0.509373375,72.6262963,61.7832095,1,0.648948798,72.6262963,61.7832095,0.447646672
38460,3846,0.534536723,1,1.23076923,0.509677427,76.9261964,65.3215409,1,0.539425758,76.9261964,65.3215409,0.428351251
38470,3847,0.52789435,1,1.19526627,0.521777584,72.9975776,69.3078774,1,0.520952951,72.9975776,69.3078774,0.430528262
38480,3848,0.525920562,1,1.20710059,0.519458328,68.9418105,65.5479383,1,0.512125226,68.9418105,65.5479383,0.425422788
38490,3849,0.517788456,1,1.14792899,0.520443324,73.1135812,61.613237,1,0.488321504,73.1135812,61.613237,0.441122461
38500,3850,0.517905921,1,1.13017751,0.514468264,76.9126834,66.0594768,1,0.509306333,76.9126834,66.0594768,0.449866683
38510,3851,0.506820532,1,1.14792899,0.51566792,72.1410756,69.611272,1,0.495661349,72.1410756,69.611272,0.457569413
38520,3852,0.518446695,1,1.16568047,0.519736863,69.2924466,64.7388908,1,0.586142138,69.2924466,64.7388908,0.434154183
38530,3853,0.538489164,1,1.16568047,0.517160634,74.6550309,62.6292228,1,0.645427917,74.6550309,62.6292228,0.443279934
38540,3854,0.537802565,1,1.20118343,0.511795313,76.3287224,67.9477852,1,0.570940991,76.3287224,67.9477852,0.428899444
38550,3855,0.527773361,1,1.21301775,0.517414855,70.7969404,69.0811259,1,0.512594547,70.7969404,69.0811259,0.43436053
38560,3856,0.516757102,1,1.20710059,0.515180772,69.8580037,63.2837845,1,0.505272354,69.8580037,63.2837845,0.451760325
38570,3857,0.508588554,1,1.13017751,0.510542774,75.9103217,62.6845017,1,0.51340078,75.9103217,62.6845017,0.467839637
38580,3858,0.502715976,1,1.10059172,0.506813556,76.3565072,68.7329791,1,0.488281079,76.3565072,68.7329791,0.466531714
38590,3859,0.506135447,1,1.1183432,0.516480443,70.721218,68.8730843,1,0.481076255,70.721218,68.8730843,0.433617742
38600,3860,0.52864706,1,1.15976331,0.524776058,71.2529044,63.2655722,1,0.615382927,71.2529044,63.2655722,0.4332817
38610,3861,0.541311133,1,1.19526627,0.51866417,76.7993806,64.6226631,1,0.632609422,76.7993806,64.6226631,0.439237461
38620,3862,0.534615576,1,1.26035503,0.515925705,74.8366315,69.9778232,1,0.526177234,74.8366315,69.9778232,0.438732192
38630,3863,0.522194533,1,1.23076923,0.514823474,69.6647114,67.556544,1,0.516068829,69.6647114,67.556544,0.439279605
38640,3864,0.511625876,1,1.15976331,0.509434347,72.5400386,62.374306,1,0.513462511,72.5400386,62.374306,0.455882634
38650,3865,0.510370845,1,1.12426036,0.511336914,77.5278416,65.5599057,1,0.490937242,77.5278416,65.5599057,0.455253521
38660,3866,0.514784936,1,1.16568047,0.519201471,74.0892024,70.1517339,1,0.507379969,74.0892024,70.1517339,0.441280583
38670,3867,0.51353027,1,1.17159763,0.51793425,69.7298747,66.2739387,1,0.570799916,69.7298747,66.2739387,0.448805339
38680,3868,0.540066947,1,1.20118343,0.51960143,74.4101758,62.737666,1,0.6408022,74.4101758,62.737666,0.451233964
38690,3869,0.528610951,1,1.23076923,0.509886083,77.2960689,67.7961056,1,0.539449203,77.2960689,67.7961056,0.447981605
38700,3870,0.527655351,1,1.20118343,0.511726685,72.1966759,70.1699048,1,0.508224836,72.1966759,70.1699048,0.432679363
38710,3871,0.526070174,1,1.17751479,0.520396063,69.9312049,65.0762427,1,0.518170769,69.9312049,65.0762427,0.42882633
38720,3872,0.519708869,1,1.15976331,0.518241555,75.1838394,62.8440216,1,0.502401463,75.1838394,62.8440216,0.439021103
38730,3873,0.515577749,1,1.10650888,0.516841286,77.1608295,68.3843344,1,0.497207437,77.1608295,68.3843344,0.452498361
38740,3874,0.511717199,1,1.13609467,0.515890932,71.468494,69.9973864,1,0.509967371,71.468494,69.9973864,0.455113097
38750,3875,0.519385593,1,1.13017751,0.520293015,70.6037415,64.2105453,1,0.592620961,70.6037415,64.2105453,0.450084326
38760,3876,0.53613296,1,1.17159763,0.51358605,76.50955,64.2496769,1,0.653934986,76.50955,64.2496769,0.454302937
38770,3877,0.518342532,1,1.20118343,0.509586649,75.317424,70.0931931,1,0.51622726,75.317424,70.0931931,0.458759884
38780,3878,0.513012902,1,1.20710059,0.5087382,69.7362057,68.4563609,1,0.504425708,69.7362057,68.4563609,0.447406841
38790,3879,0.519326799,1,1.18343195,0.513648863,71.2786439,62.9920279,1,0.502527731,71.2786439,62.9920279,0.43675817
38800,3880,0.519198545,1,1.13017751,0.516902149,76.5612994,64.3854635,1,0.484969857,76.5612994,64.3854635,0.420257121
38810,3881,0.512731892,1,1.10059172,0.521502106,74.8708978,69.7282233,1,0.474030672,74.8708978,69.7282233,0.4310613
38820,3882,0.527087824,1,1.15384615,0.525218106,69.6209694,67.4121711,1,0.590015173,69.6209694,67.4121711,0.441392676
38830,3883,0.533089293,1,1.17751479,0.512867103,72.8865918,62.3551772,1,0.662107333,72.8865918,62.3551772,0.463058244
38840,3884,0.533331263,1,1.17159763,0.511766922,77.228472,66.3053874,1,0.584788677,77.228472,66.3053874,0.45153312
38850,3885,0.532434647,1,1.24260355,0.509341704,73.2653054,70.3604078,1,0.549020554,73.2653054,70.3604078,0.436160496
38860,3886,0.525469445,1,1.17751479,0.513108214,69.5346618,66.2281377,1,0.511793066,69.5346618,66.2281377,0.428243684
38870,3887,0.519089868,1,1.14792899,0.519153691,73.8608167,62.6725228,1,0.50493354,73.8608167,62.6725228,0.430755583
38880,3888,0.514162913,1,1.15384615,0.518799739,77.4072379,67.1990516,1,0.498045155,77.4072379,67.1990516,0.442334892
38890,3889,0.506782907,1,1.13609467,0.513166238,72.4149986,70.4636954,1,0.518864111,72.4149986,70.4636954,0.458840525
38900,3890,0.517913018,1,1.17159763,0.515784386,70.069234,64.9985672,1,0.610947334,70.069234,64.9985672,0.457483709
38910,3891,0.534473439,1,1.18934911,0.514667749,75.8579488,63.637305,1,0.624733335,75.8579488,63.637305,0.457432074
38920,3892,0.529340433,1,1.21301775,0.512531394,76.4163555,69.3912281,1,0.531608308,76.4163555,69.3912281,0.4446889
38930,3893,0.520243264,1,1.20118343,0.513501974,70.6398313,69.5780964,1,0.514875365,70.6398313,69.5780964,0.444580463
38940,3894,0.526169133,1,1.20710059,0.515760602,70.4345024,64.075013,1,0.518834919,70.4345024,64.075013,0.423608666
38950,3895,0.526991252,1,1.19526627,0.522970955,75.8504531,63.873782,1,0.500207508,75.8504531,63.873782,0.416899064
38960,3896,0.512381172,1,1.10650888,0.517652351,75.833499,69.6860692,1,0.474505088,75.833499,69.6860692,0.447100914
38970,3897,0.519349549,1,1.20118343,0.521803946,70.0807826,68.8709953,1,0.554708503,70.0807826,68.8709953,0.446936258
38980,3898,0.535947724,1,1.17751479,0.520633659,71.9691107,63.1779941,1,0.659356721,71.9691107,63.1779941,0.461384883
38990,3899,0.52940014,1,1.20118343,0.508543535,77.3029809,65.8083626,1,0.587575831,77.3029809,65.8083626,0.457475771
39000,3900,0.532675536,1,1.21301775,0.514307514,74.3514053,70.4805648,1,0.542635837,74.3514053,70.4805648,0.425108906
39010,3901,0.529881911,1,1.21301775,0.518374893,69.747072,67.436399,1,0.514717125,69.747072,67.436399,0.424590512
39020,3902,0.528692455,1,1.20118343,0.519483533,72.6296179,62.8659633,1,0.514063368,72.6296179,62.8659633,0.415654844
39030,3903,0.509633622,1,1.11242604,0.512994607,77.347086,66.4565338,1,0.496438811,77.347086,66.4565338,0.456035801
39040,3904,0.515940699,1,1.11242604,0.51681713,73.46259,70.8225632,1,0.533171296,73.46259,70.8225632,0.449533103
39050,3905,0.51386878,1,1.14792899,0.513847615,69.3209386,66.5917381,1,0.562397617,69.3209386,66.5917381,0.455428515
39060,3906,0.530085853,1,1.15384615,0.51717123,73.9277771,63.1353249,1,0.637418481,73.9277771,63.1353249,0.443024523
39070,3907,0.539114628,1,1.18934911,0.516654601,76.7709231,68.2145867,1,0.612099853,76.7709231,68.2145867,0.447758257
39080,3908,0.535953942,1,1.22485207,0.519421238,71.748584,70.5080924,1,0.51150748,71.748584,70.5080924,0.424710543
39090,3909,0.518059427,1,1.18343195,0.513430759,69.6678245,65.1289798,1,0.508543867,69.6678245,65.1289798,0.443656219
39100,3910,0.507557584,1,1.14792899,0.51051978,75.4196811,63.2508098,1,0.506981362,75.4196811,63.2508098,0.465441041
39110,3911,0.512195495,1,1.0887574,0.508934536,77.196223,68.7943637,1,0.490533031,77.196223,68.7943637,0.447789381
39120,3912,0.514193614,1,1.14201183,0.51841702,71.5182776,70.0541136,1,0.511710982,71.5182776,70.0541136,0.447385791
39130,3913,0.489801985,1,1.0887574,0.512257658,70.2784295,64.4542952,1,0.461494632,70.2784295,64.4542952,0.441187141
39140,3914,0.518313589,1,1.15384615,0.522733469,75.6488706,64.0701979,1,0.594803921,75.6488706,64.0701979,0.414166078
39150,3915,0.535514513,1,1.18343195,0.513809943,75.416853,69.7054196,1,0.666047858,75.416853,69.7054196,0.433845854
39160,3916,0.531091924,1,1.23668639,0.513697758,69.9921418,68.4968502,1,0.509695944,69.9921418,68.4968502,0.427516094
39170,3917,0.516170897,1,1.17159763,0.512558379,71.7479812,63.0468408,1,0.518095166,71.7479812,63.0468408,0.440451447
39180,3918,0.512295678,1,1.15976331,0.515343138,77.2891207,65.1325973,1,0.504810166,77.2891207,65.1325973,0.455437939
39190,3919,0.507307931,1,1.0887574,0.508441806,75.1270653,70.6814316,1,0.490209008,75.1270653,70.6814316,0.458089976
39200,3920,0.511545097,1,1.15384615,0.517638322,69.9693733,68.118673,1,0.509692284,69.9693733,68.118673,0.443022951
39210,3921,0.525235994,1,1.17159763,0.524018937,72.9781167,63.2297005,1,0.601849137,72.9781167,63.2297005,0.441585288
39220,3922,0.537385139,1,1.15976331,0.517664223,77.4333631,66.9072207,1,0.664375619,77.4333631,66.9072207,0.44438226
39230,3923,0.533091797,1,1.26035503,0.518078784,73.0855842,70.6771305,1,0.534454875,73.0855842,70.6771305,0.442661404
39240,3924,0.517988421,1,1.21301775,0.510746786,69.6220279,66.0362475,1,0.51317837,69.6220279,66.0362475,0.445450486
39250,3925,0.517027246,1,1.17159763,0.5110771,74.3839903,62.7514367,1,0.51133934,74.3839903,62.7514367,0.445000282
39260,3926,0.516885974,1,1.14201183,0.518684747,77.5651547,67.490003,1,0.482453776,77.5651547,67.490003,0.43902674
39270,3927,0.522849474,1,1.15384615,0.52275791,72.8149528,70.4914739,1,0.495204433,72.8149528,70.4914739,0.432231353
39280,3928,0.518201298,1,1.19526627,0.520443956,70.2737625,65.109958,1,0.568440291,70.2737625,65.109958,0.457794826
39290,3929,0.52377538,1,1.13017751,0.512509731,76.0709024,63.4860165,1,0.661430303,76.0709024,63.4860165,0.463100031
39300,3930,0.537484806,1,1.19526627,0.516650778,76.7373181,69.21373,1,0.583945573,76.7373181,69.21373,0.443565515
39310,3931,0.531829708,1,1.24260355,0.512364449,71.1162075,69.5735623,1,0.538978035,71.1162075,69.5735623,0.433278154
39320,3932,0.527408695,1,1.18934911,0.519189183,71.2745004,63.9548805,1,0.498038867,71.2745004,63.9548805,0.432377779
39330,3933,0.519827213,1,1.17159763,0.516938492,77.0911701,64.091699,1,0.500091758,77.0911701,64.091699,0.447559892
39340,3934,0.518972832,1,1.15976331,0.518177603,76.6552803,69.8654296,1,0.502933195,76.6552803,69.8654296,0.445397004
39350,3935,0.507749208,1,1.10650888,0.509309185,70.6055065,68.9188083,1,0.523851325,70.6055065,68.9188083,0.471029684
39360,3936,0.50523455,1,1.15976331,0.509640333,71.8773418,63.1512809,1,0.539660382,71.8773418,63.1512809,0.454314866
39370,3937,0.519960197,1,1.15384615,0.519741842,77.2698645,64.8481241,1,0.605976692,77.2698645,64.8481241,0.434860915
39380,3938,0.53953946,1,1.15384615,0.517306518,74.7854412,69.9920167,1,0.659055178,74.7854412,69.9920167,0.439418597
39390,3939,0.535044908,1,1.21301775,0.509745312,70.0555369,67.2341974,1,0.556509824,70.0555369,67.2341974,0.421167455
39400,3940,0.525010041,1,1.20710059,0.519896958,73.4546862,62.8573883,1,0.508348494,73.4546862,62.8573883,0.426286248
39410,3941,0.514221101,1,1.1183432,0.512496223,78.0754741,66.4075679,1,0.509240286,78.0754741,66.4075679,0.448240849
39420,3942,0.511850189,1,1.10059172,0.512173005,74.1107193,70.8831239,1,0.507382615,74.1107193,70.8831239,0.459932348
39430,3943,0.507842748,1,1.08284024,0.508025891,69.7572414,66.7568931,1,0.48651498,69.7572414,66.7568931,0.46140095
39440,3944,0.514128725,1,1.18934911,0.520832416,74.0618332,62.9241176,1,0.543494375,74.0618332,62.9241176,0.443357805
39450,3945,0.516808746,1,1.14201183,0.517891348,77.5594845,67.4745597,1,0.614217771,77.5594845,67.4745597,0.441488124
39460,3946,0.538895016,1,1.21301775,0.513792821,72.4309724,70.0440831,1,0.612889081,72.4309724,70.0440831,0.441246804
39470,3947,0.524403212,1,1.19526627,0.518072224,70.6116487,64.5936326,1,0.504415166,70.6116487,64.5936326,0.442005577
39480,3948,0.516173562,1,1.19526627,0.508556375,76.2149871,62.9277073,1,0.508460943,76.2149871,62.9277073,0.449672525
39490,3949,0.51815881,1,1.15384615,0.515649654,77.5896911,68.5460908,1,0.502029452,77.5896911,68.5460908,0.444932313
39500,3950,0.515878058,1,1.10059172,0.515144543,72.0468982,69.9702026,1,0.460226108,72.0468982,69.9702026,0.440216774
39510,3951,0.517897307,1,1.14792899,0.522467702,71.1149842,64.4389057,1,0.50859792,71.1149842,64.4389057,0.431480926
39520,3952,0.507239793,1,1.14201183,0.51634857,76.999368,63.8541756,1,0.548065162,76.999368,63.8541756,0.454874208
39530,3953,0.529270789,1,1.17751479,0.515619401,76.5569049,69.5610939,1,0.658987297,76.5569049,69.5610939,0.440311147
39540,3954,0.533110501,1,1.22485207,0.516304773,70.9722972,68.1337391,1,0.539613328,70.9722972,68.1337391,0.443394546
39550,3955,0.526636582,1,1.21301775,0.512341891,72.7972946,62.8096367,1,0.510770725,72.7972946,62.8096367,0.43293878
39560,3956,0.522526231,1,1.18343195,0.513913131,78.024661,64.8386171,1,0.516045312,78.024661,64.8386171,0.431332877
39570,3957,0.516822268,1,1.14201183,0.518832638,75.6498794,70.0700633,1,0.494979422,75.6498794,70.0700633,0.441940432
39580,3958,0.510875872,1,1.0887574,0.517016327,70.3863578,67.4052565,1,0.499252205,70.3863578,67.4052565,0.453819131
39590,3959,0.51241189,1,1.16568047,0.515141215,73.5360514,62.4203202,1,0.546031009,73.5360514,62.4203202,0.453586368
39600,3960,0.522795668,1,1.14792899,0.513044423,77.959346,66.3703873,1,0.639381746,77.959346,66.3703873,0.456177618
39610,3961,0.53958782,1,1.19526627,0.51946127,73.6013433,70.0569911,1,0.633568183,73.6013433,70.0569911,0.439090202
39620,3962,0.534795828,1,1.21301775,0.520114124,70.4108504,65.5267695,1,0.512020918,70.4108504,65.5267695,0.426227101
39630,3963,0.526320587,1,1.19526627,0.517454718,75.1893103,62.5273502,1,0.524511068,75.1893103,62.5273502,0.433986577
39640,3964,0.517364316,1,1.20118343,0.519784239,78.0127773,67.7367966,1,0.50738443,78.0127773,67.7367966,0.455799565
39650,3965,0.507054668,1,1.10059172,0.508971484,72.7150839,70.5808442,1,0.488442382,72.7150839,70.5808442,0.462525622
39660,3966,0.520644122,1,1.14201183,0.518232915,70.6302032,65.1315021,1,0.542866205,70.6302032,65.1315021,0.448812083
39670,3967,0.494416435,1,1.13017751,0.510872543,76.0213303,62.8511643,1,0.469206638,76.0213303,62.8511643,0.450274021
39680,3968,0.51094143,1,1.14201183,0.521893542,77.4836036,68.0633126,1,0.574079109,77.4836036,68.0633126,0.416414202
39690,3969,0.533470914,1,1.16568047,0.512799454,71.8837738,68.8817952,1,0.647870261,71.8837738,68.8817952,0.435333016
39700,3970,0.53500485,1,1.27218935,0.517886146,72.0151995,63.4253856,1,0.520527202,72.0151995,63.4253856,0.419845547
39710,3971,0.517187304,1,1.17159763,0.515419397,77.8100379,64.0542852,1,0.516786935,77.8100379,64.0542852,0.44837423
39720,3972,0.506010269,1,1.14792899,0.504120224,76.8661203,70.1125332,1,0.498669467,76.8661203,70.1125332,0.471641651
39730,3973,0.509048737,1,1.09467456,0.50939203,71.1837027,69.1690092,1,0.454635727,71.1837027,69.1690092,0.443093664
39740,3974,0.512614848,1,1.10650888,0.520673846,71.9368301,63.9258725,1,0.471135533,71.9368301,63.9258725,0.407457724
39750,3975,0.492455997,1,1.15976331,0.521305532,77.3610218,64.7326567,1,0.424768466,77.3610218,64.7326567,0.42183563
39760,3976,0.519479008,1,1.17751479,0.523967678,76.1403298,69.7285126,1,0.589318924,76.1403298,69.7285126,0.395602047
39770,3977,0.467462626,1,1.07100592,0.51058984,71.0764308,68.7467832,1,0.427793313,71.0764308,68.7467832,0.396783417
39780,3978,0.531716077,1,1.20118343,0.519764399,72.8801758,63.8359805,1,0.691587534,72.8801758,63.8359805,0.402429604
39790,3979,0.311053386,1,0.721893491,0.448795498,76.8537823,62.0658119,1,0.239174404,76.8537823,62.0658119,0.334620207
39800,3980,0.00263651493,0.142706482,0.00591715976,0.257675569,76.3803098,62.2005444,1,0,76.3803098,62.2005444,0.0378668678
39810,3981,0,0,0,0,nan,nan,0,0,76,59,0.247927742
39820,3982,0,0,0,0,nan,nan,0,0,76,59,0
39830,3983,0,0,0,0,nan,nan,0,0,76,59,0
39840,3984,0,0,0,0,nan,nan,0,0,76,59,0
39850,3985,0,0,0,0,nan,nan,0,0,76,59,0
39860,3986,0,0,0,0,nan,nan,0,0,76,59,0
39870,3987,0,0,0,0,nan,nan,0,0,76,59,0
39880,3988,0,0,0,0,nan,nan,0,0,76,59,0
39890,3989,0,0,0,0,nan,nan,0,0,76,59,0
39900,3990,0,0,0,0,nan,nan,0,0,76,59,0
39910,3991,0,0,0,0,nan,nan,0,0,76,59,0
39920,3992,0,0,0,0,nan,nan,0,0,76,59,0
39930,3993,0,0,0,0,nan,nan,0,0,76,59,0
39940,3994,0,0,0,0,nan,nan,0,0,76,59,0
39950,3995,0,0,0,0,nan,nan,0,0,76,59,0
39960,3996,0,0,0,0,nan,nan,0,0,76,59,0
39970,3997,0,0,0,0,nan,nan,0,0,76,59,0
39980,3998,0,0,0,0,nan,nan,0,0,76,59,0
39990,3999,0,0,0,0,nan,nan,0,0,76,59,0
40000,4000,0,0,0,0,nan,nan,0,0,76,59,0
40010,4001,0,0,0,0,nan,nan,0,0,76,59,0
40020,4002,0,0,0,0,nan,nan,0,0,76,59,0
40030,4003,0,0,0,0,nan,nan,0,0,76,59,0
40040,4004,0,0,0,0,nan,nan,0,0,76,59,0
40050,4005,0,0,0,0,nan,nan,0,0,76,59,0
40060,4006,0,0,0,0,nan,nan,0,0,76,59,0
40070,4007,0,0,0,0,nan,nan,0,0,76,59,0
40080,4008,0,0,0,0,nan,nan,0,0,76,59,0
40090,4009,0,0,0,0,nan,nan,0,0,76,59,0
40100,4010,0,0,0,0,nan,nan,0,0,76,59,0
40110,4011,0,0,0,0,nan,nan,0,0,76,59,0
40120,4012,0,0,0,0,nan,nan,0,0,76,59,0
40130,4013,0,0,0,0,nan,nan,0,0,76,59,0
40140,4014,0,0,0,0,nan,nan,0,0,76,59,0
40150,4015,0,0,0,0,nan,nan,0,0,76,59,0
40160,4016,0,0,0,0,nan,nan,0,0,76,59,0
40170,4017,0,0,0,0,nan,nan,0,0,76,59,0
40180,4018,0,0,0,0,nan,nan,0,0,76,59,0
40190,4019,0,0,0,0,nan,nan,0,0,76,59,0
40200,4020,0,0,0,0,nan,nan,0,0,76,59,0
40210,4021,0,0,0,0,nan,nan,0,0,76,59,0
40220,4022,0,0,0,0,nan,nan,0,0,76,59,0
40230,4023,0,0,0,0,nan,nan,0,0,76,59,0
40240,4024,0,0,0,0,nan,nan,0,0,76,59,0
40250,4025,0,0,0,0,nan,nan,0,0,76,59,0
40260,4026,0,0,0,0,nan,nan,0,0,76,59,0
40270,4027,0,0,0,0,nan,nan,0,0,76,59,0
40280,4028,0,0,0,0,nan,nan,0,0,76,59,0
40290,4029,0,0,0,0,nan,nan,0,0,76,59,0
40300,4030,0,0,0,0,nan,nan,0,0,76,59,0
40310,4031,0,0,0,0,nan,nan,0,0,76,59,0
40320,4032,0,0,0,0,nan,nan,0,0,76,59,0
40330,4033,0,0,0,0,nan,nan,0,0,76,59,0
40340,4034,0,0,0,0,nan,nan,0,0,76,59,0
40350,4035,0,0,0,0,nan,nan,0,0,76,59,0
40360,4036,0,0,0,0,nan,nan,0,0,76,59,0
40370,4037,0,0,0,0,nan,nan,0,0,76,59,0
40380,4038,0,0,0,0,nan,nan,0,0,76,59,0
40390,4039,0,0,0,0,nan,nan,0,0,76,59,0
40400,4040,0,0,0,0,nan,nan,0,0,76,59,0
40410,4041,0,0,0,0,nan,nan,0,0,76,59,0
40420,4042,0,0,0,0,nan,nan,0,0,76,59,0
40430,4043,0,0,0,0,nan,nan,0,0,76,59,0
40440,4044,0,0,0,0,nan,nan,0,0,76,59,0
40450,4045,0,0,0,0,nan,nan,0,0,76,59,0
40460,4046,0,0,0,0,nan,nan,0,0,76,59,0
40470,4047,0,0,0,0,nan,nan,0,0,76,59,0
40480,4048,0,0,0,0,nan,nan,0,0,76,59,0
40490,4049,0,0,0,0,nan,nan,0,0,76,59,0
40500,4050,0,0,0,0,nan,nan,0,0,76,59,0
40510,4051,0,0,0,0,nan,nan,0,0,76,59,0
40520,4052,0,0,0,0,nan,nan,0,0,76,59,0
40530,4053,0,0,0,0,nan,nan,0,0,76,59,0
40540,4054,0,0,0,0,nan,nan,0,0,76,59,0
40550,4055,0,0,0,0,nan,nan,0,0,76,59,0
40560,4056,0,0,0,0,nan,nan,0,0,76,59,0
40570,4057,0,0,0,0,nan,nan,0,0,76,59,0
40580,4058,0,0,0,0,nan,nan,0,0,76,59,0
40590,4059,0,0,0,0,nan,nan,0,0,76,59,0
40600,4060,0,0,0,0,nan,nan,0,0,76,59,0
40610,4061,0,0,0,0,nan,nan,0,0,76,59,0
40620,4062,0,0,0,0,nan,nan,0,0,76,59,0
40630,4063,0,0,0,0,nan,nan,0,0,76,59,0
40640,4064,0,0,0,0,nan,nan,0,0,76,59,0
40650,4065,0,0,0,0,nan,nan,0,0,76,59,0
40660,4066,0,0,0,0,nan,nan,0,0,76,59,0
40670,4067,0,0,0,0,nan,nan,0,0,76,59,0
40680,4068,0,0,0,0,nan,nan,0,0,76,59,0
40690,4069,0,0,0,0,nan,nan,0,0,76,59,0
40700,4070,0,0,0,0,nan,nan,0,0,76,59,0
40710,4071,0,0,0,0,nan,nan,0,0,76,59,0
40720,4072,0,0,0,0,nan,nan,0,0,76,59,0
40730,4073,0,0,0,0,nan,nan,0,0,76,59,0
40740,4074,0,0,0,0,nan,nan,0,0,76,59,0
40750,4075,0,0,0,0,nan,nan,0,0,76,59,0
40760,4076,0,0,0,0,nan,nan,0,0,76,59,0
40770,4077,0,0,0,0,nan,nan,0,0,76,59,0
40780,4078,0,0,0,0,nan,nan,0,0,76,59,0
40790,4079,0,0,0,0,nan,nan,0,0,76,59,0
40800,4080,0,0,0,0,nan,nan,0,0,76,59,0
40810,4081,0,0,0,0,nan,nan,0,0,76,59,0
40820,4082,0,0,0,0,nan,nan,0,0,76,59,0
40830,4083,0,0,0,0,nan,nan,0,0,76,59,0
40840,4084,0,0,0,0,nan,nan,0,0,76,59,0
40850,4085,0,0,0,0,nan,nan,0,0,76,59,0
40860,4086,0,0,0,0,nan,nan,0,0,76,59,0
40870,4087,0,0,0,0,nan,nan,0,0,76,59,0
40880,4088,0,0,0,0,nan,nan,0,0,76,59,0
40890,4089,0,0,0,0,nan,nan,0,0,76,59,0
40900,4090,0,0,0,0,nan,nan,0,0,76,59,0
40910,4091,0,0,0,0,nan,nan,0,0,76,59,0
40920,4092,0,0,0,0,nan,nan,0,0,76,59,0
40930,4093,0,0,0,0,nan,nan,0,0,76,59,0
40940,4094,0,0,0,0,nan,nan,0,0,76,59,0
40950,4095,0,0,0,0,nan,nan,0,0,76,59,0
40960,4096,0,0,0,0,nan,nan,0,0,76,59,0
40970,4097,0,0,0,0,nan,nan,0,0,76,59,0
40980,4098,0,0,0,0,nan,nan,0,0,76,59,0
40990,4099,0,0,0,0,nan,nan,0,0,76,59,0
41000,4100,0,0,0,0,nan,nan,0,0,76,59,0
41010,4101,0,0,0,0,nan,nan,0,0,76,59,0
41020,4102,0,0,0,0,nan,nan,0,0,76,59,0
41030,4103,0,0,0,0,nan,nan,0,0,76,59,0
41040,4104,0,0,0,0,nan,nan,0,0,76,59,0
41050,4105,0,0,0,0,nan,nan,0,0,76,59,0
41060,4106,0,0,0,0,nan,nan,0,0,76,59,0
41070,4107,0,0,0,0,nan,nan,0,0,76,59,0
41080,4108,0,0,0,0,nan,nan,0,0,76,59,0
41090,4109,0,0,0,0,nan,nan,0,0,76,59,0
41100,4110,0,0,0,0,nan,nan,0,0,76,59,0
41110,4111,0,0,0,0,nan,nan,0,0,76,59,0
41120,4112,0,0,0,0,nan,nan,0,0,76,59,0
41130,4113,0,0,0,0,nan,nan,0,0,76,59,0
41140,4114,0,0,0,0,nan,nan,0,0,76,59,0
41150,4115,0,0,0,0,nan,nan,0,0,76,59,0
41160,4116,0,0,0,0,nan,nan,0,0,76,59,0
41170,4117,0,0,0,0,nan,nan,0,0,76,59,0
41180,4118,0,0,0,0,nan,nan,0,0,76,59,0
41190,4119,0,0,0,0,nan,nan,0,0,76,59,0
41200,4120,0,0,0,0,nan,nan,0,0,76,59,0
41210,4121,0,0,0,0,nan,nan,0,0,76,59,0
41220,4122,0,0,0,0,nan,nan,0,0,76,59,0
41230,4123,0,0,0,0,nan,nan,0,0,76,59,0
41240,4124,0,0,0,0,nan,nan,0,0,76,59,0
41250,4125,0,0,0,0,nan,nan,0,0,76,59,0
41260,4126,0,0,0,0,nan,nan,0,0,76,59,0
41270,4127,0,0,0,0,nan,nan,0,0,76,59,0
41280,4128,0,0,0,0,nan,nan,0,0,76,59,0
41290,4129,0,0,0,0,nan,nan,0,0,76,59,0
41300,4130,0,0,0,0,nan,nan,0,0,76,59,0
41310,4131,0,0,0,0,nan,nan,0,0,76,59,0
41320,4132,0,0,0,0,nan,nan,0,0,76,59,0
41330,4133,0,0,0,0,nan,nan,0,0,76,59,0
41340,4134,0,0,0,0,nan,nan,0,0,76,59,0
41350,4135,0,0,0,0,nan,nan,0,0,76,59,0
41360,4136,0,0,0,0,nan,nan,0,0,76,59,0
41370,4137,0,0,0,0,nan,nan,0,0,76,59,0
41380,4138,0,0,0,0,nan,nan,0,0,76,59,0
41390,4139,0,0,0,0,nan,nan,0,0,76,59,0
41400,4140,0,0,0,0,nan,nan,0,0,76,59,0
41410,4141,0,0,0,0,nan,nan,0,0,76,59,0
41420,4142,0,0,0,0,nan,nan,0,0,76,59,0
41430,4143,0,0,0,0,nan,nan,0,0,76,59,0
41440,4144,0,0,0,0,nan,nan,0,0,76,59,0
41450,4145,0,0,0,0,nan,nan,0,0,76,59,0
41460,4146,0,0,0,0,nan,nan,0,0,76,59,0
41470,4147,0,0,0,0,nan,nan,0,0,76,59,0
41480,4148,0,0,0,0,nan,nan,0,0,76,59,0
41490,4149,0,0,0,0,nan,nan,0,0,76,59,0
41500,4150,0,0,0,0,nan,nan,0,0,76,59,0
41510,4151,0,0,0,0,nan,nan,0,0,76,59,0
41520,4152,0,0,0,0,nan,nan,0,0,76,59,0
41530,4153,0,0,0,0,nan,nan,0,0,76,59,0
41540,4154,0,0,0,0,nan,nan,0,0,76,59,0
41550,4155,0,0,0,0,nan,nan,0,0,76,59,0
41560,4156,0,0,0,0,nan,nan,0,0,76,59,0
41570,4157,0,0,0,0,nan,nan,0,0,76,59,0
41580,4158,0,0,0,0,nan,nan,0,0,76,59,0
41590,4159,0,0,0,0,nan,nan,0,0,76,59,0
41600,4160,0,0,0,0,nan,nan,0,0,76,59,0
41610,4161,0,0,0,0,nan,nan,0,0,76,59,0
41620,4162,0,0,0,0,nan,nan,0,0,76,59,0
41630,4163,0,0,0,0,nan,nan,0,0,76,59,0
41640,4164,0,0,0,0,nan,nan,0,0,76,59,0
41650,4165,0,0,0,0,nan,nan,0,0,76,59,0
41660,4166,0,0,0,0,nan,nan,0,0,76,59,0
41670,4167,0,0,0,0,nan,nan,0,0,76,59,0
41680,4168,0,0,0,0,nan,nan,0,0,76,59,0
41690,4169,0,0,0,0,nan,nan,0,0,76,59,0
41700,4170,0,0,0,0,nan,nan,0,0,76,59,0
41710,4171,0,0,0,0,nan,nan,0,0,76,59,0
41720,4172,0,0,0,0,nan,nan,0,0,76,59,0
41730,4173,0,0,0,0,nan,nan,0,0,76,59,0
41740,4174,0,0,0,0,nan,nan,0,0,76,59,0
41750,4175,0,0,0,0,nan,nan,0,0,76,59,0
41760,4176,0,0,0,0,nan,nan,0,0,76,59,0
41770,4177,0,0,0,0,nan,nan,0,0,76,59,0
41780,4178,0,0,0,0,nan,nan,0,0,76,59,0
41790,4179,0,0,0,0,nan,nan,0,0,76,59,0
41800,4180,0,0,0,0,nan,nan,0,0,76,59,0
41810,4181,0,0,0,0,nan,nan,0,0,76,59,0
41820,4182,0,0,0,0,nan,nan,0,0,76,59,0
41830,4183,0,0,0,0,nan,nan,0,0,76,59,0
41840,4184,0,0,0,0,nan,nan,0,0,76,59,0
41850,4185,0,0,0,0,nan,nan,0,0,76,59,0
41860,4186,0,0,0,0,nan,nan,0,0,76,59,0
41870,4187,0,0,0,0,nan,nan,0,0,76,59,0
41880,4188,0,0,0,0,nan,nan,0,0,76,59,0
41890,4189,0,0,0,0,nan,nan,0,0,76,59,0
41900,4190,0,0,0,0,nan,nan,0,0,76,59,0
41910,4191,0,0,0,0,nan,nan,0,0,76,59,0
41920,4192,0,0,0,0,nan,nan,0,0,76,59,0
41930,4193,0,0,0,0,nan,nan,0,0,76,59,0
41940,4194,0,0,0,0,nan,nan,0,0,76,59,0
41950,4195,0,0,0,0,nan,nan,0,0,76,59,0
41960,4196,0,0,0,0,nan,nan,0,0,76,59,0
41970,4197,0,0,0,0,nan,nan,0,0,76,59,0
41980,4198,0,0,0,0,nan,nan,0,0,76,59,0
41990,4199,0,0,0,0,nan,nan,0,0,76,59,0
42000,4200,0,0,0,0,nan,nan,0,0,76,59,0
42010,4201,0,0,0,0,nan,nan,0,0,76,59,0
42020,4202,0,0,0,0,nan,nan,0,0,76,59,0
42030,4203,0,0,0,0,nan,nan,0,0,76,59,0
42040,4204,0,0,0,0,nan,nan,0,0,76,59,0
42050,4205,0,0,0,0,nan,nan,0,0,76,59,0
42060,4206,0,0,0,0,nan,nan,0,0,76,59,0
42070,4207,0,0,0,0,nan,nan,0,0,76,59,0
42080,4208,0,0,0,0,nan,nan,0,0,76,59,0
42090,4209,0,0,0,0,nan,nan,0,0,76,59,0
42100,4210,0,0,0,0,nan,nan,0,0,76,59,0
42110,4211,0,0,0,0,nan,nan,0,0,76,59,0
42120,4212,0,0,0,0,nan,nan,0,0,76,59,0
42130,4213,0,0,0,0,nan,nan,0,0,76,59,0
42140,4214,0,0,0,0,nan,nan,0,0,76,59,0
42150,4215,0,0,0,0,nan,nan,0,0,76,59,0
42160,4216,0,0,0,0,nan,nan,0,0,76,59,0
42170,4217,0,0,0,0,nan,nan,0,0,76,59,0
42180,4218,0,0,0,0,nan,nan,0,0,76,59,0
42190,4219,0,0,0,0,nan,nan,0,0,76,59,0
42200,4220,0,0,0,0,nan,nan,0,0,76,59,0
42210,4221,0,0,0,0,nan,nan,0,0,76,59,0
42220,4222,0,0,0,0,nan,nan,0,0,76,59,0
42230,4223,0,0,0,0,nan,nan,0,0,76,59,0
42240,4224,0,0,0,0,nan,nan,0,0,76,59,0
42250,4225,0,0,0,0,nan,nan,0,0,76,59,0
42260,4226,0,0,0,0,nan,nan,0,0,76,59,0
42270,4227,0,0,0,0,nan,nan,0,0,76,59,0
42280,4228,0,0,0,0,nan,nan,0,0,76,59,0
42290,4229,0,0,0,0,nan,nan,0,0,76,59,0
42300,4230,0,0,0,0,nan,nan,0,0,76,59,0
42310,4231,0,0,0,0,nan,nan,0,0,76,59,0
42320,4232,0,0,0,0,nan,nan,0,0,76,59,0
42330,4233,0,0,0,0,nan,nan,0,0,76,59,0
42340,4234,0,0,0,0,nan,nan,0,0,76,59,0
42350,4235,0,0,0,0,nan,nan,0,0,76,59,0
42360,4236,0,0,0,0,nan,nan,0,0,76,59,0
42370,4237,0,0,0,0,nan,nan,0,0,76,59,0
42380,4238,0,0,0,0,nan,nan,0,0,76,59,0
42390,4239,0,0,0,0,nan,nan,0,0,76,59,0
42400,4240,0,0,0,0,nan,nan,0,0,76,59,0
42410,4241,0,0,0,0,nan,nan,0,0,76,59,0
42420,4242,0,0,0,0,nan,nan,0,0,76,59,0
42430,4243,0,0,0,0,nan,nan,0,0,76,59,0
42440,4244,0,0,0,0,nan,nan,0,0,76,59,0
42450,4245,0,0,0,0,nan,nan,0,0,76,59,0
42460,4246,0,0,0,0,nan,nan,0,0,76,59,0
42470,4247,0,0,0,0,nan,nan,0,0,76,59,0
42480,4248,0,0,0,0,nan,nan,0,0,76,59,0
42490,4249,0,0,0,0,nan,nan,0,0,76,59,0
42500,4250,0,0,0,0,nan,nan,0,0,76,59,0
42510,4251,0,0,0,0,nan,nan,0,0,76,59,0
42520,4252,0,0,0,0,nan,nan,0,0,76,59,0
42530,4253,0,0,0,0,nan,nan,0,0,76,59,0
42540,4254,0,0,0,0,nan,nan,0,0,76,59,0
42550,4255,0,0,0,0,nan,nan,0,0,76,59,0
42560,4256,0,0,0,0,nan,nan,0,0,76,59,0
42570,4257,0,0,0,0,nan,nan,0,0,76,59,0
42580,4258,0,0,0,0,nan,nan,0,0,76,59,0
42590,4259,0,0,0,0,nan,nan,0,0,76,59,0
42600,4260,0,0,0,0,nan,nan,0,0,76,59,0
42610,4261,0,0,0,0,nan,nan,0,0,76,59,0
42620,4262,0,0,0,0,nan,nan,0,0,76,59,0
42630,4263,0,0,0,0,nan,nan,0,0,76,59,0
42640,4264,0,0,0,0,nan,nan,0,0,76,59,0
42650,4265,0,0,0,0,nan,nan,0,0,76,59,0
42660,4266,0,0,0,0,nan,nan,0,0,76,59,0
42670,4267,0,0,0,0,nan,nan,0,0,76,59,0
42680,4268,0,0,0,0,nan,nan,0,0,76,59,0
42690,4269,0,0,0,0,nan,nan,0,0,76,59,0
42700,4270,0,0,0,0,nan,nan,0,0,76,59,0
42710,4271,0,0,0,0,nan,nan,0,0,76,59,0
42720,4272,0,0,0,0,nan,nan,0,0,76,59,0
42730,4273,0,0,0,0,nan,nan,0,0,76,59,0
42740,4274,0,0,0,0,nan,nan,0,0,76,59,0
42750,4275,0,0,0,0,nan,nan,0,0,76,59,0
42760,4276,0,0,0,0,nan,nan,0,0,76,59,0
42770,4277,0,0,0,0,nan,nan,0,0,76,59,0
42780,4278,0,0,0,0,nan,nan,0,0,76,59,0
42790,4279,0,0,0,0,nan,nan,0,0,76,59,0
42800,4280,0,0,0,0,nan,nan,0,0,76,59,0
42810,4281,0,0,0,0,nan,nan,0,0,76,59,0
42820,4282,0,0,0,0,nan,nan,0,0,76,59,0
42830,4283,0,0,0,0,nan,nan,0,0,76,59,0
42840,4284,0,0,0,0,nan,nan,0,0,76,59,0
42850,4285,0,0,0,0,nan,nan,0,0,76,59,0
42860,4286,0,0,0,0,nan,nan,0,0,76,59,0
42870,4287,0,0,0,0,nan,nan,0,0,76,59,0
42880,4288,0,0,0,0,nan,nan,0,0,76,59,0
42890,4289,0,0,0,0,nan,nan,0,0,76,59,0
42900,4290,0,0,0,0,nan,nan,0,0,76,59,0
42910,4291,0,0,0,0,nan,nan,0,0,76,59,0
42920,4292,0,0,0,0,nan,nan,0,0,76,59,0
42930,4293,0,0,0,0,nan,nan,0,0,76,59,0
42940,4294,0,0,0,0,nan,nan,0,0,76,59,0
42950,4295,0,0,0,0,nan,nan,0,0,76,59,0
42960,4296,0,0,0,0,nan,nan,0,0,76,59,0
42970,4297,0,0,0,0,nan,nan,0,0,76,59,0
42980,4298,0,0,0,0,nan,nan,0,0,76,59,0
42990,4299,0,0,0,0,nan,nan,0,0,76,59,0
43000,4300,0,0,0,0,nan,nan,0,0,76,59,0
43010,4301,0,0,0,0,nan,nan,0,0,76,59,0
43020,4302,0,0,0,0,nan,nan,0,0,76,59,0
43030,4303,0,0,0,0,nan,nan,0,0,76,59,0
43040,4304,0,0,0,0,nan,nan,0,0,76,59,0
43050,4305,0,0,0,0,nan,nan,0,0,76,59,0
43060,4306,0,0,0,0,nan,nan,0,0,76,59,0
43070,4307,0,0,0,0,nan,nan,0,0,76,59,0
43080,4308,0,0,0,0,nan,nan,0,0,76,59,0
43090,4309,0,0,0,0,nan,nan,0,0,76,59,0
43100,4310,0,0,0,0,nan,nan,0,0,76,59,0
43110,4311,0,0,0,0,nan,nan,0,0,76,59,0
43120,4312,0,0,0,0,nan,nan,0,0,76,59,0
43130,4313,0,0,0,0,nan,nan,0,0,76,59,0
43140,4314,0,0,0,0,nan,nan,0,0,76,59,0
43150,4315,0,0,0,0,nan,nan,0,0,76,59,0
43160,4316,0,0,0,0,nan,nan,0,0,76,59,0
43170,4317,0,0,0,0,nan,nan,0,0,76,59,0
43180,4318,0,0,0,0,nan,nan,0,0,76,59,0
43190,4319,0,0,0,0,nan,nan,0,0,76,59,0
43200,4320,0,0,0,0,nan,nan,0,0,76,59,0
43210,4321,0,0,0,0,nan,nan,0,0,76,59,0
43220,4322,0,0,0,0,nan,nan,0,0,76,59,0
43230,4323,0,0,0,0,nan,nan,0,0,76,59,0
43240,4324,0,0,0,0,nan,nan,0,0,76,59,0
43250,4325,0,0,0,0,nan,nan,0,0,76,59,0
43260,4326,0,0,0,0,nan,nan,0,0,76,59,0
43270,4327,0,0,0,0,nan,nan,0,0,76,59,0
43280,4328,0,0,0,0,nan,nan,0,0,76,59,0
43290,4329,0,0,0,0,nan,nan,0,0,76,59,0
43300,4330,0,0,0,0,nan,nan,0,0,76,59,0
43310,4331,0,0,0,0,nan,nan,0,0,76,59,0
43320,4332,0,0,0,0,nan,nan,0,0,76,59,0
43330,4333,0,0,0,0,nan,nan,0,0,76,59,0
43340,4334,0,0,0,0,nan,nan,0,0,76,59,0
43350,4335,0,0,0,0,nan,nan,0,0,76,59,0
43360,4336,0,0,0,0,nan,nan,0,0,76,59,0
43370,4337,0,0,0,0,nan,nan,0,0,76,59,0
43380,4338,0,0,0,0,nan,nan,0,0,76,59,0
43390,4339,0,0,0,0,nan,nan,0,0,76,59,0
43400,4340,0,0,0,0,nan,nan,0,0,76,59,0
43410,4341,0,0,0,0,nan,nan,0,0,76,59,0
43420,4342,0,0,0,0,nan,nan,0,0,76,59,0
43430,4343,0,0,0,0,nan,nan,0,0,76,59,0
43440,4344,0,0,0,0,nan,nan,0,0,76,59,0
43450,4345,0,0,0,0,nan,nan,0,0,76,59,0
43460,4346,0,0,0,0,nan,nan,0,0,76,59,0
43470,4347,0,0,0,0,nan,nan,0,0,76,59,0
43480,4348,0,0,0,0,nan,nan,0,0,76,59,0
43490,4349,0,0,0,0,nan,nan,0,0,76,59,0
43500,4350,0,0,0,0,nan,nan,0,0,76,59,0
43510,4351,0,0,0,0,nan,nan,0,0,76,59,0
43520,4352,0,0,0,0,nan,nan,0,0,76,59,0
43530,4353,0,0,0,0,nan,nan,0,0,76,59,0
43540,4354,0,0,0,0,nan,nan,0,0,76,59,0
43550,4355,0,0,0,0,nan,nan,0,0,76,59,0
43560,4356,0,0,0,0,nan,nan,0,0,76,59,0
43570,4357,0,0,0,0,nan,nan,0,0,76,59,0
43580,4358,0,0,0,0,nan,nan,0,0,76,59,0
43590,4359,0,0,0,0,nan,nan,0,0,76,59,0
43600,4360,0,0,0,0,nan,nan,0,0,76,59,0
43610,4361,0,0,0,0,nan,nan,0,0,76,59,0
43620,4362,0,0,0,0,nan,nan,0,0,76,59,0
43630,4363,0,0,0,0,nan,nan,0,0,76,59,0
43640,4364,0,0,0,0,nan,nan,0,0,76,59,0
43650,4365,0,0,0,0,nan,nan,0,0,76,59,0
43660,4366,0,0,0,0,nan,nan,0,0,76,59,0
43670,4367,0,0,0,0,nan,nan,0,0,76,59,0
43680,4368,0,0,0,0,nan,nan,0,0,76,59,0
43690,4369,0,0,0,0,nan,nan,0,0,76,59,0
43700,4370,0,0,0,0,nan,nan,0,0,76,59,0
43710,4371,0,0,0,0,nan,nan,0,0,76,59,0
43720,4372,0,0,0,0,nan,nan,0,0,76,59,0
43730,4373,0,0,0,0,nan,nan,0,0,76,59,0
43740,4374,0,0,0,0,nan,nan,0,0,76,59,0
43750,4375,0,0,0,0,nan,nan,0,0,76,59,0
43760,4376,0,0,0,0,nan,nan,0,0,76,59,0
43770,4377,0,0,0,0,nan,nan,0,0,76,59,0
43780,4378,0,0,0,0,nan,nan,0,0,76,59,0
43790,4379,0,0,0,0,nan,nan,0,0,76,59,0
43800,4380,0,0,0,0,nan,nan,0,0,76,59,0
43810,4381,0,0,0,0,nan,nan,0,0,76,59,0
43820,4382,0,0,0,0,nan,nan,0,0,76,59,0
43830,4383,0,0,0,0,nan,nan,0,0,76,59,0
43840,4384,0,0,0,0,nan,nan,0,0,76,59,0
43850,4385,0,0,0,0,nan,nan,0,0,76,59,0
43860,4386,0,0,0,0,nan,nan,0,0,76,59,0
43870,4387,0,0,0,0,nan,nan,0,0,76,59,0
43880,4388,0,0,0,0,nan,nan,0,0,76,59,0
43890,4389,0,0,0,0,nan,nan,0,0,76,59,0
43900,4390,0,0,0,0,nan,nan,0,0,76,59,0
43910,4391,0,0,0,0,nan,nan,0,0,76,59,0
43920,4392,0,0,0,0,nan,nan,0,0,76,59,0
43930,4393,0,0,0,0,nan,nan,0,0,76,59,0
43940,4394,0,0,0,0,nan,nan,0,0,76,59,0
43950,4395,0,0,0,0,nan,nan,0,0,76,59,0
43960,4396,0,0,0,0,nan,nan,0,0,76,59,0
43970,4397,0,0,0,0,nan,nan,0,0,76,59,0
43980,4398,0,0,0,0,nan,nan,0,0,76,59,0
43990,4399,0,0,0,0,nan,nan,0,0,76,59,0
44000,4400,0,0,0,0,nan,nan,0,0,76,59,0
44010,4401,0,0,0,0,nan,nan,0,0,76,59,0
44020,4402,0,0,0,0,nan,nan,0,0,76,59,0
44030,4403,0,0,0,0,nan,nan,0,0,76,59,0
44040,4404,0,0,0,0,nan,nan,0,0,76,59,0
44050,4405,0,0,0,0,nan,nan,0,0,76,59,0
44060,4406,0,0,0,0,nan,nan,0,0,76,59,0
44070,4407,0,0,0,0,nan,nan,0,0,76,59,0
44080,4408,0,0,0,0,nan,nan,0,0,76,59,0
44090,4409,0,0,0,0,nan,nan,0,0,76,59,0
44100,4410,0,0,0,0,nan,nan,0,0,76,59,0
44110,4411,0,0,0,0,nan,nan,0,0,76,59,0
44120,4412,0,0,0,0,nan,nan,0,0,76,59,0
44130,4413,0,0,0,0,nan,nan,0,0,76,59,0
44140,4414,0,0,0,0,nan,nan,0,0,76,59,0
44150,4415,0,0,0,0,nan,nan,0,0,76,59,0
44160,4416,0,0,0,0,nan,nan,0,0,76,59,0
44170,4417,0,0,0,0,nan,nan,0,0,76,59,0
44180,4418,0,0,0,0,nan,nan,0,0,76,59,0
44190,4419,0,0,0,0,nan,nan,0,0,76,59,0
44200,4420,0,0,0,0,nan,nan,0,0,76,59,0
44210,4421,0,0,0,0,nan,nan,0,0,76,59,0
44220,4422,0,0,0,0,nan,nan,0,0,76,59,0
44230,4423,0,0,0,0,nan,nan,0,0,76,59,0
44240,4424,0,0,0,0,nan,nan,0,0,76,59,0
44250,4425,0,0,0,0,nan,nan,0,0,76,59,0
44260,4426,0,0,0,0,nan,nan,0,0,76,59,0
44270,4427,0,0,0,0,nan,nan,0,0,76,59,0
44280,4428,0,0,0,0,nan,nan,0,0,76,59,0
44290,4429,0,0,0,0,nan,nan,0,0,76,59,0
44300,4430,0,0,0,0,nan,nan,0,0,76,59,0
44310,4431,0,0,0,0,nan,nan,0,0,76,59,0
44320,4432,0,0,0,0,nan,nan,0,0,76,59,0
44330,4433,0,0,0,0,nan,nan,0,0,76,59,0
44340,4434,0,0,0,0,nan,nan,0,0,76,59,0
44350,4435,0,0,0,0,nan,nan,0,0,76,59,0
44360,4436,0,0,0,0,nan,nan,0,0,76,59,0
44370,4437,0,0,0,0,nan,nan,0,0,76,59,0
44380,4438,0,0,0,0,nan,nan,0,0,76,59,0
44390,4439,0,0,0,0,nan,nan,0,0,76,59,0
44400,4440,0,0,0,0,nan,nan,0,0,76,59,0
44410,4441,0,0,0,0,nan,nan,0,0,76,59,0
44420,4442,0,0,0,0,nan,nan,0,0,76,59,0
44430,4443,0,0,0,0,nan,nan,0,0,76,59,0
44440,4444,0,0,0,0,nan,nan,0,0,76,59,0
44450,4445,0,0,0,0,nan,nan,0,0,76,59,0
44460,4446,0,0,0,0,nan,nan,0,0,76,59,0
44470,4447,0,0,0,0,nan,nan,0,0,76,59,0
44480,4448,0,0,0,0,nan,nan,0,0,76,59,0
44490,4449,0,0,0,0,nan,nan,0,0,76,59,0
44500,4450,0,0,0,0,nan,nan,0,0,76,59,0
44510,4451,0,0,0,0,nan,nan,0,0,76,59,0
44520,4452,0,0,0,0,nan,nan,0,0,76,59,0
44530,4453,0,0,0,0,nan,nan,0,0,76,59,0
44540,4454,0,0,0,0,nan,nan,0,0,76,59,0
44550,4455,0,0,0,0,nan,nan,0,0,76,59,0
44560,4456,0,0,0,0,nan,nan,0,0,76,59,0
44570,4457,0,0,0,0,nan,nan,0,0,76,59,0
44580,4458,0,0,0,0,nan,nan,0,0,76,59,0
44590,4459,0,0,0,0,nan,nan,0,0,76,59,0
44600,4460,0,0,0,0,nan,nan,0,0,76,59,0
44610,4461,0,0,0,0,nan,nan,0,0,76,59,0
44620,4462,0,0,0,0,nan,nan,0,0,76,59,0
44630,4463,0,0,0,0,nan,nan,0,0,76,59,0
44640,4464,0,0,0,0,nan,nan,0,0,76,59,0
44650,4465,0,0,0,0,nan,nan,0,0,76,59,0
44660,4466,0,0,0,0,nan,nan,0,0,76,59,0
44670,4467,0,0,0,0,nan,nan,0,0,76,59,0
44680,4468,0,0,0,0,nan,nan,0,0,76,59,0
44690,4469,0,0,0,0,nan,nan,0,0,76,59,0
44700,4470,0,0,0,0,nan,nan,0,0,76,59,0
44710,4471,0,0,0,0,nan,nan,0,0,76,59,0
44720,4472,0,0,0,0,nan,nan,0,0,76,59,0
44730,4473,0,0,0,0,nan,nan,0,0,76,59,0
44740,4474,0,0,0,0,nan,nan,0,0,76,59,0
44750,4475,0,0,0,0,nan,nan,0,0,76,59,0
44760,4476,0,0,0,0,nan,nan,0,0,76,59,0
44770,4477,0,0,0,0,nan,nan,0,0,76,59,0
44780,4478,0,0,0,0,nan,nan,0,0,76,59,0
44790,4479,0,0,0,0,nan,nan,0,0,76,59,0
44800,4480,0,0,0,0,nan,nan,0,0,76,59,0
44810,4481,0,0,0,0,nan,nan,0,0,76,59,0
44820,4482,0,0,0,0,nan,nan,0,0,76,59,0
44830,4483,0,0,0,0,nan,nan,0,0,76,59,0
44840,4484,0,0,0,0,nan,nan,0,0,76,59,0
44850,4485,0,0,0,0,nan,nan,0,0,76,59,0
44860,4486,0,0,0,0,nan,nan,0,0,76,59,0
44870,4487,0,0,0,0,nan,nan,0,0,76,59,0
44880,4488,0,0,0,0,nan,nan,0,0,76,59,0
44890,4489,0,0,0,0,nan,nan,0,0,76,59,0
44900,4490,0,0,0,0,nan,nan,0,0,76,59,0
44910,4491,0,0,0,0,nan,nan,0,0,76,59,0
44920,4492,0,0,0,0,nan,nan,0,0,76,59,0
44930,4493,0,0,0,0,nan,nan,0,0,76,59,0
44940,4494,0,0,0,0,nan,nan,0,0,76,59,0
44950,4495,0,0,0,0,nan,nan,0,0,76,59,0
44960,4496,0,0,0,0,nan,nan,0,0,76,59,0
44970,4497,0,0,0,0,nan,nan,0,0,76,59,0
44980,4498,0,0,0,0,nan,nan,0,0,76,59,0
44990,4499,0,0,0,0,nan,nan,0,0,76,59,0
45000,4500,0,0,0,0,nan,nan,0,0,76,59,0
45010,4501,0,0,0,0,nan,nan,0,0,76,59,0
45020,4502,0,0,0,0,nan,nan,0,0,76,59,0
45030,4503,0,0,0,0,nan,nan,0,0,76,59,0
45040,4504,0,0,0,0,nan,nan,0,0,76,59,0
45050,4505,0,0,0,0,nan,nan,0,0,76,59,0
45060,4506,0,0,0,0,nan,nan,0,0,76,59,0
45070,4507,0,0,0,0,nan,nan,0,0,76,59,0
45080,4508,0,0,0,0,nan,nan,0,0,76,59,0
45090,4509,0,0,0,0,nan,nan,0,0,76,59,0
45100,4510,0,0,0,0,nan,nan,0,0,76,59,0
45110,4511,0,0,0,0,nan,nan,0,0,76,59,0
45120,4512,0,0,0,0,nan,nan,0,0,76,59,0
45130,4513,0,0,0,0,nan,nan,0,0,76,59,0
45140,4514,0,0,0,0,nan,nan,0,0,76,59,0
45150,4515,0,0,0,0,nan,nan,0,0,76,59,0
45160,4516,0,0,0,0,nan,nan,0,0,76,59,0
45170,4517,0,0,0,0,nan,nan,0,0,76,59,0
45180,4518,0,0,0,0,nan,nan,0,0,76,59,0
45190,4519,0,0,0,0,nan,nan,0,0,76,59,0
45200,4520,0,0,0,0,nan,nan,0,0,76,59,0
45210,4521,0,0,0,0,nan,nan,0,0,76,59,0
45220,4522,0,0,0,0,nan,nan,0,0,76,59,0
45230,4523,0,0,0,0,nan,nan,0,0,76,59,0
45240,4524,0,0,0,0,nan,nan,0,0,76,59,0
45250,4525,0,0,0,0,nan,nan,0,0,76,59,0
45260,4526,0,0,0,0,nan,nan,0,0,76,59,0
45270,4527,0,0,0,0,nan,nan,0,0,76,59,0
45280,4528,0,0,0,0,nan,nan,0,0,76,59,0
45290,4529,0,0,0,0,nan,nan,0,0,76,59,0
45300,4530,0,0,0,0,nan,nan,0,0,76,59,0
45310,4531,0,0,0,0,nan,nan,0,0,76,59,0
45320,4532,0,0,0,0,nan,nan,0,0,76,59,0
45330,4533,0,0,0,0,nan,nan,0,0,76,59,0
45340,4534,0,0,0,0,nan,nan,0,0,76,59,0
45350,4535,0,0,0,0,nan,nan,0,0,76,59,0
45360,4536,0,0,0,0,nan,nan,0,0,76,59,0
45370,4537,0,0,0,0,nan,nan,0,0,76,59,0
45380,4538,0,0,0,0,nan,nan,0,0,76,59,0
45390,4539,0,0,0,0,nan,nan,0,0,76,59,0
45400,4540,0,0,0,0,nan,nan,0,0,76,59,0
45410,4541,0,0,0,0,nan,nan,0,0,76,59,0
45420,4542,0,0,0,0,nan,nan,0,0,76,59,0
45430,4543,0,0,0,0,nan,nan,0,0,76,59,0
45440,4544,0,0,0,0,nan,nan,0,0,76,59,0
45450,4545,0,0,0,0,nan,nan,0,0,76,59,0
45460,4546,0,0,0,0,nan,nan,0,0,76,59,0
45470,4547,0,0,0,0,nan,nan,0,0,76,59,0
45480,4548,0,0,0,0,nan,nan,0,0,76,59,0
45490,4549,0,0,0,0,nan,nan,0,0,76,59,0
45500,4550,0,0,0,0,nan,nan,0,0,76,59,0
45510,4551,0,0,0,0,nan,nan,0,0,76,59,0
45520,4552,0,0,0,0,nan,nan,0,0,76,59,0
45530,4553,0,0,0,0,nan,nan,0,0,76,59,0
45540,4554,0,0,0,0,nan,nan,0,0,76,59,0
45550,4555,0,0,0,0,nan,nan,0,0,76,59,0
45560,4556,0,0,0,0,nan,nan,0,0,76,59,0
45570,4557,0,0,0,0,nan,nan,0,0,76,59,0
45580,4558,0,0,0,0,nan,nan,0,0,76,59,0
45590,4559,0,0,0,0,nan,nan,0,0,76,59,0
45600,4560,0,0,0,0,nan,nan,0,0,76,59,0
45610,4561,0,0,0,0,nan,nan,0,0,76,59,0
45620,4562,0,0,0,0,nan,nan,0,0,76,59,0
45630,4563,0,0,0,0,nan,nan,0,0,76,59,0
45640,4564,0,0,0,0,nan,nan,0,0,76,59,0
45650,4565,0,0,0,0,nan,nan,0,0,76,59,0
45660,4566,0,0,0,0,nan,nan,0,0,76,59,0
45670,4567,0,0,0,0,nan,nan,0,0,76,59,0
45680,4568,0,0,0,0,nan,nan,0,0,76,59,0
45690,4569,0,0,0,0,nan,nan,0,0,76,59,0
45700,4570,0,0,0,0,nan,nan,0,0,76,59,0
45710,4571,0,0,0,0,nan,nan,0,0,76,59,0
45720,4572,0,0,0,0,nan,nan,0,0,76,59,0
45730,4573,0,0,0,0,nan,nan,0,0,76,59,0
45740,4574,0,0,0,0,nan,nan,0,0,76,59,0
45750,4575,0,0,0,0,nan,nan,0,0,76,59,0
45760,4576,0,0,0,0,nan,nan,0,0,76,59,0
45770,4577,0,0,0,0,nan,nan,0,0,76,59,0
45780,4578,0,0,0,0,nan,nan,0,0,76,59,0
45790,4579,0,0,0,0,nan,nan,0,0,76,59,0
45800,4580,0,0,0,0,nan,nan,0,0,76,59,0
45810,4581,0,0,0,0,nan,nan,0,0,76,59,0
45820,4582,0,0,0,0,nan,nan,0,0,76,59,0
45830,4583,0,0,0,0,nan,nan,0,0,76,59,0
45840,4584,0,0,0,0,nan,nan,0,0,76,59,0
45850,4585,0,0,0,0,nan,nan,0,0,76,59,0
45860,4586,0,0,0,0,nan,nan,0,0,76,59,0
45870,4587,0,0,0,0,nan,nan,0,0,76,59,0
45880,4588,0,0,0,0,nan,nan,0,0,76,59,0
45890,4589,0,0,0,0,nan,nan,0,0,76,59,0
45900,4590,0,0,0,0,nan,nan,0,0,76,59,0
45910,4591,0,0,0,0,nan,nan,0,0,76,59,0
45920,4592,0,0,0,0,nan,nan,0,0,76,59,0
45930,4593,0,0,0,0,nan,nan,0,0,76,59,0
45940,4594,0,0,0,0,nan,nan,0,0,76,59,0
45950,4595,0,0,0,0,nan,nan,0,0,76,59,0
45960,4596,0,0,0,0,nan,nan,0,0,76,59,0
45970,4597,0,0,0,0,nan,nan,0,0,76,59,0
45980,4598,0,0,0,0,nan,nan,0,0,76,59,0
45990,4599,0,0,0,0,nan,nan,0,0,76,59,0
46000,4600,0,0,0,0,nan,nan,0,0,76,59,0
46010,4601,0,0,0,0,nan,nan,0,0,76,59,0
46020,4602,0,0,0,0,nan,nan,0,0,76,59,0
46030,4603,0,0,0,0,nan,nan,0,0,76,59,0
46040,4604,0,0,0,0,nan,nan,0,0,76,59,0
46050,4605,0,0,0,0,nan,nan,0,0,76,59,0
46060,4606,0,0,0,0,nan,nan,0,0,76,59,0
46070,4607,0,0,0,0,nan,nan,0,0,76,59,0
46080,4608,0,0,0,0,nan,nan,0,0,76,59,0
46090,4609,0,0,0,0,nan,nan,0,0,76,59,0
46100,4610,0,0,0,0,nan,nan,0,0,76,59,0
46110,4611,0,0,0,0,nan,nan,0,0,76,59,0
46120,4612,0,0,0,0,nan,nan,0,0,76,59,0
46130,4613,0,0,0,0,nan,nan,0,0,76,59,0
46140,4614,0,0,0,0,nan,nan,0,0,76,59,0
46150,4615,0,0,0,0,nan,nan,0,0,76,59,0
46160,4616,0,0,0,0,nan,nan,0,0,76,59,0
46170,4617,0,0,0,0,nan,nan,0,0,76,59,0
46180,4618,0,0,0,0,nan,nan,0,0,76,59,0
46190,4619,0,0,0,0,nan,nan,0,0,76,59,0
46200,4620,0,0,0,0,nan,nan,0,0,76,59,0
46210,4621,0,0,0,0,nan,nan,0,0,76,59,0
46220,4622,0,0,0,0,nan,nan,0,0,76,59,0
46230,4623,0,0,0,0,nan,nan,0,0,76,59,0
46240,4624,0,0,0,0,nan,nan,0,0,76,59,0
46250,4625,0,0,0,0,nan,nan,0,0,76,59,0
46260,4626,0,0,0,0,nan,nan,0,0,76,59,0
46270,4627,0,0,0,0,nan,nan,0,0,76,59,0
46280,4628,0,0,0,0,nan,nan,0,0,76,59,0
46290,4629,0,0,0,0,nan,nan,0,0,76,59,0
46300,4630,0,0,0,0,nan,nan,0,0,76,59,0
46310,4631,0,0,0,0,nan,nan,0,0,76,59,0
46320,4632,0,0,0,0,nan,nan,0,0,76,59,0
46330,4633,0,0,0,0,nan,nan,0,0,76,59,0
46340,4634,0,0,0,0,nan,nan,0,0,76,59,0
46350,4635,0,0,0,0,nan,nan,0,0,76,59,0
46360,4636,0,0,0,0,nan,nan,0,0,76,59,0
46370,4637,0,0,0,0,nan,nan,0,0,76,59,0
46380,4638,0,0,0,0,nan,nan,0,0,76,59,0
46390,4639,0,0,0,0,nan,nan,0,0,76,59,0
46400,4640,0,0,0,0,nan,nan,0,0,76,59,0
46410,4641,0,0,0,0,nan,nan,0,0,76,59,0
46420,4642,0,0,0,0,nan,nan,0,0,76,59,0
46430,4643,0,0,0,0,nan,nan,0,0,76,59,0
46440,4644,0,0,0,0,nan,nan,0,0,76,59,0
46450,4645,0,0,0,0,nan,nan,0,0,76,59,0
46460,4646,0,0,0,0,nan,nan,0,0,76,59,0
46470,4647,0,0,0,0,nan,nan,0,0,76,59,0
46480,4648,0,0,0,0,nan,nan,0,0,76,59,0
46490,4649,0,0,0,0,nan,nan,0,0,76,59,0
46500,4650,0,0,0,0,nan,nan,0,0,76,59,0
46510,4651,0,0,0,0,nan,nan,0,0,76,59,0
46520,4652,0,0,0,0,nan,nan,0,0,76,59,0
46530,4653,0,0,0,0,nan,nan,0,0,76,59,0
46540,4654,0,0,0,0,nan,nan,0,0,76,59,0
46550,4655,0,0,0,0,nan,nan,0,0,76,59,0
46560,4656,0,0,0,0,nan,nan,0,0,76,59,0
46570,4657,0,0,0,0,nan,nan,0,0,76,59,0
46580,4658,0,0,0,0,nan,nan,0,0,76,59,0
46590,4659,0,0,0,0,nan,nan,0,0,76,59,0
46600,4660,0,0,0,0,nan,nan,0,0,76,59,0
46610,4661,0,0,0,0,nan,nan,0,0,76,59,0
46620,4662,0,0,0,0,nan,nan,0,0,76,59,0
46630,4663,0,0,0,0,nan,nan,0,0,76,59,0
46640,4664,0,0,0,0,nan,nan,0,0,76,59,0
46650,4665,0,0,0,0,nan,nan,0,0,76,59,0
46660,4666,0,0,0,0,nan,nan,0,0,76,59,0
46670,4667,0,0,0,0,nan,nan,0,0,76,59,0
46680,4668,0,0,0,0,nan,nan,0,0,76,59,0
46690,4669,0,0,0,0,nan,nan,0,0,76,59,0
46700,4670,0,0,0,0,nan,nan,0,0,76,59,0
46710,4671,0,0,0,0,nan,nan,0,0,76,59,0
46720,4672,0,0,0,0,nan,nan,0,0,76,59,0
46730,4673,0,0,0,0,nan,nan,0,0,76,59,0
46740,4674,0,0,0,0,nan,nan,0,0,76,59,0
46750,4675,0,0,0,0,nan,nan,0,0,76,59,0
46760,4676,0,0,0,0,nan,nan,0,0,76,59,0
46770,4677,0,0,0,0,nan,nan,0,0,76,59,0
46780,4678,0,0,0,0,nan,nan,0,0,76,59,0
46790,4679,0,0,0,0,nan,nan,0,0,76,59,0
46800,4680,0,0,0,0,nan,nan,0,0,76,59,0
46810,4681,0,0,0,0,nan,nan,0,0,76,59,0
46820,4682,0,0,0,0,nan,nan,0,0,76,59,0
46830,4683,0,0,0,0,nan,nan,0,0,76,59,0
46840,4684,0,0,0,0,nan,nan,0,0,76,59,0
46850,4685,0,0,0,0,nan,nan,0,0,76,59,0
46860,4686,0,0,0,0,nan,nan,0,0,76,59,0
46870,4687,0,0,0,0,nan,nan,0,0,76,59,0
46880,4688,0,0,0,0,nan,nan,0,0,76,59,0
46890,4689,0,0,0,0,nan,nan,0,0,76,59,0
46900,4690,0,0,0,0,nan,nan,0,0,76,59,0
46910,4691,0,0,0,0,nan,nan,0,0,76,59,0
46920,4692,0,0,0,0,nan,nan,0,0,76,59,0
46930,4693,0,0,0,0,nan,nan,0,0,76,59,0
46940,4694,0,0,0,0,nan,nan,0,0,76,59,0
46950,4695,0,0,0,0,nan,nan,0,0,76,59,0
46960,4696,0,0,0,0,nan,nan,0,0,76,59,0
46970,4697,0,0,0,0,nan,nan,0,0,76,59,0
46980,4698,0,0,0,0,nan,nan,0,0,76,59,0
46990,4699,0,0,0,0,nan,nan,0,0,76,59,0
47000,4700,0,0,0,0,nan,nan,0,0,76,59,0
47010,4701,0,0,0,0,nan,nan,0,0,76,59,0
47020,4702,0,0,0,0,nan,nan,0,0,76,59,0
47030,4703,0,0,0,0,nan,nan,0,0,76,59,0
47040,4704,0,0,0,0,nan,nan,0,0,76,59,0
47050,4705,0,0,0,0,nan,nan,0,0,76,59,0
47060,4706,0,0,0,0,nan,nan,0,0,76,59,0
47070,4707,0,0,0,0,nan,nan,0,0,76,59,0
47080,4708,0,0,0,0,nan,nan,0,0,76,59,0
47090,4709,0,0,0,0,nan,nan,0,0,76,59,0
47100,4710,0,0,0,0,nan,nan,0,0,76,59,0
47110,4711,0,0,0,0,nan,nan,0,0,76,59,0
47120,4712,0,0,0,0,nan,nan,0,0,76,59,0
47130,4713,0,0,0,0,nan,nan,0,0,76,59,0
47140,4714,0,0,0,0,nan,nan,0,0,76,59,0
47150,4715,0,0,0,0,nan,nan,0,0,76,59,0
47160,4716,0,0,0,0,nan,nan,0,0,76,59,0
47170,4717,0,0,0,0,nan,nan,0,0,76,59,0
47180,4718,0,0,0,0,nan,nan,0,0,76,59,0
47190,4719,0,0,0,0,nan,nan,0,0,76,59,0
47200,4720,0,0,0,0,nan,nan,0,0,76,59,0
47210,4721,0,0,0,0,nan,nan,0,0,76,59,0
47220,4722,0,0,0,0,nan,nan,0,0,76,59,0
47230,4723,0,0,0,0,nan,nan,0,0,76,59,0
47240,4724,0,0,0,0,nan,nan,0,0,76,59,0
47250,4725,0,0,0,0,nan,nan,0,0,76,59,0
47260,4726,0,0,0,0,nan,nan,0,0,76,59,0
47270,4727,0,0,0,0,nan,nan,0,0,76,59,0
47280,4728,0,0,0,0,nan,nan,0,0,76,59,0
47290,4729,0,0,0,0,nan,nan,0,0,76,59,0
47300,4730,0,0,0,0,nan,nan,0,0,76,59,0
47310,4731,0,0,0,0,nan,nan,0,0,76,59,0
47320,4732,0,0,0,0,nan,nan,0,0,76,59,0
47330,4733,0,0,0,0,nan,nan,0,0,76,59,0
47340,4734,0,0,0,0,nan,nan,0,0,76,59,0
47350,4735,0,0,0,0,nan,nan,0,0,76,59,0
47360,4736,0,0,0,0,nan,nan,0,0,76,59,0
47370,4737,0,0,0,0,nan,nan,0,0,76,59,0
47380,4738,0,0,0,0,nan,nan,0,0,76,59,0
47390,4739,0,0,0,0,nan,nan,0,0,76,59,0
47400,4740,0,0,0,0,nan,nan,0,0,76,59,0
47410,4741,0,0,0,0,nan,nan,0,0,76,59,0
47420,4742,0,0,0,0,nan,nan,0,0,76,59,0
47430,4743,0,0,0,0,nan,nan,0,0,76,59,0
47440,4744,0,0,0,0,nan,nan,0,0,76,59,0
47450,4745,0,0,0,0,nan,nan,0,0,76,59,0
47460,4746,0,0,0,0,nan,nan,0,0,76,59,0
47470,4747,0,0,0,0,nan,nan,0,0,76,59,0
47480,4748,0,0,0,0,nan,nan,0,0,76,59,0
47490,4749,0,0,0,0,nan,nan,0,0,76,59,0
47500,4750,0,0,0,0,nan,nan,0,0,76,59,0
47510,4751,0,0,0,0,nan,nan,0,0,76,59,0
47520,4752,0,0,0,0,nan,nan,0,0,76,59,0
47530,4753,0,0,0,0,nan,nan,0,0,76,59,0
47540,4754,0,0,0,0,nan,nan,0,0,76,59,0
47550,4755,0,0,0,0,nan,nan,0,0,76,59,0
47560,4756,0,0,0,0,nan,nan,0,0,76,59,0
47570,4757,0,0,0,0,nan,nan,0,0,76,59,0
47580,4758,0,0,0,0,nan,nan,0,0,76,59,0
47590,4759,0,0,0,0,nan,nan,0,0,76,59,0
47600,4760,0,0,0,0,nan,nan,0,0,76,59,0
47610,4761,0,0,0,0,nan,nan,0,0,76,59,0
47620,4762,0,0,0,0,nan,nan,0,0,76,59,0
47630,4763,0,0,0,0,nan,nan,0,0,76,59,0
47640,4764,0,0,0,0,nan,nan,0,0,76,59,0
47650,4765,0,0,0,0,nan,nan,0,0,76,59,0
47660,4766,0,0,0,0,nan,nan,0,0,76,59,0
47670,4767,0,0,0,0,nan,nan,0,0,76,59,0
47680,4768,0,0,0,0,nan,nan,0,0,76,59,0
47690,4769,0,0,0,0,nan,nan,0,0,76,59,0
47700,4770,0,0,0,0,nan,nan,0,0,76,59,0
47710,4771,0,0,0,0,nan,nan,0,0,76,59,0
47720,4772,0,0,0,0,nan,nan,0,0,76,59,0
47730,4773,0,0,0,0,nan,nan,0,0,76,59,0
47740,4774,0,0,0,0,nan,nan,0,0,76,59,0
47750,4775,0,0,0,0,nan,nan,0,0,76,59,0
47760,4776,0,0,0,0,nan,nan,0,0,76,59,0
47770,4777,0,0,0,0,nan,nan,0,0,76,59,0
47780,4778,0,0,0,0,nan,nan,0,0,76,59,0
47790,4779,0,0,0,0,nan,nan,0,0,76,59,0
47800,4780,0,0,0,0,nan,nan,0,0,76,59,0
47810,4781,0,0,0,0,nan,nan,0,0,76,59,0
47820,4782,0,0,0,0,nan,nan,0,0,76,59,0
47830,4783,0,0,0,0,nan,nan,0,0,76,59,0
47840,4784,0,0,0,0,nan,nan,0,0,76,59,0
47850,4785,0,0,0,0,nan,nan,0,0,76,59,0
47860,4786,0,0,0,0,nan,nan,0,0,76,59,0
47870,4787,0,0,0,0,nan,nan,0,0,76,59,0
47880,4788,0,0,0,0,nan,nan,0,0,76,59,0
47890,4789,0,0,0,0,nan,nan,0,0,76,59,0
47900,4790,0,0,0,0,nan,nan,0,0,76,59,0
47910,4791,0,0,0,0,nan,nan,0,0,76,59,0
47920,4792,0,0,0,0,nan,nan,0,0,76,59,0
47930,4793,0,0,0,0,nan,nan,0,0,76,59,0
47940,4794,0,0,0,0,nan,nan,0,0,76,59,0
47950,4795,0,0,0,0,nan,nan,0,0,76,59,0
47960,4796,0,0,0,0,nan,nan,0,0,76,59,0
47970,4797,0,0,0,0,nan,nan,0,0,76,59,0
47980,4798,0,0,0,0,nan,nan,0,0,76,59,0
47990,4799,0,0,0,0,nan,nan,0,0,76,59,0
48000,4800,0,0,0,0,nan,nan,0,0,76,59,0
48010,4801,0,0,0,0,nan,nan,0,0,76,59,0
48020,4802,0,0,0,0,nan,nan,0,0,76,59,0
48030,4803,0,0,0,0,nan,nan,0,0,76,59,0
48040,4804,0,0,0,0,nan,nan,0,0,76,59,0
48050,4805,0,0,0,0,nan,nan,0,0,76,59,0
48060,4806,0,0,0,0,nan,nan,0,0,76,59,0
48070,4807,0,0,0,0,nan,nan,0,0,76,59,0
48080,4808,0,0,0,0,nan,nan,0,0,76,59,0
48090,4809,0,0,0,0,nan,nan,0,0,76,59,0
48100,4810,0,0,0,0,nan,nan,0,0,76,59,0
48110,4811,0,0,0,0,nan,nan,0,0,76,59,0
48120,4812,0,0,0,0,nan,nan,0,0,76,59,0
48130,4813,0,0,0,0,nan,nan,0,0,76,59,0
48140,4814,0,0,0,0,nan,nan,0,0,76,59,0
48150,4815,0,0,0,0,nan,nan,0,0,76,59,0
48160,4816,0,0,0,0,nan,nan,0,0,76,59,0
48170,4817,0,0,0,0,nan,nan,0,0,76,59,0
48180,4818,0,0,0,0,nan,nan,0,0,76,59,0
48190,4819,0,0,0,0,nan,nan,0,0,76,59,0
48200,4820,0,0,0,0,nan,nan,0,0,76,59,0
48210,4821,0,0,0,0,nan,nan,0,0,76,59,0
48220,4822,0,0,0,0,nan,nan,0,0,76,59,0
48230,4823,0,0,0,0,nan,nan,0,0,76,59,0
48240,4824,0,0,0,0,nan,nan,0,0,76,59,0
48250,4825,0,0,0,0,nan,nan,0,0,76,59,0
48260,4826,0,0,0,0,nan,nan,0,0,76,59,0
48270,4827,0,0,0,0,nan,nan,0,0,76,59,0
48280,4828,0,0,0,0,nan,nan,0,0,76,59,0
48290,4829,0,0,0,0,nan,nan,0,0,76,59,0
48300,4830,0,0,0,0,nan,nan,0,0,76,59,0
48310,4831,0,0,0,0,nan,nan,0,0,76,59,0
48320,4832,0,0,0,0,nan,nan,0,0,76,59,0
48330,4833,0,0,0,0,nan,nan,0,0,76,59,0
48340,4834,0,0,0,0,nan,nan,0,0,76,59,0
48350,4835,0,0,0,0,nan,nan,0,0,76,59,0
48360,4836,0,0,0,0,nan,nan,0,0,76,59,0
48370,4837,0,0,0,0,nan,nan,0,0,76,59,0
48380,4838,0,0,0,0,nan,nan,0,0,76,59,0
48390,4839,0,0,0,0,nan,nan,0,0,76,59,0
48400,4840,0,0,0,0,nan,nan,0,0,76,59,0
48410,4841,0,0,0,0,nan,nan,0,0,76,59,0
48420,4842,0,0,0,0,nan,nan,0,0,76,59,0
48430,4843,0,0,0,0,nan,nan,0,0,76,59,0
48440,4844,0,0,0,0,nan,nan,0,0,76,59,0
48450,4845,0,0,0,0,nan,nan,0,0,76,59,0
48460,4846,0,0,0,0,nan,nan,0,0,76,59,0
48470,4847,0,0,0,0,nan,nan,0,0,76,59,0
48480,4848,0,0,0,0,nan,nan,0,0,76,59,0
48490,4849,0,0,0,0,nan,nan,0,0,76,59,0
48500,4850,0,0,0,0,nan,nan,0,0,76,59,0
48510,4851,0,0,0,0,nan,nan,0,0,76,59,0
48520,4852,0,0,0,0,nan,nan,0,0,76,59,0
48530,4853,0,0,0,0,nan,nan,0,0,76,59,0
48540,4854,0,0,0,0,nan,nan,0,0,76,59,0
48550,4855,0,0,0,0,nan,nan,0,0,76,59,0
48560,4856,0,0,0,0,nan,nan,0,0,76,59,0
48570,4857,0,0,0,0,nan,nan,0,0,76,59,0
48580,4858,0,0,0,0,nan,nan,0,0,76,59,0
48590,4859,0,0,0,0,nan,nan,0,0,76,59,0
48600,4860,0,0,0,0,nan,nan,0,0,76,59,0
48610,4861,0,0,0,0,nan,nan,0,0,76,59,0
48620,4862,0,0,0,0,nan,nan,0,0,76,59,0
48630,4863,0,0,0,0,nan,nan,0,0,76,59,0
48640,4864,0,0,0,0,nan,nan,0,0,76,59,0
48650,4865,0,0,0,0,nan,nan,0,0,76,59,0
48660,4866,0,0,0,0,nan,nan,0,0,76,59,0
48670,4867,0,0,0,0,nan,nan,0,0,76,59,0
48680,4868,0,0,0,0,nan,nan,0,0,76,59,0
48690,4869,0,0,0,0,nan,nan,0,0,76,59,0
48700,4870,0,0,0,0,nan,nan,0,0,76,59,0
48710,4871,0,0,0,0,nan,nan,0,0,76,59,0
48720,4872,0,0,0,0,nan,nan,0,0,76,59,0
48730,4873,0,0,0,0,nan,nan,0,0,76,59,0
48740,4874,0,0,0,0,nan,nan,0,0,76,59,0
48750,4875,0,0,0,0,nan,nan,0,0,76,59,0
48760,4876,0,0,0,0,nan,nan,0,0,76,59,0
48770,4877,0,0,0,0,nan,nan,0,0,76,59,0
48780,4878,0,0,0,0,nan,nan,0,0,76,59,0
48790,4879,0,0,0,0,nan,nan,0,0,76,59,0
48800,4880,0,0,0,0,nan,nan,0,0,76,59,0
48810,4881,0,0,0,0,nan,nan,0,0,76,59,0
48820,4882,0,0,0,0,nan,nan,0,0,76,59,0
48830,4883,0,0,0,0,nan,nan,0,0,76,59,0
48840,4884,0,0,0,0,nan,nan,0,0,76,59,0
48850,4885,0,0,0,0,nan,nan,0,0,76,59,0
48860,4886,0,0,0,0,nan,nan,0,0,76,59,0
48870,4887,0,0,0,0,nan,nan,0,0,76,59,0
48880,4888,0,0,0,0,nan,nan,0,0,76,59,0
48890,4889,0,0,0,0,nan,nan,0,0,76,59,0
48900,4890,0,0,0,0,nan,nan,0,0,76,59,0
48910,4891,0,0,0,0,nan,nan,0,0,76,59,0
48920,4892,0,0,0,0,nan,nan,0,0,76,59,0
48930,4893,0,0,0,0,nan,nan,0,0,76,59,0
48940,4894,0,0,0,0,nan,nan,0,0,76,59,0
48950,4895,0,0,0,0,nan,nan,0,0,76,59,0
48960,4896,0,0,0,0,nan,nan,0,0,76,59,0
48970,4897,0,0,0,0,nan,nan,0,0,76,59,0
48980,4898,0,0,0,0,nan,nan,0,0,76,59,0
48990,4899,0,0,0,0,nan,nan,0,0,76,59,0
49000,4900,0,0,0,0,nan,nan,0,0,76,59,0
49010,4901,0,0,0,0,nan,nan,0,0,76,59,0
49020,4902,0,0,0,0,nan,nan,0,0,76,59,0
49030,4903,0,0,0,0,nan,nan,0,0,76,59,0
49040,4904,0,0,0,0,nan,nan,0,0,76,59,0
49050,4905,0,0,0,0,nan,nan,0,0,76,59,0
49060,4906,0,0,0,0,nan,nan,0,0,76,59,0
49070,4907,0,0,0,0,nan,nan,0,0,76,59,0
49080,4908,0,0,0,0,nan,nan,0,0,76,59,0
49090,4909,0,0,0,0,nan,nan,0,0,76,59,0
49100,4910,0,0,0,0,nan,nan,0,0,76,59,0
49110,4911,0,0,0,0,nan,nan,0,0,76,59,0
49120,4912,0,0,0,0,nan,nan,0,0,76,59,0
49130,4913,0,0,0,0,nan,nan,0,0,76,59,0
49140,4914,0,0,0,0,nan,nan,0,0,76,59,0
49150,4915,0,0,0,0,nan,nan,0,0,76,59,0
49160,4916,0,0,0,0,nan,nan,0,0,76,59,0
49170,4917,0,0,0,0,nan,nan,0,0,76,59,0
49180,4918,0,0,0,0,nan,nan,0,0,76,59,0
49190,4919,0,0,0,0,nan,nan,0,0,76,59,0
49200,4920,0,0,0,0,nan,nan,0,0,76,59,0
49210,4921,0,0,0,0,nan,nan,0,0,76,59,0
49220,4922,0,0,0,0,nan,nan,0,0,76,59,0
49230,4923,0,0,0,0,nan,nan,0,0,76,59,0
49240,4924,0,0,0,0,nan,nan,0,0,76,59,0
49250,4925,0,0,0,0,nan,nan,0,0,76,59,0
49260,4926,0,0,0,0,nan,nan,0,0,76,59,0
49270,4927,0,0,0,0,nan,nan,0,0,76,59,0
49280,4928,0,0,0,0,nan,nan,0,0,76,59,0
49290,4929,0,0,0,0,nan,nan,0,0,76,59,0
49300,4930,0,0,0,0,nan,nan,0,0,76,59,0
49310,4931,0,0,0,0,nan,nan,0,0,76,59,0
49320,4932,0,0,0,0,nan,nan,0,0,76,59,0
49330,4933,0,0,0,0,nan,nan,0,0,76,59,0
49340,4934,0,0,0,0,nan,nan,0,0,76,59,0
49350,4935,0,0,0,0,nan,nan,0,0,76,59,0
49360,4936,0,0,0,0,nan,nan,0,0,76,59,0
49370,4937,0,0,0,0,nan,nan,0,0,76,59,0
49380,4938,0,0,0,0,nan,nan,0,0,76,59,0
49390,4939,0,0,0,0,nan,nan,0,0,76,59,0
49400,4940,0,0,0,0,nan,nan,0,0,76,59,0
49410,4941,0,0,0,0,nan,nan,0,0,76,59,0
49420,4942,0,0,0,0,nan,nan,0,0,76,59,0
49430,4943,0,0,0,0,nan,nan,0,0,76,59,0
49440,4944,0,0,0,0,nan,nan,0,0,76,59,0
49450,4945,0,0,0,0,nan,nan,0,0,76,59,0
49460,4946,0,0,0,0,nan,nan,0,0,76,59,0
49470,4947,0,0,0,0,nan,nan,0,0,76,59,0
49480,4948,0,0,0,0,nan,nan,0,0,76,59,0
49490,4949,0,0,0,0,nan,nan,0,0,76,59,0
49500,4950,0,0,0,0,nan,nan,0,0,76,59,0
49510,4951,0,0,0,0,nan,nan,0,0,76,59,0
49520,4952,0,0,0,0,nan,nan,0,0,76,59,0
49530,4953,0,0,0,0,nan,nan,0,0,76,59,0
49540,4954,0,0,0,0,nan,nan,0,0,76,59,0
49550,4955,0,0,0,0,nan,nan,0,0,76,59,0
49560,4956,0,0,0,0,nan,nan,0,0,76,59,0
49570,4957,0,0,0,0,nan,nan,0,0,76,59,0
49580,4958,0,0,0,0,nan,nan,0,0,76,59,0
49590,4959,0,0,0,0,nan,nan,0,0,76,59,0
49600,4960,0,0,0,0,nan,nan,0,0,76,59,0
49610,4961,0,0,0,0,nan,nan,0,0,76,59,0
49620,4962,0,0,0,0,nan,nan,0,0,76,59,0
49630,4963,0,0,0,0,nan,nan,0,0,76,59,0
49640,4964,0,0,0,0,nan,nan,0,0,76,59,0
49650,4965,0,0,0,0,nan,nan,0,0,76,59,0
49660,4966,0,0,0,0,nan,nan,0,0,76,59,0
49670,4967,0,0,0,0,nan,nan,0,0,76,59,0
49680,4968,0,0,0,0,nan,nan,0,0,76,59,0
49690,4969,0,0,0,0,nan,nan,0,0,76,59,0
49700,4970,0,0,0,0,nan,nan,0,0,76,59,0
49710,4971,0,0,0,0,nan,nan,0,0,76,59,0
49720,4972,0,0,0,0,nan,nan,0,0,76,59,0
49730,4973,0,0,0,0,nan,nan,0,0,76,59,0
49740,4974,0,0,0,0,nan,nan,0,0,76,59,0
49750,4975,0,0,0,0,nan,nan,0,0,76,59,0
49760,4976,0,0,0,0,nan,nan,0,0,76,59,0
49770,4977,0,0,0,0,nan,nan,0,0,76,59,0
49780,4978,0,0,0,0,nan,nan,0,0,76,59,0
49790,4979,0,0,0,0,nan,nan,0,0,76,59,0
49800,4980,0,0,0,0,nan,nan,0,0,76,59,0
49810,4981,0,0,0,0,nan,nan,0,0,76,59,0
49820,4982,0,0,0,0,nan,nan,0,0,76,59,0
49830,4983,0,0,0,0,nan,nan,0,0,76,59,0
49840,4984,0,0,0,0,nan,nan,0,0,76,59,0
49850,4985,0,0,0,0,nan,nan,0,0,76,59,0
49860,4986,0,0,0,0,nan,nan,0,0,76,59,0
49870,4987,0,0,0,0,nan,nan,0,0,76,59,0
49880,4988,0,0,0,0,nan,nan,0,0,76,59,0
49890,4989,0,0,0,0,nan,nan,0,0,76,59,0
49900,4990,0,0,0,0,nan,nan,0,0,76,59,0
49910,4991,0,0,0,0,nan,nan,0,0,76,59,0
49920,4992,0,0,0,0,nan,nan,0,0,76,59,0
49930,4993,0,0,0,0,nan,nan,0,0,76,59,0
49940,4994,0,0,0,0,nan,nan,0,0,76,59,0
49950,4995,0,0,0,0,nan,nan,0,0,76,59,0
49960,4996,0,0,0,0,nan,nan,0,0,76,59,0
49970,4997,0,0,0,0,nan,nan,0,0,76,59,0
49980,4998,0,0,0,0,nan,nan,0,0,76,59,0
49990,4999,0,0,0,0,nan,nan,0,0,76,59,0
50000,5000,0,0,0,0,nan,nan,0,0,76,59,0
